"Num_Acc";"id_vehicule";"num_veh";"senc";"catv";"obs";"obsm";"choc";"manv";"motor";"occutc"
"202400000409";"155 781 035";"A01";"0";"43";"0";"2";"3";"13";"1";""
"202400000409";"155 781 037";"B01";"0";"7";"0";"2";"3";"1";"1";""
"202400000410";"155 781 034";"A01";"1";"33";"0";"0";"6";"1";"1";""
"202400000411";"155 781 031";"B01";"1";"37";"0";"2";"1";"1";"1";"4"
"202400000411";"155 781 033";"A01";"1";"7";"0";"2";"4";"14";"1";""
"202400000412";"155 781 030";"A01";"2";"7";"3";"0";"1";"1";"1";""
"202400000412";"155 781 032";"Z01";"2";"0";"0";"0";"0";"0";"0";""
"202400000413";"155 781 029";"A01";"1";"7";"0";"5";"1";"1";"1";""
"202400000414";"155 781 028";"A01";"2";"7";"12";"0";"1";"1";"1";""
"202400000415";"155 781 025";"A01";"1";"7";"0";"2";"1";"2";"1";""
"202400000415";"155 781 026";"B01";"1";"7";"0";"2";"4";"2";"1";""
"202400000415";"155 781 027";"C01";"1";"7";"0";"2";"4";"2";"1";""
"202400000416";"155 781 021";"A01";"2";"7";"0";"2";"1";"2";"1";""
"202400000416";"155 781 023";"C01";"2";"7";"0";"2";"4";"2";"1";""
"202400000416";"155 781 024";"B01";"2";"7";"0";"2";"4";"2";"1";""
"202400000417";"155 781 019";"C01";"1";"7";"0";"2";"3";"1";"1";""
"202400000417";"155 781 020";"A01";"1";"33";"0";"2";"1";"3";"1";""
"202400000417";"155 781 022";"B01";"1";"10";"0";"2";"4";"1";"1";""
"202400000418";"155 781 017";"A01";"1";"10";"0";"2";"1";"2";"1";""
"202400000418";"155 781 018";"B01";"1";"7";"0";"2";"4";"0";"1";""
"202400000419";"155 781 014";"A01";"2";"7";"0";"2";"1";"0";"1";""
"202400000420";"155 781 012";"D01";"2";"10";"0";"2";"4";"2";"1";""
"202400000420";"155 781 013";"A01";"2";"7";"0";"2";"1";"1";"1";""
"202400000420";"155 781 015";"B01";"2";"10";"0";"2";"4";"2";"1";""
"202400000420";"155 781 016";"C01";"2";"7";"0";"2";"4";"2";"1";""
"202400000421";"155 781 006";"A01";"2";"7";"0";"2";"1";"2";"1";""
"202400000421";"155 781 008";"B01";"2";"7";"0";"2";"4";"2";"1";""
"202400000421";"155 781 010";"D01";"2";"7";"6";"2";"1";"2";"1";""
"202400000421";"155 781 011";"C01";"2";"7";"0";"2";"1";"2";"3";""
"202400000422";"155 781 005";"C01";"2";"7";"0";"2";"4";"1";"1";""
"202400000422";"155 781 007";"A01";"2";"33";"0";"2";"8";"3";"1";""
"202400000422";"155 781 009";"B01";"2";"7";"0";"2";"7";"14";"1";""
"202400000423";"155 781 002";"ZB01";"1";"50";"14";"0";"0";"1";"3";""
"202400000423";"155 781 004";"ZA01";"1";"50";"14";"0";"0";"1";"3";""
"202400000424";"155 781 001";"A01";"2";"43";"0";"2";"1";"3";"1";""
"202400000424";"155 781 003";"B01";"2";"7";"0";"2";"6";"2";"1";""
"202400000425";"155 781 000";"A01";"1";"7";"4";"0";"9";"1";"1";""
"202400000426";"155 780 998";"A01";"2";"7";"0";"2";"2";"12";"1";""
"202400000426";"155 780 999";"B01";"2";"43";"0";"2";"3";"3";"1";""
"202400000427";"155 780 993";"C01";"1";"7";"0";"2";"3";"2";"1";""
"202400000427";"155 780 995";"A01";"1";"10";"0";"2";"2";"2";"1";""
"202400000427";"155 780 996";"B01";"1";"7";"0";"2";"4";"2";"1";""
"202400000427";"155 780 997";"D01";"1";"7";"4";"2";"1";"2";"1";""
"202400000428";"155 780 994";"A01";"2";"43";"0";"5";"1";"1";"1";""
"202400000429";"155 780 992";"A01";"1";"7";"4";"0";"3";"1";"1";""
"202400000430";"155 780 990";"A01";"2";"10";"0";"2";"1";"2";"1";""
"202400000430";"155 780 991";"B01";"2";"33";"0";"2";"4";"23";"1";""
"202400000431";"155 780 987";"A01";"1";"7";"0";"2";"1";"0";"1";""
"202400000431";"155 780 988";"B01";"1";"7";"0";"2";"6";"1";"1";""
"202400000431";"155 780 989";"C01";"1";"7";"0";"2";"6";"1";"1";""
"202400000432";"155 780 986";"A01";"1";"33";"4";"0";"8";"11";"1";""
"202400000433";"155 780 983";"B01";"2";"7";"0";"2";"5";"11";"1";""
"202400000433";"155 780 985";"A01";"2";"33";"0";"2";"3";"3";"1";""
"202400000434";"155 780 982";"A01";"1";"33";"0";"2";"1";"2";"1";""
"202400000434";"155 780 984";"B01";"1";"33";"0";"2";"4";"2";"1";""
"202400000435";"155 780 980";"A01";"1";"7";"13";"0";"2";"1";"1";""
"202400000436";"155 780 979";"B01";"2";"10";"0";"2";"7";"1";"1";""
"202400000436";"155 780 981";"A01";"2";"7";"0";"2";"2";"2";"1";""
"202400000437";"155 780 974";"A01";"2";"2";"1";"2";"6";"21";"1";""
"202400000437";"155 780 976";"B01";"2";"7";"5";"2";"6";"24";"1";""
"202400000437";"155 780 978";"C01";"3";"7";"5";"2";"5";"24";"1";""
"202400000438";"155 780 975";"A01";"2";"7";"0";"2";"5";"14";"1";""
"202400000438";"155 780 977";"B01";"2";"31";"0";"2";"3";"3";"1";""
"202400000439";"155 780 970";"A01";"2";"7";"0";"2";"1";"2";"1";""
"202400000439";"155 780 971";"B01";"2";"7";"0";"2";"4";"2";"2";""
"202400000439";"155 780 972";"C01";"2";"7";"0";"2";"1";"2";"1";""
"202400000439";"155 780 973";"D01";"2";"7";"0";"2";"6";"2";"1";""
"202400000440";"155 780 968";"A01";"2";"10";"0";"2";"1";"1";"1";""
"202400000440";"155 780 969";"B01";"2";"7";"0";"2";"4";"1";"1";""
"202400000441";"155 780 965";"A01";"1";"7";"0";"2";"1";"1";"1";""
"202400000441";"155 780 966";"C01";"1";"7";"0";"2";"4";"1";"2";""
"202400000441";"155 780 967";"B01";"1";"7";"0";"2";"4";"1";"2";""
"202400000442";"155 780 963";"A01";"2";"33";"0";"2";"1";"3";"1";""
"202400000442";"155 780 964";"B01";"2";"7";"0";"2";"3";"11";"1";""
"202400000443";"155 780 961";"A01";"2";"7";"0";"2";"2";"1";"1";""
"202400000443";"155 780 962";"B01";"2";"14";"0";"2";"6";"1";"1";""
"202400000444";"155 780 959";"A01";"2";"7";"0";"2";"6";"1";"1";""
"202400000444";"155 780 960";"B01";"2";"14";"0";"2";"2";"1";"1";""
"202400000445";"155 780 955";"C01";"2";"7";"0";"2";"4";"2";"1";""
"202400000445";"155 780 956";"D01";"2";"7";"0";"2";"4";"2";"2";""
"202400000445";"155 780 957";"A01";"2";"7";"0";"2";"1";"2";"1";""
"202400000445";"155 780 958";"B01";"2";"7";"0";"2";"4";"2";"1";""
"202400000446";"155 780 953";"A01";"3";"7";"0";"2";"3";"9";"0";""
"202400000446";"155 780 954";"B01";"3";"50";"0";"2";"1";"1";"3";""
"202400000447";"155 780 951";"A01";"1";"30";"0";"2";"1";"1";"3";""
"202400000447";"155 780 952";"B01";"1";"7";"0";"2";"3";"1";"1";""
"202400000448";"155 780 949";"B01";"3";"7";"0";"0";"8";"1";"1";""
"202400000448";"155 780 950";"A01";"2";"1";"0";"2";"1";"1";"5";""
"202400000449";"155 780 946";"A01";"1";"1";"0";"2";"1";"1";"5";""
"202400000449";"155 780 948";"B01";"2";"7";"0";"2";"1";"13";"1";""
"202400000450";"155 780 945";"A01";"1";"7";"0";"2";"2";"2";"1";""
"202400000450";"155 780 947";"B01";"1";"1";"0";"2";"4";"2";"5";""
"202400000451";"155 780 943";"A01";"2";"2";"0";"1";"0";"2";"3";""
"202400000452";"155 780 942";"B01";"2";"7";"3";"0";"4";"2";"6";""
"202400000452";"155 780 944";"A01";"2";"33";"3";"2";"1";"2";"6";""
"202400000453";"155 780 939";"B01";"1";"7";"0";"2";"3";"23";"1";""
"202400000453";"155 780 941";"A01";"1";"33";"0";"2";"8";"15";"1";""
"202400000454";"155 780 938";"B01";"2";"7";"0";"2";"1";"1";"1";""
"202400000454";"155 780 940";"A01";"2";"7";"0";"2";"5";"1";"1";""
"202400000455";"155 780 936";"A01";"3";"7";"0";"1";"1";"9";"1";""
"202400000456";"155 780 934";"B01";"3";"1";"0";"2";"4";"1";"5";""
"202400000456";"155 780 935";"A01";"3";"7";"0";"2";"2";"17";"1";""
"202400000457";"155 780 933";"A01";"3";"37";"0";"2";"0";"0";"1";"10"
"202400000457";"155 780 937";"B01";"0";"33";"0";"2";"0";"0";"0";""
"202400000458";"155 780 931";"A01";"3";"7";"0";"2";"3";"15";"1";""
"202400000458";"155 780 932";"B01";"3";"33";"0";"2";"1";"1";"1";""
"202400000459";"155 780 929";"B01";"2";"7";"0";"2";"3";"23";"1";""
"202400000459";"155 780 930";"A01";"2";"7";"1";"0";"1";"0";"1";""
"202400000460";"155 780 928";"Z01";"3";"7";"0";"1";"7";"16";"0";""
"202400000461";"155 780 927";"A01";"1";"7";"0";"0";"7";"0";"1";""
"202400000462";"155 780 926";"A01";"2";"7";"0";"0";"0";"0";"1";""
"202400000463";"155 780 925";"A01";"2";"7";"3";"0";"1";"17";"1";""
"202400000464";"155 780 923";"A01";"1";"34";"0";"2";"7";"17";"1";""
"202400000464";"155 780 924";"B01";"2";"7";"0";"2";"3";"15";"1";""
"202400000465";"155 780 920";"A01";"1";"1";"0";"2";"1";"1";"5";""
"202400000465";"155 780 921";"B01";"2";"37";"0";"2";"8";"1";"1";"1"
"202400000466";"155 780 918";"A01";"3";"99";"0";"2";"8";"2";"3";""
"202400000466";"155 780 919";"B01";"3";"10";"0";"2";"0";"1";"1";""
"202400000467";"155 780 917";"A01";"3";"30";"0";"0";"7";"21";"1";""
"202400000468";"155 780 915";"B01";"1";"33";"0";"2";"1";"1";"1";""
"202400000468";"155 780 916";"A01";"2";"7";"0";"2";"5";"10";"1";""
"202400000469";"155 780 913";"A01";"1";"7";"0";"2";"1";"17";"1";""
"202400000469";"155 780 914";"B01";"1";"7";"0";"2";"4";"1";"1";""
"202400000470";"155 780 911";"A01";"3";"1";"0";"0";"0";"16";"5";""
"202400000471";"155 780 910";"A01";"3";"34";"0";"0";"9";"0";"1";""
"202400000472";"155 780 912";"A01";"1";"7";"0";"1";"1";"26";"2";""
"202400000473";"155 780 909";"A01";"1";"7";"0";"1";"4";"4";"1";""
"202400000474";"155 780 907";"A01";"1";"7";"0";"1";"1";"26";"1";""
"202400000475";"155 780 906";"A01";"1";"7";"1";"0";"2";"1";"1";""
"202400000475";"155 780 908";"B01";"1";"7";"0";"2";"8";"24";"1";""
"202400000476";"155 780 905";"A01";"2";"7";"0";"1";"2";"1";"1";""
"202400000477";"155 780 903";"A01";"2";"7";"12";"1";"1";"1";"1";""
"202400000478";"155 780 902";"B01";"3";"7";"0";"2";"5";"15";"1";""
"202400000478";"155 780 904";"A01";"3";"7";"12";"2";"5";"16";"2";""
"202400000479";"155 780 900";"A01";"3";"7";"0";"1";"3";"1";"2";""
"202400000480";"155 780 899";"B01";"3";"7";"0";"2";"3";"1";"1";""
"202400000480";"155 780 901";"A01";"3";"7";"0";"2";"3";"13";"1";""
"202400000481";"155 780 898";"A01";"1";"50";"0";"1";"1";"25";"3";""
"202400000482";"155 780 896";"A01";"3";"7";"0";"2";"3";"1";"1";""
"202400000482";"155 780 897";"B01";"3";"7";"0";"2";"3";"1";"1";""
"202400000483";"155 780 894";"A01";"1";"7";"0";"2";"7";"15";"1";""
"202400000483";"155 780 895";"B01";"1";"14";"0";"2";"1";"1";"1";""
"202400000484";"155 780 893";"A01";"1";"7";"0";"1";"4";"20";"1";""
"202400000485";"155 780 892";"A01";"1";"3";"13";"0";"3";"13";"1";""
"202400000486";"155 780 891";"A01";"1";"7";"0";"0";"3";"1";"1";""
"202400000487";"155 780 886";"B01";"1";"80";"0";"2";"2";"1";"3";""
"202400000487";"155 780 888";"A01";"1";"7";"0";"2";"3";"1";"1";""
"202400000488";"155 780 885";"A01";"3";"7";"0";"2";"1";"1";"1";""
"202400000488";"155 780 887";"B01";"3";"1";"0";"2";"0";"1";"5";""
"202400000489";"155 780 884";"A01";"1";"7";"2";"0";"1";"1";"1";""
"202400000490";"155 780 882";"B01";"2";"7";"0";"2";"8";"1";"1";""
"202400000490";"155 780 883";"A01";"2";"7";"0";"2";"1";"1";"1";""
"202400000491";"155 780 880";"B01";"2";"7";"0";"2";"1";"1";"1";""
"202400000491";"155 780 881";"A01";"2";"7";"0";"2";"4";"1";"1";""
"202400000492";"155 780 877";"A01";"1";"7";"0";"2";"2";"16";"2";""
"202400000492";"155 780 879";"B01";"2";"1";"0";"2";"8";"1";"5";""
"202400000493";"155 780 872";"C01";"0";"7";"0";"2";"1";"2";"1";""
"202400000493";"155 780 873";"B01";"0";"7";"0";"2";"3";"1";"1";""
"202400000493";"155 780 875";"A01";"0";"7";"0";"2";"3";"13";"1";""
"202400000494";"155 780 868";"A01";"1";"30";"0";"2";"1";"2";"1";""
"202400000494";"155 780 870";"B01";"1";"2";"0";"2";"4";"23";"1";""
"202400000495";"155 780 867";"B01";"1";"1";"0";"2";"2";"1";"5";""
"202400000495";"155 780 869";"A01";"2";"7";"0";"2";"3";"1";"2";""
"202400000496";"155 780 866";"A01";"1";"7";"9";"0";"2";"14";"1";""
"202400000497";"155 780 864";"B01";"2";"32";"0";"2";"1";"17";"1";""
"202400000497";"155 780 865";"A01";"1";"32";"0";"2";"3";"15";"1";""
"202400000498";"155 780 863";"A01";"1";"7";"1";"0";"1";"14";"1";""
"202400000499";"155 780 861";"B01";"2";"7";"0";"2";"1";"1";"1";""
"202400000499";"155 780 862";"A01";"1";"7";"0";"2";"1";"5";"1";""
"202400000500";"155 780 860";"A01";"3";"7";"0";"1";"3";"15";"1";""
"202400000501";"155 780 857";"Z01";"2";"14";"0";"9";"7";"0";"0";""
"202400000501";"155 780 858";"B01";"1";"1";"0";"2";"5";"9";"5";""
"202400000502";"155 780 856";"A01";"2";"7";"0";"2";"1";"1";"1";""
"202400000502";"155 780 859";"B01";"2";"30";"0";"2";"8";"1";"3";""
"202400000503";"155 780 855";"A01";"1";"7";"0";"1";"2";"14";"1";""
"202400000504";"155 780 854";"A01";"1";"30";"0";"0";"8";"1";"1";""
"202400000505";"155 780 853";"A01";"1";"7";"0";"1";"3";"15";"1";""
"202400000506";"155 780 849";"C01";"1";"7";"3";"2";"7";"13";"1";""
"202400000506";"155 780 851";"A01";"1";"7";"16";"2";"2";"1";"1";""
"202400000506";"155 780 852";"B01";"1";"7";"16";"2";"6";"14";"1";""
"202400000507";"155 780 850";"A01";"1";"50";"12";"0";"1";"19";"3";""
"202400000508";"155 780 846";"A01";"1";"33";"0";"5";"1";"21";"1";""
"202400000509";"155 780 845";"A01";"1";"7";"0";"2";"8";"15";"1";""
"202400000509";"155 780 847";"B01";"1";"30";"0";"2";"7";"17";"1";""
"202400000510";"155 780 843";"A01";"1";"7";"0";"1";"1";"1";"1";""
"202400000511";"155 780 842";"A01";"3";"7";"0";"9";"1";"1";"1";""
"202400000511";"155 780 844";"B01";"3";"1";"0";"2";"1";"1";"5";""
"202400000512";"155 780 841";"A01";"3";"10";"0";"2";"1";"17";"1";""
"202400000513";"155 780 837";"B01";"3";"1";"0";"2";"4";"9";"5";""
"202400000513";"155 780 839";"A01";"3";"7";"0";"2";"1";"1";"1";""
"202400000514";"155 780 833";"Z01";"2";"10";"0";"2";"0";"0";"0";""
"202400000514";"155 780 835";"B01";"1";"50";"0";"2";"0";"0";"3";""
"202400000515";"155 780 832";"B01";"1";"7";"0";"2";"1";"1";"1";""
"202400000515";"155 780 834";"A01";"1";"7";"0";"2";"5";"26";"1";""
"202400000516";"155 780 830";"A01";"2";"7";"1";"1";"1";"5";"1";""
"202400000517";"155 780 829";"B01";"3";"7";"0";"0";"1";"19";"1";""
"202400000517";"155 780 831";"A01";"3";"31";"0";"0";"8";"0";"1";""
"202400000518";"155 780 825";"B01";"1";"7";"7";"2";"3";"0";"1";""
"202400000518";"155 780 828";"A01";"1";"7";"0";"2";"1";"1";"2";""
"202400000519";"155 780 826";"A01";"2";"7";"0";"2";"7";"15";"2";""
"202400000519";"155 780 827";"B01";"1";"7";"0";"2";"1";"1";"1";""
"202400000520";"155 780 824";"A01";"3";"43";"3";"0";"1";"14";"1";""
"202400000521";"155 780 820";"B01";"2";"50";"12";"0";"8";"1";"3";""
"202400000521";"155 780 821";"A01";"1";"7";"12";"0";"2";"16";"2";""
"202400000522";"155 780 819";"A01";"1";"50";"12";"0";"1";"1";"3";""
"202400000523";"155 780 817";"A01";"1";"7";"1";"0";"3";"1";"1";""
"202400000524";"155 780 816";"A01";"2";"7";"0";"9";"3";"1";"1";""
"202400000524";"155 780 818";"B01";"2";"1";"0";"2";"2";"1";"5";""
"202400000525";"155 780 812";"A01";"0";"10";"0";"2";"4";"23";"6";""
"202400000525";"155 780 814";"B01";"0";"10";"0";"2";"4";"23";"6";""
"202400000526";"155 780 813";"B01";"2";"33";"0";"2";"8";"1";"1";""
"202400000526";"155 780 815";"A01";"1";"7";"0";"2";"1";"1";"2";""
"202400000527";"155 780 810";"A01";"2";"7";"0";"2";"2";"15";"1";""
"202400000527";"155 780 811";"B01";"0";"1";"0";"2";"1";"26";"5";""
"202400000528";"155 780 808";"B01";"2";"7";"0";"2";"1";"1";"2";""
"202400000528";"155 780 809";"A01";"1";"7";"0";"2";"7";"16";"1";""
"202400000529";"155 780 806";"A01";"2";"7";"0";"1";"3";"15";"2";""
"202400000530";"155 780 803";"A01";"2";"7";"0";"2";"3";"24";"2";""
"202400000530";"155 780 804";"B01";"2";"30";"0";"2";"1";"1";"1";""
"202400000531";"155 780 801";"A01";"2";"7";"0";"2";"3";"11";"1";""
"202400000531";"155 780 802";"B01";"1";"7";"0";"2";"3";"16";"1";""
"202400000532";"155 780 799";"A01";"1";"7";"9";"0";"4";"1";"1";""
"202400000532";"155 780 800";"B01";"1";"7";"14";"2";"1";"2";"1";""
"202400000533";"155 780 797";"A01";"1";"7";"0";"2";"1";"1";"1";""
"202400000533";"155 780 798";"B01";"1";"10";"0";"2";"4";"1";"1";""
"202400000534";"155 780 796";"A01";"1";"50";"0";"0";"0";"2";"3";""
"202400000535";"155 780 794";"A01";"1";"10";"0";"2";"7";"15";"1";""
"202400000535";"155 780 795";"B01";"2";"33";"0";"2";"1";"0";"1";""
"202400000536";"155 780 792";"B01";"2";"7";"0";"2";"1";"5";"0";""
"202400000537";"155 780 791";"A01";"1";"10";"0";"2";"7";"13";"1";""
"202400000537";"155 780 793";"B01";"1";"2";"8";"2";"9";"17";"1";""
"202400000538";"155 780 790";"A01";"1";"15";"0";"1";"6";"4";"0";""
"202400000539";"155 780 788";"B01";"2";"7";"0";"2";"1";"1";"1";""
"202400000539";"155 780 789";"A01";"2";"33";"0";"2";"1";"1";"1";""
"202400000540";"155 780 785";"B01";"0";"1";"0";"2";"1";"1";"5";""
"202400000540";"155 780 787";"A01";"0";"31";"0";"2";"1";"15";"1";""
"202400000541";"155 780 784";"A01";"2";"2";"0";"2";"1";"2";"1";""
"202400000541";"155 780 786";"B01";"2";"7";"0";"2";"4";"2";"1";""
"202400000542";"155 780 782";"A01";"1";"33";"0";"2";"2";"14";"1";""
"202400000542";"155 780 783";"B01";"2";"7";"0";"2";"3";"1";"2";""
"202400000543";"155 780 779";"B01";"2";"33";"0";"2";"1";"2";"1";""
"202400000543";"155 780 780";"A01";"2";"10";"0";"0";"6";"1";"1";""
"202400000544";"155 780 781";"A01";"1";"3";"0";"1";"1";"1";"1";""
"202400000545";"155 780 778";"A01";"1";"7";"0";"1";"3";"26";"1";""
"202400000546";"155 780 776";"A01";"2";"7";"2";"0";"1";"1";"1";""
"202400000547";"155 780 774";"A01";"2";"31";"0";"2";"1";"1";"1";""
"202400000547";"155 780 777";"B01";"1";"10";"0";"2";"1";"1";"1";""
"202400000548";"155 780 772";"A01";"2";"33";"9";"0";"1";"17";"1";""
"202400000549";"155 780 771";"A01";"1";"7";"8";"0";"1";"1";"1";""
"202400000550";"155 780 766";"A01";"3";"7";"0";"2";"2";"19";"1";""
"202400000550";"155 780 769";"B01";"1";"7";"0";"2";"1";"1";"1";""
"202400000551";"155 780 765";"C01";"2";"10";"0";"2";"4";"1";"1";""
"202400000551";"155 780 768";"B01";"2";"7";"0";"2";"1";"1";"1";""
"202400000551";"155 780 770";"A01";"2";"7";"0";"2";"1";"1";"1";""
"202400000552";"155 780 764";"A01";"1";"3";"0";"2";"1";"9";"1";""
"202400000552";"155 780 767";"B01";"2";"2";"0";"2";"1";"1";"1";""
"202400000553";"155 780 761";"A01";"2";"33";"3";"0";"1";"16";"1";""
"202400000554";"155 780 762";"A01";"2";"7";"0";"2";"1";"13";"1";""
"202400000554";"155 780 763";"B01";"1";"7";"0";"2";"1";"21";"1";""
"202400000555";"155 780 759";"B01";"2";"7";"0";"2";"1";"15";"1";""
"202400000555";"155 780 760";"A01";"1";"33";"0";"2";"2";"3";"1";""
"202400000556";"155 780 756";"B01";"1";"7";"3";"0";"9";"1";"1";""
"202400000556";"155 780 758";"A01";"1";"17";"0";"0";"7";"12";"1";""
"202400000557";"155 780 755";"A01";"1";"31";"0";"2";"1";"2";"1";""
"202400000557";"155 780 757";"B01";"1";"15";"0";"2";"4";"1";"1";""
"202400000558";"155 780 753";"A01";"2";"7";"0";"2";"3";"15";"1";""
"202400000558";"155 780 754";"B01";"1";"2";"0";"2";"0";"1";"1";""
"202400000559";"155 780 751";"A01";"3";"7";"13";"0";"9";"1";"1";""
"202400000560";"155 780 749";"A01";"2";"7";"0";"0";"1";"1";"1";""
"202400000561";"155 780 747";"A01";"2";"7";"0";"2";"1";"13";"1";""
"202400000561";"155 780 750";"B01";"1";"10";"0";"2";"1";"21";"1";""
"202400000562";"155 780 746";"A01";"1";"33";"0";"0";"9";"1";"1";""
"202400000563";"155 780 744";"Z01";"1";"30";"0";"1";"1";"1";"0";""
"202400000564";"155 780 743";"A01";"2";"7";"0";"2";"1";"2";"1";""
"202400000564";"155 780 745";"B01";"2";"7";"0";"2";"4";"2";"1";""
"202400000564";"155 780 748";"C01";"2";"7";"0";"2";"4";"2";"1";""
"202400000565";"155 780 738";"A01";"2";"7";"0";"2";"1";"14";"0";""
"202400000565";"155 780 741";"C01";"1";"14";"0";"2";"5";"1";"0";""
"202400000565";"155 780 742";"B01";"1";"7";"0";"2";"1";"1";"1";""
"202400000566";"155 780 739";"A01";"1";"7";"0";"1";"3";"1";"1";""
"202400000567";"155 780 737";"A01";"2";"7";"0";"2";"8";"19";"1";""
"202400000567";"155 780 740";"B01";"2";"7";"0";"2";"1";"1";"1";""
"202400000568";"155 780 736";"A01";"2";"7";"0";"0";"3";"13";"1";""
"202400000569";"155 780 734";"Z01";"3";"7";"0";"2";"1";"1";"1";""
"202400000569";"155 780 735";"A01";"3";"7";"0";"2";"4";"1";"2";""
"202400000570";"155 780 731";"B01";"2";"33";"0";"2";"1";"1";"1";""
"202400000570";"155 780 733";"A01";"2";"7";"0";"2";"7";"1";"1";""
"202400000571";"155 780 732";"A01";"1";"2";"0";"0";"8";"10";"1";""
"202400000572";"155 780 728";"A01";"1";"43";"0";"2";"1";"2";"1";""
"202400000572";"155 780 730";"B01";"1";"33";"0";"2";"4";"23";"1";""
"202400000573";"155 780 726";"A01";"1";"2";"13";"0";"1";"1";"1";""
"202400000574";"155 780 725";"A01";"1";"2";"0";"2";"1";"1";"1";""
"202400000574";"155 780 727";"B01";"1";"7";"0";"2";"4";"23";"1";""
"202400000575";"155 780 724";"B01";"2";"2";"8";"2";"1";"1";"3";""
"202400000575";"155 780 729";"A01";"1";"7";"0";"2";"5";"1";"1";""
"202400000576";"155 780 721";"A01";"1";"7";"2";"0";"1";"13";"1";""
"202400000577";"155 780 720";"A01";"1";"33";"0";"2";"1";"21";"1";""
"202400000577";"155 780 723";"B01";"1";"7";"0";"2";"6";"26";"2";""
"202400000578";"155 780 718";"A01";"2";"10";"0";"9";"1";"1";"1";""
"202400000578";"155 780 722";"B01";"0";"1";"0";"0";"8";"19";"5";""
"202400000579";"155 780 716";"A01";"1";"1";"0";"2";"1";"16";"5";""
"202400000579";"155 780 719";"B01";"3";"7";"0";"2";"6";"1";"1";""
"202400000580";"155 780 715";"A01";"1";"2";"0";"0";"8";"14";"1";""
"202400000581";"155 780 713";"A01";"1";"17";"0";"2";"3";"13";"1";""
"202400000581";"155 780 717";"B01";"2";"7";"0";"2";"3";"1";"1";""
"202400000582";"155 780 712";"B01";"2";"80";"0";"2";"8";"11";"3";""
"202400000582";"155 780 714";"A01";"2";"7";"14";"2";"7";"23";"1";""
"202400000583";"155 780 711";"A01";"3";"2";"11";"0";"1";"1";"1";""
"202400000584";"155 780 709";"A01";"1";"7";"0";"1";"1";"1";"1";""
"202400000585";"155 780 707";"B01";"2";"7";"0";"2";"3";"1";"1";""
"202400000585";"155 780 710";"A01";"1";"1";"0";"2";"1";"13";"5";""
"202400000586";"155 780 708";"A01";"1";"1";"1";"2";"2";"14";"5";""
"202400000587";"155 780 705";"A01";"1";"33";"0";"6";"0";"0";"1";""
"202400000588";"155 780 701";"A01";"1";"7";"0";"2";"1";"1";"1";""
"202400000588";"155 780 702";"B01";"2";"7";"0";"2";"1";"1";"1";""
"202400000588";"155 780 704";"C01";"2";"7";"0";"2";"3";"1";"1";""
"202400000589";"155 780 700";"A01";"2";"80";"0";"0";"0";"1";"3";""
"202400000590";"155 780 703";"A01";"3";"7";"0";"2";"1";"9";"1";""
"202400000590";"155 780 706";"B01";"1";"1";"0";"2";"1";"1";"5";""
"202400000591";"155 780 699";"A01";"1";"7";"1";"0";"2";"14";"2";""
"202400000592";"155 780 698";"A01";"3";"7";"0";"1";"2";"1";"1";""
"202400000593";"155 780 697";"A01";"2";"7";"0";"1";"3";"1";"1";""
"202400000594";"155 780 695";"A01";"1";"7";"0";"2";"7";"18";"1";""
"202400000594";"155 780 696";"B01";"1";"1";"0";"2";"8";"1";"5";""
"202400000595";"155 780 693";"A01";"2";"7";"0";"2";"1";"13";"1";""
"202400000595";"155 780 694";"B01";"1";"17";"0";"2";"3";"1";"1";""
"202400000596";"155 780 689";"A01";"1";"7";"0";"2";"1";"1";"1";""
"202400000596";"155 780 691";"B01";"1";"7";"0";"2";"4";"23";"1";""
"202400000597";"155 780 688";"B01";"1";"7";"0";"2";"1";"2";"1";""
"202400000597";"155 780 692";"A01";"2";"7";"0";"2";"1";"13";"1";""
"202400000598";"155 780 687";"B01";"1";"7";"0";"2";"2";"1";"1";""
"202400000598";"155 780 690";"A01";"1";"7";"0";"2";"1";"19";"1";""
"202400000599";"155 780 685";"B01";"2";"7";"0";"2";"6";"2";"1";""
"202400000599";"155 780 686";"A01";"2";"32";"0";"2";"1";"2";"1";""
"202400000600";"155 780 684";"A01";"1";"7";"0";"0";"9";"14";"1";""
"202400000601";"155 780 682";"A01";"1";"10";"13";"0";"3";"13";"1";""
"202400000602";"155 780 681";"A01";"1";"34";"0";"2";"1";"1";"0";""
"202400000602";"155 780 683";"B01";"1";"7";"0";"2";"4";"16";"0";""
"202400000603";"155 780 678";"B01";"2";"7";"5";"2";"3";"1";"1";""
"202400000603";"155 780 680";"A01";"1";"7";"0";"2";"2";"13";"1";""
"202400000604";"155 780 677";"B01";"1";"50";"0";"2";"1";"5";"3";""
"202400000604";"155 780 679";"A01";"2";"7";"0";"2";"3";"2";"1";""
"202400000605";"155 780 676";"A01";"2";"31";"0";"0";"0";"26";"1";""
"202400000606";"155 780 674";"A01";"2";"7";"0";"2";"3";"13";"1";""
"202400000606";"155 780 675";"B01";"1";"7";"0";"2";"3";"1";"1";""
"202400000607";"155 780 672";"A01";"1";"7";"0";"0";"0";"1";"1";""
"202400000608";"155 780 671";"B01";"0";"7";"0";"2";"1";"1";"1";""