"Num_Acc";"id_vehicule";"num_veh";"senc";"catv";"obs";"obsm";"choc";"manv";"motor";"occutc"
"202400000816";"155 780 315";"A01";"2";"33";"0";"2";"3";"13";"1";""
"202400000816";"155 780 317";"B01";"1";"7";"0";"2";"3";"1";"1";""
"202400000817";"155 780 314";"A01";"0";"50";"0";"1";"1";"1";"3";""
"202400000818";"155 780 313";"A01";"2";"7";"12";"0";"1";"14";"0";""
"202400000819";"155 780 311";"B01";"3";"1";"0";"0";"8";"6";"5";""
"202400000819";"155 780 312";"A01";"2";"7";"0";"9";"6";"1";"2";""
"202400000820";"155 780 309";"A01";"1";"7";"0";"2";"1";"17";"2";""
"202400000820";"155 780 310";"B01";"1";"7";"4";"0";"4";"2";"1";""
"202400000821";"155 780 307";"Z01";"3";"7";"0";"9";"8";"1";"0";""
"202400000821";"155 780 308";"A01";"3";"1";"0";"2";"1";"26";"5";""
"202400000822";"155 780 305";"B01";"1";"50";"0";"2";"1";"2";"3";""
"202400000822";"155 780 306";"A01";"1";"7";"0";"0";"4";"23";"1";""
"202400000823";"155 780 302";"A01";"0";"7";"0";"2";"0";"15";"2";""
"202400000823";"155 780 304";"B01";"0";"2";"0";"2";"1";"1";"1";""
"202400000824";"155 780 301";"B01";"3";"34";"0";"2";"1";"1";"1";""
"202400000824";"155 780 303";"A01";"3";"7";"0";"2";"7";"15";"1";""
"202400000825";"155 780 296";"A01";"2";"37";"0";"2";"5";"17";"3";"1"
"202400000825";"155 780 298";"B01";"2";"1";"0";"2";"8";"1";"5";""
"202400000825";"155 780 300";"C01";"2";"1";"0";"0";"0";"1";"5";""
"202400000826";"155 780 297";"A01";"1";"7";"0";"2";"1";"9";"1";""
"202400000826";"155 780 299";"B01";"1";"7";"0";"2";"1";"9";"1";""
"202400000827";"155 780 293";"A01";"1";"33";"0";"2";"1";"1";"1";""
"202400000827";"155 780 295";"B01";"1";"7";"0";"0";"6";"10";"1";""
"202400000828";"155 780 292";"B01";"2";"1";"0";"2";"1";"1";"5";""
"202400000828";"155 780 294";"A01";"1";"7";"0";"9";"7";"15";"1";""
"202400000829";"155 780 289";"B01";"3";"7";"0";"2";"0";"0";"0";""
"202400000829";"155 780 291";"A01";"3";"43";"0";"2";"8";"1";"1";""
"202400000830";"155 780 287";"A01";"1";"10";"9";"0";"1";"19";"1";""
"202400000831";"155 780 288";"A01";"1";"7";"0";"2";"1";"1";"1";""
"202400000831";"155 780 290";"B01";"1";"7";"0";"2";"8";"1";"2";""
"202400000832";"155 780 286";"A01";"2";"10";"3";"0";"0";"1";"1";""
"202400000833";"155 780 285";"A01";"2";"31";"0";"1";"2";"26";"1";""
"202400000834";"155 780 283";"A01";"2";"7";"0";"2";"1";"5";"1";""
"202400000834";"155 780 284";"B01";"2";"7";"6";"2";"3";"1";"1";""
"202400000835";"155 780 281";"B01";"3";"7";"0";"2";"1";"1";"1";""
"202400000835";"155 780 282";"A01";"3";"2";"0";"2";"2";"17";"1";""
"202400000836";"155 780 279";"A01";"1";"7";"0";"2";"1";"9";"1";""
"202400000836";"155 780 280";"B01";"1";"33";"0";"2";"1";"13";"1";""
"202400000837";"155 780 277";"B01";"3";"33";"0";"2";"1";"2";"1";""
"202400000837";"155 780 278";"A01";"3";"7";"0";"2";"1";"16";"1";""
"202400000838";"155 780 276";"A01";"1";"7";"0";"1";"1";"1";"1";""
"202400000839";"155 780 274";"B01";"2";"34";"0";"2";"7";"15";"1";""
"202400000839";"155 780 275";"A01";"1";"7";"0";"2";"1";"1";"1";""
"202400000840";"155 780 271";"B01";"1";"1";"0";"2";"1";"23";"5";""
"202400000840";"155 780 273";"A01";"2";"2";"0";"2";"1";"13";"3";""
"202400000841";"155 780 270";"B01";"2";"2";"0";"2";"2";"15";"1";""
"202400000841";"155 780 272";"A01";"2";"7";"0";"2";"3";"15";"1";""
"202400000842";"155 780 269";"A01";"3";"7";"8";"0";"7";"1";"1";""
"202400000843";"155 780 266";"A01";"3";"7";"0";"2";"3";"18";"1";""
"202400000843";"155 780 268";"B01";"2";"7";"0";"2";"8";"0";"1";""
"202400000844";"155 780 265";"A01";"1";"7";"0";"2";"5";"16";"1";""
"202400000844";"155 780 267";"B01";"1";"50";"0";"2";"1";"1";"3";""
"202400000845";"155 780 264";"A01";"3";"7";"0";"1";"7";"2";"1";""
"202400000846";"155 780 263";"A01";"2";"30";"0";"0";"1";"1";"1";""
"202400000847";"155 780 262";"A01";"1";"50";"0";"1";"8";"1";"3";""
"202400000848";"155 780 261";"A01";"3";"50";"0";"0";"0";"0";"3";""
"202400000849";"155 780 259";"A01";"3";"7";"0";"0";"0";"19";"1";""
"202400000849";"155 780 260";"B01";"3";"31";"0";"2";"0";"21";"1";""
"202400000850";"155 780 257";"B01";"1";"7";"0";"9";"5";"16";"1";""
"202400000850";"155 780 258";"C01";"1";"1";"0";"2";"1";"0";"5";""
"202400000851";"155 780 255";"A01";"1";"15";"0";"2";"2";"17";"1";""
"202400000851";"155 780 256";"B01";"1";"1";"0";"2";"3";"15";"5";""
"202400000852";"155 780 254";"A01";"1";"7";"2";"0";"8";"14";"1";""
"202400000853";"155 780 252";"A01";"1";"7";"0";"2";"2";"1";"1";""
"202400000853";"155 780 253";"B01";"2";"7";"0";"2";"3";"1";"1";""
"202400000854";"155 780 250";"A01";"1";"7";"0";"2";"4";"2";"1";""
"202400000854";"155 780 251";"B01";"1";"7";"0";"2";"1";"2";"1";""
"202400000855";"155 780 246";"A01";"2";"7";"0";"2";"1";"12";"1";""
"202400000855";"155 780 247";"B01";"2";"7";"0";"2";"4";"23";"1";""
"202400000855";"155 780 248";"C01";"2";"7";"0";"2";"4";"23";"1";""
"202400000855";"155 780 249";"D01";"2";"7";"0";"2";"4";"23";"1";""
"202400000856";"155 780 245";"A01";"1";"43";"4";"0";"0";"16";"1";""
"202400000857";"155 780 243";"B01";"1";"7";"0";"2";"7";"1";"1";""
"202400000857";"155 780 244";"A01";"1";"10";"0";"2";"8";"18";"1";""
"202400000858";"155 780 242";"A01";"2";"33";"4";"0";"3";"1";"1";""
"202400000859";"155 780 241";"A01";"2";"30";"3";"0";"1";"1";"1";""
"202400000860";"155 780 239";"A01";"2";"7";"0";"2";"1";"2";"1";""
"202400000860";"155 780 240";"B01";"2";"7";"0";"2";"4";"2";"2";""
"202400000861";"155 780 238";"A01";"2";"10";"13";"0";"9";"1";"1";""
"202400000862";"155 780 235";"C01";"2";"32";"0";"2";"0";"2";"1";""
"202400000862";"155 780 236";"A01";"2";"33";"0";"2";"1";"2";"3";""
"202400000862";"155 780 237";"B01";"2";"10";"3";"2";"4";"23";"1";""
"202400000863";"155 780 234";"A01";"2";"7";"4";"0";"2";"1";"1";""
"202400000864";"155 780 232";"B01";"1";"7";"0";"1";"0";"24";"1";""
"202400000864";"155 780 233";"A01";"1";"15";"0";"2";"1";"1";"1";""
"202400000865";"155 780 229";"B01";"1";"17";"0";"2";"6";"1";"1";""
"202400000865";"155 780 230";"A01";"1";"7";"0";"2";"2";"12";"1";""
"202400000865";"155 780 231";"C01";"1";"7";"0";"2";"7";"1";"1";""
"202400000866";"155 780 227";"A01";"3";"7";"0";"2";"7";"17";"1";""
"202400000866";"155 780 228";"B01";"3";"7";"0";"2";"1";"1";"1";""
"202400000867";"155 780 225";"A01";"1";"10";"0";"2";"7";"1";"1";""
"202400000867";"155 780 226";"B01";"1";"10";"0";"2";"1";"1";"1";""
"202400000868";"155 780 224";"A01";"1";"7";"0";"1";"1";"2";"1";""
"202400000869";"155 780 222";"B01";"1";"7";"8";"2";"2";"21";"1";""
"202400000869";"155 780 223";"A01";"1";"7";"8";"2";"3";"1";"1";""
"202400000870";"155 780 221";"A01";"1";"7";"0";"1";"1";"15";"1";""
"202400000871";"155 780 219";"A01";"2";"2";"0";"2";"4";"15";"1";""
"202400000871";"155 780 220";"B01";"1";"2";"0";"2";"5";"1";"1";""
"202400000872";"155 780 217";"A01";"1";"1";"0";"2";"8";"15";"5";""
"202400000872";"155 780 218";"B01";"1";"7";"0";"2";"1";"1";"1";""
"202400000873";"155 780 214";"A01";"1";"33";"1";"0";"1";"26";"1";""
"202400000873";"155 780 215";"B01";"1";"7";"0";"2";"1";"1";"1";""
"202400000873";"155 780 216";"C01";"1";"7";"0";"2";"4";"1";"1";""
"202400000874";"155 780 212";"A01";"1";"7";"1";"2";"4";"1";"1";""
"202400000874";"155 780 213";"B01";"1";"1";"1";"2";"1";"1";"5";""
"202400000875";"155 780 211";"A01";"2";"50";"12";"0";"1";"1";"3";""
"202400000876";"155 780 208";"C01";"1";"7";"0";"0";"4";"2";"1";""
"202400000876";"155 780 209";"A01";"1";"7";"0";"2";"1";"2";"1";""
"202400000876";"155 780 210";"B01";"1";"7";"0";"2";"4";"2";"1";""
"202400000877";"155 780 207";"A01";"0";"7";"0";"0";"0";"0";"1";""
"202400000878";"155 780 205";"A01";"0";"33";"0";"2";"1";"13";"1";""
"202400000878";"155 780 206";"B01";"3";"7";"0";"2";"1";"1";"1";""
"202400000879";"155 780 204";"A01";"1";"7";"0";"1";"1";"9";"1";""
"202400000880";"155 780 202";"B01";"3";"1";"0";"2";"7";"1";"5";""
"202400000880";"155 780 203";"A01";"3";"7";"0";"2";"2";"15";"1";""
"202400000881";"155 780 200";"A01";"1";"7";"0";"2";"2";"15";"1";""
"202400000881";"155 780 201";"B01";"2";"50";"0";"2";"1";"1";"3";""
"202400000882";"155 780 198";"B01";"1";"10";"0";"2";"1";"1";"1";""
"202400000882";"155 780 199";"A01";"2";"31";"0";"2";"1";"1";"1";""
"202400000883";"155 780 197";"A01";"3";"7";"0";"1";"7";"1";"1";""
"202400000884";"155 780 195";"B01";"1";"7";"0";"2";"2";"17";"1";""
"202400000884";"155 780 196";"A01";"1";"7";"0";"2";"3";"15";"3";""
"202400000885";"155 780 194";"A01";"1";"33";"15";"0";"1";"13";"1";""
"202400000886";"155 780 193";"Z01";"3";"7";"0";"1";"4";"4";"1";""
"202400000887";"155 780 192";"A01";"3";"10";"0";"1";"2";"21";"1";""
"202400000888";"155 780 190";"B01";"3";"33";"0";"2";"5";"15";"1";""
"202400000888";"155 780 191";"A01";"3";"7";"0";"2";"1";"9";"1";""
"202400000889";"155 780 188";"A01";"3";"7";"0";"2";"1";"15";"1";""
"202400000889";"155 780 189";"B01";"3";"1";"0";"2";"8";"1";"0";""
"202400000890";"155 780 186";"B01";"2";"7";"0";"2";"3";"15";"1";""
"202400000890";"155 780 187";"A01";"2";"33";"0";"2";"2";"17";"1";""
"202400000891";"155 780 185";"A01";"2";"7";"0";"1";"7";"0";"1";""
"202400000892";"155 780 184";"A01";"1";"7";"0";"2";"0";"26";"0";""
"202400000893";"155 780 183";"A01";"1";"30";"12";"0";"1";"14";"1";""
"202400000894";"155 780 182";"A01";"3";"10";"0";"0";"7";"4";"3";""
"202400000895";"155 780 181";"A01";"1";"7";"0";"1";"3";"1";"1";""
"202400000896";"155 780 179";"A01";"2";"7";"0";"2";"8";"19";"0";""
"202400000896";"155 780 180";"B01";"1";"1";"0";"2";"5";"1";"5";""
"202400000897";"155 780 177";"A01";"3";"32";"0";"2";"7";"19";"1";""
"202400000897";"155 780 178";"B01";"3";"7";"0";"2";"3";"2";"1";""
"202400000898";"155 780 176";"A01";"2";"7";"4";"0";"7";"14";"1";""
"202400000899";"155 780 174";"B01";"1";"1";"0";"2";"2";"1";"5";""
"202400000899";"155 780 175";"A01";"2";"7";"0";"2";"1";"9";"1";""
"202400000900";"155 780 172";"B01";"1";"31";"0";"2";"8";"1";"1";""
"202400000900";"155 780 173";"A01";"1";"7";"0";"2";"2";"20";"1";""
"202400000901";"155 780 171";"A01";"1";"7";"1";"0";"3";"1";"1";""
"202400000902";"155 780 169";"A01";"1";"7";"0";"9";"4";"20";"1";""
"202400000902";"155 780 170";"B01";"1";"1";"0";"2";"7";"1";"5";""
"202400000903";"155 780 167";"B01";"1";"50";"0";"2";"8";"19";"3";""
"202400000903";"155 780 168";"A01";"1";"7";"0";"2";"1";"1";"1";""
"202400000904";"155 780 166";"A01";"1";"7";"1";"0";"2";"1";"1";""
"202400000905";"155 780 164";"A01";"2";"7";"0";"2";"3";"16";"1";""
"202400000905";"155 780 165";"B01";"1";"2";"0";"2";"1";"1";"3";""
"202400000906";"155 780 162";"A01";"2";"7";"0";"2";"3";"10";"3";""
"202400000906";"155 780 163";"B01";"2";"30";"0";"2";"7";"17";"1";""
"202400000907";"155 780 160";"B01";"3";"1";"0";"2";"0";"1";"5";""
"202400000907";"155 780 161";"A01";"1";"7";"0";"2";"3";"15";"1";""
"202400000908";"155 780 157";"A01";"2";"30";"0";"2";"1";"1";"3";""
"202400000908";"155 780 158";"C01";"2";"7";"0";"2";"3";"23";"1";""
"202400000908";"155 780 159";"B01";"2";"7";"0";"2";"2";"23";"1";""
"202400000909";"155 780 156";"A01";"2";"7";"1";"0";"1";"13";"1";""
"202400000910";"155 780 154";"A01";"1";"7";"0";"2";"1";"15";"1";""
"202400000910";"155 780 155";"B01";"1";"7";"0";"2";"1";"1";"1";""
"202400000911";"155 780 153";"A01";"3";"7";"0";"1";"1";"14";"1";""
"202400000912";"155 780 151";"A01";"1";"7";"0";"2";"7";"1";"1";""
"202400000912";"155 780 152";"B01";"1";"7";"1";"2";"3";"20";"1";""
"202400000913";"155 780 150";"A01";"3";"7";"0";"0";"3";"0";"1";""
"202400000914";"155 780 148";"B01";"3";"37";"0";"2";"3";"1";"1";"8"
"202400000914";"155 780 149";"A01";"3";"7";"0";"2";"7";"16";"1";""
"202400000915";"155 780 146";"B01";"1";"30";"0";"2";"1";"1";"1";""
"202400000915";"155 780 147";"A01";"1";"33";"0";"2";"1";"2";"1";""
"202400000916";"155 780 144";"A01";"2";"7";"0";"2";"1";"13";"1";""
"202400000916";"155 780 145";"B01";"1";"7";"0";"2";"1";"1";"1";""
"202400000917";"155 780 143";"A01";"2";"30";"0";"1";"2";"7";"1";""
"202400000918";"155 780 142";"A01";"1";"33";"12";"0";"1";"13";"1";""
"202400000919";"155 780 140";"A01";"2";"7";"0";"2";"1";"25";"1";""
"202400000919";"155 780 141";"B01";"2";"7";"0";"2";"4";"1";"1";""
"202400000920";"155 780 138";"B01";"3";"1";"0";"2";"7";"1";"5";""
"202400000920";"155 780 139";"A01";"3";"7";"0";"9";"3";"1";"0";""
"202400000921";"155 780 136";"A01";"3";"7";"0";"9";"1";"15";"1";""
"202400000921";"155 780 137";"B01";"3";"50";"0";"2";"4";"0";"3";""
"202400000922";"155 780 132";"A01";"2";"7";"0";"2";"3";"15";"1";""
"202400000922";"155 780 133";"B01";"2";"31";"0";"2";"1";"1";"1";""
"202400000923";"155 780 130";"A01";"0";"10";"0";"2";"1";"2";"1";""
"202400000923";"155 780 131";"B01";"0";"7";"0";"2";"4";"23";"1";""
"202400000924";"155 780 129";"A01";"0";"10";"0";"1";"1";"15";"1";""
"202400000925";"155 780 128";"A01";"1";"60";"1";"0";"1";"1";"5";""
"202400000926";"155 780 127";"A01";"1";"30";"0";"0";"0";"1";"1";""
"202400000927";"155 780 125";"A01";"3";"33";"0";"2";"3";"1";"1";""
"202400000927";"155 780 126";"B01";"3";"7";"0";"2";"3";"15";"1";""
"202400000928";"155 780 123";"B01";"3";"50";"1";"0";"2";"1";"3";""
"202400000928";"155 780 124";"A01";"3";"10";"0";"2";"8";"24";"1";""
"202400000929";"155 780 121";"A01";"3";"7";"0";"2";"0";"0";"0";""
"202400000929";"155 780 122";"Y01";"0";"1";"0";"2";"3";"0";"5";""
"202400000930";"155 780 120";"A01";"0";"10";"0";"2";"1";"19";"0";""
"202400000931";"155 780 118";"A01";"3";"7";"0";"2";"1";"1";"1";""
"202400000931";"155 780 119";"B01";"3";"33";"0";"2";"8";"1";"1";""
"202400000932";"155 780 116";"B01";"2";"33";"0";"2";"7";"1";"1";""
"202400000932";"155 780 117";"A01";"0";"7";"0";"2";"1";"19";"1";""
"202400000933";"155 780 115";"A01";"0";"7";"0";"2";"1";"5";"1";""
"202400000934";"155 780 114";"A01";"2";"33";"0";"0";"0";"1";"1";""
"202400000935";"155 780 113";"A01";"1";"33";"0";"0";"0";"1";"1";""
"202400000936";"155 780 112";"A01";"1";"7";"16";"0";"9";"0";"1";""
"202400000937";"155 780 111";"A01";"1";"7";"0";"1";"3";"15";"1";""
"202400000938";"155 780 110";"A01";"2";"7";"4";"0";"2";"21";"1";""
"202400000939";"155 780 107";"A01";"2";"30";"0";"0";"8";"1";"1";""
"202400000940";"155 780 106";"A01";"2";"50";"0";"0";"8";"1";"3";""
"202400000941";"155 780 104";"A01";"3";"7";"0";"2";"1";"12";"0";""
"202400000941";"155 780 105";"B01";"1";"60";"12";"0";"4";"2";"5";""
"202400000942";"155 780 103";"A01";"3";"30";"0";"1";"1";"16";"1";""
"202400000943";"155 780 099";"B01";"2";"7";"0";"2";"1";"1";"1";""
"202400000943";"155 780 100";"A01";"2";"7";"0";"2";"1";"2";"1";""
"202400000943";"155 780 101";"C01";"2";"7";"0";"2";"1";"1";"1";""
"202400000943";"155 780 102";"D01";"2";"7";"0";"2";"4";"1";"1";""
"202400000944";"155 780 098";"A01";"1";"10";"2";"0";"9";"14";"6";""
"202400000945";"155 780 097";"A01";"1";"7";"15";"0";"1";"0";"1";""
"202400000946";"155 780 095";"B01";"2";"7";"0";"2";"3";"26";"1";""
"202400000946";"155 780 096";"A01";"2";"30";"0";"2";"3";"17";"1";""
"202400000947";"155 780 093";"A01";"1";"7";"0";"2";"1";"2";"1";""
"202400000947";"155 780 094";"B01";"1";"7";"0";"2";"4";"2";"1";""
"202400000948";"155 780 091";"B01";"1";"7";"0";"2";"8";"1";"1";""
"202400000948";"155 780 092";"A01";"1";"7";"0";"2";"1";"1";"1";""
"202400000949";"155 780 089";"A01";"1";"7";"8";"2";"3";"15";"1";""
"202400000949";"155 780 090";"B01";"2";"15";"0";"2";"2";"1";"1";""
"202400000950";"155 780 087";"B01";"0";"50";"0";"2";"0";"0";"3";""
"202400000950";"155 780 088";"A01";"1";"7";"0";"2";"2";"1";"1";""
"202400000951";"155 780 083";"A01";"3";"33";"0";"2";"1";"1";"1";""
"202400000951";"155 780 084";"B01";"3";"10";"0";"2";"4";"1";"1";""
"202400000952";"155 780 081";"A01";"3";"7";"0";"2";"1";"1";"1";""
"202400000952";"155 780 082";"B01";"3";"7";"0";"2";"4";"1";"1";""
"202400000953";"155 780 080";"A01";"1";"7";"0";"1";"3";"1";"1";""
"202400000954";"155 780 079";"A01";"2";"7";"2";"0";"1";"1";"1";""
"202400000955";"155 780 078";"A01";"0";"7";"0";"1";"1";"1";"1";""
"202400000956";"155 780 077";"A01";"1";"7";"0";"1";"4";"4";"1";""
"202400000957";"155 780 074";"C01";"2";"10";"0";"2";"4";"1";"1";""
"202400000957";"155 780 075";"A01";"2";"38";"0";"2";"1";"2";"1";"1"
"202400000957";"155 780 076";"B01";"2";"10";"0";"2";"4";"23";"1";""
"202400000958";"155 780 071";"A01";"3";"10";"0";"2";"0";"0";"3";""
"202400000958";"155 780 072";"B01";"1";"1";"0";"2";"0";"9";"5";""
"202400000959";"155 780 070";"A01";"2";"7";"0";"1";"2";"1";"1";""
"202400000960";"155 780 068";"B01";"1";"7";"0";"2";"4";"1";"1";""
"202400000960";"155 780 069";"A01";"1";"7";"8";"2";"1";"1";"1";""
"202400000961";"155 780 067";"A01";"3";"7";"0";"1";"1";"17";"1";""
"202400000962";"155 780 065";"A01";"1";"7";"0";"2";"2";"15";"1";""
"202400000962";"155 780 066";"B01";"2";"7";"0";"2";"5";"21";"1";""
"202400000963";"155 780 064";"Z01";"2";"7";"0";"1";"0";"26";"1";""
"202400000964";"155 780 059";"A01";"2";"30";"0";"2";"0";"3";"1";""
"202400000964";"155 780 060";"B01";"2";"7";"0";"2";"2";"20";"1";""
"202400000965";"155 780 058";"A01";"1";"7";"13";"0";"3";"1";"1";""
"202400000966";"155 780 057";"A01";"3";"7";"6";"0";"1";"1";"1";""
"202400000967";"155 780 056";"A01";"1";"7";"0";"1";"1";"15";"1";""
"202400000968";"155 780 055";"A01";"1";"7";"0";"1";"2";"1";"1";""
"202400000969";"155 780 053";"A01";"3";"7";"0";"9";"0";"0";"1";""
"202400000969";"155 780 054";"B01";"1";"50";"0";"2";"1";"0";"3";""
"202400000970";"155 780 051";"A01";"1";"7";"13";"2";"3";"13";"1";""
"202400000970";"155 780 052";"B01";"2";"7";"0";"2";"3";"1";"1";""
"202400000971";"155 780 049";"B01";"1";"7";"0";"2";"4";"2";"1";""
"202400000971";"155 780 050";"A01";"1";"32";"0";"2";"1";"2";"1";""
"202400000972";"155 780 047";"A01";"1";"7";"0";"2";"8";"26";"1";""
"202400000972";"155 780 048";"B01";"1";"34";"0";"2";"1";"1";"1";""
"202400000973";"155 780 045";"B01";"2";"7";"0";"2";"4";"1";"1";""
"202400000973";"155 780 046";"A01";"2";"7";"0";"2";"1";"13";"1";""
"202400000974";"155 780 044";"A01";"2";"7";"0";"1";"1";"15";"2";""
"202400000975";"155 780 043";"A01";"2";"31";"0";"0";"0";"1";"1";""
"202400000976";"155 780 042";"A01";"2";"1";"0";"0";"3";"21";"5";""
"202400000977";"155 780 041";"A01";"2";"43";"0";"1";"1";"18";"1";""
"202400000978";"155 780 039";"A01";"1";"1";"0";"2";"1";"17";"5";""
"202400000978";"155 780 040";"Z01";"1";"1";"0";"2";"1";"9";"5";""
"202400000979";"155 780 037";"A01";"1";"33";"0";"2";"1";"1";"1";""
"202400000979";"155 780 038";"B01";"2";"7";"0";"2";"1";"15";"1";""
"202400000980";"155 780 035";"A01";"3";"7";"0";"2";"1";"1";"2";""
"202400000980";"155 780 036";"B01";"3";"7";"0";"2";"1";"1";"1";""
"202400000981";"155 780 034";"A01";"2";"2";"0";"1";"0";"19";"3";""
"202400000982";"155 780 032";"A01";"1";"7";"0";"2";"2";"9";"1";""
"202400000982";"155 780 033";"B01";"1";"33";"0";"2";"8";"1";"1";""
"202400000983";"155 780 030";"Z01";"0";"7";"0";"2";"0";"0";"0";""
"202400000983";"155 780 031";"A01";"1";"7";"0";"2";"3";"23";"1";""
"202400000984";"155 780 028";"A01";"1";"7";"0";"2";"2";"9";"0";""
"202400000984";"155 780 029";"B01";"1";"33";"0";"2";"1";"2";"0";""
"202400000985";"155 780 026";"B01";"0";"7";"0";"2";"6";"1";"1";""
"202400000985";"155 780 027";"A01";"0";"1";"0";"2";"1";"2";"5";""
"202400000986";"155 780 025";"A01";"2";"30";"0";"1";"1";"1";"1";""
"202400000987";"155 780 023";"A01";"2";"7";"0";"9";"2";"2";"1";""
"202400000987";"155 780 024";"B01";"2";"50";"0";"2";"4";"2";"3";""
"202400000988";"155 780 021";"B01";"2";"7";"0";"2";"3";"1";"1";""
"202400000988";"155 780 022";"A01";"3";"7";"0";"2";"2";"1";"1";""
"202400000989";"155 780 019";"B01";"1";"2";"0";"2";"1";"2";"1";""
"202400000989";"155 780 020";"A01";"1";"7";"0";"2";"6";"2";"1";""
"202400000990";"155 780 015";"B01";"1";"33";"0";"2";"1";"1";"1";""
"202400000990";"155 780 017";"A01";"1";"31";"3";"2";"8";"15";"1";""
"202400000991";"155 780 014";"A01";"2";"7";"0";"2";"3";"13";"1";""
"202400000991";"155 780 016";"B01";"1";"7";"0";"2";"3";"1";"1";""
"202400000991";"155 780 018";"C01";"1";"7";"0";"2";"0";"1";"1";""
"202400000992";"155 780 013";"A01";"1";"7";"13";"0";"7";"1";"1";""
"202400000993";"155 780 011";"A01";"1";"14";"0";"2";"1";"19";"1";""
"202400000993";"155 780 012";"B01";"2";"7";"0";"2";"6";"1";"1";""
"202400000994";"155 780 009";"A01";"2";"7";"0";"2";"2";"15";"1";""
"202400000994";"155 780 010";"B01";"1";"33";"0";"2";"1";"1";"1";""
"202400000995";"155 780 007";"A01";"2";"7";"0";"2";"7";"1";"1";""
"202400000995";"155 780 008";"B01";"2";"1";"0";"2";"1";"1";"5";""
"202400000996";"155 780 006";"A01";"1";"7";"2";"0";"1";"1";"1";""
"202400000997";"155 780 004";"B01";"2";"7";"0";"2";"2";"24";"1";""
"202400000997";"155 780 005";"A01";"2";"10";"0";"2";"2";"14";"1";""
"202400000998";"155 780 000";"A01";"2";"34";"0";"2";"1";"2";"1";""
"202400000998";"155 780 002";"B01";"2";"10";"0";"2";"4";"2";"1";""
"202400000999";"155 779 998";"C01";"1";"7";"0";"2";"2";"1";"0";""
"202400000999";"155 779 999";"D01";"1";"10";"0";"2";"1";"1";"1";""
"202400000999";"155 780 001";"A01";"1";"7";"0";"2";"1";"17";"1";""
"202400000999";"155 780 003";"B01";"2";"7";"0";"2";"3";"1";"2";""
"202400001000";"155 779 996";"A01";"2";"10";"2";"0";"3";"13";"1";""
"202400001001";"155 779 995";"A01";"1";"7";"4";"2";"3";"13";"2";""
"202400001001";"155 779 997";"B01";"1";"43";"4";"0";"2";"1";"1";""
"202400001002";"155 779 992";"A01";"2";"7";"0";"2";"3";"13";"1";""
"202400001002";"155 779 994";"B01";"2";"33";"0";"2";"7";"1";"1";""
"202400001003";"155 779 993";"A01";"1";"7";"0";"1";"3";"1";"1";""
"202400001004";"155 779 991";"A01";"1";"7";"0";"1";"1";"16";"1";""
"202400001005";"155 779 989";"A01";"3";"7";"0";"2";"1";"1";"1";""
"202400001005";"155 779 990";"B01";"0";"7";"7";"0";"8";"1";"1";""
"202400001006";"155 779 987";"A01";"3";"7";"0";"2";"1";"1";"3";""
"202400001006";"155 779 988";"B01";"3";"7";"0";"2";"6";"15";"1";""
"202400001007";"155 779 986";"A01";"1";"7";"0";"6";"1";"1";"1";""
"202400001008";"155 779 984";"A01";"0";"7";"2";"0";"2";"1";"1";""
"202400001009";"155 779 981";"B01";"1";"50";"0";"2";"4";"9";"3";""
"202400001009";"155 779 983";"A01";"1";"10";"0";"2";"1";"9";"1";""
"202400001010";"155 779 980";"B01";"3";"7";"0";"2";"2";"1";"2";""
"202400001010";"155 779 982";"A01";"3";"7";"0";"2";"1";"7";"1";""
"202400001011";"155 779 979";"A01";"2";"7";"0";"1";"1";"1";"1";""
"202400001012";"155 779 976";"A01";"1";"7";"0";"2";"8";"9";"0";""
"202400001012";"155 779 978";"B01";"1";"2";"0";"2";"1";"1";"1";""
"202400001013";"155 779 977";"A01";"1";"7";"15";"0";"0";"25";"0";""
"202400001014";"155 779 974";"A01";"1";"7";"0";"2";"6";"2";"2";""
"202400001014";"155 779 975";"B01";"1";"15";"0";"2";"3";"1";"1";""
"202400001015";"155 779 972";"A01";"2";"7";"0";"2";"1";"1";"1";""
"202400001015";"155 779 973";"B01";"3";"50";"0";"2";"3";"19";"3";""
"202400001016";"155 779 970";"A01";"1";"7";"0";"0";"3";"13";"1";""
"202400001016";"155 779 971";"B01";"2";"7";"0";"0";"5";"1";"1";""
"202400001017";"155 779 966";"A01";"2";"7";"0";"2";"1";"2";"1";""
"202400001017";"155 779 968";"B01";"2";"7";"3";"0";"4";"1";"1";""
"202400001018";"155 779 967";"A01";"2";"7";"0";"2";"0";"1";"1";""
"202400001018";"155 779 969";"B01";"1";"60";"0";"2";"1";"1";"5";""
"202400001019";"155 779 965";"A01";"1";"36";"0";"0";"1";"1";"1";""
"202400001020";"155 779 964";"A01";"3";"50";"0";"0";"1";"0";"3";""
"202400001021";"155 779 962";"A01";"2";"7";"0";"0";"6";"15";"0";""
"202400001021";"155 779 963";"B01";"2";"33";"0";"2";"1";"2";"1";""
"202400001022";"155 779 959";"A01";"0";"80";"0";"9";"0";"0";"3";""
"202400001023";"155 779 956";"A01";"2";"7";"0";"2";"1";"15";"1";""
"202400001023";"155 779 958";"B01";"1";"7";"0";"2";"1";"1";"1";""
"202400001024";"155 779 955";"A01";"1";"7";"0";"2";"1";"1";"0";""