"Num_Acc";"id_vehicule";"num_veh";"senc";"catv";"obs";"obsm";"choc";"manv";"motor";"occutc"
"202400001650";"155 778 868";"B01";"1";"2";"0";"2";"2";"1";"1";""
"202400001651";"155 778 864";"A01";"0";"1";"0";"2";"4";"16";"5";""
"202400001651";"155 778 866";"B01";"0";"7";"0";"2";"1";"16";"1";""
"202400001652";"155 778 862";"C01";"2";"33";"0";"0";"4";"23";"1";""
"202400001652";"155 778 863";"B01";"2";"33";"0";"0";"4";"24";"1";""
"202400001652";"155 778 865";"A01";"2";"33";"3";"2";"1";"1";"1";""
"202400001653";"155 778 860";"A01";"1";"7";"2";"0";"7";"14";"1";""
"202400001654";"155 778 859";"A01";"3";"7";"0";"2";"2";"5";"1";""
"202400001654";"155 778 861";"B01";"3";"7";"0";"2";"2";"21";"1";""
"202400001655";"155 778 857";"A01";"0";"7";"0";"2";"3";"1";"2";""
"202400001655";"155 778 858";"B01";"3";"33";"0";"2";"1";"26";"1";""
"202400001656";"155 778 856";"A01";"2";"7";"2";"0";"1";"1";"1";""
"202400001657";"155 778 855";"A01";"3";"7";"0";"1";"4";"4";"1";""
"202400001658";"155 778 852";"A01";"1";"7";"0";"2";"3";"15";"1";""
"202400001658";"155 778 854";"B01";"1";"33";"0";"2";"1";"17";"1";""
"202400001659";"155 778 851";"A01";"3";"2";"0";"2";"1";"1";"1";""
"202400001659";"155 778 853";"B01";"2";"21";"0";"2";"7";"1";"1";""
"202400001660";"155 778 849";"A01";"2";"7";"0";"2";"1";"17";"1";""
"202400001660";"155 778 850";"B01";"1";"7";"0";"2";"1";"1";"1";""
"202400001661";"155 778 847";"B01";"0";"35";"0";"2";"8";"0";"1";""
"202400001661";"155 778 848";"A01";"0";"33";"0";"2";"1";"0";"1";""
"202400001662";"155 778 846";"A01";"3";"33";"8";"0";"3";"1";"1";""
"202400001663";"155 778 842";"A01";"2";"7";"0";"2";"1";"15";"1";""
"202400001663";"155 778 843";"B01";"1";"7";"0";"2";"1";"1";"1";""
"202400001663";"155 778 844";"C01";"1";"10";"0";"2";"1";"23";"1";""
"202400001664";"155 778 841";"A01";"1";"2";"8";"0";"1";"14";"1";""
"202400001665";"155 778 840";"A01";"2";"1";"0";"0";"0";"16";"5";""
"202400001666";"155 778 839";"A01";"3";"33";"13";"0";"1";"1";"1";""
"202400001667";"155 778 838";"A01";"1";"13";"0";"0";"5";"1";"1";""
"202400001667";"155 778 845";"B01";"1";"33";"0";"2";"1";"1";"1";""
"202400001668";"155 778 835";"A01";"1";"7";"0";"2";"2";"1";"1";""
"202400001668";"155 778 837";"B01";"1";"33";"0";"2";"4";"2";"1";""
"202400001669";"155 778 834";"A01";"3";"2";"0";"2";"7";"1";"1";""
"202400001669";"155 778 836";"B01";"0";"7";"0";"2";"1";"0";"1";""
"202400001670";"155 778 832";"A01";"1";"7";"0";"2";"1";"2";"1";""
"202400001670";"155 778 833";"B01";"1";"7";"0";"0";"0";"0";"1";""
"202400001671";"155 778 831";"A01";"1";"7";"6";"0";"2";"1";"1";""
"202400001672";"155 778 828";"A01";"2";"10";"0";"2";"1";"1";"1";""
"202400001672";"155 778 830";"B01";"2";"7";"0";"2";"4";"1";"1";""
"202400001673";"155 778 825";"A01";"2";"33";"0";"2";"3";"2";"1";""
"202400001673";"155 778 827";"B01";"2";"7";"0";"2";"3";"2";"1";""
"202400001674";"155 778 824";"B01";"2";"10";"0";"2";"1";"1";"1";""
"202400001674";"155 778 826";"C01";"1";"7";"0";"0";"0";"2";"1";""
"202400001674";"155 778 829";"A01";"1";"10";"0";"2";"1";"5";"1";""
"202400001675";"155 778 821";"B01";"1";"37";"0";"2";"3";"1";"1";"4"
"202400001675";"155 778 823";"A01";"2";"7";"0";"2";"2";"15";"1";""
"202400001676";"155 778 820";"A01";"1";"7";"0";"2";"2";"1";"1";""
"202400001676";"155 778 822";"B01";"1";"7";"0";"2";"3";"9";"1";""
"202400001677";"155 778 818";"B01";"3";"7";"0";"2";"5";"22";"1";""
"202400001677";"155 778 819";"A01";"1";"32";"0";"2";"2";"3";"1";""
"202400001678";"155 778 815";"A01";"2";"33";"0";"2";"1";"17";"1";""
"202400001678";"155 778 816";"B01";"2";"3";"0";"2";"8";"15";"1";""
"202400001679";"155 778 814";"B01";"3";"7";"0";"2";"3";"1";"1";""
"202400001679";"155 778 817";"A01";"3";"7";"0";"2";"3";"3";"1";""
"202400001680";"155 778 813";"A01";"1";"33";"0";"1";"1";"2";"1";""
"202400001681";"155 778 812";"A01";"2";"33";"16";"0";"9";"1";"1";""
"202400001682";"155 778 811";"A01";"2";"30";"0";"1";"1";"14";"1";""
"202400001683";"155 778 810";"A01";"0";"7";"0";"1";"1";"1";"1";""
"202400001684";"155 778 807";"A01";"3";"3";"0";"1";"1";"0";"1";""
"202400001685";"155 778 805";"A01";"1";"7";"0";"2";"2";"15";"1";""
"202400001685";"155 778 806";"B01";"0";"1";"0";"2";"0";"0";"5";""
"202400001686";"155 778 802";"A01";"1";"7";"0";"2";"2";"16";"0";""
"202400001686";"155 778 804";"B01";"1";"1";"0";"2";"8";"1";"0";""
"202400001687";"155 778 801";"B01";"1";"7";"0";"2";"1";"0";"1";""
"202400001687";"155 778 803";"A01";"2";"10";"0";"2";"1";"1";"1";""
"202400001688";"155 778 800";"Z01";"2";"30";"0";"1";"0";"1";"0";""
"202400001689";"155 778 799";"A01";"1";"1";"1";"0";"1";"1";"5";""
"202400001690";"155 778 797";"A01";"1";"1";"0";"2";"1";"13";"5";""
"202400001690";"155 778 798";"B01";"2";"1";"0";"2";"1";"14";"5";""
"202400001691";"155 778 796";"A01";"1";"7";"0";"0";"9";"1";"1";""
"202400001692";"155 778 793";"B01";"3";"7";"0";"2";"1";"1";"1";""
"202400001692";"155 778 795";"A01";"3";"31";"0";"2";"8";"9";"1";""
"202400001693";"155 778 794";"A01";"1";"31";"1";"0";"1";"1";"1";""
"202400001694";"155 778 790";"A01";"2";"33";"0";"2";"2";"3";"1";""
"202400001694";"155 778 792";"B01";"2";"7";"0";"2";"6";"11";"1";""
"202400001695";"155 778 789";"B01";"1";"33";"0";"0";"4";"23";"1";""
"202400001695";"155 778 791";"A01";"1";"7";"0";"2";"1";"2";"1";""
"202400001696";"155 778 788";"A01";"2";"7";"0";"2";"4";"23";"3";""
"202400001697";"155 778 786";"A01";"3";"7";"0";"2";"0";"0";"1";""
"202400001697";"155 778 787";"B01";"3";"7";"0";"1";"0";"0";"1";""
"202400001698";"155 778 785";"A01";"1";"33";"0";"0";"1";"1";"1";""
"202400001699";"155 778 784";"A01";"3";"7";"0";"1";"3";"0";"1";""
"202400001700";"155 778 782";"A01";"1";"10";"0";"2";"5";"12";"1";""
"202400001700";"155 778 783";"B01";"1";"33";"0";"2";"3";"3";"1";""
"202400001701";"155 778 781";"A01";"1";"50";"15";"0";"1";"1";"3";""
"202400001702";"155 778 780";"A01";"1";"7";"3";"0";"8";"0";"1";""
"202400001703";"155 778 776";"A01";"2";"7";"4";"2";"1";"1";"1";""
"202400001703";"155 778 778";"B01";"2";"33";"4";"2";"4";"2";"1";""
"202400001704";"155 778 774";"C01";"1";"7";"0";"2";"4";"23";"1";""
"202400001704";"155 778 775";"B01";"1";"7";"0";"0";"4";"23";"1";""
"202400001704";"155 778 777";"A01";"1";"10";"0";"2";"1";"2";"1";""
"202400001705";"155 778 772";"A01";"2";"7";"0";"1";"2";"9";"1";""
"202400001706";"155 778 770";"A01";"1";"7";"0";"2";"7";"14";"1";""
"202400001706";"155 778 771";"B01";"1";"37";"0";"2";"8";"1";"1";"3"
"202400001706";"155 778 773";"C01";"1";"10";"0";"2";"7";"1";"1";""
"202400001707";"155 778 769";"A01";"1";"7";"0";"1";"2";"1";"1";""
"202400001708";"155 778 768";"A01";"3";"7";"6";"0";"1";"1";"1";""
"202400001709";"155 778 764";"A01";"3";"7";"0";"2";"1";"1";"1";""
"202400001709";"155 778 765";"B01";"3";"50";"0";"2";"1";"1";"3";""
"202400001710";"155 778 761";"A01";"3";"7";"0";"1";"1";"1";"1";""
"202400001711";"155 778 760";"B01";"2";"7";"0";"2";"4";"2";"1";""
"202400001711";"155 778 762";"Z01";"2";"7";"0";"2";"0";"0";"1";""
"202400001711";"155 778 763";"C01";"2";"7";"0";"2";"4";"2";"1";""
"202400001712";"155 778 757";"A01";"1";"33";"0";"2";"8";"26";"1";""
"202400001712";"155 778 759";"Z01";"2";"7";"0";"2";"1";"26";"1";""
"202400001713";"155 778 755";"A01";"1";"7";"4";"2";"2";"12";"1";""
"202400001713";"155 778 756";"B01";"1";"7";"3";"2";"6";"1";"1";""
"202400001713";"155 778 758";"C01";"1";"7";"4";"2";"3";"1";"1";""
"202400001714";"155 778 753";"A01";"1";"10";"0";"2";"1";"0";"6";""
"202400001714";"155 778 754";"B01";"1";"7";"0";"2";"1";"1";"6";""
"202400001715";"155 778 751";"A01";"1";"7";"0";"2";"1";"2";"1";""
"202400001715";"155 778 752";"B01";"1";"7";"0";"2";"4";"2";"1";""
"202400001716";"155 778 749";"A01";"0";"7";"0";"2";"1";"15";"1";""
"202400001716";"155 778 750";"B01";"0";"50";"0";"2";"1";"1";"3";""
"202400001717";"155 778 747";"B01";"1";"14";"1";"0";"2";"11";"1";""
"202400001717";"155 778 748";"A01";"1";"10";"0";"2";"6";"23";"1";""
"202400001718";"155 778 743";"B01";"2";"1";"0";"2";"3";"1";"5";""
"202400001718";"155 778 745";"A01";"2";"7";"0";"2";"2";"16";"1";""
"202400001719";"155 778 742";"A01";"1";"7";"5";"0";"3";"26";"1";""
"202400001720";"155 778 740";"B01";"3";"7";"0";"2";"4";"4";"1";""
"202400001720";"155 778 741";"A01";"3";"7";"0";"2";"1";"0";"0";""
"202400001721";"155 778 739";"A01";"2";"7";"0";"1";"2";"1";"1";""
"202400001722";"155 778 736";"A01";"1";"7";"0";"2";"1";"16";"2";""
"202400001722";"155 778 737";"B01";"1";"50";"0";"2";"7";"1";"3";""
"202400001723";"155 778 735";"A01";"1";"7";"0";"2";"3";"13";"1";""
"202400001723";"155 778 738";"B01";"2";"21";"0";"2";"3";"1";"1";""
"202400001724";"155 778 734";"A01";"1";"7";"3";"0";"1";"1";"1";""
"202400001725";"155 778 732";"A01";"2";"7";"0";"1";"2";"1";"1";""
"202400001726";"155 778 731";"A01";"2";"7";"0";"2";"1";"1";"1";""
"202400001726";"155 778 733";"B01";"0";"7";"0";"2";"8";"1";"1";""
"202400001727";"155 778 728";"A01";"2";"7";"0";"2";"3";"20";"1";""
"202400001727";"155 778 729";"B01";"2";"1";"0";"2";"7";"1";"5";""
"202400001728";"155 778 727";"B01";"1";"10";"0";"2";"5";"1";"1";""
"202400001728";"155 778 730";"A01";"1";"33";"0";"2";"9";"1";"1";""
"202400001729";"155 778 726";"A01";"2";"7";"8";"0";"2";"1";"1";""
"202400001730";"155 778 724";"A01";"3";"32";"0";"2";"5";"17";"1";""
"202400001730";"155 778 725";"B01";"3";"10";"0";"2";"3";"26";"0";""
"202400001731";"155 778 722";"B01";"2";"7";"0";"2";"4";"23";"1";""
"202400001731";"155 778 723";"A01";"2";"7";"0";"2";"1";"2";"1";""
"202400001732";"155 778 719";"A01";"2";"7";"0";"2";"2";"1";"1";""
"202400001732";"155 778 721";"B01";"2";"1";"0";"2";"1";"1";"5";""
"202400001733";"155 778 720";"A01";"0";"7";"0";"1";"1";"17";"1";""
"202400001734";"155 778 718";"A01";"2";"7";"4";"0";"0";"1";"1";""
"202400001735";"155 778 716";"B01";"0";"7";"0";"2";"3";"1";"1";""
"202400001735";"155 778 717";"A01";"0";"50";"0";"2";"1";"1";"3";""
"202400001736";"155 778 713";"A01";"2";"33";"0";"2";"8";"11";"1";""
"202400001736";"155 778 715";"B01";"2";"7";"0";"2";"7";"1";"1";""
"202400001737";"155 778 712";"B01";"1";"7";"0";"2";"4";"23";"1";""
"202400001737";"155 778 714";"A01";"1";"10";"0";"2";"1";"2";"1";""
"202400001738";"155 778 709";"A01";"3";"7";"0";"2";"1";"5";"1";""
"202400001738";"155 778 711";"B01";"3";"7";"0";"2";"1";"0";"1";""
"202400001739";"155 778 708";"B01";"2";"7";"0";"2";"1";"15";"1";""
"202400001739";"155 778 710";"A01";"1";"33";"0";"2";"1";"1";"1";""
"202400001740";"155 778 706";"B01";"2";"7";"0";"2";"2";"1";"1";""
"202400001740";"155 778 707";"A01";"1";"10";"0";"2";"6";"4";"1";""
"202400001741";"155 778 704";"A01";"1";"30";"0";"2";"1";"1";"1";""
"202400001741";"155 778 705";"B01";"1";"7";"0";"2";"6";"1";"1";""
"202400001742";"155 778 703";"A01";"1";"7";"0";"1";"1";"1";"1";""
"202400001743";"155 778 701";"A01";"1";"7";"0";"2";"6";" -1";" -1";""
"202400001743";"155 778 702";"B01";"1";"31";"0";"2";"2";"18";" -1";""
"202400001744";"155 778 699";"A01";"1";"7";"0";"2";"0";"0";"1";""
"202400001744";"155 778 700";"B01";"2";"31";"0";"2";"3";"0";"1";""
"202400001745";"155 778 696";"B01";"2";"33";"0";"2";"1";"1";"1";""
"202400001745";"155 778 697";"A01";"1";"7";"0";"2";"7";"15";"1";""
"202400001746";"155 778 695";"A01";"1";"7";"0";"2";"2";"15";"1";""
"202400001746";"155 778 698";"B01";"2";"30";"0";"2";"1";"15";"3";""
"202400001747";"155 778 694";"A01";"3";"7";"7";"0";"1";"1";"1";""
"202400001748";"155 778 691";"A01";"2";"10";"0";"2";"1";"1";"1";""
"202400001748";"155 778 693";"B01";"2";"7";"0";"2";"4";"0";"1";""
"202400001749";"155 778 690";"A01";"3";"7";"0";"2";"5";"15";"1";""
"202400001749";"155 778 692";"B01";"1";"34";"0";"2";"1";"1";"1";""
"202400001750";"155 778 688";"A01";"1";"10";"0";"1";"4";"20";"0";""
"202400001751";"155 778 687";"B01";"1";"7";"0";"2";"8";"1";"1";""
"202400001751";"155 778 689";"A01";"2";"7";"0";"2";"3";"13";"1";""
"202400001752";"155 778 686";"A01";"1";"10";"0";"1";"1";"1";"1";""
"202400001753";"155 778 685";"A01";"3";"10";"0";"1";"0";"1";"1";""
"202400001754";"155 778 684";"A01";"3";"10";"0";"1";"2";"10";"1";""
"202400001755";"155 778 682";"B01";"2";"33";"0";"2";"1";"26";"1";""
"202400001755";"155 778 683";"A01";"1";"10";"16";"2";"3";"19";"1";""
"202400001756";"155 778 680";"B01";"0";"7";"0";"2";"5";"1";"1";""
"202400001756";"155 778 681";"A01";"0";"30";"0";"2";"1";"1";"1";""
"202400001757";"155 778 678";"A01";"3";"7";"0";"1";"2";"15";"1";""
"202400001758";"155 778 677";"A01";"0";"7";"0";"2";"1";"1";"1";""
"202400001758";"155 778 679";"B01";"0";"7";"0";"2";"4";"0";"1";""
"202400001759";"155 778 676";"A01";"2";"7";"0";"1";"2";"15";"1";""
"202400001760";"155 778 675";"A01";"3";"10";"0";"1";"1";"2";"1";""
"202400001761";"155 778 674";"A01";"1";"7";"0";"1";"1";"9";"1";""
"202400001762";"155 778 669";"A01";"2";"7";"0";"2";"1";"2";"1";""
"202400001762";"155 778 670";"B01";"2";"7";"0";"2";"4";"2";"1";""
"202400001762";"155 778 672";"C01";"2";"7";"0";"2";"4";"1";"1";""
"202400001763";"155 778 666";"A01";"3";"10";"0";"2";"3";"19";"1";""
"202400001763";"155 778 668";"B01";"3";"33";"0";"2";"1";"1";"1";""
"202400001764";"155 778 663";"B01";"1";"50";"0";"2";"8";"1";"3";""
"202400001764";"155 778 664";"A01";"1";"7";"0";"2";"0";"1";"1";""
"202400001765";"155 778 661";"A01";"1";"33";"0";"2";"1";"1";"1";""
"202400001765";"155 778 662";"B01";"1";"7";"0";"2";"5";"1";"1";""
"202400001766";"155 778 659";"A01";"2";"7";"0";"2";"3";"1";"1";""
"202400001766";"155 778 660";"B01";"1";"7";"0";"2";"6";"1";"1";""
"202400001767";"155 778 657";"A01";"2";"7";"2";"0";"1";"1";"1";""
"202400001768";"155 778 653";"A01";"2";"7";"9";"0";"1";"6";"1";""
"202400001769";"155 778 651";"E01";"2";"7";"0";"2";"4";"1";"1";""
"202400001769";"155 778 652";"F01";"2";"7";"0";"2";"4";"1";"3";""
"202400001769";"155 778 654";"B01";"2";"7";"0";"2";"4";"1";"1";""
"202400001769";"155 778 655";"D01";"2";"10";"0";"2";"4";"1";"1";""
"202400001769";"155 778 656";"C01";"2";"7";"0";"2";"4";"1";"1";""
"202400001769";"155 778 658";"A01";"2";"7";"0";"2";"1";"1";"1";""
"202400001770";"155 778 650";"A01";"1";"99";"0";"1";"1";"15";"3";""
"202400001771";"155 778 648";"A01";"1";"2";"0";"2";"2";"2";"1";""
"202400001771";"155 778 649";"B01";"1";"7";"0";"2";"6";"23";"1";""
"202400001772";"155 778 646";"B01";"1";"7";"0";"2";"1";"1";"1";""
"202400001772";"155 778 647";"A01";"2";"80";"0";"2";"8";"19";"3";""
"202400001773";"155 778 644";"A01";"3";"7";"0";"1";"2";"1";"1";""
"202400001774";"155 778 643";"A01";"3";"7";"0";"2";"1";"1";"1";""
"202400001774";"155 778 645";"B01";"3";"7";"0";"2";"4";"23";"1";""
"202400001775";"155 778 640";"A01";"3";"7";"0";"2";"1";"1";"1";""
"202400001775";"155 778 642";"B01";"3";"50";"0";"2";"7";"1";"3";""
"202400001776";"155 778 639";"A01";"0";"7";"0";"2";"2";"1";"1";""
"202400001776";"155 778 641";"B01";"0";"7";"0";"2";"1";"1";"1";""
"202400001777";"155 778 636";"A01";"2";"7";"0";"2";"7";"1";"1";""
"202400001777";"155 778 637";"B01";"1";"32";"0";"2";"1";"1";"1";""
"202400001778";"155 778 635";"B01";"3";"7";"0";"2";"2";"15";"1";""
"202400001778";"155 778 638";"A01";"3";"7";"0";"2";"1";"1";"1";""
"202400001779";"155 778 633";"B01";"1";"15";"0";"2";"3";"2";"1";""
"202400001779";"155 778 634";"A01";"1";"7";"0";"2";"5";"9";"1";""
"202400001780";"155 778 631";"B01";"2";"7";"0";"2";"3";"1";"1";""
"202400001780";"155 778 632";"A01";"1";"7";"0";"2";"1";"15";"1";""
"202400001781";"155 778 629";"B01";"0";"7";"7";"2";"3";"1";"1";""
"202400001781";"155 778 630";"A01";"0";"7";"0";"2";"1";"15";"1";""
"202400001782";"155 778 628";"A01";"2";"7";"0";"1";"4";"20";"1";""
"202400001783";"155 778 626";"A01";"3";"7";"0";"2";"5";"16";"1";""
"202400001783";"155 778 627";"B01";"0";"1";"0";"2";"8";"1";"5";""
"202400001784";"155 778 624";"B01";"2";"7";"0";"2";"1";"17";"1";""
"202400001784";"155 778 625";"A01";"2";"7";"0";"2";"3";"15";"1";""
"202400001785";"155 778 622";"A01";"3";"7";"9";"2";"1";"13";"1";""
"202400001785";"155 778 623";"B01";"2";"7";"0";"2";"3";"1";"1";""
"202400001786";"155 778 619";"A01";"1";"33";"0";"2";"1";"26";"1";""
"202400001786";"155 778 620";"B01";"1";"7";"0";"2";"6";"15";"1";""
"202400001787";"155 778 618";"A01";"3";"7";"0";"2";"3";"16";"1";""
"202400001787";"155 778 621";"B01";"3";"10";"0";"2";"2";"1";"1";""
"202400001788";"155 778 615";"A01";"3";"1";"0";"2";"1";"26";"5";""
"202400001788";"155 778 617";"B01";"3";"7";"0";"2";"6";"20";"1";""
"202400001789";"155 778 614";"A01";"1";"32";"0";"2";"1";"15";"1";""
"202400001789";"155 778 616";"B01";"1";"7";"0";"2";"8";"1";"1";""
"202400001790";"155 778 611";"A01";"2";"33";"0";"2";"1";"1";"1";""
"202400001790";"155 778 613";"B01";"1";"7";"0";"2";"5";"15";"2";""
"202400001791";"155 778 612";"A01";"1";"7";"0";"1";"2";"16";"1";""
"202400001792";"155 778 608";"A01";"3";"7";"0";"2";"3";"23";"1";""
"202400001792";"155 778 610";"B01";"3";"50";"0";"2";"7";"15";"3";""
"202400001793";"155 778 606";"A01";"3";"7";"0";"1";"1";"15";"1";""
"202400001794";"155 778 604";"C01";"1";"7";"0";"2";"4";"1";"1";""
"202400001794";"155 778 605";"A01";"1";"7";"0";"2";"1";"1";"1";""
"202400001794";"155 778 607";"B01";"1";"7";"0";"2";"9";"1";"1";""
"202400001795";"155 778 602";"B01";"2";"30";"0";"2";"0";"1";"1";""
"202400001796";"155 778 601";"A01";"3";"7";"0";"2";"1";"16";"1";""
"202400001796";"155 778 603";"B01";"3";"1";"0";"2";"8";"19";"5";""
"202400001797";"155 778 598";"B01";"2";"33";"0";"2";"7";"2";"1";""
"202400001797";"155 778 600";"A01";"2";"7";"0";"2";"6";"20";"1";""
"202400001798";"155 778 597";"B01";"1";"7";"0";"2";"4";"2";"2";""
"202400001798";"155 778 599";"A01";"1";"31";"0";"2";"1";"2";"1";""
"202400001799";"155 778 596";"A01";"3";"3";"0";"0";"0";"0";"3";""
"202400001800";"155 778 595";"A01";"1";"7";"1";"0";"9";"15";"1";""
"202400001801";"155 778 593";"B01";"2";"33";"0";"2";"1";"1";"1";""
"202400001801";"155 778 594";"A01";"1";"7";"0";"2";"5";"15";"2";""
"202400001802";"155 778 591";"A01";"3";"33";"4";"0";"8";"13";"1";""
"202400001803";"155 778 590";"A01";"3";"10";"0";"2";"8";"24";"1";""
"202400001803";"155 778 592";"B01";"2";"1";"1";"0";"2";"21";"5";""
"202400001804";"155 778 589";"A01";"3";"33";"2";"0";"1";"21";"1";""
"202400001805";"155 778 587";"A01";"1";"7";"0";"2";"3";"10";"1";""
"202400001805";"155 778 588";"B01";"1";"33";"0";"2";"2";"1";"1";""
"202400001806";"155 778 586";"A01";"2";"30";"0";"0";"0";"26";"1";""
"202400001807";"155 778 584";"A01";"1";"50";"0";"2";"1";"16";"3";""
"202400001807";"155 778 585";"B01";"2";"7";"0";"9";"2";"16";"1";""
"202400001808";"155 778 581";"A01";"2";"32";"0";"1";"1";"7";"1";""
"202400001809";"155 778 582";"A01";"1";"7";"0";"2";"1";"2";"1";""
"202400001809";"155 778 583";"B01";"1";"7";"0";"2";"4";"1";"1";""
"202400001810";"155 778 579";"A01";"2";"7";"0";"1";"3";"17";"1";""
"202400001811";"155 778 578";"B01";"3";"1";"0";"0";"0";"1";"5";""
"202400001811";"155 778 580";"A01";"3";"7";"0";"2";"1";"2";"1";""
"202400001812";"155 778 576";"B01";"2";"7";"0";"2";"1";"1";"1";""
"202400001812";"155 778 577";"A01";"2";"7";"0";"2";"7";"1";"1";""
"202400001813";"155 778 572";"B01";"1";"7";"0";"2";"7";"1";"1";""
"202400001813";"155 778 575";"A01";"2";"50";"0";"2";"3";"9";"3";""
"202400001814";"155 778 571";"A01";"2";"7";"0";"1";"1";"1";"1";""
"202400001815";"155 778 569";"A01";"3";"7";"6";"0";"1";"1";"1";""
"202400001816";"155 778 568";"A01";"1";"33";"0";"2";"3";"26";"1";""
"202400001816";"155 778 570";"B01";"2";"7";"0";"2";"2";"10";"1";""
"202400001817";"155 778 565";"A01";"1";"1";"0";"2";"2";"1";"5";""
"202400001817";"155 778 566";"B01";"1";"7";"0";"2";"0";"9";" -1";""
"202400001818";"155 778 564";"A01";"2";"1";"0";"2";"7";"19";"5";""
"202400001818";"155 778 567";"B01";"2";"7";"0";"2";"2";"16";"1";""
"202400001819";"155 778 562";"A01";"2";"14";"0";"2";"5";"16";"1";""
"202400001819";"155 778 563";"B01";"3";"1";"0";"2";"0";"0";"5";""
"202400001820";"155 778 559";"A01";"3";"10";"0";"2";"2";"16";"1";""
"202400001820";"155 778 561";"B01";"3";"2";"0";"2";"8";"1";"1";""
"202400001821";"155 778 558";"B01";"2";"1";"0";"2";"8";"1";"5";""
"202400001821";"155 778 560";"A01";"3";"7";"0";"2";"8";"2";"1";""
"202400001822";"155 778 556";"B01";"1";"7";"0";"2";"1";"15";"1";""
"202400001822";"155 778 557";"A01";"1";"32";"0";"2";"1";"1";"1";""
"202400001823";"155 778 552";"A01";"2";"7";"0";"2";"3";"10";"1";""
"202400001823";"155 778 554";"B01";"2";"32";"0";"2";"1";"2";"1";""
"202400001824";"155 778 553";"A01";"2";"7";"0";"2";"1";"1";"1";""
"202400001824";"155 778 555";"B01";"2";"7";"0";"2";"4";"23";"1";""
"202400001825";"155 778 549";"A01";"3";"14";"0";"2";"7";"12";"1";""
"202400001825";"155 778 551";"B01";"3";"7";"0";"2";"8";"1";"1";""
"202400001826";"155 778 548";"B01";"2";"7";"0";"2";"1";"1";"1";""
"202400001826";"155 778 550";"A01";"1";"50";"0";"2";"7";"1";"3";""
"202400001827";"155 778 547";"A01";"1";"30";"1";"0";"1";"0";"1";""
"202400001828";"155 778 544";"A01";"1";"33";"0";"2";"1";"17";"1";""
"202400001828";"155 778 546";"B01";"1";"7";"0";"2";"3";"1";"1";""
"202400001829";"155 778 545";"A01";"1";"7";"0";"1";"4";"15";"1";""
"202400001830";"155 778 543";"A01";"3";"50";"0";"0";"0";"0";"3";""
"202400001831";"155 778 541";"A01";"1";"7";"0";"2";"1";"1";"1";""
"202400001831";"155 778 542";"B01";"1";"7";"0";"2";"8";"13";"1";""
"202400001832";"155 778 539";"A01";"1";"7";"0";"1";"1";"1";"0";""
"202400001833";"155 778 540";"A01";"1";"7";"0";"0";"0";"12";"1";""
"202400001834";"155 778 537";"B01";"1";"10";"0";"2";"4";"1";"1";""
"202400001834";"155 778 538";"A01";"1";"7";"0";"2";"1";"14";"1";""
"202400001835";"155 778 535";"A01";"1";"7";"0";"2";"1";"26";"1";""
"202400001835";"155 778 536";"B01";"1";"99";"0";"0";"0";"0";"3";""
"202400001836";"155 778 534";"A01";"0";"0";"0";"1";"2";"0";" -1";""
"202400001837";"155 778 532";"B01";"2";"31";"0";"2";"3";"1";"1";""
"202400001837";"155 778 533";"A01";"1";"2";"0";"2";"3";"5";"1";""
"202400001838";"155 778 531";"A01";"3";"7";"4";"0";"1";"0";"1";""
"202400001839";"155 778 530";"B01";"1";"2";"0";"1";"1";"1";"1";""
"202400001840";"155 778 528";"A01";"0";"7";"0";"2";"2";"10";"1";""
"202400001840";"155 778 529";"B01";"0";"32";"0";"2";"1";"1";"1";""
"202400001841";"155 778 527";"A01";"1";"1";"0";"0";"0";"1";"5";""
"202400001842";"155 778 524";"C01";"2";"1";"1";"2";"1";"2";"5";""
"202400001842";"155 778 525";"A01";"2";"7";"1";"9";"1";"20";"1";""
"202400001842";"155 778 526";"D01";"2";"7";"0";"9";"0";"1";"2";""
"202400001843";"155 778 522";"A01";"1";"7";"0";"2";"2";"15";"1";""
"202400001843";"155 778 523";"B01";"2";"32";"0";"2";"1";"1";"1";""
"202400001844";"155 778 520";"B01";"1";"7";"0";"2";"2";"23";"3";""
"202400001844";"155 778 521";"A01";"1";"2";"0";"2";"1";"18";"3";""
"202400001845";"155 778 517";"B01";"2";"10";"0";"2";"1";"1";"1";""
"202400001845";"155 778 519";"A01";"1";"10";"0";"2";"1";"13";"1";""
"202400001846";"155 778 516";"A01";"3";"1";"14";"0";"0";"1";"5";""
"202400001847";"155 778 514";"A01";"2";"1";"0";"2";"1";"2";"5";""
"202400001847";"155 778 515";"B01";"3";"1";"0";"2";"8";"19";"5";""
"202400001848";"155 778 513";"A01";"2";"33";"0";"1";"1";"7";"1";""
"202400001849";"155 778 511";"A01";"1";"7";"0";"2";"3";"0";"1";""
"202400001849";"155 778 512";"B01";"2";"7";"0";"2";"5";"1";"1";""
"202400001850";"155 778 510";"A01";"2";"7";"0";"0";"1";"1";"1";""
"202400001851";"155 778 508";"A01";"2";"7";"0";"2";"3";"9";"1";""
"202400001851";"155 778 509";"B01";"3";"30";"0";"2";"1";"0";"1";""
"202400001852";"155 778 506";"A01";"2";"7";"5";"2";"1";"1";"1";""
"202400001852";"155 778 507";"B01";"1";"7";"0";"2";"1";"1";"1";""