"Num_Acc";"id_vehicule";"num_veh";"senc";"catv";"obs";"obsm";"choc";"manv";"motor";"occutc"
"202400001853";"155 778 504";"B01";"2";"7";"0";"2";"2";"17";"1";""
"202400001853";"155 778 505";"A01";"2";"10";"0";"2";"3";"11";"1";""
"202400001854";"155 778 502";"B01";"2";"31";"0";"2";"8";"1";"1";""
"202400001854";"155 778 503";"A01";"2";"7";"0";"2";"2";"10";"1";""
"202400001855";"155 778 501";"A01";"1";"7";"0";"0";"9";"14";"1";""
"202400001856";"155 778 500";"A01";"3";"10";"0";"1";"1";"1";"1";""
"202400001857";"155 778 498";"B01";"2";"7";"0";"2";"1";"1";"2";""
"202400001857";"155 778 499";"A01";"2";"30";"0";"2";"7";"19";"1";""
"202400001858";"155 778 496";"B01";"1";"2";"0";"2";"5";"17";"1";""
"202400001858";"155 778 497";"A01";"1";"7";"0";"0";"0";"0";"2";""
"202400001859";"155 778 495";"Z01";"0";"0";"0";"1";"0";"0";"0";""
"202400001860";"155 778 493";"A01";"2";"50";"0";"2";"1";"1";"3";""
"202400001860";"155 778 494";"B01";"1";"10";"0";"2";"8";"1";"1";""
"202400001861";"155 778 492";"A01";"3";"32";"0";"1";"1";"1";"1";""
"202400001862";"155 778 491";"A01";"3";"7";"0";"1";"2";"1";"1";""
"202400001863";"155 778 490";"A01";"0";"31";"0";"0";"0";"1";"1";""
"202400001864";"155 778 488";"B01";"2";"33";"0";"2";"1";"2";"1";""
"202400001864";"155 778 489";"A01";"2";"7";"0";"2";"6";"2";"1";""
"202400001865";"155 778 487";"A01";"3";"7";"6";"0";"1";"26";"1";""
"202400001866";"155 778 485";"B01";"1";"1";"0";"2";"1";"1";"5";""
"202400001866";"155 778 486";"A01";"1";"7";"0";"9";"3";"9";"1";""
"202400001867";"155 778 482";"A01";"2";"33";"0";"2";"1";"1";"1";""
"202400001867";"155 778 483";"B01";"2";"7";"0";"2";"6";"23";"1";""
"202400001867";"155 778 484";"C01";"1";"7";"0";"2";"3";"1";"1";""
"202400001868";"155 778 480";"A01";"2";"32";"6";"0";"1";"1";"1";""
"202400001869";"155 778 477";"B01";"3";"99";"0";"2";"1";"0";"6";""
"202400001869";"155 778 478";"A01";"3";"7";"0";"9";"1";"0";"1";""
"202400001870";"155 778 476";"A01";"1";"7";"0";"0";"0";"1";"1";""
"202400001870";"155 778 481";"B01";"2";"1";"0";"0";"0";"0";"5";""
"202400001871";"155 778 479";"A01";"2";"1";"0";"0";"0";"0";"5";""
"202400001872";"155 778 474";"A01";"3";"7";"0";"4";"5";"15";"1";""
"202400001872";"155 778 475";"B01";"3";"40";"0";"2";"1";"1";"3";""
"202400001873";"155 778 471";"A01";"1";"7";"0";"2";"3";"13";"1";""
"202400001873";"155 778 473";"B01";"2";"7";"0";"2";"3";"1";"1";""
"202400001874";"155 778 470";"A01";"2";"7";"0";"0";"1";"16";"1";""
"202400001875";"155 778 469";"A01";"2";"7";"0";"2";"7";"16";"1";""
"202400001875";"155 778 472";"B01";"3";"1";"0";"2";"1";"2";"5";""
"202400001876";"155 778 467";"A01";"0";"36";"0";"5";"1";"1";"1";""
"202400001877";"155 778 466";"B01";"1";"33";"0";"2";"1";"3";"1";""
"202400001877";"155 778 468";"A01";"1";"7";"0";"2";"2";"12";"1";""
"202400001878";"155 778 464";"BZ01";"1";"7";"0";"1";"1";"1";"1";""
"202400001879";"155 778 463";"A01";"2";"17";"0";"2";"1";"1";"1";""
"202400001879";"155 778 465";"B01";"1";"7";"0";"2";"1";"1";"1";""
"202400001880";"155 778 460";"A01";" -1";"39";"0";"1";"1";"1";" -1";""
"202400001881";"155 778 459";"A01";"3";"33";"0";"1";"0";"0";"0";""
"202400001882";"155 778 458";"B01";"1";"7";"0";"2";"4";"2";"1";""
"202400001882";"155 778 461";"C01";"1";"7";"0";"2";"4";"2";"2";""
"202400001882";"155 778 462";"A01";"1";"7";"0";"2";"1";"2";"1";""
"202400001883";"155 778 456";"B01";"0";"7";"0";"2";"1";"1";"1";""
"202400001883";"155 778 457";"A01";" -1";"50";"0";"2";"3";"15";"3";""
"202400001884";"155 778 454";"A01";"3";"30";"0";"2";"1";"17";"1";""
"202400001884";"155 778 455";"B01";"3";"7";"0";"2";"6";"15";"1";""
"202400001885";"155 778 452";"A01";"3";"33";"0";"0";"0";"1";"1";""
"202400001886";"155 778 451";"A01";"3";"7";"0";"1";"1";"1";"1";""
"202400001887";"155 778 449";"B01";"3";"40";"0";"2";"1";"1";"3";""
"202400001887";"155 778 450";"A01";"1";"37";"0";"4";"5";"19";"2";"13"
"202400001888";"155 778 446";"B01";"1";"1";"0";"2";"1";"1";"5";""
"202400001888";"155 778 448";"A01";"2";"7";"0";"9";"3";"15";"1";""
"202400001889";"155 778 447";"A01";"0";"7";"0";"1";"3";"15";"1";""
"202400001890";"155 778 445";"A01";"1";"7";"0";"1";"2";"1";"2";""
"202400001891";"155 778 444";"A01";"3";"7";"0";"1";"1";"1";"1";""
"202400001892";"155 778 442";"A01";"3";"7";"0";"2";"2";"1";"1";""
"202400001892";"155 778 443";"B01";"3";"60";"0";"2";"1";"2";"5";""
"202400001893";"155 778 439";"A01";"1";"7";"0";"2";"8";"22";"1";""
"202400001893";"155 778 441";"B01";"1";"80";"1";"0";"1";"0";"3";""
"202400001894";"155 778 438";"A01";"2";"33";"0";"2";"3";"1";"1";""
"202400001894";"155 778 440";"B01";"1";"21";"0";"2";"3";"15";"1";""
"202400001895";"155 778 437";"A01";"2";"10";"0";"1";"1";"18";"0";""
"202400001896";"155 778 436";"A01";"2";"7";"2";"0";"1";"1";"1";""
"202400001897";"155 778 435";"Z01";"1";"50";"0";"1";"4";"25";"3";""
"202400001898";"155 778 434";"A01";"0";"17";"0";"1";"2";"4";"0";""
"202400001899";"155 778 433";"A01";"2";"37";"0";"1";"1";"2";"1";"1"
"202400001900";"155 778 430";"B01";"1";"33";"0";"2";"1";"17";"1";""
"202400001900";"155 778 432";"A01";"1";"7";"0";"2";"3";"10";"1";""
"202400001901";"155 778 428";"A01";"2";"7";"0";"2";"3";"23";"1";""
"202400001901";"155 778 431";"B01";"1";"7";"0";"2";"1";"1";"1";""
"202400001902";"155 778 427";"B01";"0";"50";"0";"2";"1";"5";"3";""
"202400001902";"155 778 429";"A01";"0";"7";"0";"2";"3";"9";"1";""
"202400001903";"155 778 423";"A01";"3";"7";"0";"0";"3";"15";"1";""
"202400001903";"155 778 425";"B01";"3";"33";"0";"0";"1";"0";"1";""
"202400001904";"155 778 424";"B01";"2";"33";"0";"2";"1";"2";"1";""
"202400001904";"155 778 426";"A01";"2";"7";"0";"2";"3";"10";"1";""
"202400001905";"155 778 422";"A01";"2";"7";"0";"1";"3";"1";"1";""
"202400001906";"155 778 420";"A01";"2";"14";"0";"1";"2";"1";"1";""
"202400001907";"155 778 419";"A01";"1";"1";"0";"2";"1";"1";"5";""
"202400001907";"155 778 421";"B01";"1";"10";"0";"2";"8";"15";"1";""
"202400001908";"155 778 416";"B01";"2";"1";"0";"2";"0";"0";"5";""
"202400001908";"155 778 417";"A01";"2";"7";"0";"2";"0";"0";"1";""
"202400001909";"155 778 414";"A01";"2";"43";"0";"9";"2";"1";"1";""
"202400001909";"155 778 418";"B01";"2";"1";"0";"2";"3";"11";"5";""
"202400001910";"155 778 413";"A01";"3";"33";"0";"2";"3";"18";"1";""
"202400001910";"155 778 415";"B01";"3";"1";"0";"2";"7";"14";"5";""
"202400001911";"155 778 412";"A01";"2";"10";"2";"0";"0";"1";"1";""
"202400001912";"155 778 407";"B01";"1";"50";"0";"2";"1";"1";"3";""
"202400001912";"155 778 411";"A01";"1";"7";"0";"2";"7";"26";"1";""
"202400001913";"155 778 409";"A01";"2";"7";"0";"2";"3";"17";"1";""
"202400001913";"155 778 410";"B01";"1";"1";"0";"2";"2";"17";"5";""
"202400001914";"155 778 406";"B01";"1";"30";"0";"2";"8";"1";"0";""
"202400001914";"155 778 408";"A01";"2";"7";"0";"2";"1";"15";"1";""
"202400001915";"155 778 404";"A01";"1";"10";"0";"1";"2";"16";"1";""
"202400001916";"155 778 403";"A01";"2";"30";"0";"0";"0";"26";"1";""
"202400001917";"155 778 402";"A01";"0";"7";"0";"2";"1";"9";"2";""
"202400001917";"155 778 405";"B01";"0";"1";"0";"2";"4";"12";"5";""
"202400001918";"155 778 398";"B01";"2";"33";"0";"2";"8";"1";"1";""
"202400001918";"155 778 401";"A01";"2";"7";"0";"2";"1";"1";"2";""
"202400001919";"155 778 399";"A01";"1";"50";"0";"1";"1";"25";"3";""
"202400001920";"155 778 397";"A01";"1";"43";"0";"2";"1";"2";"1";""
"202400001920";"155 778 400";"B01";"1";"7";"0";"2";"4";"2";"1";""
"202400001921";"155 778 393";"A01";"1";"7";"0";"2";"3";"15";"1";""
"202400001921";"155 778 395";"B01";"2";"30";"0";"2";"0";"1";"1";""
"202400001922";"155 778 392";"A01";"3";"33";"0";"2";"1";"12";"1";""
"202400001922";"155 778 396";"B01";"3";"7";"0";"2";"3";"1";"1";""
"202400001923";"155 778 391";"A01";"1";"33";"0";"2";"1";"1";"1";""
"202400001923";"155 778 394";"B01";"1";"7";"0";"2";"2";"9";"1";""
"202400001924";"155 778 389";"A01";"1";"30";"0";"2";"0";"9";"1";""
"202400001924";"155 778 390";"B01";"1";"7";"0";"2";"0";"1";"1";""
"202400001925";"155 778 387";"B01";"2";"1";"0";"2";"3";"1";"5";""
"202400001925";"155 778 388";"A01";"2";"1";"0";"2";"2";"14";"5";""
"202400001926";"155 778 386";"A01";"2";"7";"0";"1";"2";"1";"1";""
"202400001927";"155 778 383";"A01";"1";"7";"0";"2";"5";"14";"2";""
"202400001927";"155 778 385";"B01";"1";"1";"0";"2";"8";"1";"5";""
"202400001928";"155 778 382";"Z01";"3";"7";"0";"2";"1";"1";"1";""
"202400001928";"155 778 384";"B01";"3";"7";"0";"2";"2";"15";"1";""
"202400001929";"155 778 381";"A01";"2";"50";"0";"1";"1";"5";"3";""
"202400001930";"155 778 379";"A01";"1";"33";"0";"1";"1";"3";"1";""
"202400001931";"155 778 378";"B01";"1";"7";"0";"2";"4";"15";"1";""
"202400001931";"155 778 380";"A01";"1";"7";"0";"2";"1";"1";"1";""
"202400001932";"155 778 375";"Z01";"2";"7";"0";"0";"0";"18";"1";""
"202400001932";"155 778 377";"A01";"2";"30";"0";"0";"0";"2";"3";""
"202400001933";"155 778 376";"A01";"1";"50";"0";"0";"1";"1";"3";""
"202400001934";"155 778 374";"A01";"1";"1";"12";"2";"3";"6";"5";""
"202400001935";"155 778 373";"A01";"1";"7";"0";"1";"0";"14";"0";""
"202400001936";"155 778 372";"A01";"2";"50";"0";"0";" -1";"2";"3";""
"202400001937";"155 778 370";"B01";"2";"7";"0";"2";"9";"1";"1";""
"202400001937";"155 778 371";"A01";"1";"7";"0";"2";"2";"19";"1";""
"202400001938";"155 778 369";"A01";"1";"7";"0";"1";"2";"26";"1";""
"202400001939";"155 778 367";"A01";"2";"42";"0";"1";"8";"15";"0";""
"202400001940";"155 778 365";"A01";"2";"1";"0";"1";"1";"1";"5";""
"202400001941";"155 778 363";"B01";"3";"2";"0";"2";"1";"1";"1";""
"202400001941";"155 778 364";"A01";"3";"7";"0";"2";"1";"1";"1";""
"202400001942";"155 778 361";"B01";"0";"7";"0";"2";"1";"1";"1";""
"202400001942";"155 778 362";"A01";"3";"7";"0";"2";"5";"15";"1";""
"202400001943";"155 778 360";"A01";"2";"15";"4";"0";"1";"0";"1";""
"202400001944";"155 778 358";"A01";"1";"7";"0";"2";"5";"23";"1";""
"202400001944";"155 778 359";"B01";"1";"1";"0";"2";"1";"2";"5";""
"202400001945";"155 778 354";"A01";"0";"7";"0";"2";"2";"1";"1";""
"202400001945";"155 778 355";"B01";"0";"32";"0";"2";"1";"25";"1";""
"202400001946";"155 778 351";"A01";"2";"7";"0";"1";"2";"1";"1";""
"202400001947";"155 778 352";"B01";"2";"60";"0";"2";"1";"1";"5";""
"202400001947";"155 778 353";"A01";"1";"7";"0";"2";"1";"13";"1";""
"202400001948";"155 778 346";"A01";"1";"7";"13";"2";"8";"13";"1";""
"202400001948";"155 778 349";"B01";"2";"7";"0";"2";"1";"1";"1";""
"202400001949";"155 778 345";"C01";"1";"7";"0";"2";"4";"1";"1";""
"202400001949";"155 778 347";"D01";"1";"7";"0";"2";"4";"1";"1";""
"202400001949";"155 778 348";"A01";"1";"7";"0";"2";"1";"1";"1";""
"202400001949";"155 778 350";"B01";"1";"7";"0";"2";"4";"1";"1";""
"202400001950";"155 778 341";"A01";"1";"7";"1";"0";"2";"14";"1";""
"202400001950";"155 778 343";"B01";"1";"7";"1";"2";"6";"0";"1";""
"202400001951";"155 778 342";"B01";"1";"31";"0";"2";"7";"17";"1";""
"202400001951";"155 778 344";"A01";"1";"7";"0";"2";"8";"17";"1";""
"202400001952";"155 778 339";"A01";"3";"33";"14";"0";"1";"0";"1";""
"202400001953";"155 778 338";"B01";"3";"1";"0";"2";"1";"1";"5";""
"202400001953";"155 778 340";"A01";"1";"7";"14";"2";"2";"0";"1";""
"202400001954";"155 778 337";"A01";"2";"10";"0";"2";"2";"2";"1";""
"202400001955";"155 778 336";"A01";"3";"10";"0";"1";"2";"2";"1";""
"202400001956";"155 778 332";"A01";"1";"10";"0";"2";"1";"12";"1";""
"202400001956";"155 778 334";"B01";"1";"7";"0";"0";"4";"23";"1";""
"202400001956";"155 778 335";"C01";"1";"7";"0";"0";"4";"0";"1";""
"202400001957";"155 778 331";"B01";"1";"7";"0";"2";"1";"1";"1";""
"202400001957";"155 778 333";"A01";"0";"7";"0";"2";"1";"0";"1";""
"202400001958";"155 778 329";"B01";"3";"50";"0";"2";"1";"0";"3";""
"202400001958";"155 778 330";"Z01";"3";"7";"0";"9";"1";"0";"0";""
"202400001959";"155 778 327";"A01";"1";"7";"0";"0";"7";"15";"2";""
"202400001959";"155 778 328";"B01";"2";"33";"0";"2";"1";"1";"1";""
"202400001960";"155 778 326";"A01";"1";"33";"12";"0";"3";"16";"1";""
"202400001961";"155 778 323";"B01";"2";"33";"0";"2";"1";"1";"0";""
"202400001961";"155 778 324";"A01";"2";"0";"0";"2";"4";"18";"0";""
"202400001962";"155 778 320";"B01";"1";"7";"0";"2";"4";"2";"1";""
"202400001962";"155 778 321";"A01";"1";"7";"0";"2";"1";"2";"1";""
"202400001963";"155 778 319";"B01";"1";"7";"0";"2";"3";"1";"1";""
"202400001963";"155 778 322";"A01";"2";"7";"0";"2";"2";"15";"1";""
"202400001963";"155 778 325";"C01";"1";"7";"0";"0";"1";"23";"3";""
"202400001964";"155 778 317";"B01";"1";"7";"0";"2";"8";"15";"1";""
"202400001964";"155 778 318";"A01";"2";"7";"0";"2";"3";"1";"1";""
"202400001965";"155 778 315";"A01";"3";"10";"0";"0";"2";"1";"1";""
"202400001965";"155 778 316";"B01";"3";"10";"0";"2";"3";"1";"1";""
"202400001966";"155 778 313";"A01";"2";"7";"0";"2";"7";"15";"1";""
"202400001966";"155 778 314";"B01";"1";"33";"0";"2";"1";"1";"1";""
"202400001967";"155 778 311";"A01";"1";"7";"0";"2";"1";"17";"1";""
"202400001967";"155 778 312";"B01";"2";"7";"0";"2";"1";"1";"1";""
"202400001968";"155 778 310";"A01";"2";"7";"0";"1";"3";"1";"1";""
"202400001969";"155 778 309";"A01";"3";"7";"0";"1";"3";"9";"1";""
"202400001970";"155 778 308";"A01";"1";"32";"0";"1";"1";"1";"1";""
"202400001971";"155 778 306";"A01";"1";"36";"13";"0";"2";"14";"1";""
"202400001972";"155 778 304";"A01";"2";"10";"0";"2";"4";"2";"1";""
"202400001972";"155 778 305";"B01";"2";"10";"0";"2";"4";"2";"3";""
"202400001972";"155 778 307";"C01";"2";"10";"0";"2";"1";"2";"1";""
"202400001973";"155 778 302";"A01";"3";"10";"0";"2";"2";"5";"1";""
"202400001973";"155 778 303";"B01";"3";"43";"0";"2";"1";"0";"1";""
"202400001974";"155 778 300";"A01";"2";"7";"5";"0";"0";"1";"1";""
"202400001975";"155 778 299";"A01";"2";"14";"0";"2";"2";"17";"1";""
"202400001975";"155 778 301";"B01";"2";"1";"0";"2";"8";"1";"5";""
"202400001976";"155 778 298";"A01";"2";"33";"0";"0";"0";"2";"1";""
"202400001977";"155 778 295";"A01";"1";"7";"15";"9";"2";"13";"1";""
"202400001978";"155 778 296";"A01";"1";"7";"0";"2";"8";"19";"1";""
"202400001978";"155 778 297";"B01";"2";"43";"0";"2";"1";"1";"1";""
"202400001979";"155 778 294";"A01";"3";"33";"0";"0";"7";"15";"1";""
"202400001980";"155 778 292";"A01";"3";"31";"0";"0";"0";"1";"1";""
"202400001981";"155 778 289";"A01";"1";"7";"0";"2";"2";"15";"1";""
"202400001981";"155 778 291";"B01";"2";"33";"0";"2";"1";"1";"1";""
"202400001982";"155 778 288";"A01";"1";"7";"0";"2";"2";"26";"2";""
"202400001982";"155 778 290";"B01";"1";"7";"0";"2";"1";"1";"1";""
"202400001983";"155 778 287";"A01";"1";"1";"0";"0";"0";"1";"5";""
"202400001984";"155 778 285";"A01";"1";"1";"0";"2";"1";"1";"5";""
"202400001984";"155 778 286";"B01";"2";"34";"0";"2";"1";"1";"1";""
"202400001985";"155 778 283";"B01";"1";"7";"0";"0";"3";"9";"1";""
"202400001985";"155 778 284";"A01";"2";"2";"0";"0";"1";"1";"1";""
"202400001986";"155 778 282";"A01";"1";"15";"0";"1";"4";"4";"1";""
"202400001987";"155 778 280";"A01";"1";"7";"0";"2";"1";"1";"1";""
"202400001987";"155 778 281";"B01";"1";"7";"0";"2";"4";"1";"1";""
"202400001988";"155 778 279";"A01";"2";"10";"0";"1";"3";"1";"1";""
"202400001989";"155 778 277";"A01";"2";"7";"0";"2";"3";"13";"1";""
"202400001989";"155 778 278";"B01";"1";"7";"0";"2";"3";"1";"1";""
"202400001990";"155 778 275";"B01";"2";"1";"0";"2";"7";"0";"5";""
"202400001990";"155 778 276";"A01";"1";"7";"0";"9";"1";"0";"1";""
"202400001991";"155 778 274";"A01";"2";"2";"0";"1";"2";"17";"1";""
"202400001992";"155 778 272";"A01";"1";"33";"0";"2";"1";"17";"1";""
"202400001992";"155 778 273";"B01";"1";"32";"0";"2";"8";"15";"1";""
"202400001993";"155 778 270";"A01";"2";"7";"0";"2";"2";"12";"1";""
"202400001993";"155 778 271";"B01";"2";"33";"0";"2";"8";"0";"1";""
"202400001994";"155 778 267";"A01";"1";"10";"0";"2";"1";"19";"1";""
"202400001994";"155 778 268";"B01";"1";"7";"0";"2";"1";"1";"1";""
"202400001994";"155 778 269";"C01";"2";"7";"0";"2";"7";"1";"1";""
"202400001995";"155 778 266";"A01";"1";"7";"0";"1";"3";"1";"1";""
"202400001996";"155 778 264";"A01";"1";"7";"0";"2";"2";"15";"1";""
"202400001996";"155 778 265";"B01";"2";"7";"0";"2";"1";"1";"1";""
"202400001997";"155 778 263";"A01";"2";"33";"6";"0";"2";"17";"1";""
"202400001998";"155 778 262";"A01";"1";"7";"6";"0";"1";"1";"1";""
"202400001999";"155 778 261";"A01";"1";"1";"0";"0";"9";"0";"5";""
"202400002000";"155 778 260";"A01";"3";"7";"13";"0";"3";"1";"1";""
"202400002001";"155 778 258";"A01";"2";"7";"0";"2";"7";"17";"1";""
"202400002001";"155 778 259";"B01";"1";"7";"0";"2";"1";"1";"1";""
"202400002002";"155 778 256";"B01";"3";"10";"0";"0";"3";"19";"1";""
"202400002002";"155 778 257";"A01";"3";"7";"0";"2";"1";"1";"1";""
"202400002003";"155 778 253";"A01";"2";"7";"0";"2";"3";"5";"1";""
"202400002003";"155 778 254";"B01";"1";"7";"0";"2";"1";"1";"1";""
"202400002004";"155 778 252";"A01";"2";"7";"0";"2";"7";"17";"1";""
"202400002004";"155 778 255";"B01";"2";"1";"0";"2";"8";"1";"5";""
"202400002005";"155 778 251";"A01";"1";"7";"0";"1";"3";"2";"1";""
"202400002006";"155 778 250";"A01";"1";"7";"2";"0";"7";"1";"1";""
"202400002007";"155 778 248";"A01";"0";"7";"2";"0";"1";"1";"1";""
"202400002008";"155 778 247";"A01";"0";"50";"0";"2";"3";"5";"3";""
"202400002008";"155 778 249";"B01";"3";"7";"0";"2";"2";"1";"1";""
"202400002009";"155 778 243";"A01";"2";"7";"0";"2";"3";"13";"1";""
"202400002009";"155 778 244";"B01";"1";"7";"0";"2";"3";"1";"1";""
"202400002010";"155 778 242";"A01";"1";"7";"0";"2";"1";"5";"1";""
"202400002010";"155 778 245";"B01";"2";"33";"0";"2";"3";"1";"1";""
"202400002010";"155 778 246";"C01";"2";"7";"0";"2";"1";"1";"1";""
"202400002011";"155 778 240";"A01";"2";"7";"1";"0";"3";"10";"1";""
"202400002011";"155 778 241";"B01";"2";"31";"0";"0";"1";"17";"1";""
"202400002012";"155 778 239";"A01";"1";"1";"0";"1";"1";"1";"5";""
"202400002013";"155 778 235";"B01";"1";"7";"0";"9";"7";"1";"1";""
"202400002013";"155 778 237";"A01";"1";"50";"0";"2";"1";"19";"3";""
"202400002014";"155 778 234";"C01";"1";"7";"0";"2";"6";"1";"1";""
"202400002014";"155 778 236";"A01";"2";"7";"3";"2";"1";"5";"1";""
"202400002014";"155 778 238";"B01";"1";"7";"0";"2";"1";"1";"2";""
"202400002015";"155 778 232";"A01";"2";"7";"0";"2";"1";"1";"1";""
"202400002015";"155 778 233";"B01";"1";"10";"0";"2";"3";"15";"1";""
"202400002016";"155 778 228";"A01";"1";"33";"0";"2";"1";"13";"1";""
"202400002016";"155 778 230";"B01";"2";"7";"0";"2";"3";"1";"1";""
"202400002017";"155 778 229";"A01";"1";"31";"7";"0";"1";"14";"1";""
"202400002018";"155 778 226";"A01";"1";"7";"13";"0";"1";"0";"1";""
"202400002019";"155 778 222";"A01";"1";"34";"0";"2";"3";"26";"1";""
"202400002019";"155 778 224";"B01";"1";"10";"0";"2";"1";"26";"1";""
"202400002020";"155 778 221";"A01";"2";"7";"0";"2";"4";"2";"1";""
"202400002020";"155 778 223";"B01";"2";"7";"0";"2";"4";"2";"1";""
"202400002020";"155 778 225";"C01";"2";"7";"0";"2";"4";"2";"1";""
"202400002020";"155 778 227";"D01";"2";"7";"0";"2";"4";"2";"2";""
"202400002021";"155 778 220";"A01";"1";"7";"2";"0";"8";"14";"1";""
"202400002022";"155 778 219";"A01";"0";"33";"0";"0";"8";"0";"1";""
"202400002023";"155 778 218";"A01";"1";"7";"0";"2";"1";"13";"1";""
"202400002024";"155 778 215";"A01";"0";"7";"0";"0";"6";"15";"1";""
"202400002024";"155 778 217";"B01";"0";"33";"0";"2";"1";"11";"1";""
"202400002025";"155 778 214";"A01";"2";"7";"0";"2";"2";"2";"0";""
"202400002025";"155 778 216";"B01";"2";"33";"0";"2";"1";"3";"1";""
"202400002026";"155 778 213";"A01";"2";"7";"16";"6";"1";"0";"1";""
"202400002027";"155 778 212";"A01";"2";"7";"4";"0";"1";"13";"1";""
"202400002028";"155 778 209";"B01";"0";"7";"0";"2";"1";"2";"1";""
"202400002028";"155 778 211";"A01";"3";"7";"0";"0";"6";"2";"1";""
"202400002029";"155 778 207";"A01";"1";"10";"0";"2";"1";"2";"1";""
"202400002029";"155 778 208";"B01";"1";"7";"0";"2";"4";"2";"1";""
"202400002029";"155 778 210";"C01";"1";"7";"0";"2";"1";"21";"1";""
"202400002030";"155 778 206";"A01";"1";"7";"15";"0";"1";"1";"1";""
"202400002031";"155 778 204";"A01";"2";"2";"1";"0";"1";"1";"1";""
"202400002032";"155 778 201";"A01";"2";"7";"3";"0";"8";"13";"1";""
"202400002033";"155 778 202";"A01";"2";"43";"0";"2";"1";"3";"1";""
"202400002033";"155 778 203";"C01";"2";"7";"0";"2";"7";"1";"1";""
"202400002033";"155 778 205";"B01";"2";"7";"0";"2";"5";"14";"3";""
"202400002034";"155 778 200";"A01";"1";"7";"2";"0";"1";"1";"1";""
"202400002035";"155 778 199";"A01";"1";"33";"3";"0";"8";"1";"1";""
"202400002036";"155 778 196";"A01";"1";"7";"0";"2";"1";"1";"1";""
"202400002036";"155 778 198";"B01";"1";"7";"0";"0";"4";"1";"1";""
"202400002037";"155 778 195";"A01";"1";"7";"0";"2";"1";"1";"1";""
"202400002037";"155 778 197";"B01";"1";"7";"0";"2";"4";"1";"1";""
"202400002038";"155 778 194";"A01";"3";"7";"0";"1";"2";"1";"1";""
"202400002039";"155 778 192";"B01";"2";"7";"0";"2";"6";"0";"1";""
"202400002039";"155 778 193";"A01";"2";"43";"0";"2";"3";"1";"1";""
"202400002040";"155 778 190";"A01";"2";"33";"0";"2";"1";"2";"1";""
"202400002040";"155 778 191";"B01";"2";"7";"0";"2";"4";"2";"1";""
"202400002041";"155 778 189";"A01";"1";"30";"0";"0";"3";"1";"1";""
"202400002042";"155 778 188";"A01";"1";"31";"0";"1";"1";"26";"3";""
"202400002043";"155 778 185";"A01";"2";"43";"0";"2";"1";"11";"1";""
"202400002043";"155 778 186";"B01";"2";"10";"0";"2";"6";"23";"1";""
"202400002043";"155 778 187";"C01";"2";"7";"0";"2";"6";"23";"1";""
"202400002044";"155 778 184";"A01";"1";"31";"0";"1";"7";"14";"1";""
"202400002045";"155 778 179";"B01";"1";"7";"0";"2";"3";"2";"1";""
"202400002045";"155 778 181";"A01";"1";"7";"0";"2";"5";"2";"1";""
"202400002045";"155 778 182";"C01";"1";"7";"0";"2";"1";"2";"1";""
"202400002045";"155 778 183";"Z01";"0";"7";"0";"0";"0";"0";"0";""
"202400002046";"155 778 178";"A01";"1";"10";"0";"2";"7";"23";"1";""
"202400002046";"155 778 180";"B01";"1";"2";"0";"2";"2";"18";"1";""
"202400002047";"155 778 175";"B01";"1";"10";"0";"1";"3";"19";"0";""
"202400002048";"155 778 174";"C01";"1";"7";"0";"2";"4";"23";"1";""
"202400002048";"155 778 176";"A01";"1";"7";"0";"2";"1";"1";"1";""
"202400002048";"155 778 177";"B01";"1";"7";"1";"0";"4";"23";"1";""
"202400002049";"155 778 171";"B01";"1";"7";"0";"2";"1";"1";"1";""
"202400002049";"155 778 173";"A01";"1";"7";"0";"2";"4";"1";"2";""
"202400002050";"155 778 172";"A01";"1";"7";"0";"1";"3";"26";"1";""
"202400002051";"155 778 167";"B01";"1";"7";"0";"2";"4";"23";"1";""
"202400002051";"155 778 168";"C01";"1";"10";"0";"2";"4";"23";"1";""
"202400002051";"155 778 170";"A01";"1";"7";"0";"2";"1";"1";"1";""
"202400002052";"155 778 166";"A01";"2";"7";"0";"2";"1";"1";"1";""
"202400002052";"155 778 169";"B01";"1";"7";"0";"2";"2";"9";"1";""
"202400002053";"155 778 164";"A01";"2";"33";"0";"2";"7";"12";"1";""
"202400002053";"155 778 165";"B01";"2";"7";"0";"2";"6";"1";"1";""
"202400002054";"155 778 162";"B01";"3";"33";"0";"2";"8";"9";"1";""
"202400002054";"155 778 163";"A01";"1";"32";"0";"2";"1";"17";"1";""
"202400002055";"155 778 157";"A01";"2";"7";"0";"2";"3";"1";"1";""
"202400002055";"155 778 159";"B01";"2";"7";"0";"2";"4";"1";"1";""
"202400002055";"155 778 160";"C01";"2";"7";"0";"2";"4";"1";"1";""
"202400002055";"155 778 161";"D01";"2";"7";"0";"2";"4";"1";"1";""
"202400002056";"155 778 155";"C01";"2";"7";"0";"2";"3";"2";"1";""
"202400002056";"155 778 156";"A01";"2";"34";"0";"2";"1";"3";"1";""
"202400002056";"155 778 158";"B01";"1";"7";"0";"2";"3";"9";"2";""
"202400002057";"155 778 153";"A01";"1";"7";"0";"2";"1";"1";"1";""
"202400002057";"155 778 154";"B01";"1";"7";"0";"2";"4";"1";"2";""
"202400002058";"155 778 152";"A01";"2";"7";"0";"1";"2";"1";"1";""