"Num_Acc";"id_vehicule";"num_veh";"senc";"catv";"obs";"obsm";"choc";"manv";"motor";"occutc"
"202400002059";"155 778 150";"A01";"1";"7";"0";"2";"2";"12";"2";""
"202400002059";"155 778 151";"B01";"1";"7";"0";"2";"6";"1";"2";""
"202400002060";"155 778 149";"A01";"2";"38";"0";"1";"3";"1";"1";"1"
"202400002061";"155 778 147";"A01";"1";"10";"0";"2";"5";"21";"1";""
"202400002061";"155 778 148";"B01";"1";"33";"0";"2";"1";"1";"1";""
"202400002062";"155 778 145";"A01";"2";"7";"3";"0";"3";"1";"1";""
"202400002063";"155 778 144";"B01";"2";"3";"0";"9";"1";"1";"0";""
"202400002063";"155 778 146";"A01";"2";"7";"0";"9";"2";"14";"1";""
"202400002064";"155 778 142";"B01";"2";"7";"0";"2";"6";"1";"1";""
"202400002064";"155 778 143";"A01";"2";"33";"0";"2";"1";"11";"1";""
"202400002065";"155 778 141";"A01";"3";"10";"0";"1";"7";"26";"3";""
"202400002066";"155 778 138";"A01";"1";"10";"0";"1";"2";"14";"1";""
"202400002067";"155 778 139";"A01";"1";"31";"0";"2";"1";"3";"1";""
"202400002067";"155 778 140";"B01";"1";"7";"0";"2";"8";"0";"3";""
"202400002068";"155 778 137";"A01";"2";"43";"1";"1";"0";"20";"1";""
"202400002069";"155 778 135";"Z01";"1";"7";"0";"2";"1";"2";"1";""
"202400002069";"155 778 136";"A01";"1";"7";"0";"2";"4";"2";"2";""
"202400002070";"155 778 133";"A01";"2";"7";"0";"1";"1";"1";"1";""
"202400002071";"155 778 131";"A01";"2";"7";"0";"2";"3";"11";"1";""
"202400002071";"155 778 132";"B01";"2";"33";"0";"2";"0";"1";"1";""
"202400002071";"155 778 134";"C01";"2";"7";"0";"2";"4";"1";"1";""
"202400002072";"155 778 127";"B01";"1";"15";"0";"2";"1";"1";"1";""
"202400002072";"155 778 129";"A01";"1";"7";"0";"2";"6";"11";"3";""
"202400002073";"155 778 128";"A01";"1";"7";"0";"9";"3";"1";"1";""
"202400002073";"155 778 130";"B01";"2";"50";"0";"2";"1";"5";"3";""
"202400002074";"155 778 125";"A01";"3";"10";"1";"0";"1";"1";"3";""
"202400002075";"155 778 124";"A01";"2";"15";"0";"2";"3";"2";"1";""
"202400002075";"155 778 126";"B01";"2";"1";"0";"2";"0";"0";"5";""
"202400002076";"155 778 122";"A01";"2";"31";"12";"0";"0";"14";"1";""
"202400002077";"155 778 123";"A01";"2";"7";"0";"2";"3";"17";"1";""
"202400002078";"155 778 120";"A01";"3";"7";"8";"0";"0";"16";"1";""
"202400002079";"155 778 119";"A01";"1";"30";"0";"2";"1";"17";"1";""
"202400002079";"155 778 121";"B01";"2";"7";"0";"2";"3";"1";"1";""
"202400002080";"155 778 116";"A01";"1";"7";"16";"2";"9";"13";"1";""
"202400002080";"155 778 118";"B01";"2";"7";"0";"2";"1";"1";"1";""
"202400002081";"155 778 115";"A01";"3";"50";"0";"2";"1";"8";"3";""
"202400002081";"155 778 117";"B01";"1";"33";"0";"2";"3";"0";"0";""
"202400002082";"155 778 112";"A01";"3";"30";"0";"2";"0";"0";"1";""
"202400002082";"155 778 114";"B01";"3";"10";"0";"2";"0";"0";"1";""
"202400002083";"155 778 111";"B01";"1";"2";"0";"2";"7";"1";"1";""
"202400002083";"155 778 113";"A01";"3";"7";"0";"2";"1";"15";"1";""
"202400002084";"155 778 109";"B01";"1";"7";"0";"2";"4";"1";"1";""
"202400002084";"155 778 110";"A01";"1";"7";"0";"2";"1";"2";"2";""
"202400002085";"155 778 108";"A01";"1";"30";"0";"1";"1";"13";"0";""
"202400002086";"155 778 105";"A01";"0";"80";"1";"2";"2";"26";"3";""
"202400002086";"155 778 107";"B01";"3";"7";"0";"9";"3";"23";"2";""
"202400002087";"155 778 104";"B01";"0";"7";"0";"2";"1";"0";"1";""
"202400002087";"155 778 106";"A01";"0";"7";"0";"2";"0";"26";"2";""
"202400002088";"155 778 102";"A01";"3";"7";"0";"1";"1";"1";"1";""
"202400002089";"155 778 101";"B01";"2";"7";"0";"2";"0";"0";"1";""
"202400002089";"155 778 103";"A01";"1";"31";"0";"2";"1";"1";"1";""
"202400002090";"155 778 097";"A01";"2";"7";"0";"1";"1";"1";"1";""
"202400002091";"155 778 096";"A01";"1";"7";"0";"2";"1";"2";"1";""
"202400002091";"155 778 098";"B01";"1";"7";"0";"2";"4";"2";"1";""
"202400002091";"155 778 099";"C01";"1";"7";"0";"2";"4";"2";"1";""
"202400002091";"155 778 100";"D01";"1";"7";"0";"2";"4";"2";"2";""
"202400002092";"155 778 092";"A01";"2";"32";"0";"2";"1";"1";"1";""
"202400002092";"155 778 093";"B01";"2";"7";"0";"2";"2";"16";"1";""
"202400002093";"155 778 094";"A01";"1";"10";"0";"2";"7";"22";"1";""
"202400002093";"155 778 095";"B01";"1";"50";"0";"2";"1";"1";"3";""
"202400002094";"155 778 091";"A01";"0";"7";"8";"0";"1";"14";"1";""
"202400002095";"155 778 089";"A01";"1";"7";"0";"1";"2";"26";"1";""
"202400002096";"155 778 088";"A01";"1";"7";"0";"2";"1";"1";"1";""
"202400002096";"155 778 090";"B01";"2";"7";"0";"2";"3";"1";"1";""
"202400002097";"155 778 086";"A01";"3";"7";"0";"1";"2";"9";"1";""
"202400002098";"155 778 085";"A01";"2";"30";"0";"2";"3";"13";"1";""
"202400002098";"155 778 087";"B01";"1";"10";"0";"2";"8";"1";"1";""
"202400002099";"155 778 084";"A01";"2";"7";"0";"1";"2";"1";"2";""
"202400002100";"155 778 082";"B01";"3";"37";"0";"2";"3";"0";"1";"2"
"202400002100";"155 778 083";"A01";"3";"10";"0";"2";"2";"2";"1";""
"202400002101";"155 778 077";"Z01";"2";"7";"0";"1";"1";"1";"0";""
"202400002102";"155 778 076";"A01";"1";"7";"0";"0";"0";"0";"1";""
"202400002102";"155 778 079";"B01";"1";"7";"0";"0";"0";"0";"1";""
"202400002102";"155 778 081";"C01";"1";"7";"0";"0";"0";"0";"1";""
"202400002103";"155 778 078";"A01";"2";"7";"0";"2";"3";"15";"2";""
"202400002103";"155 778 080";"B01";"2";"33";"0";"2";"7";"1";"1";""
"202400002104";"155 778 075";"A01";"1";"7";"0";"9";"3";"9";"1";""
"202400002105";"155 778 072";"B01";"2";"7";"0";"2";"1";"0";"0";""
"202400002105";"155 778 074";"A01";"1";"7";"0";"2";"1";"13";"0";""
"202400002106";"155 778 071";"B01";"3";"7";"0";"2";"1";"1";"1";""
"202400002106";"155 778 073";"A01";"3";"7";"0";"2";"2";"1";"1";""
"202400002107";"155 778 070";"A01";"1";"7";"2";"0";"1";"2";"0";""
"202400002108";"155 778 069";"A01";"3";"7";"0";"1";"3";"1";"2";""
"202400002109";"155 778 068";"A01";"1";"7";"0";"1";"2";"1";"2";""
"202400002110";"155 778 066";"Z01";"2";"7";"0";"1";"1";"1";"0";""
"202400002111";"155 778 067";"A01";"1";"3";"0";"1";"0";"26";"1";""
"202400002112";"155 778 064";"A01";"2";"33";"0";"2";"2";"3";"1";""
"202400002112";"155 778 065";"B01";"2";"10";"0";"2";"3";"10";"1";""
"202400002113";"155 778 062";"A01";"3";"7";"0";"1";"1";"1";"1";""
"202400002114";"155 778 060";"B01";"0";"14";"0";"2";"2";"1";"1";""
"202400002114";"155 778 063";"A01";"0";"7";"0";"2";"6";"1";"1";""
"202400002115";"155 778 059";"A01";"2";"10";"0";"2";"7";"2";"1";""
"202400002115";"155 778 061";"B01";"2";"13";"0";"2";"8";"2";"1";""
"202400002116";"155 778 058";"A01";"3";"7";"0";"1";"1";"0";"1";""
"202400002117";"155 778 055";"A01";"2";"30";"0";"2";"1";"2";"1";""
"202400002117";"155 778 056";"B01";"2";"7";"0";"2";"5";"1";"1";""
"202400002118";"155 778 054";"A01";"1";"7";"9";"1";"2";"1";"1";""
"202400002119";"155 778 053";"A01";"1";"7";"0";"2";"7";"1";"1";""
"202400002119";"155 778 057";"B01";"3";"1";"0";"2";"1";"19";"5";""
"202400002120";"155 778 052";"A01";"1";"34";"6";"0";"1";"26";"1";""
"202400002121";"155 778 049";"A01";"1";"7";"0";"2";"1";"2";"0";""
"202400002121";"155 778 050";"B01";"1";"7";"0";"2";"4";"1";"1";""
"202400002122";"155 778 048";"C01";"0";"7";"0";"2";"1";"1";"1";""
"202400002122";"155 778 051";"A01";"0";"7";"1";"2";"0";"13";"1";""
"202400002123";"155 778 044";"A01";"2";"7";"0";"2";"2";"1";"1";""
"202400002123";"155 778 046";"B01";"1";"33";"0";"2";"1";"1";"1";""
"202400002124";"155 778 045";"B01";"0";"7";"0";"2";"4";"2";"0";""
"202400002124";"155 778 047";"A01";"3";"34";"0";"2";"1";"2";"0";""
"202400002125";"155 778 039";"A01";"1";"7";"0";"2";"6";"20";"1";""
"202400002125";"155 778 041";"B01";"2";"7";"0";"2";"3";"2";"1";""
"202400002126";"155 778 040";"A01";"3";"7";"0";"2";"3";"19";"1";""
"202400002126";"155 778 043";"B01";"1";"33";"0";"2";"1";"1";"1";""
"202400002127";"155 778 038";"B01";"0";"7";"8";"2";"3";"1";"1";""
"202400002127";"155 778 042";"A01";"0";"7";"0";"2";"1";"15";"1";""
"202400002128";"155 778 035";"Z01";"2";"7";"0";"2";"2";"16";"2";""
"202400002128";"155 778 037";"A01";"1";"50";"0";"2";"7";"5";"3";""
"202400002129";"155 778 034";"B01";"3";"50";"0";"2";"3";"1";"3";""
"202400002129";"155 778 036";"A01";"3";"7";"0";"2";"3";"9";"1";""
"202400002130";"155 778 032";"A01";"1";"32";"0";"2";"1";"1";"1";""
"202400002130";"155 778 033";"B01";"1";"7";"0";"2";"2";"0";"1";""
"202400002131";"155 778 030";"A01";"1";"1";"0";"1";"1";"0";"5";""
"202400002132";"155 778 031";"A01";"2";"7";"0";"1";"1";"1";"1";""
"202400002133";"155 778 028";"A01";"1";"2";"0";"2";"1";"2";"1";""
"202400002133";"155 778 029";"B01";"1";"7";"0";"2";"6";"2";"1";""
"202400002134";"155 778 025";"A01";"2";"10";"0";"2";"1";"15";"1";""
"202400002134";"155 778 027";"B01";"2";"10";"12";"0";"3";"2";"1";""
"202400002135";"155 778 026";"A01";"0";"10";"0";"1";"3";"1";"1";""
"202400002136";"155 778 024";"A01";"1";"50";"0";"1";"1";"1";"3";""
"202400002137";"155 778 021";"A01";"0";"7";"0";"1";"1";"14";"3";""
"202400002138";"155 778 020";"A01";"2";"2";"0";"2";"1";"21";"1";""
"202400002138";"155 778 023";"B01";"3";"7";"0";"2";"1";"1";"0";""
"202400002139";"155 778 019";"A01";"1";"7";"0";"2";"3";"13";"1";""
"202400002139";"155 778 022";"B01";"2";"7";"0";"2";"3";"1";"1";""
"202400002140";"155 778 015";"B01";"2";"7";"0";"2";"4";"15";"1";""
"202400002140";"155 778 017";"A01";"2";"32";"0";"2";"1";"2";"1";""
"202400002141";"155 778 010";"A01";"2";"7";"0";"2";"1";"2";"1";""
"202400002141";"155 778 013";"B01";"2";"7";"0";"2";"2";"14";"1";""
"202400002142";"155 778 009";"A01";"2";"7";"0";"2";"3";"16";"1";""
"202400002142";"155 778 012";"B01";"3";"1";"0";"2";"1";"19";"5";""
"202400002143";"155 778 008";"B01";"3";"1";"0";"2";"1";"14";"5";""
"202400002143";"155 778 011";"A01";"2";"7";"0";"2";"3";"13";"1";""
"202400002144";"155 778 006";"A01";"3";"2";"0";"2";"1";"14";"1";""
"202400002144";"155 778 007";"B01";"3";"7";"0";"2";"7";"23";"1";""
"202400002145";"155 778 004";"A01";"1";"7";"0";"1";"2";"15";"1";""
"202400002146";"155 778 001";"A01";"1";"50";"0";"2";"1";"13";"3";""
"202400002146";"155 778 003";"B01";"2";"7";"0";"2";"3";"1";"1";""
"202400002146";"155 778 005";"C01";"1";"7";"0";"2";"3";"1";"1";""
"202400002147";"155 777 999";"A01";"3";"10";"0";"1";"1";"1";"1";""
"202400002148";"155 777 998";"A01";"1";"7";"0";"1";"3";"1";"1";""
"202400002149";"155 777 996";"B01";"2";"7";"0";"2";"1";"1";"1";""
"202400002149";"155 777 997";"A01";"1";"7";"0";"2";"7";"17";"1";""
"202400002150";"155 777 994";"A01";"1";"1";"0";"0";"0";"1";"5";""
"202400002151";"155 777 993";"B01";"2";"10";"0";"2";"8";"15";"1";""
"202400002151";"155 777 995";"A01";"1";"33";"0";"2";"1";"17";"1";""
"202400002152";"155 777 991";"A01";"1";"7";"0";"2";"2";"1";"1";""
"202400002152";"155 777 992";"B01";"1";"50";"0";"2";"2";"19";"3";""
"202400002153";"155 777 988";"A01";"3";"7";"0";"1";"1";"18";"1";""
"202400002154";"155 777 989";"A01";"2";"7";"2";"0";"1";"14";"1";""
"202400002155";"155 777 987";"A01";"2";"30";"0";"2";"3";"17";"1";""
"202400002155";"155 777 990";"B01";"2";"30";"0";"2";"8";"1";"1";""
"202400002156";"155 777 984";"A01";"2";"7";"0";"2";"0";"0";"1";""
"202400002156";"155 777 986";"B01";"1";"2";"0";"0";"0";"1";"1";""
"202400002157";"155 777 980";"A01";"0";"50";"14";"0";"1";"1";"3";""
"202400002158";"155 777 979";"A01";"3";"10";"0";"2";"1";"2";"3";""
"202400002158";"155 777 982";"C01";"3";"10";"0";"2";"4";"2";"1";""
"202400002158";"155 777 983";"B01";"3";"7";"0";"2";"1";"2";"1";""
"202400002159";"155 777 977";"A01";"0";"7";"1";"0";"1";"1";"1";""
"202400002160";"155 777 976";"A01";"2";"7";"0";"2";"3";"13";"1";""
"202400002160";"155 777 978";"B01";"1";"7";"0";"2";"3";"1";"1";""
"202400002160";"155 777 981";"C01";"1";"7";"0";"2";"6";"1";"1";""
"202400002160";"155 777 985";"D01";"1";"33";"0";"2";"1";"1";"1";""
"202400002161";"155 777 975";"A01";"1";"7";"0";"1";"1";"26";"1";""
"202400002162";"155 777 974";"A01";"2";"33";"12";"0";"1";"15";"1";""
"202400002163";"155 777 972";"A01";"3";"34";"0";"5";"1";"1";"1";""
"202400002164";"155 777 970";"B01";"1";"7";"0";"2";"1";"1";"1";""
"202400002165";"155 777 968";"A01";"2";"7";"0";"2";"2";"19";"1";""
"202400002165";"155 777 969";"B01";"2";"33";"0";"2";"1";"1";"1";""
"202400002166";"155 777 967";"A01";"3";"80";"14";"0";"1";"1";"3";""
"202400002167";"155 777 966";"A01";"0";"7";"12";"2";"1";"21";"1";""
"202400002168";"155 777 965";"A01";"2";"7";"0";"1";"2";"26";"0";""
"202400002169";"155 777 963";"A01";"3";"7";"0";"1";"1";"1";"1";""
"202400002170";"155 777 962";"A01";"1";"7";"0";"4";"2";"0";"1";""
"202400002170";"155 777 964";"B01";"3";"39";"0";"2";"3";"1";"3";""
"202400002171";"155 777 960";"A01";"1";"7";"0";"1";"2";"2";"1";""
"202400002172";"155 777 959";"B01";"1";"33";"0";"2";"1";"2";"1";""
"202400002172";"155 777 961";"A01";"1";"7";"0";"2";"8";"15";"2";""
"202400002173";"155 777 958";"A01";"1";"2";"0";"5";"1";"1";"1";""
"202400002174";"155 777 956";"A01";"1";"30";"0";"2";"1";"13";"1";""
"202400002174";"155 777 957";"B01";"2";"7";"0";"2";"1";"13";"1";""
"202400002175";"155 777 954";"A01";"2";"7";"2";"0";"2";"14";"1";""
"202400002176";"155 777 951";"B01";"1";"7";"0";"2";"6";"15";"1";""
"202400002176";"155 777 953";"C01";"2";"7";"0";"2";"1";"9";"1";""
"202400002176";"155 777 955";"A01";"1";"3";"0";"2";"1";"9";"1";""
"202400002177";"155 777 949";"A01";"1";"1";"0";"2";"8";"19";"5";""
"202400002177";"155 777 952";"B01";"1";"7";"0";"2";"1";"1";"1";""
"202400002178";"155 777 950";"A01";"1";"7";"8";"0";"0";"1";"1";""
"202400002179";"155 777 947";"B01";"3";"1";"0";"2";"3";"9";"5";""
"202400002179";"155 777 948";"A01";"3";"7";"0";"9";"1";"9";"0";""
"202400002180";"155 777 944";"A01";"3";"7";"0";"1";"3";"14";"1";""
"202400002181";"155 777 943";"C01";"0";"7";"0";"2";"4";"2";"1";""
"202400002181";"155 777 945";"A01";"0";"7";"0";"2";"1";"2";"1";""
"202400002181";"155 777 946";"B01";"0";"7";"0";"2";"4";"2";"1";""
"202400002182";"155 777 941";"A01";"2";"50";"0";"2";"4";"1";"3";""
"202400002182";"155 777 942";"B01";"2";"1";"0";"2";"4";"17";"5";""
"202400002183";"155 777 937";"A01";"3";"7";"0";"1";"1";"16";"1";""
"202400002184";"155 777 935";"B01";"3";"1";"0";"2";"8";"16";"5";""
"202400002184";"155 777 938";"A01";"3";"37";"0";"2";"2";"16";"1";"1"
"202400002185";"155 777 936";"A01";"2";"10";"0";"0";"4";"23";"1";""
"202400002185";"155 777 939";"B01";"2";"7";"0";"0";"4";"23";"3";""
"202400002185";"155 777 940";"C01";"2";"7";"0";"2";"1";"1";"1";""
"202400002186";"155 777 933";"A01";"1";"7";"0";"2";"2";"1";"1";""
"202400002186";"155 777 934";"B01";"1";"7";"0";"2";"6";"1";"1";""
"202400002187";"155 777 931";"A01";"2";"7";"3";"0";"2";"1";"1";""
"202400002188";"155 777 930";"B01";"2";"30";"0";"2";"1";"1";"1";""
"202400002188";"155 777 932";"A01";"1";"7";"0";"2";"2";"15";"1";""
"202400002189";"155 777 926";"A01";"1";"7";"0";"2";"8";"15";"1";""
"202400002189";"155 777 929";"B01";"1";"33";"0";"2";"1";"1";"1";""
"202400002190";"155 777 925";"A01";"3";"7";"0";"2";"7";"14";"1";""
"202400002190";"155 777 927";"B01";"3";"80";"0";"2";"8";"1";"2";""
"202400002191";"155 777 924";"B01";"2";"7";"0";"2";"8";"19";"1";""
"202400002191";"155 777 928";"A01";"1";"7";"0";"2";"1";"1";"1";""
"202400002192";"155 777 921";"A01";"3";"10";"0";"1";"4";"4";"1";""
"202400002193";"155 777 922";"A01";"1";"7";"1";"2";"2";"1";"1";""
"202400002193";"155 777 923";"D01";"2";"7";"0";"2";"3";"1";"1";""
"202400002194";"155 777 919";"B01";"1";"80";"0";"2";"1";"1";"3";""
"202400002194";"155 777 920";"A01";"1";"7";"0";"2";"6";"9";"1";""
"202400002195";"155 777 914";"C01";"2";"7";"0";"2";"4";"23";"4";""
"202400002195";"155 777 916";"B01";"2";"7";"0";"2";"4";"23";"1";""
"202400002195";"155 777 918";"A01";"2";"7";"0";"2";"1";"2";"1";""
"202400002196";"155 777 915";"A01";"0";"7";"0";"2";"2";"15";"1";""
"202400002196";"155 777 917";"B01";"0";"1";"0";"2";"1";"1";"5";""
"202400002197";"155 777 912";"A01";"1";"7";"0";"2";"1";"5";"1";""
"202400002197";"155 777 913";"B01";"2";"7";"0";"2";"3";"1";"1";""
"202400002198";"155 777 911";"A01";"1";"7";"0";"0";"4";"13";"1";""
"202400002199";"155 777 909";"A01";"1";"7";"0";"2";"7";"15";"1";""
"202400002199";"155 777 910";"B01";"1";"2";"0";"2";"1";"18";"1";""
"202400002200";"155 777 907";"A01";"1";"7";"6";"0";"1";"1";"1";""
"202400002201";"155 777 905";"B01";"2";"7";"0";"2";"3";"15";"1";""
"202400002201";"155 777 908";"A01";"1";"10";"0";"2";"2";"9";"1";""
"202400002202";"155 777 903";"A01";"2";"33";"13";"0";"1";"1";"1";""
"202400002203";"155 777 904";"B01";"2";"7";"0";"2";"0";"1";"1";""
"202400002203";"155 777 906";"A01";"3";"7";"0";"2";"7";"19";"1";""
"202400002204";"155 777 900";"B01";"2";"1";"0";"2";"8";"1";"5";""
"202400002204";"155 777 902";"A01";"1";"7";"0";"2";"2";"1";"2";""
"202400002205";"155 777 899";"B01";"1";"7";"0";"2";"1";"1";"0";""
"202400002205";"155 777 901";"A01";"1";"10";"8";"2";"3";"1";"1";""
"202400002206";"155 777 898";"A01";"3";"7";"1";"0";"2";"14";"1";""
"202400002207";"155 777 896";"A01";"1";"7";"0";"2";"4";"4";"1";""
"202400002207";"155 777 897";"B01";"1";"7";"0";"2";"1";"23";"1";""
"202400002208";"155 777 894";"A01";"2";"7";"0";"1";"1";"26";"1";""
"202400002209";"155 777 893";"A01";"0";"7";"0";"1";"1";"15";"1";""
"202400002210";"155 777 890";"A01";"1";"7";"0";"2";"1";"2";"0";""
"202400002210";"155 777 892";"B01";"1";"2";"0";"2";"4";"2";"1";""
"202400002211";"155 777 888";"A01";"1";"7";"0";"0";"1";"1";"1";""
"202400002211";"155 777 891";"B01";"2";"50";"0";"2";"8";"1";"3";""
"202400002212";"155 777 887";"B01";"1";"1";"0";"2";"4";"1";"5";""
"202400002212";"155 777 889";"A01";"1";"7";"0";"2";"0";"1";"0";""
"202400002213";"155 777 884";"B01";"3";"7";"0";"2";"3";"9";"1";""
"202400002213";"155 777 886";"A01";"3";"2";"12";"2";"7";"9";"1";""
"202400002214";"155 777 885";"A01";"3";"7";"0";"1";"1";"26";"1";""
"202400002215";"155 777 883";"A01";"2";"7";"0";"1";"2";"16";"1";""
"202400002216";"155 777 882";"A01";"3";"2";"0";"0";"8";"1";"1";""
"202400002217";"155 777 879";"A01";"1";"7";"0";"0";"1";"1";"1";""
"202400002218";"155 777 878";"B01";"3";"50";"0";"2";"1";"1";"3";""
"202400002218";"155 777 881";"A01";"3";"7";"0";"2";"2";"16";"1";""
"202400002219";"155 777 877";"A01";"1";"7";"0";"2";"1";"1";"1";""
"202400002219";"155 777 880";"B01";"1";"7";"0";"2";"4";"1";"1";""
"202400002220";"155 777 874";"A01";"2";"7";"0";"2";"3";"5";"1";""
"202400002220";"155 777 876";"B01";"1";"10";"0";"2";"3";"2";"1";""
"202400002221";"155 777 873";"A01";"1";"7";"0";"1";"1";"1";"1";""
"202400002222";"155 777 872";"A01";"2";"7";"0";"2";"1";"1";"1";""
"202400002222";"155 777 875";"B01";"2";"1";"0";"2";"8";"1";"5";""
"202400002223";"155 777 870";"B01";"2";"7";"0";"2";"1";"1";"1";""
"202400002223";"155 777 871";"A01";"2";"7";"2";"0";"4";"11";"1";""
"202400002224";"155 777 869";"A01";"1";"7";"1";"0";"8";"1";"1";""
"202400002225";"155 777 867";"B01";"1";"30";"0";"2";"1";"1";"1";""
"202400002225";"155 777 868";"A01";"1";"7";"0";"2";"3";"9";"1";""
"202400002226";"155 777 866";"A01";"2";"7";"13";"0";"1";"26";"1";""
"202400002227";"155 777 864";"A01";"0";"3";"0";"9";"1";"17";"0";""
"202400002227";"155 777 865";"B01";"0";"60";"0";"2";"1";"1";"0";""
"202400002228";"155 777 863";"A01";"3";"7";"0";"1";"1";"15";"1";""
"202400002229";"155 777 860";"A01";"1";"2";"8";"2";"2";"2";"1";""
"202400002229";"155 777 862";"B01";"1";"7";"0";"2";"3";"15";"1";""
"202400002230";"155 777 859";"A01";"2";"50";"0";"2";"1";"1";"3";""
"202400002230";"155 777 861";"B01";"2";"7";"0";"2";"3";"1";"1";""
"202400002231";"155 777 857";"A01";"2";"7";"2";"0";"2";"26";"1";""
"202400002232";"155 777 854";"A01";"2";"14";"0";"2";"3";"15";"1";""
"202400002232";"155 777 856";"B01";"3";"7";"0";"2";"8";"1";"1";""
"202400002233";"155 777 851";"B01";"1";"7";"0";"2";"2";"1";"1";""
"202400002233";"155 777 853";"A01";"3";"7";"0";"2";"2";"9";"1";""
"202400002233";"155 777 855";"C01";"1";"7";"0";"2";"1";"1";"2";""
"202400002234";"155 777 848";"A01";"3";"7";"0";"2";"3";"13";"2";""
"202400002234";"155 777 850";"B01";"3";"7";"0";"2";"3";"1";"1";""
"202400002234";"155 777 852";"C01";"3";"7";"0";"2";"1";"2";"1";""
"202400002235";"155 777 847";"A01";"1";"30";"0";"2";"7";"26";"1";""
"202400002235";"155 777 849";"Z01";"0";"7";"0";"2";"1";"11";"0";""
"202400002236";"155 777 846";"A01";"1";"3";"0";"1";"1";"15";"1";""
"202400002237";"155 777 842";"A01";"3";"1";"0";"2";"1";"1";"5";""
"202400002237";"155 777 844";"B01";"3";"1";"0";"2";"1";"1";"5";""
"202400002238";"155 777 838";"A01";"1";"7";"0";"2";"1";"2";"1";""
"202400002238";"155 777 840";"C01";"1";"7";"0";"2";"4";"2";"1";""
"202400002238";"155 777 841";"B01";"1";"10";"0";"2";"1";"2";"1";""
"202400002239";"155 777 837";"D01";"2";"10";"0";"2";"6";"1";"0";""
"202400002239";"155 777 839";"A01";"1";"7";"0";"2";"1";"5";"1";""
"202400002239";"155 777 843";"B01";"2";"10";"0";"2";"1";"1";"1";""
"202400002239";"155 777 845";"C01";"2";"7";"0";"2";"1";"1";"1";""
"202400002240";"155 777 835";"A01";"2";"7";"0";"2";"5";"15";"1";""
"202400002240";"155 777 836";"B01";"1";"2";"0";"2";"1";"1";"3";""
"202400002241";"155 777 833";"A01";"1";"7";"14";"0";"1";"26";"1";""
"202400002242";"155 777 832";"A01";"1";"7";"2";"0";"0";"0";"1";""
"202400002242";"155 777 834";"B01";"2";"7";"2";"0";"0";"0";"1";""
"202400002243";"155 777 831";"A01";"3";"7";"12";"0";"2";"9";"1";""
"202400002244";"155 777 829";"A01";"3";"10";"0";"1";"3";"1";"1";""
"202400002245";"155 777 828";"B01";"0";"7";"0";"2";"3";"1";"1";""
"202400002245";"155 777 830";"A01";"0";"32";"0";"2";"1";"17";"1";""
"202400002246";"155 777 826";"A01";"3";"7";"0";"2";"4";"1";"1";""
"202400002246";"155 777 827";"B01";"3";"32";"0";"2";"1";"1";"1";""
"202400002247";"155 777 823";"B01";"1";"7";"0";"2";"6";"2";"1";""
"202400002247";"155 777 825";"A01";"1";"7";"0";"2";"2";"2";"1";""
"202400002248";"155 777 822";"B01";"2";"7";"0";"2";"3";"1";"1";""
"202400002248";"155 777 824";"A01";"1";"10";"0";"2";"1";"5";"1";""
"202400002249";"155 777 820";"A01";"2";"2";"0";"2";"1";"2";"1";""
"202400002250";"155 777 818";"A01";"1";"7";"0";"2";"1";"9";"1";""
"202400002250";"155 777 821";"B01";"0";"10";"0";"2";"7";"1";"1";""
"202400002251";"155 777 816";"B01";"1";"7";"0";"2";"4";"1";"1";""
"202400002251";"155 777 817";"C01";"1";"7";"0";"2";"4";"1";"1";""
"202400002251";"155 777 819";"A01";"1";"7";"0";"2";"1";"1";"1";""
"202400002252";"155 777 815";"A01";"0";"2";"9";"0";"2";"14";"1";""
"202400002253";"155 777 813";"A01";"0";"7";"0";"2";"1";"2";"1";""
"202400002253";"155 777 814";"B01";"0";"7";"0";"2";"4";"2";"1";""
"202400002254";"155 777 812";"A01";"1";"1";"0";"0";"0";"1";"5";""
"202400002255";"155 777 809";"A01";"2";"10";"0";"2";"6";"0";"1";""
"202400002255";"155 777 811";"B01";"2";"7";"0";"2";"2";"0";"1";""
"202400002256";"155 777 808";"A01";"1";"15";"0";"2";"5";"12";"1";""
"202400002256";"155 777 810";"B01";"1";"7";"0";"2";"3";"1";"1";""
"202400002257";"155 777 805";"A01";"1";"13";"0";"2";"1";"15";"1";""
"202400002257";"155 777 806";"B01";"1";"33";"0";"2";"2";"1";"1";""
"202400002257";"155 777 807";"C01";"1";"33";"0";"2";"8";"1";"1";""
"202400002258";"155 777 804";"A01";"2";"34";"4";"0";"7";"2";"1";""
"202400002259";"155 777 800";"A01";"2";"7";"4";"0";"1";"26";"1";""
"202400002260";"155 777 799";"A01";"1";"7";"0";"2";"1";"2";"1";""
"202400002260";"155 777 801";"B01";"1";"7";"0";"2";"4";"1";"1";""
"202400002261";"155 777 797";"A01";"3";"7";"0";"2";"6";"10";"1";""
"202400002261";"155 777 798";"B01";"3";"33";"0";"2";"1";"2";"1";""
"202400002262";"155 777 792";"A01";"1";"7";"0";"2";"1";"1";"1";""
"202400002262";"155 777 794";"B01";"1";"7";"0";"2";"9";"12";"1";""
"202400002262";"155 777 796";"C01";"1";"7";"0";"2";"4";"23";"6";""
"202400002263";"155 777 791";"A01";"2";"7";"0";"2";"7";"15";"1";""