"Num_Acc";"id_vehicule";"num_veh";"senc";"catv";"obs";"obsm";"choc";"manv";"motor";"occutc"
"202400002683";"155 777 083";"A01";"2";"7";"0";"0";"1";"21";"1";""
"202400002684";"155 777 081";"B01";"1";"1";"0";"2";"1";"1";"5";""
"202400002684";"155 777 082";"A01";"2";"7";"0";"2";"2";"19";"1";""
"202400002685";"155 777 079";"A01";"2";"33";"0";"2";"7";"1";"1";""
"202400002685";"155 777 080";"B01";"2";"7";"0";"2";"3";"9";"1";""
"202400002686";"155 777 078";"A01";"1";"7";"0";"1";"2";"1";"1";""
"202400002687";"155 777 077";"A01";"1";"50";"0";"0";"1";"1";"3";""
"202400002688";"155 777 076";"A01";"1";"33";"13";"0";"8";"1";"1";""
"202400002689";"155 777 074";"A01";"2";"33";"0";"2";"1";"21";"1";""
"202400002689";"155 777 075";"B01";"2";"7";"0";"2";"3";"9";"1";""
"202400002690";"155 777 072";"A01";"1";"33";"0";"0";"9";"2";"1";""
"202400002691";"155 777 070";"A01";"1";"32";"0";"2";"1";"13";"1";""
"202400002691";"155 777 071";"B01";"2";"7";"0";"2";"3";"1";"1";""
"202400002692";"155 777 069";"A01";"2";"7";"13";"0";"2";"0";"1";""
"202400002693";"155 777 068";"A01";"3";"7";"0";"1";"6";"1";"1";""
"202400002694";"155 777 067";"A01";"1";"15";"0";"1";"3";"1";"1";""
"202400002695";"155 777 065";"A01";"1";"7";"0";"2";"2";"1";"1";""
"202400002695";"155 777 066";"B01";"2";"7";"0";"2";"3";"5";"1";""
"202400002696";"155 777 063";"A01";"1";"7";"0";"2";"1";"9";"1";""
"202400002696";"155 777 064";"B01";"1";"7";"0";"2";"3";"1";"1";""
"202400002697";"155 777 062";"A01";"3";"2";"15";"0";"1";"14";"1";""
"202400002698";"155 777 061";"A01";"1";"21";"0";"0";"0";"2";"1";""
"202400002699";"155 777 060";"A01";"2";"7";"13";"0";"1";"1";"0";""
"202400002700";"155 777 059";"A01";"1";"33";"16";"0";"6";"1";"1";""
"202400002701";"155 777 057";"A01";"1";"7";"0";"0";"3";"19";"1";""
"202400002701";"155 777 058";"B01";"1";"7";"0";"0";"1";"1";"1";""
"202400002702";"155 777 056";"A01";"1";"7";"2";"9";"1";"2";"1";""
"202400002703";"155 777 055";"A01";"1";"7";"8";"0";"2";"1";"1";""
"202400002704";"155 777 053";"B01";"2";"34";"0";"0";"4";"1";"1";""
"202400002704";"155 777 054";"A01";"2";"34";"0";"2";"1";"2";"1";""
"202400002705";"155 777 052";"A01";"1";"33";"13";"0";"1";"26";"1";""
"202400002706";"155 777 050";"A01";"2";"7";"0";"9";"2";"19";"1";""
"202400002706";"155 777 051";"B01";"2";"1";"0";"2";"8";"15";"5";""
"202400002707";"155 777 049";"A01";"1";"7";"13";"0";"2";"14";"1";""
"202400002708";"155 777 048";"A01";"2";"7";"0";"0";"9";"14";"1";""
"202400002709";"155 777 047";"A01";"1";"10";"3";"0";"1";"14";"1";""
"202400002710";"155 777 046";"A01";"2";"10";"4";"0";"3";"1";"1";""
"202400002711";"155 777 044";"B01";"1";"7";"0";"2";"3";"1";"1";""
"202400002711";"155 777 045";"A01";"2";"1";"0";"2";"4";"13";"5";""
"202400002712";"155 777 043";"A01";"1";"7";"0";"1";"3";"1";"0";""
"202400002713";"155 777 042";"A01";"1";"7";"4";"0";"3";"11";"1";""
"202400002714";"155 777 039";"B01";"1";"15";"0";"2";"6";"1";"1";""
"202400002714";"155 777 040";"A01";"1";"7";"0";"2";"2";"0";"1";""
"202400002714";"155 777 041";"C01";"1";"10";"0";"2";"1";"1";"1";""
"202400002715";"155 777 037";"A01";"1";"7";"0";"2";"5";"1";"1";""
"202400002715";"155 777 038";"B01";"1";"33";"0";"2";"1";"1";"1";""
"202400002716";"155 777 035";"A01";"2";"33";"0";"2";"2";"16";"1";""
"202400002716";"155 777 036";"B01";"2";"7";"0";"2";"3";"1";"1";""
"202400002717";"155 777 033";"A01";"1";"2";"0";"2";"4";"16";"1";""
"202400002717";"155 777 034";"B01";"1";"7";"0";"2";"2";"0";"0";""
"202400002718";"155 777 032";"A01";"3";"34";"0";"0";"0";"1";"0";""
"202400002719";"155 777 031";"A01";"2";"2";"0";"0";"2";"1";"1";""
"202400002720";"155 777 030";"A01";"1";"7";"7";"0";"1";"0";"1";""
"202400002721";"155 777 029";"A01";"1";"7";"0";"1";"0";"15";"1";""
"202400002722";"155 777 028";"A01";"2";"7";"0";"1";"0";"16";"1";""
"202400002723";"155 777 027";"A01";"1";"7";"0";"1";"0";"1";"0";""
"202400002724";"155 777 025";"B01";"1";"1";"0";"2";"1";"1";"5";""
"202400002724";"155 777 026";"A01";"1";"7";"0";"2";"0";"26";"1";""
"202400002725";"155 777 023";"A01";"1";"17";"0";"2";"0";"0";"1";""
"202400002725";"155 777 024";"B01";"1";"1";"0";"2";"0";"0";"5";""
"202400002726";"155 777 021";"A01";"3";"7";"0";"2";"5";"0";"1";""
"202400002726";"155 777 022";"B01";"0";"7";"0";"2";"1";"0";"1";""
"202400002727";"155 777 018";"A01";" -1";"7";" -1";" -1";" -1";" -1";" -1";""
"202400002727";"155 777 019";"B01";" -1";"7";" -1";" -1";" -1";" -1";" -1";""
"202400002727";"155 777 020";"C01";" -1";"7";" -1";" -1";" -1";" -1";" -1";""
"202400002728";"155 777 016";"A01";"2";"7";"0";"2";"6";"1";"1";""
"202400002728";"155 777 017";"B01";"2";"7";"3";"2";"2";"0";"1";""
"202400002729";"155 777 015";"A01";"0";"37";"0";"1";"5";"0";"1";"1"
"202400002730";"155 777 014";"A01";"0";"7";"2";"0";"8";"1";"1";""
"202400002731";"155 777 012";"A01";"1";"7";"0";"2";"6";"19";"1";""
"202400002731";"155 777 013";"B01";"1";"7";"0";"2";"1";"1";"2";""
"202400002732";"155 777 011";"A01";"1";"7";"0";"0";"9";"1";"1";""
"202400002733";"155 777 009";"A01";"2";"7";"0";"2";"1";"13";"1";""
"202400002733";"155 777 010";"B01";"1";"7";"0";"2";"1";"1";"1";""
"202400002734";"155 777 008";"A01";"1";"7";"0";"1";"2";"14";"1";""
"202400002735";"155 777 006";"A01";"1";"7";"0";"2";"3";"13";"1";""
"202400002735";"155 777 007";"B01";"2";"7";"0";"2";"3";"1";"1";""
"202400002736";"155 777 004";"A01";"2";"21";"0";"0";"8";"15";"1";""
"202400002736";"155 777 005";"B01";"1";"15";"0";"0";"1";"1";"1";""
"202400002737";"155 777 003";"A01";"1";"7";"8";"0";"1";"5";"1";""
"202400002738";"155 777 002";"A01";"1";"33";"0";"9";"0";"26";"1";""
"202400002739";"155 777 000";"A01";"2";"7";"0";"2";"1";"2";"1";""
"202400002739";"155 777 001";"B01";"2";"15";"0";"0";"4";"1";"1";""
"202400002740";"155 776 998";"A01";"3";"2";"0";"2";"1";"15";"1";""
"202400002740";"155 776 999";"B01";"3";"7";"0";"2";"2";"1";"1";""
"202400002741";"155 776 997";"A01";"2";"15";"3";"0";"2";"1";"1";""
"202400002742";"155 776 996";"A01";"2";"7";"15";"9";"1";"11";"6";""
"202400002743";"155 776 995";"A01";"1";"7";"0";"1";"2";"0";"1";""
"202400002744";"155 776 992";"B01";"2";"7";"0";"2";"1";"1";"1";""
"202400002744";"155 776 993";"C01";"2";"7";"0";"2";"3";"1";"1";""
"202400002744";"155 776 994";"A01";"1";"7";"0";"2";"1";"17";"1";""
"202400002745";"155 776 991";"A01";"1";"10";"0";"1";"2";"1";"1";""
"202400002746";"155 776 989";"A01";"1";"7";"0";"2";"1";"5";"2";""
"202400002746";"155 776 990";"B01";"2";"7";"0";"2";"1";"5";"2";""
"202400002747";"155 776 988";"A01";"1";"7";"4";"0";"9";"1";"1";""
"202400002748";"155 776 987";"A01";"0";"7";"0";"1";"4";"20";"2";""
"202400002749";"155 776 985";"B01";"1";"7";"0";"2";"1";"1";"1";""
"202400002749";"155 776 986";"A01";"2";"10";"0";"2";"1";"13";"1";""
"202400002750";"155 776 984";"A01";"1";"7";"1";"0";"0";"0";"1";""
"202400002751";"155 776 983";"A01";"1";"32";"8";"0";"1";"1";"1";""
"202400002752";"155 776 981";"A01";"1";"7";"0";"0";"8";"15";"1";""
"202400002752";"155 776 982";"B01";"1";"7";"0";"2";"1";"1";"1";""
"202400002753";"155 776 980";"A01";"1";"7";"15";"0";"3";"0";"1";""
"202400002754";"155 776 978";"B01";"1";"33";"0";"2";"1";"1";"1";""
"202400002754";"155 776 979";"A01";"2";"7";"0";"2";"3";"15";"1";""
"202400002755";"155 776 976";"B01";"2";"1";"0";"2";"1";"1";"5";""
"202400002755";"155 776 977";"A01";"2";"7";"0";"2";"2";"12";"1";""
"202400002756";"155 776 975";"A01";"0";"0";"0";"1";"0";"0";"1";""
"202400002757";"155 776 974";"A01";"2";"2";"5";"0";"7";"1";"1";""
"202400002758";"155 776 973";"A01";"3";"2";"6";"0";"1";"1";"0";""
"202400002759";"155 776 972";"A01";"2";"7";"0";"0";"9";"1";"1";""
"202400002760";"155 776 970";"A01";"3";"7";"0";"2";"2";"5";"1";""
"202400002760";"155 776 971";"B01";"3";"32";"0";"2";"1";"1";"1";""
"202400002761";"155 776 968";"A01";"2";"33";"0";"2";"1";"17";"1";""
"202400002761";"155 776 969";"B01";"1";"10";"0";"2";"2";"9";"1";""
"202400002762";"155 776 965";"A01";"3";"7";"0";"2";"1";"15";"1";""
"202400002762";"155 776 966";"B01";"3";"1";"0";"0";"4";"0";"5";""
"202400002762";"155 776 967";"C01";"3";"1";"0";"0";"4";"24";"5";""
"202400002763";"155 776 964";"A01";"1";"33";"0";"0";"0";"26";"1";""
"202400002764";"155 776 963";"Z01";"3";"7";"0";"1";"1";"19";"0";""
"202400002765";"155 776 962";"A01";"1";"33";"0";"6";"8";"21";"1";""
"202400002766";"155 776 960";"A01";"2";"7";"0";"2";"7";"15";"2";""
"202400002766";"155 776 961";"B01";"1";"33";"0";"2";"7";"1";"1";""
"202400002767";"155 776 958";"B01";"1";"7";"0";"2";"1";"1";"1";""
"202400002767";"155 776 959";"A01";"2";"10";"0";"2";"1";"19";"1";""
"202400002768";"155 776 956";"A01";"1";"7";"0";"2";"1";"13";"1";""
"202400002768";"155 776 957";"B01";"2";"7";"0";"2";"1";"1";"3";""
"202400002769";"155 776 954";"A01";"2";"7";"0";"0";"3";"15";"1";""
"202400002769";"155 776 955";"B01";"2";"7";"6";"0";"9";"17";"1";""
"202400002770";"155 776 952";"A01";"1";"7";"0";"2";"6";"1";"1";""
"202400002770";"155 776 953";"B01";"1";"32";"0";"2";"9";"1";"1";""
"202400002771";"155 776 951";"A01";"3";"10";"2";"0";"3";"1";"1";""
"202400002772";"155 776 949";"B01";"2";"10";"0";"2";"1";"1";"1";""
"202400002772";"155 776 950";"A01";"1";"10";"0";"2";"5";"1";"1";""
"202400002773";"155 776 948";"A01";"1";"7";"7";"0";"1";"1";"1";""
"202400002774";"155 776 947";"A01";"1";"7";"15";"0";"1";"26";"1";""
"202400002775";"155 776 945";"A01";"2";"33";"13";"0";"1";"1";"1";""
"202400002776";"155 776 944";"A01";"1";"30";"0";"2";"3";"1";"1";""
"202400002776";"155 776 946";"B01";"1";"7";"0";"2";"3";"15";"1";""
"202400002777";"155 776 943";"A01";"2";"2";"0";"0";"0";"1";"1";""
"202400002778";"155 776 942";"A01";"1";"7";"0";"1";"2";"1";"1";""
"202400002779";"155 776 941";"A01";"1";"2";"2";"0";"5";"1";"1";""
"202400002780";"155 776 939";"A01";"2";"2";"6";"0";"1";"1";"3";""
"202400002781";"155 776 938";"A01";"1";"7";"0";"2";"1";"18";"1";""
"202400002781";"155 776 940";"B01";"2";"7";"0";"2";"2";"15";"1";""
"202400002782";"155 776 936";"A01";"3";"10";"0";"2";"2";"15";"1";""
"202400002782";"155 776 937";"B01";"3";"1";"0";"2";"1";"1";"5";""
"202400002783";"155 776 935";"A01";"1";"7";"9";"0";"9";"26";"1";""
"202400002784";"155 776 934";"A01";"1";"7";"0";"1";"2";"19";"1";""
"202400002785";"155 776 932";"A01";"1";"7";"0";"2";"1";"16";"1";""
"202400002785";"155 776 933";"B01";"2";"34";"0";"2";"7";"1";"1";""
"202400002786";"155 776 930";"A01";"1";"33";"0";"2";"1";"1";"1";""
"202400002786";"155 776 931";"B01";"2";"7";"0";"2";"8";"15";"1";""
"202400002787";"155 776 927";"A01";"2";"50";"0";"0";"2";"1";"3";""
"202400002788";"155 776 925";"A01";"1";"7";"0";"1";"1";"2";"1";""
"202400002789";"155 776 922";"D01";"2";"7";"0";"2";"7";"1";"1";""
"202400002789";"155 776 924";"E01";"2";"7";"0";"2";"5";"24";"1";""
"202400002789";"155 776 926";"A01";"2";"7";"0";"2";"8";"22";"1";""
"202400002789";"155 776 928";"B01";"2";"7";"1";"2";"9";"1";"1";""
"202400002789";"155 776 929";"C01";"2";"7";"0";"2";"4";"0";"1";""
"202400002790";"155 776 921";"A01";"3";"30";"9";"2";"1";"1";"1";""
"202400002790";"155 776 923";"B01";"3";"10";"13";"0";"3";"0";"1";""
"202400002791";"155 776 920";"Z01";"1";"30";"0";"0";"0";"16";"1";""
"202400002792";"155 776 919";"A01";"1";"7";"1";"0";"2";"1";"1";""
"202400002793";"155 776 918";"A01";"1";"7";"0";"1";"1";"1";"1";""
"202400002794";"155 776 916";"B01";"0";"7";"0";"2";"3";" -1";"1";""
"202400002794";"155 776 917";"A01";"1";"7";"0";"2";"3";"15";"1";""
"202400002795";"155 776 914";"A01";"1";"7";"0";"2";"3";"15";"1";""
"202400002795";"155 776 915";"B01";"1";"7";"0";"2";"7";"17";"1";""
"202400002796";"155 776 912";"A01";"1";"7";"0";"1";"2";"1";"1";""
"202400002797";"155 776 911";"A01";"1";"7";"14";"0";"1";"26";"2";""
"202400002798";"155 776 908";"A01";"1";"2";"0";"0";"4";"1";"1";""
"202400002798";"155 776 910";"B01";"1";"7";"0";"2";"1";"1";"2";""
"202400002799";"155 776 909";"A01";"1";"7";"0";"1";"1";"15";"1";""
"202400002800";"155 776 903";"B01";"1";"10";"0";"2";"1";"1";"1";""
"202400002800";"155 776 904";"C01";"2";"7";"0";"2";"3";"1";"1";""
"202400002800";"155 776 906";"A01";"1";"7";"0";"2";"4";"1";"2";""
"202400002801";"155 776 902";"A01";"2";"10";"0";"1";"1";"1";"0";""
"202400002802";"155 776 901";"A01";"2";"7";"2";"0";"1";"1";"1";""
"202400002803";"155 776 900";"A01";"3";"7";"6";"0";"3";"13";"1";""
"202400002804";"155 776 899";"A01";"1";"37";"0";"1";"1";"19";"1";"1"
"202400002805";"155 776 897";"A01";"2";"7";"0";"2";"3";"1";"1";""
"202400002805";"155 776 898";"B01";"2";"10";"0";"2";"3";"9";"1";""
"202400002806";"155 776 895";"A01";"2";"7";"0";"2";"3";"9";"1";""
"202400002806";"155 776 896";"B01";"1";"7";"0";"2";"3";"1";"1";""
"202400002807";"155 776 894";"A01";"1";"7";"14";"0";"1";"14";"1";""
"202400002808";"155 776 893";"A01";"0";"7";"0";"1";"3";"1";"2";""
"202400002809";"155 776 891";"A01";"2";"16";"0";"0";"8";"9";"1";""
"202400002809";"155 776 892";"B01";"1";"10";"0";"2";"1";"2";"1";""
"202400002810";"155 776 889";"A01";"0";"7";"0";"2";"7";"13";"1";""
"202400002810";"155 776 890";"B01";"0";"7";"0";"2";"1";"1";"1";""
"202400002811";"155 776 887";"A01";"1";"7";"2";"2";"3";"1";"1";""
"202400002811";"155 776 888";"B01";"2";"7";"0";"2";"1";"1";"1";""
"202400002812";"155 776 886";"A01";"1";"30";"6";"0";"1";"26";"1";""
"202400002813";"155 776 885";"A01";"2";"0";"0";"1";"7";"17";" -1";""
"202400002814";"155 776 884";"A01";"2";"10";"6";"0";"3";"1";"1";""
"202400002815";"155 776 880";"A01";"2";"7";"0";"2";"1";"2";"1";""
"202400002815";"155 776 882";"B01";"2";"7";"0";"0";"4";"2";"1";""
"202400002816";"155 776 881";"A01";"2";"7";"0";"2";"3";"17";"1";""
"202400002816";"155 776 883";"B01";"1";"2";"0";"2";"1";"26";"1";""
"202400002817";"155 776 879";"A01";"1";"10";"0";"1";"1";"2";"0";""
"202400002818";"155 776 877";"A01";"1";"7";"0";"2";"3";"15";"1";""
"202400002818";"155 776 878";"B01";"1";"33";"0";"2";"7";"1";"1";""
"202400002819";"155 776 876";"Z01";"1";"7";"0";"1";"1";"16";"1";""
"202400002820";"155 776 874";"A01";"1";"33";"8";"0";"1";"26";"1";""
"202400002820";"155 776 875";"B01";"1";"33";"0";"2";"4";"26";"1";""
"202400002821";"155 776 871";"A01";"1";"10";"0";"2";"1";"1";"3";""
"202400002821";"155 776 873";"B01";"3";"7";"0";"2";"2";"1";"1";""
"202400002822";"155 776 869";"A01";"2";"10";"0";"2";"1";"13";"1";""
"202400002822";"155 776 870";"B01";"1";"33";"0";"2";"1";"1";"1";""
"202400002822";"155 776 872";"C01";"1";"33";"0";"2";"1";"1";"1";""
"202400002823";"155 776 868";"A01";"3";"7";"3";"0";"1";"1";"2";""
"202400002824";"155 776 866";"A01";"1";"7";"0";"9";"1";"0";"1";""
"202400002824";"155 776 867";"B01";"2";"1";"0";"2";"8";"21";"5";""
"202400002825";"155 776 865";"A01";"1";"7";"1";"0";"1";"1";"1";""
"202400002826";"155 776 863";"A01";"2";"7";"1";"0";"0";"2";"1";""
"202400002827";"155 776 862";"A01";"2";"7";"0";"0";"2";"15";"1";""
"202400002827";"155 776 864";"B01";"1";"1";"0";"2";"1";"1";"5";""
"202400002828";"155 776 861";"A01";"2";"50";"8";"0";"2";"1";"3";""
"202400002829";"155 776 860";"A01";"3";"7";"0";"1";"1";"1";"1";""
"202400002830";"155 776 859";"A01";"2";"33";"0";"1";"6";"1";"1";""
"202400002831";"155 776 855";"A01";"2";"33";"0";"2";"3";"1";"1";""
"202400002831";"155 776 857";"B01";"1";"7";"0";"2";"3";"1";"1";""
"202400002832";"155 776 854";"A01";"1";"7";"0";"2";"3";"13";"1";""
"202400002832";"155 776 856";"B01";"2";"7";"0";"2";"3";"1";"1";""
"202400002832";"155 776 858";"C01";"2";"7";"0";"2";"8";"1";"1";""
"202400002833";"155 776 853";"A01";"0";"7";"0";"1";"1";"0";"1";""
"202400002834";"155 776 847";"A01";"2";"7";"0";"2";"1";"2";"1";""
"202400002834";"155 776 848";"B01";"2";"7";"0";"2";"6";"1";"1";""
"202400002834";"155 776 851";"C01";"1";"7";"0";"2";"4";"1";"1";""
"202400002834";"155 776 852";"D01";"1";"7";"14";"0";"1";"0";"1";""
"202400002835";"155 776 845";"A01";"2";"7";"13";"0";"2";"1";"1";""
"202400002836";"155 776 844";"A01";"3";"7";"0";"2";"2";"1";"1";""
"202400002836";"155 776 846";"B01";"3";"80";"0";"2";"7";"1";"3";""
"202400002837";"155 776 842";"A01";"1";"33";"0";"2";"1";"1";"1";""
"202400002837";"155 776 843";"B01";"1";"7";"0";"2";"2";"23";"0";""
"202400002838";"155 776 840";"A01";"0";"7";"0";"2";"1";"15";"1";""
"202400002838";"155 776 841";"B01";"0";"2";"0";"2";"2";"1";"1";""
"202400002839";"155 776 838";"A01";"1";"33";"4";"0";"0";"0";"1";""
"202400002839";"155 776 839";"B01";"1";"30";"4";"0";"0";"2";"1";""
"202400002840";"155 776 837";"A01";"3";"30";"0";"0";"8";"1";"1";""
"202400002841";"155 776 834";"A01";"1";"7";"0";"2";"1";"5";"1";""
"202400002841";"155 776 836";"B01";"1";"7";"0";"2";"1";"1";"1";""
"202400002842";"155 776 833";"B01";"1";"2";"14";"0";"1";"2";"1";""
"202400002842";"155 776 835";"A01";"1";"10";"0";"2";"3";"16";"1";""
"202400002843";"155 776 830";"A01";"3";"30";"0";"2";"8";"26";"1";""
"202400002843";"155 776 832";"B01";"3";"0";"0";"2";"1";"0";"0";""
"202400002844";"155 776 829";"A01";"2";"7";"0";"2";"5";"16";"1";""
"202400002844";"155 776 831";"B01";"2";"1";"0";"2";"4";"1";"5";""
"202400002845";"155 776 827";"A01";"2";"10";"0";"2";"1";"2";"1";""
"202400002845";"155 776 828";"B01";"2";"10";"0";"2";"4";"2";"1";""
"202400002846";"155 776 826";"A01";"2";"7";"0";"1";"3";"2";"1";""
"202400002847";"155 776 825";"A01";"1";"7";"13";" -1";"1";"1";"1";""
"202400002848";"155 776 824";"A01";"1";"7";"1";"1";"2";"1";"1";""
"202400002849";"155 776 823";"A01";"1";"31";"9";"0";"1";"0";"1";""
"202400002850";"155 776 820";"A01";"1";"10";"0";"9";"0";"2";"1";""
"202400002850";"155 776 821";"B01";"1";"7";"0";"2";"4";"2";"1";""
"202400002850";"155 776 822";"C01";"1";"33";"0";"2";"4";"2";"1";""
"202400002851";"155 776 817";"A01";"3";"7";"0";"1";"7";"24";"1";""
"202400002852";"155 776 818";"B01";"1";"7";"0";"2";"1";"1";"1";""
"202400002852";"155 776 819";"A01";"2";"7";"0";"0";"2";"26";"1";""
"202400002853";"155 776 814";"A01";"1";"7";"0";"2";"2";"2";"1";""
"202400002853";"155 776 816";"B01";"1";"1";"0";"2";"8";"13";"5";""
"202400002854";"155 776 812";"A01";"3";"7";"0";"2";"3";"11";"1";""
"202400002854";"155 776 813";"C01";"3";"7";"0";"2";"8";"1";"1";""
"202400002854";"155 776 815";"B01";"3";"14";"0";"2";"2";"1";"0";""
"202400002855";"155 776 811";"A01";"1";"33";"1";"0";"1";"26";"1";""
"202400002856";"155 776 809";"A01";"3";"7";"0";"1";"6";"15";"1";""
"202400002857";"155 776 808";"B01";"1";"2";"0";"2";"1";"5";"1";""
"202400002857";"155 776 810";"A01";"1";"7";"0";"2";"2";"15";"2";""
"202400002858";"155 776 807";"A01";"3";"37";"0";"1";"6";"24";"1";"1"
"202400002859";"155 776 805";"B01";"2";"7";"0";"2";"2";"15";"1";""
"202400002859";"155 776 806";"A01";"1";"30";"0";"2";"1";"1";"1";""
"202400002860";"155 776 801";"A01";"1";"7";"0";"1";"1";"1";"1";""
"202400002861";"155 776 797";"D01";"1";"10";"0";"2";"1";"2";"1";""
"202400002861";"155 776 799";"F01";"1";"10";"3";"2";"3";"1";"1";""
"202400002861";"155 776 800";"B01";"1";"7";"0";"2";"1";"2";"1";""
"202400002861";"155 776 802";"C01";"1";"7";"0";"2";"1";"2";"1";""
"202400002861";"155 776 803";"E01";"1";"10";"0";"2";"1";"2";"1";""
"202400002861";"155 776 804";"A01";"1";"7";"0";"2";"4";"2";"1";""
"202400002862";"155 776 795";"A01";"1";"7";"0";"2";"1";"1";"2";""
"202400002862";"155 776 796";"B01";"1";"7";"0";"2";"5";"1";"1";""
"202400002862";"155 776 798";"C01";"1";"7";"0";"2";"2";"1";"1";""
"202400002863";"155 776 793";"A01";"1";"7";"0";"2";"8";"9";"1";""
"202400002863";"155 776 794";"B01";"1";"7";"0";"2";"3";"1";"1";""
"202400002864";"155 776 792";"A01";"3";"37";"0";"1";"2";"15";"1";"1"
"202400002865";"155 776 791";"B01";"1";"33";"16";"0";"0";"1";"1";""
"202400002866";"155 776 789";"B01";"2";"7";"0";"2";"1";"1";"1";""
"202400002866";"155 776 790";"A01";"1";"30";"0";"2";"1";"5";"1";""
"202400002867";"155 776 787";"B01";"3";"7";"0";"2";"0";"0";"1";""
"202400002867";"155 776 788";"A01";"1";"0";"0";"2";"0";"0";"0";""
"202400002868";"155 776 785";"B01";"2";"30";"0";"0";"0";"14";"1";""
"202400002868";"155 776 786";"Z01";"2";"7";"0";"2";"8";"12";"0";""
"202400002869";"155 776 783";"B01";"1";"10";"0";"2";"2";"1";"1";""
"202400002869";"155 776 784";"A01";"2";"7";"0";"2";"2";"5";"1";""
"202400002870";"155 776 780";"A01";"1";"7";"4";"0";"1";"1";"1";""
"202400002871";"155 776 779";"B01";"1";"2";"0";"2";"4";"23";"3";""
"202400002871";"155 776 781";"C01";"1";"7";"0";"2";"4";"1";"2";""
"202400002871";"155 776 782";"A01";"1";"7";"0";"2";"1";"1";"1";""
"202400002872";"155 776 778";"A01";"1";"7";"0";"1";"2";"1";"1";""
"202400002873";"155 776 777";"A01";"3";"7";"0";"1";"3";"15";"0";""
"202400002874";"155 776 776";"A01";"3";"7";"0";"1";"1";"1";" -1";""
"202400002875";"155 776 775";"A01";"1";"1";"8";"0";"1";"26";"5";""
"202400002876";"155 776 773";"A01";"0";"7";"0";"2";"1";"15";"1";""
"202400002876";"155 776 774";"B01";"0";"50";"0";"2";"1";"1";"3";""
"202400002877";"155 776 772";"A01";"1";"10";"0";"1";"1";"1";"1";""
"202400002878";"155 776 770";"A01";"1";"33";"0";"2";"2";"2";"1";""
"202400002878";"155 776 771";"B01";"2";"7";"0";"2";"3";"1";"1";""
"202400002879";"155 776 769";"A01";"2";"37";"0";"1";"3";"15";"1";"1"
"202400002880";"155 776 767";"B01";"1";"13";"0";"2";"2";"0";"1";""
"202400002880";"155 776 768";"A01";"1";"7";"0";"2";"6";"1";"1";""
"202400002881";"155 776 765";"B01";"1";"10";"0";"2";"3";"1";"1";""
"202400002881";"155 776 766";"A01";"1";"1";"0";"2";"7";"1";"5";""
"202400002882";"155 776 762";"A01";"1";"7";"0";"2";"8";"1";"1";""
"202400002882";"155 776 764";"B01";"1";"7";"0";"2";"5";"15";"1";""
"202400002883";"155 776 761";"A01";"2";"7";"0";"2";"4";"2";"1";""
"202400002883";"155 776 763";"B01";"2";"7";"0";"2";"1";"2";"1";""
"202400002884";"155 776 758";"A01";"1";"10";"0";"2";"1";"1";"1";""
"202400002884";"155 776 760";"B01";"2";"7";"0";"2";"1";"1";"1";""
"202400002885";"155 776 757";"A01";"1";"7";"0";"2";"1";"19";"1";""
"202400002885";"155 776 759";"B01";"1";"7";"0";"2";"1";"2";"1";""
"202400002886";"155 776 756";"A01";"2";"7";"0";"1";"3";"26";"1";""
"202400002887";"155 776 754";"A01";"2";"7";"0";"2";"6";"16";"1";""
"202400002887";"155 776 755";"B01";"2";"7";"0";"2";"6";"23";"1";""
"202400002888";"155 776 751";"A01";"2";"50";"0";"2";"1";"1";"3";""
"202400002888";"155 776 753";"B01";"1";"7";"0";"2";"5";"1";"2";""
"202400002889";"155 776 750";"B01";"0";"1";"0";"2";"2";"1";"5";""
"202400002889";"155 776 752";"A01";"0";"7";"0";"9";"3";"9";"1";""
"202400002890";"155 776 749";"A01";"1";"7";"0";"1";"4";"4";"1";""
"202400002891";"155 776 748";"A01";"3";"39";"0";"1";"1";"26";"3";""
"202400002892";"155 776 747";"A01";"1";"7";"0";"1";"1";"1";"1";""
"202400002893";"155 776 745";"A01";"1";"33";"0";"2";"1";"1";"1";""
"202400002893";"155 776 746";"B01";"2";"7";"0";"2";"3";"15";"1";""
"202400002894";"155 776 744";"A01";"1";"7";"0";"1";"5";"15";"1";""
"202400002895";"155 776 742";"A01";"3";"7";"0";"9";"1";"1";"1";""
"202400002895";"155 776 743";"B01";"3";"50";"0";"2";"1";"26";"3";""
"202400002896";"155 776 740";"A01";"1";"7";"0";"2";"1";"1";"1";""
"202400002896";"155 776 741";"B01";"1";"7";"0";"2";"6";"1";"1";""
"202400002897";"155 776 739";"A01";"2";"7";"8";"0";"1";"1";"1";""
"202400002898";"155 776 738";"A01";"1";"7";"8";"0";"1";"15";"1";""
"202400002899";"155 776 735";"A01";"3";"7";"0";"2";"8";"15";"1";""
"202400002899";"155 776 736";"B01";"3";"33";"0";"2";"7";"17";"1";""
"202400002900";"155 776 734";"A01";"3";"7";"0";"2";"3";"15";"1";""
"202400002900";"155 776 737";"B01";"3";"33";"0";"2";"1";"1";"1";""
"202400002901";"155 776 732";"A01";"2";"50";"13";"0";"1";"0";"3";""
"202400002902";"155 776 731";"A01";"1";"7";"0";"9";"1";"15";"1";""
"202400002902";"155 776 733";"B01";"1";"1";"0";"2";"8";"1";"5";""