"Num_Acc";"id_vehicule";"num_veh";"senc";"catv";"obs";"obsm";"choc";"manv";"motor";"occutc"
"202400003302";"155 776 015";"A01";"0";"7";"0";"9";"8";"15";"1";""
"202400003303";"155 776 012";"B01";"1";"50";"0";"2";"1";"1";"3";""
"202400003303";"155 776 013";"A01";"2";"7";"0";"2";"2";"15";"1";""
"202400003304";"155 776 009";"A01";"3";"7";"0";"2";"1";"2";"1";""
"202400003304";"155 776 010";"B01";"3";"7";"0";"2";"4";"2";"1";""
"202400003304";"155 776 011";"C01";"3";"7";"0";"2";"4";"2";"1";""
"202400003305";"155 776 007";"A01";"1";"7";"0";"2";"2";"2";"1";""
"202400003305";"155 776 008";"B01";"1";"50";"0";"2";"7";"2";"3";""
"202400003306";"155 776 003";"A01";"2";"7";"1";"2";"3";"16";"1";""
"202400003306";"155 776 005";"B01";"2";"7";"0";"2";"2";"1";"1";""
"202400003306";"155 776 006";"C01";"2";"7";"0";"2";"6";"24";"1";""
"202400003307";"155 776 002";"B01";"1";"7";"8";"0";"2";"1";"1";""
"202400003307";"155 776 004";"A01";"1";"7";"8";"2";"1";"1";"1";""
"202400003308";"155 776 000";"B01";"2";"7";"0";"2";"1";"2";"1";""
"202400003308";"155 776 001";"A01";"1";"10";"0";"2";"1";"15";"1";""
"202400003309";"155 775 999";"A01";"2";"7";"0";"1";"3";"1";"3";""
"202400003310";"155 775 997";"A01";"2";"7";"0";"2";"3";"9";"3";""
"202400003310";"155 775 998";"B01";"2";"50";"0";"2";"1";"1";"3";""
"202400003311";"155 775 995";"TA01";"0";"7";"0";"9";"3";"1";"1";""
"202400003311";"155 775 996";"B01";"0";"99";"0";"2";"0";"0";"0";""
"202400003312";"155 775 993";"A01";"1";"7";"0";"9";"3";"1";"1";""
"202400003312";"155 775 994";"B01";"2";"50";"0";"2";"1";"15";"3";""
"202400003313";"155 775 992";"A01";"3";"7";"0";"1";"2";"1";"2";""
"202400003314";"155 775 990";"B01";"1";"33";"0";"2";"2";"2";"1";""
"202400003314";"155 775 991";"A01";"1";"7";"0";"2";"3";"2";"1";""
"202400003315";"155 775 988";"B01";"3";"7";"0";"2";"6";"1";"0";""
"202400003315";"155 775 989";"A01";"3";"14";"0";"2";"2";"14";"0";""
"202400003316";"155 775 986";"A01";"1";"33";"5";"0";"2";"13";"1";""
"202400003317";"155 775 985";"B01";"1";"10";"0";"2";"1";"1";"1";""
"202400003317";"155 775 987";"A01";"2";"7";"0";"2";"7";"1";"1";""
"202400003318";"155 775 982";"B01";"1";"7";"0";"2";"3";"9";"1";""
"202400003318";"155 775 984";"A01";"1";"43";"0";"2";"0";"0";"1";""
"202400003319";"155 775 981";"B01";"1";"32";"0";"2";"6";"1";"1";""
"202400003319";"155 775 983";"Z01";"1";"10";"0";"2";"3";"13";"0";""
"202400003320";"155 775 978";"A01";"3";"33";"0";"2";"1";"2";"1";""
"202400003320";"155 775 979";"B01";"3";"7";"0";"2";"4";"16";"1";""
"202400003321";"155 775 977";"B01";"1";"7";"0";"2";"2";"1";"1";""
"202400003321";"155 775 980";"A01";"3";"7";"0";"2";"1";"1";"1";""
"202400003322";"155 775 976";"A01";"2";"30";"0";"1";"8";"25";"1";""
"202400003323";"155 775 975";"A01";"1";"30";"0";"0";"0";"17";"1";""
"202400003324";"155 775 974";"A01";"1";"7";"0";"1";"2";"26";"1";""
"202400003325";"155 775 972";"A01";"2";"30";"0";"2";"1";"1";"1";""
"202400003325";"155 775 973";"B01";"2";"7";"0";"2";"4";"1";"3";""
"202400003326";"155 775 971";"A01";"2";"7";"0";"1";"7";"17";"1";""
"202400003327";"155 775 970";"A01";"2";"10";"0";"1";"7";"1";"1";""
"202400003328";"155 775 968";"A01";"1";"33";"0";"2";"2";"0";"6";""
"202400003328";"155 775 969";"B01";"3";"7";"0";"2";"6";"23";"6";""
"202400003329";"155 775 965";"B01";"1";"7";"0";"2";"1";"1";"1";""
"202400003329";"155 775 967";"A01";"1";"10";"0";"2";"1";"13";"1";""
"202400003330";"155 775 961";"A01";"0";"7";"0";"1";"1";"23";"1";""
"202400003331";"155 775 962";"A01";"2";"7";"0";"2";"1";"2";"1";""
"202400003331";"155 775 963";"C01";"2";"10";"0";"2";"4";"2";"1";""
"202400003331";"155 775 964";"B01";"2";"7";"0";"2";"4";"2";"1";""
"202400003331";"155 775 966";"D01";"2";"7";"0";"2";"4";"2";"2";""
"202400003332";"155 775 959";"A01";"1";"33";"13";"0";"1";"21";"1";""
"202400003333";"155 775 958";"A01";"1";"7";"0";"2";"2";"11";"1";""
"202400003333";"155 775 960";"B01";"1";"7";"0";"2";"3";"1";"1";""
"202400003334";"155 775 957";"A01";"1";"1";"0";"1";"1";"1";"5";""
"202400003335";"155 775 956";"A01";"3";"7";"8";"0";"1";"13";"1";""
"202400003336";"155 775 954";"A01";"1";"80";"12";"0";"0";"26";"3";""
"202400003337";"155 775 953";"B01";"1";"50";"0";"2";"7";"1";"3";""
"202400003337";"155 775 955";"A01";"1";"7";"0";"2";"1";"9";"2";""
"202400003338";"155 775 951";"A01";"2";"7";"0";"1";"2";"1";"1";""
"202400003339";"155 775 950";"A01";"3";"33";"14";"0";"1";"0";"0";""
"202400003339";"155 775 952";"B01";"3";"7";"0";"2";"1";"0";"6";""
"202400003340";"155 775 949";"A01";"1";"2";"8";"0";"2";"1";"1";""
"202400003341";"155 775 947";"A01";"2";"7";"8";"0";"0";"0";"1";""
"202400003342";"155 775 948";"A01";"2";"7";"0";"1";"1";"15";"1";""
"202400003343";"155 775 944";"A01";"1";"7";"0";"2";"2";"5";"1";""
"202400003343";"155 775 946";"B01";"2";"7";"0";"2";"2";"0";"1";""
"202400003344";"155 775 942";"C01";"1";"7";"0";"2";"4";"2";"1";""
"202400003344";"155 775 943";"B01";"1";"10";"0";"2";"4";"2";"1";""
"202400003344";"155 775 945";"A01";"1";"14";"0";"2";"1";"1";"1";""
"202400003345";"155 775 940";"B01";"3";"7";"0";"2";"8";"16";"1";""
"202400003345";"155 775 941";"A01";"3";"7";"0";"2";"1";"2";"1";""
"202400003346";"155 775 937";"A01";"2";"7";"6";"0";"1";"1";"1";""
"202400003347";"155 775 938";"A01";"2";"33";"0";"2";"1";"3";"1";""
"202400003347";"155 775 939";"B01";"2";"7";"0";"2";"5";"0";"2";""
"202400003348";"155 775 936";"A01";"2";"43";"13";"0";"2";"14";"1";""
"202400003349";"155 775 934";"A01";"3";"7";"0";"1";"1";"0";"2";""
"202400003350";"155 775 933";"A01";"1";"7";"0";"2";"3";"13";"1";""
"202400003350";"155 775 935";"B01";"2";"7";"3";"2";"3";"1";"1";""
"202400003351";"155 775 930";"A01";"1";"7";"8";"2";"1";"1";"1";""
"202400003352";"155 775 929";"A01";"1";"7";"0";"2";"2";"2";"0";""
"202400003352";"155 775 931";"B01";"1";"7";"0";"2";"4";"14";"1";""
"202400003352";"155 775 932";"C01";"2";"7";"0";"2";"8";"21";"1";""
"202400003353";"155 775 926";"A01";"1";"30";"0";"2";"1";"1";"1";""
"202400003353";"155 775 928";"B01";"1";"7";"0";"2";"2";"1";"1";""
"202400003354";"155 775 924";"A01";"2";"7";"0";"2";"1";"1";"1";""
"202400003354";"155 775 925";"C01";"1";"7";"0";"2";"1";"5";"1";""
"202400003354";"155 775 927";"B01";"2";"7";"0";"2";"3";"1";"1";""
"202400003355";"155 775 921";"A01";"2";"33";"9";"0";"1";"1";"1";""
"202400003356";"155 775 922";"A01";"2";"1";"0";"2";"8";"2";"5";""
"202400003356";"155 775 923";"B01";"0";"34";"0";"2";"7";"1";"1";""
"202400003357";"155 775 919";"A01";"1";"13";"13";"0";"8";"15";"1";""
"202400003357";"155 775 920";"B01";"1";"7";"0";"2";"1";"1";"1";""
"202400003358";"155 775 917";"A01";"1";"2";"0";"0";"8";"1";"1";""
"202400003359";"155 775 916";"B01";"1";"7";"0";"2";"6";"16";"1";""
"202400003359";"155 775 918";"A01";"1";"7";"0";"2";"2";"13";"2";""
"202400003360";"155 775 914";"A01";"3";"33";"0";"0";"0";"26";"1";""
"202400003361";"155 775 913";"A01";"3";"1";"0";"2";"1";"1";"5";""
"202400003361";"155 775 915";"Z01";"3";"2";"0";"2";"8";"26";"1";""
"202400003362";"155 775 910";"A01";"1";"43";"0";"1";"8";"21";"1";""
"202400003363";"155 775 909";"A01";"2";"33";"0";"0";"7";"1";"1";""
"202400003364";"155 775 906";"A01";"1";"50";"1";"0";"1";"1";"3";""
"202400003364";"155 775 908";"B01";"1";"7";"0";"2";"4";"24";"1";""
"202400003365";"155 775 905";"A01";"2";"33";"0";"2";"0";"1";"1";""
"202400003365";"155 775 907";"B01";"1";"7";"0";"2";"1";"19";"1";""
"202400003366";"155 775 903";"A01";"2";"7";"0";"2";"3";"0";"1";""
"202400003366";"155 775 904";"B01";"2";"1";"1";"0";"7";"17";"5";""
"202400003367";"155 775 901";"A01";"2";"7";"13";"2";"2";"17";"1";""
"202400003367";"155 775 902";"B01";"2";"7";"0";"0";"8";"15";"1";""
"202400003368";"155 775 899";"A01";"3";"7";"13";"0";"8";"13";"1";""
"202400003369";"155 775 900";"A01";"2";"33";"0";"1";"7";"21";"1";""
"202400003370";"155 775 898";"A01";"2";"7";"2";"0";"1";"1";"1";""
"202400003371";"155 775 896";"A01";"3";"33";"0";"2";"3";"13";"1";""
"202400003371";"155 775 897";"B01";"3";"2";"0";"2";"7";"1";"1";""
"202400003372";"155 775 895";"A01";"1";"7";"8";"0";"1";"0";"1";""
"202400003373";"155 775 894";"A01";"2";"1";"12";"9";"1";"2";"5";""
"202400003374";"155 775 893";"A01";"1";"7";"16";"0";"8";"1";"1";""
"202400003375";"155 775 892";"A01";"3";"33";"0";"0";"0";"16";"1";""
"202400003376";"155 775 890";"B01";"1";"80";"9";"2";"1";"1";"3";""
"202400003376";"155 775 891";"A01";"1";"10";"9";"2";"7";"16";"1";""
"202400003377";"155 775 888";"A01";"1";"1";"10";"2";"5";"1";"5";""
"202400003377";"155 775 889";"B01";"2";"15";"0";"9";"6";"1";"1";""
"202400003378";"155 775 887";"A01";"1";"2";"0";"0";"0";"21";"1";""
"202400003379";"155 775 886";"A01";"1";"7";"6";"0";"2";"1";"1";""
"202400003380";"155 775 885";"A01";"2";"50";"14";"0";"1";"26";"3";""
"202400003381";"155 775 883";"A01";"1";"7";"1";"0";"4";"23";"1";""
"202400003381";"155 775 884";"B01";"1";"1";"1";"0";"1";"1";"5";""
"202400003382";"155 775 881";"A01";"1";"7";"0";"2";"7";"15";"2";""
"202400003382";"155 775 882";"B01";"2";"33";"0";"2";"7";"1";"1";""
"202400003383";"155 775 878";"A01";"3";"7";"0";"2";"7";"19";"1";""
"202400003383";"155 775 880";"B01";"2";"7";"0";"2";"1";"1";"1";""
"202400003384";"155 775 877";"A01";"1";"7";"0";"2";"1";"16";"1";""
"202400003384";"155 775 879";"B01";"1";"1";"0";"2";"0";"19";"5";""
"202400003385";"155 775 876";"A01";"3";"7";"8";"0";"1";"0";"1";""
"202400003386";"155 775 875";"A01";"3";"7";"0";"1";"1";"1";"2";""
"202400003387";"155 775 869";"B01";"1";"30";"0";"2";"2";"1";"1";""
"202400003387";"155 775 871";"A01";"1";"7";"0";"2";"3";"15";"1";""
"202400003388";"155 775 870";"B01";"3";"1";"0";"2";"8";"0";"5";""
"202400003388";"155 775 872";"A01";"3";"7";"0";"2";"1";"1";"1";""
"202400003389";"155 775 867";"A01";"2";"7";"13";"0";"9";"21";"1";""
"202400003390";"155 775 866";"B01";"3";"1";"0";"2";"0";"0";"5";""
"202400003390";"155 775 868";"A01";"3";"14";"15";"2";"7";"16";"6";""
"202400003391";"155 775 864";"A01";"3";"7";"15";"0";"6";"2";"1";""
"202400003392";"155 775 863";"A01";"0";"7";"0";"2";"3";"1";"1";""
"202400003392";"155 775 865";"B01";"0";"1";"0";"2";"8";"1";"5";""
"202400003393";"155 775 858";"C01";"1";"13";"0";"2";"1";"1";"1";""
"202400003393";"155 775 859";"A01";"1";"13";"0";"2";"1";"1";"1";""
"202400003393";"155 775 861";"B01";"1";"10";"0";"0";"6";"23";"1";""
"202400003394";"155 775 860";"B01";"1";"7";"0";"2";"1";"1";"1";""
"202400003394";"155 775 862";"A01";"1";"7";"0";"2";"8";"15";"1";""
"202400003395";"155 775 857";"A01";"0";"7";"0";"1";"1";"1";"1";""
"202400003396";"155 775 855";"A01";"1";"7";"0";"2";"3";"13";"1";""
"202400003396";"155 775 856";"B01";"2";"7";"0";"2";"6";"1";"1";""
"202400003397";"155 775 852";"A01";"2";"7";"0";"2";"6";"15";"1";""
"202400003397";"155 775 854";"B01";"2";"33";"0";"2";"1";"1";"1";""
"202400003398";"155 775 851";"A01";"2";"7";"0";"2";"1";"15";"1";""
"202400003398";"155 775 853";"B01";"1";"7";"6";"2";"1";"1";"1";""
"202400003399";"155 775 848";"B01";"3";"32";"0";"2";"1";"1";"1";""
"202400003399";"155 775 850";"A01";"3";"10";"0";"2";"2";"9";"1";""
"202400003400";"155 775 847";"A01";"1";"7";"0";"9";"2";"12";"1";""
"202400003400";"155 775 849";"B01";"1";"33";"0";"2";"3";"3";"1";""
"202400003401";"155 775 844";"B01";"2";"7";"0";"0";"5";"1";"1";""
"202400003401";"155 775 846";"A01";"2";"33";"13";"2";"1";"21";"1";""
"202400003402";"155 775 843";"A01";"3";"7";"0";"2";"6";"11";"0";""
"202400003402";"155 775 845";"B01";"3";"33";"0";"2";"2";"3";"0";""
"202400003403";"155 775 841";"B01";"2";"10";"0";"2";"3";"1";"1";""
"202400003403";"155 775 842";"A01";"1";"1";"0";"2";"3";"1";"5";""
"202400003404";"155 775 840";"A01";"1";"7";"14";"0";"1";"1";"1";""
"202400003405";"155 775 838";"A01";"0";"7";"0";"1";"1";"0";"0";""
"202400003406";"155 775 837";"A01";"1";"7";"0";"2";"3";"13";"1";""
"202400003406";"155 775 839";"B01";"2";"15";"0";"2";"3";"2";"1";""
"202400003407";"155 775 836";"A01";"1";"7";"0";"1";"1";"1";"0";""
"202400003408";"155 775 835";"A01";"0";"7";"2";"0";"1";"0";"1";""
"202400003409";"155 775 833";"A01";"2";"7";"0";"0";"0";"0";"1";""
"202400003409";"155 775 834";"B01";"0";"1";"0";"2";"1";"26";"5";""
"202400003410";"155 775 831";"A01";"3";"1";"0";"0";"4";"1";"5";""
"202400003410";"155 775 832";"B01";"3";"1";"0";"0";"1";"1";"5";""
"202400003411";"155 775 829";"B01";"1";"14";"0";"2";"7";"9";"1";""
"202400003411";"155 775 830";"Z01";"1";"50";"0";"2";"1";"0";"3";""
"202400003412";"155 775 827";"B01";"1";"10";"0";"2";"7";"0";"1";""
"202400003412";"155 775 828";"A01";"1";"1";"0";"2";"1";"0";"5";""
"202400003413";"155 775 826";"A01";"2";"7";"13";"0";"2";"1";"1";""
"202400003414";"155 775 823";"A01";"1";"33";"4";"0";"3";"13";"1";""
"202400003414";"155 775 825";"B01";"2";"7";"0";"9";"3";"1";"1";""
"202400003415";"155 775 822";"A01";"1";"2";"0";"2";"1";"19";"1";""
"202400003415";"155 775 824";"B01";"2";"7";"0";"0";"3";"1";"1";""
"202400003416";"155 775 819";"B01";"0";"20";"0";"2";"0";"19";"1";""
"202400003416";"155 775 821";"A01";"1";"7";"0";"2";"1";"1";"1";""
"202400003417";"155 775 818";"A01";"1";"7";"0";"9";"2";"2";"0";""
"202400003417";"155 775 820";"B01";"1";"1";"0";"2";"4";"2";"5";""
"202400003418";"155 775 816";"A01";"2";"7";"5";"0";"3";"21";"1";""
"202400003419";"155 775 815";"A01";"2";"10";"0";"2";"1";"1";"1";""
"202400003419";"155 775 817";"B01";"2";"7";"0";"2";"4";"1";"1";""
"202400003420";"155 775 813";"A01";"1";"33";"0";"0";"2";"6";"1";""
"202400003421";"155 775 812";"B01";"0";"34";"0";"2";"0";"11";"1";""
"202400003421";"155 775 814";"A01";"0";"7";"0";"2";"8";"1";"0";""
"202400003422";"155 775 809";"A01";"2";"13";"0";"2";"7";"2";"1";""
"202400003422";"155 775 811";"B01";"2";"1";"0";"2";"1";"2";"5";""
"202400003423";"155 775 807";"B01";"1";"80";"0";"0";"6";"1";"3";""
"202400003423";"155 775 808";"A01";"1";"7";"0";"9";"2";"1";"1";""
"202400003424";"155 775 806";"A01";"3";"2";"12";"0";"2";"1";"1";""
"202400003425";"155 775 805";"A01";"3";"33";"0";"0";"0";"25";"1";""
"202400003426";"155 775 802";"C01";"2";"7";"0";"2";"3";"1";"1";""
"202400003426";"155 775 803";"A01";"2";"13";"0";"0";"0";"21";"1";""
"202400003426";"155 775 804";"B01";"1";"21";"0";"2";"1";"21";"1";""
"202400003427";"155 775 800";"A01";"1";"99";"1";"0";"0";"0";"6";""
"202400003427";"155 775 801";"B01";"2";"7";"0";"0";"3";"23";"1";""
"202400003428";"155 775 798";"B01";"3";"2";"0";"2";"1";"13";"1";""
"202400003428";"155 775 799";"A01";"3";"7";"0";"2";"3";"21";"1";""
"202400003429";"155 775 797";"A01";"1";"7";"13";"0";"1";"15";"1";""
"202400003430";"155 775 794";"B01";"1";"7";"0";"2";"1";"1";"1";""
"202400003430";"155 775 796";"A01";"2";"7";"0";"2";"1";"13";"1";""
"202400003431";"155 775 793";"A01";"1";"7";"0";"0";"1";"26";"1";""
"202400003431";"155 775 795";"B01";"1";"7";"0";"0";"1";"26";"1";""
"202400003432";"155 775 792";"A01";"2";"10";"0";"1";"2";"1";"1";""
"202400003433";"155 775 791";"A01";"3";"2";"0";"0";"0";"0";"1";""
"202400003434";"155 775 788";"A01";"2";"7";"0";"2";"1";"11";"1";""
"202400003434";"155 775 789";"B01";"1";"7";"0";"2";"1";"1";"1";""
"202400003435";"155 775 786";"A01";"0";"7";"0";"2";"1";"2";"1";""
"202400003435";"155 775 787";"B01";"0";"7";"1";"2";"9";"23";"1";""
"202400003435";"155 775 790";"C01";"0";"7";"0";"2";"4";"23";"1";""
"202400003436";"155 775 781";"A01";"2";"7";"0";"2";"2";"15";"1";""
"202400003436";"155 775 782";"B01";"1";"33";"0";"2";"1";"1";"1";""
"202400003436";"155 775 784";"C01";"2";"7";"0";"0";"8";"23";"1";""
"202400003437";"155 775 779";"B01";"1";"1";"0";"2";"3";"1";"5";""
"202400003437";"155 775 780";"A01";"1";"7";"0";"9";"2";"2";"2";""
"202400003438";"155 775 778";"A01";"1";"21";"7";"0";"9";"1";"1";""
"202400003439";"155 775 777";"A01";"3";"30";"0";"0";"8";"1";"1";""
"202400003440";"155 775 774";"B01";"1";"7";"0";"2";"3";"1";"1";""
"202400003440";"155 775 776";"A01";"2";"7";"0";"2";"2";"15";"1";""
"202400003441";"155 775 773";"A01";"3";"7";"0";"2";"3";"1";"1";""
"202400003441";"155 775 775";"B01";"3";"1";"0";"2";"7";"16";"5";""
"202400003442";"155 775 772";"A01";"2";"7";"3";"0";"7";"0";"1";""
"202400003443";"155 775 771";"A01";"2";"34";"12";"0";"1";"14";"1";""
"202400003444";"155 775 770";"A01";"0";"7";"15";"0";"1";"1";"1";""
"202400003445";"155 775 767";"A01";"1";"7";"0";"2";"7";"15";"1";""
"202400003445";"155 775 768";"B01";"2";"30";"0";"2";"1";"1";"1";""
"202400003446";"155 775 764";"A01";"2";"7";"6";"0";"2";"1";"1";""
"202400003447";"155 775 763";"C01";"2";"7";"0";"2";"1";"1";"1";""
"202400003447";"155 775 765";"D01";"2";"7";"0";"2";"4";"23";"1";""
"202400003447";"155 775 766";"A01";"2";"7";"0";"2";"9";"23";"1";""
"202400003447";"155 775 769";"B01";"2";"7";"0";"2";"9";"23";"1";""
"202400003448";"155 775 760";"A01";"2";"31";"0";"2";"5";"3";"1";""
"202400003448";"155 775 762";"B01";"2";"7";"0";"2";"3";"11";"1";""
"202400003449";"155 775 757";"A01";"1";"7";"0";"2";"1";"15";"1";""
"202400003449";"155 775 759";"B01";"1";"7";"0";"2";"6";"15";"1";""
"202400003449";"155 775 761";"C01";"2";"7";"0";"2";"1";"1";"1";""
"202400003450";"155 775 754";"A01";"3";"3";"13";"0";"0";"2";"1";""
"202400003451";"155 775 752";"E01";"1";"10";"0";"2";"5";"21";"1";""
"202400003451";"155 775 753";"A01";"1";"10";"0";"0";"0";"26";"1";""
"202400003451";"155 775 755";"B01";"1";"7";"0";"2";"5";"2";"3";""
"202400003451";"155 775 756";"C01";"1";"7";"0";"2";"1";"1";"1";""
"202400003451";"155 775 758";"D01";"1";"14";"0";"2";"6";"2";"1";""
"202400003452";"155 775 750";"A01";"1";"7";"3";"0";"2";"0";"1";""
"202400003453";"155 775 749";"A01";"1";"7";"0";"0";"2";"1";"1";""
"202400003453";"155 775 751";"B01";"1";"7";"0";"0";"3";"1";"1";""
"202400003454";"155 775 746";"B01";"1";"2";"0";"2";"1";"1";"1";""
"202400003454";"155 775 747";"A01";"2";"7";"0";"2";"5";"15";"1";""
"202400003455";"155 775 744";"A01";"2";"31";"0";"2";"3";"3";"1";""
"202400003455";"155 775 745";"B01";"2";"10";"0";"2";"5";"2";"1";""
"202400003455";"155 775 748";"C01";"2";"10";"0";"2";"4";"1";"1";""
"202400003456";"155 775 743";"A01";"2";"7";"0";"1";"3";"1";"1";""
"202400003457";"155 775 740";"B01";"1";"80";"0";"0";"8";"19";"3";""
"202400003457";"155 775 741";"A01";"1";"13";"0";"9";"1";"1";"1";""
"202400003458";"155 775 737";"A01";"2";"2";"0";"2";"0";"17";"1";""
"202400003458";"155 775 738";"C01";"1";"7";"1";"2";"3";"1";"1";""
"202400003459";"155 775 734";"A01";"1";"7";"8";"2";"1";"13";"1";""
"202400003459";"155 775 735";"B01";"2";"14";"0";"2";"3";"1";"1";""
"202400003460";"155 775 732";"A01";"1";"1";"0";"0";"0";"26";"5";""
"202400003461";"155 775 731";"C01";"1";"7";"0";"2";"4";"1";"2";""
"202400003461";"155 775 733";"A01";"1";"7";"0";"2";"1";"1";"1";""
"202400003461";"155 775 736";"B01";"1";"7";"0";"2";"4";"1";"1";""
"202400003461";"155 775 739";"E01";"1";"7";"0";"2";"4";"1";"1";""
"202400003461";"155 775 742";"D01";"1";"7";"0";"2";"4";"1";"1";""
"202400003462";"155 775 729";"A01";"1";"38";"0";"2";"3";"13";"1";"1"
"202400003462";"155 775 730";"B01";"2";"7";"0";"2";"3";"1";"1";""
"202400003463";"155 775 727";"A01";"1";"14";"0";"2";"3";"2";"1";""
"202400003463";"155 775 728";"B01";"1";"7";"0";"2";"5";"0";"1";""
"202400003464";"155 775 726";"A01";"1";"7";"0";"0";"1";"26";"1";""
"202400003465";"155 775 724";"B01";"1";"7";"13";"2";"8";"1";"1";""
"202400003465";"155 775 725";"A01";"3";"7";"0";"2";"1";"1";"1";""
"202400003466";"155 775 721";"A01";"1";"7";"8";"1";"2";"1";"1";""
"202400003467";"155 775 719";"A01";"2";"10";"0";"6";"3";"1";"1";""
"202400003467";"155 775 720";"B01";"1";"7";"0";"6";"3";"1";"1";""
"202400003468";"155 775 718";"A01";"2";"7";"0";"1";"2";"2";"1";""
"202400003469";"155 775 716";"A01";"3";"7";"0";"2";"1";"9";"1";""
"202400003469";"155 775 717";"B01";"3";"7";"0";"0";"4";"1";"1";""
"202400003470";"155 775 712";"A01";"1";"10";"0";"2";"1";"2";"1";""
"202400003470";"155 775 713";"B01";"1";"7";"0";"2";"4";"2";"1";""
"202400003470";"155 775 714";"C01";"1";"7";"0";"2";"4";"2";"1";""
"202400003470";"155 775 715";"D01";"1";"7";"0";"2";"4";"2";"1";""
"202400003471";"155 775 710";"B01";"1";"17";"0";"2";"4";"1";"1";""
"202400003471";"155 775 711";"A01";"1";"10";"0";"2";"2";"2";"1";""
"202400003472";"155 775 708";"A01";"2";"7";"0";"2";"2";"1";"1";""
"202400003472";"155 775 709";"B01";"2";"7";"0";"2";"6";"1";"1";""
"202400003473";"155 775 704";"A01";"2";"7";"0";"2";"1";"2";"1";""
"202400003473";"155 775 705";"B01";"2";"7";"0";"0";"4";"2";"1";""
"202400003473";"155 775 706";"C01";"2";"7";"0";"2";"4";"2";"1";""
"202400003473";"155 775 707";"D01";"2";"7";"0";"2";"4";"0";"3";""
"202400003474";"155 775 701";"C01";"1";"7";"4";"2";"4";"2";"1";""
"202400003474";"155 775 702";"A01";"1";"10";"4";"2";"1";"2";"1";""
"202400003474";"155 775 703";"B01";"1";"7";"4";"2";"4";"2";"1";""
"202400003475";"155 775 699";"A01";"2";"7";"0";"2";"1";"2";"1";""
"202400003475";"155 775 700";"B01";"2";"7";"0";"2";"4";"2";"1";""
"202400003476";"155 775 698";"A01";"2";"33";"0";"9";"0";"3";"1";""
"202400003477";"155 775 695";"C01";"2";"7";"0";"2";"4";"2";"1";""
"202400003477";"155 775 696";"B01";"2";"7";"0";"2";"3";"2";"1";""
"202400003477";"155 775 697";"A01";"2";"7";"0";"2";"1";"2";"1";""
"202400003478";"155 775 693";"A01";"1";"33";"0";"2";"1";"1";"1";""
"202400003478";"155 775 694";"B01";"1";"7";"0";"2";"4";"1";"1";""
"202400003479";"155 775 691";"A01";"2";"33";"0";"2";"4";"11";"1";""
"202400003479";"155 775 692";"B01";"2";"33";"0";"2";"1";"3";"1";""
"202400003480";"155 775 689";"A01";"2";"7";"0";"2";"1";"1";"1";""
"202400003480";"155 775 690";"B01";"2";"10";"0";"2";"4";"1";"1";""
"202400003481";"155 775 688";"A01";"1";"50";"0";"1";"1";"2";"3";""
"202400003482";"155 775 686";"A01";"2";"7";"0";"2";"7";"12";"1";""
"202400003482";"155 775 687";"B01";"2";"33";"4";"2";"8";"1";"1";""
"202400003483";"155 775 684";"A01";"1";"2";"0";"2";"1";"1";"1";""
"202400003483";"155 775 685";"B01";"2";"7";"3";"2";"2";"5";"1";""
"202400003484";"155 775 683";"A01";"2";"7";"15";"0";"3";"0";"1";""
"202400003485";"155 775 681";"B01";"1";"7";"0";"2";"2";"15";"1";""
"202400003485";"155 775 682";"A01";"2";"2";"0";"2";"8";"21";"1";""
"202400003486";"155 775 679";"A01";"2";"33";"0";"2";"1";"17";"1";""
"202400003486";"155 775 680";"B01";"2";"7";"0";"9";"0";"0";"1";""
"202400003487";"155 775 676";"C01";"1";"1";"0";"2";"1";"1";"5";""
"202400003487";"155 775 677";"B01";"1";"1";"0";"2";"1";"1";"5";""
"202400003487";"155 775 678";"A01";"2";"7";"0";"2";"6";"15";"1";""
"202400003488";"155 775 674";"B01";"0";"30";"0";"0";"0";"0";"1";""
"202400003488";"155 775 675";"A01";"3";"7";"0";"2";"0";"0";"0";""
"202400003489";"155 775 672";"B01";"3";"1";"0";"2";"8";"19";"5";""
"202400003489";"155 775 673";"A01";"1";"7";"0";"2";"1";"2";"1";""
"202400003490";"155 775 671";"A01";"2";"1";"16";"0";"3";"1";"5";""
"202400003491";"155 775 669";"A01";"2";"33";"0";"0";"0";"21";"1";""
"202400003491";"155 775 670";"B01";"1";"7";"0";"0";"0";"13";"1";""
"202400003492";"155 775 668";"A01";"2";"7";"13";"0";"8";"1";"1";""
"202400003493";"155 775 666";"B01";"1";"33";"0";"2";"1";"21";"1";""
"202400003493";"155 775 667";"A01";"1";"7";"0";"0";"4";"15";"1";""
"202400003494";"155 775 665";"A01";"1";"7";"0";"1";"1";"1";"2";""
"202400003495";"155 775 663";"A01";"2";"7";"0";"2";"1";"1";"1";""
"202400003495";"155 775 664";"B01";"2";"33";"0";"0";"4";"23";"1";""
"202400003496";"155 775 662";"A01";"3";"7";"0";"1";"2";"1";"1";""
"202400003497";"155 775 661";"A01";"2";"7";"4";"0";"0";"1";"1";""
"202400003498";"155 775 659";"A01";"1";"7";"0";"2";"3";"1";"1";""
"202400003498";"155 775 660";"B01";"1";"50";"0";"0";"7";"1";"3";""