"Num_Acc";"id_vehicule";"num_veh";"senc";"catv";"obs";"obsm";"choc";"manv";"motor";"occutc"
"202400003499";"155 775 657";"A01";"3";"7";"0";"2";"2";"1";"1";""
"202400003499";"155 775 658";"B01";"3";"1";"0";"2";"6";"11";"5";""
"202400003500";"155 775 655";"A01";"3";"7";"0";"2";"1";"12";"1";""
"202400003500";"155 775 656";"B01";"3";"31";"0";"2";"4";"23";"1";""
"202400003501";"155 775 654";"A01";"2";"31";"0";"1";"1";"17";"1";""
"202400003502";"155 775 653";"A01";"1";"31";"0";"1";"1";"1";"3";""
"202400003503";"155 775 651";"A01";"1";"2";"0";"0";"3";"1";"3";""
"202400003503";"155 775 652";"B01";"1";"10";"0";"0";"0";"12";"1";""
"202400003504";"155 775 649";"B01";"3";"10";"0";"2";"1";"1";"1";""
"202400003504";"155 775 650";"A01";"3";"32";"0";"2";"4";"1";"1";""
"202400003505";"155 775 647";"A01";"1";"7";"8";"2";"7";"1";"1";""
"202400003505";"155 775 648";"B01";"2";"7";"0";"2";"3";"1";"3";""
"202400003506";"155 775 645";"B01";"2";"1";"0";"2";"8";"25";"5";""
"202400003506";"155 775 646";"A01";"1";"7";"0";"2";"2";"16";"1";""
"202400003507";"155 775 644";"A01";"1";"7";"0";"1";"2";"1";"1";""
"202400003508";"155 775 642";"A01";"3";"33";"0";"2";"2";"0";"1";""
"202400003508";"155 775 643";"B01";"3";"1";"0";"2";"8";"0";"5";""
"202400003509";"155 775 640";"B01";"2";"7";"0";"2";"8";"20";"1";""
"202400003509";"155 775 641";"A01";"2";"37";"0";"1";"1";"21";"1";"1"
"202400003510";"155 775 639";"A01";"1";"7";"1";"1";"1";"16";"1";""
"202400003511";"155 775 638";"A01";"2";"7";"0";"1";"2";"1";"1";""
"202400003512";"155 775 635";"B01";"3";"7";"14";"0";"4";"23";"0";""
"202400003512";"155 775 636";"C01";"3";"7";"0";"0";"4";"23";"0";""
"202400003512";"155 775 637";"A01";"3";"10";"14";"0";"1";"1";"0";""
"202400003513";"155 775 634";"A01";"1";"1";"1";"0";"7";"14";"5";""
"202400003514";"155 775 633";"A01";"2";"30";"0";"1";"2";"1";"1";""
"202400003515";"155 775 631";"A01";"2";"7";"0";"0";"1";"1";"1";""
"202400003515";"155 775 632";"B01";"1";"50";"0";"0";"1";"15";"3";""
"202400003516";"155 775 629";"A01";"0";"43";"0";"2";"1";"2";"1";""
"202400003516";"155 775 630";"B01";"3";"7";"0";"2";"5";"16";"1";""
"202400003517";"155 775 628";"A01";"1";"31";"0";"0";"7";"16";"1";""
"202400003518";"155 775 626";"B01";"2";"33";"0";"2";"5";"17";"1";""
"202400003518";"155 775 627";"A01";"2";"7";"0";"2";"3";"15";"2";""
"202400003519";"155 775 625";"A01";"1";"32";"0";"1";"1";"1";"1";""
"202400003520";"155 775 623";"A01";"1";"10";"0";"2";"1";"1";"1";""
"202400003520";"155 775 624";"B01";"1";"7";"0";"2";"6";"15";"1";""
"202400003521";"155 775 621";"A01";"1";"7";"0";"2";"7";"10";"1";""
"202400003521";"155 775 622";"B01";"1";"33";"0";"2";"1";"1";"1";""
"202400003522";"155 775 620";"A01";"3";"7";"0";"1";"2";"9";"0";""
"202400003523";"155 775 618";"B01";"2";"7";"0";"2";"3";"23";"1";""
"202400003523";"155 775 619";"A01";"1";"33";"0";"2";"1";"0";"1";""
"202400003524";"155 775 617";"A01";"1";"7";"15";"0";"2";"1";"1";""
"202400003525";"155 775 615";"A01";"2";"7";"0";"2";"2";"22";"1";""
"202400003525";"155 775 616";"B01";"2";"1";"0";"2";"1";"1";"5";""
"202400003526";"155 775 614";"A01";"3";"10";"0";"1";"1";"15";"1";""
"202400003527";"155 775 612";"A01";"3";"2";"0";"2";"2";"1";"1";""
"202400003527";"155 775 613";"B01";"0";"7";"0";"2";"3";"1";"1";""
"202400003528";"155 775 610";"B01";"1";"7";"0";"2";"8";"0";"1";""
"202400003528";"155 775 611";"A01";"1";"7";"0";"2";"5";"0";"1";""
"202400003529";"155 775 608";"A01";"2";"7";"0";"2";"1";"2";"1";""
"202400003529";"155 775 609";"B01";"2";"33";"0";"2";"1";"2";"1";""
"202400003530";"155 775 605";"C01";"1";"7";"0";"2";"1";"23";"1";""
"202400003530";"155 775 606";"A01";"1";"7";"0";"2";"2";"15";"1";""
"202400003530";"155 775 607";"B01";"2";"7";"0";"2";"3";"1";"1";""
"202400003531";"155 775 602";"A01";"2";"7";"0";"2";"7";"14";"1";""
"202400003531";"155 775 603";"B01";"2";"7";"0";"2";"8";"1";"1";""
"202400003531";"155 775 604";"C01";"2";"7";"3";"0";"7";"21";"1";""
"202400003532";"155 775 600";"A01";"1";"7";"0";"2";"1";"1";"1";""
"202400003532";"155 775 601";"B01";"2";"7";"0";"2";"1";"1";"1";""
"202400003533";"155 775 598";"A01";"2";"7";"0";"2";"8";"19";"1";""
"202400003533";"155 775 599";"B01";"1";"15";"0";"2";"1";"1";"1";""
"202400003534";"155 775 597";"A01";"3";"7";"2";"0";"3";"1";"1";""
"202400003535";"155 775 596";"A01";"1";"36";"0";"0";"7";"0";"1";""
"202400003536";"155 775 593";"C01";"2";"7";"0";"2";"1";"1";"1";""
"202400003536";"155 775 594";"A01";"1";"7";"0";"2";"7";"19";"1";""
"202400003536";"155 775 595";"B01";"0";"7";"0";"2";"1";"23";"1";""
"202400003537";"155 775 592";"A01";"1";"7";"8";"0";"1";"1";"1";""
"202400003538";"155 775 589";"A01";"2";"7";"0";"0";"4";"2";"1";""
"202400003538";"155 775 590";"B01";"2";"33";"0";"2";"1";"2";"1";""
"202400003538";"155 775 591";"C01";"2";"33";"0";"2";"1";"2";"1";""
"202400003539";"155 775 588";"A01";"1";"1";"12";"0";"1";"1";"5";""
"202400003540";"155 775 586";"B01";"3";"50";"0";"2";"1";"1";"3";""
"202400003540";"155 775 587";"A01";"1";"7";"0";"2";"5";"1";"1";""
"202400003541";"155 775 584";"A01";"2";"7";"0";"9";"2";"2";"1";""
"202400003541";"155 775 585";"B01";"2";"1";"0";"2";"4";"2";"5";""
"202400003542";"155 775 582";"A01";"1";"33";"0";"2";"1";"1";"1";""
"202400003542";"155 775 583";"B01";"1";"7";"0";"2";"3";"15";"1";""
"202400003543";"155 775 580";"A01";"1";"7";"0";"2";"1";"0";"1";""
"202400003543";"155 775 581";"B01";"2";"7";"0";"2";"1";"0";"1";""
"202400003544";"155 775 578";"B01";"2";"33";"0";"2";"3";"2";"1";""
"202400003544";"155 775 579";"A01";"2";"1";"0";"2";"1";"17";"5";""
"202400003545";"155 775 576";"A01";"2";"33";"8";"2";"1";"13";"1";""
"202400003545";"155 775 577";"B01";"1";"7";"0";"9";"8";"15";"1";""
"202400003546";"155 775 573";"A01";"1";"7";"0";"2";"3";"13";"1";""
"202400003546";"155 775 574";"B01";"2";"7";"0";"2";"3";"1";"1";""
"202400003546";"155 775 575";"C01";"2";"7";"0";"2";"3";"1";"1";""
"202400003547";"155 775 571";"A01";"2";"2";"0";"0";"8";"1";"1";""
"202400003547";"155 775 572";"B01";"1";"7";"0";"2";"8";"5";"0";""
"202400003548";"155 775 569";"A01";"3";"2";"0";"2";"1";"1";"1";""
"202400003548";"155 775 570";"B01";"3";"7";"0";"0";"4";"15";"1";""
"202400003549";"155 775 568";"A01";"3";"7";"13";"0";"3";"1";"1";""
"202400003550";"155 775 566";"A01";"2";"10";"0";"2";"1";"5";"1";""
"202400003550";"155 775 567";"B01";"1";"7";"0";"2";"1";"1";"1";""
"202400003551";"155 775 564";"A01";"2";"7";"0";"2";"3";"10";"1";""
"202400003551";"155 775 565";"B01";"2";"31";"0";"2";"1";"2";"3";""
"202400003552";"155 775 561";"A01";"1";"7";"0";"2";"1";"13";"1";""
"202400003552";"155 775 562";"B01";"2";"7";"0";"2";"3";"1";"1";""
"202400003552";"155 775 563";"C01";"1";"7";"0";"2";"7";"1";"1";""
"202400003553";"155 775 559";"A01";"2";"7";"0";"2";"1";"17";"1";""
"202400003553";"155 775 560";"B01";"1";"7";"0";"2";"1";"1";"1";""
"202400003554";"155 775 557";"A01";"2";"7";"0";"2";"1";"13";"1";""
"202400003554";"155 775 558";"B01";"1";"7";"0";"2";"1";"1";"1";""
"202400003555";"155 775 555";"A01";"1";"10";"0";"2";"1";"1";"1";""
"202400003555";"155 775 556";"B01";"2";"7";"0";"2";"8";"1";"1";""
"202400003556";"155 775 553";"A01";"2";"7";"0";"2";"1";"13";"1";""
"202400003556";"155 775 554";"B01";"1";"7";"0";"2";"1";"1";"2";""
"202400003557";"155 775 551";"A01";"2";"7";"0";"2";"2";"17";"1";""
"202400003557";"155 775 552";"B01";"2";"7";"0";"2";"8";"15";"1";""
"202400003558";"155 775 550";"A01";"1";"7";"13";"0";"0";"1";"1";""
"202400003559";"155 775 548";"A01";"1";"10";"0";"2";"2";"15";"1";""
"202400003559";"155 775 549";"B01";"2";"2";"0";"2";"1";"1";"1";""
"202400003560";"155 775 546";"A01";"2";"7";"3";"2";"2";"17";"1";""
"202400003560";"155 775 547";"B01";"2";"7";"3";"2";"3";"1";"1";""
"202400003561";"155 775 545";"A01";"2";"7";"13";"0";"8";"13";"1";""
"202400003562";"155 775 543";"A01";"2";"50";"0";"0";"0";"1";"3";""
"202400003563";"155 775 542";"A01";"2";"15";"0";"2";"1";"1";"1";""
"202400003563";"155 775 544";"C01";"2";"7";"0";"2";"4";"3";"1";""
"202400003564";"155 775 541";"A01";"2";"7";"13";"0";"0";"13";"1";""
"202400003565";"155 775 540";"A01";"1";"7";"0";"0";"2";"2";"0";""
"202400003566";"155 775 535";"A01";"3";"7";"13";"0";"7";"1";"1";""
"202400003567";"155 775 533";"B01";"2";"7";"0";"2";"1";"1";"1";""
"202400003567";"155 775 534";"A01";"1";"10";"7";"2";"7";"9";"1";""
"202400003568";"155 775 531";"B01";"2";"7";"0";"2";"1";"1";"1";""
"202400003568";"155 775 532";"A01";"1";"10";"0";"2";"2";"13";"1";""
"202400003569";"155 775 530";"A01";"2";"7";"8";"0";"1";"1";"1";""
"202400003570";"155 775 526";"B01";"2";"33";"0";"2";"1";"1";"1";""
"202400003570";"155 775 528";"A01";"1";"7";"0";"2";"3";"15";"1";""
"202400003571";"155 775 524";"A01";"3";"20";"0";"0";"9";"13";"1";""
"202400003572";"155 775 523";"A01";"2";"99";"0";"2";"1";"1";"1";""
"202400003572";"155 775 525";"B01";"1";"7";"0";"2";"1";"1";"1";""
"202400003573";"155 775 521";"A01";"2";"7";"6";"0";"3";"14";"1";""
"202400003574";"155 775 520";"A01";"2";"7";"0";"2";"1";"13";"1";""
"202400003574";"155 775 522";"B01";"1";"7";"0";"2";"3";"1";"1";""
"202400003575";"155 775 518";"A01";"2";"7";"0";"2";"1";"15";"1";""
"202400003575";"155 775 519";"B01";"1";"33";"0";"2";"8";"1";"1";""
"202400003576";"155 775 516";"A01";"0";"7";"0";"2";"1";"9";"1";""
"202400003576";"155 775 517";"B01";"0";"7";"0";"2";"1";"1";"1";""
"202400003577";"155 775 514";"A01";"1";"7";"0";"2";"1";"13";"1";""
"202400003577";"155 775 515";"B01";"2";"20";"0";"2";"1";"4";"1";""
"202400003578";"155 775 513";"A01";"1";"7";"0";"1";"1";"1";"1";""
"202400003579";"155 775 511";"A01";"0";"31";"0";"0";"8";"0";"1";""
"202400003580";"155 775 510";"A01";"2";"7";"0";"2";"5";"15";"1";""
"202400003580";"155 775 512";"B01";"1";"33";"0";"2";"1";"1";"1";""
"202400003581";"155 775 508";"A01";"1";"7";"0";"2";"3";"15";"1";""
"202400003581";"155 775 509";"B01";"1";"33";"0";"2";"1";"1";"1";""
"202400003582";"155 775 506";"A01";"1";"7";"0";"2";"2";"5";"1";""
"202400003582";"155 775 507";"B01";"2";"7";"0";"2";"7";"1";"1";""
"202400003583";"155 775 505";"A01";"2";"33";"15";"0";"1";"1";"1";""
"202400003584";"155 775 504";"A01";"2";"7";"0";"1";"2";"1";"1";""
"202400003585";"155 775 502";"B01";"2";"7";"0";"2";"3";"15";"1";""
"202400003585";"155 775 503";"A01";"2";"32";"0";"2";"2";"11";"1";""
"202400003586";"155 775 501";"A01";"1";"7";"2";"0";"2";"0";"1";""
"202400003587";"155 775 500";"A01";"1";"7";"2";"0";"2";"1";"1";""
"202400003588";"155 775 498";"A01";"3";"7";"0";"1";"7";"5";"1";""
"202400003589";"155 775 497";"B01";"2";"1";"0";"2";"2";"26";"5";""
"202400003589";"155 775 499";"A01";"1";"7";"0";"2";"3";"26";"1";""
"202400003590";"155 775 494";"A01";"2";"7";"0";"2";"4";"23";"1";""
"202400003590";"155 775 495";"B01";"2";"7";"0";"2";"1";"1";"0";""
"202400003591";"155 775 492";"A01";"2";"33";"0";"0";"0";"21";"1";""
"202400003592";"155 775 493";"A01";"1";"7";"0";"2";"1";"1";"1";""
"202400003592";"155 775 496";"B01";"1";"7";"8";"0";"2";"15";"1";""
"202400003593";"155 775 489";"A01";"1";"10";"13";"2";"3";"13";"1";""
"202400003593";"155 775 491";"B01";"2";"13";"13";"2";"3";"1";"1";""
"202400003594";"155 775 488";"A01";"1";"7";"0";"0";"3";"0";"1";""
"202400003594";"155 775 490";"B01";"2";"7";"0";"2";"3";"13";"1";""
"202400003595";"155 775 486";"A01";"1";"7";"2";"0";"7";"1";"1";""
"202400003596";"155 775 485";"A01";"1";"7";"0";"2";"2";"5";"1";""
"202400003596";"155 775 487";"B01";"2";"7";"0";"2";"3";"21";"1";""
"202400003597";"155 775 483";"B01";"2";"7";"0";"2";"1";"2";"1";""
"202400003597";"155 775 484";"A01";"2";"10";"0";"2";"4";"1";"1";""
"202400003598";"155 775 482";"A01";"2";"33";"0";"0";"8";"1";"1";""
"202400003599";"155 775 480";"A01";"1";"34";"6";"0";"2";"1";"1";""
"202400003600";"155 775 479";"A01";"1";"7";"0";"2";"8";"9";"1";""
"202400003600";"155 775 481";"B01";"1";"15";"0";"2";"7";"1";"1";""
"202400003601";"155 775 476";"B01";"2";"1";"0";"0";"6";"1";"5";""
"202400003601";"155 775 478";"A01";"1";"10";"0";"9";"2";"9";"1";""
"202400003602";"155 775 474";"C01";"2";"7";"0";"2";"4";"1";"1";""
"202400003602";"155 775 475";"A01";"2";"7";"0";"2";"1";"1";"1";""
"202400003602";"155 775 477";"B01";"2";"7";"0";"2";"7";"1";"1";""
"202400003603";"155 775 473";"A01";"1";"1";"0";"0";"1";"0";"5";""
"202400003604";"155 775 471";"A01";"1";"7";"6";"0";"2";"14";"1";""
"202400003605";"155 775 469";"A01";"1";"7";"0";"2";"1";"5";"1";""
"202400003605";"155 775 470";"B01";"1";"7";"0";"2";"1";"1";"1";""
"202400003605";"155 775 472";"C01";"1";"7";"0";"2";"1";"0";"1";""
"202400003606";"155 775 468";"A01";"1";"7";"0";"1";"7";"1";"1";""
"202400003607";"155 775 465";"A01";"2";"10";"0";"2";"3";"2";"1";""
"202400003607";"155 775 466";"B01";"2";"7";"0";"2";"4";"2";"1";""
"202400003607";"155 775 467";"C01";"2";"7";"0";"2";"4";"2";"1";""
"202400003608";"155 775 464";"A01";"1";"7";"2";"0";"1";"1";"1";""
"202400003609";"155 775 461";"B01";"1";"7";"0";"2";"1";"1";"1";""
"202400003609";"155 775 462";"C01";"1";"17";"0";"2";"1";"1";"1";""
"202400003609";"155 775 463";"A01";"1";"7";"0";"2";"4";"1";"1";""
"202400003610";"155 775 459";"A01";"1";"7";"0";"2";"3";"16";"1";""
"202400003610";"155 775 460";"B01";"2";"2";"0";"2";"1";"1";"1";""
"202400003611";"155 775 457";"A01";"1";"7";"0";"2";"1";"21";"1";""
"202400003611";"155 775 458";"B01";"1";"7";"0";"0";"4";"2";"1";""
"202400003612";"155 775 453";"A01";"2";"7";"0";"2";"1";"2";"1";""
"202400003612";"155 775 456";"B01";"2";"7";"0";"2";"4";"2";"1";""
"202400003613";"155 775 454";"A01";"1";"10";"0";"2";"3";"5";"1";""
"202400003613";"155 775 455";"B01";"2";"10";"0";"2";"3";"0";"1";""
"202400003614";"155 775 449";"A01";"3";"33";"0";"2";"1";"1";"1";""
"202400003614";"155 775 451";"B01";"3";"7";"0";"0";"4";"15";"1";""
"202400003615";"155 775 444";"F01";"1";"7";"0";"2";"4";"2";"1";""
"202400003615";"155 775 445";"A01";"1";"17";"0";"2";"1";"2";"1";""
"202400003615";"155 775 447";"B01";"1";"13";"0";"2";"1";"2";"1";""
"202400003615";"155 775 448";"D01";"1";"7";"0";"2";"4";"2";"1";""
"202400003615";"155 775 450";"E01";"1";"10";"0";"2";"1";"0";"1";""
"202400003615";"155 775 452";"C01";"1";"7";"0";"2";"1";"2";"2";""
"202400003616";"155 775 441";"A01";"1";"7";"0";"2";"2";"12";"1";""
"202400003616";"155 775 442";"B01";"1";"34";"0";"2";"3";"1";"1";""
"202400003617";"155 775 440";"A01";"2";"7";"16";"0";"9";"14";"1";""
"202400003618";"155 775 438";"A01";"1";"10";"0";"2";"6";"2";"1";""
"202400003618";"155 775 439";"B01";"1";"33";"0";"2";"1";"2";"1";""
"202400003619";"155 775 435";"B01";"3";"1";"0";"2";"1";"1";"5";""
"202400003619";"155 775 437";"A01";"3";"7";"0";"2";"3";"1";"2";""
"202400003620";"155 775 433";"A01";"2";"33";"0";"2";"1";"3";"1";""
"202400003620";"155 775 434";"B01";"2";"15";"0";"2";"2";"1";"1";""
"202400003620";"155 775 436";"C01";"2";"7";"0";"2";"4";"1";"1";""
"202400003621";"155 775 430";"A01";"2";"33";"0";"2";"3";"3";"1";""
"202400003621";"155 775 432";"B01";"2";"7";"0";"2";"5";"12";"1";""
"202400003622";"155 775 429";"B01";"3";"7";"0";"2";"7";"1";"1";""
"202400003622";"155 775 431";"A01";"0";"1";"0";"2";"1";"19";"5";""
"202400003623";"155 775 428";"A01";"1";"33";"4";"0";"1";"0";"1";""
"202400003624";"155 775 424";"B01";"2";"7";"0";"2";"4";"23";"1";""
"202400003624";"155 775 426";"A01";"2";"37";"0";"2";"1";"1";"1";"1"
"202400003625";"155 775 425";"A01";"1";"7";"0";"2";"3";"1";"1";""
"202400003625";"155 775 427";"B01";"2";"33";"0";"2";"1";"0";"1";""
"202400003626";"155 775 421";"B01";"1";"1";"0";"2";"1";"1";"5";""
"202400003626";"155 775 423";"A01";"1";"32";"0";"2";"6";"9";"1";""
"202400003627";"155 775 420";"A01";"2";"33";"0";"2";"3";"13";"1";""
"202400003627";"155 775 422";"B01";"1";"33";"0";"2";"3";"1";"1";""
"202400003628";"155 775 419";"A01";"1";"30";"8";"0";"1";"1";"1";""
"202400003629";"155 775 418";"A01";"3";"7";"6";"0";"3";"13";"1";""
"202400003630";"155 775 414";"A01";"1";"7";"0";"2";"1";"1";"1";""
"202400003630";"155 775 415";"B01";"1";"7";"0";"2";"4";"1";"1";""
"202400003630";"155 775 417";"C01";"1";"7";"0";"2";"4";"1";"1";""
"202400003631";"155 775 413";"A01";"0";"7";"0";"2";"1";"5";"1";""
"202400003631";"155 775 416";"B01";"0";"7";"0";"2";"6";"1";"1";""
"202400003632";"155 775 411";"B01";"1";"50";"0";"2";"3";"1";"3";""
"202400003632";"155 775 412";"A01";"1";"7";"0";"2";"2";"18";"1";""
"202400003633";"155 775 407";"A01";"1";"7";"0";"2";"3";"0";"1";""
"202400003633";"155 775 408";"B01";"2";"7";"0";"2";"7";"13";"1";""
"202400003634";"155 775 405";"A01";"1";"32";"0";"2";"1";"1";"1";""
"202400003634";"155 775 406";"B01";"1";"7";"0";"2";"8";"2";"1";""
"202400003635";"155 775 409";"B01";"1";"7";"0";"2";"3";"1";"1";""
"202400003635";"155 775 410";"A01";"2";"7";"0";"2";"3";"13";"1";""
"202400003636";"155 775 402";"A01";"2";"1";"0";"2";"1";"1";"5";""
"202400003636";"155 775 403";"B01";"2";"10";"0";"2";"5";"17";"1";""
"202400003637";"155 775 401";"A01";"2";"30";"0";"2";"1";"1";"1";""
"202400003637";"155 775 404";"B01";"1";"7";"0";"9";"8";"15";"1";""
"202400003638";"155 775 400";"A01";"1";"33";"6";"0";"1";"6";"1";""
"202400003639";"155 775 398";"A01";"2";"7";"0";"2";"1";"1";"1";""
"202400003639";"155 775 399";"B01";"2";"7";"0";"2";"4";"1";"1";""
"202400003640";"155 775 394";"A01";"1";"1";"14";"2";"1";"1";"5";""
"202400003640";"155 775 395";"B01";"1";"7";"0";"2";"5";"23";"1";""
"202400003641";"155 775 396";"B01";"2";"7";"0";"2";"1";"11";"1";""
"202400003641";"155 775 397";"A01";"1";"33";"0";"0";"1";"1";"1";""
"202400003642";"155 775 392";"A01";"3";"32";"0";"2";"1";"15";"1";""
"202400003642";"155 775 393";"B01";"3";"2";"0";"2";"1";"16";"0";""
"202400003643";"155 775 391";"A01";"1";"7";"8";"0";"0";"0";"1";""
"202400003644";"155 775 390";"A01";"2";"7";"0";"1";"3";"15";"1";""
"202400003645";"155 775 388";"A01";"0";"7";"0";"0";"6";"4";"1";""
"202400003645";"155 775 389";"B01";"0";"2";"0";"2";"1";"2";"1";""
"202400003646";"155 775 386";"A01";"3";"7";"0";"2";"1";"19";"1";""
"202400003646";"155 775 387";"B01";"3";"34";"0";"0";"0";"0";"0";""
"202400003647";"155 775 383";"A01";"2";"50";"0";"2";"1";"5";"3";""
"202400003647";"155 775 385";"B01";"1";"7";"0";"2";"2";"1";"1";""
"202400003648";"155 775 382";"A01";"1";"33";"0";"2";"8";"3";"1";""
"202400003648";"155 775 384";"B01";"2";"7";"0";"2";"7";"12";"1";""
"202400003649";"155 775 380";"A01";"1";"7";"1";"1";"3";"15";"1";""
"202400003650";"155 775 379";"A01";"1";"7";"8";"2";"8";"1";"1";""
"202400003650";"155 775 381";"B01";"1";"7";"0";"2";"1";"1";"2";""
"202400003651";"155 775 377";"B01";"2";"50";"0";"2";"7";"26";"3";""
"202400003651";"155 775 378";"A01";"3";"7";"0";"2";"3";"9";"1";""
"202400003652";"155 775 376";"A01";"3";"7";"0";"1";"4";"26";"1";""
"202400003653";"155 775 374";"A01";"0";"7";"0";"2";"3";"15";"1";""
"202400003653";"155 775 375";"B01";"0";"33";"0";"2";"1";"1";"1";""
"202400003654";"155 775 373";"A01";"1";"2";"7";"0";"0";"1";"1";""
"202400003655";"155 775 370";"A01";"2";"7";"0";"2";"2";"2";"1";""
"202400003655";"155 775 372";"B01";"2";"10";"0";"2";"8";"2";"1";""
"202400003656";"155 775 369";"A01";"2";"7";"0";"2";"1";"2";"1";""
"202400003656";"155 775 371";"B01";"2";"7";"0";"2";"4";"2";"1";""
"202400003657";"155 775 367";"A01";"3";"7";"0";"2";"6";"1";"1";""
"202400003657";"155 775 368";"B01";"1";"7";"0";"2";"1";"1";"1";""
"202400003658";"155 775 363";"A01";"1";"7";"0";"2";"1";"1";"1";""
"202400003658";"155 775 364";"B01";"1";"7";"0";"2";"1";"1";"2";""
"202400003658";"155 775 366";"C01";"1";"7";"0";"2";"1";"1";"1";""
"202400003659";"155 775 362";"A01";"1";"10";"0";"2";"1";"1";"1";""
"202400003659";"155 775 365";"B01";"1";"7";"0";"2";"8";"19";"1";""
"202400003660";"155 775 360";"B01";"1";"7";"0";"2";"5";"1";"1";""
"202400003660";"155 775 361";"A01";"1";"7";"0";"2";"3";"11";"1";""
"202400003661";"155 775 358";"A01";"2";"10";"0";"2";"7";"14";"0";""
"202400003661";"155 775 359";"B01";"2";"33";"0";"2";"3";"1";"1";""
"202400003662";"155 775 356";"A01";"0";"7";"0";"1";"1";"1";"0";""
"202400003663";"155 775 355";"B01";"1";"10";"0";"2";"6";"9";"1";""
"202400003663";"155 775 357";"A01";"1";"7";"0";"2";"2";"1";"1";""
"202400003664";"155 775 353";"A01";"3";"33";"0";"2";"3";"17";"1";""
"202400003664";"155 775 354";"B01";"3";"7";"0";"2";"3";"20";"1";""
"202400003665";"155 775 352";"A01";"2";"7";"4";"0";"1";"13";"1";""
"202400003666";"155 775 349";"B01";"3";"10";"0";"9";"3";"15";"1";""
"202400003666";"155 775 351";"A01";"3";"1";"0";"2";"2";"1";"5";""
"202400003667";"155 775 348";"A01";"1";"7";"0";"2";"8";"11";"1";""
"202400003667";"155 775 350";"B01";"1";"34";"0";"2";"7";"3";"1";""
"202400003668";"155 775 345";"A01";"1";"43";"0";"2";"1";"1";"1";""
"202400003668";"155 775 346";"B01";"2";"7";"0";"2";"2";"1";"1";""
"202400003668";"155 775 347";"C01";"2";"7";"0";"2";"3";"1";"1";""
"202400003669";"155 775 343";"A01";"2";"7";"0";"2";"8";"11";"1";""
"202400003669";"155 775 344";"B01";"2";"7";"0";"2";"2";"1";"1";""
"202400003670";"155 775 342";"A01";"1";"7";"1";"1";"1";"1";"1";""
"202400003671";"155 775 340";"A01";"1";"7";"0";"2";"7";"14";"1";""
"202400003671";"155 775 341";"B01";"1";"33";"0";"2";"8";"2";"1";""
"202400003672";"155 775 339";"A01";"3";"50";"8";"0";"1";"1";"3";""
"202400003673";"155 775 337";"B01";"1";"7";"0";"2";"7";"12";"1";""
"202400003673";"155 775 338";"A01";"1";"31";"0";"2";"1";"3";"1";""
"202400003674";"155 775 335";"A01";"3";"7";"0";"2";"3";"15";"1";""
"202400003674";"155 775 336";"B01";"3";"13";"0";"2";"2";"1";"1";""
"202400003675";"155 775 330";"D01";"2";"7";"0";"2";"1";"2";"0";""
"202400003675";"155 775 332";"A01";"2";"7";"0";"2";"4";"2";"1";""
"202400003675";"155 775 333";"B01";"2";"7";"0";"2";"4";"2";"1";""
"202400003675";"155 775 334";"C01";"2";"7";"0";"2";"4";"2";"3";""
"202400003676";"155 775 329";"B01";"3";"50";"0";"2";"1";"5";"3";""
"202400003676";"155 775 331";"A01";"3";"7";"0";"2";"1";"9";"1";""
"202400003677";"155 775 326";"B01";"3";"32";"0";"2";"1";"1";"1";""
"202400003677";"155 775 328";"A01";"2";"7";"0";"2";"6";"9";"1";""
"202400003678";"155 775 325";"A01";"1";"30";"0";"2";"8";"1";"1";""
"202400003678";"155 775 327";"Z01";"1";"7";"0";"2";"1";"20";"1";""
"202400003679";"155 775 323";"A01";"0";"80";"0";"1";"1";"26";"3";""
"202400003680";"155 775 322";"A01";"1";"7";"0";"2";"0";"0";"1";""
"202400003680";"155 775 324";"B01";"1";"10";"0";"2";"0";"1";"1";""
"202400003681";"155 775 320";"A01";"1";"33";"0";"0";"1";"1";"1";""
"202400003682";"155 775 319";"A01";"2";"30";"0";"2";"8";"17";"1";""
"202400003682";"155 775 321";"B01";"2";"10";"0";"2";"8";"15";"1";""
"202400003683";"155 775 318";"A01";"1";"33";"17";"0";"1";"1";"1";""
"202400003684";"155 775 316";"A01";"3";"30";"0";"2";"1";"2";"1";""
"202400003684";"155 775 317";"B01";"3";"7";"0";"2";"4";"1";"1";""
"202400003685";"155 775 315";"A01";"1";"7";"6";"0";"2";"21";"1";""
"202400003686";"155 775 314";"A01";"2";"7";"0";"1";"1";"1";"1";""
"202400003687";"155 775 313";"A01";"1";"7";"0";"1";"7";"1";"1";""
"202400003688";"155 775 311";"A01";"1";"7";"0";"2";"1";"1";"1";""
"202400003688";"155 775 312";"B01";"1";"7";"0";"1";"3";"23";"1";""
"202400003689";"155 775 308";"A01";"2";"7";"0";"2";"6";"15";"1";""
"202400003689";"155 775 310";"B01";"2";"31";"0";"2";"1";"17";"1";""
"202400003690";"155 775 307";"A01";"1";"0";"0";"2";"0";"26";"1";""
"202400003690";"155 775 309";"B01";"0";"7";"0";"2";"0";"0";"1";""
"202400003691";"155 775 304";"B01";"3";"34";"0";"2";"1";"1";"1";""
"202400003691";"155 775 306";"A01";"3";"7";"0";"2";"3";"19";"1";""
"202400003692";"155 775 303";"A01";"1";"7";"0";"2";"3";"26";"1";""
"202400003692";"155 775 305";"B01";"3";"31";"0";"2";"2";"1";"1";""