"Num_Acc";"id_vehicule";"num_veh";"senc";"catv";"obs";"obsm";"choc";"manv";"motor";"occutc"
"202400003693";"155 775 302";"A01";"2";"7";"0";"1";"1";"17";"1";""
"202400003694";"155 775 301";"A01";"1";"7";"0";"1";"7";"1";"1";""
"202400003695";"155 775 299";"A01";"3";"7";"0";"1";"1";"1";"1";""
"202400003696";"155 775 298";"A01";"2";"14";"0";"2";"1";"2";"1";""
"202400003696";"155 775 300";"B01";"2";"7";"0";"2";"4";"2";"1";""
"202400003697";"155 775 295";"A01";"1";"7";"0";"2";"6";"12";"1";""
"202400003697";"155 775 297";"B01";"1";"33";"0";"2";"2";"13";"1";""
"202400003698";"155 775 294";"A01";"1";"32";"0";"2";"1";"2";"1";""
"202400003698";"155 775 296";"B01";"1";"7";"0";"2";"5";"1";"1";""
"202400003699";"155 775 291";"A01";"3";"1";"0";"2";"8";"11";"5";""
"202400003699";"155 775 293";"B01";"3";"7";"0";"2";"1";"13";"1";""
"202400003700";"155 775 290";"A01";"1";"7";"0";"2";"3";"0";"1";""
"202400003700";"155 775 292";"B01";"1";"7";"0";"2";"0";"0";"1";""
"202400003701";"155 775 289";"A01";"3";"30";"0";"0";"0";"1";"1";""
"202400003702";"155 775 285";"B01";"0";"7";"0";"2";"7";"1";"1";""
"202400003702";"155 775 287";"A01";"1";"1";"0";"2";"1";"1";"5";""
"202400003703";"155 775 286";"A01";"1";"10";"0";"2";"1";"0";"0";""
"202400003703";"155 775 288";"B01";"1";"10";"0";"1";"4";"0";"0";""
"202400003704";"155 775 283";"A01";"3";"37";"0";"1";"1";"1";"1";"1"
"202400003705";"155 775 282";"B01";"2";"32";"0";"2";"3";"0";"0";""
"202400003705";"155 775 284";"A01";"1";"7";"0";"2";"3";"0";"1";""
"202400003706";"155 775 280";"A01";"3";"7";"15";"0";"1";"14";"1";""
"202400003707";"155 775 281";"A01";"1";"7";"0";"1";"1";"15";"1";""
"202400003708";"155 775 278";"A01";"1";"50";"0";"0";"0";"0";"3";""
"202400003709";"155 775 277";"B01";"2";"7";"0";"2";"1";"1";"1";""
"202400003709";"155 775 279";"A01";"1";"30";"0";"2";"1";"5";"1";""
"202400003710";"155 775 275";"A01";"1";"7";"0";"2";"1";"19";"1";""
"202400003710";"155 775 276";"B01";"2";"7";"0";"2";"1";"1";"1";""
"202400003711";"155 775 274";"A01";"1";"7";"0";"1";"3";"1";"1";""
"202400003712";"155 775 271";"A01";"1";"1";"0";"2";"1";"1";"5";""
"202400003712";"155 775 273";"B01";"2";"1";"0";"2";"1";"1";"5";""
"202400003713";"155 775 270";"B01";"3";"1";"0";"2";"1";"5";"5";""
"202400003713";"155 775 272";"A01";"1";"7";"0";"2";"1";"16";"1";""
"202400003714";"155 775 267";"B01";"1";"50";"0";"2";"7";"16";"3";""
"202400003714";"155 775 269";"A01";"3";"7";"0";"2";"1";"1";"1";""
"202400003715";"155 775 264";"A01";"2";"30";"0";"2";"3";"18";"1";""
"202400003715";"155 775 265";"B01";"2";"7";"0";"2";"5";"12";"1";""
"202400003716";"155 775 263";"A01";"1";"7";"0";"2";"1";"14";"1";""
"202400003716";"155 775 266";"B01";"2";"10";"0";"2";"1";"1";"1";""
"202400003717";"155 775 261";"A01";"1";"1";"0";"2";"0";"0";"5";""
"202400003717";"155 775 262";"B01";"1";"7";"0";"2";"2";"0";"1";""
"202400003718";"155 775 258";"A01";"3";"7";"0";"1";"3";"9";"1";""
"202400003719";"155 775 257";"B01";"1";"7";"0";"2";"4";"1";"1";""
"202400003719";"155 775 259";"C01";"1";"7";"0";"2";"4";"1";"1";""
"202400003719";"155 775 260";"A01";"1";"7";"0";"2";"1";"1";"1";""
"202400003720";"155 775 255";"A01";"2";"7";"0";"1";"0";"2";"1";""
"202400003721";"155 775 254";"B01";"0";"7";"0";"2";"8";"1";"1";""
"202400003721";"155 775 256";"A01";"2";"50";"0";"2";"1";"26";"3";""
"202400003722";"155 775 253";"A01";"2";"50";"0";"2";"0";"26";"3";""
"202400003723";"155 775 252";"A01";"3";"7";"0";"1";"1";"1";"1";""
"202400003724";"155 775 250";"B01";"2";"7";"0";"2";"1";"16";"1";""
"202400003724";"155 775 251";"A01";"1";"80";"0";"2";"7";"19";"3";""
"202400003725";"155 775 248";"A01";"0";"33";"2";"0";"1";"1";"1";""
"202400003726";"155 775 247";"A01";"3";"10";"0";"2";"2";"19";"1";""
"202400003726";"155 775 249";"B01";"1";"30";"0";"2";"1";"1";"1";""
"202400003727";"155 775 245";"A01";"2";"7";"0";"2";"5";"17";"1";""
"202400003727";"155 775 246";"B01";"2";"2";"0";"2";"8";"1";"1";""
"202400003728";"155 775 243";"B01";"3";"7";"0";"2";"1";"1";"1";""
"202400003728";"155 775 244";"A01";"3";"7";"0";"2";"1";"15";"1";""
"202400003729";"155 775 241";"A01";"1";"33";"0";"2";"1";"7";"1";""
"202400003729";"155 775 242";"B01";"1";"7";"0";"2";"7";"16";"1";""
"202400003730";"155 775 239";"A01";"2";"7";"0";"2";"1";"9";"1";""
"202400003730";"155 775 240";"B01";"1";"2";"0";"2";"7";"2";"1";""
"202400003731";"155 775 237";"A01";"3";"10";"0";"2";"1";"1";"1";""
"202400003731";"155 775 238";"B01";"3";"7";"0";"2";"4";"2";"1";""
"202400003732";"155 775 233";"B01";"1";"10";"0";"2";"3";"15";"1";""
"202400003732";"155 775 235";"A01";"1";"33";"0";"2";"1";"17";"1";""
"202400003733";"155 775 234";"A01";"1";"7";"0";"2";"7";"1";"1";""
"202400003733";"155 775 236";"B01";"1";"7";"0";"2";"1";"1";"1";""
"202400003734";"155 775 232";"A01";"1";"7";"3";"0";"1";"14";"1";""
"202400003735";"155 775 231";"A01";"1";"7";"11";"0";"1";"14";"1";""
"202400003736";"155 775 229";"A01";"1";"7";"0";"2";"5";"1";"1";""
"202400003736";"155 775 230";"B01";"2";"2";"0";"2";"1";"0";"1";""
"202400003737";"155 775 227";"B01";"2";"1";"0";"2";"1";"1";"5";""
"202400003737";"155 775 228";"A01";"2";"80";"0";"2";"1";"13";"3";""
"202400003738";"155 775 225";"A01";"2";"7";"0";"4";"7";"13";"1";""
"202400003738";"155 775 226";"B01";"2";"40";"0";"2";"1";"1";"3";""
"202400003739";"155 775 223";"A01";"2";"30";"0";"2";"1";"1";"1";""
"202400003739";"155 775 224";"B01";"1";"7";"0";"2";"8";"16";"1";""
"202400003740";"155 775 219";"A01";"1";"37";"0";"1";"2";"13";"6";"2"
"202400003741";"155 775 218";"A01";"0";"32";"0";"2";"1";"1";"1";""
"202400003741";"155 775 220";"B01";"0";"10";"0";"2";"4";"1";"1";""
"202400003742";"155 775 216";"A01";"1";"7";"0";"1";"1";"1";"1";""
"202400003743";"155 775 215";"A01";"1";"80";"0";"2";"1";"9";"3";""
"202400003743";"155 775 217";"B01";"1";"7";"0";"2";"0";"1";"1";""
"202400003744";"155 775 212";"A01";"2";"30";"0";"2";"1";"2";"1";""
"202400003744";"155 775 213";"B01";"2";"10";"0";"2";"5";"23";"3";""
"202400003745";"155 775 211";"B01";"2";"1";"0";"2";"0";"1";"5";""
"202400003745";"155 775 214";"A01";"3";"17";"0";"9";"1";"16";"1";""
"202400003746";"155 775 210";"A01";"1";"32";"0";"1";"3";"1";"1";""
"202400003747";"155 775 209";"A01";"3";"7";"8";"0";"1";"0";"1";""
"202400003748";"155 775 207";"A01";"1";"31";"8";"0";"1";"21";"1";""
"202400003749";"155 775 206";"A01";"2";"10";"0";"2";"1";"1";"1";""
"202400003749";"155 775 208";"B01";"2";"7";"0";"2";"4";"1";"1";""
"202400003750";"155 775 204";"A01";"3";"33";"0";"0";"8";"1";"1";""
"202400003751";"155 775 203";"A01";"0";"7";"0";"2";"4";"1";"1";""
"202400003751";"155 775 205";"Z01";"0";"7";"0";"2";"1";"1";"1";""
"202400003752";"155 775 201";"A01";"3";"7";"0";"1";"3";"17";"1";""
"202400003753";"155 775 202";"A01";"2";"7";"0";"0";"1";"1";"1";""
"202400003754";"155 775 199";"B01";"0";"7";"0";"0";"3";"15";"1";""
"202400003754";"155 775 200";"A01";"3";"32";"0";"2";"8";"1";"1";""
"202400003755";"155 775 197";"A01";"3";"32";"0";"2";"8";"1";"1";""
"202400003755";"155 775 198";"B01";"3";"3";"0";"2";"2";"1";"3";""
"202400003756";"155 775 194";"A01";"3";"30";"0";"2";"1";"0";"1";""
"202400003756";"155 775 196";"B01";"0";"7";"0";"2";"1";"16";"1";""
"202400003757";"155 775 193";"A01";"3";"2";"14";"2";"1";"19";"1";""
"202400003757";"155 775 195";"B01";"3";"7";"14";"2";"3";"1";"1";""
"202400003758";"155 775 189";"A01";"2";"7";"0";"2";"1";"13";"1";""
"202400003758";"155 775 190";"B01";"1";"33";"0";"2";"1";"1";"1";""
"202400003759";"155 775 188";"A01";"1";"33";"12";"0";"7";"1";"1";""
"202400003760";"155 775 187";"A01";"3";"1";"16";"0";"0";"1";"5";""
"202400003761";"155 775 184";"Z01";"2";"7";"0";"2";"1";"0";"0";""
"202400003761";"155 775 186";"A01";"2";"7";"0";"2";"6";"1";"0";""
"202400003762";"155 775 183";"A01";"1";"7";"0";"2";"7";"15";"3";""
"202400003762";"155 775 185";"B01";"2";"7";"0";"2";"1";"2";"1";""
"202400003763";"155 775 181";"A01";"1";"33";"0";"0";"0";"1";"1";""
"202400003764";"155 775 180";"A01";"2";"7";"0";"2";"3";"11";"1";""
"202400003764";"155 775 182";"B01";"2";"33";"0";"2";"2";"3";"1";""
"202400003765";"155 775 177";"A01";"1";"7";"0";"2";"1";"1";"1";""
"202400003765";"155 775 178";"B01";"2";"7";"0";"2";"6";"1";"2";""
"202400003766";"155 775 176";"A01";"3";"10";"0";"2";"7";"1";"1";""
"202400003766";"155 775 179";"B01";"3";"10";"0";"2";"1";"1";"3";""
"202400003767";"155 775 175";"A01";"1";"43";"4";"0";"3";"3";"1";""
"202400003768";"155 775 172";"B01";"1";"43";"0";"2";"5";"3";"1";""
"202400003768";"155 775 173";"A01";"1";"7";"0";"2";"5";"12";"3";""
"202400003769";"155 775 171";"A01";"3";"7";"0";"2";"1";"1";"1";""
"202400003769";"155 775 174";"B01";"3";"7";"0";"2";"3";"15";"2";""
"202400003770";"155 775 168";"A01";"3";"7";"0";"2";"2";"12";"1";""
"202400003770";"155 775 169";"B01";"3";"7";"0";"2";"8";"2";"1";""
"202400003771";"155 775 167";"B01";"3";"14";"0";"2";"1";"1";"1";""
"202400003771";"155 775 170";"A01";"3";"31";"0";"2";"0";"0";"1";""
"202400003772";"155 775 166";"A01";"1";"7";"6";"0";"1";"26";"1";""
"202400003773";"155 775 165";"A01";"1";"43";"0";"0";"3";"1";"1";""
"202400003774";"155 775 163";"A01";"2";"80";"14";"0";"3";"13";"3";""
"202400003775";"155 775 162";"A01";"1";"30";"0";"2";"1";"1";"1";""
"202400003775";"155 775 164";"Y01";"1";"50";"0";"2";"3";"15";"3";""
"202400003776";"155 775 160";"A01";"2";"31";"0";"1";"1";"1";"1";""
"202400003777";"155 775 159";"B01";"3";"10";"0";"2";"1";"1";"1";""
"202400003777";"155 775 161";"A01";"1";"7";"8";"2";"5";"1";"1";""
"202400003778";"155 775 156";"B01";"2";"7";"0";"2";"3";"1";"1";""
"202400003778";"155 775 158";"A01";"1";"60";"0";"2";"1";"13";"5";""
"202400003779";"155 775 152";"A01";"1";"7";"7";"0";"1";"6";"1";""
"202400003780";"155 775 151";"B01";"2";"7";"9";"0";"8";"1";"1";""
"202400003780";"155 775 153";"Z01";"2";"7";"0";"2";"0";"26";"4";""
"202400003780";"155 775 154";"A01";"2";"33";"14";"2";"7";"14";"1";""
"202400003781";"155 775 148";"A01";"3";"7";"0";"2";"1";"1";"1";""
"202400003781";"155 775 150";"B01";"0";"7";"0";"0";"4";"1";"1";""
"202400003782";"155 775 149";"A01";"1";"50";"4";"0";"3";"13";"3";""
"202400003783";"155 775 146";"A01";"1";"7";"0";"1";"3";"1";"3";""
"202400003784";"155 775 145";"A01";"1";"2";"0";"2";"8";"18";"1";""
"202400003784";"155 775 147";"B01";"1";"1";"0";"2";"7";"14";"5";""
"202400003785";"155 775 141";"B01";"1";"7";"0";"0";"3";"1";"1";""
"202400003785";"155 775 143";"A01";"1";"7";"0";"0";"5";"1";"2";""
"202400003786";"155 775 142";"B01";"1";"7";"0";"2";"4";"2";"1";""
"202400003786";"155 775 144";"A01";"1";"7";"0";"2";"1";"2";"2";""
"202400003787";"155 775 140";"A01";"0";"10";"0";"1";"2";"1";"1";""
"202400003788";"155 775 139";"A01";"2";"7";"0";"1";"7";"1";"1";""
"202400003789";"155 775 138";"A01";"1";"7";"0";"1";"1";"1";"1";""
"202400003790";"155 775 135";"B01";"1";"1";"0";"2";"2";"1";"5";""
"202400003790";"155 775 137";"Z01";"1";"10";"0";"2";"3";"15";"1";""
"202400003791";"155 775 134";"A01";"2";"7";"0";"2";"1";"15";"1";""
"202400003791";"155 775 136";"B01";"1";"1";"0";"2";"8";"1";"5";""
"202400003792";"155 775 130";"B01";"3";"10";"0";"2";"3";"1";"1";""
"202400003792";"155 775 132";"A01";"3";"7";"0";"2";"1";"15";"1";""
"202400003793";"155 775 131";"A01";"1";"7";"0";"2";"1";"19";"1";""
"202400003793";"155 775 133";"B01";"1";"7";"0";"2";"4";"2";"1";""
"202400003794";"155 775 127";"Z01";"1";"7";"0";"2";"6";"22";"1";""
"202400003794";"155 775 129";"A01";"1";"50";"0";"2";"1";"1";"3";""
"202400003795";"155 775 126";"A01";"3";"10";"0";"2";"3";"15";"1";""
"202400003795";"155 775 128";"B01";"3";"7";"0";"2";"6";"1";"1";""
"202400003796";"155 775 122";"A01";"1";"7";"0";"9";"3";"15";"1";""
"202400003796";"155 775 124";"B01";"2";"1";"0";"2";"1";"2";"5";""
"202400003797";"155 775 123";"A01";"1";"33";"0";"2";"3";"18";"1";""
"202400003797";"155 775 125";"B01";"1";"7";"0";"2";"2";"14";"2";""
"202400003798";"155 775 118";"A01";"1";"7";"0";"2";"1";"16";"1";""
"202400003798";"155 775 120";"B01";"2";"50";"0";"2";"7";"19";"3";""
"202400003799";"155 775 117";"C01";"3";"14";"0";"0";"4";"0";"0";""
"202400003799";"155 775 119";"A01";"3";"10";"0";"2";"1";"2";"1";""
"202400003799";"155 775 121";"B01";"0";"10";"0";"2";"4";"2";"1";""
"202400003800";"155 775 116";"A01";"1";"7";"1";"0";"1";"14";"2";""
"202400003801";"155 775 113";"A01";"1";"1";"0";"1";"1";"1";"5";""
"202400003802";"155 775 111";"B01";"1";"10";"0";"2";"7";"16";"1";""
"202400003802";"155 775 112";"A01";"1";"33";"0";"2";"3";"18";"1";""
"202400003803";"155 775 114";"A01";"2";"7";"0";"2";"5";"17";"1";""
"202400003803";"155 775 115";"B01";"2";"7";"0";"2";"3";"0";"0";""
"202400003804";"155 775 109";"B01";"3";"1";"0";"2";"7";"1";"5";""
"202400003804";"155 775 110";"A01";"3";"1";"0";"2";"8";"15";"5";""
"202400003805";"155 775 107";"A01";"2";"7";"0";"2";"3";"1";"1";""
"202400003805";"155 775 108";"B01";"1";"2";"0";"2";"2";"1";"1";""
"202400003806";"155 775 106";"A01";"1";"80";"12";"0";"1";"13";"3";""
"202400003807";"155 775 104";"A01";"1";"50";"0";"0";"0";"1";"3";""
"202400003808";"155 775 103";"A01";"1";"7";"0";"2";"0";"15";"1";""
"202400003808";"155 775 105";"B01";"1";"50";"0";"2";"8";"1";"3";""
"202400003809";"155 775 100";"B01";"1";"1";"0";"2";"0";"0";"5";""
"202400003809";"155 775 101";"A01";"1";"32";"0";"9";"1";"16";"1";""
"202400003810";"155 775 099";"A01";"1";"7";"0";"2";"2";"15";"1";""
"202400003810";"155 775 102";"B01";"1";"7";"0";"2";"8";"1";"2";""
"202400003811";"155 775 096";"B01";"2";"7";"0";"2";"2";"1";"0";""
"202400003811";"155 775 098";"A01";"2";"7";"0";"2";"3";"17";"1";""
"202400003812";"155 775 097";"A01";"1";"7";"0";"1";"1";"16";"0";""
"202400003813";"155 775 095";"A01";"1";"14";"0";"1";"5";"4";"1";""
"202400003814";"155 775 094";"A01";"2";"34";"0";"1";"1";"1";"1";""
"202400003815";"155 775 091";"A01";"3";"7";"0";"2";"2";"15";"1";""
"202400003815";"155 775 093";"B01";"2";"33";"0";"2";"1";"1";"1";""
"202400003816";"155 775 092";"A01";"2";"7";"0";"1";"1";"1";"1";""
"202400003817";"155 775 090";"A01";"2";"60";"14";"0";"1";"1";"5";""
"202400003818";"155 775 088";"A01";"1";"7";"0";"2";"1";"2";"1";""
"202400003818";"155 775 089";"B01";"1";"32";"0";"2";"4";"2";"1";""
"202400003819";"155 775 086";"B01";"1";"7";"0";"2";"1";"1";"1";""
"202400003819";"155 775 087";"A01";"1";"7";"0";"2";"3";"16";"1";""
"202400003820";"155 775 084";"A01";"1";"7";"0";"2";"1";"5";"2";""
"202400003820";"155 775 085";"B01";"1";"31";"0";"2";"7";"1";"1";""
"202400003821";"155 775 082";"B01";"3";"7";"0";"2";"2";"19";"3";""
"202400003821";"155 775 083";"A01";"2";"30";"0";"2";"3";"1";"3";""
"202400003822";"155 775 080";"B01";"1";"7";"0";"2";"2";"1";"1";""
"202400003822";"155 775 081";"A01";"1";"7";"8";"2";"1";"1";"2";""
"202400003823";"155 775 079";"A01";"1";"1";"12";"0";"1";"26";"5";""
"202400003824";"155 775 078";"A01";"1";"10";"0";"1";"4";"4";"3";""
"202400003825";"155 775 074";"B01";"2";"7";"0";"0";"3";"13";"0";""
"202400003825";"155 775 075";"A01";"1";"7";"0";"2";"3";"13";"1";""
"202400003825";"155 775 076";"C01";"2";"7";"0";"2";"8";"13";"1";""
"202400003825";"155 775 077";"D01";"2";"7";"0";"2";"3";"13";"1";""
"202400003826";"155 775 072";"A01";"2";"21";"0";"2";"6";"15";"0";""
"202400003826";"155 775 073";"B01";"2";"33";"0";"2";"1";"17";"1";""
"202400003827";"155 775 071";"A01";"1";"2";"15";"0";"2";"1";"1";""
"202400003828";"155 775 069";"B01";"1";"33";"0";"2";"1";"0";"1";""
"202400003828";"155 775 070";"A01";"1";"7";"0";"2";"7";"15";"1";""
"202400003829";"155 775 067";"A01";"1";"7";"0";"2";"1";"1";"1";""
"202400003829";"155 775 068";"B01";"2";"7";"0";"2";"1";"1";"1";""
"202400003830";"155 775 065";"B01";"2";"7";"0";"2";"1";"15";"1";""
"202400003830";"155 775 066";"A01";"1";"33";"0";"2";"1";"17";"1";""
"202400003831";"155 775 063";"A01";"1";"7";"0";"2";"3";"10";"1";""
"202400003831";"155 775 064";"B01";"1";"33";"0";"2";"1";"21";"1";""
"202400003832";"155 775 061";"A01";"1";"15";"0";"2";"2";"2";"1";""
"202400003832";"155 775 062";"B01";"1";"15";"0";"0";"6";"2";"1";""
"202400003833";"155 775 060";"A01";"2";"33";"0";"0";"0";"16";"1";""
"202400003834";"155 775 058";"A01";"2";"10";"0";"2";"3";"13";"1";""
"202400003834";"155 775 059";"B01";"1";"17";"0";"2";"3";"1";"1";""
"202400003835";"155 775 057";"A01";"2";"7";"2";"0";"1";"21";"1";""
"202400003836";"155 775 056";"A01";"3";"7";"13";"0";"1";"13";"1";""
"202400003837";"155 775 054";"A01";"3";"7";"0";"2";"3";"1";"1";""
"202400003837";"155 775 055";"B01";"3";"7";"0";"2";"3";"1";"1";""
"202400003838";"155 775 052";"B01";"2";"33";"0";"2";"1";"1";"1";""
"202400003838";"155 775 053";"A01";"1";"7";"0";"2";"1";"15";"3";""
"202400003839";"155 775 050";"A01";"1";"7";"0";"0";"6";"1";"1";""
"202400003839";"155 775 051";"B01";"2";"80";"12";"0";"8";"5";"3";""
"202400003840";"155 775 048";"A01";"2";"2";"0";"2";"1";"1";"1";""
"202400003840";"155 775 049";"B01";"1";"7";"0";"2";"6";"1";"1";""
"202400003841";"155 775 047";"A01";"1";"33";"3";"0";"1";"2";"0";""
"202400003842";"155 775 044";"C01";"2";"13";"0";"2";"1";"1";"1";""
"202400003842";"155 775 045";"A01";"1";"7";"0";"2";"4";"1";"3";""
"202400003842";"155 775 046";"B01";"1";"10";"0";"2";"4";"1";"1";""
"202400003843";"155 775 043";"A01";"1";"33";"8";"0";"2";"14";"1";""
"202400003844";"155 775 042";"A01";"2";"33";"6";"9";"1";"1";"1";""
"202400003845";"155 775 039";"A01";"1";"7";"0";"2";"1";"1";"1";""
"202400003845";"155 775 040";"B01";"1";"7";"0";"2";"4";"1";"1";""
"202400003845";"155 775 041";"C01";"1";"7";"0";"2";"4";"1";"1";""
"202400003846";"155 775 038";"A01";"1";"33";"0";"0";"0";"1";"1";""
"202400003847";"155 775 034";"B01";"2";"10";"0";"2";"1";"1";"1";""
"202400003847";"155 775 035";"C01";"1";"7";"0";"2";"4";"23";"1";""
"202400003847";"155 775 036";"D01";"1";"7";"0";"2";"4";"23";"1";""
"202400003847";"155 775 037";"A01";"1";"7";"0";"2";"1";"13";"1";""
"202400003848";"155 775 031";"A01";"3";"7";"0";"2";"2";"1";"1";""
"202400003848";"155 775 032";"B01";"3";"7";"0";"2";"3";"1";"1";""
"202400003848";"155 775 033";"C01";"3";"7";"0";"2";"1";"0";"2";""
"202400003849";"155 775 030";"A01";"1";"33";"13";"0";"9";"14";"1";""
"202400003850";"155 775 028";"A01";"1";"7";"0";"2";"2";"17";"1";""
"202400003850";"155 775 029";"B01";"1";"7";"0";"2";"8";"15";"1";""
"202400003851";"155 775 027";"A01";"1";"33";"0";"0";"1";"1";"1";""
"202400003852";"155 775 025";"A01";"1";"7";"0";"2";"1";"13";"1";""
"202400003852";"155 775 026";"B01";"2";"17";"0";"2";"1";"1";"1";""
"202400003853";"155 775 023";"A01";"1";"7";"0";"2";"8";"19";"1";""
"202400003853";"155 775 024";"B01";"2";"33";"0";"2";"1";"1";"1";""
"202400003854";"155 775 020";"A01";"2";"7";"0";"2";"1";"2";"1";""
"202400003854";"155 775 021";"B01";"2";"7";"0";"2";"6";"13";"1";""
"202400003854";"155 775 022";"C01";"1";"7";"0";"2";"3";"1";"1";""
"202400003855";"155 775 017";"B01";"2";"7";"0";"2";"3";"9";"1";""
"202400003855";"155 775 018";"C01";"2";"7";"0";"0";"6";"26";"1";""
"202400003855";"155 775 019";"A01";"2";"2";"1";"2";"1";"1";"1";""
"202400003856";"155 775 016";"A01";"1";"2";"0";"0";"0";"0";"1";""
"202400003857";"155 775 014";"A01";"3";"1";"0";"9";"1";"1";"5";""
"202400003857";"155 775 015";"B01";"3";"1";"0";"9";"1";"1";"5";""
"202400003858";"155 775 013";"A01";"2";"33";"0";"0";"0";"1";"1";""
"202400003859";"155 775 011";"A01";"3";"10";"0";"2";"3";"13";"1";""
"202400003859";"155 775 012";"B01";"3";"1";"0";"2";"1";"1";"5";""
"202400003860";"155 775 010";"A01";"2";"7";"2";"0";"1";"1";"1";""
"202400003861";"155 775 009";"A01";"2";"2";"0";"0";"1";"0";"1";""
"202400003862";"155 775 008";"A01";"2";"7";"13";"0";"3";"13";"1";""
"202400003863";"155 775 006";"B01";"1";"7";"0";"2";"1";"5";"1";""
"202400003863";"155 775 007";"A01";"2";"7";"0";"2";"1";"5";"1";""
"202400003864";"155 775 004";"A01";"1";"7";"0";"2";"7";"15";"1";""
"202400003864";"155 775 005";"B01";"2";"34";"0";"2";"1";"1";"1";""
"202400003865";"155 775 002";"A01";"1";"7";"0";"0";"8";"16";"1";""
"202400003865";"155 775 003";"B01";"1";"7";"0";"2";"2";"1";"1";""
"202400003866";"155 775 001";"A01";"1";"7";"4";"0";"1";"1";"1";""
"202400003867";"155 774 999";"B01";"2";"7";"0";"0";"4";"1";"1";""
"202400003867";"155 775 000";"A01";"2";"10";"5";"2";"1";"0";"1";""
"202400003868";"155 774 997";"A01";"2";"7";"0";"2";"3";"11";"1";""
"202400003868";"155 774 998";"B01";"2";"33";"0";"2";"9";"3";"1";""
"202400003869";"155 774 995";"B01";"3";"2";"0";"0";"8";"9";"1";""
"202400003869";"155 774 996";"A01";"3";"7";"13";"2";"2";"1";"1";""
"202400003870";"155 774 993";"A01";"3";"33";"0";"2";"3";"13";"1";""
"202400003870";"155 774 994";"B01";"3";"7";"0";"2";"2";"26";"1";""
"202400003871";"155 774 992";"A01";"1";"31";"0";"0";"1";"0";"1";""
"202400003872";"155 774 990";"B01";"1";"1";"0";"9";"3";"12";"5";""
"202400003872";"155 774 991";"A01";"1";"7";"0";"2";"3";"9";"1";""
"202400003873";"155 774 988";"B01";"1";"7";"0";"0";"3";"15";"3";""
"202400003873";"155 774 989";"A01";"1";"33";"8";"0";"2";"17";"1";""
"202400003874";"155 774 986";"B01";"2";"31";"0";"2";"1";"1";"1";""
"202400003874";"155 774 987";"A01";"1";"7";"0";"2";"6";"15";"1";""
"202400003875";"155 774 984";"A01";"1";"32";"0";"2";"3";"1";"1";""
"202400003875";"155 774 985";"B01";"2";"1";"4";"2";"1";"13";"5";""
"202400003876";"155 774 982";"A01";"1";"33";"0";"2";"8";"13";"1";""
"202400003876";"155 774 983";"B01";"2";"10";"0";"2";"6";"1";"1";""
"202400003877";"155 774 980";"A01";"1";"7";"0";"2";"7";"1";"1";""
"202400003877";"155 774 981";"B01";"1";"33";"0";"2";"8";"3";"1";""
"202400003878";"155 774 978";"B01";"2";"50";"0";"2";"3";"9";"3";""
"202400003878";"155 774 979";"A01";"2";"7";"0";"2";"2";"9";"1";""
"202400003879";"155 774 976";"B01";"1";"7";"0";"2";"2";"1";"1";""
"202400003879";"155 774 977";"A01";"2";"33";"0";"2";"0";"0";"1";""
"202400003880";"155 774 974";"A01";"2";"10";"0";"2";"6";"17";"1";""
"202400003880";"155 774 975";"B01";"2";"33";"0";"2";"2";"17";"1";""
"202400003881";"155 774 972";"A01";"1";"33";"3";"2";"1";"0";"1";""
"202400003881";"155 774 973";"B01";"2";"38";"0";"2";"3";"0";"1";"1"
"202400003882";"155 774 971";"A01";"3";"7";"0";"0";"9";"1";"1";""
"202400003883";"155 774 969";"A01";"2";"7";"0";"2";"2";"19";"1";""
"202400003883";"155 774 970";"B01";"1";"7";"0";"2";"1";"1";"1";""
"202400003884";"155 774 967";"A01";"1";"7";"0";"2";"3";"1";"1";""
"202400003884";"155 774 968";"B01";"1";"1";"0";"2";"1";"1";"5";""
"202400003885";"155 774 965";"B01";"2";"7";"0";"2";"1";"1";"1";""
"202400003885";"155 774 966";"A01";"1";"10";"0";"2";"1";"1";"1";""
"202400003886";"155 774 963";"B01";"3";"7";"0";"2";"3";"13";"1";""
"202400003886";"155 774 964";"A01";"3";"7";"0";"2";"3";"1";"1";""
"202400003887";"155 774 961";"A01";"0";"7";"0";"0";"5";"23";"1";""
"202400003887";"155 774 962";"B01";"0";"1";"0";"2";"1";"2";"5";""
"202400003888";"155 774 960";"A01";"2";"33";"16";"0";"8";"16";"1";""
"202400003889";"155 774 958";"A01";"2";"7";"0";"2";"6";"2";"1";""
"202400003889";"155 774 959";"B01";"2";"7";"0";"2";"2";"12";"1";""
"202400003890";"155 774 957";"A01";"3";"32";"0";"0";"0";"0";"1";""
"202400003891";"155 774 955";"A01";"2";"7";"0";"9";"3";"20";"1";""
"202400003891";"155 774 956";"B01";"2";"50";"1";"0";"7";"1";"3";""
"202400003892";"155 774 953";"A01";"0";"7";"0";"2";"1";"1";"1";""
"202400003892";"155 774 954";"B01";"0";"1";"0";"2";"4";"1";"5";""
"202400003893";"155 774 951";"B01";"1";"33";"12";"2";"2";"0";"1";""
"202400003893";"155 774 952";"A01";"1";"7";"15";"2";"1";"1";"1";""
"202400003894";"155 774 949";"A01";"1";"30";"0";"2";"1";"1";"1";""