"Num_Acc";"id_vehicule";"num_veh";"senc";"catv";"obs";"obsm";"choc";"manv";"motor";"occutc"
"202400004719";"155 773 531";"A01";"3";"50";"0";"2";"1";"1";"3";""
"202400004720";"155 773 522";"B01";"2";"1";"0";"0";"6";"1";"5";""
"202400004720";"155 773 523";"A01";"2";"7";"12";"2";"2";"17";"1";""
"202400004721";"155 773 521";"A01";"1";"7";"0";"2";"3";"1";"1";""
"202400004721";"155 773 525";"B01";"1";"7";"0";"2";"8";"15";"1";""
"202400004722";"155 773 519";"A01";"2";"7";"0";"2";"3";"13";"1";""
"202400004722";"155 773 520";"B01";"1";"7";"0";"2";"3";"1";"1";""
"202400004723";"155 773 515";"A01";"2";"7";"0";"2";"3";"1";"1";""
"202400004723";"155 773 518";"B01";"1";"33";"0";"2";"1";"13";"1";""
"202400004724";"155 773 514";"A01";"2";"7";"0";"2";"1";"2";"1";""
"202400004724";"155 773 516";"B01";"2";"2";"0";"0";"4";"0";"1";""
"202400004725";"155 773 512";"A01";"1";"7";"0";"2";"4";"9";"2";""
"202400004725";"155 773 513";"B01";"1";"7";"0";"2";"1";"1";"1";""
"202400004725";"155 773 517";"C01";"1";"7";"0";"2";"4";"1";"1";""
"202400004726";"155 773 510";"A01";"1";"7";"8";"0";"1";"9";"1";""
"202400004727";"155 773 509";"A01";"3";"7";"0";"2";"2";"9";"1";""
"202400004727";"155 773 511";"B01";"1";"33";"0";"2";"1";"1";"1";""
"202400004728";"155 773 508";"A01";"3";"7";"0";"2";"9";"13";"1";""
"202400004729";"155 773 507";"A01";"2";"33";"13";"0";"1";"1";"1";""
"202400004730";"155 773 506";"A01";"3";"7";"0";"1";"2";"1";"1";""
"202400004731";"155 773 504";"B01";"2";"7";"0";"2";"4";"0";"1";""
"202400004731";"155 773 505";"A01";"2";"7";"1";"0";"1";"26";"1";""
"202400004732";"155 773 503";"A01";"2";"7";"4";"0";"2";"0";"1";""
"202400004733";"155 773 500";"A01";"1";"7";"4";"2";"1";"17";"1";""
"202400004733";"155 773 502";"B01";"1";"7";"0";"2";"3";"2";"3";""
"202400004734";"155 773 496";"C01";"1";"15";"0";"2";"3";"1";"1";""
"202400004734";"155 773 499";"A01";"1";"33";"0";"2";"1";"13";"1";""
"202400004734";"155 773 501";"B01";"1";"7";"0";"2";"5";"1";"1";""
"202400004735";"155 773 495";"A01";"1";"7";"0";"2";"3";"13";"1";""
"202400004735";"155 773 497";"B01";"2";"7";"0";"0";"3";"1";"1";""
"202400004735";"155 773 498";"C01";"1";"7";"0";"0";"6";"23";"1";""
"202400004736";"155 773 492";"A01";"1";"7";"0";"2";"7";"15";"1";""
"202400004736";"155 773 494";"B01";"1";"7";"0";"2";"0";"1";"1";""
"202400004737";"155 773 491";"A01";"2";"7";"2";"0";"2";"14";"1";""
"202400004738";"155 773 490";"A01";"3";"7";"0";"0";"6";"2";"1";""
"202400004738";"155 773 493";"B01";"3";"7";"0";"2";"1";"2";"1";""
"202400004739";"155 773 488";"A01";"1";"7";"8";"0";"1";"13";"1";""
"202400004740";"155 773 487";"A01";"1";"7";"8";"0";"7";"1";"1";""
"202400004741";"155 773 485";"A01";"1";"7";"8";"0";"1";"0";"0";""
"202400004742";"155 773 484";"A01";"1";"15";"0";"0";"4";"2";"1";""
"202400004742";"155 773 486";"B01";"1";"7";"0";"2";"1";"2";"1";""
"202400004743";"155 773 482";"A01";"2";"7";"6";"2";"4";"1";"1";""
"202400004743";"155 773 483";"B01";"1";"7";"0";"2";"1";"15";"1";""
"202400004744";"155 773 481";"A01";"2";"7";"2";"0";"2";"1";"2";""
"202400004745";"155 773 476";"A01";"1";"7";"0";"0";"1";"2";"1";""
"202400004745";"155 773 480";"B01";"1";"7";"0";"0";"4";"2";"1";""
"202400004746";"155 773 475";"A01";"2";"10";"0";"0";"0";"0";"1";""
"202400004746";"155 773 478";"B01";"0";"33";"0";"2";"1";"1";"1";""
"202400004747";"155 773 477";"B01";"1";"7";"0";"2";"1";"2";"1";""
"202400004747";"155 773 479";"A01";"1";"7";"0";"2";"4";"23";"1";""
"202400004748";"155 773 472";"A01";"0";"10";"8";"0";"1";"0";"1";""
"202400004749";"155 773 471";"A01";"1";"33";"0";"2";"1";"2";"1";""
"202400004749";"155 773 473";"B01";"1";"7";"0";"2";"4";"2";"2";""
"202400004750";"155 773 470";"B01";"2";"0";"0";"2";"8";"1";"1";""
"202400004750";"155 773 474";"A01";"1";"30";"0";"2";"1";"1";"1";""
"202400004751";"155 773 469";"A01";"0";"7";"0";"1";"2";"1";"1";""
"202400004752";"155 773 467";"A01";"1";"2";"0";"1";"1";"1";"1";""
"202400004753";"155 773 465";"A01";"2";"7";"0";"2";"3";"5";"1";""
"202400004753";"155 773 468";"B01";"1";"13";"0";"2";"3";"1";"1";""
"202400004754";"155 773 464";"A01";"2";"33";"0";"2";"8";"1";"1";""
"202400004754";"155 773 466";"B01";"2";"33";"0";"2";"7";"17";"1";""
"202400004755";"155 773 463";"A01";"3";"1";"2";"0";"1";"15";"5";""
"202400004756";"155 773 459";"A01";"1";"7";"0";"2";"3";"11";"1";""
"202400004756";"155 773 462";"B01";"2";"7";"0";"2";"3";"13";"2";""
"202400004757";"155 773 460";"A01";"1";"10";"8";"0";"2";"15";"1";""
"202400004758";"155 773 456";"A01";"3";"17";"0";"1";"5";"20";"1";""
"202400004759";"155 773 454";"A01";"1";"7";"0";"2";"1";"0";"1";""
"202400004759";"155 773 455";"B01";"2";"7";"0";"2";"1";"0";"1";""
"202400004760";"155 773 453";"B01";"1";"7";"0";"0";"4";"23";"1";""
"202400004760";"155 773 457";"A01";"1";"31";"0";"2";"1";"1";"1";""
"202400004761";"155 773 452";"A01";"1";"10";"0";"1";"1";"0";"1";""
"202400004762";"155 773 450";"A01";"2";"7";"0";"2";"7";"15";"1";""
"202400004762";"155 773 451";"B01";"1";"7";"0";"2";"1";"1";"1";""
"202400004763";"155 773 447";"A01";"2";"33";"0";"2";"1";"17";"1";""
"202400004763";"155 773 449";"B01";"2";"7";"0";"2";"3";"0";"1";""
"202400004764";"155 773 446";"A01";"3";"30";"0";"2";"1";"19";"1";""
"202400004764";"155 773 448";"C01";"3";"7";"0";"2";"2";"1";"1";""
"202400004765";"155 773 445";"A01";"1";"7";"2";"0";"1";"0";"1";""
"202400004766";"155 773 444";"A01";"1";"33";"0";"0";"7";"1";"1";""
"202400004767";"155 773 441";"B01";"3";"80";"0";"2";"1";"1";"3";""
"202400004767";"155 773 443";"A01";"3";"7";"0";"2";"3";"19";"1";""
"202400004768";"155 773 438";"A01";"2";"2";"0";"2";"1";"1";"1";""
"202400004768";"155 773 439";"B01";"2";"31";"12";"0";"4";"23";"1";""
"202400004769";"155 773 437";"A01";"1";"7";"3";"6";"1";"1";"1";""
"202400004770";"155 773 435";"A01";"1";"50";"0";"2";"8";"19";"3";""
"202400004770";"155 773 436";"B01";"1";"7";"0";"2";"1";"1";"0";""
"202400004771";"155 773 433";"A01";"1";"7";"0";"2";"1";"9";"1";""
"202400004771";"155 773 434";"B01";"2";"50";"0";"2";"7";"15";"3";""
"202400004772";"155 773 429";"A01";"2";"2";"0";"2";"1";"17";"1";""
"202400004772";"155 773 431";"B01";"1";"7";"0";"2";"7";"15";"1";""
"202400004773";"155 773 424";"A01";"3";"7";"0";"1";"1";"1";"1";""
"202400004774";"155 773 423";"A01";"2";"7";"0";"2";"0";"21";"1";""
"202400004774";"155 773 425";"B01";"2";"7";"0";"2";"1";"21";"1";""
"202400004774";"155 773 426";"C01";"2";"7";"14";"0";"3";"21";"1";""
"202400004774";"155 773 428";"D01";"2";"7";"14";"0";"1";"2";"1";""
"202400004774";"155 773 432";"E01";"2";"7";"0";"0";"4";"2";"1";""
"202400004775";"155 773 422";"A01";"2";"1";"12";"0";"0";"0";"5";""
"202400004776";"155 773 421";"A01";"2";"10";"0";"1";"7";"1";"1";""
"202400004777";"155 773 418";"B01";"1";"1";"0";"2";"5";"15";"5";""
"202400004777";"155 773 420";"A01";"1";"7";"0";"2";"1";"9";"1";""
"202400004778";"155 773 417";"A01";"1";"7";"0";"2";"1";"1";"1";""
"202400004778";"155 773 419";"B01";"1";"7";"0";"2";"7";"1";"1";""
"202400004779";"155 773 415";"A01";"0";"7";"0";"2";"1";"15";"1";""
"202400004779";"155 773 416";"B01";"3";"30";"0";"2";"8";"1";"1";""
"202400004780";"155 773 414";"A01";"1";"7";"13";"0";"9";"1";"1";""
"202400004781";"155 773 413";"A01";"2";"7";"2";"0";"7";"0";"1";""
"202400004782";"155 773 411";"A01";"1";"32";"0";"0";"6";"0";"1";""
"202400004783";"155 773 409";"B01";"3";"50";"0";"2";"4";"1";"3";""
"202400004783";"155 773 412";"A01";"3";"7";"0";"2";"1";"9";"1";""
"202400004784";"155 773 408";"A01";"1";"33";"16";"2";"7";"17";"1";""
"202400004784";"155 773 410";"B01";"2";"7";"0";"2";"1";"15";"1";""
"202400004785";"155 773 405";"A01";"0";"7";"0";"1";"0";"20";"1";""
"202400004786";"155 773 404";"B01";"1";"7";"0";"2";"2";"15";"1";""
"202400004786";"155 773 407";"A01";"2";"7";"9";"2";"1";"1";"3";""
"202400004787";"155 773 402";"A01";"2";"7";"2";"0";"8";"1";"1";""
"202400004788";"155 773 401";"A01";"3";"7";"0";"1";"1";"26";"1";""
"202400004789";"155 773 400";"B01";"1";"7";"0";"2";"1";"1";"1";""
"202400004789";"155 773 403";"A01";"2";"7";"0";"2";"7";"1";"1";""
"202400004789";"155 773 406";"C01";"1";"7";"0";"2";"8";"23";"1";""
"202400004790";"155 773 398";"B01";"2";"7";"0";"9";"3";"1";"2";""
"202400004790";"155 773 399";"A01";"1";"1";"0";"2";"7";"15";"5";""
"202400004791";"155 773 397";"A01";"1";"7";"0";"1";"1";"15";"1";""
"202400004792";"155 773 396";"A01";"2";"7";"6";"0";"1";"13";"1";""
"202400004793";"155 773 395";"A01";"2";"7";"0";"1";"9";"26";"1";""
"202400004794";"155 773 394";"A01";"0";"7";"0";"1";"3";"1";"1";""
"202400004795";"155 773 393";"A01";"2";"7";"13";"0";"3";"1";"1";""
"202400004796";"155 773 392";"A01";"0";"31";"0";"6";"1";"1";"1";""
"202400004797";"155 773 389";"A01";"2";"7";"0";"2";"7";"13";"1";""
"202400004797";"155 773 391";"B01";"1";"10";"0";"2";"1";"1";"1";""
"202400004798";"155 773 388";"A01";"3";"7";"0";"2";"2";"15";"1";""
"202400004798";"155 773 390";"B01";"0";"32";"0";"2";"1";"1";"1";""
"202400004799";"155 773 385";"A01";"1";"7";"3";"0";"1";"0";"1";""
"202400004799";"155 773 387";"B01";"2";"2";"0";"2";"1";"13";"1";""
"202400004800";"155 773 382";"A01";"1";"33";"0";"2";"1";"26";"1";""
"202400004801";"155 773 381";"A01";"2";"10";"0";"2";"1";"1";"1";""
"202400004801";"155 773 383";"C01";"1";"10";"0";"2";"8";"1";"1";""
"202400004801";"155 773 384";"D01";"1";"10";"0";"2";"8";"1";"1";""
"202400004801";"155 773 386";"B01";"1";"7";"0";"2";"8";"1";"1";""
"202400004802";"155 773 378";"A01";"1";"7";"0";"2";"1";"2";"1";""
"202400004802";"155 773 380";"B01";"1";"7";"0";"2";"4";"1";"1";""
"202400004803";"155 773 377";"A01";"2";"7";"8";"0";"9";"0";"1";""
"202400004804";"155 773 375";"A01";"1";"7";"0";"2";"7";"12";"1";""
"202400004804";"155 773 376";"B01";"1";"33";"0";"2";"8";"26";"1";""
"202400004805";"155 773 374";"A01";"3";"39";"0";"1";"2";"19";"3";""
"202400004806";"155 773 373";"A01";"2";"7";"3";"0";"0";"1";"1";""
"202400004807";"155 773 370";"A01";"1";"7";"13";"2";"2";"26";"1";""
"202400004807";"155 773 371";"B01";"1";"15";"0";"2";"6";"1";"1";""
"202400004808";"155 773 369";"A01";"2";"7";"0";"5";"1";"1";"1";""
"202400004809";"155 773 366";"B01";"0";"7";"0";"2";"1";"0";"0";""
"202400004809";"155 773 367";"A01";"0";"7";"0";"2";"1";"0";"1";""
"202400004810";"155 773 365";"A01";"1";"7";"4";"2";"3";"2";"1";""
"202400004810";"155 773 368";"B01";"1";"14";"0";"2";"2";"2";"1";""
"202400004811";"155 773 364";"A01";"1";"7";"13";"0";"1";"26";"1";""
"202400004812";"155 773 363";"A01";"1";"7";"3";"0";"3";"1";"1";""
"202400004813";"155 773 360";"B01";"3";"80";"0";"2";"1";"1";"3";""
"202400004813";"155 773 361";"A01";"0";"7";"0";"2";"2";"15";"1";""
"202400004814";"155 773 359";"B01";"1";"33";"0";"2";"1";"3";"1";""
"202400004814";"155 773 362";"A01";"1";"10";"0";"2";"5";"12";"1";""
"202400004815";"155 773 356";"A01";"2";"7";"0";"2";"1";"13";"1";""
"202400004815";"155 773 358";"B01";"1";"7";"0";"2";"3";"23";"1";""
"202400004816";"155 773 353";"B01";"2";"7";"0";"2";"6";"2";"1";""
"202400004816";"155 773 354";"C01";"2";"33";"0";"2";"1";"2";"1";""
"202400004816";"155 773 355";"D01";"2";"7";"0";"2";"4";"0";"1";""
"202400004816";"155 773 357";"A01";"2";"7";"0";"2";"1";"2";"1";""
"202400004817";"155 773 351";"A01";"1";"7";"0";"2";"1";"1";"1";""
"202400004817";"155 773 352";"B01";"2";"7";"0";"2";"1";"1";"1";""
"202400004818";"155 773 350";"A01";"1";"30";"0";"0";"8";"1";"1";""
"202400004819";"155 773 348";"A01";"1";"7";"0";"0";"0";"0";"1";""
"202400004820";"155 773 345";"B01";"1";"7";"0";"2";"1";"1";"2";""
"202400004820";"155 773 347";"A01";"2";"7";"0";"2";"7";"1";"1";""
"202400004820";"155 773 349";"C01";"2";"7";"0";"2";"3";"1";"1";""
"202400004821";"155 773 344";"Z01";"1";"10";"0";"2";"0";"11";"0";""
"202400004821";"155 773 346";"B01";"1";"7";"4";"2";"9";"1";"1";""
"202400004822";"155 773 343";"A01";"1";"7";"0";"1";"6";"20";"1";""
"202400004823";"155 773 340";"B01";"2";"33";"0";"2";"6";"3";"1";""
"202400004823";"155 773 341";"C01";"2";"7";"0";"2";"2";"1";"2";""
"202400004823";"155 773 342";"A01";"2";"7";"0";"2";"3";"11";"3";""
"202400004824";"155 773 339";"A01";"3";"7";"0";"1";"4";"26";"1";""
"202400004825";"155 773 337";"A01";"2";"32";"0";"2";"4";"3";"1";""
"202400004825";"155 773 338";"B01";"2";"7";"0";"2";"1";"1";"1";""
"202400004826";"155 773 335";"A01";"2";"7";"0";"2";"1";"13";"1";""
"202400004826";"155 773 336";"B01";"1";"37";"0";"0";"3";"1";"1";"1"
"202400004827";"155 773 333";"A01";"1";"7";"1";"1";"1";"15";"6";""
"202400004828";"155 773 331";"A01";"1";"33";"0";"2";"1";"2";"1";""
"202400004828";"155 773 334";"B01";"1";"7";"0";"2";"4";"2";"2";""
"202400004829";"155 773 329";"A01";"2";"7";"0";"2";"3";"17";"1";""
"202400004829";"155 773 330";"B01";"1";"10";"0";"2";"3";"0";"1";""
"202400004829";"155 773 332";"C01";"1";"10";"0";"2";"8";"0";"1";""
"202400004830";"155 773 327";"A01";"1";"7";"0";"2";"3";"10";"1";""
"202400004830";"155 773 328";"B01";"1";"2";"0";"2";"1";"2";"1";""
"202400004831";"155 773 326";"A01";"0";"2";"0";"0";"3";"1";"1";""
"202400004832";"155 773 324";"A01";"1";"7";"0";"2";"1";"2";"1";""
"202400004832";"155 773 325";"B01";"1";"14";"0";"2";"6";"2";"1";""
"202400004833";"155 773 323";"A01";"1";"7";"12";"0";"1";"1";"1";""
"202400004834";"155 773 321";"B01";"3";"32";"0";"2";"7";"14";"1";""
"202400004834";"155 773 322";"A01";"3";"10";"0";"2";"3";"16";"3";""
"202400004835";"155 773 317";"A01";"2";"7";"0";"2";"1";"5";"1";""
"202400004835";"155 773 319";"B01";"1";"14";"0";"0";"1";"1";"1";""
"202400004836";"155 773 315";"C01";"1";"10";"0";"2";"6";"1";"1";""
"202400004836";"155 773 316";"Z01";"1";"0";"0";"2";"0";"0";"0";""
"202400004836";"155 773 318";"B01";"1";"7";"0";"2";"8";"1";"1";""
"202400004836";"155 773 320";"A01";"1";"7";"0";"2";"6";"1";"1";""
"202400004837";"155 773 313";"B01";"2";"33";"0";"2";"2";"17";"1";""
"202400004837";"155 773 314";"A01";"1";"7";"0";"2";"6";"5";"0";""
"202400004838";"155 773 309";"D01";"1";"7";"0";"2";"4";"2";"1";""
"202400004838";"155 773 310";"A01";"1";"10";"0";"2";"1";"1";"1";""
"202400004838";"155 773 311";"C01";"1";"10";"0";"2";"4";"1";"1";""
"202400004838";"155 773 312";"B01";"1";"10";"0";"2";"1";"2";"1";""
"202400004839";"155 773 306";"A01";"1";"7";"3";"0";"1";"2";"1";""
"202400004840";"155 773 305";"A01";"3";"7";"0";"2";"3";"1";"1";""
"202400004840";"155 773 307";"B01";"3";"50";"0";"2";"4";"1";"3";""
"202400004841";"155 773 303";"A01";"2";"10";"0";"2";"1";"1";"1";""
"202400004841";"155 773 304";"B01";"2";"7";"0";"2";"4";"1";"1";""
"202400004842";"155 773 301";"A01";"2";"15";"0";"2";"7";"1";"1";""
"202400004842";"155 773 302";"B01";"2";"7";"0";"2";"9";"1";"1";""
"202400004843";"155 773 299";"A01";"1";"7";"3";"0";"0";"0";"1";""
"202400004844";"155 773 298";"A01";"3";"7";"0";"2";"1";"1";"1";""
"202400004844";"155 773 300";"B01";"3";"7";"0";"2";"8";"1";"1";""
"202400004845";"155 773 297";"A01";"3";"33";"0";"0";"0";"1";"1";""
"202400004846";"155 773 295";"A01";"3";"7";"0";"2";"3";"15";"1";""
"202400004846";"155 773 296";"B01";"3";"1";"0";"2";"8";"1";"5";""
"202400004847";"155 773 294";"A01";"3";"1";"0";"0";"8";"1";"5";""
"202400004848";"155 773 292";"B01";"1";"2";"0";"2";"7";"1";"0";""
"202400004848";"155 773 293";"A01";"2";"2";"0";"2";"1";"16";"0";""
"202400004849";"155 773 290";"A01";"1";"7";"0";"1";"3";"1";"1";""
"202400004849";"155 773 291";"B01";"1";"50";"0";"0";"7";"1";"3";""
"202400004850";"155 773 289";"A01";"1";"7";"0";"1";"2";"1";"2";""
"202400004851";"155 773 288";"A01";"1";"30";"8";"0";"0";"0";"1";""
"202400004852";"155 773 287";"A01";"3";"7";"0";"1";"1";"1";"1";""
"202400004853";"155 773 286";"A01";"2";"30";"14";"0";"0";"0";"1";""
"202400004854";"155 773 284";"A01";"2";"7";"4";"0";"0";"0";"1";""
"202400004855";"155 773 285";"A01";"1";"7";"8";"0";"1";"1";"1";""
"202400004856";"155 773 283";"A01";"2";"31";"4";"0";"0";"1";"1";""
"202400004857";"155 773 281";"A01";"1";"7";"0";"2";"1";"2";"1";""
"202400004857";"155 773 282";"B01";"1";"7";"0";"2";"4";"2";"1";""
"202400004858";"155 773 277";"A01";"1";"7";"0";"2";"1";"15";"1";""
"202400004858";"155 773 278";"Y01";"2";"1";"0";"2";"8";"19";"5";""
"202400004859";"155 773 276";"B01";"2";"7";"0";"2";"1";"1";"2";""
"202400004859";"155 773 279";"C01";"2";"7";"0";"2";"3";"1";"1";""
"202400004859";"155 773 280";"A01";"1";"7";"16";"2";"3";"13";"1";""
"202400004860";"155 773 272";"A01";"1";"7";"4";"0";"1";"1";"1";""
"202400004860";"155 773 274";"B01";"1";"17";"0";"2";"8";"0";"1";""
"202400004861";"155 773 271";"B01";"3";"7";"0";"2";"4";"23";"1";""
"202400004861";"155 773 273";"D01";"3";"7";"0";"2";"4";"23";"1";""
"202400004861";"155 773 275";"A01";"3";"7";"0";"2";"1";"1";"1";""
"202400004862";"155 773 269";"A01";"1";"7";"0";"2";"2";"14";"0";""
"202400004862";"155 773 270";"B01";"1";"17";"0";"2";"3";"1";"0";""
"202400004863";"155 773 267";"A01";"3";"30";"0";"2";"0";"5";"1";""
"202400004863";"155 773 268";"B01";"3";"10";"0";"2";"1";"1";"1";""
"202400004864";"155 773 266";"A01";"2";"7";"3";"0";"7";"1";"0";""
"202400004865";"155 773 263";"A01";"1";"50";"0";"2";"1";"25";"3";""
"202400004865";"155 773 265";"B01";"3";"10";"0";"2";"2";"16";"1";""
"202400004866";"155 773 262";"A01";"2";"15";"0";"2";"8";"1";"1";""
"202400004866";"155 773 264";"B01";"2";"7";"0";"2";"1";"1";"1";""
"202400004867";"155 773 260";"A01";"1";"7";"0";"2";"2";"15";"1";""
"202400004867";"155 773 261";"B01";"1";"33";"0";"2";"1";"1";"1";""
"202400004868";"155 773 256";"A01";"2";"10";"0";"2";"4";"11";"1";""
"202400004868";"155 773 257";"B01";"2";"31";"0";"2";"1";"3";"1";""
"202400004869";"155 773 255";"A01";"1";"7";"3";"0";"7";"1";"1";""
"202400004870";"155 773 254";"A01";"1";"31";"0";"1";"7";"1";"0";""
"202400004871";"155 773 251";"A01";"1";"7";"0";"1";"2";"1";"1";""
"202400004872";"155 773 250";"A01";"1";"7";"0";"2";"1";"1";"1";""
"202400004872";"155 773 252";"B01";"1";"7";"0";"2";"4";"1";"1";""
"202400004872";"155 773 253";"C01";"1";"7";"0";"2";"4";"1";"1";""
"202400004873";"155 773 248";"A01";"2";"31";"0";"2";"1";"17";"1";""
"202400004873";"155 773 249";"B01";"1";"10";"0";"2";"8";"1";"1";""
"202400004874";"155 773 245";"A01";"2";"2";"0";"0";"3";"2";"1";""
"202400004875";"155 773 246";"A01";"0";"7";"0";"2";"1";"1";"1";""
"202400004875";"155 773 247";"B01";"0";"7";"0";"2";"3";"1";"1";""
"202400004876";"155 773 244";"A01";"2";"33";"13";"0";"3";"1";"1";""
"202400004877";"155 773 242";"A01";"1";"7";"0";"2";"1";"1";"1";""
"202400004877";"155 773 243";"B01";"2";"7";"0";"2";"1";"1";"1";""
"202400004878";"155 773 240";"A01";"1";"7";"0";"2";"2";"0";"1";""
"202400004878";"155 773 241";"B01";"1";"7";"0";"2";"6";"2";"1";""
"202400004879";"155 773 238";"A01";"2";"33";"0";"2";"2";"1";"1";""
"202400004879";"155 773 239";"B01";"2";"7";"0";"2";"1";"9";"1";""
"202400004880";"155 773 237";"A01";"1";"7";"3";"0";"1";"26";"1";""
"202400004881";"155 773 234";"A01";"1";"7";"0";"2";"2";"1";"1";""
"202400004881";"155 773 236";"B01";"3";"7";"0";"2";"1";"26";"1";""
"202400004882";"155 773 233";"A01";"1";"7";"0";"2";"3";"11";"1";""
"202400004882";"155 773 235";"B01";"1";"33";"0";"2";"1";"1";"1";""
"202400004883";"155 773 230";"A01";"1";"7";"0";"2";"0";"0";"1";""
"202400004883";"155 773 231";"B01";"1";"1";"0";"2";"0";"0";"5";""
"202400004884";"155 773 229";"A01";"1";"7";"0";"2";"5";"9";"0";""
"202400004884";"155 773 232";"B01";"0";"7";"0";"2";"1";"1";"0";""
"202400004885";"155 773 227";"A01";"1";"7";"0";"2";"2";"1";"1";""
"202400004885";"155 773 228";"B01";"1";"1";"0";"2";"5";"19";"5";""
"202400004886";"155 773 226";"A01";"2";"7";"0";"1";"4";"20";"1";""
"202400004887";"155 773 225";"A01";"1";"7";"13";"0";"0";"0";"1";""
"202400004888";"155 773 223";"A01";"2";"7";"4";"0";"1";"1";"1";""
"202400004889";"155 773 222";"A01";"1";"7";"1";"2";"2";"1";"1";""
"202400004889";"155 773 224";"B01";"1";"7";"0";"2";"1";"15";"1";""
"202400004890";"155 773 221";"A01";"1";"7";"0";"0";"0";"0";"1";""
"202400004891";"155 773 219";"A01";"2";"10";"0";"2";"8";"15";"1";""
"202400004891";"155 773 220";"B01";"2";"7";"0";"2";"2";"17";"1";""
"202400004892";"155 773 218";"A01";"2";"7";"6";"0";"1";"1";"1";""
"202400004893";"155 773 217";"Z01";"1";"10";"0";"1";"1";"1";"1";""
"202400004894";"155 773 216";"A01";"1";"1";"0";"0";"0";"21";"5";""
"202400004895";"155 773 215";"A01";"1";"40";"0";"1";"7";"1";"3";""
"202400004896";"155 773 213";"B01";"2";"1";"0";"2";"0";"1";"5";""
"202400004896";"155 773 214";"A01";"1";"7";"0";"2";"2";"15";"1";""
"202400004897";"155 773 211";"A01";"1";"60";"1";"0";"0";"0";"5";""
"202400004898";"155 773 210";"B01";"3";"7";"0";"0";"4";"1";"1";""
"202400004898";"155 773 212";"A01";"3";"7";"0";"2";"1";"2";"1";""
"202400004899";"155 773 208";"A01";"1";"7";"0";"2";"7";"17";"1";""
"202400004899";"155 773 209";"B01";"1";"33";"0";"2";"8";"2";"1";""
"202400004900";"155 773 206";"A01";"2";"60";"0";"0";"0";"0";"5";""
"202400004901";"155 773 205";"B01";"2";"7";"0";"2";"1";"1";"1";""
"202400004901";"155 773 207";"A01";"1";"7";"0";"2";"1";"15";"1";""
"202400004902";"155 773 202";"A01";"2";"7";"0";"1";"1";"1";"1";""
"202400004903";"155 773 203";"B01";"1";"1";"0";"2";"0";"1";"5";""
"202400004903";"155 773 204";"A01";"1";"7";"0";"2";"0";"16";"1";""
"202400004904";"155 773 199";"A01";"2";"7";"0";"2";"1";"9";"1";""
"202400004904";"155 773 201";"B01";"1";"1";"0";"2";"7";"1";"5";""
"202400004905";"155 773 200";"A01";"3";"7";"0";"0";"9";"1";"1";""
"202400004906";"155 773 196";"A01";"1";"7";"0";"2";"1";"5";"0";""
"202400004906";"155 773 198";"B01";"2";"7";"0";"2";"1";"1";"0";""
"202400004907";"155 773 195";"A01";"1";"7";"0";"2";"1";"1";"1";""
"202400004907";"155 773 197";"B01";"1";"7";"9";"0";"1";"2";"1";""
"202400004908";"155 773 194";"A01";"2";"7";"13";"0";"9";"1";"2";""
"202400004909";"155 773 193";"A01";"1";"7";"0";"1";"3";"1";"1";""
"202400004910";"155 773 191";"A01";"3";"7";"0";"0";"7";"1";"2";""
"202400004910";"155 773 192";"B01";"3";"31";"0";"2";"1";"9";"0";""
"202400004911";"155 773 190";"A01";"1";"10";"0";"1";"0";"26";"1";""
"202400004912";"155 773 187";"A01";"1";"7";"0";"0";"6";"15";"1";""
"202400004912";"155 773 189";"B01";"1";"34";"0";"2";"1";"17";"1";""
"202400004913";"155 773 186";"A01";"3";"7";"0";"2";"3";"19";"1";""
"202400004913";"155 773 188";"B01";"3";"37";"0";"2";"2";"1";"1";"1"
"202400004914";"155 773 184";"A01";"3";"7";"0";"1";"4";"26";"1";""
"202400004914";"155 773 185";"B01";"3";"7";"0";"2";"3";"26";"1";""
"202400004915";"155 773 182";"B01";"3";"7";"0";"2";"4";"2";"1";""
"202400004915";"155 773 183";"A01";"3";"2";"0";"2";"1";"2";"1";""
"202400004916";"155 773 181";"A01";"1";"7";"8";"0";"1";"2";"1";""
"202400004917";"155 773 179";"A01";"2";"7";"0";"1";"3";"19";"1";""
"202400004918";"155 773 177";"A01";"2";"21";"0";"2";"6";"1";"0";""
"202400004918";"155 773 178";"B01";"2";"7";"0";"2";"3";"17";"1";""
"202400004918";"155 773 180";"C01";"1";"7";"0";"2";"0";"0";"1";""
"202400004919";"155 773 176";"A01";"0";"38";"0";"1";"8";"26";"1";"1"
"202400004920";"155 773 173";"C01";"3";"7";"0";"2";"4";"1";"3";""
"202400004920";"155 773 174";"B01";"3";"7";"0";"2";"4";"1";"1";""
"202400004920";"155 773 175";"A01";"3";"7";"0";"2";"1";"1";"1";""
"202400004921";"155 773 172";"A01";"2";"7";"0";"0";"0";"1";"1";""
"202400004922";"155 773 171";"A01";"1";"1";"0";"2";"0";"1";"5";""
"202400004923";"155 773 169";"A01";"1";"7";"0";"2";"3";"2";"1";""
"202400004923";"155 773 170";"B01";"2";"7";"0";"2";"3";"5";"1";""
"202400004924";"155 773 167";"B01";"1";"2";"0";"2";"1";"1";"1";""
"202400004924";"155 773 168";"A01";"1";"7";"0";"2";"1";"17";"1";""
"202400004925";"155 773 166";"A01";"1";"15";"0";"1";"2";"16";"1";""