"Num_Acc";"id_vehicule";"num_veh";"senc";"catv";"obs";"obsm";"choc";"manv";"motor";"occutc"
"202400005134";"155 772 798";"A01";"0";"32";"0";"2";"1";"13";" -1";""
"202400005134";"155 772 799";"B01";"0";"7";"0";"2";"6";"1";" -1";""
"202400005135";"155 772 797";"A01";"1";"0";"0";"1";"2";"17";"0";""
"202400005136";"155 772 793";"A01";"1";"7";"0";"2";"3";"15";"1";""
"202400005136";"155 772 795";"B01";"2";"7";"0";"2";"6";"1";"1";""
"202400005137";"155 772 792";"B01";"2";"3";"0";"2";"8";"9";"0";""
"202400005137";"155 772 794";"A01";"2";"3";"0";"2";"1";"19";"0";""
"202400005138";"155 772 791";"A01";"3";"7";"1";"0";"2";"1";"1";""
"202400005139";"155 772 788";"A01";"1";"10";"8";"0";"9";"0";"0";""
"202400005140";"155 772 787";"A01";"3";"30";"0";"2";"1";"26";"1";""
"202400005140";"155 772 789";"B01";"3";"7";"0";"2";"2";"1";"1";""
"202400005141";"155 772 782";"A01";"3";"7";"0";"2";"3";"17";"1";""
"202400005141";"155 772 784";"B01";"3";"7";"0";"2";"3";"1";"1";""
"202400005142";"155 772 781";"A01";"2";"7";"0";"2";"1";"2";"1";""
"202400005142";"155 772 783";"B01";"2";"7";"0";"2";"4";"1";"1";""
"202400005143";"155 772 780";"A01";"0";"13";"0";"1";"1";"16";"1";""
"202400005144";"155 772 778";"B01";"1";"1";"0";"2";"4";"2";"5";""
"202400005144";"155 772 779";"A01";"1";"7";"0";"9";"2";"2";"1";""
"202400005145";"155 772 776";"A01";"1";"7";"0";"2";"7";"2";"1";""
"202400005145";"155 772 777";"B01";"1";"1";"0";"2";"8";"2";"5";""
"202400005146";"155 772 774";"A01";"1";"33";"0";"2";"1";"2";"1";""
"202400005147";"155 772 773";"A01";"0";"7";"0";"2";"1";"19";"1";""
"202400005147";"155 772 775";"B01";"0";"7";"0";"2";"1";"0";"1";""
"202400005148";"155 772 770";"A01";"2";"31";"0";"2";"4";"3";"1";""
"202400005148";"155 772 771";"B01";"2";"7";"0";"2";"6";"1";"1";""
"202400005148";"155 772 772";"Z01";"2";"31";"0";"2";"1";"3";"1";""
"202400005149";"155 772 767";"A01";"2";"10";"0";"2";"1";"2";"1";""
"202400005149";"155 772 769";"B01";"2";"7";"0";"2";"4";"2";"2";""
"202400005150";"155 772 766";"A01";"1";"15";"0";"2";"1";"1";"1";""
"202400005150";"155 772 768";"B01";"1";"7";"0";"0";"4";"1";"1";""
"202400005151";"155 772 764";"A01";"2";"15";"0";"2";"7";"12";"1";""
"202400005151";"155 772 765";"B01";"2";"31";"0";"2";"8";"1";"1";""
"202400005152";"155 772 760";"A01";"3";"7";"0";"2";"5";"5";"3";""
"202400005152";"155 772 762";"B01";"3";"1";"0";"2";"7";"1";"5";""
"202400005153";"155 772 761";"A01";"2";"7";"1";"0";"2";"1";"1";""
"202400005154";"155 772 758";"A01";"0";"10";"0";"2";"1";"1";"1";""
"202400005154";"155 772 759";"B01";"0";"50";"0";"2";"7";"1";"3";""
"202400005155";"155 772 757";"A01";"3";"10";"0";"1";"2";"26";"3";""
"202400005156";"155 772 756";"A01";"1";"10";"0";"1";"1";"16";"1";""
"202400005157";"155 772 754";"A01";"0";"10";"0";"1";"1";"15";"1";""
"202400005158";"155 772 752";"A01";"1";"15";"0";"2";"1";"15";"1";""
"202400005158";"155 772 753";"B01";"1";"30";"0";"2";"7";"15";"1";""
"202400005159";"155 772 749";"A01";"2";"7";"0";"2";"2";"1";"2";""
"202400005159";"155 772 750";"B01";"1";"32";"0";"2";"3";"1";"1";""
"202400005160";"155 772 751";"A01";"1";"7";"0";"1";"1";"1";"1";""
"202400005161";"155 772 747";"A01";"2";"7";"0";"1";"1";"9";"3";""
"202400005162";"155 772 744";"A01";"1";"13";"0";"2";"1";"2";"6";""
"202400005162";"155 772 745";"B01";"1";"7";"0";"2";"4";"23";"2";""
"202400005162";"155 772 746";"D01";"1";"7";"0";"2";"1";"23";"1";""
"202400005162";"155 772 748";"C01";"1";"7";"0";"2";"1";"23";"1";""
"202400005163";"155 772 743";"A01";"2";"7";"0";"1";"1";"2";"1";""
"202400005164";"155 772 742";"A01";"2";"33";"0";"1";"2";"3";"1";""
"202400005165";"155 772 740";"Z01";"2";"1";"0";"1";"1";"1";"5";""
"202400005166";"155 772 741";"A01";"2";"21";"0";"1";"1";"2";"1";""
"202400005167";"155 772 738";"A01";"2";"7";"0";"2";"3";"1";"2";""
"202400005168";"155 772 739";"A01";"2";"1";"12";"0";"1";"25";"5";""
"202400005169";"155 772 737";"A01";"2";"30";"0";"1";"1";"1";"3";""
"202400005170";"155 772 734";"B01";"2";"7";"0";"2";"1";"1";"1";""
"202400005170";"155 772 735";"A01";"2";"10";"0";"2";"3";"0";"1";""
"202400005171";"155 772 736";"A01";"2";"80";"12";"0";"2";"14";"3";""
"202400005172";"155 772 732";"B01";"1";"50";"0";"2";"1";"2";"3";""
"202400005172";"155 772 733";"A01";"1";"7";"0";"2";"6";"20";"1";""
"202400005173";"155 772 731";"A01";"0";"7";"0";"1";"1";"1";"1";""
"202400005174";"155 772 729";"A01";"1";"43";"0";"2";"1";"1";"1";""
"202400005174";"155 772 730";"B01";"1";"7";"0";"2";"4";"1";"1";""
"202400005175";"155 772 728";"A01";"0";"7";"0";"1";"4";"4";"1";""
"202400005176";"155 772 727";"A01";"3";"7";"0";"1";"1";"2";"1";""
"202400005177";"155 772 725";"A01";"3";"7";"0";"2";"1";"13";"1";""
"202400005177";"155 772 726";"B01";"3";"7";"0";"2";"3";"1";"1";""
"202400005178";"155 772 723";"A01";"3";"7";"0";"2";"1";"15";"1";""
"202400005178";"155 772 724";"B01";"3";"7";"0";"2";"3";"1";"1";""
"202400005179";"155 772 721";"B01";"1";"7";"0";"2";"3";"0";"3";""
"202400005179";"155 772 722";"A01";"1";"43";"0";"2";"1";"1";"1";""
"202400005180";"155 772 719";"A01";"0";"7";"0";"1";"3";"1";"1";""
"202400005181";"155 772 718";"A01";"2";"7";"0";"2";"8";"1";"1";""
"202400005181";"155 772 720";"B01";"2";"30";"0";"2";"1";"9";"1";""
"202400005182";"155 772 717";"A01";"1";"32";"14";"1";"1";"17";"1";""
"202400005183";"155 772 716";"A01";"1";"7";"9";"0";"1";"13";"1";""
"202400005184";"155 772 715";"A01";"3";"7";"13";"0";"1";"14";"1";""
"202400005185";"155 772 713";"B01";"3";"10";"0";"2";"2";"9";"1";""
"202400005185";"155 772 714";"A01";"3";"7";"0";"2";"3";"9";"2";""
"202400005186";"155 772 711";"B01";"1";"50";"0";"2";"1";"5";"3";""
"202400005186";"155 772 712";"A01";"1";"10";"0";"0";"8";"2";"1";""
"202400005187";"155 772 708";"Z01";"1";"7";"0";"1";"1";"1";"0";""
"202400005188";"155 772 707";"C01";"0";"7";"0";"2";"1";"1";"1";""
"202400005188";"155 772 709";"A01";"0";"10";"0";"2";"1";"1";"1";""
"202400005188";"155 772 710";"B01";"0";"7";"0";"2";"3";"1";"1";""
"202400005189";"155 772 705";"A01";"1";"31";"0";"2";"3";"18";"1";""
"202400005189";"155 772 706";"B01";"2";"10";"1";"0";"2";"15";"1";""
"202400005190";"155 772 703";"B01";"1";"7";"0";"2";"1";"1";"1";""
"202400005190";"155 772 704";"A01";"2";"1";"0";"2";"2";"1";"5";""
"202400005191";"155 772 701";"A01";"1";"33";"0";"2";"1";"1";"1";""
"202400005191";"155 772 702";"B01";"2";"7";"0";"2";"7";"17";"1";""
"202400005192";"155 772 699";"A01";"2";"7";"0";"2";"3";"5";"1";""
"202400005192";"155 772 700";"B01";"1";"7";"0";"2";"1";"1";"1";""
"202400005193";"155 772 695";"B01";"3";"80";"0";"2";"1";"16";"3";""
"202400005193";"155 772 698";"A01";"3";"7";"0";"2";"3";"15";"1";""
"202400005194";"155 772 693";"D01";"2";"7";"0";"0";"0";"2";"1";""
"202400005194";"155 772 694";"A01";"2";"7";"0";"2";"1";"2";"1";""
"202400005194";"155 772 696";"B01";"2";"7";"14";"2";"4";"23";"1";""
"202400005194";"155 772 697";"C01";"2";"7";"1";"2";"1";"2";"1";""
"202400005195";"155 772 691";"B01";"3";"7";"0";"2";"2";"1";"1";""
"202400005195";"155 772 692";"A01";"3";"1";"0";"2";"2";"19";"5";""
"202400005196";"155 772 689";"A01";"2";"7";"0";"2";"1";"13";"1";""
"202400005196";"155 772 690";"B01";"1";"15";"13";"2";"1";"1";"1";""
"202400005197";"155 772 683";"B01";"1";"10";"0";"2";"1";"1";"1";""
"202400005197";"155 772 685";"A01";"2";"7";"0";"2";"2";"1";"1";""
"202400005198";"155 772 684";"B01";"2";"7";"0";"2";"1";"1";"1";""
"202400005198";"155 772 686";"A01";"1";"7";"0";"2";"8";"19";"1";""
"202400005199";"155 772 682";"A01";"3";"7";"0";"1";"8";"1";"1";""
"202400005200";"155 772 680";"A01";"2";"31";"0";"2";"2";"15";"1";""
"202400005200";"155 772 681";"B01";"2";"10";"0";"2";"3";"26";"1";""
"202400005201";"155 772 679";"A01";"1";"3";"0";"1";"1";"12";"3";""
"202400005202";"155 772 678";"A01";"1";"7";"2";"0";"1";"13";"1";""
"202400005203";"155 772 675";"A01";"1";"38";"13";"0";"1";"13";"1";"1"
"202400005204";"155 772 676";"B01";"1";"7";"0";"2";"7";"1";"1";""
"202400005204";"155 772 677";"A01";"1";"1";"0";"2";"1";"1";"5";""
"202400005205";"155 772 672";"A01";"0";"7";"0";"2";"1";"13";"1";""
"202400005205";"155 772 674";"B01";"0";"7";"0";"2";"3";"1";"1";""
"202400005206";"155 772 670";"C01";"2";"7";"0";"2";"4";"1";"1";""
"202400005206";"155 772 671";"A01";"2";"7";"0";"2";"1";"1";"1";""
"202400005206";"155 772 673";"B01";"2";"7";"0";"2";"4";"1";"1";""
"202400005207";"155 772 666";"A01";"2";"7";"0";"2";"1";"0";"1";""
"202400005207";"155 772 667";"B01";"2";"33";"0";"2";"3";"1";"0";""
"202400005208";"155 772 664";"A01";"1";"7";"0";"9";"8";"10";"1";""
"202400005208";"155 772 665";"B01";"1";"33";"0";"2";"1";"17";"1";""
"202400005209";"155 772 662";"A01";"2";"7";"0";"2";"1";"2";"1";""
"202400005209";"155 772 663";"B01";"2";"7";"0";"2";"4";"23";"1";""
"202400005210";"155 772 660";"A01";"3";"7";"15";"0";"9";"1";"1";""
"202400005211";"155 772 659";"A01";"1";"7";"0";"2";"1";"13";"1";""
"202400005211";"155 772 661";"B01";"2";"99";"0";"2";"1";"1";"1";""
"202400005212";"155 772 657";"A01";"1";"7";"0";"1";"4";"26";"0";""
"202400005213";"155 772 656";"B01";"2";"7";"0";"2";"7";"1";"1";""
"202400005213";"155 772 658";"A01";"1";"7";"0";"2";"2";"15";"1";""
"202400005214";"155 772 652";"A01";"2";"7";"7";"2";"2";"15";"3";""
"202400005214";"155 772 653";"B01";"1";"7";"0";"2";"1";"1";"1";""
"202400005215";"155 772 650";"A01";"1";"7";"0";"2";"1";"1";"1";""
"202400005215";"155 772 651";"B01";"1";"7";"0";"2";"4";"1";"1";""
"202400005216";"155 772 648";"A01";"2";"7";"0";"2";"2";"2";"1";""
"202400005216";"155 772 649";"B01";"2";"17";"0";"2";"6";"2";"1";""
"202400005217";"155 772 644";"A01";"1";"7";"0";"2";"3";"13";"1";""
"202400005217";"155 772 645";"B01";"2";"10";"0";"2";"1";"1";"1";""
"202400005218";"155 772 643";"C01";"1";"7";"0";"2";"4";"2";"1";""
"202400005218";"155 772 646";"B01";"1";"7";"0";"2";"1";"2";"1";""
"202400005218";"155 772 647";"A01";"1";"10";"0";"2";"1";"9";"1";""
"202400005219";"155 772 641";"A01";"0";"1";"0";"0";"4";"26";"5";""
"202400005220";"155 772 637";"B01";"3";"30";"0";"0";"4";"2";"1";""
"202400005220";"155 772 639";"A01";"3";"30";"0";"0";"1";"2";"1";""
"202400005221";"155 772 635";"A01";"0";"7";"0";"1";"3";"19";"1";""
"202400005222";"155 772 634";"A01";"1";"7";"0";"0";"8";"0";"1";""
"202400005222";"155 772 636";"B01";"1";"2";"0";"2";"1";"0";"1";""
"202400005223";"155 772 630";"A01";"0";"7";"0";"2";"3";"16";"2";""
"202400005223";"155 772 633";"B01";"0";"7";"0";"2";"6";"1";"1";""
"202400005224";"155 772 631";"B01";"2";"21";"0";"2";"8";"15";"1";""
"202400005224";"155 772 632";"A01";"1";"33";"0";"2";"3";"13";"1";""
"202400005225";"155 772 627";"A01";"3";"7";"0";"9";"2";"1";"1";""
"202400005225";"155 772 629";"B01";"3";"60";"0";"2";"1";"26";"5";""
"202400005226";"155 772 626";"A01";"2";"1";"0";"2";"4";"2";"5";""
"202400005226";"155 772 628";"B01";"2";"10";"0";"9";"2";"2";"1";""
"202400005227";"155 772 624";"A01";"1";"50";"0";"0";"0";"1";"3";""
"202400005228";"155 772 623";"B01";"1";"2";"0";"2";"0";"1";"1";""
"202400005228";"155 772 625";"A01";"2";"7";"0";"2";"1";"11";"1";""
"202400005229";"155 772 620";"B01";"2";"7";"0";"2";"1";"9";"1";""
"202400005229";"155 772 622";"A01";"1";"31";"0";"2";"1";"0";"1";""
"202400005230";"155 772 619";"B01";"1";"33";"0";"2";"7";"21";"1";""
"202400005230";"155 772 621";"A01";"2";"7";"0";"2";"1";"19";"1";""
"202400005231";"155 772 618";"A01";"2";"10";"0";"1";"3";"1";"1";""
"202400005232";"155 772 616";"A01";"2";"1";"1";"2";"7";"1";"5";""
"202400005232";"155 772 617";"B01";"3";"10";"0";"2";"8";"24";"1";""
"202400005233";"155 772 614";"B01";"1";"30";"0";"2";"1";"14";"1";""
"202400005233";"155 772 615";"A01";"2";"7";"0";"2";"2";"9";"1";""
"202400005234";"155 772 613";"A01";"3";"33";"16";"0";"1";"1";"1";""
"202400005235";"155 772 612";"A01";"1";"33";"13";"0";"1";"1";"1";""
"202400005236";"155 772 611";"A01";"1";"7";"0";"1";"3";"15";"2";""
"202400005237";"155 772 610";"A01";"1";"7";"0";"1";"1";"1";"1";""
"202400005238";"155 772 608";"A01";"3";"80";"0";"2";"8";"1";"3";""
"202400005238";"155 772 609";"B01";"3";"32";"0";"2";"1";"1";"3";""
"202400005239";"155 772 607";"A01";"2";"33";"0";"0";"7";"1";"1";""
"202400005240";"155 772 606";"A01";"3";"1";"0";"0";"0";"1";"5";""
"202400005241";"155 772 605";"A01";"3";"2";"0";"0";"0";"0";"1";""
"202400005242";"155 772 603";"A01";"2";"7";"0";"2";"3";"10";"1";""
"202400005242";"155 772 604";"B01";"2";"33";"0";"2";"7";"1";"1";""
"202400005243";"155 772 602";"A01";"1";"1";"0";"0";"9";"1";"5";""
"202400005244";"155 772 600";"A01";"1";"7";"0";"1";"3";"14";"1";""
"202400005245";"155 772 599";"B01";"1";"50";"0";"2";"7";"1";"3";""
"202400005245";"155 772 601";"A01";"1";"7";"0";"9";"1";"19";"1";""
"202400005246";"155 772 596";"A01";"1";"7";"0";"2";"1";"26";"1";""
"202400005246";"155 772 598";"B01";"2";"50";"0";"2";"7";"25";"3";""
"202400005247";"155 772 594";"A01";"2";"10";"0";"0";"4";"2";"1";""
"202400005247";"155 772 595";"B01";"2";"7";"0";"2";"1";"2";"1";""
"202400005247";"155 772 597";"C01";"2";"7";"0";"2";"1";"2";"1";""
"202400005248";"155 772 592";"A01";"1";"7";"0";"1";"1";"15";"1";""
"202400005249";"155 772 591";"A01";"2";"7";"0";"2";"7";"1";"1";""
"202400005249";"155 772 593";"B01";"2";"7";"0";"0";"1";"9";"1";""
"202400005250";"155 772 588";"A01";"1";"15";"0";"2";"7";"14";"1";""
"202400005250";"155 772 590";"B01";"1";"1";"0";"2";"8";"1";"5";""
"202400005251";"155 772 587";"B01";"1";"10";"0";"2";"1";"9";"1";""
"202400005251";"155 772 589";"A01";"1";"7";"15";"0";"3";"1";"1";""
"202400005252";"155 772 586";"A01";"2";"33";"9";"0";"1";"1";"1";""
"202400005253";"155 772 585";"A01";"1";"2";"11";"0";"1";"6";"1";""
"202400005254";"155 772 582";"A01";"2";"7";"2";"0";"1";"1";"1";""
"202400005255";"155 772 583";"A01";"3";"7";"0";"0";"8";"19";"1";""
"202400005255";"155 772 584";"B01";"3";"7";"0";"2";"1";"1";"1";""
"202400005256";"155 772 580";"A01";"3";"15";"1";"2";"1";"14";"1";""
"202400005256";"155 772 581";"B01";"0";"17";"0";"2";"4";"24";"1";""
"202400005257";"155 772 579";"A01";"2";"7";"0";"1";"3";"1";"1";""
"202400005258";"155 772 576";"A01";"1";"7";"0";"2";"8";"9";"1";""
"202400005258";"155 772 578";"B01";"2";"31";"0";"2";"1";"1";"1";""
"202400005259";"155 772 575";"A01";"2";"7";"0";"2";"1";"1";"1";""
"202400005259";"155 772 577";"B01";"1";"7";"0";"2";"1";"1";"1";""
"202400005260";"155 772 572";"A01";"1";"10";"0";"2";"2";"15";"1";""
"202400005260";"155 772 574";"B01";"1";"2";"0";"2";"8";"1";"1";""
"202400005261";"155 772 571";"A01";"2";"31";"0";"2";"2";"1";"1";""
"202400005261";"155 772 573";"B01";"2";"7";"0";"2";"6";"9";"1";""
"202400005262";"155 772 569";"A01";"2";"7";"13";"0";"1";"0";"1";""
"202400005263";"155 772 568";"B01";"1";"7";"0";"0";"1";"1";"1";""
"202400005263";"155 772 570";"A01";"2";"7";"0";"2";"1";"13";"0";""
"202400005264";"155 772 565";"A01";"3";"7";"0";"1";"3";"20";"1";""
"202400005265";"155 772 566";"B01";"1";"7";"0";"2";"3";"9";"2";""
"202400005265";"155 772 567";"A01";"1";"2";"0";"2";"1";"1";"1";""
"202400005266";"155 772 562";"A01";"2";"7";"0";"2";"8";"1";"1";""
"202400005266";"155 772 564";"B01";"1";"21";"0";"2";"8";"1";"1";""
"202400005267";"155 772 561";"A01";"2";"7";"0";"2";"3";"19";"1";""
"202400005267";"155 772 563";"B01";"1";"33";"0";"2";"7";"1";"1";""
"202400005268";"155 772 560";"A01";"2";"7";"3";"0";"2";"0";"1";""
"202400005269";"155 772 558";"A01";"1";"21";"0";"2";"3";"15";"1";""
"202400005269";"155 772 559";"B01";"1";"33";"0";"2";"1";"17";"1";""
"202400005270";"155 772 556";"A01";"1";"7";"2";"0";"1";"6";"1";""
"202400005271";"155 772 555";"A01";"3";"7";"0";"2";"2";"0";"1";""
"202400005271";"155 772 557";"B01";"0";"50";"0";"2";"3";"19";"3";""
"202400005272";"155 772 551";"B01";"2";"7";"0";"2";"4";"1";"1";""
"202400005272";"155 772 553";"A01";"2";"7";"0";"2";"1";"2";"1";""
"202400005273";"155 772 550";"A01";"2";"10";"0";"2";"1";"2";"1";""
"202400005273";"155 772 552";"B01";"2";"7";"0";"2";"4";"2";"2";""
"202400005273";"155 772 554";"C01";"2";"7";"0";"2";"1";"1";"1";""
"202400005274";"155 772 547";"A01";"2";"7";"0";"2";"3";"5";"1";""
"202400005274";"155 772 548";"B01";"1";"15";"0";"2";"8";"1";"1";""
"202400005275";"155 772 540";"C01";"1";"7";"0";"2";"5";"0";"1";""
"202400005275";"155 772 541";"D01";"1";"7";"0";"0";"4";"0";"1";""
"202400005275";"155 772 543";"A01";"1";"10";"0";"2";"2";"0";"1";""
"202400005275";"155 772 545";"B01";"1";"7";"0";"2";"9";"0";"1";""
"202400005276";"155 772 537";"A01";"2";"7";"0";"2";"1";"19";"1";""
"202400005276";"155 772 539";"B01";"2";"2";"0";"2";"1";"1";"1";""
"202400005277";"155 772 536";"A01";"1";"10";"0";"9";"7";"2";"1";""
"202400005277";"155 772 538";"B01";"2";"1";"12";"2";"0";"1";"5";""
"202400005278";"155 772 534";"A01";"1";"33";"0";"0";"0";"2";"1";""
"202400005279";"155 772 535";"A01";"1";"2";"12";"0";"0";"16";"1";""
"202400005280";"155 772 531";"A01";"3";"7";"0";"2";"1";"13";"1";""
"202400005280";"155 772 533";"B01";"3";"7";"0";"2";"1";"1";"1";""
"202400005281";"155 772 530";"B01";"2";"7";"0";"2";"3";"1";"1";""
"202400005281";"155 772 532";"A01";"1";"20";"0";"2";"5";"26";"1";""
"202400005282";"155 772 527";"A01";"3";"7";"0";"2";"3";"15";"1";""
"202400005282";"155 772 529";"B01";"3";"33";"0";"2";"1";"17";"1";""
"202400005283";"155 772 526";"B01";"1";"7";"0";"0";"1";"1";"1";""
"202400005283";"155 772 528";"A01";"2";"7";"0";"0";"1";"0";"1";""
"202400005284";"155 772 523";"A01";"1";"7";"0";"2";"6";"19";"1";""
"202400005284";"155 772 524";"B01";"1";"3";"0";"2";"1";"1";"1";""
"202400005285";"155 772 522";"A01";"1";"7";"0";"2";"6";"1";"1";""
"202400005285";"155 772 525";"B01";"1";"14";"0";"0";"2";"2";"1";""
"202400005286";"155 772 520";"A01";"2";"7";"0";"2";"2";"15";"1";""
"202400005286";"155 772 521";"B01";"2";"7";"13";"2";"3";"1";"1";""
"202400005287";"155 772 519";"A01";"2";"7";"13";"0";"1";"1";"1";""
"202400005288";"155 772 516";"A01";"2";"7";"0";"2";"2";"2";"1";""
"202400005288";"155 772 517";"B01";"1";"2";"0";"0";"6";"15";"1";""
"202400005289";"155 772 515";"B01";"2";"1";"0";"2";"4";"2";"5";""
"202400005289";"155 772 518";"A01";"2";"7";"0";"2";"2";"2";"1";""
"202400005290";"155 772 512";"A01";"3";"31";"0";"2";"1";"1";"1";""
"202400005290";"155 772 514";"B01";"3";"1";"0";"2";"8";"15";"5";""
"202400005291";"155 772 511";"A01";"2";"7";"0";"9";"2";"19";"1";""
"202400005291";"155 772 513";"B01";"1";"33";"0";"2";"1";"21";"1";""
"202400005292";"155 772 509";"A01";"2";"7";"13";"0";"0";"2";"1";""
"202400005293";"155 772 508";"A01";"1";"7";"0";"2";"2";"2";"1";""
"202400005293";"155 772 510";"B01";"1";"7";"0";"0";"6";"1";"1";""
"202400005294";"155 772 505";"B01";"1";"7";"0";"2";"5";"15";"1";""
"202400005294";"155 772 506";"A01";"1";"7";"0";"2";"3";"1";"1";""
"202400005294";"155 772 507";"C01";"2";"7";"0";"2";"8";"1";"1";""
"202400005295";"155 772 503";"A01";"1";"2";"0";"2";"1";"3";"1";""
"202400005295";"155 772 504";"B01";"2";"0";"0";"2";"1";"3";"1";""
"202400005296";"155 772 502";"A01";"1";"33";"15";"0";"8";"1";"1";""
"202400005297";"155 772 500";"A01";"0";"7";"5";"2";"3";"13";"1";""
"202400005297";"155 772 501";"B01";"0";"13";"0";"2";"3";"1";"1";""
"202400005298";"155 772 499";"A01";"2";"7";"3";"0";"3";"1";"1";""
"202400005299";"155 772 497";"A01";"1";"7";"0";"1";"3";"1";"1";""
"202400005300";"155 772 495";"C01";"1";"33";"14";"2";"7";"17";"1";""
"202400005300";"155 772 496";"A01";"1";"10";"0";"2";"3";"1";"1";""
"202400005300";"155 772 498";"B01";"1";"3";"14";"2";"4";"12";"1";""
"202400005301";"155 772 493";"A01";"2";"7";"0";"2";"3";"1";"1";""
"202400005301";"155 772 494";"B01";"1";"7";"0";"2";"3";"1";"1";""
"202400005302";"155 772 491";"A01";"1";"7";"0";"2";"3";"1";"1";""
"202400005302";"155 772 492";"B01";"1";"2";"0";"2";"3";"13";"1";""
"202400005303";"155 772 489";"B01";"0";"1";"0";"2";"1";"13";"5";""
"202400005303";"155 772 490";"A01";"0";"7";"0";"9";"1";"1";"1";""
"202400005304";"155 772 488";"A01";"2";"7";"2";"0";"1";"1";"1";""
"202400005305";"155 772 485";"A01";"2";"33";"0";"2";"1";"1";"1";""
"202400005305";"155 772 487";"B01";"2";"7";"0";"2";"8";"15";"1";""
"202400005306";"155 772 483";"A01";"2";"2";"0";"0";"1";"14";"1";""
"202400005307";"155 772 482";"A01";"1";"7";"0";"2";"1";"2";"1";""
"202400005307";"155 772 484";"B01";"1";"7";"0";"2";"4";"2";"2";""
"202400005307";"155 772 486";"C01";"1";"7";"0";"0";"4";"2";"1";""
"202400005308";"155 772 480";"A01";"1";"33";"11";"0";"1";"17";"1";""
"202400005309";"155 772 479";"B01";"1";"33";"0";"2";"3";"1";"1";""
"202400005309";"155 772 481";"A01";"2";"7";"0";"2";"1";"15";"1";""
"202400005310";"155 772 478";"A01";"2";"7";"14";"0";"9";"17";"1";""
"202400005311";"155 772 476";"A01";"1";"7";"0";"2";"2";"9";"3";""
"202400005311";"155 772 477";"B01";"1";"33";"0";"2";"1";"1";"1";""
"202400005312";"155 772 474";"A01";"1";"2";"6";"0";"1";"14";"1";""
"202400005312";"155 772 475";"B01";"2";"7";"0";"0";"0";"1";"1";""
"202400005313";"155 772 470";"A01";"1";"1";"0";"2";"4";"0";"5";""
"202400005313";"155 772 472";"B01";"1";"30";"0";"2";"1";"0";"0";""
"202400005314";"155 772 469";"C01";"1";"7";"0";"2";"1";"1";"1";""
"202400005314";"155 772 471";"A01";"2";"7";"0";"2";"1";"5";"3";""
"202400005314";"155 772 473";"B01";"2";"7";"0";"2";"8";"1";"3";""
"202400005315";"155 772 467";"A01";"1";"15";"0";"2";"1";"1";"1";""
"202400005315";"155 772 468";"B01";"1";"7";"0";"0";"8";"0";"1";""
"202400005316";"155 772 465";"B01";"0";"1";"0";"2";"0";"19";"5";""
"202400005316";"155 772 466";"A01";"3";"7";"0";"9";"1";"1";"1";""
"202400005317";"155 772 463";"B01";"0";"13";"0";"2";"1";"2";"1";""
"202400005317";"155 772 464";"A01";"0";"7";"0";"2";"1";"9";"1";""
"202400005318";"155 772 461";"A01";"2";"33";"0";"2";"1";"1";"1";""
"202400005319";"155 772 460";"B01";"1";"7";"0";"0";"7";"1";"2";""
"202400005319";"155 772 462";"A01";"3";"7";"0";"2";"1";"19";"1";""
"202400005320";"155 772 456";"A01";"1";"7";"0";"2";"1";"9";"1";""
"202400005320";"155 772 458";"B01";"1";"33";"0";"2";"7";"1";"1";""
"202400005321";"155 772 455";"B01";"1";"34";"0";"2";"1";"1";"1";""
"202400005321";"155 772 457";"A01";"3";"7";"0";"2";"8";"16";"1";""
"202400005322";"155 772 454";"A01";"2";"2";"12";"1";"1";"9";"1";""
"202400005323";"155 772 453";"A01";"2";"10";"0";"1";"2";"1";"3";""
"202400005324";"155 772 451";"A01";"3";"7";"13";"0";"1";"14";"3";""
"202400005325";"155 772 449";"A01";"2";"33";"13";"0";"1";"1";"1";""
"202400005326";"155 772 450";"A01";"3";"7";"0";"2";"2";"15";"2";""
"202400005326";"155 772 452";"B01";"3";"7";"0";"2";"3";"15";"1";""
"202400005327";"155 772 448";"A01";"2";"7";"6";"9";"3";"2";"1";""
"202400005328";"155 772 447";"A01";"1";"7";"13";"0";"2";"1";"1";""
"202400005329";"155 772 444";"A01";"3";"7";"0";"0";"8";"1";"2";""
"202400005329";"155 772 445";"B01";"3";"7";"0";"2";"3";"1";"1";""
"202400005330";"155 772 443";"A01";"1";"3";"3";"0";"1";"14";"1";""
"202400005331";"155 772 440";"B01";"3";"7";"0";"0";"3";"15";"3";""
"202400005331";"155 772 442";"A01";"1";"43";"0";"0";"1";"1";"1";""
"202400005332";"155 772 439";"A01";"1";"7";"0";"2";"1";"13";"1";""
"202400005332";"155 772 441";"B01";"2";"7";"0";"2";"1";"1";"1";""
"202400005333";"155 772 436";"A01";"2";"7";"0";"2";"2";"15";"1";""
"202400005333";"155 772 438";"B01";"1";"7";"0";"2";"1";"1";"1";""
"202400005334";"155 772 435";"B01";"2";"7";"0";"0";"3";"1";"0";""
"202400005334";"155 772 437";"A01";"1";"7";"0";"0";"3";"17";"1";""
"202400005335";"155 772 432";"B01";"2";"33";"0";"2";"1";"1";"1";""
"202400005335";"155 772 434";"A01";"1";"14";"0";"2";"3";"15";"1";""
"202400005336";"155 772 426";"A01";"2";"15";"0";"2";"8";"11";"1";""