"Num_Acc";"id_vehicule";"num_veh";"senc";"catv";"obs";"obsm";"choc";"manv";"motor";"occutc"
"202400005336";"155 772 428";"B01";"2";"33";"0";"2";"7";"1";"1";""
"202400005337";"155 772 425";"A01";"1";"7";"0";"2";"1";"2";"1";""
"202400005337";"155 772 427";"B01";"1";"7";"0";"2";"4";"26";"1";""
"202400005337";"155 772 429";"D01";"1";"7";"0";"2";"4";"26";"1";""
"202400005337";"155 772 430";"E01";"1";"7";"0";"0";"4";"26";"1";""
"202400005337";"155 772 431";"F01";"1";"15";"0";"0";"4";"26";"1";""
"202400005337";"155 772 433";"C01";"1";"7";"0";"2";"4";"26";"2";""
"202400005338";"155 772 424";"A01";"1";"7";"4";"0";"1";"0";"1";""
"202400005339";"155 772 420";"A01";"1";"7";"4";"2";"8";"21";"1";""
"202400005339";"155 772 422";"B01";"1";"7";"0";"2";"3";"13";"1";""
"202400005340";"155 772 419";"A01";"2";"43";"0";"2";"1";"17";"1";""
"202400005340";"155 772 421";"B01";"2";"7";"0";"2";"1";"1";"1";""
"202400005340";"155 772 423";"C01";"2";"7";"0";"2";"4";"23";"1";""
"202400005341";"155 772 417";"A01";"1";"7";"0";"2";"7";"12";"1";""
"202400005341";"155 772 418";"B01";"1";"33";"0";"2";"8";"1";"1";""
"202400005342";"155 772 414";"A01";"1";"7";"0";"2";"1";"5";"1";""
"202400005342";"155 772 416";"B01";"2";"7";"0";"2";"1";"1";"1";""
"202400005343";"155 772 413";"B01";"2";"17";"0";"2";"2";"1";"1";""
"202400005343";"155 772 415";"A01";"2";"7";"0";"2";"5";"9";"3";""
"202400005344";"155 772 410";"B01";"2";"33";"0";"2";"8";"2";"1";""
"202400005344";"155 772 412";"A01";"2";"7";"0";"2";"7";"12";"1";""
"202400005345";"155 772 409";"B01";"1";"7";"0";"2";"2";"2";"1";""
"202400005345";"155 772 411";"A01";"1";"7";"0";"2";"6";"26";"3";""
"202400005346";"155 772 406";"B01";"1";"7";"0";"2";"4";"2";"1";""
"202400005346";"155 772 408";"A01";"1";"7";"0";"2";"1";"2";"1";""
"202400005347";"155 772 404";"B01";"2";"10";"0";"2";"4";"2";"1";""
"202400005347";"155 772 405";"A01";"2";"10";"0";"0";"0";"0";"1";""
"202400005347";"155 772 407";"C01";"2";"7";"0";"2";"4";"2";"2";""
"202400005348";"155 772 401";"A01";"1";"33";"0";"0";"0";"13";"1";""
"202400005348";"155 772 402";"B01";"2";"7";"0";"0";"0";"0";"1";""
"202400005348";"155 772 403";"C01";"2";"7";"0";"0";"0";"0";"1";""
"202400005349";"155 772 399";"A01";"1";"7";"0";"2";"2";"3";"1";""
"202400005349";"155 772 400";"B01";"1";"43";"0";"2";"3";"3";"1";""
"202400005350";"155 772 398";"A01";"3";"7";"3";"0";"8";"21";"1";""
"202400005351";"155 772 394";"A01";"1";"7";"0";"2";"1";"2";"1";""
"202400005351";"155 772 396";"B01";"1";"10";"0";"2";"4";"2";"1";""
"202400005352";"155 772 393";"B01";"2";"7";"0";"2";"9";"1";"1";""
"202400005352";"155 772 395";"C01";"2";"7";"0";"2";"6";"1";"1";""
"202400005352";"155 772 397";"A01";"2";"7";"0";"2";"9";"1";"1";""
"202400005353";"155 772 391";"A01";"3";"30";"0";"2";"1";"2";"1";""
"202400005353";"155 772 392";"B01";"3";"7";"0";"2";"3";"15";"0";""
"202400005354";"155 772 390";"A01";"1";"7";"4";"0";"1";"0";"1";""
"202400005355";"155 772 389";"Z01";"2";"0";"0";"1";"1";"0";"0";""
"202400005356";"155 772 385";"B01";"1";"1";"0";"2";"1";"1";"5";""
"202400005356";"155 772 387";"A01";"1";"7";"0";"9";"3";"16";"1";""
"202400005357";"155 772 386";"A01";"2";"10";"0";"2";"1";"2";"1";""
"202400005357";"155 772 388";"B01";"2";"7";"0";"2";"4";"2";"1";""
"202400005358";"155 772 384";"A01";"1";"7";"0";"1";"3";"1";"2";""
"202400005359";"155 772 382";"A01";"1";"33";"0";"2";"1";"3";"1";""
"202400005359";"155 772 383";"B01";"1";"7";"0";"2";"6";"11";"1";""
"202400005360";"155 772 381";"A01";"2";"80";"9";"0";"2";"1";"3";""
"202400005361";"155 772 378";"A01";"2";"7";"0";"2";"7";"15";"1";""
"202400005361";"155 772 380";"B01";"1";"2";"14";"2";"2";"0";"1";""
"202400005362";"155 772 377";"A01";"1";"7";"0";"2";"1";"9";"2";""
"202400005362";"155 772 379";"B01";"2";"37";"0";"2";"3";"1";"1";"4"
"202400005363";"155 772 374";"A01";"1";"2";"0";"2";"0";"1";"1";""
"202400005363";"155 772 376";"B01";"2";"7";"0";"2";"0";"15";"1";""
"202400005364";"155 772 372";"C01";"2";"7";"0";"2";"4";"2";"1";""
"202400005364";"155 772 373";"B01";"2";"7";"0";"2";"4";"0";"1";""
"202400005364";"155 772 375";"A01";"2";"7";"0";"2";"1";"2";"1";""
"202400005365";"155 772 370";"B01";"2";"3";"0";"2";"1";"1";"3";""
"202400005365";"155 772 371";"A01";"3";"50";"0";"2";"7";"12";"3";""
"202400005366";"155 772 367";"B01";"2";"7";"0";"2";"8";"1";"1";""
"202400005366";"155 772 369";"A01";"2";"7";"0";"2";"3";"13";"1";""
"202400005367";"155 772 366";"A01";"2";"2";"0";"2";"8";"15";"1";""
"202400005367";"155 772 368";"B01";"2";"10";"0";"2";"2";"16";"1";""
"202400005368";"155 772 364";"B01";"1";"7";"0";"2";"3";"1";"2";""
"202400005368";"155 772 365";"A01";"2";"32";"0";"2";"3";"17";"0";""
"202400005369";"155 772 362";"A01";"1";"7";"0";"2";"2";"1";"1";""
"202400005369";"155 772 363";"B01";"1";"7";"0";"2";"6";"1";"1";""
"202400005370";"155 772 360";"A01";"3";"37";"14";"0";"3";"1";"1";"1"
"202400005370";"155 772 361";"B01";"3";"1";"14";"0";"0";"26";"5";""
"202400005371";"155 772 358";"B01";"1";"7";"0";"0";"0";"15";"1";""
"202400005371";"155 772 359";"A01";"1";"32";"0";"0";"0";"0";"1";""
"202400005372";"155 772 356";"A01";"2";"7";"0";"2";"1";"2";"1";""
"202400005372";"155 772 357";"B01";"1";"7";"0";"2";"2";"15";"1";""
"202400005373";"155 772 355";"A01";"2";"7";"0";"1";"2";"1";"1";""
"202400005374";"155 772 353";"B01";"3";"1";"0";"2";"4";"0";"5";""
"202400005374";"155 772 354";"A01";"3";"7";"0";"2";"1";"0";"1";""
"202400005375";"155 772 351";"A01";"0";"30";"0";"2";"1";"1";"1";""
"202400005375";"155 772 352";"B01";"0";"7";"0";"2";"3";"20";"1";""
"202400005376";"155 772 349";"A01";"2";"7";"0";"2";"8";"10";"1";""
"202400005376";"155 772 350";"B01";"1";"2";"0";"2";"1";"1";"1";""
"202400005377";"155 772 348";"A01";"1";"7";"13";"0";"1";"14";"1";""
"202400005378";"155 772 344";"A01";"2";"7";"0";"2";"1";"15";"1";""
"202400005378";"155 772 345";"B01";"2";"7";"0";"2";"8";"1";"1";""
"202400005379";"155 772 342";"A01";"0";"7";"13";"0";"1";"1";"1";""
"202400005380";"155 772 341";"A01";"1";"7";"3";"0";"0";"1";"3";""
"202400005381";"155 772 339";"A01";"3";"7";"0";"2";"5";"17";"1";""
"202400005381";"155 772 340";"B01";"3";"7";"0";"2";"3";"11";"1";""
"202400005382";"155 772 337";"A01";"1";"7";"0";"2";"7";"13";"1";""
"202400005382";"155 772 338";"B01";"1";"10";"0";"2";"1";"1";"1";""
"202400005383";"155 772 334";"A01";"1";"7";"0";"2";"1";"1";"1";""
"202400005383";"155 772 335";"B01";"1";"33";"0";"2";"4";"1";"1";""
"202400005383";"155 772 336";"C01";"1";"7";"0";"2";"4";"23";"1";""
"202400005384";"155 772 332";"A01";"2";"7";"0";"2";"2";"1";"0";""
"202400005384";"155 772 333";"B01";"2";"33";"0";"2";"3";"19";"6";""
"202400005385";"155 772 331";"A01";"1";"7";"0";"0";"9";"14";"1";""
"202400005386";"155 772 329";"A01";"1";"7";"0";"2";"1";"1";"1";""
"202400005386";"155 772 330";"B01";"2";"7";"0";"2";"3";"1";"1";""
"202400005387";"155 772 328";"A01";"2";"7";"6";"0";"1";"0";"1";""
"202400005388";"155 772 326";"A01";"1";"7";"0";"2";"1";"0";"1";""
"202400005388";"155 772 327";"B01";"3";"1";"0";"2";"1";"1";"5";""
"202400005389";"155 772 324";"A01";"1";"7";"0";"2";"1";"9";"1";""
"202400005389";"155 772 325";"B01";"0";"31";"0";"2";"4";"23";"0";""
"202400005390";"155 772 322";"B01";"1";"7";"0";"2";"3";"1";"1";""
"202400005390";"155 772 323";"A01";"1";"7";"0";"2";"1";"1";"1";""
"202400005391";"155 772 321";"A01";"1";"33";"0";"0";"8";"9";"1";""
"202400005392";"155 772 319";"A01";"2";"3";"0";"2";"2";"2";"1";""
"202400005392";"155 772 320";"B01";"2";"7";"0";"2";"6";"23";"1";""
"202400005393";"155 772 318";"A01";"1";"7";"8";"0";"1";"17";"1";""
"202400005394";"155 772 316";"A01";"2";"7";"0";"2";"1";"11";"1";""
"202400005394";"155 772 317";"B01";"1";"7";"0";"2";"1";"1";"1";""
"202400005395";"155 772 314";"B01";"3";"7";"0";"2";"5";"15";"1";""
"202400005395";"155 772 315";"A01";"3";"7";"0";"2";"1";"1";"1";""
"202400005396";"155 772 313";"A01";"0";"7";"6";"0";"3";"1";"1";""
"202400005397";"155 772 312";"A01";"3";"7";"14";"0";"1";"1";"1";""
"202400005398";"155 772 310";"B01";"1";"7";"0";"2";"8";"2";"1";""
"202400005398";"155 772 311";"A01";"2";"7";"0";"2";"3";"15";"1";""
"202400005399";"155 772 308";"A01";"2";"7";"0";"2";"1";"15";"3";""
"202400005399";"155 772 309";"B01";"1";"33";"0";"2";"1";"1";"1";""
"202400005400";"155 772 307";"A01";"1";"7";"15";"0";"1";"6";"1";""
"202400005401";"155 772 306";"A01";"0";"7";"0";"1";"1";"1";"1";""
"202400005402";"155 772 304";"A01";"3";"7";"0";"2";"1";"2";"0";""
"202400005402";"155 772 305";"B01";"3";"7";"0";"2";"4";"2";"0";""
"202400005403";"155 772 303";"A01";"0";"7";"0";"1";"3";"1";"1";""
"202400005404";"155 772 302";"A01";"1";"7";"0";"1";"2";"18";"1";""
"202400005405";"155 772 300";"A01";"3";"7";"0";"2";"1";"13";"1";""
"202400005405";"155 772 301";"B01";"1";"3";"0";"2";"1";"1";"1";""
"202400005406";"155 772 297";"A01";"2";"7";"0";"2";"1";"9";"1";""
"202400005406";"155 772 298";"C01";"2";"7";"0";"2";"8";"1";"1";""
"202400005406";"155 772 299";"B01";"2";"7";"0";"2";"4";"2";"1";""
"202400005407";"155 772 296";"A01";"0";"34";"0";"0";"7";"1";"1";""
"202400005408";"155 772 295";"A01";"1";"7";"0";"1";"2";"1";"1";""
"202400005409";"155 772 293";"A01";"2";"7";"0";"2";"1";"14";"1";""
"202400005409";"155 772 294";"B01";"1";"7";"0";"2";"1";"1";"1";""
"202400005410";"155 772 290";"B01";"2";"50";"0";"2";"7";"0";"3";""
"202400005410";"155 772 291";"A01";"3";"7";"0";"2";"1";"9";"1";""
"202400005411";"155 772 288";"A01";"1";"7";"0";"2";"3";"10";"1";""
"202400005411";"155 772 289";"B01";"1";"33";"0";"2";"1";"1";"1";""
"202400005412";"155 772 287";"A01";"0";"10";"2";"0";"1";"13";"1";""
"202400005413";"155 772 285";"Z01";"3";"7";"0";"2";"0";"0";"0";""
"202400005413";"155 772 286";"B01";"3";"1";"0";"2";"4";"0";"5";""
"202400005414";"155 772 284";"A01";"1";"33";"0";"1";"1";"0";"1";""
"202400005415";"155 772 282";"A01";"1";"40";"0";"2";"7";"1";"3";""
"202400005415";"155 772 283";"B01";"1";"1";"0";"4";"2";"1";"5";""
"202400005416";"155 772 281";"Z01";"0";"30";"0";"1";"1";"1";"1";""
"202400005417";"155 772 280";"Z01";"0";"0";"0";"1";"1";"1";"0";""
"202400005418";"155 772 278";"B01";"3";"7";"0";"2";"8";"1";"1";""
"202400005418";"155 772 279";"A01";"0";"7";"0";"2";"1";"15";"1";""
"202400005419";"155 772 277";"A01";"1";"3";"2";"0";"1";"1";"1";""
"202400005420";"155 772 275";"B01";"1";"1";"0";"2";"5";"18";"5";""
"202400005420";"155 772 276";"A01";"1";"14";"0";"2";"2";"16";"1";""
"202400005421";"155 772 273";"B01";"2";"50";"0";"2";"1";"15";"3";""
"202400005421";"155 772 274";"A01";"1";"7";"0";"2";"3";"9";"3";""
"202400005422";"155 772 272";"A01";"2";"7";"0";"1";"3";"15";"1";""
"202400005423";"155 772 269";"C01";"1";"7";"0";"2";"4";"23";"1";""
"202400005423";"155 772 270";"B01";"1";"7";"0";"2";"4";"23";"2";""
"202400005423";"155 772 271";"A01";"1";"7";"0";"2";"1";"2";"1";""
"202400005424";"155 772 267";"A01";"2";"7";"0";"2";"2";"2";"1";""
"202400005424";"155 772 268";"B01";"2";"7";"0";"2";"4";"2";"1";""
"202400005425";"155 772 265";"A01";"1";"7";"0";"2";"1";"2";"1";""
"202400005425";"155 772 266";"B01";"1";"7";"0";"2";"4";"2";"1";""
"202400005426";"155 772 263";"Z01";"3";"7";"0";"0";"2";"15";"0";""
"202400005426";"155 772 264";"A01";"3";"2";"0";"2";"7";"1";"3";""
"202400005427";"155 772 262";"Z01";"1";"7";"0";"1";"1";"10";"2";""
"202400005428";"155 772 260";"A01";"2";"43";"0";"2";"2";"15";"1";""
"202400005428";"155 772 261";"B01";"2";"2";"0";"2";"1";"1";"1";""
"202400005429";"155 772 258";"A01";"2";"10";"0";"0";"2";"12";"1";""
"202400005429";"155 772 259";"B01";"2";"50";"0";"0";"8";"1";"3";""
"202400005430";"155 772 256";"B01";"3";"1";"0";"2";"7";"1";"5";""
"202400005430";"155 772 257";"A01";"1";"7";"0";"9";"2";"2";"2";""
"202400005431";"155 772 255";"A01";"2";"31";"0";"2";"1";"17";"1";""
"202400005432";"155 772 254";"Z01";"2";"7";"0";"1";"1";"9";"2";""
"202400005433";"155 772 253";"A01";"3";"7";"0";"1";"1";"1";"3";""
"202400005434";"155 772 252";"A01";"1";"7";"17";"0";"3";"5";"0";""
"202400005435";"155 772 250";"B01";"3";"14";"0";"2";"2";"9";"1";""
"202400005435";"155 772 251";"A01";"2";"7";"0";"2";"3";"1";"1";""
"202400005436";"155 772 247";"A01";"2";"7";"0";"2";"7";"9";"1";""
"202400005436";"155 772 248";"B01";"2";"1";"0";"2";"8";"2";"5";""
"202400005436";"155 772 249";"C01";"2";"1";"0";"2";"8";"2";"5";""
"202400005437";"155 772 245";"B01";"1";"33";"0";"2";"1";"1";"1";""
"202400005437";"155 772 246";"A01";"3";"7";"0";"2";"3";"16";"1";""
"202400005438";"155 772 243";"B01";"1";"15";"0";"2";"1";"1";"1";""
"202400005438";"155 772 244";"A01";"2";"7";"0";"2";"1";"5";"1";""
"202400005439";"155 772 241";"A01";"1";"7";"0";"2";"5";"15";"1";""
"202400005439";"155 772 242";"B01";"1";"10";"0";"2";"3";"2";"1";""
"202400005440";"155 772 239";"A01";"1";"2";"14";"0";"1";"1";"1";""
"202400005440";"155 772 240";"B01";"1";"7";"0";"0";"4";"23";"1";""
"202400005441";"155 772 237";"A01";"0";"3";"0";"9";"7";"2";"0";""
"202400005441";"155 772 238";"B01";"0";"1";"0";"2";"8";"2";"5";""
"202400005442";"155 772 236";"A01";"2";"33";"0";"0";"1";"14";"1";""
"202400005443";"155 772 234";"A01";"2";"7";"1";"0";"1";"16";"1";""
"202400005443";"155 772 235";"B01";"2";"14";"1";"0";"4";"24";"1";""
"202400005444";"155 772 232";"A01";"1";"15";"0";"2";"3";"13";"1";""
"202400005444";"155 772 233";"B01";"2";"32";"0";"9";"1";"0";"1";""
"202400005445";"155 772 229";"A01";"1";"7";"0";"2";"1";"13";"1";""
"202400005445";"155 772 230";"B01";"2";"7";"0";"2";"1";"1";"2";""
"202400005446";"155 772 227";"B01";"1";"7";"0";"2";"1";"1";"1";""
"202400005446";"155 772 228";"A01";"1";"10";"0";"2";"8";"15";"1";""
"202400005447";"155 772 225";"A01";"1";"7";"0";"2";"2";"0";"1";""
"202400005447";"155 772 226";"B01";"3";"7";"0";"2";"3";"0";"1";""
"202400005448";"155 772 220";"B01";"2";"7";"3";"0";"4";"23";"1";""
"202400005448";"155 772 221";"C01";"2";"10";"0";"2";"4";"2";"1";""
"202400005448";"155 772 222";"D01";"2";"7";"0";"0";"4";"2";"1";""
"202400005448";"155 772 223";"A01";"2";"7";"0";"2";"4";"2";"1";""
"202400005448";"155 772 224";"E01";"2";"7";"0";"0";"4";"2";"2";""
"202400005449";"155 772 217";"A01";"1";"7";"0";"2";"1";"1";"1";""
"202400005449";"155 772 218";"B01";"1";"7";"0";"2";"4";"1";"2";""
"202400005449";"155 772 219";"C01";"1";"7";"0";"0";"4";"1";"1";""
"202400005450";"155 772 215";"A01";"2";"7";"0";"2";"3";"1";"1";""
"202400005450";"155 772 216";"B01";"1";"21";"0";"2";"2";"15";"1";""
"202400005451";"155 772 214";"A01";"1";"33";"16";"0";"0";"1";"1";""
"202400005452";"155 772 213";"A01";"0";"10";"15";"0";"3";"26";"1";""
"202400005453";"155 772 212";"A01";"1";"33";"2";"0";"1";"14";"1";""
"202400005454";"155 772 210";"A01";"2";"2";"0";"2";"1";"9";"0";""
"202400005454";"155 772 211";"B01";"1";"10";"0";"2";"6";"9";"1";""
"202400005455";"155 772 207";"A01";"1";"7";"0";"2";"4";"23";"1";""
"202400005455";"155 772 208";"B01";"1";"7";"0";"2";"4";"23";"1";""
"202400005455";"155 772 209";"C01";"1";"7";"0";"2";"1";"1";"1";""
"202400005456";"155 772 206";"A01";"1";"7";"13";"0";"3";"1";"1";""
"202400005457";"155 772 205";"A01";"2";"7";"6";"0";"1";"14";"1";""
"202400005458";"155 772 203";"A01";"1";"7";"0";"2";"3";"5";"1";""
"202400005458";"155 772 204";"B01";"2";"7";"0";"2";"7";"1";"1";""
"202400005459";"155 772 202";"A01";"1";"1";"14";"0";"2";"1";"5";""
"202400005460";"155 772 200";"A01";"1";"7";"0";"2";"1";"13";"1";""
"202400005460";"155 772 201";"B01";"2";"32";"0";"2";"1";"1";"1";""
"202400005461";"155 772 198";"A01";"2";"7";"0";"2";"3";"1";"1";""
"202400005461";"155 772 199";"B01";"1";"10";"0";"2";"3";"1";"1";""
"202400005462";"155 772 196";"B01";"1";"1";"0";"2";"7";"1";"5";""
"202400005462";"155 772 197";"A01";"2";"7";"0";"2";"2";"15";"1";""
"202400005463";"155 772 194";"A01";"2";"7";"0";"2";"3";"15";"1";""
"202400005463";"155 772 195";"B01";"1";"33";"0";"2";"1";"1";"1";""
"202400005464";"155 772 193";"A01";"2";"1";"0";"0";"0";"1";"5";""
"202400005465";"155 772 191";"B01";"2";"14";"0";"2";"3";"1";"1";""
"202400005465";"155 772 192";"A01";"1";"7";"0";"2";"3";"13";"1";""
"202400005466";"155 772 189";"A01";"1";"10";"0";"2";"2";"21";"1";""
"202400005466";"155 772 190";"B01";"2";"7";"0";"2";"1";"11";"1";""
"202400005467";"155 772 185";"A01";"3";"7";"0";"2";"8";"2";"3";""
"202400005467";"155 772 186";"B01";"3";"30";"0";"2";"7";"12";"1";""
"202400005468";"155 772 183";"B01";"1";"0";"0";"0";"0";"2";"0";""
"202400005468";"155 772 184";"A01";"1";"7";"0";"0";"3";"0";"1";""
"202400005469";"155 772 182";"A01";"2";"31";"13";"0";"2";"1";"1";""
"202400005470";"155 772 181";"A01";"2";"7";"8";"0";"0";"0";"1";""
"202400005471";"155 772 178";"A01";"1";"7";"0";"2";"3";"26";"1";""
"202400005471";"155 772 179";"B01";"1";"2";"7";"2";"1";"1";"1";""
"202400005472";"155 772 177";"A01";"2";"7";"3";"0";"8";"13";"1";""
"202400005473";"155 772 175";"A01";"2";"7";"0";"2";"3";"11";"1";""
"202400005473";"155 772 176";"B01";"1";"14";"0";"2";"3";"21";"1";""
"202400005474";"155 772 173";"A01";"3";"7";"0";"2";"3";"13";"1";""
"202400005474";"155 772 174";"B01";"3";"7";"0";"2";"3";"1";"1";""
"202400005475";"155 772 169";"A01";"1";"7";"0";"2";"1";"13";"1";""
"202400005475";"155 772 170";"B01";"2";"15";"0";"2";"3";"21";"1";""
"202400005476";"155 772 162";"D01";"2";"1";"16";"2";"4";"1";"5";""
"202400005476";"155 772 163";"B01";"2";"1";"16";"2";"4";"1";"5";""
"202400005476";"155 772 164";"A01";"2";"7";"8";"2";"1";"1";"1";""
"202400005476";"155 772 165";"C01";"2";"1";"16";"2";"4";"1";"5";""
"202400005477";"155 772 161";"A01";"3";"7";"0";"1";"1";"1";"1";""
"202400005478";"155 772 159";"A01";"1";"7";"0";"2";"1";"0";"1";""
"202400005478";"155 772 160";"B01";"1";"15";"0";"2";"4";"1";"1";""
"202400005479";"155 772 158";"A01";"1";"14";"13";"0";"1";"13";"1";""
"202400005480";"155 772 156";"A01";"0";"7";"0";"2";"1";"5";"1";""
"202400005480";"155 772 157";"B01";"0";"7";"0";"2";"1";"0";"1";""
"202400005481";"155 772 154";"A01";"1";"7";"0";"2";"3";"13";"1";""
"202400005481";"155 772 155";"B01";"2";"7";"0";"2";"3";"0";"3";""
"202400005482";"155 772 152";"A01";"1";"1";"0";"2";"1";"1";"5";""
"202400005482";"155 772 153";"B01";"1";"1";"0";"2";"4";"1";"5";""
"202400005483";"155 772 150";"B01";"1";"33";"0";"0";"8";"1";"1";""
"202400005483";"155 772 151";"A01";"2";"7";"0";"2";"1";"15";"1";""
"202400005484";"155 772 148";"A01";"0";"7";"0";"9";"3";"9";"1";""
"202400005484";"155 772 149";"B01";"0";"1";"0";"2";"7";"1";"5";""
"202400005485";"155 772 146";"A01";"3";"7";"0";"2";"1";"1";"1";""
"202400005485";"155 772 147";"B01";"3";"7";"0";"2";"1";"1";"1";""
"202400005486";"155 772 144";"A01";"2";"7";"0";"2";"3";"1";"2";""
"202400005486";"155 772 145";"B01";"1";"33";"0";"2";"1";"1";"1";""
"202400005487";"155 772 143";"A01";"1";"7";"0";"1";"1";"1";"1";""
"202400005488";"155 772 141";"A01";"2";"10";"0";"2";"8";"9";"1";""
"202400005488";"155 772 142";"B01";"2";"33";"0";"2";"7";"1";"3";""
"202400005489";"155 772 140";"A01";"2";"33";"0";"0";"8";"1";"1";""
"202400005490";"155 772 139";"A01";"2";"7";"2";"0";"2";"1";"1";""
"202400005491";"155 772 138";"A01";"2";"2";"6";"0";"0";"0";"1";""
"202400005492";"155 772 136";"A01";"2";"3";"0";"2";"8";"15";"1";""
"202400005492";"155 772 137";"B01";"2";"15";"0";"2";"2";"1";"1";""
"202400005493";"155 772 135";"A01";"3";"7";"0";"0";"3";"1";"1";""
"202400005494";"155 772 134";"A01";"3";"14";"0";"1";"4";"4";"1";""
"202400005495";"155 772 132";"A01";"1";"7";"0";"2";"3";"13";"1";""
"202400005495";"155 772 133";"B01";"1";"7";"0";"2";"7";"1";"1";""
"202400005496";"155 772 130";"B01";"2";"7";"0";"2";"3";"13";"1";""
"202400005496";"155 772 131";"A01";"2";"7";"3";"2";"2";"21";"1";""
"202400005497";"155 772 128";"A01";"2";"33";"0";"2";"8";"16";"1";""
"202400005497";"155 772 129";"B01";"2";"10";"0";"2";"1";"1";"1";""
"202400005498";"155 772 127";"A01";"1";"33";"16";"0";"1";"26";"1";""
"202400005499";"155 772 126";"A01";"1";"17";"0";"1";"1";"1";"1";""
"202400005500";"155 772 124";"B01";"1";"15";"0";"2";"4";"11";"1";""
"202400005500";"155 772 125";"A01";"1";"15";"0";"2";"1";"1";"1";""
"202400005501";"155 772 121";"A01";"2";"10";"0";"2";"3";"2";"1";""
"202400005501";"155 772 122";"B01";"2";"7";"0";"2";"5";"2";"1";""
"202400005501";"155 772 123";"C01";"2";"7";"0";"2";"6";"0";"1";""
"202400005502";"155 772 119";"A01";"1";"7";"0";"2";"1";"1";"2";""
"202400005502";"155 772 120";"B01";"1";"7";"0";"2";"4";"1";"1";""
"202400005503";"155 772 118";"A01";"1";"7";"3";"0";"1";"1";"0";""
"202400005504";"155 772 114";"A01";"2";"7";"0";"2";"1";"11";"1";""
"202400005504";"155 772 115";"B01";"2";"33";"0";"2";"8";"3";"1";""
"202400005504";"155 772 116";"D01";"2";"10";"0";"2";"0";"1";"1";""
"202400005504";"155 772 117";"C01";"2";"7";"0";"2";"6";"1";"1";""
"202400005505";"155 772 112";"A01";"1";"7";"0";"2";"1";"1";"1";""
"202400005505";"155 772 113";"B01";"1";"10";"0";"2";"4";"9";"1";""
"202400005506";"155 772 110";"A01";"2";"7";"0";"2";"1";"1";"1";""
"202400005506";"155 772 111";"B01";"2";"7";"0";"2";"4";"11";"3";""
"202400005507";"155 772 109";"A01";"1";"7";"3";"0";"1";"1";"1";""
"202400005508";"155 772 108";"A01";"2";"32";"0";"0";"0";"3";"1";""
"202400005509";"155 772 105";"B01";"2";"32";"0";"2";"7";"14";"1";""
"202400005509";"155 772 106";"A01";"2";"33";"0";"2";"8";"26";"1";""
"202400005509";"155 772 107";"C01";"2";"7";"0";"2";"7";"1";"1";""
"202400005510";"155 772 104";"A01";"1";"33";"12";"0";"1";"13";"1";""
"202400005511";"155 772 100";"A01";"2";"10";"0";"2";"1";"2";"1";""
"202400005511";"155 772 101";"B01";"2";"17";"0";"2";"4";"2";"1";""
"202400005511";"155 772 102";"C01";"2";"7";"0";"2";"1";"2";"1";""
"202400005511";"155 772 103";"D01";"2";"7";"0";"2";"1";"2";"1";""
"202400005512";"155 772 098";"A01";"1";"7";"0";"2";"5";"12";"1";""
"202400005512";"155 772 099";"B01";"1";"33";"0";"2";"1";"1";"1";""
"202400005513";"155 772 096";"A01";"1";"33";"0";"2";"1";"1";"1";""
"202400005513";"155 772 097";"B01";"1";"7";"0";"2";"4";"1";"2";""
"202400005514";"155 772 094";"A01";"1";"10";"0";"2";"1";"2";"1";""
"202400005514";"155 772 095";"B01";"1";"7";"0";"2";"4";"2";"3";""
"202400005515";"155 772 091";"B01";"1";"7";"0";"2";"3";"11";"2";""
"202400005515";"155 772 092";"C01";"1";"7";"0";"2";"5";"1";"1";""
"202400005515";"155 772 093";"A01";"1";"33";"0";"2";"1";"3";"1";""
"202400005516";"155 772 089";"B01";"1";"7";"0";"2";"6";"16";"1";""
"202400005516";"155 772 090";"A01";"1";"33";"0";"2";"2";"16";"1";""
"202400005517";"155 772 087";"B01";"1";"30";"0";"2";"4";"23";"1";""
"202400005517";"155 772 088";"A01";"1";"7";"0";"2";"1";"2";"1";""
"202400005518";"155 772 085";"B01";"2";"60";"0";"2";"0";"1";"5";""
"202400005518";"155 772 086";"A01";"2";"7";"0";"2";"7";"16";"1";""
"202400005519";"155 772 083";"A01";"1";"7";"0";"2";"0";"1";"1";""
"202400005519";"155 772 084";"B01";"1";"7";"0";"2";"0";"0";"1";""
"202400005520";"155 772 080";"A01";"3";"7";"0";"2";"1";"3";"1";""
"202400005520";"155 772 081";"C01";"3";"7";"0";"2";"4";"23";"1";""
"202400005520";"155 772 082";"B01";"3";"7";"0";"2";"4";"23";"1";""
"202400005521";"155 772 079";"A01";"1";"7";"0";"1";"1";"1";"1";""
"202400005522";"155 772 077";"A01";"1";"10";"0";"2";"1";"2";"1";""
"202400005522";"155 772 078";"B01";"1";"7";"0";"2";"4";"2";"1";""
"202400005523";"155 772 076";"A01";"3";"7";"0";"1";"2";"15";"3";""
"202400005524";"155 772 075";"A01";"2";"33";"0";"1";"1";"3";"1";""
"202400005525";"155 772 074";"A01";"1";"7";"0";"1";"1";"15";"2";""
"202400005526";"155 772 072";"A01";"1";"33";"0";"2";"3";"8";"1";""
"202400005526";"155 772 073";"B01";"2";"7";"0";"2";"1";"15";"1";""
"202400005527";"155 772 066";"D01";"2";"7";"0";"2";"2";"1";"3";""