"Num_Acc";"id_vehicule";"num_veh";"senc";"catv";"obs";"obsm";"choc";"manv";"motor";"occutc"
"202400006331";"155 770 626";"A01";"1";"31";"3";"0";"1";"16";"1";""
"202400006332";"155 770 624";"B01";"1";"7";"0";"2";"4";"1";"1";""
"202400006332";"155 770 627";"C01";"1";"7";"0";"2";"4";"1";"1";""
"202400006332";"155 770 628";"A01";"1";"10";"0";"2";"1";"1";"1";""
"202400006333";"155 770 621";"A01";"3";"7";"0";"2";"6";"13";"1";""
"202400006333";"155 770 623";"B01";"3";"33";"0";"2";"7";"1";"1";""
"202400006334";"155 770 618";"A01";"1";"7";"0";"2";"1";"1";"1";""
"202400006334";"155 770 620";"B01";"1";"7";"0";"2";"4";"0";"1";""
"202400006334";"155 770 622";"C01";"1";"7";"0";"2";"4";"1";"1";""
"202400006335";"155 770 617";"A01";"1";"7";"0";"2";"1";"1";"1";""
"202400006335";"155 770 619";"B01";"1";"7";"0";"2";"4";"1";"1";""
"202400006336";"155 770 615";"B01";"2";"10";"0";"2";"7";"24";"0";""
"202400006336";"155 770 616";"A01";"2";"1";"1";"0";"1";"1";"5";""
"202400006337";"155 770 614";"A01";"1";"7";"4";"0";"3";"1";"1";""
"202400006338";"155 770 610";"B01";"1";"7";"0";"2";"4";"1";"1";""
"202400006338";"155 770 612";"A01";"1";"33";"0";"2";"1";"1";"1";""
"202400006339";"155 770 609";"A01";"2";"7";"0";"1";"1";"15";"2";""
"202400006340";"155 770 606";"A01";"1";"33";"0";"0";"0";"9";"1";""
"202400006341";"155 770 604";"D01";"2";"7";"0";"2";"9";"1";"1";""
"202400006341";"155 770 607";"E01";"2";"7";"0";"2";"7";"1";"1";""
"202400006341";"155 770 608";"A01";"2";"33";"0";"2";"1";"1";"1";""
"202400006341";"155 770 611";"B01";"2";"7";"4";"2";"1";"1";"1";""
"202400006341";"155 770 613";"C01";"2";"10";"0";"2";"3";"1";"1";""
"202400006342";"155 770 603";"A01";"1";"10";"1";"2";"8";"22";"1";""
"202400006342";"155 770 605";"B01";"1";"1";"1";"2";"1";"1";"5";""
"202400006343";"155 770 601";"A01";"1";"33";"0";"2";"2";"1";"1";""
"202400006343";"155 770 602";"Z01";"1";"7";"0";"2";"0";"0";"0";""
"202400006344";"155 770 599";"A01";"1";"7";"0";"1";"3";"16";"1";""
"202400006345";"155 770 597";"B01";"3";"13";"0";"2";"3";"1";"6";""
"202400006345";"155 770 600";"A01";"3";"30";"0";"2";"1";"1";"1";""
"202400006346";"155 770 595";"B01";"1";"7";"0";"2";"7";"12";"1";""
"202400006346";"155 770 596";"A01";"1";"33";"0";"2";"1";"3";"1";""
"202400006346";"155 770 598";"C01";"1";"7";"0";"2";"6";"0";"1";""
"202400006347";"155 770 594";"A01";"3";"7";"0";"0";"9";"0";"1";""
"202400006348";"155 770 591";"A01";"1";"7";"0";"0";"7";"1";"1";""
"202400006348";"155 770 593";"B01";"2";"7";"0";"0";"1";"1";"2";""
"202400006349";"155 770 590";"A01";"2";"15";"0";"2";"1";"1";"1";""
"202400006349";"155 770 592";"B01";"2";"7";"0";"2";"8";"9";"1";""
"202400006350";"155 770 589";"A01";"3";"33";"0";"0";"0";"1";"1";""
"202400006351";"155 770 588";"A01";"3";"10";"1";"1";"4";"4";"1";""
"202400006352";"155 770 586";"A01";"3";"1";"9";"0";"0";"23";"5";""
"202400006353";"155 770 585";"B01";"1";"7";"0";"2";"5";"14";"1";""
"202400006353";"155 770 587";"A01";"1";"31";"0";"2";"3";"3";"1";""
"202400006354";"155 770 582";"A01";"2";"7";"0";"0";"9";"1";"1";""
"202400006355";"155 770 580";"B01";"1";"1";"0";"2";"1";"1";"5";""
"202400006355";"155 770 581";"A01";"2";"7";"0";"2";"5";"15";"1";""
"202400006356";"155 770 583";"B01";"2";"7";"0";"2";"5";"15";"1";""
"202400006356";"155 770 584";"A01";"1";"1";"0";"2";"1";"19";"5";""
"202400006357";"155 770 579";"B01";"3";"50";"0";"0";"0";"0";"3";""
"202400006358";"155 770 578";"A01";"1";"50";"14";"0";"1";"5";"3";""
"202400006359";"155 770 576";"A01";"1";"7";"6";"0";"1";"21";"1";""
"202400006360";"155 770 575";"A01";"1";"33";"0";"2";"1";"9";"1";""
"202400006360";"155 770 577";"B01";"1";"7";"0";"2";"8";"2";"1";""
"202400006361";"155 770 574";"A01";"2";"10";"0";"1";"1";"1";"1";""
"202400006362";"155 770 573";"A01";"1";"7";"5";"0";"2";"1";"1";""
"202400006363";"155 770 572";"A01";"1";"7";"9";"0";"1";"1";"2";""
"202400006364";"155 770 570";"A01";"1";"10";"0";"5";"1";"1";"1";""
"202400006365";"155 770 569";"B01";"1";"31";"0";"2";"3";"1";"1";""
"202400006365";"155 770 571";"A01";"2";"10";"0";"2";"2";"15";"1";""
"202400006366";"155 770 567";"A01";"2";"33";"14";"0";"1";"17";"1";""
"202400006367";"155 770 566";"A01";"2";"7";"0";"2";"3";"15";"1";""
"202400006367";"155 770 568";"B01";"2";"10";"0";"2";"2";"1";"1";""
"202400006368";"155 770 565";"A01";"0";"10";"0";"1";"0";"26";"0";""
"202400006369";"155 770 563";"A01";"1";"10";"4";"0";"1";"15";"1";""
"202400006370";"155 770 562";"A01";"2";"7";"13";"2";"1";"13";"1";""
"202400006370";"155 770 564";"B01";"1";"7";"0";"2";"1";"1";"1";""
"202400006371";"155 770 560";"B01";"1";"7";"0";"2";"3";"15";"1";""
"202400006371";"155 770 561";"A01";"2";"32";"0";"2";"1";"17";"1";""
"202400006372";"155 770 558";"Z01";"3";"33";"0";"1";"1";"26";"0";""
"202400006373";"155 770 556";"A01";"1";"33";"0";"2";"1";"1";"1";""
"202400006373";"155 770 559";"B01";"1";"7";"0";"2";"4";"9";"1";""
"202400006374";"155 770 557";"A01";"2";"7";"0";"1";"1";"15";"1";""
"202400006375";"155 770 553";"B01";"1";"1";"0";"2";"1";"1";"5";""
"202400006375";"155 770 555";"A01";"1";"7";"0";"2";"3";"9";"3";""
"202400006376";"155 770 551";"A01";"2";"7";"0";"2";"3";"1";"1";""
"202400006376";"155 770 554";"B01";"1";"50";"0";"2";"1";"5";"3";""
"202400006377";"155 770 550";"A01";"3";"7";"0";"2";"1";"1";"1";""
"202400006377";"155 770 552";"B01";"3";"50";"0";"2";"8";"19";"3";""
"202400006378";"155 770 547";"A01";"0";"33";"0";"2";"7";"26";"1";""
"202400006378";"155 770 549";"B01";"0";"7";"0";"0";"8";"0";"2";""
"202400006379";"155 770 546";"B01";"2";"7";"0";"2";"2";"1";"1";""
"202400006379";"155 770 548";"A01";"3";"7";"0";"2";"3";"9";"1";""
"202400006380";"155 770 545";"A01";"3";"7";"1";"1";"1";"26";"1";""
"202400006381";"155 770 544";"A01";"3";"7";"0";"1";"3";"1";"0";""
"202400006382";"155 770 541";"A01";"2";"43";"1";"1";"1";"1";"1";""
"202400006383";"155 770 542";"A01";"2";"10";"0";"1";"2";"1";"0";""
"202400006384";"155 770 540";"A01";"3";"7";"0";"2";"1";"2";"1";""
"202400006384";"155 770 543";"B01";"3";"7";"0";"2";"5";"1";"1";""
"202400006385";"155 770 538";"A01";"3";"7";"0";"2";"1";"1";"1";""
"202400006385";"155 770 539";"B01";"3";"7";"0";"2";"7";"15";"1";""
"202400006386";"155 770 537";"A01";"1";"7";"0";"1";"2";"1";"1";""
"202400006387";"155 770 536";"A01";"1";"37";"0";"1";"3";"1";"1";"1"
"202400006388";"155 770 533";"A01";"1";"7";"0";"2";"1";"1";"1";""
"202400006388";"155 770 535";"B01";"2";"30";"0";"2";"7";"0";"0";""
"202400006389";"155 770 531";"A01";"0";"7";"0";"2";"7";"26";"0";""
"202400006389";"155 770 534";"B01";"3";"50";"0";"2";"1";"25";"3";""
"202400006390";"155 770 532";"A01";"1";"7";"0";"1";"3";"0";"1";""
"202400006391";"155 770 529";"A01";"3";"30";"0";"2";"1";"18";"3";""
"202400006391";"155 770 530";"B01";"3";"10";"0";"2";"2";"16";"1";""
"202400006392";"155 770 527";"A01";"1";"7";"0";"2";"3";"13";"1";""
"202400006392";"155 770 528";"B01";"2";"30";"0";"2";"1";"1";"1";""
"202400006393";"155 770 526";"A01";"1";"33";"0";"1";"1";"1";"1";""
"202400006394";"155 770 524";"A01";"1";"7";"0";"2";"1";"19";"1";""
"202400006394";"155 770 525";"B01";"2";"7";"0";"2";"3";"1";"1";""
"202400006395";"155 770 520";"A01";"2";"7";"0";"2";"4";"1";"1";""
"202400006395";"155 770 522";"B01";"2";"7";"0";"2";"4";"15";"1";""
"202400006396";"155 770 521";"A01";"1";"7";"0";"2";"1";"1";"1";""
"202400006396";"155 770 523";"B01";"1";"7";"0";"2";"2";"15";"1";""
"202400006397";"155 770 518";"B01";"1";"7";"0";"2";"3";"16";"2";""
"202400006397";"155 770 519";"A01";"1";"80";"0";"2";"7";"1";"3";""
"202400006398";"155 770 516";"A01";"3";"7";"0";"2";"7";"16";"1";""
"202400006398";"155 770 517";"B01";"3";"32";"0";"2";"8";"16";"1";""
"202400006399";"155 770 513";"B01";"2";"33";"8";"2";"3";"1";"1";""
"202400006399";"155 770 514";"A01";"2";"10";"0";"2";"3";"15";"1";""
"202400006400";"155 770 509";"A01";"1";"33";"0";"1";"3";"1";"1";""
"202400006401";"155 770 510";"A01";"2";"50";"0";"9";"8";"2";"3";""
"202400006401";"155 770 512";"Y01";"1";"60";"0";"2";"0";"26";"5";""
"202400006402";"155 770 511";"B01";"3";"1";"0";"2";"7";"1";"5";""
"202400006402";"155 770 515";"A01";"3";"7";"0";"2";"3";"9";"2";""
"202400006403";"155 770 506";"A01";"2";"10";"0";"2";"1";"15";"1";""
"202400006403";"155 770 508";"B01";"2";"33";"0";"2";"1";"1";"1";""
"202400006404";"155 770 507";"A01";"1";"10";"0";"1";"2";"1";"1";""
"202400006405";"155 770 505";"A01";"2";"7";"0";"1";"2";"1";"1";""
"202400006406";"155 770 502";"A01";"1";"10";"0";"2";"6";"26";"1";""
"202400006406";"155 770 504";"B01";"1";"32";"0";"2";"1";"2";"1";""
"202400006407";"155 770 503";"A01";"2";"33";"6";"0";"1";"14";"1";""
"202400006408";"155 770 498";"A01";"3";"32";"0";"2";"3";"11";"1";""
"202400006408";"155 770 501";"B01";"3";"33";"0";"2";"2";"3";"0";""
"202400006409";"155 770 494";"A01";"1";"31";"0";"0";"1";"1";"6";""
"202400006410";"155 770 496";"B01";"1";"7";"0";"2";"4";"1";"1";""
"202400006410";"155 770 500";"A01";"1";"7";"0";"2";"1";"2";"1";""
"202400006411";"155 770 495";"C01";"2";"7";"0";"2";"1";"2";"3";""
"202400006411";"155 770 497";"B01";"2";"7";"0";"2";"4";"2";"1";""
"202400006411";"155 770 499";"A01";"2";"7";"0";"2";"4";"1";"1";""
"202400006412";"155 770 493";"A01";"1";"33";"0";"0";"0";"1";"1";""
"202400006413";"155 770 492";"A01";"1";"7";"13";"0";"1";"1";"1";""
"202400006414";"155 770 490";"A01";"1";"7";"0";"1";"1";"1";"1";""
"202400006415";"155 770 489";"B01";"3";"7";"0";"2";"1";"1";"1";""
"202400006415";"155 770 491";"A01";"3";"10";"0";"2";"3";"10";"1";""
"202400006416";"155 770 488";"A01";"1";"33";"12";"0";"1";"1";"1";""
"202400006417";"155 770 487";"A01";"1";"7";"4";"0";"3";"13";"1";""
"202400006418";"155 770 484";"A01";"1";"33";"14";"0";"1";"6";"1";""
"202400006419";"155 770 483";"A01";"1";"7";"0";"2";"7";"19";"1";""
"202400006419";"155 770 486";"B01";"1";"7";"0";"2";"1";"1";"1";""
"202400006420";"155 770 482";"A01";"1";"7";"0";"2";"4";"2";"1";""
"202400006420";"155 770 485";"B01";"1";"7";"0";"2";"1";"2";"1";""
"202400006421";"155 770 480";"A01";"2";"7";"6";"2";"8";"9";"1";""
"202400006421";"155 770 481";"B01";"2";"7";"0";"2";"1";"1";"1";""
"202400006422";"155 770 478";"A01";"3";"7";"13";"0";"2";"17";"1";""
"202400006423";"155 770 475";"A01";"1";"7";"0";"2";"1";"1";"1";""
"202400006423";"155 770 477";"B01";"1";"7";"0";"2";"4";"23";"1";""
"202400006424";"155 770 476";"A01";"2";"33";"0";"2";"1";"1";"1";""
"202400006424";"155 770 479";"B01";"1";"13";"0";"2";"8";"15";"1";""
"202400006425";"155 770 474";"A01";"2";"7";"0";"1";"2";"2";"3";""
"202400006426";"155 770 473";"A01";"2";"7";"13";"0";"9";"1";"1";""
"202400006427";"155 770 472";"A01";"1";"7";"13";"0";"1";"1";"1";""
"202400006428";"155 770 471";"A01";"1";"7";"0";"1";"2";"1";"1";""
"202400006429";"155 770 470";"A01";"1";"33";"3";"0";"3";"1";"1";""
"202400006430";"155 770 469";"A01";"1";"7";"13";"0";"1";"1";"1";""
"202400006431";"155 770 465";"A01";"1";"33";"0";"2";"1";"17";"1";""
"202400006431";"155 770 466";"B01";"1";"10";"0";"2";"8";"15";"1";""
"202400006432";"155 770 467";"B01";"3";"7";"8";"2";"1";"1";"1";""
"202400006432";"155 770 468";"A01";"3";"7";"0";"2";"1";"15";"1";""
"202400006433";"155 770 462";"A01";"1";"7";"0";"0";"3";"15";"1";""
"202400006433";"155 770 464";"B01";"1";"7";"0";"0";"1";"1";"1";""
"202400006434";"155 770 461";"A01";"2";"30";"0";"2";"1";"2";"1";""
"202400006434";"155 770 463";"B01";"2";"7";"0";"2";"6";"16";"2";""
"202400006435";"155 770 459";"A01";"2";"7";"0";"2";"1";"1";"1";""
"202400006435";"155 770 460";"B01";"1";"7";"0";"2";"1";"1";"1";""
"202400006436";"155 770 457";"A01";"3";"33";"15";"0";"3";"1";"1";""
"202400006437";"155 770 455";"A01";"1";"7";"0";"2";"3";"1";"1";""
"202400006437";"155 770 458";"B01";"1";"50";"0";"2";"2";"15";"3";""
"202400006438";"155 770 454";"B01";"1";"14";"0";"0";"1";"1";"1";""
"202400006438";"155 770 456";"A01";"1";"7";"0";"2";"1";"13";"1";""
"202400006439";"155 770 452";"A01";"1";"43";"0";"2";"1";"13";"1";""
"202400006439";"155 770 453";"B01";"2";"7";"0";"2";"3";"1";"1";""
"202400006440";"155 770 450";"A01";"3";"10";"0";"1";"5";"4";"1";""
"202400006441";"155 770 451";"A01";"1";"38";"0";"1";"3";"1";"1";"1"
"202400006442";"155 770 449";"A01";"2";"7";"6";"0";"2";"1";"1";""
"202400006443";"155 770 446";"B01";"1";"1";"0";"2";"8";"1";"5";""
"202400006443";"155 770 448";"A01";"2";"14";"15";"2";"3";"13";"1";""
"202400006444";"155 770 445";"A01";"3";"10";"0";"2";"1";"15";"1";""
"202400006444";"155 770 447";"B01";"3";"32";"0";"2";"1";"1";"1";""
"202400006445";"155 770 443";"A01";"1";"7";"0";"2";"2";"12";"1";""
"202400006445";"155 770 444";"B01";"1";"7";"0";"2";"6";"1";"1";""
"202400006446";"155 770 442";"A01";"1";"31";"14";"0";"1";"0";"1";""
"202400006447";"155 770 441";"A01";"1";"7";"1";"0";"2";"1";"1";""
"202400006448";"155 770 439";"A01";"2";"7";"0";"2";"2";"13";"1";""
"202400006448";"155 770 440";"B01";"1";"7";"0";"2";"2";"1";"1";""
"202400006449";"155 770 437";"A01";"2";"7";"0";"2";"1";"1";"1";""
"202400006449";"155 770 438";"B01";"1";"7";"2";"2";"7";"1";"1";""
"202400006450";"155 770 436";"A01";"2";"7";"8";"0";"1";"15";"1";""
"202400006451";"155 770 434";"A01";"2";"7";"0";"2";"2";"9";"1";""
"202400006451";"155 770 435";"B01";"2";"7";"0";"2";"5";"1";"1";""
"202400006452";"155 770 433";"A01";"1";"32";"1";"0";"1";"17";"1";""
"202400006453";"155 770 431";"A01";"3";"7";"0";"2";"7";"15";"1";""
"202400006453";"155 770 432";"B01";"3";"1";"0";"2";"1";"1";"5";""
"202400006454";"155 770 430";"A01";"2";"7";"3";"0";"1";"13";"1";""
"202400006455";"155 770 428";"A01";"2";"7";"0";"2";"1";"2";"1";""
"202400006455";"155 770 429";"B01";"2";"7";"0";"2";"4";"2";"1";""
"202400006456";"155 770 426";"B01";"3";"7";"0";"2";"8";"9";"1";""
"202400006456";"155 770 427";"A01";"3";"30";"0";"2";"8";"12";"1";""
"202400006457";"155 770 425";"A01";"3";"7";"0";"1";"2";"1";"1";""
"202400006458";"155 770 423";"A01";"2";"7";"0";"2";"3";"26";"1";""
"202400006458";"155 770 424";"B01";"0";"0";"0";"9";"1";"1";"0";""
"202400006459";"155 770 422";"A01";"3";"7";"0";"1";"1";"19";"0";""
"202400006460";"155 770 420";"A01";"3";"33";"0";"2";"6";"14";"1";""
"202400006460";"155 770 421";"B01";"3";"7";"0";"2";"0";"0";"1";""
"202400006461";"155 770 416";"A01";"1";"7";"0";"9";"2";"15";"1";""
"202400006461";"155 770 417";"B01";"2";"1";"0";"2";"1";"1";"5";""
"202400006462";"155 770 415";"A01";"1";"50";"0";"0";"0";"1";"3";""
"202400006463";"155 770 413";"B01";"1";"7";"0";"2";"8";"10";"1";""
"202400006463";"155 770 414";"A01";"1";"7";"0";"2";"1";"10";"3";""
"202400006464";"155 770 412";"A01";"1";"7";"0";"1";"1";"1";"1";""
"202400006465";"155 770 410";"B01";"1";"7";"8";"0";"1";"2";"1";""
"202400006465";"155 770 411";"A01";"1";"7";"0";"2";"1";"2";"1";""
"202400006466";"155 770 409";"A01";"2";"50";"0";"1";"1";"26";"3";""
"202400006467";"155 770 407";"A01";"2";"10";"0";"2";"3";"9";"1";""
"202400006467";"155 770 408";"B01";"2";"50";"0";"2";"2";"1";"3";""
"202400006468";"155 770 406";"A01";"3";"7";"0";"1";"3";"15";"2";""
"202400006469";"155 770 405";"A01";"1";"10";"8";"0";"1";"26";"1";""
"202400006470";"155 770 401";"A01";"1";"7";"0";"2";"3";"1";"1";""
"202400006470";"155 770 402";"B01";"2";"30";"0";"2";"1";"1";"1";""
"202400006471";"155 770 400";"A01";"2";"7";"0";"1";"3";"16";"1";""
"202400006472";"155 770 398";"A01";"3";"33";"0";"0";"3";"15";"1";""
"202400006473";"155 770 399";"A01";"3";"7";"9";"0";"1";"1";"1";""
"202400006474";"155 770 397";"A01";"1";"7";"4";"0";"2";"1";"1";""
"202400006475";"155 770 394";"A01";"3";"7";"0";"2";"3";"1";"1";""
"202400006475";"155 770 396";"B01";"3";"7";"0";"2";"3";"1";"1";""
"202400006476";"155 770 391";"A01";"2";"21";"0";"2";"3";"1";"1";""
"202400006476";"155 770 392";"B01";"1";"7";"0";"2";"3";"13";"1";""
"202400006477";"155 770 393";"B01";"1";"7";"0";"2";"5";"2";"1";""
"202400006477";"155 770 395";"A01";"1";"33";"0";"2";"1";"1";"1";""
"202400006478";"155 770 390";"A01";"2";"33";"0";"0";"0";"0";"1";""
"202400006479";"155 770 387";"A01";"2";"7";"0";"2";"1";"5";"1";""
"202400006479";"155 770 388";"B01";"1";"15";"0";"2";"2";"1";"1";""
"202400006480";"155 770 385";"A01";"1";"7";"4";"0";"3";"0";"1";""
"202400006481";"155 770 386";"A01";"0";"7";"0";"0";"6";"0";"1";""
"202400006481";"155 770 389";"B01";"0";"33";"0";"2";"1";"15";"1";""
"202400006482";"155 770 383";"A01";"2";"17";"0";"0";"4";"23";"1";""
"202400006482";"155 770 384";"B01";"2";"17";"1";"0";"1";"2";"1";""
"202400006483";"155 770 382";"A01";"1";"34";"4";"0";"2";"1";"1";""
"202400006484";"155 770 380";"A01";"2";"10";"2";"0";"1";"0";"1";""
"202400006485";"155 770 378";"A01";"2";"7";"0";"2";"1";"2";"1";""
"202400006485";"155 770 379";"B01";"2";"7";"0";"0";"4";"1";"1";""
"202400006486";"155 770 377";"A01";"1";"7";"3";"0";"2";"13";"1";""
"202400006487";"155 770 376";"A01";"1";"7";"0";"2";"3";"9";"1";""
"202400006487";"155 770 381";"B01";"3";"7";"0";"2";"1";"1";"1";""
"202400006488";"155 770 374";"A01";"1";"7";"13";"2";"5";"17";"1";""
"202400006488";"155 770 375";"B01";"1";"17";"0";"2";"3";"1";"1";""
"202400006489";"155 770 373";"A01";"2";"50";"5";"0";"1";"1";"3";""
"202400006490";"155 770 372";"A01";"2";"7";"0";"1";"1";"1";"1";""
"202400006491";"155 770 371";"A01";"2";"7";"0";"1";"1";"15";"1";""
"202400006492";"155 770 368";"A01";"3";"7";"0";"2";"1";"0";"2";""
"202400006492";"155 770 369";"B01";"3";"7";"0";"2";"1";"0";"1";""
"202400006492";"155 770 370";"C01";"3";"7";"3";"2";"0";"0";"1";""
"202400006493";"155 770 367";"A01";"2";"30";"11";"0";"1";"1";"3";""
"202400006494";"155 770 363";"A01";"3";"15";"0";"2";"2";"1";"1";""
"202400006494";"155 770 364";"B01";"3";"7";"0";"2";"8";"19";"1";""
"202400006495";"155 770 361";"A01";"3";"7";"0";"2";"3";"15";"1";""
"202400006495";"155 770 362";"B01";"1";"7";"0";"2";"2";"1";"1";""
"202400006496";"155 770 359";"A01";"1";"7";"0";"1";"1";"1";"1";""
"202400006497";"155 770 358";"A01";"1";"14";"2";"0";"3";"13";"1";""
"202400006498";"155 770 356";"A01";"2";"7";"0";"2";"1";"13";"1";""
"202400006498";"155 770 357";"B01";"1";"7";"0";"2";"1";"1";"1";""
"202400006499";"155 770 354";"A01";"2";"7";"9";"2";"1";"1";"1";""
"202400006499";"155 770 355";"B01";"1";"7";"0";"2";"7";"15";"1";""
"202400006500";"155 770 351";"A01";"1";"10";"0";"2";"3";"13";"1";""
"202400006500";"155 770 352";"B01";"2";"17";"0";"2";"3";"1";"1";""
"202400006501";"155 770 353";"A01";"2";"10";"0";"1";"1";"1";"1";""
"202400006502";"155 770 349";"A01";"1";"7";"0";"2";"3";"13";"1";""
"202400006502";"155 770 350";"B01";"2";"7";"0";"2";"3";"1";"1";""
"202400006503";"155 770 348";"A01";"1";"7";"4";"0";"1";"16";"1";""
"202400006504";"155 770 345";"A01";"1";"7";"0";"2";"1";"2";"1";""
"202400006504";"155 770 346";"B01";"1";"7";"0";"2";"4";"23";"1";""
"202400006505";"155 770 344";"A01";"1";"7";"3";"2";"5";"1";"1";""
"202400006505";"155 770 347";"Z01";"1";"7";"0";"2";"1";"1";"0";""
"202400006506";"155 770 343";"A01";"3";"32";"4";"0";"8";"1";"1";""
"202400006507";"155 770 338";"A01";"0";"7";"0";"2";"3";"20";"1";""
"202400006507";"155 770 340";"B01";"0";"1";"0";"2";"1";"25";"5";""
"202400006508";"155 770 337";"A01";"1";"10";"0";"2";"1";"1";"1";""
"202400006508";"155 770 339";"B01";"1";"7";"0";"2";"4";"23";"1";""
"202400006508";"155 770 341";"C01";"1";"10";"0";"2";"4";"23";"1";""
"202400006508";"155 770 342";"D01";"1";"7";"0";"2";"3";"21";"1";""
"202400006509";"155 770 334";"A01";"0";"50";"0";"2";"0";"1";"3";""
"202400006509";"155 770 336";"B01";"0";"7";"0";"2";"1";"1";"1";""
"202400006510";"155 770 333";"B01";"1";"10";"0";"2";"1";"1";"1";""
"202400006510";"155 770 335";"A01";"1";"10";"0";"2";"4";"1";"1";""
"202400006511";"155 770 329";"B01";"3";"2";"0";"2";"8";"0";"1";""
"202400006511";"155 770 332";"A01";"2";"7";"0";"2";"1";"2";"1";""
"202400006512";"155 770 327";"A01";"1";"7";"0";"1";"3";"0";"1";""
"202400006513";"155 770 328";"C01";"2";"7";"0";"2";"6";"1";"1";""
"202400006513";"155 770 330";"B01";"2";"33";"0";"2";"7";"3";"1";""
"202400006513";"155 770 331";"A01";"2";"10";"0";"2";"3";"12";"1";""
"202400006514";"155 770 325";"A01";"1";"7";"0";"2";"2";"9";"1";""
"202400006514";"155 770 326";"B01";"2";"1";"0";"2";"5";"1";"5";""
"202400006515";"155 770 324";"A01";"1";"7";"3";"0";"8";"2";"1";""
"202400006516";"155 770 321";"B01";"1";"7";"0";"2";"0";"1";"1";""
"202400006516";"155 770 323";"A01";"1";"7";"0";"2";"0";"0";"0";""
"202400006517";"155 770 320";"A01";"2";"33";"0";"2";"1";"3";"1";""
"202400006517";"155 770 322";"B01";"2";"7";"0";"2";"7";"12";"1";""
"202400006518";"155 770 318";"A01";"0";"10";"0";"1";"2";"0";"0";""
"202400006519";"155 770 317";"A01";"2";"7";"0";"2";"8";"11";"1";""
"202400006519";"155 770 319";"B01";"2";"33";"0";"2";"2";"3";"1";""
"202400006520";"155 770 315";"A01";"1";"7";"3";"0";"3";"16";"1";""
"202400006521";"155 770 314";"A01";"1";"7";"0";"2";"2";"15";"1";""
"202400006521";"155 770 316";"B01";"2";"2";"0";"2";"1";"1";"1";""
"202400006522";"155 770 313";"A01";"3";"10";"0";"1";"4";"26";"1";""
"202400006523";"155 770 312";"A01";"1";"37";"0";"1";"4";"20";"1";"1"
"202400006524";"155 770 310";"A01";"3";"7";"13";"0";"1";"1";"1";""
"202400006525";"155 770 308";"A01";"1";"10";"0";"2";"3";"1";"1";""
"202400006525";"155 770 311";"B01";"2";"7";"0";"2";"3";"1";"1";""
"202400006526";"155 770 307";"A01";"2";"7";"0";"2";"3";"19";"2";""
"202400006526";"155 770 309";"B01";"1";"33";"0";"2";"1";"3";"1";""
"202400006527";"155 770 306";"A01";"1";"7";"8";"0";"1";"13";"1";""
"202400006528";"155 770 305";"A01";"1";"7";"13";"0";"9";"21";"1";""
"202400006529";"155 770 302";"A01";"3";"3";"13";"0";"1";"1";"3";""
"202400006530";"155 770 301";"B01";"1";"7";"0";"2";"6";"26";"1";""
"202400006530";"155 770 304";"A01";"1";"33";"0";"2";"5";"17";"1";""
"202400006531";"155 770 297";"C01";"2";"7";"0";"2";"8";"1";"2";""
"202400006531";"155 770 299";"A01";"2";"30";"0";"2";"1";"17";"1";""
"202400006531";"155 770 300";"B01";"1";"7";"0";"2";"1";"1";"2";""
"202400006531";"155 770 303";"Z01";"2";"34";"0";"2";"5";"17";"0";""
"202400006532";"155 770 296";"B01";"2";"7";"0";"0";"4";"2";"1";""
"202400006532";"155 770 298";"A01";"2";"7";"0";"2";"1";"2";"1";""
"202400006533";"155 770 294";"B01";"1";"0";"0";"0";"0";"5";"0";""
"202400006533";"155 770 295";"A01";"2";"31";"0";"2";"0";"1";"1";""
"202400006534";"155 770 291";"B01";"3";"7";"0";"2";"8";"19";"1";""
"202400006534";"155 770 293";"A01";"3";"7";"0";"2";"3";"19";"1";""
"202400006535";"155 770 292";"A01";"1";"7";"0";"1";"1";"9";"1";""
"202400006536";"155 770 287";"B01";"1";"7";"0";"9";"3";"1";"1";""
"202400006536";"155 770 289";"A01";"2";"50";"0";"2";"1";"5";"3";""
"202400006537";"155 770 286";"A01";"1";"7";"0";"2";"3";"18";"1";""
"202400006537";"155 770 288";"B01";"1";"10";"0";"2";"2";"9";"1";""
"202400006537";"155 770 290";"C01";"1";"37";"0";"2";"8";"0";"1";"1"
"202400006538";"155 770 285";"A01";"1";"39";"0";"1";"2";"1";"3";""
"202400006539";"155 770 282";"A01";"3";"33";"0";"2";"1";"5";"1";""
"202400006539";"155 770 283";"B01";"3";"7";"0";"2";"3";"15";"3";""
"202400006540";"155 770 280";"B01";"3";"7";"0";"2";"1";"1";"1";""
"202400006540";"155 770 284";"A01";"3";"1";"0";"2";"8";"1";"5";""
"202400006541";"155 770 279";"A01";"2";"7";"0";"2";"8";"1";"1";""
"202400006541";"155 770 281";"B01";"1";"50";"0";"2";"7";"1";"3";""
"202400006542";"155 770 276";"A01";"1";"30";"0";"0";"0";"0";"3";""
"202400006543";"155 770 275";"A01";"1";"7";"0";"2";"1";"15";"1";""
"202400006543";"155 770 277";"B01";"1";"1";"0";"2";"1";"23";"5";""
"202400006544";"155 770 274";"B01";"1";"7";"0";"2";"7";"1";"1";""
"202400006544";"155 770 278";"A01";"0";"1";"0";"2";"8";"15";"5";""