"Num_Acc";"id_vehicule";"num_veh";"senc";"catv";"obs";"obsm";"choc";"manv";"motor";"occutc"
"202400006545";"155 770 271";"A01";"1";"7";"0";"2";"3";"0";"1";""
"202400006545";"155 770 273";"B01";"1";"33";"0";"2";"7";"1";"1";""
"202400006546";"155 770 270";"A01";"1";"0";"0";"1";"0";"1";"0";""
"202400006547";"155 770 268";"C01";"2";"7";"0";"2";"2";"13";"1";""
"202400006547";"155 770 269";"A01";"1";"7";"0";"2";"3";"1";"1";""
"202400006547";"155 770 272";"B01";"2";"7";"0";"2";"1";"1";"2";""
"202400006548";"155 770 267";"A01";"1";"37";"0";"1";"1";"1";"0";"1"
"202400006549";"155 770 265";"B01";"1";"31";"0";"2";"1";"1";"1";""
"202400006549";"155 770 266";"A01";"2";"7";"0";"2";"7";"15";"1";""
"202400006550";"155 770 264";"A01";"2";"7";"1";"0";"0";"0";"1";""
"202400006551";"155 770 263";"A01";"2";"7";"0";"1";"1";"16";"1";""
"202400006552";"155 770 262";"A01";"3";"7";"0";"1";"2";"16";"1";""
"202400006553";"155 770 259";"B01";"2";"7";"0";"2";"4";"2";"1";""
"202400006553";"155 770 261";"A01";"2";"7";"0";"2";"1";"2";"1";""
"202400006554";"155 770 258";"A01";"2";"7";"0";"2";"1";"1";"1";""
"202400006554";"155 770 260";"B01";"2";"7";"0";"2";"1";"2";"2";""
"202400006555";"155 770 256";"A01";"3";"7";"0";"1";"1";"16";"1";""
"202400006556";"155 770 255";"A01";"2";"7";"0";"2";"1";"2";"1";""
"202400006556";"155 770 257";"B01";"2";"43";"0";"2";"4";"2";"1";""
"202400006557";"155 770 251";"B01";"2";"7";"0";"2";"3";"1";"1";""
"202400006557";"155 770 252";"A01";"2";"7";"0";"2";"5";"14";"1";""
"202400006558";"155 770 248";"B01";"1";"37";"0";"2";"3";"1";"0";"1"
"202400006558";"155 770 250";"A01";"2";"10";"0";"2";"2";"15";"1";""
"202400006559";"155 770 247";"A01";"0";"7";"0";"2";"2";"10";"1";""
"202400006559";"155 770 249";"B01";"1";"31";"0";"2";"1";"1";"1";""
"202400006560";"155 770 245";"A01";"1";"31";"0";"2";"1";"1";"1";""
"202400006560";"155 770 246";"B01";"1";"7";"0";"0";"4";"1";"1";""
"202400006561";"155 770 243";"A01";"1";"7";"0";"2";"3";"0";"2";""
"202400006561";"155 770 244";"B01";"1";"1";"0";"2";"0";"0";"5";""
"202400006562";"155 770 242";"A01";"1";"7";"6";"0";"1";"16";"1";""
"202400006563";"155 770 240";"A01";"1";"13";"0";"0";"0";"15";"3";""
"202400006563";"155 770 241";"B01";"2";"1";"0";"0";"0";"26";"5";""
"202400006564";"155 770 235";"A01";"3";"50";"0";"1";"2";"25";"3";""
"202400006565";"155 770 236";"A01";"1";"7";"0";"2";"1";"0";"1";""
"202400006565";"155 770 238";"B01";"1";"1";"0";"2";"0";"1";"5";""
"202400006566";"155 770 234";"A01";"1";"7";"6";"0";"0";"0";"1";""
"202400006567";"155 770 232";"A01";"3";"7";"0";"1";"1";"0";"1";""
"202400006568";"155 770 231";"A01";"3";"7";"1";"0";"2";"1";"3";""
"202400006568";"155 770 233";"D01";"3";"7";"0";"0";"4";"24";"2";""
"202400006569";"155 770 230";"A01";"1";"7";"0";"1";"0";"26";"1";""
"202400006570";"155 770 227";"A01";"1";"80";"0";"0";"0";"1";"3";""
"202400006571";"155 770 226";"A01";"2";"33";"0";"0";"0";"24";"1";""
"202400006572";"155 770 224";"A01";"1";"7";"6";"0";"0";"0";"1";""
"202400006573";"155 770 222";"B01";"2";"7";"0";"2";"5";"17";"1";""
"202400006573";"155 770 225";"A01";"1";"43";"0";"2";"1";"1";"1";""
"202400006574";"155 770 221";"A01";"1";"7";"0";"0";"0";"0";"1";""
"202400006575";"155 770 220";"B01";"1";"7";"0";"2";"8";"1";"1";""
"202400006575";"155 770 223";"A01";"1";"7";"0";"2";"1";"1";"1";""
"202400006576";"155 770 218";"A01";"1";"7";"0";"0";"0";"0";"1";""
"202400006577";"155 770 217";"B01";"2";"14";"1";"2";"8";"1";"1";""
"202400006577";"155 770 219";"A01";"2";"10";"1";"2";"9";"14";"1";""
"202400006578";"155 770 215";"B01";"3";"20";"0";"2";"1";"26";"6";""
"202400006578";"155 770 216";"A01";"1";"7";"0";"2";"8";"1";"2";""
"202400006579";"155 770 212";"A01";"1";"33";"0";"2";"1";"0";"1";""
"202400006579";"155 770 214";"B01";"1";"33";"0";"2";"1";"0";"1";""
"202400006580";"155 770 210";"B01";"2";"7";"0";"2";"1";"1";"1";""
"202400006580";"155 770 213";"A01";"1";"7";"16";"2";"1";"1";"2";""
"202400006581";"155 770 211";"A01";"1";"7";"0";"1";"2";"1";"1";""
"202400006582";"155 770 209";"A01";"1";"7";"8";"0";"1";"1";"1";""
"202400006583";"155 770 207";"A01";"2";"1";"0";"1";"1";"1";"5";""
"202400006584";"155 770 206";"A01";"2";"17";"6";"0";"1";"1";"1";""
"202400006585";"155 770 203";"A01";"1";"7";"1";"1";"3";"15";"1";""
"202400006586";"155 770 202";"B01";"1";"1";"0";"2";"7";"26";"5";""
"202400006586";"155 770 205";"A01";"1";"7";"1";"2";"1";"19";"1";""
"202400006587";"155 770 204";"A01";"2";"80";"0";"1";"1";"1";"3";""
"202400006588";"155 770 199";"A01";"3";"7";"0";"2";"8";"15";"1";""
"202400006588";"155 770 201";"B01";"3";"31";"0";"2";"1";"17";"1";""
"202400006589";"155 770 198";"A01";"1";"10";"0";"2";"3";"10";"1";""
"202400006589";"155 770 200";"B01";"1";"30";"0";"2";"1";"17";"3";""
"202400006590";"155 770 196";"A01";"2";"7";"0";"2";"1";"13";"1";""
"202400006590";"155 770 197";"B01";"1";"7";"0";"2";"1";"1";"1";""
"202400006591";"155 770 193";"A01";"3";"7";"0";"0";"3";"1";"1";""
"202400006591";"155 770 194";"B01";"3";"1";"0";"2";"1";"1";"5";""
"202400006592";"155 770 190";"B01";"3";"7";"0";"2";"1";"1";"1";""
"202400006592";"155 770 192";"A01";"3";"2";"0";"2";"1";"5";"1";""
"202400006593";"155 770 191";"B01";"1";"7";"0";"2";"1";"1";"2";""
"202400006593";"155 770 195";"A01";"1";"1";"0";"2";"8";"1";"5";""
"202400006594";"155 770 187";"A01";"2";"10";"0";"0";"9";"13";"1";""
"202400006595";"155 770 188";"A01";"2";"7";"0";"2";"1";"1";"1";""
"202400006595";"155 770 189";"B01";"2";"7";"9";"2";"4";"23";"1";""
"202400006596";"155 770 185";"A01";"2";"7";"0";"2";"3";"9";"2";""
"202400006596";"155 770 186";"B01";"2";"32";"0";"2";"7";"1";"1";""
"202400006597";"155 770 184";"A01";"1";"7";"0";"1";"1";"1";"0";""
"202400006598";"155 770 182";"B01";"1";"7";"0";"2";"3";"1";"2";""
"202400006598";"155 770 183";"A01";"2";"30";"0";"2";"1";"1";"1";""
"202400006599";"155 770 180";"A01";"2";"7";"8";"0";"1";"1";"1";""
"202400006599";"155 770 181";"B01";"2";"7";"0";"0";"7";"1";"1";""
"202400006600";"155 770 179";"A01";"1";"7";"0";"1";"1";"1";"1";""
"202400006601";"155 770 178";"A01";"1";"7";"0";"1";"1";"1";"1";""
"202400006602";"155 770 176";"B01";"1";"50";"0";"4";"6";"1";"3";""
"202400006602";"155 770 177";"A01";" -1";"39";"0";"2";"7";"1";"3";""
"202400006603";"155 770 174";"A01";"3";"7";"1";"1";"4";"1";"1";""
"202400006604";"155 770 173";"A01";"0";"7";"0";"1";"6";"15";"1";""
"202400006605";"155 770 172";"B01";"0";"37";"0";"2";"1";"7";"1";"2"
"202400006605";"155 770 175";"A01";"0";"7";"0";"2";"8";"9";"1";""
"202400006606";"155 770 170";"B01";"2";"7";"0";"2";"1";"1";"1";""
"202400006606";"155 770 171";"A01";"1";"50";"0";"2";"1";"15";"3";""
"202400006607";"155 770 169";"A01";"3";"39";"0";"1";"1";"1";"0";""
"202400006608";"155 770 168";"A01";"1";"7";"6";"0";"1";"0";"1";""
"202400006609";"155 770 167";"A01";"2";"30";"0";"0";"0";"1";"1";""
"202400006610";"155 770 166";"A01";"3";"7";"0";"1";"1";"12";"1";""
"202400006611";"155 770 164";"A01";"2";"7";"0";"9";"0";"0";"2";""
"202400006611";"155 770 165";"B01";"2";"1";"0";"9";"0";"0";"5";""
"202400006612";"155 770 161";"A01";"3";"7";"0";"2";"3";"0";"1";""
"202400006612";"155 770 163";"B01";"3";"2";"0";"2";"1";"1";"1";""
"202400006613";"155 770 160";"A01";"2";"7";"0";"2";"1";"2";"1";""
"202400006613";"155 770 162";"B01";"2";"33";"0";"2";"4";"2";"1";""
"202400006614";"155 770 158";"A01";"3";"7";"0";"1";"2";"22";"1";""
"202400006615";"155 770 156";"A01";"3";"7";"0";"0";"1";"0";"1";""
"202400006616";"155 770 157";"A01";"0";"7";"0";"2";"2";"12";"1";""
"202400006616";"155 770 159";"B01";"0";"1";"0";"2";"3";"1";"5";""
"202400006617";"155 770 155";"A01";"3";"7";"0";"0";"0";"0";"1";""
"202400006618";"155 770 154";"A01";"1";"7";"0";"1";"3";"1";"1";""
"202400006619";"155 770 152";"B01";"2";"2";"0";"2";"1";"1";"0";""
"202400006619";"155 770 153";"A01";"2";"7";"0";"2";"2";"16";"0";""
"202400006620";"155 770 151";"A01";"2";"31";"12";"0";"0";"1";"1";""
"202400006621";"155 770 148";"A01";"1";"3";"0";"0";"3";"1";"1";""
"202400006622";"155 770 149";"A01";"3";"7";"0";"2";"1";"14";"1";""
"202400006622";"155 770 150";"B01";"3";"7";"0";"2";"4";"1";"1";""
"202400006623";"155 770 146";"A01";"2";"33";"0";"2";"2";"17";"1";""
"202400006623";"155 770 147";"B01";"2";"7";"0";"2";"3";"1";"1";""
"202400006624";"155 770 144";"A01";"0";"7";"0";"9";"2";"15";"1";""
"202400006624";"155 770 145";"B01";"0";"1";"0";"2";"1";"1";"5";""
"202400006625";"155 770 143";"A01";"1";"7";"0";"1";"2";"16";"1";""
"202400006626";"155 770 142";"A01";"1";"7";"0";"1";"2";"1";"1";""
"202400006627";"155 770 138";"B01";"2";"15";"0";"2";"8";"1";"1";""
"202400006627";"155 770 140";"A01";"2";"30";"0";"2";"7";"12";"1";""
"202400006628";"155 770 137";"A01";"2";"33";"0";"2";"3";"1";"1";""
"202400006628";"155 770 139";"B01";"2";"7";"0";"2";"2";"0";"1";""
"202400006629";"155 770 136";"B01";"3";"7";"0";"2";"7";"2";"1";""
"202400006629";"155 770 141";"A01";"1";"50";"0";"2";"1";"1";"3";""
"202400006630";"155 770 134";"A01";"1";"7";"0";"1";"2";"19";"6";""
"202400006631";"155 770 132";"A01";"1";"7";"0";"2";"4";"20";"1";""
"202400006631";"155 770 135";"B01";"1";"7";"0";"2";"1";"1";"3";""
"202400006632";"155 770 131";"A01";"2";"7";"0";"2";"1";"1";"1";""
"202400006632";"155 770 133";"B01";"3";"33";"0";"2";"8";"15";"1";""
"202400006633";"155 770 130";"A01";"2";"7";"0";"1";"1";"1";"1";""
"202400006634";"155 770 128";"A01";"2";"7";"13";"0";"2";"1";"1";""
"202400006635";"155 770 126";"A01";"1";"37";"0";"2";"2";"15";"1";"1"
"202400006635";"155 770 129";"B01";"1";"37";"6";"0";"1";"0";"1";"1"
"202400006636";"155 770 125";"B01";"1";"2";"0";"2";"8";"13";"1";""
"202400006636";"155 770 127";"A01";"1";"33";"0";"2";"7";"1";"1";""
"202400006637";"155 770 121";"B01";"1";"1";"0";"2";"1";"0";"5";""
"202400006637";"155 770 124";"A01";"1";"7";"0";"2";"3";"0";"1";""
"202400006638";"155 770 118";"A01";"3";"7";"0";"2";"3";"15";"1";""
"202400006638";"155 770 120";"B01";"2";"32";"0";"2";"1";"17";"1";""
"202400006639";"155 770 117";"A01";"2";"10";"0";"2";"1";"2";"1";""
"202400006639";"155 770 119";"B01";"2";"7";"0";"2";"4";"2";"1";""
"202400006639";"155 770 122";"C01";"2";"10";"0";"2";"4";"2";"1";""
"202400006639";"155 770 123";"D01";"2";"7";"0";"2";"5";"2";"2";""
"202400006640";"155 770 116";"A01";"2";"50";"0";"0";"0";"1";"3";""
"202400006641";"155 770 114";"A01";"1";"7";"9";"0";"1";"1";"1";""
"202400006642";"155 770 113";"A01";"3";"7";"0";"2";"7";"14";"1";""
"202400006642";"155 770 115";"B01";"3";"1";"0";"2";"8";"15";"5";""
"202400006643";"155 770 110";"B01";"2";"14";"0";"2";"3";"1";"1";""
"202400006643";"155 770 112";"A01";"1";"7";"7";"2";"1";"13";"1";""
"202400006644";"155 770 109";"B01";"2";"21";"0";"2";"4";"2";"0";""
"202400006644";"155 770 111";"A01";"2";"7";"0";"2";"1";"2";"6";""
"202400006645";"155 770 107";"A01";"1";"7";"0";"1";"1";"26";"1";""
"202400006646";"155 770 105";"A01";"1";"7";"0";"2";"3";"15";"2";""
"202400006646";"155 770 108";"B01";"3";"32";"0";"2";"1";"0";"1";""
"202400006647";"155 770 104";"A01";"1";"33";"2";"2";"0";"1";"1";""
"202400006647";"155 770 106";"B01";"2";"10";"0";"2";"2";"15";"1";""
"202400006648";"155 770 102";"T01";"2";"7";"3";"0";"1";"21";"1";""
"202400006648";"155 770 103";"A01";"2";"7";"0";"1";"2";"1";"1";""
"202400006649";"155 770 101";"A01";"1";"7";"7";"0";"1";"14";"1";""
"202400006650";"155 770 100";"A01";"2";"7";"0";"1";"1";"1";"1";""
"202400006651";"155 770 099";"A01";"1";"31";"3";"0";"1";"14";"1";""
"202400006652";"155 770 097";"A01";"2";"10";"4";"0";"1";"2";"1";""
"202400006653";"155 770 096";"A01";"2";"7";"0";"1";"1";"1";"1";""
"202400006654";"155 770 095";"A01";"2";"7";"0";"2";"6";"1";"1";""
"202400006654";"155 770 098";"B01";"1";"33";"0";"2";"3";"1";"1";""
"202400006655";"155 770 092";"Z01";" -1";"0";" -1";" -1";" -1";" -1";" -1";""
"202400006655";"155 770 094";"A01";"2";"7";"0";"2";"6";"2";"1";""
"202400006656";"155 770 091";"A01";"2";"7";"0";"0";"2";"1";"1";""
"202400006657";"155 770 090";"B01";"2";"7";"0";"2";"7";"1";"1";""
"202400006657";"155 770 093";"A01";"3";"7";"0";"2";"1";"9";"1";""
"202400006658";"155 770 089";"A01";"3";"7";"0";"1";"3";"15";"1";""
"202400006659";"155 770 086";"A01";"1";"7";"0";"1";"3";"15";"1";""
"202400006660";"155 770 085";"A01";"2";"7";"0";"2";"3";"13";"0";""
"202400006660";"155 770 088";"B01";"1";"7";"0";"2";"3";"26";"1";""
"202400006661";"155 770 084";"B01";"2";"7";"16";"2";"6";"9";"1";""
"202400006661";"155 770 087";"A01";"2";"7";"7";"2";"2";"1";"1";""
"202400006662";"155 770 081";"A01";"0";"7";"0";"0";"0";"1";"1";""
"202400006663";"155 770 080";"B01";"1";"7";"0";"2";"2";"1";"1";""
"202400006663";"155 770 083";"A01";"3";"10";"0";"2";"1";"1";"1";""
"202400006664";"155 770 079";"B01";"1";"30";"0";"2";"8";"15";"1";""
"202400006664";"155 770 082";"A01";"1";"7";"0";"2";"2";"15";"1";""
"202400006665";"155 770 075";"A01";"0";"33";"0";"2";"1";"1";"1";""
"202400006665";"155 770 078";"Z01";"1";"7";"0";"2";"3";"15";"0";""
"202400006666";"155 770 076";"A01";"2";"7";"0";"2";"5";"1";"1";""
"202400006666";"155 770 077";"B01";"1";"50";"0";"2";"1";"19";"3";""
"202400006667";"155 770 074";"A01";"2";"7";"15";"0";"2";"19";"1";""
"202400006668";"155 770 070";"A01";"3";"7";"0";"2";"3";"1";"1";""
"202400006668";"155 770 073";"B01";"3";"50";"0";"2";"4";"19";"3";""
"202400006669";"155 770 069";"B01";"3";"21";"0";"2";"5";"1";"1";""
"202400006669";"155 770 072";"A01";"3";"1";"0";"2";"0";"1";"5";""
"202400006670";"155 770 067";"A01";"2";"7";"0";"2";"1";"1";"1";""
"202400006670";"155 770 068";"C01";"0";"7";"0";"9";"4";"1";"1";""
"202400006670";"155 770 071";"B01";"3";"33";"0";"2";"8";"15";"1";""
"202400006671";"155 770 065";"A01";"2";"80";"0";"0";"0";"0";"3";""
"202400006672";"155 770 064";"A01";"3";"7";"0";"9";"1";"2";"2";""
"202400006672";"155 770 066";"B01";"3";"60";"0";"2";"8";"2";"5";""
"202400006673";"155 770 061";"A01";"1";"7";"0";"0";"9";"14";"1";""
"202400006674";"155 770 060";"A01";"1";"7";"0";"2";"2";"15";"2";""
"202400006674";"155 770 063";"B01";"2";"37";"0";"2";"3";"1";"1";"4"
"202400006675";"155 770 058";"A01";"3";"7";"0";"1";"2";"1";"2";""
"202400006676";"155 770 057";"A01";"1";"80";"0";"1";"1";"1";"3";""
"202400006677";"155 770 056";"A01";"2";"7";"2";"0";"1";"13";"1";""
"202400006678";"155 770 054";"A01";"0";"2";"0";"0";"0";"1";"1";""
"202400006679";"155 770 053";"A01";"3";"30";"0";"2";"1";"9";"1";""
"202400006679";"155 770 055";"B01";"0";"10";"0";"2";"3";"1";"1";""
"202400006680";"155 770 051";"A01";"1";"7";"0";"1";"2";"1";"1";""
"202400006681";"155 770 048";"A01";"3";"7";"0";"1";"8";"1";"1";""
"202400006682";"155 770 046";"A01";"2";"7";"0";"2";"1";"2";"1";""
"202400006682";"155 770 049";"B01";"2";"7";"0";"2";"4";"1";"1";""
"202400006682";"155 770 050";"C01";"2";"7";"1";"0";"3";"3";"1";""
"202400006682";"155 770 052";"D01";"2";"7";"0";"2";"2";"1";"1";""
"202400006683";"155 770 045";"A01";"2";"7";"0";"2";"2";"19";"1";""
"202400006683";"155 770 047";"B01";"2";"33";"0";"2";"1";"1";"1";""
"202400006684";"155 770 042";"B01";"2";"33";"0";"2";"2";"0";"1";""
"202400006684";"155 770 044";"A01";"2";"10";"0";"2";"6";"0";"1";""
"202400006685";"155 770 041";"A01";"1";"7";"0";"1";"3";"1";"1";""
"202400006685";"155 770 043";"B01";"1";"7";"0";"1";"3";"1";"1";""
"202400006686";"155 770 040";"A01";"2";"7";"13";"0";"1";"21";"1";""
"202400006687";"155 770 036";"A01";"1";"7";"0";"2";"5";"2";"1";""
"202400006687";"155 770 038";"B01";"1";"33";"0";"2";"1";"11";"1";""
"202400006688";"155 770 033";"B01";"1";"7";"0";"2";"3";"1";"1";""
"202400006688";"155 770 035";"A01";"2";"32";"0";"2";"1";"13";"1";""
"202400006689";"155 770 032";"B01";"1";"7";"0";"2";"4";"2";"1";""
"202400006689";"155 770 034";"C01";"1";"7";"0";"2";"4";"2";"1";""
"202400006689";"155 770 037";"D01";"1";"7";"0";"2";"4";"2";"1";""
"202400006689";"155 770 039";"A01";"1";"7";"0";"2";"1";"2";"1";""
"202400006690";"155 770 031";"A01";"3";"10";"0";"0";"9";"4";"1";""
"202400006691";"155 770 030";"A01";"3";"7";"0";"1";"3";"1";"1";""
"202400006692";"155 770 027";"A01";"2";"30";"12";"2";"8";"5";"1";""
"202400006692";"155 770 029";"B01";"1";"7";"0";"2";"1";"1";"1";""
"202400006693";"155 770 026";"A01";"1";"7";"0";"1";"2";"1";"1";""
"202400006694";"155 770 022";"A01";"2";"32";"1";"0";"0";"1";"1";""
"202400006695";"155 770 020";"A01";"1";"7";"0";"2";"1";"1";"1";""
"202400006695";"155 770 023";"B01";"1";"7";"0";"2";"4";"1";"1";""
"202400006695";"155 770 025";"C01";"1";"7";"0";"2";"4";"2";"1";""
"202400006696";"155 770 021";"B01";"1";"7";"0";"2";"3";"15";"1";""
"202400006696";"155 770 024";"A01";"1";"33";"1";"2";"1";"11";"1";""
"202400006697";"155 770 019";"A01";"1";"30";"8";"0";"0";"1";"1";""
"202400006698";"155 770 016";"B01";"1";"10";"0";"2";"3";"1";"1";""
"202400006698";"155 770 018";"A01";"2";"2";"0";"2";"1";"26";"1";""
"202400006699";"155 770 014";"A01";"0";"39";"0";"1";"7";"19";"6";""
"202400006700";"155 770 015";"B01";"1";"10";"0";"0";"7";"15";"1";""
"202400006700";"155 770 017";"A01";"2";"7";"0";"2";"1";"1";"1";""
"202400006701";"155 770 012";"A01";"1";"7";"0";"2";"1";"17";"1";""
"202400006701";"155 770 013";"B01";"2";"7";"0";"0";"1";"1";"1";""
"202400006702";"155 770 009";"A01";"3";"31";"0";"2";"1";"1";"1";""
"202400006702";"155 770 011";"B01";"3";"7";"0";"2";"3";"1";"1";""
"202400006703";"155 770 008";"B01";"1";"7";"0";"2";"8";"15";"1";""
"202400006703";"155 770 010";"A01";"1";"30";"0";"2";"1";"21";"1";""
"202400006704";"155 770 007";"A01";"1";"31";"2";"0";"0";"2";"1";""
"202400006705";"155 770 004";"A01";"2";"34";"13";"0";"2";"1";"1";""
"202400006706";"155 770 005";"A01";"2";"7";"0";"2";"1";"2";"1";""
"202400006706";"155 770 006";"B01";"2";"7";"0";"0";"4";"2";"2";""
"202400006707";"155 770 003";"A01";"2";"33";"0";"0";"2";"17";"1";""
"202400006708";"155 770 001";"A01";"1";"32";"0";"0";"3";"1";"3";""
"202400006709";"155 769 999";"A01";"3";"7";"0";"2";"3";"9";"1";""
"202400006709";"155 770 002";"B01";"3";"33";"0";"2";"1";"13";"1";""
"202400006710";"155 769 998";"B01";"2";"1";"0";"2";"6";"1";"5";""
"202400006710";"155 770 000";"A01";"2";"32";"0";"2";"2";"18";"1";""
"202400006711";"155 769 993";"B01";"2";"15";"0";"2";"1";"19";"1";""
"202400006711";"155 769 996";"A01";"1";"7";"5";"0";"2";"1";"1";""
"202400006712";"155 769 992";"A01";"2";"7";"0";"2";"3";"13";"1";""
"202400006712";"155 769 995";"B01";"1";"7";"0";"2";"8";"21";"1";""
"202400006712";"155 769 997";"C01";"1";"7";"0";"2";"1";"1";"1";""
"202400006713";"155 769 994";"A01";"2";"50";"0";"1";"1";"1";"3";""
"202400006714";"155 769 988";"B01";"1";"7";"0";"2";"1";"9";"1";""
"202400006714";"155 769 990";"A01";"1";"33";"0";"2";"8";"1";"1";""
"202400006715";"155 769 986";"B01";"1";"7";"0";"2";"3";"1";"1";""
"202400006715";"155 769 991";"A01";"2";"30";"0";"2";"2";"1";"1";""
"202400006716";"155 769 987";"A01";"1";"10";"0";"2";"2";"15";"1";""
"202400006716";"155 769 989";"B01";"2";"33";"0";"2";"1";"1";"1";""
"202400006717";"155 769 985";"A01";"1";"33";"1";"0";"1";"2";"1";""
"202400006718";"155 769 984";"A01";"1";"33";"0";"0";"0";"0";"1";""
"202400006719";"155 769 983";"Z01";"1";"30";"0";"1";"1";"5";"0";""
"202400006720";"155 769 981";"A01";"1";"7";"0";"0";"7";"13";"1";""
"202400006720";"155 769 982";"B01";"2";"7";"0";"2";"1";"1";"1";""
"202400006721";"155 769 980";"A01";"2";"33";"6";"0";"3";"13";"1";""
"202400006722";"155 769 977";"B01";"2";"7";"0";"2";"4";"1";"1";""
"202400006722";"155 769 978";"A01";"2";"30";"0";"2";"1";"2";"1";""
"202400006723";"155 769 976";"B01";"1";"1";"0";"2";"1";"16";"5";""
"202400006723";"155 769 979";"A01";"2";"7";"0";"2";"2";"1";"1";""
"202400006724";"155 769 975";"A01";"3";"7";"2";"0";"1";"13";"1";""
"202400006725";"155 769 971";"A01";"1";"7";"0";"2";"2";"17";"1";""
"202400006725";"155 769 973";"B01";"1";"1";"0";"2";"3";"1";"5";""
"202400006726";"155 769 970";"A01";"2";"3";"0";"2";"1";"1";"1";""
"202400006726";"155 769 974";"B01";"0";"7";"0";"2";"4";"23";"1";""
"202400006727";"155 769 969";"B01";"1";"1";"0";"0";"4";"15";"5";""
"202400006727";"155 769 972";"A01";"1";"7";"0";"2";"4";"1";"1";""
"202400006728";"155 769 966";"A01";"1";"30";"0";"2";"0";"18";"1";""
"202400006728";"155 769 967";"B01";"1";"7";"0";"2";"5";"1";"3";""
"202400006729";"155 769 963";"A01";"3";"7";"16";"0";"9";"4";"1";""
"202400006730";"155 769 964";"A01";"1";"10";"0";"2";"3";"15";"1";""
"202400006730";"155 769 965";"B01";"1";"7";"16";"2";"2";"17";"1";""
"202400006731";"155 769 962";"A01";"1";"1";"0";"0";"1";"1";"5";""
"202400006732";"155 769 959";"A01";"1";"7";"0";"2";"3";"1";"1";""
"202400006732";"155 769 960";"B01";"2";"7";"0";"2";"3";"1";"1";""
"202400006733";"155 769 958";"A01";"2";"80";"0";"2";"0";"21";"3";""
"202400006734";"155 769 957";"A01";"3";"7";"2";"0";"2";"1";"1";""
"202400006735";"155 769 955";"A01";"1";"80";"0";"1";"1";"1";"3";""
"202400006736";"155 769 953";"A01";"3";"2";"0";"2";"2";"19";"1";""
"202400006736";"155 769 956";"B01";"1";"7";"0";"2";"3";"1";"1";""
"202400006737";"155 769 951";"A01";"2";"7";"0";"2";"3";"24";"1";""
"202400006737";"155 769 952";"B01";"2";"32";"1";"2";"1";"1";"1";""
"202400006737";"155 769 954";"C01";"3";"7";"0";"2";"4";"23";"1";""
"202400006738";"155 769 948";"B01";"1";"33";"0";"2";"1";"1";"1";""
"202400006738";"155 769 949";"A01";"3";"7";"0";"2";"3";"9";"2";""
"202400006739";"155 769 945";"B01";"1";"7";"8";"2";"3";"1";"1";""
"202400006739";"155 769 950";"A01";"1";"7";"0";"2";"2";"12";"2";""
"202400006740";"155 769 946";"A01";"3";"7";"0";"0";"2";"15";"1";""
"202400006740";"155 769 947";"B01";"1";"33";"0";"2";"1";"1";"1";""
"202400006741";"155 769 943";"A01";"1";"7";"0";"2";"8";"22";"1";""
"202400006741";"155 769 944";"B01";"1";"1";"0";"2";"7";"1";"5";""
"202400006742";"155 769 942";"A01";"2";"32";"4";"0";"2";"1";"1";""
"202400006743";"155 769 940";"A01";"1";"15";"0";"2";"2";"12";"1";""
"202400006743";"155 769 941";"B01";"1";"7";"0";"2";"8";"1";"1";""
"202400006744";"155 769 939";"A01";"3";"30";"0";"0";"0";"1";"1";""
"202400006745";"155 769 937";"A01";"2";"50";"0";"0";"0";"1";"3";""
"202400006746";"155 769 936";"A01";"2";"10";"0";"2";"1";"2";"1";""
"202400006746";"155 769 938";"B01";"2";"7";"0";"2";"4";"2";"3";""
"202400006747";"155 769 933";"A01";"2";"1";"0";"2";"8";"5";"5";""
"202400006747";"155 769 935";"B01";"1";"7";"0";"2";"1";"16";"1";""
"202400006748";"155 769 932";"B01";"3";"7";"0";"2";"1";"1";"0";""
"202400006748";"155 769 934";"A01";"3";"7";"0";"2";"4";"1";"0";""
"202400006749";"155 769 930";"A01";"2";"7";"12";"0";"0";"0";"1";""
"202400006750";"155 769 929";"B01";"2";"7";"0";"2";"3";"1";"1";""
"202400006750";"155 769 931";"A01";"1";"7";"0";"2";"3";"13";"1";""
"202400006751";"155 769 928";"A01";"2";"50";"0";"1";"1";"1";"3";""
"202400006752";"155 769 926";"A01";"3";"7";"0";"1";"1";"1";"1";""
"202400006753";"155 769 924";"A01";"2";"1";"0";"2";"4";"1";"5";""
"202400006753";"155 769 927";"B01";"2";"1";"0";"2";"1";"17";"5";""
"202400006754";"155 769 925";"A01";"2";"7";"6";"0";"0";"0";"1";""
"202400006755";"155 769 923";"A01";"1";"7";"6";"0";"3";"13";"1";""
"202400006756";"155 769 921";"A01";"3";"7";"15";"0";"1";"0";"1";""
"202400006757";"155 769 922";"A01";"1";"33";"0";"0";"0";"0";"1";""
"202400006758";"155 769 917";"B01";"3";"50";"0";"2";"5";"1";"3";""
"202400006758";"155 769 920";"A01";"3";"7";"0";"2";"3";"1";"0";""
"202400006759";"155 769 919";"A01";"2";"7";"0";"0";"0";"0";"1";""
"202400006760";"155 769 916";"B01";"2";"33";"0";"2";"0";"1";"1";""
"202400006760";"155 769 918";"A01";"2";"7";"0";"2";"0";"26";"0";""
"202400006761";"155 769 915";"A01";"1";"60";"0";"0";"0";"0";"5";""