"Num_Acc";"id_vehicule";"num_veh";"senc";"catv";"obs";"obsm";"choc";"manv";"motor";"occutc"
"202400006762";"155 769 914";"A01";"1";"10";"0";"1";"1";"1";"0";""
"202400006763";"155 769 912";"A01";"2";"7";"0";"0";"0";"0";"1";""
"202400006764";"155 769 911";"B01";"2";"7";"0";"2";"6";"15";"2";""
"202400006764";"155 769 913";"A01";"2";"33";"0";"2";"2";"2";"1";""
"202400006765";"155 769 908";"A01";"1";"7";"3";"0";"0";"0";"1";""
"202400006766";"155 769 905";"A01";"2";"7";"0";"2";"2";"15";"1";""
"202400006766";"155 769 907";"B01";"1";"2";"0";"2";"1";"1";"1";""
"202400006767";"155 769 906";"C01";"3";"7";"0";"2";"6";"1";"1";""
"202400006767";"155 769 909";"A01";"3";"7";"0";"2";"1";"1";"1";""
"202400006767";"155 769 910";"B01";"3";"7";"0";"2";"1";"15";"1";""
"202400006768";"155 769 903";"A01";"1";"7";"0";"2";"0";"26";"1";""
"202400006768";"155 769 904";"B01";"2";"60";"0";"2";"0";"0";"5";""
"202400006769";"155 769 901";"A01";"2";"7";"0";"1";"1";"1";"1";""
"202400006770";"155 769 900";"A01";"3";"7";"0";"2";"4";"15";"1";""
"202400006770";"155 769 902";"B01";"3";"7";"0";"2";"1";"1";"1";""
"202400006771";"155 769 898";"A01";"2";"7";"0";"2";"1";"17";"1";""
"202400006771";"155 769 899";"B01";"2";"7";"8";"2";"3";"15";"1";""
"202400006772";"155 769 893";"B01";"2";"1";"0";"2";"1";"13";"5";""
"202400006772";"155 769 896";"A01";"1";"10";"0";"2";"2";"13";"1";""
"202400006773";"155 769 895";"A01";"0";"7";"0";"9";"1";"15";"1";""
"202400006773";"155 769 897";"B01";"0";"1";"0";"2";"3";"1";"5";""
"202400006774";"155 769 892";"B01";"1";"7";"0";"2";"1";"1";"1";""
"202400006774";"155 769 894";"A01";"2";"60";"0";"0";"0";"0";"5";""
"202400006775";"155 769 890";"A01";"1";"37";"1";"9";"7";"17";"1";"1"
"202400006776";"155 769 888";"A01";"3";"10";"0";"0";" -1";"9";"1";""
"202400006776";"155 769 891";"B01";"1";"33";"11";"0";"1";"21";"1";""
"202400006777";"155 769 887";"B01";"1";"1";"0";"2";"1";"1";"5";""
"202400006777";"155 769 889";"A01";"1";"7";"0";"2";"8";"9";"1";""
"202400006778";"155 769 886";"A01";"3";"7";"0";"1";"3";"16";"1";""
"202400006779";"155 769 883";"B01";"1";"37";"0";"2";"8";"26";"0";"1"
"202400006779";"155 769 885";"A01";"2";"33";"0";"2";"8";"26";"1";""
"202400006780";"155 769 884";"A01";"2";"31";"0";"0";"2";"26";"3";""
"202400006781";"155 769 882";"A01";"3";"2";"12";"0";"0";"1";"1";""
"202400006782";"155 769 880";"A01";"2";"7";"0";"1";"3";"1";"2";""
"202400006783";"155 769 881";"Z01";"2";"32";"0";"1";"1";"26";"0";""
"202400006784";"155 769 879";"A01";"2";"7";"6";"0";"1";"1";"1";""
"202400006785";"155 769 877";"B01";"2";"7";"0";"2";"4";"1";"1";""
"202400006785";"155 769 878";"A01";"2";"7";"0";"2";"1";"2";"1";""
"202400006786";"155 769 876";"A01";"1";"7";"0";"1";"3";"1";"1";""
"202400006787";"155 769 874";"B01";"3";"10";"0";"2";"3";"19";"1";""
"202400006787";"155 769 875";"A01";"1";"7";"0";"2";"1";"1";"1";""
"202400006788";"155 769 872";"A01";"2";"7";"0";"1";"2";"1";"1";""
"202400006789";"155 769 870";"B01";"2";"7";"0";"2";"1";"2";"1";""
"202400006789";"155 769 871";"A01";"2";"7";"0";"2";"1";"2";"1";""
"202400006789";"155 769 873";"C01";"2";"10";"0";"2";"4";"2";"1";""
"202400006790";"155 769 867";"A01";"2";"7";"0";"1";"2";"26";"1";""
"202400006791";"155 769 868";"B01";"3";"33";"0";"2";"1";"1";"1";""
"202400006791";"155 769 869";"A01";"1";"7";"0";"0";"7";"15";"1";""
"202400006792";"155 769 865";"B01";"1";"33";"0";"2";"1";"1";"1";""
"202400006792";"155 769 866";"A01";"2";"7";"0";"2";"2";"10";"1";""
"202400006793";"155 769 863";"A01";"3";"7";"0";"0";"1";"1";"1";""
"202400006794";"155 769 862";"B01";"1";"33";"0";"2";"2";"1";"1";""
"202400006794";"155 769 864";"A01";"2";"21";"0";"2";"5";"1";"1";""
"202400006795";"155 769 859";"B01";"2";"7";"0";"2";"3";"13";"1";""
"202400006795";"155 769 860";"A01";"2";"7";"0";"2";"1";"17";"1";""
"202400006796";"155 769 858";"B01";"2";"10";"0";"2";"7";"1";"1";""
"202400006796";"155 769 861";"A01";"2";"32";"0";"2";"1";"1";"1";""
"202400006797";"155 769 857";"A01";"2";"7";"13";"0";"1";"1";"1";""
"202400006798";"155 769 855";"A01";"3";"30";"0";"1";"1";"1";"1";""
"202400006799";"155 769 854";"A01";"1";"10";"0";"2";"3";"1";"1";""
"202400006799";"155 769 856";"B01";"2";"7";"0";"2";"2";"13";"1";""
"202400006800";"155 769 852";"A01";"1";"7";"0";"2";"3";"15";"1";""
"202400006800";"155 769 853";"B01";"2";"7";"13";"2";"3";"1";"1";""
"202400006801";"155 769 851";"A01";"3";"37";"6";"0";"3";"1";"2";"2"
"202400006802";"155 769 850";"A01";"2";"7";"0";"1";"3";"1";"0";""
"202400006803";"155 769 848";"A01";"1";"7";"0";"2";"1";"1";"1";""
"202400006803";"155 769 849";"B01";"2";"10";"0";"2";"1";"1";"1";""
"202400006804";"155 769 847";"A01";"1";"7";"1";"0";"3";"20";"1";""
"202400006805";"155 769 846";"A01";"2";"7";"2";"0";"1";"1";"1";""
"202400006806";"155 769 844";"A01";"2";"33";"0";"0";"0";"0";"1";""
"202400006807";"155 769 843";"A01";"2";"7";"13";"0";"9";"21";"1";""
"202400006808";"155 769 842";"A01";"3";"31";"0";"2";"8";"21";"1";""
"202400006808";"155 769 845";"B01";"1";"10";"0";"2";"0";"1";"1";""
"202400006809";"155 769 839";"A01";"1";"7";"2";"0";"2";"0";"1";""
"202400006810";"155 769 837";"A01";"3";"7";"0";"2";"5";"16";"1";""
"202400006810";"155 769 840";"B01";"3";"1";"0";"2";"1";"1";"5";""
"202400006811";"155 769 836";"A01";"1";"7";"0";"0";"9";"1";"1";""
"202400006812";"155 769 834";"A01";"0";"7";"0";"1";"4";"4";"1";""
"202400006813";"155 769 832";"A01";"2";"1";"0";"0";"0";"0";"5";""
"202400006814";"155 769 833";"B01";"1";"7";"0";"2";"1";"1";"1";""
"202400006814";"155 769 835";"A01";"2";"7";"6";"0";"8";"16";"1";""
"202400006815";"155 769 830";"B01";"1";"7";"0";"2";"3";"1";"1";""
"202400006815";"155 769 831";"A01";"2";"7";"0";"2";"3";"1";"1";""
"202400006816";"155 769 828";"A01";"2";"7";"0";"2";"1";"15";"0";""
"202400006816";"155 769 829";"B01";"1";"7";"0";"2";"1";"1";"1";""
"202400006817";"155 769 827";"A01";"1";"7";"6";"0";"1";"1";"3";""
"202400006818";"155 769 824";"A01";"3";"7";"0";"1";"4";"4";"1";""
"202400006819";"155 769 823";"A01";"1";"33";"0";"2";"1";"1";"1";""
"202400006819";"155 769 825";"B01";"2";"13";"0";"2";"3";"1";"1";""
"202400006820";"155 769 826";"A01";"2";"7";"4";"0";"1";"17";"1";""
"202400006821";"155 769 821";"A01";"1";"7";"0";"2";"6";"15";"1";""
"202400006821";"155 769 822";"B01";"1";"30";"0";"2";"1";"2";"1";""
"202400006822";"155 769 819";"A01";"1";"7";"0";"2";"2";"1";"1";""
"202400006822";"155 769 820";"B01";"1";"7";"0";"2";"1";"16";"1";""
"202400006823";"155 769 817";"A01";"2";"33";"0";"2";"1";"1";"1";""
"202400006823";"155 769 818";"B01";"2";"10";"0";"2";"6";"1";"1";""
"202400006824";"155 769 813";"A01";"1";"33";"0";"2";"1";"1";"1";""
"202400006824";"155 769 815";"B01";"1";"7";"0";"2";"3";"15";"1";""
"202400006825";"155 769 810";"A01";"2";"14";"0";"2";"2";"12";"1";""
"202400006825";"155 769 812";"B01";"2";"7";"3";"2";"3";"1";"1";""
"202400006826";"155 769 808";"A01";"1";"7";"6";"0";"1";"13";"1";""
"202400006827";"155 769 809";"A01";"1";"33";"1";"2";"1";"1";"0";""
"202400006827";"155 769 811";"D01";"1";"50";"0";"0";"6";"26";"3";""
"202400006827";"155 769 814";"B01";"1";"7";"1";"0";"5";"23";"1";""
"202400006827";"155 769 816";"C01";"1";"7";"0";"0";"4";"23";"1";""
"202400006828";"155 769 805";"B01";"1";"33";"13";"2";"8";"2";"1";""
"202400006828";"155 769 807";"A01";"1";"7";"0";"2";"2";"2";"1";""
"202400006829";"155 769 806";"A01";"2";"7";"4";"0";"3";"0";"1";""
"202400006830";"155 769 801";"A01";"1";"7";"0";"2";"3";"13";"1";""
"202400006830";"155 769 803";"B01";"1";"15";"0";"2";"2";"1";"1";""
"202400006831";"155 769 800";"A01";"0";"7";"0";"2";"1";"0";"1";""
"202400006831";"155 769 804";"B01";"0";"7";"0";"2";"7";"1";"1";""
"202400006832";"155 769 799";"A01";"2";"7";"0";"2";"1";"2";"1";""
"202400006832";"155 769 802";"B01";"2";"17";"0";"0";"4";"1";"1";""
"202400006833";"155 769 797";"A01";"1";"7";"0";"2";"2";"1";"1";""
"202400006833";"155 769 798";"B01";"1";"33";"0";"2";"4";"1";"1";""
"202400006834";"155 769 796";"A01";"2";"7";"2";"0";"3";"13";"1";""
"202400006835";"155 769 794";"A01";"1";"7";"0";"2";"1";"17";"1";""
"202400006835";"155 769 795";"B01";"2";"7";"0";"2";"1";"1";"1";""
"202400006836";"155 769 791";"A01";"1";"7";"0";"2";"1";"2";"1";""
"202400006836";"155 769 793";"B01";"1";"10";"0";"2";"3";"26";"1";""
"202400006837";"155 769 790";"A01";"2";"7";"0";"2";"3";"13";"0";""
"202400006837";"155 769 792";"B01";"1";"7";"0";"2";"3";"1";"0";""
"202400006838";"155 769 788";"B01";"2";"14";"0";"2";"8";"1";"1";""
"202400006838";"155 769 789";"A01";"1";"7";"0";"2";"3";"13";"2";""
"202400006839";"155 769 786";"A01";"2";"7";"16";"0";"9";"0";"1";""
"202400006840";"155 769 785";"A01";"2";"30";"0";"2";"8";"26";"1";""
"202400006840";"155 769 787";"B01";"2";"7";"0";"2";"7";"26";"1";""
"202400006841";"155 769 784";"A01";"1";"7";"2";"0";"1";"1";"1";""
"202400006842";"155 769 781";"B01";"2";"10";"0";"2";"6";"1";"1";""
"202400006842";"155 769 782";"A01";"2";"10";"0";"2";"1";"1";"1";""
"202400006843";"155 769 780";"B01";"1";"34";"0";"0";"7";"1";"1";""
"202400006843";"155 769 783";"A01";"1";"7";"0";"0";"1";"15";"2";""
"202400006844";"155 769 778";"A01";"2";"7";"6";"0";"1";"15";"1";""
"202400006845";"155 769 776";"A01";"2";"10";"0";"2";"8";"19";"1";""
"202400006845";"155 769 779";"B01";"2";"33";"0";"2";"1";"1";"1";""
"202400006846";"155 769 777";"A01";"1";"31";"15";"0";"1";"2";"1";""
"202400006847";"155 769 774";"A01";"1";"7";"0";"0";"4";"1";"1";""
"202400006847";"155 769 775";"B01";"1";"7";"0";"2";"1";"1";"1";""
"202400006848";"155 769 773";"A01";"1";"7";"0";"1";"2";"16";"1";""
"202400006849";"155 769 772";"A01";"2";"7";"8";"0";"3";"1";"0";""
"202400006850";"155 769 771";"A01";"3";"7";"0";"1";"2";"1";"1";""
"202400006851";"155 769 770";"A01";"2";"7";"2";"0";"2";"1";"1";""
"202400006852";"155 769 769";"A01";"2";"7";"12";"0";"0";"1";"1";""
"202400006853";"155 769 767";"A01";"2";"10";"0";"9";"2";"2";"1";""
"202400006853";"155 769 768";"B01";"2";"1";"0";"0";"4";"2";"5";""
"202400006854";"155 769 765";"B01";"3";"7";"0";"2";"6";"4";"1";""
"202400006854";"155 769 766";"A01";"1";"7";"0";"2";"3";"1";"1";""
"202400006855";"155 769 764";"A01";"3";"7";"0";"1";"1";"1";"1";""
"202400006856";"155 769 761";"A01";"2";"33";"0";"0";"0";"0";"1";""
"202400006856";"155 769 763";"B01";"2";"7";"0";"2";"0";"0";"0";""
"202400006857";"155 769 760";"A01";"1";"7";"0";"2";"8";"15";"1";""
"202400006857";"155 769 762";"B01";"2";"7";"0";"2";"1";"1";"1";""
"202400006858";"155 769 759";"A01";"1";"33";"0";"0";"2";"1";"1";""
"202400006859";"155 769 758";"A01";"1";"7";"13";"0";"3";"1";"2";""
"202400006860";"155 769 757";"A01";"2";"7";"4";"0";"9";"1";"1";""
"202400006861";"155 769 755";"A01";"1";"7";"0";"2";"3";"1";"1";""
"202400006861";"155 769 756";"B01";"2";"15";"0";"2";"3";"1";"1";""
"202400006862";"155 769 754";"A01";"1";"2";"0";"1";"1";"2";"1";""
"202400006863";"155 769 752";"A01";"1";"2";"0";"0";"9";"1";"1";""
"202400006864";"155 769 753";"A01";"3";"7";"0";"1";"8";"23";"2";""
"202400006865";"155 769 751";"A01";"0";"2";"0";"0";"7";"1";"1";""
"202400006866";"155 769 750";"A01";"1";"7";"2";"0";"2";"1";"1";""
"202400006867";"155 769 746";"A01";"2";"7";"0";"2";"9";"17";"1";""
"202400006867";"155 769 748";"B01";"1";"7";"0";"2";"3";"1";"1";""
"202400006867";"155 769 749";"C01";"1";"17";"0";"2";"9";"1";"1";""
"202400006868";"155 769 745";"A01";"2";"7";"0";"2";"8";"19";"1";""
"202400006868";"155 769 747";"B01";"2";"7";"0";"2";"1";"1";"1";""
"202400006869";"155 769 744";"A01";"1";"7";"0";"1";"2";"1";"1";""
"202400006870";"155 769 743";"A01";"1";"7";"15";"0";"0";"1";"1";""
"202400006871";"155 769 740";"A01";"1";"7";"0";"2";"1";"15";"1";""
"202400006871";"155 769 741";"B01";"2";"2";"0";"2";"1";"1";"1";""
"202400006872";"155 769 738";"A01";"3";"7";"0";"2";"1";"1";"1";""
"202400006872";"155 769 739";"B01";"3";"7";"0";"2";"4";"1";"1";""
"202400006872";"155 769 742";"C01";"3";"7";"0";"2";"4";"15";"1";""
"202400006873";"155 769 737";"A01";"2";"7";"2";"0";"1";"13";"1";""
"202400006874";"155 769 736";"A01";"1";"7";"5";"0";"7";"2";"1";""
"202400006875";"155 769 734";"A01";"1";"7";"8";"2";"3";"13";"1";""
"202400006875";"155 769 735";"B01";"2";"7";"0";"2";"3";"1";"1";""
"202400006876";"155 769 733";"UA01";"0";"7";"2";"0";"1";"21";"1";""
"202400006877";"155 769 730";"B01";"2";"7";"0";"2";"3";"15";"3";""
"202400006877";"155 769 731";"A01";"2";"50";"0";"2";"1";"26";"3";""
"202400006878";"155 769 732";"A01";"2";"7";"15";"0";"2";"1";"1";""
"202400006879";"155 769 729";"A01";"3";"7";"2";"0";"3";"1";"1";""
"202400006880";"155 769 728";"A01";"3";"7";"0";"1";"1";"1";"1";""
"202400006881";"155 769 725";"B01";"2";"2";"0";"2";"0";"1";"1";""
"202400006881";"155 769 727";"A01";"1";"7";"0";"2";"3";"9";"1";""
"202400006882";"155 769 722";"A01";"3";"7";"0";"2";"2";"15";"1";""
"202400006882";"155 769 723";"B01";"3";"32";"0";"2";"1";"1";"1";""
"202400006883";"155 769 721";"A01";"1";"7";"2";"0";"0";"14";"1";""
"202400006884";"155 769 718";"A01";"2";"7";"0";"2";"2";"16";"1";""
"202400006884";"155 769 720";"B01";"2";"2";"0";"2";"0";"26";"1";""
"202400006885";"155 769 719";"A01";"1";"7";"0";"1";"2";"1";"1";""
"202400006886";"155 769 717";"A01";"2";"7";"0";"1";"3";"1";"1";""
"202400006887";"155 769 715";"A01";"1";"7";"0";"2";"3";"13";"1";""
"202400006887";"155 769 716";"B01";"2";"15";"0";"2";"3";"1";"1";""
"202400006888";"155 769 713";"B01";"1";"7";"0";"2";"2";"1";"1";""
"202400006888";"155 769 714";"A01";"0";"33";"0";"2";"4";"19";"1";""
"202400006889";"155 769 712";"A01";"2";"10";"0";"1";"0";"1";"1";""
"202400006890";"155 769 711";"A01";"1";"30";"0";"1";"2";"17";"1";""
"202400006891";"155 769 710";"A01";"3";"7";"6";"0";"3";"1";"1";""
"202400006892";"155 769 709";"B01";"0";"7";"0";"0";"0";"0";" -1";""
"202400006893";"155 769 707";"A01";"2";"33";"0";"2";"1";"1";"1";""
"202400006893";"155 769 708";"B01";"1";"7";"0";"2";"6";"15";"1";""
"202400006894";"155 769 705";"A01";"2";"7";"0";"2";"2";"13";"3";""
"202400006894";"155 769 706";"B01";"1";"10";"0";"2";"2";"1";"1";""
"202400006895";"155 769 703";"A01";"2";"33";"0";"2";"8";"1";"1";""
"202400006895";"155 769 704";"B01";"2";"7";"0";"2";"1";"15";"1";""
"202400006896";"155 769 701";"A01";"1";"7";"0";"2";"8";"19";"2";""
"202400006896";"155 769 702";"B01";"2";"10";"0";"2";"1";"26";"1";""
"202400006897";"155 769 699";"A01";"2";"31";"0";"2";"1";"26";"1";""
"202400006897";"155 769 700";"B01";"2";"7";"0";"2";"8";"1";"1";""
"202400006898";"155 769 698";"A01";"0";"7";"2";"0";"5";"4";"1";""
"202400006899";"155 769 697";"A01";"2";"36";"12";"0";"0";"1";"1";""
"202400006900";"155 769 695";"A01";"1";"7";"0";"2";"1";"5";"1";""
"202400006900";"155 769 696";"B01";"2";"7";"0";"2";"1";"1";"1";""
"202400006901";"155 769 693";"A01";"1";"7";"10";"0";"1";"1";"1";""
"202400006902";"155 769 692";"A01";"1";"7";"0";"2";"1";"17";"2";""
"202400006902";"155 769 694";"B01";"1";"10";"0";"2";"1";"1";"1";""
"202400006903";"155 769 691";"B01";"0";"10";"1";"1";"1";"1";"1";""
"202400006904";"155 769 690";"A01";"1";"7";"13";"0";"3";"1";"1";""
"202400006905";"155 769 689";"A01";"1";"33";"16";"0";"9";"17";"1";""
"202400006906";"155 769 687";"B01";"1";"7";"0";"2";"4";"0";"1";""
"202400006906";"155 769 688";"A01";"1";"10";"0";"2";"1";"2";"1";""
"202400006907";"155 769 686";"A01";"2";"34";"13";"0";"1";"18";"1";""
"202400006908";"155 769 684";"A01";"1";"7";"0";"2";"2";"15";"3";""
"202400006908";"155 769 685";"B01";"1";"2";"0";"2";"3";"21";"1";""
"202400006909";"155 769 683";"A01";"1";"7";"0";"1";"1";"1";"1";""
"202400006910";"155 769 680";"A01";"2";"33";"0";"2";"1";"1";"1";""
"202400006910";"155 769 682";"B01";"2";"7";"0";"2";"3";"15";"1";""
"202400006911";"155 769 679";"A01";"2";"7";"0";"2";"1";"1";"1";""
"202400006911";"155 769 681";"B01";"1";"7";"0";"2";"3";"19";"1";""
"202400006912";"155 769 677";"A01";"1";"7";"0";"2";"3";"15";"1";""
"202400006912";"155 769 678";"B01";"1";"33";"0";"2";"1";"1";"1";""
"202400006913";"155 769 675";"A01";"1";"7";"0";"0";"6";"23";"1";""
"202400006913";"155 769 676";"B01";"2";"2";"0";"0";"1";"17";"1";""
"202400006914";"155 769 672";"A01";"3";"7";"0";"2";"3";"9";"1";""
"202400006914";"155 769 674";"B01";"1";"33";"0";"2";"4";"14";"1";""
"202400006915";"155 769 671";"B01";"1";"7";"1";"0";"1";"1";"3";""
"202400006915";"155 769 673";"A01";"1";"15";"0";"0";"4";"24";"1";""
"202400006916";"155 769 670";"A01";"2";"33";"0";"0";"9";"2";"1";""
"202400006917";"155 769 669";"A01";"2";"7";"0";"1";"3";"0";"1";""
"202400006918";"155 769 668";"A01";"2";"7";"0";"0";"9";"1";"1";""
"202400006919";"155 769 665";"A01";"1";"2";"0";"2";"3";"17";"1";""
"202400006919";"155 769 666";"B01";"2";"7";"0";"2";"8";"1";"1";""
"202400006919";"155 769 667";"C01";"1";"13";"0";"0";"8";"1";"1";""
"202400006920";"155 769 663";"A01";"1";"7";"3";"2";"2";"2";"1";""
"202400006920";"155 769 664";"B01";"1";"7";"6";"0";"6";"2";"1";""
"202400006921";"155 769 660";"A01";"2";"7";"0";"2";"0";"15";"1";""
"202400006921";"155 769 662";"B01";"1";"33";"0";"2";"1";"1";"1";""
"202400006922";"155 769 659";"A01";"1";"7";"9";"2";"5";"26";"1";""
"202400006922";"155 769 661";"B01";"1";"7";"0";"2";"3";"1";"1";""
"202400006923";"155 769 656";"A01";"2";"7";"0";"2";"8";"13";"1";""
"202400006923";"155 769 658";"B01";"2";"33";"0";"2";"7";"1";"1";""
"202400006924";"155 769 655";"A01";"2";"7";"0";"2";"3";"9";"1";""
"202400006924";"155 769 657";"B01";"1";"30";"0";"2";"1";"1";"1";""
"202400006925";"155 769 651";"B01";"0";"1";"0";"2";"1";"1";"5";""
"202400006925";"155 769 653";"A01";"0";"7";"0";"9";"5";"24";"2";""
"202400006926";"155 769 649";"A01";"3";"34";"16";"0";"2";"16";"3";""
"202400006927";"155 769 648";"A01";"1";"7";"0";"2";"1";"14";"1";""
"202400006927";"155 769 650";"C01";"1";"7";"0";"2";"6";"23";"1";""
"202400006927";"155 769 652";"B01";"1";"7";"0";"2";"9";"23";"1";""
"202400006927";"155 769 654";"D01";"1";"7";"0";"2";"6";"23";"3";""
"202400006928";"155 769 645";"A01";"1";"7";"0";"2";"1";"2";"1";""
"202400006928";"155 769 647";"B01";"1";"7";"0";"2";"4";"2";"1";""
"202400006929";"155 769 644";"A01";"1";"7";"0";"2";"3";"15";"3";""
"202400006929";"155 769 646";"B01";"2";"7";"0";"2";"3";"1";"2";""
"202400006930";"155 769 642";"B01";"1";"7";"0";"1";"0";"1";"1";""
"202400006930";"155 769 643";"C01";"1";"7";"0";"2";"0";"1";"1";""
"202400006931";"155 769 641";"A01";"1";"7";"0";"1";"1";"1";"1";""
"202400006932";"155 769 638";"B01";"2";"7";"0";"2";"4";"23";"0";""
"202400006932";"155 769 640";"A01";"2";"7";"1";"0";"1";"14";"0";""
"202400006933";"155 769 637";"A01";"1";"10";"0";"2";"5";"1";"0";""
"202400006933";"155 769 639";"B01";"1";"33";"0";"2";"1";"1";"0";""
"202400006934";"155 769 633";"B01";"1";"7";"0";"2";"3";"1";"1";""
"202400006934";"155 769 635";"A01";"2";"38";"0";"2";"3";"1";"1";"1"
"202400006935";"155 769 632";"A01";"1";"7";"0";"2";"2";"1";"1";""
"202400006935";"155 769 634";"B01";"1";"7";"0";"2";"8";"1";"2";""
"202400006935";"155 769 636";"C01";"1";"7";"0";"2";"4";"1";"1";""
"202400006936";"155 769 628";"B01";"2";"32";"0";"2";"5";"3";"1";""
"202400006936";"155 769 630";"A01";"2";"7";"0";"2";"8";"11";"1";""
"202400006937";"155 769 629";"A01";"1";"7";"0";"2";"8";"19";"1";""
"202400006937";"155 769 631";"B01";"2";"7";"0";"2";"3";"1";"1";""
"202400006938";"155 769 627";"A01";"2";"7";"4";"0";"4";"1";"1";""
"202400006939";"155 769 624";"A01";"3";"7";"0";"2";"3";"9";"1";""
"202400006939";"155 769 626";"B01";"3";"33";"0";"2";"1";"1";"1";""
"202400006940";"155 769 622";"A01";"2";"7";"0";"2";"7";"2";"1";""
"202400006940";"155 769 625";"B01";"2";"2";"0";"2";"1";"2";"1";""
"202400006941";"155 769 620";"A01";"1";"33";"11";"0";"1";"0";"1";""
"202400006942";"155 769 619";"A01";"2";"7";"0";"2";"1";"1";"1";""
"202400006942";"155 769 621";"C01";"2";"7";"0";"2";"4";"1";"1";""
"202400006942";"155 769 623";"B01";"2";"7";"0";"2";"4";"1";"1";""
"202400006943";"155 769 617";"B01";"1";"33";"0";"2";"1";"1";"1";""
"202400006943";"155 769 618";"A01";"2";"7";"0";"2";"3";"15";"1";""
"202400006944";"155 769 615";"A01";"0";"7";"0";"1";"2";"1";"1";""
"202400006945";"155 769 613";"A01";"2";"33";"0";"2";"1";"3";"1";""
"202400006945";"155 769 614";"C01";"2";"10";"0";"2";"4";"1";"1";""
"202400006945";"155 769 616";"B01";"2";"10";"0";"2";"6";"1";"1";""
"202400006946";"155 769 611";"A01";"1";"7";"0";"9";"1";"1";"1";""
"202400006946";"155 769 612";"B01";"2";"99";"0";"2";"8";"19";"3";""
"202400006947";"155 769 610";"A01";"1";"7";"4";"0";"1";"1";"1";""
"202400006948";"155 769 605";"A01";"0";"7";"0";"2";"1";"13";"1";""
"202400006948";"155 769 606";"B01";"0";"7";"0";"2";"1";"1";"1";""
"202400006949";"155 769 604";"A01";"1";"7";"0";"2";"1";"1";"1";""
"202400006949";"155 769 608";"B01";"2";"7";"0";"2";"8";"15";"1";""
"202400006950";"155 769 601";"D01";"2";"7";"0";"2";"4";"1";"1";""
"202400006950";"155 769 602";"E01";"2";"7";"0";"2";"4";"1";"1";""
"202400006950";"155 769 603";"A01";"2";"7";"0";"2";"1";"12";"1";""
"202400006950";"155 769 607";"C01";"2";"7";"0";"2";"4";"1";"1";""
"202400006950";"155 769 609";"B01";"2";"7";"0";"2";"4";"2";"1";""
"202400006951";"155 769 598";"A01";"1";"10";"0";"2";"8";"23";"1";""
"202400006951";"155 769 600";"B01";"2";"60";"0";"2";"0";"0";"5";""
"202400006952";"155 769 599";"A01";"0";"7";"0";"1";"3";"15";"1";""
"202400006953";"155 769 595";"A01";"2";"33";"0";"2";"3";"3";"1";""
"202400006953";"155 769 597";"Z01";"2";"10";"0";"2";"7";"12";"0";""
"202400006954";"155 769 593";"B01";"1";"33";"0";"2";"8";"9";"1";""
"202400006954";"155 769 596";"A01";"1";"7";"0";"2";"2";"9";"1";""
"202400006955";"155 769 592";"B01";"2";"2";"0";"2";"4";"1";"1";""
"202400006955";"155 769 594";"A01";"2";"7";"0";"2";"1";"17";" -1";""
"202400006956";"155 769 591";"A01";"1";"10";"0";"1";"1";"18";"1";""
"202400006957";"155 769 589";"A01";"0";"50";"0";"0";"0";"1";"3";""
"202400006958";"155 769 588";"B01";"3";"50";"0";"2";"3";"25";"3";""
"202400006958";"155 769 590";"A01";"3";"7";"2";"0";"2";"26";"1";""
"202400006959";"155 769 587";"A01";"2";"7";"10";"0";"1";"1";"1";""
"202400006960";"155 769 584";"A01";"2";"7";"0";"2";"1";"5";"1";""
"202400006960";"155 769 585";"B01";"1";"7";"0";"2";"1";"1";"1";""
"202400006961";"155 769 580";"B01";"1";"7";"0";"2";"6";"1";"1";""
"202400006961";"155 769 582";"A01";"1";"10";"0";"2";"1";"1";"1";""
"202400006962";"155 769 577";"A01";"3";"17";"0";"2";"7";"12";"1";""
"202400006962";"155 769 579";"B01";"3";"7";"0";"2";"8";"1";"1";""
"202400006962";"155 769 581";"C01";"3";"33";"0";"2";"2";"1";"1";""
"202400006963";"155 769 576";"A01";"1";"7";"0";"2";"1";"13";"1";""
"202400006963";"155 769 578";"B01";"2";"7";"0";"2";"1";"0";"1";""
"202400006964";"155 769 575";"A01";"1";"50";"0";"1";"1";"1";"3";""
"202400006965";"155 769 573";"A01";"1";"37";"0";"2";"0";"0";"4";"1"
"202400006965";"155 769 574";"B01";"1";"1";"0";"2";"3";"1";"5";""
"202400006966";"155 769 570";"A01";"1";"7";"0";"9";"7";"17";"1";""
"202400006966";"155 769 572";"B01";"1";"1";"0";"2";"4";"15";"5";""
"202400006967";"155 769 568";"B01";"1";"1";"0";"2";"7";"16";"5";""
"202400006967";"155 769 571";"A01";"2";"7";"0";"2";"1";"9";"1";""
"202400006968";"155 769 567";"A01";"1";"7";"0";"1";"1";"1";"1";""
"202400006969";"155 769 566";"A01";"2";"30";"0";"2";"3";"1";"1";""
"202400006969";"155 769 569";"B01";"1";"7";"0";"2";"3";"15";"1";""
"202400006970";"155 769 562";"A01";"2";"7";"0";"2";"0";"15";"1";""
"202400006970";"155 769 564";"B01";"1";"33";"0";"2";"1";"1";"1";""
"202400006971";"155 769 560";"C01";"2";"7";"0";"2";"0";"0";"1";""
"202400006971";"155 769 561";"B01";"1";"7";"0";"2";"0";"0";"1";""