"Num_Acc";"id_vehicule";"num_veh";"senc";"catv";"obs";"obsm";"choc";"manv";"motor";"occutc"
"202400006971";"155 769 563";"A01";"1";"33";"0";"2";"0";"17";"1";""
"202400006972";"155 769 565";"A01";"0";"7";"0";"1";"0";"0";"0";""
"202400006973";"155 769 559";"A01";"2";"7";"1";"0";"0";"0";"1";""
"202400006974";"155 769 558";"A01";"0";"7";"0";"1";"1";"9";"1";""
"202400006975";"155 769 556";"A01";"0";"37";"0";"1";"2";"1";"1";"1"
"202400006976";"155 769 555";"B01";"2";"7";"0";"2";"8";"15";"1";""
"202400006976";"155 769 557";"A01";"2";"31";"0";"2";"1";"17";"1";""
"202400006977";"155 769 553";"A01";"0";"33";"15";"0";"8";"13";"1";""
"202400006978";"155 769 552";"B01";"1";"10";"0";"2";"1";"1";"1";""
"202400006978";"155 769 554";"A01";"1";"33";"0";"2";"9";"1";"0";""
"202400006979";"155 769 549";"A01";"1";"10";"0";"9";"5";"15";"1";""
"202400006979";"155 769 551";"B01";"1";"50";"0";"2";"1";"0";"3";""
"202400006980";"155 769 546";"A01";"1";"7";"0";"2";"3";"0";"1";""
"202400006980";"155 769 548";"B01";"1";"7";"0";"2";"3";"0";"1";""
"202400006981";"155 769 545";"B01";"1";"7";"0";"2";"6";"17";"1";""
"202400006981";"155 769 547";"A01";"1";"7";"0";"2";"1";"1";"1";""
"202400006981";"155 769 550";"C01";"1";"7";"0";"2";"6";"1";"1";""
"202400006982";"155 769 541";"A01";"2";"32";"0";"0";"0";"0";"1";""
"202400006983";"155 769 540";"A01";"2";"7";"15";"0";"2";"1";"1";""
"202400006983";"155 769 543";"B01";"2";"7";"0";"9";"1";"1";"1";""
"202400006983";"155 769 544";"C01";"2";"7";"0";"9";"1";"1";"1";""
"202400006984";"155 769 539";"B01";"1";"32";"0";"2";"3";"21";"1";""
"202400006984";"155 769 542";"A01";"1";"10";"0";"2";"7";"9";"1";""
"202400006985";"155 769 535";"B01";"3";"7";"6";"2";"1";"1";"1";""
"202400006985";"155 769 537";"A01";"3";"7";"6";"2";"1";"1";"1";""
"202400006986";"155 769 534";"A01";"1";"33";"0";"2";"1";"19";"1";""
"202400006986";"155 769 538";"B01";"1";"32";"0";"2";"1";"19";"1";""
"202400006987";"155 769 533";"A01";"2";"7";"14";"2";"1";"1";"1";""
"202400006987";"155 769 536";"B01";"3";"10";"15";"0";"8";"9";"1";""
"202400006988";"155 769 530";"B01";"1";"10";"0";"2";"4";"1";"1";""
"202400006988";"155 769 531";"A01";"1";"7";"0";"2";"1";"2";"1";""
"202400006989";"155 769 529";"B01";"1";"1";"9";"2";"4";"1";"5";""
"202400006989";"155 769 532";"A01";"2";"7";"0";"2";"1";"1";"0";""
"202400006990";"155 769 527";"A01";"0";"10";"0";"1";"3";"1";"1";""
"202400006991";"155 769 525";"B01";"3";"7";"0";"2";"4";"2";"1";""
"202400006991";"155 769 526";"C01";"3";"7";"0";"0";"4";"2";"1";""
"202400006991";"155 769 528";"A01";"3";"7";"0";"2";"1";"2";"1";""
"202400006992";"155 769 523";"A01";"1";"1";"0";"2";"1";"1";"5";""
"202400006992";"155 769 524";"B01";"1";"7";"0";"2";"4";"1";"1";""
"202400006993";"155 769 520";"A01";"1";"7";"0";"1";"7";"1";"1";""
"202400006994";"155 769 521";"B01";"2";"33";"0";"2";"1";"17";"1";""
"202400006994";"155 769 522";"A01";"2";"7";"0";"0";"8";"15";"3";""
"202400006995";"155 769 517";"A01";"3";"7";"0";"2";"3";"17";"1";""
"202400006995";"155 769 519";"B01";"3";"1";"0";"2";"1";"1";"5";""
"202400006996";"155 769 516";"B01";"1";"30";"0";"2";"7";"17";"1";""
"202400006996";"155 769 518";"A01";"1";"7";"0";"2";"3";"15";"1";""
"202400006997";"155 769 513";"A01";"1";"10";"0";"2";"5";"16";"1";""
"202400006997";"155 769 515";"B01";"1";"50";"0";"2";"8";"1";"3";""
"202400006998";"155 769 510";"A01";"1";"7";"0";"2";"8";"15";"1";""
"202400006998";"155 769 512";"B01";"1";"33";"0";"2";"2";"17";"1";""
"202400006999";"155 769 511";"B01";"1";"7";"0";"2";"7";"1";"1";""
"202400006999";"155 769 514";"A01";"1";"7";"0";"2";"8";"19";"1";""
"202400007000";"155 769 509";"A01";"2";"10";"0";"1";"1";"1";"1";""
"202400007001";"155 769 507";"A01";"1";"7";"3";"0";"1";"1";"1";""
"202400007002";"155 769 508";"A01";"1";"33";"13";"0";"1";"1";"1";""
"202400007003";"155 769 505";"A01";"1";"7";"0";"2";"7";"2";"1";""
"202400007003";"155 769 506";"B01";"1";"50";"0";"2";"8";"2";"3";""
"202400007004";"155 769 503";"A01";"3";"10";"0";"2";"5";"15";"1";""
"202400007004";"155 769 504";"B01";"3";"7";"0";"2";"2";"1";"1";""
"202400007005";"155 769 501";"B01";"3";"2";"0";"2";"0";" -1";" -1";""
"202400007005";"155 769 502";"D01";"3";"60";"0";"2";"0";"26";"5";""
"202400007006";"155 769 498";"A01";"1";"7";"1";"0";"1";"19";"1";""
"202400007007";"155 769 497";"A01";"1";"7";"0";"2";"9";"1";"1";""
"202400007007";"155 769 499";"B01";"1";"7";"0";"2";"6";"2";"1";""
"202400007007";"155 769 500";"C01";"2";"7";"0";"2";"3";"1";"1";""
"202400007008";"155 769 496";"A01";"1";"7";"0";"1";"2";"2";"2";""
"202400007009";"155 769 494";"B01";"1";"50";"0";"2";"3";"0";"3";""
"202400007009";"155 769 495";"A01";"1";"14";"0";"2";"0";"0";"1";""
"202400007010";"155 769 492";"A01";"3";"7";"0";"2";"0";"0";"0";""
"202400007010";"155 769 493";"B01";"3";"1";"0";"2";"0";"0";"5";""
"202400007011";"155 769 490";"A01";"2";"7";"0";"2";"1";"1";"1";""
"202400007011";"155 769 491";"B01";"1";"1";"0";"2";"1";"13";"5";""
"202400007012";"155 769 488";"C01";"1";"7";"0";"2";"2";"1";"1";""
"202400007012";"155 769 489";"B01";"1";"7";"0";"2";"2";"1";"1";""
"202400007013";"155 769 484";"A01";"1";"7";"0";"2";"2";"2";"1";""
"202400007013";"155 769 485";"B01";"1";"10";"0";"2";"4";"2";"1";""
"202400007013";"155 769 486";"C01";"1";"7";"0";"2";"4";"2";"3";""
"202400007013";"155 769 487";"D01";"1";"10";"0";"2";"0";"2";"1";""
"202400007014";"155 769 482";"A01";"1";"7";"0";"2";"1";"1";"1";""
"202400007014";"155 769 483";"B01";"1";"33";"0";"2";"4";"1";"1";""
"202400007015";"155 769 480";"A01";"1";"7";"0";"2";"1";"1";"1";""
"202400007015";"155 769 481";"B01";"1";"7";"0";"2";"6";"1";"1";""
"202400007016";"155 769 478";"A01";"1";"10";"0";"9";"4";"26";"1";""
"202400007016";"155 769 479";"B01";"1";"50";"0";"0";"1";"1";"3";""
"202400007017";"155 769 477";"A01";"1";"7";"0";"1";"1";"26";"2";""
"202400007018";"155 769 475";"A01";"2";"0";"0";"2";"0";"0";"0";""
"202400007018";"155 769 476";"B01";"2";"30";"0";"2";"7";"17";"1";""
"202400007019";"155 769 473";"A01";"1";"7";"0";"2";"4";"4";"1";""
"202400007019";"155 769 474";"B01";"1";"1";"0";"2";"1";"1";"5";""
"202400007020";"155 769 471";"A01";"2";"7";"0";"2";"3";"13";"1";""
"202400007020";"155 769 472";"B01";"1";"33";"0";"2";"1";"1";"1";""
"202400007021";"155 769 469";"A01";"1";"33";"0";"2";"1";"0";"1";""
"202400007021";"155 769 470";"B01";"2";"7";"0";"2";"3";"0";"1";""
"202400007022";"155 769 467";"A01";"3";"7";"0";"9";"2";"26";"2";""
"202400007022";"155 769 468";"B01";"3";"50";"0";"0";"0";"0";"3";""
"202400007023";"155 769 465";"A01";"3";"1";"0";"2";"1";"1";"5";""
"202400007023";"155 769 466";"B01";"1";"7";"0";"2";"3";"1";"1";""
"202400007024";"155 769 462";"B01";"2";"1";"0";"2";"0";"1";"5";""
"202400007024";"155 769 463";"A01";"2";"33";"0";"2";"0";"1";"1";""
"202400007025";"155 769 460";"A01";"1";"7";"0";"2";"3";"15";"1";""
"202400007025";"155 769 461";"B01";"2";"33";"0";"2";"1";"1";"1";""
"202400007026";"155 769 459";"A01";"1";"10";"0";"1";"4";"4";"1";""
"202400007027";"155 769 457";"B01";"2";"30";"0";"2";"1";"18";"1";""
"202400007027";"155 769 458";"A01";"2";"7";"0";"2";"3";"15";"1";""
"202400007028";"155 769 455";"A01";"3";"7";"0";"2";"1";"2";"1";""
"202400007028";"155 769 456";"B01";"3";"7";"0";"0";"4";"2";"1";""
"202400007029";"155 769 453";"A01";"1";"7";"0";"2";"1";"26";"1";""
"202400007029";"155 769 454";"B01";"1";"1";"0";"2";"2";"1";"5";""
"202400007030";"155 769 451";"A01";"1";"33";"0";"2";"1";"1";"1";""
"202400007030";"155 769 452";"B01";"1";"7";"0";"2";"4";"1";"1";""
"202400007031";"155 769 449";"A01";"1";"31";"0";"2";"1";"1";"1";""
"202400007031";"155 769 450";"B01";"0";"7";"0";"2";"3";"1";"1";""
"202400007032";"155 769 445";"A01";"2";"7";"0";"2";"1";"7";"1";""
"202400007032";"155 769 446";"B01";"2";"2";"0";"2";"7";"7";"1";""
"202400007033";"155 769 443";"B01";"3";"10";"0";"2";"1";"1";"1";""
"202400007033";"155 769 444";"A01";"3";"7";"0";"2";"3";"15";"1";""
"202400007034";"155 769 441";"B01";"3";"33";"0";"2";"8";"9";"1";""
"202400007034";"155 769 442";"A01";"3";"7";"0";"2";"2";"26";"3";""
"202400007035";"155 769 439";"B01";"2";"7";"0";"2";"4";"2";"0";""
"202400007035";"155 769 440";"A01";"2";"31";"0";"2";"1";"1";"1";""
"202400007036";"155 769 436";"A01";"1";"10";"0";"2";"4";"2";"1";""
"202400007036";"155 769 437";"B01";"1";"7";"0";"2";"4";"1";"1";""
"202400007036";"155 769 438";"C01";"1";"7";"0";"2";"0";"2";"1";""
"202400007037";"155 769 434";"B01";"2";"7";"0";"2";"4";"1";"1";""
"202400007037";"155 769 435";"A01";"1";"7";"0";"2";"1";"2";"1";""
"202400007038";"155 769 432";"A01";"2";"7";"0";"2";"1";"2";"1";""
"202400007038";"155 769 433";"B01";"2";"15";"0";"2";"4";"2";"1";""
"202400007039";"155 769 430";"A01";"1";"33";"0";"2";"8";"21";"1";""
"202400007039";"155 769 431";"B01";"1";"7";"0";"2";"6";"1";"2";""
"202400007040";"155 769 428";"A01";"1";"14";"0";"2";"1";"16";"1";""
"202400007040";"155 769 429";"B01";"1";"1";"0";"2";"8";"1";"5";""
"202400007041";"155 769 427";"A01";"1";"33";"1";"1";"1";"1";"1";""
"202400007042";"155 769 425";"B01";"1";"7";"0";"2";"1";"1";"2";""
"202400007042";"155 769 426";"A01";"2";"14";"0";"2";"2";"1";"3";""
"202400007043";"155 769 423";"A01";"2";"33";"0";"2";"4";"11";"1";""
"202400007043";"155 769 424";"B01";"2";"1";"0";"2";"1";"2";"5";""
"202400007044";"155 769 421";"B01";"2";"1";"0";"2";"3";"13";"5";""
"202400007044";"155 769 422";"A01";"2";"10";"0";"2";"2";"1";"1";""
"202400007045";"155 769 419";"A01";"3";"33";"0";"0";"7";"3";"1";""
"202400007045";"155 769 420";"B01";"0";"7";"0";"2";"8";"13";"1";""
"202400007046";"155 769 418";"A01";"2";"7";"0";"1";"7";"16";"1";""
"202400007047";"155 769 416";"B01";"2";"50";"0";"2";"1";"1";"3";""
"202400007047";"155 769 417";"A01";"3";"31";"0";"2";"1";"5";"1";""
"202400007048";"155 769 413";"A01";"3";"33";"0";"2";"3";"18";"1";""
"202400007048";"155 769 414";"C01";"3";"10";"0";"2";"5";"1";"1";""
"202400007048";"155 769 415";"B01";"3";"7";"0";"2";"7";"1";"1";""
"202400007049";"155 769 411";"B01";"2";"33";"0";"2";"1";"1";"1";""
"202400007049";"155 769 412";"A01";"2";"31";"0";"2";"8";"1";"1";""
"202400007050";"155 769 410";"A01";"1";"50";"0";"1";"1";"1";"3";""
"202400007051";"155 769 408";"A01";"1";"50";"0";"2";"1";"1";"3";""
"202400007051";"155 769 409";"B01";"1";"1";"0";"2";"4";"15";"5";""
"202400007052";"155 769 406";"B01";"1";"50";"0";"2";"1";"2";"3";""
"202400007052";"155 769 407";"A01";"1";"30";"0";"2";"5";"2";"3";""
"202400007053";"155 769 404";"A01";"1";"34";"0";"2";"7";"10";"1";""
"202400007053";"155 769 405";"B01";"2";"33";"0";"2";"1";"1";"1";""
"202400007054";"155 769 402";"B01";"3";"2";"0";"2";"1";"0";"0";""
"202400007054";"155 769 403";"A01";"3";"7";"0";"2";"2";"5";"1";""
"202400007055";"155 769 400";"B01";"1";"1";"0";"2";"4";"1";"5";""
"202400007055";"155 769 401";"A01";"1";"1";"0";"2";"1";"2";"5";""
"202400007056";"155 769 398";"A01";"0";"7";"0";"2";"1";"1";"1";""
"202400007056";"155 769 399";"B01";"0";"7";"0";"2";"1";"1";"1";""
"202400007057";"155 769 396";"A01";"3";"7";"0";"2";"4";"0";"1";""
"202400007057";"155 769 397";"B01";"3";"7";"0";"2";"1";"1";"1";""
"202400007058";"155 769 394";"A01";"1";"7";"1";"0";"1";"16";"1";""
"202400007058";"155 769 395";"B01";"1";"7";"1";"0";"8";"24";"1";""
"202400007059";"155 769 392";"A01";"1";"7";"0";"2";"3";"22";"0";""
"202400007059";"155 769 393";"B01";"1";"80";"1";"0";"3";"22";"3";""
"202400007060";"155 769 390";"A01";"0";"33";"1";"2";"1";"3";"1";""
"202400007060";"155 769 391";"B01";"0";"7";"0";"2";"3";"15";"1";""
"202400007061";"155 769 388";"B01";"2";"33";"0";"2";"3";"0";"1";""
"202400007061";"155 769 389";"A01";"1";"7";"0";"2";"2";"15";"1";""
"202400007062";"155 769 386";"A01";"1";"10";"0";"2";"3";"15";"1";""
"202400007062";"155 769 387";"B01";"1";"32";"0";"2";"1";"3";"1";""
"202400007063";"155 769 383";"B01";"2";"33";"0";"2";"3";"1";"0";""
"202400007063";"155 769 384";"A01";"1";"7";"0";"2";"3";"15";"1";""
"202400007064";"155 769 382";"Z01";"1";"7";"0";"9";"1";"1";"0";""
"202400007064";"155 769 385";"A01";"1";"50";"0";"2";"7";"1";"3";""
"202400007065";"155 769 381";"A01";"0";"7";"0";"2";"1";"1";"1";""
"202400007066";"155 769 380";"A01";"1";"32";"9";"1";"8";"2";"1";""
"202400007067";"155 769 378";"A01";"1";"7";"0";"2";"3";"15";"1";""
"202400007067";"155 769 379";"B01";"1";"33";"0";"2";"1";"0";"1";""
"202400007068";"155 769 376";"B01";"1";"7";"0";"9";"1";"20";"1";""
"202400007068";"155 769 377";"A01";"2";"1";"0";"2";"1";"5";"5";""
"202400007069";"155 769 374";"A01";"1";"30";"0";"2";"8";"0";"1";""
"202400007069";"155 769 375";"B01";"1";"7";"0";"2";"1";"9";"1";""
"202400007070";"155 769 372";"A01";"3";"7";"3";"0";"3";"1";"1";""
"202400007071";"155 769 373";"A01";"2";"33";"0";"0";"9";"2";"1";""
"202400007072";"155 769 369";"A01";"2";"7";"0";"2";"2";"1";"1";""
"202400007072";"155 769 370";"B01";"2";"33";"0";"2";"3";"17";"3";""
"202400007072";"155 769 371";"C01";"1";"7";"0";"2";"0";"0";"2";""
"202400007073";"155 769 366";"B01";"3";"7";"0";"0";"8";"15";"1";""
"202400007073";"155 769 367";"A01";"1";"33";"0";"2";"1";"1";"1";""
"202400007074";"155 769 365";"A01";"2";"10";"0";"2";"2";"16";"1";""
"202400007074";"155 769 368";"B01";"2";"1";"0";"2";"8";"1";"5";""
"202400007075";"155 769 363";"B01";"1";"37";"0";"2";"3";"1";"1";"1"
"202400007075";"155 769 364";"A01";"1";"7";"0";"2";"2";"15";"2";""
"202400007076";"155 769 362";"A01";"1";"7";"1";"0";"2";"1";"1";""
"202400007077";"155 769 360";"A01";"1";"14";"0";"2";"1";"2";"6";""
"202400007077";"155 769 361";"B01";"3";"7";"0";"2";"4";"1";"3";""
"202400007078";"155 769 359";"A01";"1";"7";"1";"0";"1";"21";"2";""
"202400007079";"155 769 357";"A01";"2";"7";"0";"2";"1";"19";"1";""
"202400007079";"155 769 358";"B01";"1";"7";"0";"2";"1";"1";"1";""
"202400007080";"155 769 355";"A01";"1";"34";"0";"0";"0";"2";"1";""
"202400007081";"155 769 354";"A01";"1";"7";"0";"2";"3";"1";"1";""
"202400007081";"155 769 356";"B01";"1";"2";"0";"2";"1";"2";"1";""
"202400007082";"155 769 353";"A01";"1";"7";"0";"1";"7";"1";"1";""
"202400007083";"155 769 351";"A01";"1";"34";"0";"2";"3";"1";"1";""
"202400007083";"155 769 352";"B01";"2";"7";"0";"2";"3";"1";"1";""
"202400007084";"155 769 347";"B01";"0";"33";"0";"2";"3";"0";"1";""
"202400007084";"155 769 349";"A01";"0";"10";"0";"2";"3";"0";"1";""
"202400007085";"155 769 348";"A01";"1";"10";"0";"2";"3";"2";"1";""
"202400007085";"155 769 350";"B01";"1";"37";"0";"2";"2";"2";"3";"1"
"202400007086";"155 769 345";"B01";"1";"14";"0";"2";"6";"15";"1";""
"202400007086";"155 769 346";"A01";"1";"33";"0";"2";"1";"17";"1";""
"202400007087";"155 769 343";"A01";"1";"33";"0";"9";"8";"1";"1";""
"202400007087";"155 769 344";"B01";"1";"1";"0";"2";"1";"16";"5";""
"202400007088";"155 769 341";"A01";"1";"7";"0";"2";"1";"1";"1";""
"202400007088";"155 769 342";"B01";"2";"2";"0";"0";"8";"1";"1";""
"202400007089";"155 769 339";"A01";"1";"7";"13";"0";"0";"1";"1";""
"202400007090";"155 769 338";"A01";"2";"7";"0";"2";"1";"0";"0";""
"202400007090";"155 769 340";"B01";"0";"60";"0";"0";"0";"5";"5";""
"202400007091";"155 769 336";"A01";"1";"30";"0";"2";"3";"1";"1";""
"202400007091";"155 769 337";"B01";"1";"7";"0";"2";"3";"11";"1";""
"202400007092";"155 769 335";"A01";"1";"7";"0";"1";"0";"1";"2";""
"202400007093";"155 769 333";"B01";"3";"7";"0";"2";"8";"15";"1";""
"202400007093";"155 769 334";"A01";"1";"7";"0";"2";"1";"1";"1";""
"202400007094";"155 769 331";"A01";"1";"37";"0";"0";"0";"1";"2";"2"
"202400007095";"155 769 329";"B01";"1";"10";"0";"2";"2";"19";"1";""
"202400007095";"155 769 330";"A01";"1";"33";"0";"2";"8";"17";"1";""
"202400007095";"155 769 332";"C01";"1";"7";"0";"9";"4";"2";"1";""
"202400007096";"155 769 327";"A01";"1";"7";"0";"1";"1";"1";"1";""
"202400007097";"155 769 328";"A01";"3";"60";"0";"0";"0";"0";"5";""
"202400007098";"155 769 326";"A01";"1";"33";"16";"0";"0";"1";"1";""
"202400007099";"155 769 323";"A01";"1";"7";"0";"2";"3";"13";"1";""
"202400007099";"155 769 324";"B01";"2";"10";"0";"2";"3";"21";"1";""
"202400007100";"155 769 322";"A01";"1";"7";"0";"2";"1";"2";"1";""
"202400007100";"155 769 325";"B01";"1";"7";"0";"2";"4";"2";"1";""
"202400007101";"155 769 320";"A01";"3";"7";"15";"0";"1";"14";"1";""
"202400007102";"155 769 321";"A01";"1";"33";"0";"0";"7";"2";"1";""
"202400007103";"155 769 319";"A01";"3";"7";"0";"2";"2";"17";"1";""
"202400007104";"155 769 315";"A01";"1";"7";"0";"2";"3";"13";"1";""
"202400007104";"155 769 317";"B01";"2";"33";"0";"2";"3";"1";"1";""
"202400007105";"155 769 316";"B01";"2";"30";"0";"2";"4";"2";"1";""
"202400007105";"155 769 318";"A01";"2";"7";"0";"2";"2";"2";"1";""
"202400007106";"155 769 312";"A01";"1";"33";"0";"2";"1";"1";"1";""
"202400007106";"155 769 313";"B01";"1";"7";"0";"0";"3";"19";"1";""
"202400007107";"155 769 310";"A01";"1";"7";"2";"0";"1";"15";"1";""
"202400007108";"155 769 309";"A01";"1";"10";"2";"0";"1";"1";"1";""
"202400007109";"155 769 308";"A01";"1";"2";"0";"1";"1";"1";"1";""
"202400007110";"155 769 305";"A01";"1";"14";"0";"2";"1";"1";"1";""
"202400007110";"155 769 307";"B01";"1";"33";"0";"2";"0";"0";"1";""
"202400007111";"155 769 302";"A01";"2";"33";"0";"0";"0";"1";"1";""
"202400007112";"155 769 301";"B01";"1";"21";"0";"2";"3";"1";"0";""
"202400007112";"155 769 303";"A01";"2";"33";"0";"2";"1";"0";"1";""
"202400007113";"155 769 299";"A01";"1";"1";"0";"0";"0";"1";"5";""
"202400007114";"155 769 298";"B01";"1";"1";"0";"0";"6";"1";"5";""
"202400007114";"155 769 300";"A01";"1";"2";"0";"0";"1";"1";"0";""
"202400007115";"155 769 296";"A01";"0";"7";"0";"2";"3";"13";"1";""
"202400007115";"155 769 297";"B01";"0";"7";"0";"2";"3";"1";"1";""
"202400007116";"155 769 294";"A01";"1";"7";"3";"0";"1";"14";"1";""
"202400007117";"155 769 291";"B01";"2";"33";"0";"2";"1";"1";"1";""
"202400007117";"155 769 292";"C01";"1";"33";"0";"2";"3";"1";"1";""
"202400007117";"155 769 293";"D01";"1";"33";"0";"2";"3";"1";"1";""
"202400007117";"155 769 295";"A01";"1";"7";"0";"2";"8";"1";"1";""
"202400007118";"155 769 288";"A01";"1";"34";"1";"2";"1";"26";"0";""
"202400007118";"155 769 289";"B01";"2";"7";"0";"2";"3";"1";"1";""
"202400007119";"155 769 285";"A01";"1";"7";"0";"0";"1";"21";"1";""
"202400007120";"155 769 286";"B01";"1";"7";"0";"2";"1";"1";"1";""
"202400007120";"155 769 287";"C01";"2";"7";"0";"2";"6";"1";"1";""
"202400007120";"155 769 290";"A01";"2";"10";"0";"2";"1";"17";"1";""
"202400007121";"155 769 282";"B01";"2";"1";"0";"2";"8";"11";"5";""
"202400007121";"155 769 284";"A01";"2";"7";"0";"2";"7";"17";"1";""
"202400007122";"155 769 283";"A01";"3";"7";"8";"0";"1";"1";"1";""
"202400007123";"155 769 281";"A01";"2";"1";"0";"0";"0";"2";"5";""
"202400007124";"155 769 280";"A01";"2";"7";"13";"0";"3";"13";"1";""
"202400007125";"155 769 277";"A01";"1";"7";"0";"2";"1";"13";"1";""
"202400007125";"155 769 279";"B01";"1";"7";"0";"2";"1";"13";"1";""
"202400007126";"155 769 276";"B01";"1";"7";"0";"2";"1";"1";"1";""
"202400007126";"155 769 278";"A01";"2";"7";"0";"2";"1";"15";"1";""
"202400007127";"155 769 272";"A01";"1";"7";"0";"2";"4";"15";"1";""
"202400007127";"155 769 274";"B01";"1";"7";"3";"2";"4";"1";"1";""
"202400007127";"155 769 275";"C01";"2";"7";"13";"2";"3";"1";"1";""
"202400007128";"155 769 271";"A01";"2";"7";"0";"2";"3";"19";"1";""
"202400007128";"155 769 273";"B01";"2";"33";"0";"2";"7";"1";"1";""
"202400007129";"155 769 270";"A01";"1";"33";"4";"0";"7";"26";"1";""
"202400007130";"155 769 268";"A01";"2";"7";"13";"0";"3";"13";"1";""
"202400007131";"155 769 264";"B01";"3";"50";"0";"9";"1";"13";"3";""
"202400007131";"155 769 266";"A01";"3";"2";"0";"2";"1";"25";"1";""
"202400007132";"155 769 263";"A01";"2";"14";"0";"2";"1";"1";"1";""
"202400007132";"155 769 265";"B01";"2";"7";"0";"2";"4";"23";"1";""
"202400007132";"155 769 267";"C01";"2";"7";"0";"0";"4";"23";"1";""
"202400007132";"155 769 269";"D01";"1";"10";"0";"0";"1";"23";"1";""
"202400007133";"155 769 262";"A01";"1";"7";"13";"0";"1";"1";"1";""
"202400007134";"155 769 261";"A01";"2";"7";"9";"0";"1";"1";"1";""
"202400007135";"155 769 259";"A01";"3";"7";"0";"9";"8";"22";"1";""
"202400007135";"155 769 260";"B01";"2";"1";"0";"9";"1";"22";"5";""
"202400007136";"155 769 258";"A01";"1";"10";"0";"1";"2";"0";"1";""
"202400007137";"155 769 257";"A01";"1";"33";"7";"0";"1";"1";"1";""
"202400007138";"155 769 254";"A01";"2";"33";"0";"2";"2";"17";"1";""
"202400007138";"155 769 256";"B01";"2";"7";"0";"2";"6";"1";"1";""
"202400007139";"155 769 255";"A01";"1";"33";"7";"0";"1";"1";"1";""
"202400007140";"155 769 253";"A01";"1";"33";"0";"0";"0";"0";"1";""
"202400007141";"155 769 252";"A01";"0";"2";"0";"0";"0";"1";"1";""
"202400007142";"155 769 249";"A01";"2";"21";"0";"1";"2";"1";"1";""
"202400007143";"155 769 247";"D01";"2";"17";"0";"2";"3";"1";"0";""
"202400007143";"155 769 248";"B01";"1";"7";"0";"2";"1";"1";"1";""
"202400007143";"155 769 250";"C01";"1";"7";"12";"2";"3";"1";"1";""
"202400007143";"155 769 251";"A01";"1";"7";"0";"2";"3";"1";"1";""
"202400007144";"155 769 246";"A01";"3";"7";"6";"0";"1";"15";"1";""
"202400007145";"155 769 245";"A01";"2";"7";"3";"0";"3";"1";"1";""
"202400007146";"155 769 241";"A01";"2";"7";"0";"2";"3";"1";"1";""
"202400007146";"155 769 243";"B01";"1";"10";"0";"2";"3";"1";"1";""
"202400007147";"155 769 242";"A01";"1";"7";"0";"2";"0";"19";"1";""
"202400007147";"155 769 244";"B01";"2";"33";"0";"2";"1";"1";"1";""
"202400007148";"155 769 238";"B01";"2";"7";"0";"2";"3";"15";"2";""
"202400007148";"155 769 240";"A01";"1";"31";"0";"2";"2";"21";"1";""
"202400007149";"155 769 237";"A01";"2";"7";"0";"2";"3";"13";"1";""
"202400007149";"155 769 239";"B01";"1";"15";"0";"2";"3";"1";"1";""
"202400007150";"155 769 236";"A01";"1";"32";"12";"0";"0";"1";"1";""
"202400007151";"155 769 235";"A01";"3";"2";"0";"0";"0";"26";"1";""
"202400007152";"155 769 233";"A01";"2";"7";"0";"2";"3";"15";"1";""
"202400007152";"155 769 234";"B01";"1";"2";"0";"2";"1";"0";"1";""
"202400007153";"155 769 231";"A01";"3";"36";"8";"0";"2";"14";"1";""
"202400007154";"155 769 230";"A01";"1";"31";"0";"2";"1";"1";"1";""
"202400007154";"155 769 232";"B01";"1";"7";"0";"2";"4";"16";"1";""
"202400007155";"155 769 228";"B01";"2";"33";"0";"2";"1";"1";"1";""
"202400007155";"155 769 229";"A01";"1";"7";"0";"2";"2";"1";"2";""
"202400007156";"155 769 227";"A01";"1";"10";"13";"0";"7";"1";"1";""
"202400007157";"155 769 226";"A01";"2";"7";"2";"0";"1";"14";"1";""
"202400007158";"155 769 223";"B01";"2";"7";"0";"2";"4";"2";"1";""
"202400007158";"155 769 225";"A01";"2";"7";"0";"2";"1";"2";"1";""
"202400007159";"155 769 222";"A01";"2";"33";"0";"2";"8";"9";"1";""
"202400007159";"155 769 224";"B01";"2";"33";"0";"2";"7";"1";"1";""
"202400007160";"155 769 219";"A01";"1";"7";"0";"2";"3";"13";"1";""
"202400007160";"155 769 221";"B01";"2";"3";"0";"2";"3";"1";"1";""
"202400007161";"155 769 218";"A01";"1";"10";"0";"2";"3";"9";"1";""
"202400007161";"155 769 220";"B01";"1";"33";"0";"2";"7";"1";"1";""
"202400007162";"155 769 215";"A01";"1";"33";"0";"2";"4";"2";"1";""
"202400007162";"155 769 217";"B01";"1";"43";"0";"2";"1";"2";"1";""
"202400007163";"155 769 213";"A01";"1";"7";"0";"2";"3";"13";"1";""
"202400007163";"155 769 214";"B01";"2";"7";"0";"2";"3";"1";"1";""
"202400007163";"155 769 216";"C01";"2";"7";"0";"2";"2";"1";"1";""
"202400007164";"155 769 211";"A01";"2";"7";"0";"2";"6";"11";"1";""
"202400007164";"155 769 212";"B01";"2";"33";"0";"2";"2";"3";"1";""
"202400007165";"155 769 210";"A01";"3";"31";"0";"0";"0";"0";"0";""
"202400007166";"155 769 205";"A01";"3";"7";"0";"9";"1";"1";"1";""