"Num_Acc";"id_vehicule";"num_veh";"senc";"catv";"obs";"obsm";"choc";"manv";"motor";"occutc"
"202400007372";"155 768 851";"B01";"3";"7";"0";"0";"6";"15";"1";""
"202400007372";"155 768 852";"A01";"1";"33";"0";"2";"1";"0";"1";""
"202400007373";"155 768 849";"A01";"2";"1";"0";"2";"1";"13";"5";""
"202400007373";"155 768 850";"B01";"1";"33";"0";"2";"1";"1";"1";""
"202400007374";"155 768 847";"A01";"1";"7";"8";"2";"7";"9";"1";""
"202400007374";"155 768 848";"B01";"1";"7";"0";"2";"1";"1";"1";""
"202400007375";"155 768 844";"A01";"1";"7";"0";"2";"1";"1";"1";""
"202400007375";"155 768 845";"B01";"1";"7";"0";"2";"9";"23";"1";""
"202400007375";"155 768 846";"C01";"2";"14";"0";"2";"1";"1";"1";""
"202400007376";"155 768 843";"A01";"2";"7";"2";"0";"3";"1";"1";""
"202400007377";"155 768 842";"A01";"1";"7";"0";"0";"6";"0";"1";""
"202400007378";"155 768 841";"A01";"1";"31";"8";"0";"1";"0";"1";""
"202400007379";"155 768 840";"A01";"1";"7";"0";"1";"2";"19";"1";""
"202400007380";"155 768 832";"B01";"2";"7";"0";"2";"3";"2";"1";""
"202400007380";"155 768 833";"C01";"2";"7";"0";"2";"1";"2";"1";""
"202400007380";"155 768 834";"D01";"2";"7";"0";"2";"6";"2";"2";""
"202400007380";"155 768 835";"E01";"2";"7";"0";"2";"7";"2";"1";""
"202400007380";"155 768 836";"G01";"2";"7";"0";"0";"3";"2";"1";""
"202400007380";"155 768 837";"H01";"2";"7";"0";"0";"8";"2";"1";""
"202400007380";"155 768 838";"F01";"2";"7";"0";"0";"4";"2";"1";""
"202400007380";"155 768 839";"A01";"2";"7";"0";"2";"1";"2";"1";""
"202400007381";"155 768 830";"A01";"2";"7";"0";"2";"2";"1";"1";""
"202400007381";"155 768 831";"B01";"2";"1";"0";"2";"1";"1";"5";""
"202400007382";"155 768 828";"B01";"2";"7";"0";"2";"1";"26";"1";""
"202400007382";"155 768 829";"A01";"2";"7";"0";"0";"8";"9";"3";""
"202400007383";"155 768 826";"B01";"2";"7";"0";"9";"2";"0";"1";""
"202400007383";"155 768 827";"A01";"1";"1";"0";"2";"0";"1";"5";""
"202400007384";"155 768 824";"A01";"2";"33";"0";"2";"6";"1";"1";""
"202400007384";"155 768 825";"B01";"1";"7";"0";"2";"3";"15";"3";""
"202400007385";"155 768 822";"B01";"2";"10";"0";"0";"6";"2";"0";""
"202400007385";"155 768 823";"A01";"2";"7";"0";"2";"2";"2";"2";""
"202400007386";"155 768 821";"A01";"1";"7";"13";"0";"3";"26";"1";""
"202400007387";"155 768 820";"A01";"1";"15";"3";"0";"2";"1";"1";""
"202400007388";"155 768 818";"B01";"0";"10";"0";"0";"1";"1";"1";""
"202400007388";"155 768 819";"A01";"0";"7";"0";"9";"1";"13";"1";""
"202400007389";"155 768 817";"A01";"1";"14";"16";"0";"9";"21";"1";""
"202400007390";"155 768 816";"A01";"3";"99";"0";"0";"9";"1";"6";""
"202400007391";"155 768 815";"A01";"3";"7";"0";"1";"1";"1";"1";""
"202400007392";"155 768 814";"A01";"2";"0";"0";"1";"1";"0";"0";""
"202400007393";"155 768 811";"A01";"1";"7";"0";"2";"4";"23";"1";""
"202400007393";"155 768 812";"B01";"1";"7";"0";"2";"4";"23";"1";""
"202400007393";"155 768 813";"C01";"1";"7";"1";"0";"1";"12";"1";""
"202400007394";"155 768 809";"A01";"1";"7";"0";"2";"2";"17";"3";""
"202400007394";"155 768 810";"B01";"2";"7";"0";"2";"2";"0";"1";""
"202400007395";"155 768 808";"A01";"0";"33";"8";"0";"1";"17";"1";""
"202400007396";"155 768 804";"A01";"2";"7";"0";"2";"3";"5";"1";""
"202400007396";"155 768 805";"B01";"2";"7";"0";"2";"2";"1";"1";""
"202400007397";"155 768 803";"A01";"2";"7";"2";"0";"1";"6";"1";""
"202400007398";"155 768 800";"B01";"1";"1";"0";"2";"1";"1";"5";""
"202400007398";"155 768 801";"A01";"2";"7";"14";"9";"3";"1";"1";""
"202400007398";"155 768 802";"C01";"1";"1";"0";"2";"1";"1";"5";""
"202400007399";"155 768 799";"A01";"1";"7";"0";"1";"3";"1";"1";""
"202400007400";"155 768 797";"B01";"3";"7";"0";"2";"8";"1";"1";""
"202400007400";"155 768 798";"A01";"2";"7";"0";"2";"1";"1";"1";""
"202400007401";"155 768 795";"A01";"2";"1";"0";"2";"4";"15";"5";""
"202400007401";"155 768 796";"B01";"2";"10";"0";"9";"1";"1";"1";""
"202400007402";"155 768 792";"A01";"1";"7";"0";"2";"6";"11";"1";""
"202400007402";"155 768 793";"B01";"1";"7";"0";"2";"2";"1";"1";""
"202400007402";"155 768 794";"Z01";"1";"7";"0";"2";"0";"0";"0";""
"202400007403";"155 768 791";"A01";"2";"33";"13";"0";"2";"1";"1";""
"202400007404";"155 768 788";"B01";"2";"7";"0";"2";"2";"1";"1";""
"202400007404";"155 768 789";"C01";"2";"7";"0";"2";"6";"0";"1";""
"202400007404";"155 768 790";"A01";"2";"43";"0";"2";"3";"11";"1";""
"202400007405";"155 768 787";"A01";"1";"33";"0";"2";"1";"1";"1";""
"202400007406";"155 768 785";"B01";"1";"15";"0";"2";"2";"1";"1";""
"202400007406";"155 768 786";"A01";"1";"7";"0";"2";"6";"1";"2";""
"202400007407";"155 768 784";"A01";"2";"10";"0";"2";"7";"1";"1";""
"202400007408";"155 768 782";"A01";"2";"7";"0";"2";"1";"1";"1";""
"202400007408";"155 768 783";"B01";"2";"7";"0";"2";"4";"1";"1";""
"202400007409";"155 768 780";"A01";"1";"13";"0";"2";"5";"2";"1";""
"202400007409";"155 768 781";"B01";"1";"2";"0";"2";"3";"2";"1";""
"202400007410";"155 768 779";"A01";"2";"32";"0";"5";"0";"21";"1";""
"202400007411";"155 768 778";"A01";"1";"30";"0";"0";"0";"1";"1";""
"202400007412";"155 768 777";"A01";"2";"7";"6";"0";"1";"14";"1";""
"202400007413";"155 768 776";"A01";"1";"7";"0";"1";"2";"1";"1";""
"202400007414";"155 768 774";"A01";"1";"33";"0";"2";"1";"7";"1";""
"202400007414";"155 768 775";"B01";"1";"7";"0";"2";"7";"15";"1";""
"202400007415";"155 768 773";"A01";"2";"7";"1";"1";"6";"24";"1";""
"202400007416";"155 768 769";"C01";"1";"10";"0";"2";"9";"2";"1";""
"202400007416";"155 768 770";"A01";"1";"13";"0";"2";"1";"2";"1";""
"202400007416";"155 768 771";"B01";"1";"7";"0";"2";"9";"2";"1";""
"202400007416";"155 768 772";"D01";"1";"7";"0";"0";"4";"2";"1";""
"202400007417";"155 768 768";"A01";"2";"7";"0";"1";"1";"1";"1";""
"202400007418";"155 768 767";"A01";"1";"7";"0";"1";"2";"1";"1";""
"202400007419";"155 768 765";"B01";"2";"7";"0";"2";"3";"0";"1";""
"202400007419";"155 768 766";"A01";"1";"7";"0";"2";"3";"26";"1";""
"202400007420";"155 768 764";"A01";"3";"7";"0";"1";"1";"1";"1";""
"202400007421";"155 768 762";"A01";"1";"41";"0";"2";"1";"6";"1";""
"202400007421";"155 768 763";"B01";"1";"7";"0";"2";"7";"0";"1";""
"202400007422";"155 768 760";"B01";"3";"7";"0";"2";"2";"1";"1";""
"202400007422";"155 768 761";"A01";"3";"7";"7";"2";"8";"15";"1";""
"202400007423";"155 768 758";"A01";"1";"30";"0";"2";"7";"17";"1";""
"202400007423";"155 768 759";"B01";"1";"43";"0";"2";"3";"15";"1";""
"202400007424";"155 768 756";"B01";"2";"2";"0";"2";"1";"2";"1";""
"202400007424";"155 768 757";"A01";"2";"2";"0";"2";"8";"17";"1";""
"202400007425";"155 768 755";"A01";"1";"7";"0";"1";"2";"1";"1";""
"202400007426";"155 768 754";"A01";"1";"7";"0";"1";"0";"0";"1";""
"202400007427";"155 768 752";"B01";"0";"33";"0";"0";"0";"0";"0";""
"202400007427";"155 768 753";"A01";"3";"99";"0";"0";"0";"0";"0";""
"202400007428";"155 768 750";"A01";"0";"7";"0";"2";"1";"1";"1";""
"202400007428";"155 768 751";"B01";"0";"7";"0";"2";"4";"24";"1";""
"202400007429";"155 768 749";"A01";"0";"7";"0";"0";"0";"0";"1";""
"202400007430";"155 768 748";"A01";"2";"7";"0";"1";"2";"1";"1";""
"202400007431";"155 768 746";"A01";"2";"10";"0";"2";"8";"17";"1";""
"202400007431";"155 768 747";"B01";"2";"33";"0";"2";"7";"17";"1";""
"202400007432";"155 768 743";"A01";"3";"7";"0";"1";"1";"1";"1";""
"202400007433";"155 768 741";"B01";"2";"1";"0";"0";"0";"0";"5";""
"202400007433";"155 768 742";"A01";"2";"7";"0";"0";"7";"16";"1";""
"202400007434";"155 768 739";"A01";"0";"10";"0";"2";"1";"1";"1";""
"202400007434";"155 768 740";"B01";"0";"7";"0";"2";"1";"15";"1";""
"202400007435";"155 768 737";"A01";"2";"10";"0";"2";"3";"15";"1";""
"202400007435";"155 768 738";"B01";"2";"33";"0";"2";"5";"17";"1";""
"202400007436";"155 768 735";"A01";"3";"31";"0";"2";"1";"13";"0";""
"202400007436";"155 768 736";"B01";"3";"7";"0";"2";"3";"1";"1";""
"202400007437";"155 768 733";"A01";"2";"7";"0";"2";"3";"13";"1";""
"202400007437";"155 768 734";"B01";"1";"1";"0";"2";"7";"1";"5";""
"202400007438";"155 768 731";"B01";"1";"31";"0";"2";"7";"26";"0";""
"202400007438";"155 768 732";"A01";"1";"7";"0";"2";"8";"15";"1";""
"202400007439";"155 768 729";"A01";"1";"1";"0";"2";"5";"25";"5";""
"202400007439";"155 768 730";"B01";"3";"7";"0";"2";"1";"9";"1";""
"202400007440";"155 768 728";"A01";"1";"10";"0";"1";"1";"1";"1";""
"202400007441";"155 768 726";"A01";"3";"7";"0";"2";"1";"15";"1";""
"202400007441";"155 768 727";"B01";"3";"33";"0";"2";"1";"17";"1";""
"202400007442";"155 768 725";"A01";"1";"30";"0";"0";"8";"26";"1";""
"202400007443";"155 768 723";"A01";"3";"7";"0";"2";"3";"15";"1";""
"202400007443";"155 768 724";"B01";"3";"50";"0";"2";"1";"1";"3";""
"202400007444";"155 768 721";"A01";"1";"7";"0";"2";"0";"0";"1";""
"202400007444";"155 768 722";"B01";"1";"50";"0";"2";"0";"0";"3";""
"202400007445";"155 768 719";"B01";"3";"33";"0";"2";"1";"5";"1";""
"202400007445";"155 768 720";"A01";"3";"7";"0";"2";"3";"1";"1";""
"202400007446";"155 768 718";"A01";"3";"7";"0";"1";"2";"1";"1";""
"202400007447";"155 768 717";"A01";"3";"7";"0";"1";"2";"19";"3";""
"202400007448";"155 768 716";"A01";"2";"10";"0";"1";"3";"1";"1";""
"202400007449";"155 768 714";"A01";"3";"50";"0";"2";"2";"1";"3";""
"202400007449";"155 768 715";"B01";"3";"7";"0";"2";"3";"1";"2";""
"202400007450";"155 768 713";"A01";"3";"1";"0";"0";"7";"16";"5";""
"202400007451";"155 768 712";"A01";"0";"7";"16";"0";"1";"1";"0";""
"202400007452";"155 768 711";"A01";"1";"31";"0";"2";"2";"1";"1";""
"202400007453";"155 768 709";"A01";"3";"7";"0";"2";"0";"1";"1";""
"202400007453";"155 768 710";"B01";"3";"7";"0";"2";"0";"1";"1";""
"202400007454";"155 768 707";"B01";"3";"1";"0";"2";"1";"1";"5";""
"202400007454";"155 768 708";"A01";"3";"7";"0";"2";"8";"16";"1";""
"202400007455";"155 768 706";"A01";"2";"7";"0";"1";"2";"1";"1";""
"202400007456";"155 768 704";"B01";"2";"7";"0";"2";"1";"1";"1";""
"202400007456";"155 768 705";"A01";"1";"7";"0";"2";"1";"13";"1";""
"202400007457";"155 768 702";"B01";"2";"10";"0";"2";"2";"1";"1";""
"202400007457";"155 768 703";"A01";"1";"7";"0";"2";"1";"9";"1";""
"202400007458";"155 768 700";"A01";"2";"7";"0";"2";"1";"1";"1";""
"202400007458";"155 768 701";"B01";"1";"7";"0";"2";"6";"1";"2";""
"202400007459";"155 768 699";"A01";"1";"7";"0";"1";"1";"1";"1";""
"202400007460";"155 768 698";"A01";"1";"33";"7";"0";"1";"2";"1";""
"202400007461";"155 768 696";"B01";"3";"1";"0";"2";"2";"1";"5";""
"202400007461";"155 768 697";"A01";"1";"7";"0";"2";"5";"15";"1";""
"202400007462";"155 768 692";"C01";"1";"10";"0";"2";"4";"23";"1";""
"202400007462";"155 768 694";"A01";"1";"7";"0";"2";"1";"1";"1";""
"202400007462";"155 768 695";"B01";"1";"7";"0";"2";"1";"1";"1";""
"202400007463";"155 768 689";"A01";"2";"7";"12";"0";"2";"15";"1";""
"202400007464";"155 768 688";"B01";"3";"7";"0";"2";"6";"1";"2";""
"202400007464";"155 768 690";"A01";"3";"31";"0";"2";"1";"1";"1";""
"202400007465";"155 768 687";"Z01";"0";"30";"0";"1";"0";"26";"0";""
"202400007466";"155 768 684";"A01";"2";"10";"0";"2";"3";"1";"1";""
"202400007466";"155 768 685";"B01";"2";"7";"0";"2";"4";"1";"1";""
"202400007466";"155 768 686";"C01";"2";"7";"0";"2";"4";"1";"1";""
"202400007467";"155 768 683";"A01";"2";"33";"0";"1";"1";"1";"1";""
"202400007468";"155 768 681";"A01";"0";"7";"0";"1";"1";"1";"1";""
"202400007469";"155 768 680";"B01";"2";"33";"0";"2";"0";"1";"0";""
"202400007469";"155 768 682";"A01";"1";"7";"0";"2";"7";"15";"1";""
"202400007470";"155 768 678";"A01";"3";"30";"0";"2";"1";"10";"1";""
"202400007470";"155 768 679";"B01";"3";"7";"0";"2";"8";"1";"1";""
"202400007471";"155 768 677";"A01";"2";"33";"0";"1";"1";"26";"1";""
"202400007472";"155 768 676";"A01";"2";"1";"0";"0";"1";"0";"5";""
"202400007473";"155 768 675";"A01";"2";"7";"0";"9";"8";"26";"1";""
"202400007474";"155 768 673";"A01";"1";"7";"0";"1";"1";"1";"1";""
"202400007475";"155 768 672";"A01";"2";"7";"0";"9";"0";"7";"0";""
"202400007475";"155 768 674";"B01";"1";"1";"0";"2";"0";"7";"5";""
"202400007476";"155 768 670";"A01";"2";"33";"7";"0";"0";"0";"1";""
"202400007477";"155 768 668";"A01";"1";"33";"0";"2";"1";"1";"1";""
"202400007477";"155 768 669";"B01";"1";"7";"0";"2";"7";"2";"1";""
"202400007477";"155 768 671";"C01";"1";"10";"0";"2";"4";"1";"1";""
"202400007478";"155 768 667";"A01";"2";"7";"0";"1";"1";"1";"1";""
"202400007479";"155 768 665";"B01";"1";"33";"0";"2";"0";"0";"1";""
"202400007479";"155 768 666";"A01";"3";"7";"0";"2";"2";"15";"1";""
"202400007480";"155 768 662";"A01";"3";"7";"0";"0";"8";"1";"1";""
"202400007481";"155 768 661";"B01";"1";"33";"0";"2";"2";"2";"1";""
"202400007481";"155 768 663";"A01";"1";"7";"0";"2";"8";"11";"1";""
"202400007482";"155 768 660";"A01";"1";"7";"0";"1";"1";"1";"1";""
"202400007483";"155 768 659";"A01";"1";"7";"3";"0";"1";"14";"1";""
"202400007484";"155 768 656";"A01";"2";"7";"0";"9";"0";"16";"0";""
"202400007484";"155 768 657";"B01";"2";"50";"0";"2";"1";"1";"3";""
"202400007485";"155 768 655";"A01";"1";"7";"0";"2";"2";"1";"1";""
"202400007485";"155 768 658";"B01";"2";"1";"0";"2";"6";"19";"5";""
"202400007486";"155 768 653";"A01";"1";"50";"0";"0";"0";"1";"3";""
"202400007487";"155 768 654";"A01";"1";"7";"0";"1";"4";"4";"1";""
"202400007488";"155 768 650";"B01";"1";"32";"0";"2";"0";"16";"1";""
"202400007488";"155 768 652";"A01";"1";"7";"0";"2";"7";"16";"1";""
"202400007489";"155 768 649";"A01";"1";"50";"0";"2";"8";"12";"3";""
"202400007489";"155 768 651";"Z01";"1";"7";"0";"0";"8";"1";"0";""
"202400007490";"155 768 646";"A01";"0";"7";"0";"2";"3";"15";"2";""
"202400007490";"155 768 648";"B01";"1";"50";"0";"2";"1";"1";"3";""
"202400007491";"155 768 645";"A01";"1";"7";"0";"1";"2";"1";"2";""
"202400007492";"155 768 644";"B01";"1";"7";"0";"2";"3";"15";"1";""
"202400007492";"155 768 647";"A01";"1";"33";"0";"2";"1";"17";"1";""
"202400007493";"155 768 640";"A01";"2";"7";"0";"2";"2";"1";"2";""
"202400007493";"155 768 643";"B01";"2";"80";"12";"0";"8";"9";"3";""
"202400007494";"155 768 641";"B01";"1";"32";"0";"0";"7";"17";"1";""
"202400007494";"155 768 642";"A01";"3";"7";"0";"2";"1";"16";"1";""
"202400007495";"155 768 639";"A01";"1";"80";"0";"0";"1";"1";"3";""
"202400007496";"155 768 636";"A01";"0";"30";"0";"2";"1";"0";"0";""
"202400007496";"155 768 638";"B01";"0";"7";"0";"0";"4";"0";"1";""
"202400007497";"155 768 634";"A01";"3";"43";"1";"0";"1";"13";"1";""
"202400007498";"155 768 630";"A01";"3";"40";"0";"2";"1";"0";"3";""
"202400007498";"155 768 633";"B01";"3";"40";"0";"2";"4";"0";"3";""
"202400007499";"155 768 631";"A01";"0";"7";"0";"2";"2";"17";"1";""
"202400007499";"155 768 632";"B01";"0";"1";"0";"2";"1";"1";"5";""
"202400007500";"155 768 628";"A01";"1";"7";"0";"2";"3";"15";"1";""
"202400007500";"155 768 629";"B01";"1";"2";"0";"2";"1";"1";"1";""
"202400007501";"155 768 627";"A01";"1";"7";"0";"1";"0";"1";"1";""
"202400007502";"155 768 624";"A01";"1";"10";"0";"2";"1";"2";"1";""
"202400007502";"155 768 626";"B01";"1";"7";"0";"2";"4";"0";"1";""
"202400007503";"155 768 623";"B01";"3";"33";"0";"2";"3";"1";"1";""
"202400007503";"155 768 625";"A01";"3";"7";"0";"2";"3";"15";"1";""
"202400007504";"155 768 621";"A01";"0";"33";"0";"2";"8";"1";"1";""
"202400007504";"155 768 622";"B01";"0";"33";"0";"2";"7";"1";"1";""
"202400007505";"155 768 619";"A01";"2";"7";"0";"2";"1";"2";"1";""
"202400007505";"155 768 620";"B01";"2";"7";"0";"2";"4";"2";"1";""
"202400007506";"155 768 617";"A01";"1";"7";"0";"2";"1";"15";"1";""
"202400007506";"155 768 618";"B01";"2";"1";"0";"2";"6";"1";"5";""
"202400007507";"155 768 614";"A01";"1";"31";"0";"0";"0";"1";"1";""
"202400007508";"155 768 615";"A01";"1";"7";"0";"2";"1";"26";"1";""
"202400007508";"155 768 616";"B01";"1";"80";"0";"2";"4";"0";"3";""
"202400007509";"155 768 613";"A01";"1";"50";"0";"1";"1";"1";"3";""
"202400007510";"155 768 610";"A01";"1";"7";"0";"2";"1";"2";"1";""
"202400007510";"155 768 612";"B01";"1";"7";"0";"2";"4";"1";"1";""
"202400007511";"155 768 609";"A01";"3";"7";"0";"2";"2";"1";"1";""
"202400007511";"155 768 611";"B01";"3";"50";"0";"2";"1";"16";"3";""
"202400007512";"155 768 606";"A01";"1";"1";"0";"2";"8";"1";"5";""
"202400007512";"155 768 607";"B01";"1";"7";"0";"2";"7";"1";"0";""
"202400007513";"155 768 605";"B01";"1";"10";"0";"2";"2";"0";"1";""
"202400007513";"155 768 608";"A01";"1";"30";"0";"2";"3";"11";"1";""
"202400007514";"155 768 603";"A01";"1";"33";"0";"1";"1";"1";"1";""
"202400007515";"155 768 602";"A01";"1";"7";"0";"1";"3";"1";"1";""
"202400007515";"155 768 604";"B01";"2";"10";"0";"1";"3";"1";"1";""
"202400007516";"155 768 599";"A01";"2";"7";"0";"2";"5";"15";"1";""
"202400007516";"155 768 601";"B01";"1";"33";"0";"2";"1";"1";"1";""
"202400007517";"155 768 598";"A01";"2";"10";"0";"2";"1";"1";"1";""
"202400007517";"155 768 600";"B01";"2";"15";"0";"2";"4";"1";"1";""
"202400007518";"155 768 595";"A01";"3";"7";"0";"2";"3";"1";"0";""
"202400007518";"155 768 597";"B01";"0";"13";"0";"0";"4";"1";"0";""
"202400007519";"155 768 594";"A01";"1";"10";"0";"0";"6";"9";"1";""
"202400007519";"155 768 596";"B01";"2";"2";"0";"2";"1";"1";"1";""
"202400007520";"155 768 592";"A01";"2";"33";"3";"0";"1";"0";"0";""
"202400007521";"155 768 591";"A01";"2";"7";"0";"2";"3";"11";"1";""
"202400007521";"155 768 593";"B01";"2";"33";"0";"2";"7";"2";"1";""
"202400007522";"155 768 590";"A01";"1";"7";"1";"0";"9";"21";"1";""
"202400007523";"155 768 588";"A01";"2";"7";"0";"2";"1";"2";"1";""
"202400007523";"155 768 589";"B01";"2";"10";"0";"2";"4";"2";"1";""
"202400007524";"155 768 587";"A01";"2";"7";"0";"1";"2";"1";"2";""
"202400007525";"155 768 586";"A01";"2";"33";"0";"0";"0";"26";"1";""
"202400007526";"155 768 583";"A01";"2";"7";"0";"0";"7";"1";"1";""
"202400007526";"155 768 585";"B01";"1";"33";"0";"2";"1";"1";"1";""
"202400007527";"155 768 584";"A01";"2";"10";"0";"1";"2";"21";"3";""
"202400007528";"155 768 581";"B01";"2";"33";"0";"2";"4";"2";"1";""
"202400007528";"155 768 582";"A01";"2";"7";"0";"2";"2";"2";"1";""
"202400007529";"155 768 580";"A01";"1";"7";"0";"1";"3";"1";"2";""
"202400007530";"155 768 578";"A01";"1";"7";"6";"0";"1";"1";"1";""
"202400007531";"155 768 579";"A01";"1";"10";"0";"1";"1";"26";"3";""
"202400007532";"155 768 577";"A01";"2";"7";"8";"0";"3";"3";"1";""
"202400007533";"155 768 574";"A01";"1";"33";"0";"2";"1";"1";"1";""
"202400007533";"155 768 576";"B01";"1";"43";"0";"2";"3";"15";"1";""
"202400007534";"155 768 573";"A01";"1";"33";"4";"0";"7";"17";"1";""
"202400007534";"155 768 575";"B01";"1";"7";"0";"2";"6";"17";"1";""
"202400007535";"155 768 571";"A01";"1";"7";"13";"0";"1";"1";"1";""
"202400007536";"155 768 570";"A01";"1";"7";"0";"2";"3";"9";"1";""
"202400007536";"155 768 572";"B01";"2";"60";"0";"2";"2";"1";"5";""
"202400007537";"155 768 569";"A01";"2";"7";"6";"0";"3";"2";"1";""
"202400007538";"155 768 567";"A01";"1";"7";"2";"0";"1";"0";"1";""
"202400007539";"155 768 568";"A01";"1";"2";"0";"0";"1";"2";"1";""
"202400007540";"155 768 566";"A01";"2";"7";"6";"0";"9";"1";"2";""
"202400007541";"155 768 565";"Z01";"1";"34";"0";"1";"0";"0";"1";""
"202400007542";"155 768 562";"A01";"1";"1";"0";"1";"1";"1";"5";""
"202400007543";"155 768 560";"A01";"3";"1";"12";"0";"1";"2";"5";""
"202400007544";"155 768 559";"A01";"2";"7";"9";"9";"1";"15";"1";""
"202400007544";"155 768 561";"B01";"2";"1";"0";"0";"6";"15";"5";""
"202400007545";"155 768 558";"A01";"0";"2";"0";"0";"1";"1";"1";""
"202400007546";"155 768 557";"A01";"2";"1";"0";"1";"1";"1";"5";""
"202400007547";"155 768 556";"A01";"1";"33";"13";"0";"1";"0";"1";""
"202400007548";"155 768 555";"A01";"1";"50";"14";"0";"1";"2";"3";""
"202400007549";"155 768 554";"A01";"1";"7";"13";"0";"8";"1";"1";""
"202400007550";"155 768 550";"B01";"3";"43";"0";"2";"1";"2";"1";""
"202400007550";"155 768 552";"C01";"3";"33";"0";"2";"1";"2";"1";""
"202400007550";"155 768 553";"A01";"3";"7";"0";"2";"4";"2";"1";""
"202400007551";"155 768 551";"A01";"1";"32";"6";"0";"2";"14";"1";""
"202400007552";"155 768 548";"A01";"2";"31";"12";"0";"3";"14";"1";""
"202400007553";"155 768 547";"A01";"1";"10";"0";"2";"6";"0";"2";""
"202400007553";"155 768 549";"B01";"1";"1";"0";"2";"3";"2";"5";""
"202400007554";"155 768 545";"B01";"2";"33";"0";"2";"1";"1";"1";""
"202400007554";"155 768 546";"A01";"1";"7";"0";"2";"3";"15";"1";""
"202400007555";"155 768 544";"A01";"1";"7";"0";"1";"1";"15";"1";""
"202400007556";"155 768 542";"A01";"2";"33";"16";"2";"1";"17";"1";""
"202400007556";"155 768 543";"B01";"2";"7";"0";"0";"3";"15";"1";""
"202400007557";"155 768 541";"A01";"1";"7";"0";"1";"1";"15";"3";""
"202400007558";"155 768 540";"A01";"1";"31";"12";"0";"8";"0";"1";""
"202400007559";"155 768 536";"B01";"2";"7";"0";"2";"7";"0";"1";""
"202400007559";"155 768 538";"A01";"2";"33";"0";"2";"7";"26";"1";""
"202400007559";"155 768 539";"C01";"2";"10";"0";"2";"8";"0";"1";""
"202400007560";"155 768 535";"A01";"1";"1";"0";"2";"0";"2";"5";""
"202400007560";"155 768 537";"B01";"1";"1";"0";"2";"0";"2";"5";""
"202400007561";"155 768 534";"A01";"1";"33";"0";"0";"7";"13";"1";""
"202400007562";"155 768 533";"A01";"2";"7";"0";"1";"2";"17";"3";""
"202400007563";"155 768 532";"A01";"1";"7";"6";"0";"1";"2";"1";""
"202400007564";"155 768 531";"A01";"3";"7";"0";"1";"6";"4";"2";""
"202400007565";"155 768 530";"A01";"2";"7";"2";"0";"8";"1";"1";""
"202400007566";"155 768 528";"B01";"3";"7";"0";"2";"1";"1";"1";""
"202400007566";"155 768 529";"A01";"3";"7";"0";"2";"4";"23";"1";""
"202400007567";"155 768 527";"A01";"1";"7";"8";"0";"1";"13";"1";""
"202400007568";"155 768 525";"B01";"1";"10";"0";"2";"4";"23";"1";""
"202400007568";"155 768 526";"A01";"1";"7";"0";"2";"1";"1";"1";""
"202400007569";"155 768 524";"A01";"2";"10";"0";"1";"2";"26";"1";""
"202400007570";"155 768 521";"B01";"1";"50";"0";"2";"2";"1";"3";""
"202400007570";"155 768 522";"SA01";"1";"7";"0";"2";"3";"15";"1";""
"202400007571";"155 768 517";"A01";"2";"43";"0";"2";"1";"1";"1";""
"202400007571";"155 768 518";"B01";"2";"1";"0";"2";"8";"10";"5";""
"202400007572";"155 768 516";"A01";"1";"7";"17";"9";"2";"0";"1";""
"202400007573";"155 768 514";"B01";"1";"10";"0";"2";"6";"2";"0";""
"202400007573";"155 768 515";"A01";"1";"7";"0";"2";"1";"2";"1";""
"202400007574";"155 768 512";"A01";"1";"33";"0";"2";"1";"1";"1";""
"202400007574";"155 768 513";"B01";"2";"33";"0";"2";"1";"1";"1";""
"202400007575";"155 768 511";"A01";"2";"7";"0";"1";"1";"26";"1";""
"202400007576";"155 768 509";"A01";"2";"7";"0";"2";"3";"13";"1";""
"202400007576";"155 768 510";"B01";"1";"7";"0";"2";"3";"1";"1";""
"202400007577";"155 768 508";"A01";"3";"7";"0";"1";"2";"1";"2";""
"202400007578";"155 768 506";"B01";"2";"7";"0";"2";"2";"0";"1";""
"202400007578";"155 768 507";"A01";"1";"7";"0";"2";"2";"13";"1";""
"202400007579";"155 768 504";"B01";"3";"34";"0";"2";"3";"2";"1";""
"202400007579";"155 768 505";"A01";"3";"32";"0";"0";"0";"0";"1";""
"202400007580";"155 768 500";"A01";"1";"10";"0";"2";"2";"15";"1";""
"202400007580";"155 768 501";"B01";"2";"33";"0";"2";"8";"1";"1";""
"202400007581";"155 768 502";"B01";"1";"1";"0";"2";"1";"1";"5";""
"202400007581";"155 768 503";"A01";"2";"7";"0";"2";"3";"1";"1";""
"202400007582";"155 768 498";"A01";"2";"31";"0";"2";"8";"1";"1";""
"202400007582";"155 768 499";"B01";"0";"7";"0";"2";"5";"20";"2";""
"202400007583";"155 768 497";"A01";"1";"7";"2";"0";"1";"1";"1";""
"202400007584";"155 768 496";"A01";"2";"7";"0";"1";"1";"1";"1";""
"202400007585";"155 768 495";"A01";"0";"7";"2";"0";"3";"1";"1";""
"202400007586";"155 768 492";"A01";"1";"7";"0";"2";"4";"2";"1";""
"202400007586";"155 768 493";"B01";"1";"7";"1";"2";"6";"2";"0";""
"202400007586";"155 768 494";"C01";"1";"7";"1";"2";"1";"2";"1";""