"Num_Acc";"id_vehicule";"num_veh";"senc";"catv";"obs";"obsm";"choc";"manv";"motor";"occutc"
"202400007587";"155 768 491";"A01";"1";"7";"6";"0";"1";"0";"1";""
"202400007588";"155 768 489";"A01";"1";"7";"13";"0";"3";"13";"1";""
"202400007589";"155 768 488";"A01";"3";"7";"0";"2";"4";"1";"1";""
"202400007589";"155 768 490";"B01";"3";"7";"0";"1";"1";"1";"1";""
"202400007590";"155 768 487";"A01";"1";"7";"0";"0";"0";"1";"1";""
"202400007591";"155 768 486";"Z01";"2";"7";"0";"1";"2";"1";"1";""
"202400007592";"155 768 484";"A01";"2";"7";"0";"1";"1";"1";"0";""
"202400007593";"155 768 483";"B01";"1";"33";"0";"2";"1";"13";"1";""
"202400007593";"155 768 485";"A01";"2";"30";"0";"2";"1";"1";"1";""
"202400007594";"155 768 482";"A01";"1";"10";"3";"0";"2";"1";"1";""
"202400007595";"155 768 481";"A01";"0";"32";"0";"1";"1";"17";"1";""
"202400007596";"155 768 480";"A01";"1";"17";"1";"0";"2";"1";"1";""
"202400007597";"155 768 479";"A01";"1";"7";"0";"1";"7";"2";"1";""
"202400007598";"155 768 475";"B01";"1";"7";"0";"2";"3";"19";"1";""
"202400007598";"155 768 478";"A01";"1";"33";"0";"2";"1";"1";"1";""
"202400007599";"155 768 476";"A01";"1";"10";"0";"2";"3";"26";"1";""
"202400007599";"155 768 477";"B01";"1";"7";"0";"2";"5";"1";"1";""
"202400007600";"155 768 473";"A01";"2";"33";"0";"0";"0";"1";"1";""
"202400007601";"155 768 468";"B01";"1";"33";"0";"2";"3";"1";"1";""
"202400007601";"155 768 470";"A01";"2";"7";"0";"2";"1";"15";"1";""
"202400007602";"155 768 466";"A01";"3";"60";"0";"0";"0";"1";"5";""
"202400007603";"155 768 463";"A01";"1";"7";"0";"2";"3";"2";"1";""
"202400007603";"155 768 465";"B01";"1";"21";"0";"0";"6";"15";"1";""
"202400007604";"155 768 462";"A01";"1";"7";"0";"2";"1";"9";"1";""
"202400007604";"155 768 464";"B01";"1";"7";"0";"2";"5";"0";"1";""
"202400007605";"155 768 460";"B01";"2";"7";"0";"2";"2";"1";"0";""
"202400007605";"155 768 461";"A01";"1";"7";"0";"2";"3";"1";"1";""
"202400007606";"155 768 459";"A01";"3";"7";"0";"0";"9";"21";"1";""
"202400007607";"155 768 457";"A01";"2";"7";"2";"0";"3";"14";"1";""
"202400007607";"155 768 458";"B01";"1";"10";"0";"2";"5";"17";"1";""
"202400007608";"155 768 456";"A01";"1";"32";"7";"0";"1";"1";"1";""
"202400007609";"155 768 455";"A01";"2";"7";"9";"1";"1";"0";"1";""
"202400007610";"155 768 453";"A01";"2";"33";"0";"2";"0";"13";"1";""
"202400007610";"155 768 454";"B01";"1";"10";"0";"2";"1";"1";"1";""
"202400007611";"155 768 451";"A01";"2";"33";"0";"2";"1";"1";"1";""
"202400007611";"155 768 452";"B01";"2";"7";"0";"2";"6";"15";"1";""
"202400007612";"155 768 449";"B01";"2";"13";"0";"2";"3";"1";"1";""
"202400007612";"155 768 450";"A01";"1";"7";"0";"2";"3";"1";"1";""
"202400007613";"155 768 448";"A01";"3";"43";"15";"0";"3";"11";"1";""
"202400007614";"155 768 447";"A01";"1";"7";"16";"0";"0";"1";"1";""
"202400007615";"155 768 446";"A01";"2";"0";"0";"1";"0";"0";"0";""
"202400007616";"155 768 444";"A01";"1";"7";"0";"2";"3";"1";"1";""
"202400007616";"155 768 445";"B01";"2";"7";"0";"2";"2";"1";"1";""
"202400007617";"155 768 442";"A01";"2";"7";"0";"2";"1";"13";"1";""
"202400007617";"155 768 443";"B01";"1";"10";"0";"2";"2";"1";"1";""
"202400007618";"155 768 439";"A01";"1";"7";"0";"0";"3";"15";"1";""
"202400007618";"155 768 441";"B01";"2";"33";"13";"2";"9";"1";"1";""
"202400007619";"155 768 438";"A01";"2";"33";"0";"2";"1";"1";"1";""
"202400007619";"155 768 440";"B01";"1";"7";"0";"2";"3";"1";"1";""
"202400007620";"155 768 437";"A01";"1";"33";"7";"0";"1";"1";"1";""
"202400007621";"155 768 436";"A01";"3";"7";"2";"0";"3";"0";"1";""
"202400007622";"155 768 433";"B01";"2";"14";"0";"2";"1";"1";"1";""
"202400007622";"155 768 435";"A01";"1";"7";"0";"2";"8";"19";"1";""
"202400007623";"155 768 432";"A01";"1";"7";"0";"9";"2";"21";"1";""
"202400007624";"155 768 430";"A01";"1";"7";"0";"2";"2";"1";"1";""
"202400007624";"155 768 431";"B01";"1";"33";"0";"0";"4";"23";"1";""
"202400007625";"155 768 428";"A01";"1";"2";"11";"0";"0";"1";"1";""
"202400007626";"155 768 427";"A01";"2";"33";"0";"2";"1";"13";"1";""
"202400007626";"155 768 429";"B01";"1";"7";"0";"2";"1";"1";"1";""
"202400007627";"155 768 424";"A01";"2";"7";"0";"2";"1";"1";"3";""
"202400007627";"155 768 426";"B01";"2";"7";"0";"2";"5";"16";"1";""
"202400007628";"155 768 423";"B01";"1";"7";"0";"2";"1";"1";"1";""
"202400007628";"155 768 425";"A01";"1";"7";"0";"0";"4";"1";"1";""
"202400007629";"155 768 421";"B01";"1";"1";"0";"2";"7";"1";"5";""
"202400007629";"155 768 422";"A01";"2";"7";"0";"2";"3";"16";"1";""
"202400007630";"155 768 419";"A01";"2";"31";"0";"2";"1";"17";"1";""
"202400007630";"155 768 420";"B01";"1";"7";"0";"2";"8";"2";"2";""
"202400007631";"155 768 418";"A01";"1";"15";"0";"1";"2";"9";"1";""
"202400007632";"155 768 417";"A01";"1";"7";"8";"0";"1";"14";"1";""
"202400007633";"155 768 416";"A01";"0";"7";"13";"0";"3";"21";"1";""
"202400007634";"155 768 415";"A01";"1";"7";"2";"0";"1";"1";"1";""
"202400007635";"155 768 412";"A01";"2";"31";"0";"2";"6";"11";"1";""
"202400007635";"155 768 414";"B01";"2";"7";"0";"2";"2";"2";"1";""
"202400007636";"155 768 411";"A01";"1";"7";"0";"0";"4";"15";"1";""
"202400007636";"155 768 413";"B01";"1";"7";"0";"2";"1";"1";"1";""
"202400007637";"155 768 408";"B01";"2";"7";"0";"2";"1";"11";"1";""
"202400007637";"155 768 410";"A01";"2";"7";"0";"2";"4";"2";"1";""
"202400007638";"155 768 407";"A01";"1";"7";"0";"2";"3";"13";"1";""
"202400007638";"155 768 409";"B01";"2";"10";"0";"2";"3";"1";"1";""
"202400007639";"155 768 406";"A01";"1";"33";"0";"0";"4";"2";"1";""
"202400007640";"155 768 404";"A01";"1";"3";"0";"2";"2";"15";"3";""
"202400007640";"155 768 405";"B01";"1";"7";"0";"2";"1";"1";"1";""
"202400007641";"155 768 401";"A01";"2";"33";"0";"2";"2";"3";"1";""
"202400007641";"155 768 403";"B01";"2";"7";"0";"0";"6";"1";"1";""
"202400007642";"155 768 397";"A01";"1";"7";"0";"2";"1";"2";"1";""
"202400007642";"155 768 399";"B01";"1";"7";"0";"2";"4";"2";"2";""
"202400007642";"155 768 400";"C01";"1";"10";"0";"2";"4";"2";"1";""
"202400007642";"155 768 402";"D01";"1";"10";"0";"0";"4";"2";"3";""
"202400007643";"155 768 396";"B01";"1";"7";"0";"2";"6";"1";"1";""
"202400007643";"155 768 398";"A01";"1";"33";"0";"2";"1";"1";"1";""
"202400007644";"155 768 394";"A01";"2";"7";"3";"0";"1";"1";"1";""
"202400007645";"155 768 393";"A01";"1";"7";"3";"2";"2";"17";"1";""
"202400007645";"155 768 395";"B01";"1";"15";"0";"2";"6";"1";"1";""
"202400007646";"155 768 390";"A01";"1";"7";"0";"2";"2";"11";"1";""
"202400007646";"155 768 392";"B01";"1";"33";"0";"2";"4";"1";"1";""
"202400007647";"155 768 389";"A01";"2";"7";"0";"2";"1";"5";"1";""
"202400007647";"155 768 391";"B01";"1";"2";"0";"2";"1";"1";"1";""
"202400007648";"155 768 386";"A01";"1";"10";"0";"0";"6";"24";"1";""
"202400007648";"155 768 388";"B01";"1";"10";"1";"0";"2";"1";"1";""
"202400007649";"155 768 384";"B01";"1";"33";"0";"2";"3";"1";"1";""
"202400007649";"155 768 385";"C01";"1";"10";"0";"2";"5";"1";"1";""
"202400007649";"155 768 387";"A01";"1";"7";"0";"2";"0";"11";"1";""
"202400007650";"155 768 383";"A01";"1";"33";"0";"0";"0";"16";"1";""
"202400007651";"155 768 381";"A01";"1";"7";"0";"2";"1";"1";"1";""
"202400007651";"155 768 382";"B01";"1";"7";"0";"2";"4";"11";"1";""
"202400007652";"155 768 380";"A01";"2";"33";"3";"0";"1";"14";"1";""
"202400007653";"155 768 377";"A01";"1";"33";"0";"2";"5";"3";"1";""
"202400007653";"155 768 379";"B01";"1";"10";"0";"2";"8";"11";"1";""
"202400007654";"155 768 375";"A01";"2";"32";"4";"0";"1";"16";"1";""
"202400007655";"155 768 376";"A01";"2";"33";"16";"2";"9";"1";"1";""
"202400007655";"155 768 378";"B01";"1";"7";"0";"2";"2";"2";"1";""
"202400007656";"155 768 374";"A01";"2";"33";"0";"2";"1";"3";"1";""
"202400007657";"155 768 373";"A01";"2";"33";"12";"0";"1";"1";"1";""
"202400007658";"155 768 371";"A01";"1";"7";"0";"1";"1";"1";"1";""
"202400007659";"155 768 370";"B01";"2";"7";"0";"2";"1";"1";"1";""
"202400007659";"155 768 372";"A01";"2";"7";"13";"0";"8";"9";"1";""
"202400007660";"155 768 368";"A01";"1";"7";"0";"2";"5";"2";"1";""
"202400007660";"155 768 369";"B01";"1";"10";"0";"2";"3";"0";"1";""
"202400007661";"155 768 366";"B01";"3";"7";"0";"2";"8";"15";"1";""
"202400007661";"155 768 367";"A01";"1";"7";"0";"2";"1";"1";"1";""
"202400007662";"155 768 365";"A01";"3";"7";"0";"1";"2";"26";"1";""
"202400007663";"155 768 363";"B01";"1";"7";"0";"2";"3";"1";"1";""
"202400007663";"155 768 364";"A01";"2";"2";"0";"2";"3";"13";"1";""
"202400007664";"155 768 361";"B01";"2";"50";"0";"2";"1";"1";"3";""
"202400007664";"155 768 362";"A01";"2";"7";"0";"2";"2";"16";"1";""
"202400007665";"155 768 354";"B01";"1";"7";"0";"2";"4";"26";"1";""
"202400007665";"155 768 356";"C01";"1";"7";"0";"2";"4";"0";"1";""
"202400007665";"155 768 358";"A01";"1";"7";"0";"2";"1";"0";"1";""
"202400007666";"155 768 353";"A01";"2";"99";"0";"2";"1";"17";"1";""
"202400007666";"155 768 355";"B01";"2";"7";"0";"2";"1";"1";"1";""
"202400007666";"155 768 357";"C01";"1";"7";"0";"2";"1";"1";"1";""
"202400007667";"155 768 352";"A01";"1";"33";"6";"0";"1";"1";"1";""
"202400007668";"155 768 350";"B01";"1";"33";"0";"2";"5";"23";"1";""
"202400007668";"155 768 351";"A01";"1";"7";"0";"2";"3";"18";"1";""
"202400007669";"155 768 349";"A01";"1";"32";"14";"0";"1";"9";"1";""
"202400007670";"155 768 348";"A01";"3";"50";"0";"0";"1";"1";"3";""
"202400007671";"155 768 347";"A01";"1";"7";"3";"0";"2";"1";"1";""
"202400007672";"155 768 346";"A01";"1";"7";"4";"0";"2";"1";"1";""
"202400007673";"155 768 344";"A01";"2";"17";"0";"2";"1";"21";"1";""
"202400007673";"155 768 345";"B01";"2";"17";"0";"2";"8";"23";"1";""
"202400007674";"155 768 341";"A01";"1";"7";"0";"2";"5";"2";"1";""
"202400007674";"155 768 343";"B01";"1";"33";"0";"2";"1";"2";"1";""
"202400007675";"155 768 339";"A01";"2";"17";"1";"2";"5";"1";"1";""
"202400007675";"155 768 340";"B01";"2";"17";"0";"2";"3";"23";"1";""
"202400007675";"155 768 342";"C01";"2";"7";"0";"2";"8";"1";"1";""
"202400007676";"155 768 337";"A01";"1";"7";"1";"2";"9";"21";"1";""
"202400007676";"155 768 338";"B01";"1";"7";"0";"2";"1";"15";"1";""
"202400007677";"155 768 336";"A01";"2";"43";"0";"1";"1";"1";"1";""
"202400007678";"155 768 334";"B01";"3";"7";"0";"2";"3";"1";"1";""
"202400007678";"155 768 335";"A01";"3";"7";"0";"2";"1";"19";"1";""
"202400007679";"155 768 332";"A01";"3";"7";"0";"2";"7";"19";"1";""
"202400007679";"155 768 333";"B01";"3";"7";"0";"2";"1";"1";"1";""
"202400007680";"155 768 331";"A01";"2";"7";"0";"1";"8";"1";"1";""
"202400007681";"155 768 329";"A01";"3";"7";"12";"2";"4";"23";"1";""
"202400007681";"155 768 330";"B01";"3";"7";"0";"2";"1";"2";"1";""
"202400007682";"155 768 327";"A01";"1";"33";"0";"2";"1";"2";"1";""
"202400007682";"155 768 328";"B01";"1";"7";"0";"2";"4";"1";"1";""
"202400007683";"155 768 325";"B01";"1";"7";"0";"2";"8";"1";"2";""
"202400007683";"155 768 326";"A01";"1";"7";"0";"2";"3";"15";"1";""
"202400007684";"155 768 323";"A01";"2";"7";"0";"2";"1";"0";"0";""
"202400007684";"155 768 324";"B01";"3";"7";"0";"2";"4";"1";"0";""
"202400007685";"155 768 321";"A01";"2";"7";"0";"2";"8";"10";"2";""
"202400007685";"155 768 322";"B01";"2";"33";"0";"2";"2";"2";"1";""
"202400007686";"155 768 320";"A01";"1";"7";"3";"0";"1";"9";"1";""
"202400007687";"155 768 318";"B01";"2";"7";"0";"2";"2";"1";"1";""
"202400007687";"155 768 319";"A01";"1";"7";"0";"2";"3";"16";"1";""
"202400007688";"155 768 316";"B01";"1";"7";"0";"2";"4";"1";"1";""
"202400007688";"155 768 317";"A01";"1";"31";"0";"2";"4";"21";"1";""
"202400007689";"155 768 314";"A01";"3";"7";"0";"2";"4";"1";"1";""
"202400007689";"155 768 315";"B01";"1";"50";"0";"2";"1";"1";"3";""
"202400007690";"155 768 313";"A01";"3";"7";"0";"1";"2";"21";"1";""
"202400007691";"155 768 311";"A01";"3";"7";"0";"2";"1";"16";"1";""
"202400007691";"155 768 312";"B01";"3";"1";"0";"2";"1";"1";"5";""
"202400007692";"155 768 310";"A01";"3";"7";"0";"1";"1";"1";"1";""
"202400007693";"155 768 309";"A01";"2";"7";"7";"0";"1";"26";"1";""
"202400007694";"155 768 308";"A01";"0";"50";"0";"0";"0";"1";"3";""
"202400007695";"155 768 307";"A01";"0";"7";"0";"1";"1";"16";"1";""
"202400007696";"155 768 304";"A01";"1";"7";"0";"2";"1";"2";"1";""
"202400007696";"155 768 305";"B01";"1";"7";"0";"2";"1";"2";"1";""
"202400007696";"155 768 306";"C01";"1";"7";"0";"2";"4";"2";"1";""
"202400007697";"155 768 301";"C01";"2";"7";"0";"2";"0";"0";"1";""
"202400007697";"155 768 302";"B01";"1";"33";"0";"2";"0";"2";"1";""
"202400007697";"155 768 303";"A01";"1";"7";"0";"2";"2";"9";"1";""
"202400007698";"155 768 298";"A01";"1";"7";"0";"1";"2";"17";"0";""
"202400007699";"155 768 297";"A01";"1";"0";"0";"1";"0";"26";"0";""
"202400007700";"155 768 295";"B01";"2";"50";"0";"2";"7";"19";"3";""
"202400007700";"155 768 296";"A01";"1";"10";"0";"2";"1";"16";"1";""
"202400007701";"155 768 293";"B01";"1";"32";"0";"2";"8";"1";"1";""
"202400007701";"155 768 294";"A01";"3";"7";"0";"2";"3";"15";"1";""
"202400007702";"155 768 291";"B01";"1";"7";"0";"2";"8";"15";"1";""
"202400007702";"155 768 292";"A01";"2";"7";"0";"2";"1";"1";"1";""
"202400007703";"155 768 290";"A01";"2";"7";"0";"1";"3";"1";"1";""
"202400007704";"155 768 288";"A01";"3";"7";"0";"9";"5";"16";"1";""
"202400007704";"155 768 289";"B01";"1";"80";"0";"2";"1";"1";"2";""
"202400007705";"155 768 286";"B01";"2";"7";"0";"2";"1";"1";"1";""
"202400007705";"155 768 287";"A01";"2";"1";"0";"2";"2";"15";"5";""
"202400007706";"155 768 283";"B01";"2";"7";"0";"0";"0";"0";"1";""
"202400007706";"155 768 284";"A01";"2";"7";"0";"2";"1";"1";"1";""
"202400007706";"155 768 285";"C01";"2";"7";"0";"2";"4";"1";"2";""
"202400007707";"155 768 281";"A01";"2";"80";"0";"2";"8";"2";"2";""
"202400007707";"155 768 282";"B01";"2";"80";"0";"2";"2";"2";"2";""
"202400007708";"155 768 279";"A01";"1";"33";"6";"2";"1";"17";"1";""
"202400007708";"155 768 280";"B01";"1";"7";"0";"2";"8";"15";"1";""
"202400007709";"155 768 277";"B01";"2";"32";"0";"2";"1";"1";"1";""
"202400007709";"155 768 278";"A01";"1";"7";"0";"2";"7";"15";"1";""
"202400007710";"155 768 276";"A01";"3";"21";"0";"1";"5";"15";"6";""
"202400007711";"155 768 274";"B01";"1";"7";"0";"2";"2";"1";"3";""
"202400007711";"155 768 275";"A01";"1";"50";"1";"2";"2";"26";"3";""
"202400007712";"155 768 272";"A01";"3";"7";"0";"2";"0";"0";"1";""
"202400007712";"155 768 273";"B01";"3";"50";"0";"2";"8";"0";"3";""
"202400007713";"155 768 270";"B01";"1";"7";"0";"2";"1";"1";"1";""
"202400007713";"155 768 271";"A01";"2";"7";"0";"2";"1";"16";"1";""
"202400007714";"155 768 269";"A01";"1";"1";"12";"0";"1";"14";"5";""
"202400007715";"155 768 267";"B01";"3";"7";"0";"2";"4";"2";"1";""
"202400007715";"155 768 268";"A01";"3";"30";"0";"2";"1";"2";"3";""
"202400007716";"155 768 265";"A01";"3";"7";"0";"2";"2";"12";"1";""
"202400007716";"155 768 266";"B01";"3";"7";"0";"2";"4";"23";"1";""
"202400007717";"155 768 263";"A01";"3";"7";"0";"2";"2";"26";"1";""
"202400007717";"155 768 264";"B01";"3";"7";"0";"2";"5";"1";"1";""
"202400007718";"155 768 261";"B01";"2";"7";"0";"2";"1";"1";"1";""
"202400007718";"155 768 262";"A01";"2";"10";"0";"2";"3";"15";"1";""
"202400007719";"155 768 259";"A01";"3";"7";"0";"2";"4";"1";"1";""
"202400007719";"155 768 260";"B01";"3";"7";"0";"2";"1";"1";"1";""
"202400007720";"155 768 257";"B01";"3";"7";"0";"2";"8";"1";"1";""
"202400007720";"155 768 258";"A01";"3";"50";"0";"2";"3";"19";"3";""
"202400007721";"155 768 255";"A01";"1";"33";"0";"2";"1";"13";"1";""
"202400007721";"155 768 256";"B01";"2";"10";"0";"2";"3";"1";"1";""
"202400007722";"155 768 254";"A01";"1";"10";"0";"1";"5";"4";"3";""
"202400007723";"155 768 252";"B01";"2";"32";"0";"2";"9";"15";"1";""
"202400007723";"155 768 253";"A01";"1";"7";"0";"2";"1";"15";"1";""
"202400007724";"155 768 250";"B01";"0";"33";"0";"2";"1";"1";"1";""
"202400007724";"155 768 251";"A01";"0";"7";"0";"2";"2";"16";"1";""
"202400007725";"155 768 248";"B01";"1";"33";"0";"2";"1";"1";"1";""
"202400007725";"155 768 249";"A01";"1";"7";"0";"2";"4";"1";"1";""
"202400007726";"155 768 246";"A01";"2";"2";"0";"9";"1";"3";"1";""
"202400007726";"155 768 247";"B01";"2";"60";"0";"0";"0";"0";"5";""
"202400007727";"155 768 244";"B01";"1";"10";"0";"0";"3";"20";"1";""
"202400007727";"155 768 245";"A01";"1";"30";"1";"2";"1";"17";"1";""
"202400007728";"155 768 242";"A01";"2";"10";"0";"2";"2";"16";"1";""
"202400007728";"155 768 243";"B01";"2";"50";"0";"2";"3";"1";"3";""
"202400007729";"155 768 238";"A01";"1";"15";"0";"2";"1";"1";"1";""
"202400007729";"155 768 239";"B01";"1";"7";"0";"2";"4";"23";"1";""
"202400007729";"155 768 240";"C01";"1";"7";"0";"2";"4";"23";"1";""
"202400007729";"155 768 241";"D01";"1";"7";"0";"2";"5";"23";"1";""
"202400007730";"155 768 236";"B01";"2";"7";"0";"2";"5";"17";"1";""
"202400007730";"155 768 237";"A01";"2";"17";"0";"2";"3";"17";"1";""
"202400007731";"155 768 234";"A01";"1";"7";"0";"2";"4";"4";"1";""
"202400007731";"155 768 235";"B01";"1";"30";"0";"2";"1";"1";"1";""
"202400007732";"155 768 230";"A01";"1";"7";"0";"2";"1";"1";"1";""
"202400007732";"155 768 231";"B01";"1";"7";"0";"2";"4";"1";"1";""
"202400007733";"155 768 227";"A01";"1";"7";"0";"1";"1";"1";"1";""
"202400007734";"155 768 224";"A01";"3";"7";"1";"0";"1";"1";"1";""
"202400007734";"155 768 225";"B01";"3";"7";"0";"2";"1";"24";"1";""
"202400007734";"155 768 226";"C01";"3";"7";"1";"0";"7";"1";"1";""
"202400007735";"155 768 220";"B01";"0";"10";"0";"2";"1";"1";"1";""
"202400007735";"155 768 221";"A01";"0";"7";"0";"2";"1";"13";"1";""
"202400007736";"155 768 219";"A01";"1";"7";"0";"0";"0";"1";"1";""
"202400007737";"155 768 217";"B01";"1";"31";"0";"2";"1";"1";"1";""
"202400007737";"155 768 218";"A01";"1";"7";"0";"2";"9";"1";"1";""
"202400007738";"155 768 216";"A01";"1";"32";"0";"0";"7";"0";"1";""
"202400007739";"155 768 214";"A01";"1";"7";"0";"2";"0";"15";"1";""
"202400007739";"155 768 215";"B01";"2";"33";"0";"2";"1";"1";"0";""
"202400007740";"155 768 212";"B01";"0";"7";"1";"0";"1";"1";"1";""
"202400007740";"155 768 213";"A01";"0";"7";"1";"0";"1";"1";"1";""
"202400007741";"155 768 210";"A01";"1";"33";"0";"2";"1";"1";"1";""
"202400007741";"155 768 211";"B01";"1";"7";"0";"2";"2";"9";"1";""
"202400007742";"155 768 208";"B01";"2";"33";"0";"2";"3";"17";"1";""
"202400007742";"155 768 209";"A01";"2";"10";"0";"2";"3";"15";"1";""
"202400007743";"155 768 205";"B01";"2";"7";"0";"2";"3";"1";"2";""
"202400007743";"155 768 206";"C01";"2";"7";"0";"2";"8";"0";"1";""
"202400007743";"155 768 207";"A01";"1";"7";"0";"2";"3";"13";"1";""
"202400007744";"155 768 203";"A01";"1";"33";"8";"2";"1";"17";"1";""
"202400007744";"155 768 204";"B01";"1";"7";"0";"2";"8";"15";"1";""
"202400007745";"155 768 201";"A01";"1";"33";"0";"2";"3";"17";"1";""
"202400007745";"155 768 202";"B01";"1";"7";"1";"0";"3";"13";"1";""
"202400007746";"155 768 200";"A01";"3";"7";"1";"1";"8";"9";"3";""
"202400007747";"155 768 198";"B01";"1";"1";"0";"2";"4";"1";"5";""
"202400007747";"155 768 199";"Z01";"3";"7";"0";"2";"1";"26";"0";""
"202400007748";"155 768 197";"A01";"1";"33";"0";"0";"7";"1";"1";""
"202400007749";"155 768 194";"C01";"1";"33";"0";"2";"2";"3";"1";""
"202400007749";"155 768 195";"A01";"1";"7";"0";"2";"3";"11";"1";""
"202400007749";"155 768 196";"B01";"1";"33";"0";"2";"7";"3";"1";""
"202400007750";"155 768 192";"B01";"1";"7";"0";"2";"4";"2";"2";""
"202400007750";"155 768 193";"A01";"1";"7";"0";"2";"1";"2";"1";""
"202400007751";"155 768 190";"A01";"3";"7";"0";"2";"3";"1";"1";""
"202400007751";"155 768 191";"B01";"3";"1";"0";"2";"2";"2";"5";""
"202400007752";"155 768 188";"A01";"2";"7";"0";"2";"1";"16";"1";""
"202400007752";"155 768 189";"B01";"1";"80";"0";"2";"1";"1";"3";""
"202400007753";"155 768 186";"A01";"1";"33";"0";"2";"1";"9";"1";""
"202400007753";"155 768 187";"B01";"1";"7";"0";"2";"8";"15";"2";""
"202400007754";"155 768 185";"A01";"1";"7";"0";"1";"1";"15";"1";""
"202400007755";"155 768 184";"A01";"3";"7";"2";"0";"3";"1";"1";""
"202400007756";"155 768 182";"B01";"0";"7";"0";"2";"3";"1";"2";""
"202400007756";"155 768 183";"A01";"0";"7";"0";"2";"3";"15";"1";""
"202400007757";"155 768 180";"A01";"0";"32";"0";"2";"1";"1";"1";""
"202400007757";"155 768 181";"B01";"0";"2";"0";"2";"1";"1";"3";""
"202400007758";"155 768 178";"A01";"1";"7";"0";"2";"6";"13";"1";""
"202400007758";"155 768 179";"B01";"1";"7";"0";"2";"6";"1";"1";""
"202400007759";"155 768 176";"A01";"2";"7";"0";"2";"1";"1";"1";""
"202400007759";"155 768 177";"B01";"2";"7";"0";"2";"4";"1";"2";""
"202400007760";"155 768 174";"A01";"1";"7";"0";"9";"3";"9";"1";""
"202400007760";"155 768 175";"B01";"1";"2";"0";"2";"2";"1";"1";""
"202400007761";"155 768 172";"A01";"2";"7";"0";"2";"1";"1";"1";""
"202400007761";"155 768 173";"B01";"2";"7";"0";"2";"1";"15";"1";""
"202400007762";"155 768 171";"Z01";"2";"7";"0";"1";"0";"0";"0";""
"202400007763";"155 768 170";"A01";"2";"7";"0";"1";"2";"18";"1";""
"202400007764";"155 768 167";"B01";"1";"7";"0";"2";"4";"1";"1";""
"202400007764";"155 768 168";"A01";"1";"7";"0";"2";"1";"1";"1";""
"202400007764";"155 768 169";"C01";"1";"7";"0";"0";"0";"0";"1";""
"202400007765";"155 768 165";"B01";"2";"7";"0";"2";"3";"2";"3";""
"202400007765";"155 768 166";"A01";"1";"7";"0";"2";"3";"11";"1";""
"202400007766";"155 768 163";"A01";"3";"7";"0";"2";"1";"26";"2";""
"202400007766";"155 768 164";"B01";"0";"33";"8";"2";"7";"1";"1";""
"202400007767";"155 768 162";"A01";"2";"7";"0";"1";"2";"1";"1";""
"202400007768";"155 768 160";"A01";"3";"1";"0";"2";"1";"1";"5";""
"202400007768";"155 768 161";"B01";"3";"7";"0";"2";"1";"1";"1";""
"202400007769";"155 768 156";"D01";"2";"7";"0";"2";"4";"23";"1";""
"202400007769";"155 768 157";"C01";"2";"7";"0";"2";"8";"23";"2";""
"202400007769";"155 768 158";"A01";"2";"7";"9";"2";"1";"17";"1";""
"202400007769";"155 768 159";"B01";"2";"7";"0";"2";"1";"23";"1";""
"202400007770";"155 768 155";"A01";"2";"7";"0";"1";"3";"1";"1";""
"202400007771";"155 768 148";"A01";"1";"7";"0";"1";"1";"16";"1";""
"202400007772";"155 768 146";"B01";"2";"7";"0";"2";"0";"0";"1";""
"202400007772";"155 768 147";"A01";"2";"7";"0";"2";"3";"19";"1";""
"202400007773";"155 768 145";"B01";"2";"80";"0";"1";"5";"12";"3";""
"202400007774";"155 768 144";"A01";"1";"10";"0";"1";"2";"16";"1";""
"202400007775";"155 768 143";"A01";"3";"7";"0";"1";"2";"2";"1";""
"202400007776";"155 768 142";"A01";"1";"80";"1";"0";"1";"13";"3";""
"202400007777";"155 768 140";"A01";"1";"3";"0";"2";"1";"2";"1";""
"202400007777";"155 768 141";"B01";"1";"7";"0";"2";"6";"23";"1";""
"202400007778";"155 768 138";"B01";"1";"50";"0";"9";"4";"1";"3";""
"202400007778";"155 768 139";"A01";"1";"50";"0";"9";"1";"1";"3";""
"202400007779";"155 768 135";"B01";"1";"7";"0";"2";"4";"2";"1";""
"202400007779";"155 768 136";"A01";"1";"7";"0";"2";"4";"1";"1";""
"202400007779";"155 768 137";"C01";"1";"33";"0";"2";"1";"2";"1";""
"202400007780";"155 768 133";"A01";"2";"43";"0";"2";"1";"2";"1";""
"202400007780";"155 768 134";"B01";"2";"7";"0";"2";"6";"26";"1";""
"202400007781";"155 768 129";"A01";"1";"7";"0";"2";"2";"1";"1";""
"202400007781";"155 768 131";"B01";"1";"80";"0";"2";"4";"19";"3";""
"202400007782";"155 768 128";"A01";"2";"7";"0";"2";"4";"2";"1";""
"202400007782";"155 768 130";"B01";"2";"7";"0";"2";"4";"2";"1";""
"202400007782";"155 768 132";"Z01";"2";"7";"0";"2";"1";"2";"1";""
"202400007783";"155 768 127";"A01";"2";"7";"0";"0";"9";"14";"1";""
"202400007784";"155 768 125";"A01";"3";"30";"0";"2";"1";"16";"1";""
"202400007784";"155 768 126";"B01";"3";"7";"0";"2";"8";"1";"3";""
"202400007785";"155 768 123";"A01";"2";"33";"0";"2";"7";"1";"1";""
"202400007785";"155 768 124";"B01";"2";"7";"0";"2";"3";"11";"1";""