"Num_Acc";"id_vehicule";"num_veh";"senc";"catv";"obs";"obsm";"choc";"manv";"motor";"occutc"
"202400007786";"155 768 120";"A01";"1";"31";"0";"2";"8";"23";"1";""
"202400007786";"155 768 122";"B01";"2";"7";"0";"2";"1";"1";"1";""
"202400007787";"155 768 119";"B01";"1";"33";"0";"2";"1";"3";"1";""
"202400007787";"155 768 121";"A01";"1";"7";"0";"2";"4";"12";"1";""
"202400007788";"155 768 116";"Z01";"2";"7";"0";"2";"6";"11";"1";""
"202400007788";"155 768 117";"A01";"2";"33";"0";"2";"2";"1";"1";""
"202400007789";"155 768 115";"B01";"2";"7";"0";"2";"3";"1";"1";""
"202400007789";"155 768 118";"A01";"1";"33";"0";"2";"1";"13";"1";""
"202400007790";"155 768 113";"B01";"1";"30";"0";"2";"1";"1";"1";""
"202400007790";"155 768 114";"A01";"2";"7";"0";"2";"1";"26";"1";""
"202400007791";"155 768 109";"A01";"1";"33";"0";"2";"7";"2";"1";""
"202400007791";"155 768 110";"B01";"1";"10";"0";"2";"5";"16";"1";""
"202400007792";"155 768 111";"B01";"1";"33";"0";"2";"3";"1";"1";""
"202400007792";"155 768 112";"A01";"1";"10";"0";"2";"0";"15";"1";""
"202400007793";"155 768 107";"A01";"2";"7";"0";"1";"1";"19";"1";""
"202400007794";"155 768 106";"B01";"1";"2";"0";"2";"0";"1";"1";""
"202400007794";"155 768 108";"Z01";"1";"7";"0";"9";"0";"14";"0";""
"202400007795";"155 768 105";"A01";"2";"50";"8";"0";"1";"1";"3";""
"202400007796";"155 768 103";"B01";"2";"7";"0";"2";"5";"1";"1";""
"202400007796";"155 768 104";"A01";"1";"80";"0";"2";"4";"5";"3";""
"202400007797";"155 768 100";"A01";"3";"33";"0";"2";"1";"2";"1";""
"202400007797";"155 768 102";"B01";"3";"3";"0";"2";"4";"1";"1";""
"202400007798";"155 768 099";"A01";"1";"7";"0";"2";"2";"15";"1";""
"202400007798";"155 768 101";"B01";"2";"2";"0";"2";"1";"1";"1";""
"202400007799";"155 768 096";"A01";"1";"7";"0";"2";"1";"15";"1";""
"202400007799";"155 768 098";"B01";"2";"2";"0";"2";"1";"1";"1";""
"202400007800";"155 768 095";"B01";"2";"31";"1";"2";"4";"2";"1";""
"202400007800";"155 768 097";"C01";"2";"7";"0";"2";"1";"2";" -1";""
"202400007801";"155 768 092";"A01";"2";"30";"0";"2";"1";"2";"1";""
"202400007801";"155 768 094";"B01";"2";"7";"0";"2";"4";"2";"1";""
"202400007802";"155 768 090";"B01";"1";"7";"0";"2";"1";"0";"1";""
"202400007802";"155 768 093";"A01";"2";"7";"0";"2";"1";"0";"1";""
"202400007803";"155 768 089";"B01";"3";"1";"0";"2";"7";"0";"5";""
"202400007803";"155 768 091";"A01";"1";"7";"0";"2";"1";"1";"0";""
"202400007804";"155 768 087";"A01";"1";"7";"11";"0";"1";"1";"1";""
"202400007805";"155 768 082";"A01";"2";"10";"0";"2";"2";"11";"1";""
"202400007805";"155 768 085";"B01";"1";"34";"0";"2";"1";"1";"1";""
"202400007806";"155 768 080";"B01";"2";"7";"1";"2";"4";"23";"1";""
"202400007806";"155 768 083";"C01";"2";"7";"0";"2";"8";"23";"1";""
"202400007806";"155 768 084";"D01";"2";"7";"14";"2";"4";"23";"1";""
"202400007806";"155 768 086";"E01";"2";"7";"0";"2";"4";"15";"1";""
"202400007806";"155 768 088";"A01";"2";"10";"14";"2";"1";"2";"1";""
"202400007807";"155 768 079";"A01";"1";"7";"0";"2";"8";"15";"1";""
"202400007807";"155 768 081";"B01";"1";"2";"0";"2";"1";"17";"1";""
"202400007808";"155 768 077";"A01";"3";"7";"15";"0";"2";"1";"1";""
"202400007809";"155 768 076";"A01";"3";"7";"0";"2";"0";"0";"1";""
"202400007809";"155 768 078";"B01";"3";"7";"0";"2";"1";"1";"1";""
"202400007810";"155 768 075";"A01";"1";"7";"16";"0";"1";"14";"1";""
"202400007811";"155 768 072";"A01";"1";"7";"0";"2";"0";"0";"1";""
"202400007811";"155 768 074";"B01";"1";"50";"0";"2";"0";"0";"3";""
"202400007812";"155 768 070";"A01";"1";"7";"0";"0";"4";"1";"1";""
"202400007812";"155 768 073";"B01";"1";"7";"0";"2";"1";"1";"1";""
"202400007813";"155 768 068";"A01";"3";"7";"2";"5";"2";"21";"1";""
"202400007814";"155 768 065";"A01";"2";"7";"0";"2";"2";"20";"1";""
"202400007814";"155 768 067";"B01";"2";"33";"0";"2";"8";"1";"1";""
"202400007815";"155 768 064";"A01";"0";"37";"0";"2";"2";"16";"1";"1"
"202400007815";"155 768 066";"B01";"0";"1";"0";"2";"8";"1";"0";""
"202400007816";"155 768 061";"B01";"1";"7";"0";"2";"4";"2";"1";""
"202400007816";"155 768 063";"A01";"1";"7";"0";"2";"1";"2";"1";""
"202400007817";"155 768 060";"A01";"3";"1";"12";"2";"1";"2";"5";""
"202400007817";"155 768 062";"C01";"3";"37";"15";"2";"7";"1";"1";"1"
"202400007818";"155 768 059";"A01";"0";"7";"0";"1";"1";"15";"1";""
"202400007819";"155 768 058";"A01";"1";"7";"3";"0";"1";"18";"1";""
"202400007820";"155 768 055";"A01";"1";"7";"0";"2";"2";"2";"1";""
"202400007820";"155 768 057";"B01";"1";"10";"0";"2";"6";"2";"1";""
"202400007821";"155 768 053";"A01";"3";"7";"0";"2";"1";"1";"1";""
"202400007821";"155 768 056";"B01";"3";"7";"0";"2";"8";"16";"1";""
"202400007822";"155 768 052";"B01";"2";"7";"0";"2";"1";"1";"1";""
"202400007822";"155 768 054";"A01";"2";"7";"0";"2";"4";"1";"1";""
"202400007823";"155 768 050";"B01";"2";"7";"0";"2";"4";"1";"1";""
"202400007823";"155 768 051";"A01";"2";"33";"0";"2";"1";"1";"1";""
"202400007824";"155 768 047";"B01";"3";"33";"0";"2";"1";"2";"1";""
"202400007824";"155 768 049";"A01";"3";"7";"0";"2";"5";"15";"1";""
"202400007825";"155 768 046";"A01";"3";"7";"13";"2";"1";"21";"1";""
"202400007825";"155 768 048";"B01";"3";"10";"0";"2";"1";"1";"1";""
"202400007826";"155 768 042";"A01";"1";"7";"10";"0";"1";"1";"1";""
"202400007827";"155 768 041";"B01";"1";"7";"0";"2";"9";"2";"1";""
"202400007827";"155 768 044";"A01";"1";"7";"0";"2";"1";"2";"1";""
"202400007827";"155 768 045";"C01";"1";"7";"0";"2";"4";"2";"1";""
"202400007828";"155 768 039";"A01";"2";"7";"0";"2";"1";"2";"1";""
"202400007828";"155 768 040";"B01";"2";"7";"0";"2";"4";"2";"1";""
"202400007828";"155 768 043";"C01";"2";"7";"0";"2";"4";"2";"1";""
"202400007829";"155 768 035";"B01";"1";"7";"0";"9";"4";"2";"1";""
"202400007829";"155 768 038";"A01";"1";"99";"0";"2";"1";"2";"1";""
"202400007830";"155 768 034";"A01";"1";"7";"0";"2";"1";"1";"1";""
"202400007830";"155 768 037";"B01";"1";"7";"0";"2";"7";"1";"1";""
"202400007831";"155 768 033";"B01";"0";"7";"0";"2";"3";"1";"1";""
"202400007831";"155 768 036";"A01";"2";"34";"0";"2";"1";"0";"1";""
"202400007832";"155 768 030";"A01";"3";"7";"0";"2";"0";"0";"1";""
"202400007832";"155 768 032";"B01";"3";"7";"0";"2";"1";"26";"1";""
"202400007833";"155 768 027";"A01";"2";"7";"0";"2";"4";"2";"1";""
"202400007833";"155 768 029";"C01";"2";"7";"0";"2";"1";"1";"1";""
"202400007833";"155 768 031";"B01";"2";"7";"0";"2";"9";"2";"1";""
"202400007834";"155 768 024";"A01";"3";"7";"0";"2";"2";"10";"1";""
"202400007834";"155 768 026";"B01";"3";"7";"0";"2";"1";"21";"2";""
"202400007834";"155 768 028";"C01";"3";"7";"0";"2";"4";"2";"1";""
"202400007835";"155 768 023";"A01";"1";"7";"0";"2";"3";"11";"1";""
"202400007835";"155 768 025";"B01";"1";"32";"0";"2";"1";"0";"1";""
"202400007836";"155 768 022";"A01";"1";"7";"8";"0";"3";"1";"1";""
"202400007837";"155 768 019";"A01";"2";"7";"13";"0";"1";"0";"1";""
"202400007838";"155 768 017";"A01";"3";"7";"0";"2";"3";"15";"1";""
"202400007838";"155 768 021";"B01";"3";"7";"0";"2";"3";"1";"1";""
"202400007839";"155 768 016";"C01";"1";"13";"0";"2";"1";"1";"0";""
"202400007839";"155 768 018";"B01";"1";"7";"0";"2";"4";"1";"0";""
"202400007839";"155 768 020";"A01";"1";"7";"0";"2";"4";"1";"1";""
"202400007840";"155 768 014";"A01";"3";"7";"0";"9";"2";"1";"1";""
"202400007840";"155 768 015";"B01";"3";"1";"0";"0";"4";"1";"5";""
"202400007841";"155 768 012";"A01";"1";"33";"0";"2";"1";"21";"1";""
"202400007841";"155 768 013";"B01";"1";"7";"0";"2";"6";"20";"3";""
"202400007842";"155 768 009";"B01";"2";"7";"0";"0";"4";"1";"1";""
"202400007842";"155 768 011";"A01";"2";"30";"0";"2";"1";"1";"1";""
"202400007843";"155 768 007";"B01";"1";"37";"0";"2";"8";"13";"0";"1"
"202400007843";"155 768 010";"A01";"1";"30";"0";"2";"7";"17";"0";""
"202400007844";"155 768 004";"A01";"1";"2";"0";"2";"1";"3";"1";""
"202400007844";"155 768 006";"B01";"1";"99";"0";"2";"6";"1";"6";""
"202400007844";"155 768 008";"C01";"2";"7";"0";"2";"3";"1";"1";""
"202400007845";"155 768 003";"A01";"2";"32";"0";"1";"1";"17";"1";""
"202400007846";"155 768 002";"A01";"3";"1";"0";"2";"3";"13";"5";""
"202400007846";"155 768 005";"B01";"2";"7";"0";"2";"5";"17";"1";""
"202400007847";"155 767 998";"A01";"3";"7";"0";"1";"1";"26";"1";""
"202400007848";"155 767 999";"B01";"1";"50";"0";"2";"1";"1";"3";""
"202400007848";"155 768 001";"A01";"1";"10";"0";"2";"4";"20";"1";""
"202400007849";"155 767 997";"A01";"2";"7";"0";"2";"3";"13";"1";""
"202400007849";"155 768 000";"B01";"1";"7";"0";"2";"3";"1";"1";""
"202400007850";"155 767 993";"A01";"2";"7";"0";"2";"3";"13";"1";""
"202400007850";"155 767 996";"B01";"1";"7";"0";"2";"3";"1";"1";""
"202400007851";"155 767 992";"A01";"1";"7";"0";"2";"1";"2";"1";""
"202400007851";"155 767 994";"B01";"1";"7";"0";"2";"4";"2";"1";""
"202400007852";"155 767 991";"A01";"2";"10";"0";"2";"3";"1";"1";""
"202400007852";"155 767 995";"B01";"2";"50";"0";"2";"1";"1";"3";""
"202400007853";"155 767 989";"A01";"1";"7";"2";"0";"8";"1";"2";""
"202400007854";"155 767 987";"A01";"1";"7";"0";"2";"1";"13";"1";""
"202400007854";"155 767 990";"B01";"2";"14";"0";"2";"1";"1";"1";""
"202400007855";"155 767 986";"A01";"1";"31";"0";"2";"3";"3";"1";""
"202400007855";"155 767 988";"B01";"1";"10";"0";"2";"5";"12";"1";""
"202400007856";"155 767 980";"A01";"3";"7";"0";"2";"3";"13";"1";""
"202400007856";"155 767 982";"B01";"3";"7";"0";"2";"3";"1";"1";""
"202400007857";"155 767 978";"A01";"0";"7";"0";"2";"8";"0";"1";""
"202400007857";"155 767 979";"B01";"0";"10";"0";"2";"7";"0";"1";""
"202400007858";"155 767 977";"A01";"1";"1";"0";"2";"1";"15";"5";""
"202400007858";"155 767 981";"B01";"1";"7";"0";"2";"3";"1";"1";""
"202400007859";"155 767 975";"A01";"1";"33";"0";"2";"2";"12";"1";""
"202400007859";"155 767 976";"B01";"1";"7";"0";"2";"6";"2";"2";""
"202400007860";"155 767 974";"A01";"3";"7";"0";"1";"1";"1";"1";""
"202400007861";"155 767 972";"B01";"2";"1";"0";"2";"5";"23";"5";""
"202400007861";"155 767 973";"A01";"1";"10";"0";"2";"3";"15";"1";""
"202400007862";"155 767 971";"A01";"1";"33";"6";"0";"7";"14";"1";""
"202400007863";"155 767 970";"A01";"2";"7";"0";"1";"3";"1";"1";""
"202400007864";"155 767 966";"A01";"1";"7";"0";"2";"3";"13";"1";""
"202400007864";"155 767 969";"B01";"1";"32";"0";"2";"2";"17";"1";""
"202400007865";"155 767 965";"A01";"1";"7";"0";"2";"1";"13";"1";""
"202400007865";"155 767 968";"B01";"2";"10";"0";"2";"1";"1";"1";""
"202400007866";"155 767 963";"A01";"1";"7";"0";"2";"1";"1";"1";""
"202400007866";"155 767 964";"B01";"1";"7";"0";"2";"9";"1";"1";""
"202400007866";"155 767 967";"C01";"1";"7";"0";"2";"4";"1";"1";""
"202400007867";"155 767 962";"A01";"0";"1";"0";"0";"1";"21";"5";""
"202400007868";"155 767 957";"B01";"1";"10";"0";"2";"1";"1";"1";""
"202400007868";"155 767 960";"A01";"1";"7";"0";"2";"4";"1";"1";""
"202400007869";"155 767 958";"A01";"1";"7";"0";"2";"1";"1";"1";""
"202400007869";"155 767 959";"B01";"1";"7";"0";"2";"6";"1";"1";""
"202400007869";"155 767 961";"C01";"1";"10";"0";"0";"0";"0";"1";""
"202400007870";"155 767 956";"A01";"1";"7";"0";"1";"3";"1";" -1";""
"202400007871";"155 767 953";"A01";"1";"10";"0";"2";"7";"1";"1";""
"202400007871";"155 767 955";"B01";"1";"1";"0";"2";"0";"0";"5";""
"202400007872";"155 767 951";"B01";"2";"7";"0";"2";"8";"1";"1";""
"202400007872";"155 767 952";"C01";"2";"7";"0";"2";"4";"1";"1";""
"202400007872";"155 767 954";"A01";"2";"31";"0";"2";"7";"3";"1";""
"202400007873";"155 767 950";"A01";"1";"30";"14";"0";"1";"14";"3";""
"202400007874";"155 767 949";"A01";"1";"7";"0";"1";"1";"15";"1";""
"202400007875";"155 767 946";"C01";"2";"7";"4";"2";"4";"2";"1";""
"202400007875";"155 767 947";"A01";"2";"7";"4";"2";"1";"2";"1";""
"202400007875";"155 767 948";"B01";"2";"7";"4";"2";"4";"2";"1";""
"202400007876";"155 767 945";"A01";"2";"10";"0";"1";"3";"1";"1";""
"202400007877";"155 767 939";"A01";"2";"7";"0";"2";"3";"1";"1";""
"202400007877";"155 767 941";"B01";"2";"33";"0";"2";"2";"3";"1";""
"202400007877";"155 767 943";"C01";"2";"7";"0";"2";"6";"1";"1";""
"202400007878";"155 767 938";"A01";"2";"1";"0";"2";"7";"1";"5";""
"202400007878";"155 767 942";"B01";"2";"7";"0";"2";"1";"1";"1";""
"202400007879";"155 767 936";"C01";"1";"7";"0";"2";"4";"2";"1";""
"202400007879";"155 767 937";"A01";"1";"7";"0";"2";"1";"2";"1";""
"202400007879";"155 767 940";"B01";"1";"7";"0";"2";"9";"2";"1";""
"202400007880";"155 767 935";"A01";"1";"7";"4";"0";"1";"1";"1";""
"202400007881";"155 767 933";"A01";"2";"7";"0";"2";"1";"17";"1";""
"202400007881";"155 767 934";"B01";"1";"1";"0";"2";"1";"1";"5";""
"202400007882";"155 767 931";"B01";"3";"33";"0";"2";"9";"1";"1";""
"202400007882";"155 767 932";"A01";"3";"17";"0";"2";"7";"15";"1";""
"202400007883";"155 767 930";"A01";"3";"10";"0";"1";"7";"26";"1";""
"202400007884";"155 767 927";"A01";"1";"7";"0";"2";"1";"0";"1";""
"202400007884";"155 767 929";"B01";"2";"33";"0";"2";"8";"0";"1";""
"202400007885";"155 767 925";"A01";"2";"7";"0";"2";"1";"1";"1";""
"202400007885";"155 767 928";"B01";"2";"7";"0";"0";"4";"0";"1";""
"202400007886";"155 767 924";"B01";"2";"7";"0";"2";"3";"1";"1";""
"202400007886";"155 767 926";"A01";"1";"30";"0";"2";"1";"1";"1";""
"202400007887";"155 767 922";"A01";"2";"32";"0";"2";"1";"2";"1";""
"202400007887";"155 767 923";"B01";"2";"7";"0";"2";"4";"1";"1";""
"202400007888";"155 767 919";"A01";"3";"7";"9";"2";"1";"14";"1";""
"202400007888";"155 767 921";"B01";"3";"7";"0";"2";"1";"1";"1";""
"202400007889";"155 767 918";"B01";"2";"1";"0";"2";"3";"15";"5";""
"202400007889";"155 767 920";"A01";"0";"7";"0";"2";"2";"19";"1";""
"202400007890";"155 767 916";"B01";"2";"7";"0";"2";"7";"15";"1";""
"202400007890";"155 767 917";"A01";"1";"50";"0";"2";"1";"9";"3";""
"202400007891";"155 767 913";"A01";"2";"37";"0";"2";"3";"21";"1";"4"
"202400007891";"155 767 915";"B01";"3";"7";"0";"2";"4";"23";"1";""
"202400007892";"155 767 912";"A01";"2";"7";"0";"1";"1";"1";"1";""
"202400007893";"155 767 907";"A01";"1";"7";"0";"2";"7";"17";"2";""
"202400007893";"155 767 909";"B01";"1";"1";"0";"2";"8";"2";"5";""
"202400007894";"155 767 908";"A01";"1";"7";"4";"0";"4";"1";"1";""
"202400007894";"155 767 910";"B01";"1";"7";"0";"2";"1";"2";"1";""
"202400007895";"155 767 911";"Z01";"1";"7";"0";"1";"0";"16";"1";""
"202400007896";"155 767 903";"A01";"1";"1";"0";"2";"1";"19";"5";""
"202400007896";"155 767 906";"B01";"2";"7";"0";"2";"3";"1";"1";""
"202400007897";"155 767 904";"A01";"3";"7";"8";"0";"1";"16";"1";""
"202400007898";"155 767 902";"B01";"1";"1";"0";"2";"1";"1";"0";""
"202400007898";"155 767 905";"A01";"3";"10";"0";"2";"2";"9";"1";""
"202400007899";"155 767 899";"B01";"1";"7";"0";"2";"2";"9";"2";""
"202400007899";"155 767 901";"A01";"2";"34";"0";"2";"1";"17";"1";""
"202400007900";"155 767 898";"A01";"1";"7";"0";"1";"5";"4";"1";""
"202400007901";"155 767 897";"A01";"1";"7";"0";"2";"3";"15";"1";""
"202400007901";"155 767 900";"B01";"0";"32";"0";"2";"1";"1";"1";""
"202400007902";"155 767 895";"A01";"1";"32";"0";"0";"0";"1";"1";""
"202400007903";"155 767 894";"B01";"3";"7";"0";"2";"4";"2";"1";""
"202400007903";"155 767 896";"A01";"3";"2";"0";"2";"1";"2";"1";""
"202400007904";"155 767 892";"A01";"1";"7";"0";"2";"4";"23";"1";""
"202400007904";"155 767 893";"B01";"0";"7";"4";"0";"2";"1";"1";""
"202400007905";"155 767 890";"A01";"2";"7";"0";"1";"3";"0";"1";""
"202400007906";"155 767 889";"A01";"2";"30";"0";"2";"3";"17";"1";""
"202400007906";"155 767 891";"B01";"1";"7";"0";"2";"8";"1";"1";""
"202400007907";"155 767 887";"A01";"1";"7";"0";"1";"2";"0";"1";""
"202400007908";"155 767 886";"A01";"1";"33";"0";"2";"1";"1";"1";""
"202400007908";"155 767 888";"B01";"2";"7";"0";"2";"2";"15";"2";""
"202400007909";"155 767 885";"A01";"0";"7";"0";"1";"1";"26";"1";""
"202400007910";"155 767 883";"B01";"3";"7";"0";"2";"1";"26";"3";""
"202400007910";"155 767 884";"A01";"3";"7";"0";"2";"1";"26";"3";""
"202400007911";"155 767 881";"A01";"3";"7";"0";"1";"1";"1";"1";""
"202400007912";"155 767 880";"A01";"1";"7";"12";"0";"3";"15";"1";""
"202400007912";"155 767 882";"B01";"1";"33";"0";"2";"0";"13";"0";""
"202400007913";"155 767 879";"A01";"1";"33";"0";"0";"8";"0";"1";""
"202400007914";"155 767 877";"A01";"1";"7";"0";"1";"1";"1";"1";""
"202400007915";"155 767 876";"A01";"0";"7";"0";"2";"3";"10";"1";""
"202400007915";"155 767 878";"B01";"0";"2";"0";"0";"2";"2";"0";""
"202400007916";"155 767 875";"A01";"2";"7";"0";"1";"7";"1";"1";""
"202400007917";"155 767 872";"A01";"1";"10";"0";"1";"1";"15";"1";""
"202400007918";"155 767 871";"A01";"3";"7";"0";"2";"3";"9";"1";""
"202400007918";"155 767 873";"B01";"3";"1";"0";"2";"2";"1";"5";""
"202400007919";"155 767 870";"A01";"3";"7";"0";"2";"7";"15";"1";""
"202400007919";"155 767 874";"B01";"3";"7";"0";"2";"3";"15";"1";""
"202400007920";"155 767 867";"A01";"1";"32";"0";"1";"2";"1";"1";""
"202400007921";"155 767 865";"A01";"3";"1";"1";"0";"8";"25";"5";""
"202400007921";"155 767 868";"B01";"3";"7";"1";"0";"2";"1";"1";""
"202400007922";"155 767 864";"A01";"1";"33";"12";"0";"7";"26";"1";""
"202400007923";"155 767 863";"A01";"3";"7";"0";"1";"1";"1";"1";""
"202400007924";"155 767 860";"A01";"3";"50";"0";"2";"1";"1";"3";""
"202400007924";"155 767 862";"B01";"3";"37";"0";"2";"1";"15";"1";"1"
"202400007925";"155 767 858";"A01";"1";"34";"0";"2";"1";"18";"1";""
"202400007925";"155 767 861";"B01";"1";"7";"0";"2";"2";"20";"1";""
"202400007926";"155 767 857";"A01";"1";"7";"0";"2";"8";"26";"1";""
"202400007926";"155 767 859";"B01";"2";"7";"0";"2";"2";"1";"1";""
"202400007927";"155 767 855";"A01";"0";"7";"0";"2";"3";"13";"1";""
"202400007927";"155 767 856";"B01";"2";"10";"0";"2";"3";"14";"1";""
"202400007928";"155 767 854";"A01";"3";"7";"0";"1";"1";"1";"1";""
"202400007929";"155 767 851";"B01";"2";"7";"0";"2";"4";"1";"3";""
"202400007929";"155 767 853";"A01";"2";"10";"0";"2";"1";"2";"1";""
"202400007930";"155 767 849";"A01";"1";"50";"0";"0";"1";"26";"3";""
"202400007931";"155 767 848";"A01";"1";"7";"0";"2";"4";"2";"1";""
"202400007931";"155 767 850";"B01";"1";"7";"0";"2";"1";"2";"1";""
"202400007931";"155 767 852";"C01";"1";"14";"0";"0";"0";"0";"0";""
"202400007932";"155 767 847";"A01";"1";"1";"0";"1";"0";"5";"5";""
"202400007933";"155 767 845";"A01";"1";"10";"5";"0";"9";"1";"1";""
"202400007934";"155 767 844";"A01";"1";"7";"0";"2";"1";"5";"1";""
"202400007934";"155 767 846";"B01";"2";"33";"0";"2";"1";"1";"1";""
"202400007935";"155 767 842";"A01";"2";"33";"15";"0";"1";"0";"1";""
"202400007936";"155 767 841";"A01";"1";"7";"0";"2";"0";"15";"1";""
"202400007936";"155 767 843";"B01";"1";"50";"0";"2";"0";"1";"3";""
"202400007937";"155 767 838";"A01";"1";"33";"0";"0";"5";"1";"1";""
"202400007938";"155 767 837";"A01";"3";"2";"0";"2";"1";"19";"1";""
"202400007938";"155 767 839";"B01";"0";"7";"0";"2";"3";"16";"1";""
"202400007939";"155 767 835";"C01";"3";"7";"0";"2";"7";"2";" -1";""
"202400007939";"155 767 836";"B01";"3";"50";"0";"2";"7";"1";"3";""
"202400007940";"155 767 831";"A01";"2";"7";"16";"0";"9";"14";"1";""
"202400007941";"155 767 829";"A01";"3";"7";"0";"2";"3";"13";"1";""
"202400007941";"155 767 832";"B01";"3";"7";"0";"2";"3";"1";"1";""
"202400007942";"155 767 828";"B01";"2";"7";"0";"2";"1";"1";"1";""
"202400007942";"155 767 830";"A01";"1";"7";"0";"2";"1";"1";"1";""
"202400007943";"155 767 826";"A01";"1";"7";"0";"1";"3";"1";"1";""
"202400007944";"155 767 824";"B01";"2";"50";"0";"2";"1";"5";"3";""
"202400007944";"155 767 827";"A01";"1";"7";"0";"9";"2";"12";"1";""
"202400007945";"155 767 822";"A01";"2";"13";"0";"2";"7";"10";"1";""
"202400007945";"155 767 825";"B01";"1";"33";"0";"2";"1";"1";"1";""
"202400007946";"155 767 821";"B01";"2";"1";"0";"2";"8";"15";"5";""
"202400007946";"155 767 823";"A01";"1";"7";"0";"2";"2";"2";"1";""
"202400007947";"155 767 820";"A01";"1";"7";"0";"1";"2";"1";"1";""
"202400007948";"155 767 819";"A01";"2";"7";"0";"1";"1";"1";"1";""
"202400007949";"155 767 818";"A01";"1";"7";"5";"0";"1";"1";"1";""
"202400007950";"155 767 816";"A01";"2";"30";"0";"4";"7";"5";"1";""
"202400007950";"155 767 817";"B01";"1";"40";"0";"2";"1";"16";"0";""
"202400007951";"155 767 814";"A01";"3";"7";"8";"0";"3";"1";"1";""
"202400007952";"155 767 812";"A01";"1";"7";"0";"2";"1";"12";"1";""
"202400007952";"155 767 813";"B01";"1";"7";"0";"2";"1";"1";"1";""
"202400007952";"155 767 815";"C01";"1";"7";"0";"2";"5";"1";"1";""
"202400007953";"155 767 811";"A01";"1";"7";"0";"1";"0";"1";"2";""
"202400007954";"155 767 810";"A01";"1";"33";"4";"0";"1";"13";"1";""
"202400007955";"155 767 807";"B01";"1";"38";"0";"0";"3";"2";"1";"1"
"202400007955";"155 767 809";"A01";"1";"7";"2";"2";"2";"12";"1";""
"202400007956";"155 767 806";"B01";"3";"1";"0";"2";"1";"1";"5";""
"202400007956";"155 767 808";"A01";"1";"1";"0";"2";"1";"1";"5";""
"202400007957";"155 767 805";"A01";"1";"33";"0";"1";"0";"21";"1";""
"202400007958";"155 767 803";"A01";"3";"10";"0";"1";"4";"4";"1";""
"202400007959";"155 767 802";"A01";"3";"7";"0";"1";"1";"1";"1";""
"202400007960";"155 767 801";"A01";"1";"7";"0";"2";"1";"1";"1";""
"202400007960";"155 767 804";"B01";"1";"7";"0";"2";"8";"1";"1";""
"202400007961";"155 767 800";"A01";"1";"1";"0";"1";"0";"1";"5";""
"202400007962";"155 767 798";"A01";"1";"7";"2";"0";"3";"1";"1";""
"202400007963";"155 767 797";"B01";"3";"7";"0";"2";"0";"0";"0";""
"202400007963";"155 767 799";"A01";"3";"32";"0";"2";"0";"2";"0";""
"202400007964";"155 767 795";"A01";"3";"2";"0";"2";"1";"1";"1";""
"202400007964";"155 767 796";"B01";"3";"7";"0";"2";"2";"1";"1";""
"202400007965";"155 767 792";"A01";"1";"30";"0";"2";"3";"1";"1";""
"202400007965";"155 767 794";"B01";"2";"7";"0";"2";"1";"15";"1";""
"202400007966";"155 767 791";"A01";"1";"7";"0";"2";"3";"13";"1";""
"202400007966";"155 767 793";"B01";"2";"7";"0";"2";"3";"1";"1";""
"202400007967";"155 767 790";"A01";"3";"7";"8";"0";"1";"1";"1";""
"202400007968";"155 767 787";"B01";"3";"7";"0";"2";"7";"1";"1";""
"202400007968";"155 767 789";"A01";"2";"50";"0";"2";"1";"1";"3";""
"202400007969";"155 767 786";"B01";"3";"7";"0";"2";"3";"21";"1";""
"202400007969";"155 767 788";"A01";"3";"7";"0";"2";"3";"13";"1";""
"202400007970";"155 767 782";"B01";"2";"1";"0";"2";"8";"25";"5";""
"202400007970";"155 767 784";"A01";"1";"7";"0";"2";"1";"9";"1";""
"202400007971";"155 767 780";"A01";"2";"7";"0";"2";"1";"1";"1";""
"202400007971";"155 767 783";"B01";"2";"7";"0";"2";"1";"1";"1";""
"202400007971";"155 767 785";"C01";"2";"7";"0";"2";"4";"23";"1";""
"202400007972";"155 767 778";"A01";"1";"1";"0";"0";"0";"0";"5";""
"202400007973";"155 767 777";"A01";"1";"7";"0";"1";"8";"19";"2";""
"202400007974";"155 767 774";"A01";"3";"7";"0";"2";"3";"9";"1";""
"202400007974";"155 767 775";"B01";"3";"33";"0";"2";"8";"1";"1";""
"202400007975";"155 767 773";"A01";"0";"7";"0";"1";"1";"1";"1";""
"202400007976";"155 767 770";"A01";"2";"10";"0";"2";"2";"17";"1";""
"202400007976";"155 767 771";"B01";"2";"10";"0";"2";"6";"15";"1";""
"202400007977";"155 767 769";"B01";"1";"33";"0";"2";"1";"1";"1";""
"202400007977";"155 767 772";"A01";"2";"10";"0";"2";"3";"15";"1";""
"202400007978";"155 767 765";"A01";"3";"50";"0";"2";"1";"19";"3";""
"202400007978";"155 767 767";"B01";"3";"7";"0";"2";"8";"1";"1";""
"202400007979";"155 767 766";"A01";"2";"7";"0";"2";"1";"2";"1";""
"202400007979";"155 767 768";"B01";"2";"7";"0";"2";"4";"1";"1";""
"202400007980";"155 767 764";"A01";"1";"1";"0";"0";"0";"1";"5";""
"202400007981";"155 767 762";"A01";"2";"7";"0";"2";"3";"13";"1";""
"202400007981";"155 767 763";"B01";"1";"37";"0";"2";"3";"0";"1";"1"
"202400007982";"155 767 759";"A01";"2";"7";"0";"1";"1";"16";"1";""