"Num_Acc";"id_vehicule";"num_veh";"senc";"catv";"obs";"obsm";"choc";"manv";"motor";"occutc"
"202400008380";"155 767 050";"A01";"2";"7";"0";"2";"4";"1";"2";""
"202400008381";"155 767 048";"B01";"1";"7";"0";"2";"1";"1";"1";""
"202400008381";"155 767 051";"A01";"2";"7";"0";"2";"1";"1";"1";""
"202400008382";"155 767 044";"A01";"1";"7";"0";"2";"6";"23";"1";""
"202400008382";"155 767 046";"B01";"1";"33";"0";"2";"1";"12";"1";""
"202400008383";"155 767 043";"A01";"1";"13";"0";"1";"1";"1";"3";""
"202400008384";"155 767 040";"A01";"2";"33";"0";"2";"1";"1";"1";""
"202400008384";"155 767 041";"B01";"2";"33";"0";"2";"0";"0";"1";""
"202400008385";"155 767 037";"A01";"2";"10";"0";"2";"1";"1";"1";""
"202400008385";"155 767 039";"B01";"2";"7";"0";"2";"4";"1";"1";""
"202400008386";"155 767 038";"A01";"3";"10";"0";"1";"4";"25";"1";""
"202400008387";"155 767 034";"A01";"2";"7";"0";"2";"1";"2";"1";""
"202400008387";"155 767 035";"B01";"2";"17";"0";"2";"4";"2";"0";""
"202400008388";"155 767 030";"A01";"2";"14";"4";"0";"1";"14";"1";""
"202400008389";"155 767 026";"B01";"2";"33";"0";"2";"1";"3";"1";""
"202400008389";"155 767 027";"A01";"2";"10";"0";"2";"4";"12";"1";""
"202400008390";"155 767 029";"B01";"0";"7";"0";"2";"0";"0";"1";""
"202400008390";"155 767 032";"A01";"3";"43";"0";"2";"3";"17";"1";""
"202400008391";"155 767 028";"A01";"1";"7";"0";"2";"1";"2";"1";""
"202400008391";"155 767 031";"B01";"1";"7";"0";"2";"4";"0";"2";""
"202400008391";"155 767 033";"C01";"1";"7";"0";"2";"1";"21";"1";""
"202400008391";"155 767 036";"D01";"1";"7";"0";"2";"4";"1";"1";""
"202400008392";"155 767 025";"A01";"2";"34";"0";"0";"0";"15";"1";""
"202400008393";"155 767 022";"B01";"3";"7";"0";"2";"2";"2";"1";""
"202400008393";"155 767 024";"A01";"3";"7";"0";"2";"6";"23";"2";""
"202400008394";"155 767 021";"A01";"2";"7";"0";"2";"1";"2";"1";""
"202400008394";"155 767 023";"B01";"2";"17";"0";"2";"4";"2";"1";""
"202400008395";"155 767 019";"A01";"3";"7";"0";"2";"1";"1";"1";""
"202400008395";"155 767 020";"B01";"3";"1";"0";"2";"7";"19";"5";""
"202400008396";"155 767 018";"A01";"2";"33";"0";"0";"8";"21";"1";""
"202400008397";"155 767 017";"A01";"1";"2";"0";"0";"8";"1";"1";""
"202400008398";"155 767 015";"A01";"3";"7";"3";"0";"2";"14";"1";""
"202400008399";"155 767 012";"A01";"3";"7";"0";"2";"2";"12";"1";""
"202400008399";"155 767 013";"B01";"3";"32";"0";"2";"3";"1";"1";""
"202400008400";"155 767 014";"A01";"1";"7";"0";"2";"2";"9";"1";""
"202400008400";"155 767 016";"B01";"1";"7";"0";"2";"6";"0";"1";""
"202400008401";"155 767 011";"A01";"1";"33";"4";"0";"7";"1";"1";""
"202400008402";"155 767 009";"A01";"2";"32";"1";"0";"2";"1";"1";""
"202400008403";"155 767 008";"A01";"1";"7";"0";"2";"3";"16";"1";""
"202400008403";"155 767 010";"B01";"2";"7";"0";"2";"3";"15";"1";""
"202400008404";"155 767 005";"A01";"2";"7";"0";"1";"1";"1";"1";""
"202400008405";"155 767 006";"B01";"1";"30";"0";"2";"1";"1";"1";""
"202400008405";"155 767 007";"A01";"1";"7";"0";"2";"5";"24";"1";""
"202400008406";"155 767 003";"A01";"1";"7";"0";"2";"7";"5";"1";""
"202400008406";"155 767 004";"B01";"2";"7";"0";"2";"1";"26";"1";""
"202400008407";"155 767 001";"A01";"1";"7";"12";"0";"3";"1";"1";""
"202400008407";"155 767 002";"B01";"2";"17";"12";"0";"0";"1";"1";""
"202400008408";"155 766 999";"A01";"3";"10";"0";"2";"3";"15";"1";""
"202400008408";"155 767 000";"B01";"3";"34";"0";"2";"1";"2";"1";""
"202400008409";"155 766 997";"A01";"1";"10";"0";"2";"7";"15";"1";""
"202400008409";"155 766 998";"B01";"2";"34";"12";"2";"1";"1";"1";""
"202400008410";"155 766 994";"B01";"1";"80";"0";"2";"1";"2";"3";""
"202400008410";"155 766 995";"A01";"2";"14";"0";"2";"6";"4";"0";""
"202400008411";"155 766 996";"A01";"1";"7";"13";"0";"1";"13";"1";""
"202400008412";"155 766 992";"B01";"2";"50";"0";"2";"8";"1";"3";""
"202400008412";"155 766 993";"A01";"1";"7";"0";"2";"3";"15";"1";""
"202400008413";"155 766 990";"A01";"1";"33";"0";"2";"1";"1";"1";""
"202400008413";"155 766 991";"B01";"1";"7";"0";"2";"4";"1";"1";""
"202400008414";"155 766 989";"A01";"1";"7";"6";"0";"1";"15";"1";""
"202400008415";"155 766 988";"A01";"3";"7";"0";"1";"1";"1";"1";""
"202400008416";"155 766 987";"A01";"3";"10";"0";"1";"5";"4";"1";""
"202400008417";"155 766 986";"Z01";"0";"7";" -1";"1";"8";"0";"0";""
"202400008418";"155 766 984";"A01";"1";"7";"0";"2";"1";"3";"1";""
"202400008418";"155 766 985";"B01";"1";"7";"0";"2";"4";"1";"1";""
"202400008419";"155 766 979";"A01";"1";"10";"0";"2";"1";"3";"1";""
"202400008419";"155 766 981";"C01";"1";"7";"0";"2";"1";"1";"1";""
"202400008419";"155 766 982";"B01";"1";"7";"14";"0";"1";"1";"1";""
"202400008420";"155 766 980";"A01";"0";"7";"0";"2";"3";"2";"1";""
"202400008420";"155 766 983";"B01";"0";"33";"0";"2";"1";"2";"1";""
"202400008421";"155 766 977";"A01";"0";"7";"9";"0";"2";"14";"1";""
"202400008422";"155 766 976";"A01";"1";"7";"4";"2";"1";"17";"1";""
"202400008422";"155 766 978";"B01";"1";"7";"0";"2";"4";"1";"1";""
"202400008423";"155 766 975";"A01";"1";"7";"0";"9";"1";"21";"1";""
"202400008424";"155 766 973";"A01";"2";"10";"0";"2";"1";"1";"1";""
"202400008424";"155 766 974";"B01";"2";"7";"0";"2";"4";"1";"1";""
"202400008425";"155 766 971";"A01";"1";"7";"0";"2";"3";"15";"1";""
"202400008425";"155 766 972";"B01";"1";"2";"0";"2";"1";"1";"1";""
"202400008426";"155 766 967";"A01";"3";"7";"0";"9";"1";"15";"1";""
"202400008426";"155 766 970";"B01";"3";"50";"0";"2";"3";"19";"3";""
"202400008427";"155 766 966";"A01";"1";"7";"0";"2";"3";"15";"1";""
"202400008427";"155 766 968";"B01";"1";"1";"0";"2";"1";"1";"5";""
"202400008427";"155 766 969";"C01";"1";"1";"0";"2";"1";"2";"5";""
"202400008428";"155 766 964";"A01";"3";"7";"0";"2";"1";"9";"1";""
"202400008428";"155 766 965";"B01";"0";"1";"0";"2";"7";"1";"5";""
"202400008429";"155 766 963";"A01";"1";"7";"6";"0";"1";"14";"1";""
"202400008430";"155 766 962";"A01";"2";"7";"4";"0";"3";"13";"1";""
"202400008431";"155 766 961";"A01";"3";"10";"0";"1";"0";"1";"1";""
"202400008432";"155 766 958";"A01";"1";"30";"0";"2";"1";"1";"1";""
"202400008432";"155 766 960";"B01";"1";"10";"0";"2";"7";"16";"1";""
"202400008433";"155 766 957";"A01";"3";"7";"0";"2";"5";"15";"1";""
"202400008433";"155 766 959";"B01";"3";"43";"0";"2";"1";"15";"1";""
"202400008434";"155 766 956";"A01";"1";"33";"0";"1";"1";"1";"1";""
"202400008435";"155 766 954";"A01";"1";"31";"0";"0";"0";"1";"1";""
"202400008436";"155 766 953";"A01";"0";"7";"0";"2";"2";"1";"1";""
"202400008436";"155 766 955";"B01";"2";"50";"0";"2";"7";"19";"3";""
"202400008437";"155 766 952";"A01";"3";"1";"0";"0";"0";"1";"5";""
"202400008438";"155 766 950";"A01";"2";"7";"0";"2";"1";"2";"1";""
"202400008438";"155 766 951";"B01";"2";"7";"0";"2";"4";"1";"2";""
"202400008439";"155 766 949";"A01";"1";"33";"0";"0";"7";"15";"1";""
"202400008440";"155 766 948";"A01";"1";"33";"0";"0";"7";"13";"1";""
"202400008441";"155 766 944";"A01";"2";"7";"0";"2";"1";"2";"2";""
"202400008441";"155 766 946";"B01";"2";"7";"0";"2";"4";"2";"2";""
"202400008442";"155 766 942";"A01";"3";"7";"0";"2";"5";"5";"1";""
"202400008442";"155 766 943";"B01";"3";"7";"0";"2";"3";"1";"3";""
"202400008442";"155 766 945";"C01";"3";"7";"0";"2";"1";"1";"2";""
"202400008442";"155 766 947";"D01";"3";"7";"0";"2";"1";"1";"1";""
"202400008443";"155 766 940";"A01";"1";"43";"0";"2";"3";"1";"1";""
"202400008443";"155 766 941";"B01";"1";"7";"0";"2";"5";"1";"3";""
"202400008444";"155 766 938";"A01";"1";"17";"0";"2";"2";"2";"1";""
"202400008444";"155 766 939";"B01";"1";"1";"8";"2";"3";"2";"5";""
"202400008445";"155 766 935";"A01";"1";"31";"0";"2";"8";"0";"1";""
"202400008445";"155 766 937";"Z01";"1";"7";"0";"2";"0";"0";"0";""
"202400008446";"155 766 934";"A01";"2";"7";"0";"2";"1";"2";"1";""
"202400008446";"155 766 936";"B01";"2";"3";"0";"0";"4";"2";"1";""
"202400008447";"155 766 932";"A01";"2";"33";"0";"0";"8";"1";"1";""
"202400008448";"155 766 931";"A01";"2";"32";"0";"2";"8";"3";"1";""
"202400008448";"155 766 933";"B01";"2";"7";"0";"2";"2";"12";"3";""
"202400008449";"155 766 929";"A01";"2";"7";"8";"0";"2";"21";"1";""
"202400008450";"155 766 928";"A01";"3";"32";"0";"2";"7";"17";"1";""
"202400008450";"155 766 930";"B01";"3";"7";"0";"2";"3";"15";"2";""
"202400008451";"155 766 927";"A01";"1";"7";"0";"1";"3";"1";"1";""
"202400008452";"155 766 925";"A01";"2";"1";"0";"2";"8";"2";"5";""
"202400008452";"155 766 926";"B01";"2";"10";"0";"2";"5";"2";"1";""
"202400008453";"155 766 924";"A01";"1";"7";"0";"1";"3";"15";"1";""
"202400008454";"155 766 922";"A01";"1";"1";"0";"9";"1";"1";"5";""
"202400008454";"155 766 923";"B01";"1";"1";"0";"9";"1";"1";"5";""
"202400008455";"155 766 920";"A01";"3";"7";"0";"2";"2";"19";"1";""
"202400008455";"155 766 921";"B01";"3";"7";"0";"2";"1";"2";"1";""
"202400008456";"155 766 919";"A01";"1";"7";"1";"1";"1";"1";"1";""
"202400008457";"155 766 915";"B01";"3";"50";"0";"2";"1";"1";"3";""
"202400008457";"155 766 917";"A01";"3";"10";"0";"2";"3";"15";"1";""
"202400008458";"155 766 916";"A01";"3";"7";"0";"9";"1";"15";"1";""
"202400008458";"155 766 918";"B01";"0";"1";"0";"0";"0";"0";"5";""
"202400008459";"155 766 913";"A01";"2";"33";"0";"2";"6";"2";"1";""
"202400008459";"155 766 914";"B01";"2";"7";"0";"2";"6";"2";"1";""
"202400008460";"155 766 912";"A01";"2";"7";"0";"1";"3";"15";"1";""
"202400008461";"155 766 910";"A01";"1";"7";"0";"2";"1";"1";"1";""
"202400008461";"155 766 911";"B01";"1";"2";"0";"2";"4";"1";"1";""
"202400008462";"155 766 907";"B01";"2";"7";"0";"2";"4";"2";"2";""
"202400008462";"155 766 909";"Z01";"2";"7";"0";"2";"1";"2";"1";""
"202400008463";"155 766 905";"B01";"1";"7";"0";"2";"8";"15";"1";""
"202400008463";"155 766 908";"A01";"3";"10";"0";"2";"1";"1";"1";""
"202400008464";"155 766 904";"A01";"2";"31";"0";"2";"7";"18";"1";""
"202400008464";"155 766 906";"B01";"2";"33";"0";"0";"8";"2";"1";""
"202400008465";"155 766 901";"A01";"1";"33";"0";"2";"2";"17";"1";""
"202400008465";"155 766 903";"B01";"1";"10";"0";"2";"6";"21";"1";""
"202400008466";"155 766 899";"A01";"1";"15";"0";"2";"1";"1";"1";""
"202400008466";"155 766 900";"B01";"3";"7";"0";"2";"1";"1";"1";""
"202400008466";"155 766 902";"C01";"3";"15";"0";"2";"1";"1";"1";""
"202400008467";"155 766 898";"A01";"0";"1";"9";"1";"1";"1";"5";""
"202400008468";"155 766 897";"A01";"3";"7";"0";"0";"1";"1";" -1";""
"202400008469";"155 766 896";"A01";"2";"7";"9";"0";"9";"1";"1";""
"202400008470";"155 766 894";"A01";"3";"7";"0";"2";"7";"1";"1";""
"202400008470";"155 766 895";"B01";"3";"7";"0";"2";"3";"13";"1";""
"202400008471";"155 766 893";"A01";"1";"37";"0";"1";"1";"1";"1";"1"
"202400008472";"155 766 892";"A01";"1";"38";"0";"1";"2";"1";"1";"5"
"202400008473";"155 766 889";"A01";"1";"7";"0";"2";"1";"17";"1";""
"202400008473";"155 766 891";"B01";"2";"33";"0";"2";"1";"1";"1";""
"202400008474";"155 766 888";"B01";"2";"7";"0";"2";"2";"15";"1";""
"202400008474";"155 766 890";"A01";"1";"31";"0";"2";"1";"1";"1";""
"202400008475";"155 766 884";"A01";"2";"43";"0";"1";"8";"19";"1";""
"202400008476";"155 766 883";"A01";"2";"17";"0";"2";"7";"12";"1";""
"202400008476";"155 766 886";"B01";"2";"7";"0";"2";"8";"1";"1";""
"202400008477";"155 766 881";"A01";"0";"7";"0";"9";"8";"26";"1";""
"202400008477";"155 766 885";"B01";"0";"50";"0";"2";"2";"26";"3";""
"202400008478";"155 766 880";"B01";"2";"1";"0";"2";"2";"1";"5";""
"202400008478";"155 766 882";"A01";"2";"7";"0";"9";"3";"20";"2";""
"202400008479";"155 766 877";"A01";"2";"33";"1";"0";"1";"26";"1";""
"202400008480";"155 766 878";"A01";"1";"30";"0";"2";"1";"0";"1";""
"202400008480";"155 766 879";"B01";"1";"7";"0";"0";"0";"0";"1";""
"202400008481";"155 766 875";"B01";"1";"7";"0";"2";"3";"1";"2";""
"202400008481";"155 766 876";"A01";"2";"80";"0";"2";"1";"19";"3";""
"202400008482";"155 766 874";"A01";"1";"7";"0";"1";"1";"19";"1";""
"202400008483";"155 766 873";"A01";"3";"50";"0";"1";"8";"7";"3";""
"202400008484";"155 766 870";"A01";"1";"7";"0";"2";"5";"15";"1";""
"202400008484";"155 766 871";"B01";"2";"2";"0";"2";"1";"1";"1";""
"202400008485";"155 766 872";"A01";"1";"3";"0";"1";"2";"1";"3";""
"202400008486";"155 766 868";"A01";"1";"31";"0";"2";"1";"1";"1";""
"202400008486";"155 766 869";"B01";"1";"31";"0";"2";"4";"23";"1";""
"202400008487";"155 766 866";"A01";"1";"7";"0";"1";"2";"1";"1";""
"202400008488";"155 766 865";"A01";"1";"7";"0";"2";"5";"24";"2";""
"202400008488";"155 766 867";"B01";"1";"43";"1";"2";"3";"1";"1";""
"202400008489";"155 766 863";"A01";"1";"7";"0";"1";"1";"16";"1";""
"202400008490";"155 766 862";"A01";"2";"10";"0";"2";"8";"9";"1";""
"202400008490";"155 766 864";"B01";"2";"2";"0";"2";"1";"1";"1";""
"202400008491";"155 766 859";"A01";"1";"7";"0";"2";"1";"2";"1";""
"202400008491";"155 766 861";"B01";"1";"50";"0";"0";"0";"0";"3";""
"202400008492";"155 766 857";"A01";"1";"7";"0";"2";"2";"1";"1";""
"202400008492";"155 766 860";"B01";"2";"50";"0";"2";"1";"1";"3";""
"202400008493";"155 766 856";"A01";"1";"31";"0";"2";"1";"1";"1";""
"202400008493";"155 766 858";"B01";"2";"7";"0";"2";"5";"15";"2";""
"202400008494";"155 766 853";"A01";"1";"10";"0";"2";"7";"2";"1";""
"202400008494";"155 766 854";"B01";"3";"50";"0";"2";"1";"0";"3";""
"202400008495";"155 766 851";"A01";"1";"10";"8";"2";"1";"1";"1";""
"202400008495";"155 766 855";"B01";"3";"7";"8";"2";"8";"19";"1";""
"202400008496";"155 766 850";"A01";"2";"7";"1";"2";"1";"26";"1";""
"202400008496";"155 766 852";"B01";"2";"1";"12";"2";"4";"1";"5";""
"202400008497";"155 766 849";"A01";"1";"7";"1";"0";"2";"0";"1";""
"202400008498";"155 766 848";"A01";"1";"7";"6";"0";"2";"1";"3";""
"202400008499";"155 766 845";"A01";"1";"7";"6";"0";"1";"26";"1";""
"202400008500";"155 766 843";"A01";"3";"10";"0";"2";"1";"15";"0";""
"202400008500";"155 766 844";"B01";"0";"7";"0";"2";"4";"15";"0";""
"202400008501";"155 766 841";"B01";"1";"50";"0";"2";"3";"2";"3";""
"202400008501";"155 766 842";"A01";"1";"10";"0";"2";"2";"2";"1";""
"202400008502";"155 766 838";"A01";"1";"1";"0";"2";"7";"1";"5";""
"202400008502";"155 766 840";"B01";"1";"7";"0";"2";"1";"15";"1";""
"202400008503";"155 766 836";"B01";"2";"7";"0";"2";"4";"2";"1";""
"202400008503";"155 766 837";"A01";"2";"7";"0";"2";"1";"2";"1";""
"202400008504";"155 766 835";"A01";"3";"7";"0";"2";"2";"1";"2";""
"202400008504";"155 766 839";"B01";"0";"7";"0";"2";"8";"15";"1";""
"202400008505";"155 766 832";"B01";"1";"7";"0";"2";"1";"1";"1";""
"202400008505";"155 766 834";"A01";"1";"10";"0";"2";"0";"0";"1";""
"202400008506";"155 766 831";"B01";"0";"33";"0";"2";"1";"1";"1";""
"202400008506";"155 766 833";"A01";"0";"7";"0";"2";"2";"9";"2";""
"202400008507";"155 766 829";"P01";"0";"99";"0";"2";"3";"0";"0";""
"202400008507";"155 766 830";"A01";"0";"7";"0";"2";"1";"1";"2";""
"202400008508";"155 766 827";"A01";"0";"50";"0";"0";"0";"25";"3";""
"202400008509";"155 766 826";"A01";"1";"7";"0";"2";"1";"13";"1";""
"202400008509";"155 766 828";"B01";"2";"7";"0";"2";"3";"0";"0";""
"202400008510";"155 766 820";"B01";"1";"7";"0";"2";"4";"1";"1";""
"202400008510";"155 766 821";"A01";"1";"7";"14";"0";"1";"1";"1";""
"202400008511";"155 766 818";"A01";"1";"7";"0";"2";"5";"15";"0";""
"202400008511";"155 766 822";"B01";"1";"7";"0";"2";"1";"1";"2";""
"202400008511";"155 766 825";"C01";"2";"7";"0";"2";"8";"1";"1";""
"202400008512";"155 766 817";"A01";"1";"50";"0";"2";"1";"5";"3";""
"202400008512";"155 766 819";"B01";"1";"7";"0";"2";"3";"15";"1";""
"202400008513";"155 766 815";"A01";"2";"33";"0";"9";"8";"17";"1";""
"202400008513";"155 766 816";"B01";"2";"1";"0";"2";"3";"15";"5";""
"202400008514";"155 766 811";"A01";"2";"7";"0";"2";"1";"9";"1";""
"202400008514";"155 766 814";"B01";"1";"33";"0";"2";"7";"1";"1";""
"202400008515";"155 766 812";"B01";"2";"30";"0";"2";"4";"2";"1";""
"202400008515";"155 766 813";"A01";"2";"7";"0";"2";"1";"2";"3";""
"202400008516";"155 766 807";"A01";" -1";"2";"0";"0";"1";"1";" -1";""
"202400008517";"155 766 803";"A01";"1";"7";"0";"2";"1";"2";"1";""
"202400008517";"155 766 806";"B01";"1";"7";"0";"2";"4";"2";"1";""
"202400008517";"155 766 809";"D01";"1";"7";"0";"2";"4";"2";"1";""
"202400008517";"155 766 810";"C01";"1";"7";"0";"2";"4";"2";"1";""
"202400008518";"155 766 802";"A01";"1";"7";"0";"2";"1";"13";"1";""
"202400008518";"155 766 804";"D01";"2";"7";"0";"2";"3";"1";"1";""
"202400008518";"155 766 805";"B01";"2";"7";"0";"2";"6";"1";"2";""
"202400008518";"155 766 808";"C01";"1";"10";"0";"2";"6";"1";"1";""
"202400008519";"155 766 797";"B01";"3";"1";"0";"2";"1";"1";"5";""
"202400008519";"155 766 799";"A01";"3";"7";"0";"2";"4";"20";"1";""
"202400008520";"155 766 796";"A01";"2";"7";"0";"0";"1";"1";"1";""
"202400008521";"155 766 792";"B01";"2";"7";"0";"2";"2";"1";"1";""
"202400008521";"155 766 794";"A01";"2";"7";"12";"2";"2";"13";"1";""
"202400008522";"155 766 793";"B01";"1";"1";"0";"2";"1";"1";"5";""
"202400008522";"155 766 795";"A01";"1";"7";"0";"9";"2";"15";"1";""
"202400008523";"155 766 791";"A01";"1";"10";"0";"1";"1";"1";"1";""
"202400008524";"155 766 789";"A01";"1";"2";"0";"2";"3";"1";"1";""
"202400008524";"155 766 790";"B01";"1";"7";"0";"2";"3";"1";"1";""
"202400008525";"155 766 788";"A01";"1";"7";"0";"1";"2";"26";"1";""
"202400008526";"155 766 786";"A01";"2";"2";"16";"9";"1";"1";"1";""
"202400008527";"155 766 785";"A01";"1";"10";"0";"9";"5";"14";"1";""
"202400008527";"155 766 787";"B01";"1";"99";"9";"2";"1";"1";"3";""
"202400008528";"155 766 783";"A01";"1";"7";"4";"0";"3";"13";"1";""
"202400008529";"155 766 782";"B01";"3";"10";"0";"2";"4";"1";"1";""
"202400008529";"155 766 784";"A01";"3";"7";"0";"2";"1";"1";"1";""
"202400008530";"155 766 781";"A01";"2";"1";"0";"0";"1";"1";"5";""
"202400008531";"155 766 779";"B01";"1";"7";"0";"2";"1";"1";"1";""
"202400008531";"155 766 780";"A01";"2";"7";"0";"2";"1";"13";"1";""
"202400008532";"155 766 778";"A01";"3";"7";"13";"0";"1";"1";"1";""
"202400008533";"155 766 775";"A01";"1";"2";"0";"0";"0";"1";"1";""
"202400008534";"155 766 774";"A01";"1";"7";"0";"2";"4";"2";"1";""
"202400008534";"155 766 776";"B01";"1";"7";"0";"2";"4";"1";"1";""
"202400008534";"155 766 777";"C01";"1";"7";"0";"2";"0";"0";"1";""
"202400008535";"155 766 773";"A01";"3";"37";"0";"1";"2";"15";"3";"1"
"202400008536";"155 766 772";"A01";"3";"99";"0";"0";"0";"0";"1";""
"202400008537";"155 766 771";"A01";"1";"33";"0";"1";"1";"1";"1";""
"202400008538";"155 766 769";"A01";"1";"7";"0";"1";"1";"1";"1";""
"202400008539";"155 766 767";"A01";"3";"7";"0";"1";"2";"1";"2";""
"202400008540";"155 766 766";"A01";"1";"7";"0";"2";"4";"11";"1";""
"202400008540";"155 766 768";"B01";"1";"7";"0";"2";"1";"1";"2";""
"202400008541";"155 766 765";"A01";"3";"1";"0";"0";"1";"13";"5";""
"202400008542";"155 766 764";"A01";"1";"32";"0";"1";"7";"2";"3";""
"202400008543";"155 766 763";"A01";"1";"7";"0";"0";"9";"15";"1";""
"202400008544";"155 766 760";"B01";"1";"34";"12";"2";"8";"21";"1";""
"202400008544";"155 766 762";"A01";"1";"7";"0";"2";"5";"15";"1";""
"202400008545";"155 766 759";"B01";"3";"33";"0";"2";"1";"1";"1";""
"202400008545";"155 766 761";"A01";"3";"7";"16";"0";"8";"15";"1";""
"202400008546";"155 766 756";"A01";"2";"7";"0";"2";"4";"23";"1";""
"202400008546";"155 766 757";"B01";"2";"50";"14";"0";"1";"1";"3";""
"202400008547";"155 766 753";"A01";"3";"10";"0";"2";"1";"12";"0";""
"202400008547";"155 766 755";"B01";"3";"34";"0";"0";"1";"1";"1";""
"202400008548";"155 766 752";"A01";"1";"7";"0";"0";"1";"16";"1";""
"202400008549";"155 766 750";"A01";"3";"7";"0";"0";"0";"1";"1";""
"202400008550";"155 766 749";"A01";"2";"7";"2";"0";"2";"5";"1";""
"202400008551";"155 766 748";"A01";"3";"7";"0";"2";"2";"15";"1";""
"202400008551";"155 766 751";"B01";"2";"7";"0";"2";"1";"1";"1";""
"202400008552";"155 766 745";"A01";"1";"7";"6";"0";"1";"14";"1";""
"202400008553";"155 766 746";"A01";"1";"7";"0";"2";"1";"5";"2";""
"202400008553";"155 766 747";"B01";"2";"37";"0";"2";"3";"0";"1";"1"
"202400008554";"155 766 744";"A01";"3";"7";"16";"0";"0";"1";"1";""
"202400008555";"155 766 742";"A01";"2";"7";"13";"0";"2";"1";"1";""
"202400008556";"155 766 741";"Z01";"1";"7";"0";"2";"1";"13";"0";""
"202400008556";"155 766 743";"A01";"2";"1";"0";"2";"1";"19";"5";""
"202400008557";"155 766 739";"B01";"3";"1";"0";"2";"1";"19";"5";""
"202400008557";"155 766 740";"A01";"3";"7";"0";"2";"3";"1";"1";""
"202400008558";"155 766 735";"A01";"1";"7";"0";"2";"8";"22";"1";""
"202400008558";"155 766 737";"B01";"1";"1";"0";"2";"0";"7";"5";""
"202400008559";"155 766 733";"A01";"2";"7";"0";"2";"5";"23";"1";""
"202400008559";"155 766 736";"B01";"2";"7";"0";"2";"3";"1";"1";""
"202400008559";"155 766 738";"C01";"2";"7";"3";"0";"1";"1";"1";""
"202400008560";"155 766 732";"A01";"2";"7";"2";"0";"0";"1";"1";""
"202400008561";"155 766 731";"B01";"2";"7";"10";"2";"1";"1";"1";""
"202400008561";"155 766 734";"A01";"3";"10";"7";"2";"7";"19";"1";""
"202400008562";"155 766 730";"A01";"2";"50";"0";"1";"1";"1";"3";""
"202400008563";"155 766 729";"A01";"2";"7";"13";"0";"1";"1";"1";""
"202400008564";"155 766 728";"A01";"2";"33";"6";"0";"1";"14";"1";""
"202400008565";"155 766 727";"A01";"1";"7";"0";"1";"1";"1";"1";""
"202400008566";"155 766 725";"A01";"1";"33";"1";"0";"1";"1";"1";""
"202400008567";"155 766 724";"B01";"1";"7";"0";"2";"3";"13";"1";""
"202400008567";"155 766 726";"A01";"1";"7";"0";"2";"3";"0";"1";""
"202400008568";"155 766 723";"A01";"1";"80";"0";"1";"1";"1";"3";""
"202400008569";"155 766 720";"A01";"2";"7";"0";"2";"1";"13";"1";""
"202400008569";"155 766 721";"B01";"1";"7";"2";"2";"3";"1";"2";""
"202400008570";"155 766 719";"A01";"0";"7";"0";"2";"3";"13";"1";""
"202400008570";"155 766 722";"B01";"0";"7";"0";"2";"3";"1";"1";""
"202400008571";"155 766 717";"A01";"2";"7";"0";"2";"8";"22";"1";""
"202400008571";"155 766 718";"B01";"2";"1";"0";"2";"1";"1";"5";""
"202400008572";"155 766 714";"A01";"1";"7";"0";"2";"1";"17";"1";""
"202400008572";"155 766 715";"B01";"2";"7";"0";"2";"1";"1";"1";""
"202400008573";"155 766 713";"A01";"2";"7";"0";"2";"1";"13";"1";""
"202400008573";"155 766 716";"B01";"1";"7";"0";"2";"1";"1";"1";""
"202400008574";"155 766 712";"A01";"1";"7";"7";"0";"1";"1";"1";""
"202400008575";"155 766 710";"A01";"2";"7";"0";"1";"1";"1";"0";""
"202400008576";"155 766 711";"A01";"2";"7";"0";"1";"3";"1";"1";""
"202400008577";"155 766 706";"B01";"3";"33";"0";"2";"2";"17";"1";""
"202400008577";"155 766 709";"A01";"3";"7";"0";"2";"3";"10";"1";""
"202400008578";"155 766 705";"A01";"3";"2";"0";"2";"3";"1";"1";""
"202400008578";"155 766 707";"B01";"3";"21";"0";"2";"6";"1";"1";""
"202400008579";"155 766 703";"A01";"1";"7";"0";"2";"3";"1";"1";""
"202400008579";"155 766 704";"B01";"2";"7";"0";"2";"1";"1";"1";""
"202400008579";"155 766 708";"C01";"1";"7";"0";"2";"2";"9";"1";""
"202400008580";"155 766 700";"B01";"0";"33";"0";"2";"1";"1";"1";""
"202400008580";"155 766 702";"A01";"0";"7";"0";"2";"3";"15";"1";""
"202400008581";"155 766 699";"B01";"1";"7";"0";"2";"3";"1";"2";""
"202400008581";"155 766 701";"A01";"2";"7";"0";"2";"3";"13";"1";""
"202400008582";"155 766 698";"A01";"1";"7";"0";"1";"2";"1";"1";""
"202400008583";"155 766 695";"B01";"1";"7";"0";"2";"3";"15";"1";""
"202400008583";"155 766 697";"A01";"1";"30";"0";"2";"2";"17";"1";""
"202400008584";"155 766 692";"A01";"1";"7";"0";"2";"3";"17";"1";""
"202400008584";"155 766 696";"B01";"2";"7";"0";"2";"3";"1";"1";""
"202400008585";"155 766 691";"A01";"2";"7";"12";"2";"1";"15";"1";""
"202400008585";"155 766 693";"B01";"1";"32";"0";"2";"1";"1";"1";""
"202400008586";"155 766 690";"A01";"1";"10";"0";"2";"1";"1";"1";""
"202400008586";"155 766 694";"B01";"2";"7";"0";"2";"8";"1";"1";""