"Num_Acc";"id_vehicule";"num_veh";"senc";"catv";"obs";"obsm";"choc";"manv";"motor";"occutc"
"202400008587";"155 766 688";"A01";"2";"7";"0";"1";"2";"1";"1";""
"202400008588";"155 766 686";"Z01";"2";"7";"0";"2";"1";"1";"1";""
"202400008588";"155 766 687";"A01";"2";"7";"0";"2";"4";"1";"1";""
"202400008589";"155 766 685";"A01";"1";"2";"0";"2";"1";"1";"1";""
"202400008589";"155 766 689";"B01";"1";"7";"0";"2";"2";"19";"2";""
"202400008590";"155 766 683";"A01";"2";"7";"0";"2";"1";"5";"1";""
"202400008590";"155 766 684";"B01";"1";"15";"0";"2";"1";"1";"1";""
"202400008591";"155 766 681";"A01";"1";"7";"0";"1";"1";"1";"1";""
"202400008592";"155 766 680";"A01";"1";"33";"0";"2";"1";"17";"1";""
"202400008592";"155 766 682";"B01";"1";"7";"0";"2";"3";"15";"1";""
"202400008593";"155 766 679";"A01";"2";"7";"0";"0";"2";"14";"1";""
"202400008594";"155 766 676";"A01";"2";"7";"0";"2";"3";"20";"1";""
"202400008594";"155 766 677";"B01";"2";"30";"0";"2";"7";"1";"1";""
"202400008595";"155 766 675";"A01";"0";"32";"0";"2";"5";"17";"1";""
"202400008595";"155 766 678";"B01";"0";"7";"0";"0";"6";"15";"1";""
"202400008596";"155 766 674";"A01";"3";"7";"13";"0";"2";"15";"1";""
"202400008597";"155 766 672";"A01";"3";"7";"0";"2";"3";"15";"1";""
"202400008597";"155 766 673";"B01";"1";"1";"0";"2";"0";"0";"5";""
"202400008598";"155 766 671";"A01";"2";"2";"0";"0";"0";"10";"1";""
"202400008599";"155 766 670";"A01";"1";"7";"13";"0";"1";"1";"1";""
"202400008600";"155 766 667";"A01";"1";"7";"0";"2";"2";"15";"1";""
"202400008600";"155 766 669";"B01";"1";"7";"0";"2";"7";"1";"1";""
"202400008601";"155 766 662";"A01";"2";"7";"0";"2";"6";"1";"1";""
"202400008601";"155 766 665";"B01";"2";"7";"0";"2";"3";"1";"1";""
"202400008601";"155 766 668";"C01";"1";"7";"2";"2";"1";"1";"1";""
"202400008602";"155 766 664";"A01";"1";"2";"0";"0";"0";"1";"1";""
"202400008602";"155 766 666";"B01";"2";"1";"0";"0";"0";"19";"5";""
"202400008603";"155 766 663";"A01";"3";"32";"0";"1";"0";"0";"1";""
"202400008604";"155 766 661";"A01";"1";"32";"11";"0";"1";"6";"1";""
"202400008605";"155 766 660";"A01";"2";"7";"13";"0";"3";"1";"1";""
"202400008606";"155 766 656";"A01";"1";"7";"0";"2";"1";"2";"0";""
"202400008606";"155 766 658";"B01";"1";"7";"0";"2";"4";"2";"0";""
"202400008607";"155 766 657";"A01";"1";"7";"0";"2";"3";"0";"1";""
"202400008607";"155 766 659";"B01";"2";"7";"0";"2";"3";"0";"1";""
"202400008608";"155 766 655";"A01";"3";"2";"0";"1";"1";"5";"1";""
"202400008609";"155 766 652";"A01";"0";"7";"1";"1";"1";"15";"0";""
"202400008610";"155 766 650";"A01";"0";"7";"0";"9";"2";"17";"1";""
"202400008610";"155 766 651";"B01";"0";"1";"0";"2";"4";"26";"5";""
"202400008610";"155 766 653";"C01";"0";"1";"0";"0";"4";"1";"5";""
"202400008611";"155 766 649";"A01";"1";"33";"0";"2";"2";"1";"1";""
"202400008611";"155 766 654";"B01";"2";"7";"0";"2";"3";"15";"1";""
"202400008612";"155 766 648";"A01";"3";"7";"0";"1";"4";"4";"1";""
"202400008613";"155 766 646";"A01";"1";"7";"0";"0";"9";"1";"1";""
"202400008614";"155 766 645";"A01";"1";"1";"0";"2";"7";"19";"5";""
"202400008614";"155 766 647";"B01";"1";"7";"0";"2";"1";"1";"1";""
"202400008615";"155 766 644";"A01";"3";"1";"11";"0";"1";"1";"5";""
"202400008616";"155 766 640";"B01";"2";"15";"0";"2";"2";"21";"5";""
"202400008616";"155 766 641";"A01";"1";"7";"0";"2";"2";"13";"1";""
"202400008617";"155 766 639";"A01";"1";"7";"0";"2";"1";"2";"1";""
"202400008617";"155 766 642";"B01";"1";"17";"0";"2";"5";"2";"1";""
"202400008618";"155 766 638";"B01";"3";"1";"0";"2";"1";"16";"5";""
"202400008618";"155 766 643";"A01";"3";"7";"0";"2";"3";"9";"1";""
"202400008619";"155 766 637";"A01";"2";"33";"0";"0";"8";"1";"0";""
"202400008620";"155 766 636";"A01";"2";"7";"2";"0";"7";"0";"1";""
"202400008621";"155 766 635";"A01";"1";"7";"2";"0";"1";"1";"1";""
"202400008622";"155 766 632";"A01";"2";"7";"0";"0";"5";"15";"1";""
"202400008622";"155 766 634";"B01";"2";"2";"0";"2";"1";"1";"1";""
"202400008623";"155 766 629";"B01";"1";"7";"0";"2";"1";"5";"1";""
"202400008623";"155 766 631";"C01";"2";"17";"1";"0";"3";"1";"1";""
"202400008623";"155 766 633";"A01";"2";"7";"0";"2";"1";"1";"1";""
"202400008624";"155 766 628";"B01";"1";"7";"0";"1";"4";"1";"1";""
"202400008624";"155 766 630";"MA01";"1";"7";"0";"2";"1";"26";"1";""
"202400008625";"155 766 625";"A01";"2";"7";"0";"2";"1";"19";"2";""
"202400008625";"155 766 627";"B01";"2";"7";"0";"0";"6";"1";"1";""
"202400008626";"155 766 624";"A01";"0";"7";"0";"2";"3";"9";"1";""
"202400008626";"155 766 626";"B01";"2";"33";"0";"2";"1";"17";"1";""
"202400008627";"155 766 622";"A01";"1";"7";"0";"2";"1";"1";"1";""
"202400008627";"155 766 623";"B01";"2";"10";"0";"2";"1";"1";"1";""
"202400008628";"155 766 621";"A01";"0";"36";"0";"0";"0";"0";"1";""
"202400008629";"155 766 620";"A01";"3";"7";"0";"1";"7";"1";"1";""
"202400008630";"155 766 618";"A01";"2";"7";"0";"0";"0";"0";"2";""
"202400008631";"155 766 617";"A01";"0";"7";"0";"0";"6";"1";"1";""
"202400008631";"155 766 619";"B01";"0";"2";"0";"2";"3";"0";"1";""
"202400008632";"155 766 616";"A01";"2";"7";"13";"0";"9";"1";"1";""
"202400008633";"155 766 615";"A01";"1";"10";"2";"0";"1";"14";"1";""
"202400008634";"155 766 612";"A01";"1";"10";"0";"2";"3";"20";"1";""
"202400008634";"155 766 614";"B01";"1";"17";"0";"2";"2";"1";"1";""
"202400008635";"155 766 611";"B01";"1";"33";"0";"2";"1";"15";"1";""
"202400008635";"155 766 613";"A01";"1";"10";"0";"2";"9";"1";"1";""
"202400008636";"155 766 610";"A01";"1";"7";"2";"0";"3";"0";"1";""
"202400008637";"155 766 609";"A01";"1";"2";"0";"0";"0";"16";"1";""
"202400008638";"155 766 606";"B01";"2";"2";"0";"2";"1";"2";"0";""
"202400008638";"155 766 608";"A01";"2";"7";"0";"0";"4";"16";"1";""
"202400008639";"155 766 605";"A01";"1";"2";"0";"0";"7";"1";"1";""
"202400008639";"155 766 607";"B01";"1";"7";"0";"2";"1";"19";"1";""
"202400008640";"155 766 604";"A01";"2";"7";"1";"1";"1";"20";"1";""
"202400008641";"155 766 602";"A01";"2";"7";"3";"2";"6";"1";"1";""
"202400008641";"155 766 603";"B01";"2";"7";"0";"2";"2";"1";"1";""
"202400008642";"155 766 601";"A01";"1";"7";"0";"1";"1";"1";"1";""
"202400008643";"155 766 598";"A01";"1";"7";"0";"2";"3";"15";"1";""
"202400008643";"155 766 600";"B01";"2";"2";"0";"2";"1";"1";"1";""
"202400008644";"155 766 596";"A01";"2";"33";"0";"0";"3";"1";"1";""
"202400008644";"155 766 599";"B01";"2";"7";"0";"2";"7";"12";"1";""
"202400008645";"155 766 595";"A01";"2";"7";"0";"2";"1";"13";"1";""
"202400008645";"155 766 597";"B01";"1";"7";"0";"2";"1";"1";"1";""
"202400008646";"155 766 593";"A01";"3";"1";"0";"9";"7";"1";"5";""
"202400008646";"155 766 594";"B01";"3";"1";"0";"9";"8";"1";"5";""
"202400008647";"155 766 592";"A01";"2";"7";"6";"0";"1";"0";"1";""
"202400008648";"155 766 590";"A01";"1";"7";"0";"0";"5";"1";"3";""
"202400008648";"155 766 591";"B01";"2";"33";"0";"2";"3";"3";"1";""
"202400008649";"155 766 587";"A01";" -1";"10";"0";"2";"5";"14";"1";""
"202400008649";"155 766 589";"B01";" -1";"80";"0";"2";"1";"9";"3";""
"202400008650";"155 766 585";"B01";"2";"10";"0";"2";"8";"1";"1";""
"202400008650";"155 766 588";"A01";"1";"7";"0";"2";"1";"1";"1";""
"202400008651";"155 766 583";"B01";"2";"7";"3";"0";"9";"21";"1";""
"202400008651";"155 766 586";"A01";"2";"7";"4";"0";"3";"21";"2";""
"202400008652";"155 766 580";"A01";"1";"7";"0";"2";"3";"13";"2";""
"202400008652";"155 766 581";"B01";"2";"17";"0";"2";"3";"1";"1";""
"202400008653";"155 766 578";"A01";"1";"33";"0";"2";"1";"2";"1";""
"202400008653";"155 766 579";"B01";"1";"7";"0";"0";"4";"1";"1";""
"202400008654";"155 766 574";"B01";"1";"1";"3";"0";"8";"1";"5";""
"202400008654";"155 766 575";"A01";"1";"21";"0";"0";"7";"17";"1";""
"202400008655";"155 766 573";"A01";"2";"7";"13";"0";"1";"1";"1";""
"202400008656";"155 766 576";"B01";"2";"7";"4";"2";"4";"1";"1";""
"202400008656";"155 766 577";"A01";"2";"7";"0";"2";"1";"1";"6";""
"202400008657";"155 766 570";"B01";"1";"10";"0";"2";"1";"15";"1";""
"202400008657";"155 766 572";"A01";"2";"7";"0";"2";"2";"1";"1";""
"202400008658";"155 766 569";"A01";"1";"7";"0";"2";"3";"13";"1";""
"202400008658";"155 766 571";"B01";"2";"10";"0";"2";"3";"1";"1";""
"202400008659";"155 766 567";"A01";"0";"34";"0";"9";"1";"26";"1";""
"202400008659";"155 766 568";"B01";"2";"7";"0";"0";"0";"1";"1";""
"202400008660";"155 766 566";"A01";"0";"7";"16";"0";"0";"1";"1";""
"202400008661";"155 766 564";"A01";"3";"7";"0";"2";"3";"17";"0";""
"202400008661";"155 766 565";"B01";"3";"2";"0";"2";"1";"17";"1";""
"202400008662";"155 766 561";"A01";"1";"7";"0";"2";"3";"13";"1";""
"202400008662";"155 766 562";"B01";"2";"33";"0";"2";"1";"13";"1";""
"202400008663";"155 766 559";"B01";"1";"50";"0";"0";"4";"1";"3";""
"202400008663";"155 766 563";"Z01";"1";"7";"8";"2";"1";"1";"0";""
"202400008664";"155 766 558";"A01";"3";"32";"0";"2";"7";"1";"1";""
"202400008664";"155 766 560";"B01";"3";"3";"0";"2";"1";"0";"3";""
"202400008665";"155 766 557";"A01";"2";"7";"0";"1";"2";"1";"2";""
"202400008666";"155 766 554";"A01";"3";"32";"0";"2";"1";"1";"1";""
"202400008666";"155 766 555";"B01";"3";"7";"0";"2";"3";"16";"1";""
"202400008667";"155 766 552";"A01";"3";"33";"0";"0";"1";"14";"1";""
"202400008668";"155 766 553";"A01";"2";"10";"0";"2";"4";"2";"1";""
"202400008668";"155 766 556";"Z01";"2";"7";"0";"2";"1";"1";"0";""
"202400008669";"155 766 548";"A01";"1";"15";"0";"2";"2";"1";"1";""
"202400008669";"155 766 551";"B01";"2";"7";"0";"2";"1";"13";"1";""
"202400008670";"155 766 547";"A01";"1";"7";"0";"2";"3";"2";"1";""
"202400008670";"155 766 550";"B01";"2";"7";"0";"2";"3";"1";"1";""
"202400008671";"155 766 549";"A01";"1";"7";"0";"1";"3";"1";"2";""
"202400008672";"155 766 545";"A01";"1";"2";"1";"0";"3";"2";"1";""
"202400008673";"155 766 542";"C01";"2";"7";"0";"2";"2";"17";"1";""
"202400008673";"155 766 544";"A01";"2";"7";"0";"2";"2";"13";"1";""
"202400008673";"155 766 546";"B01";"2";"7";"0";"2";"9";"1";"2";""
"202400008674";"155 766 541";"A01";"2";"31";"0";"2";"1";"1";"1";""
"202400008674";"155 766 543";"B01";"1";"1";"0";"2";"3";"15";"5";""
"202400008675";"155 766 540";"A01";"1";"7";"15";"0";"1";"0";"1";""
"202400008676";"155 766 537";"A01";"0";"80";"0";"2";"5";"19";"3";""
"202400008676";"155 766 539";"B01";"0";"1";"0";"0";"5";"1";"5";""
"202400008677";"155 766 536";"A01";"2";"7";"4";"2";"8";"1";"1";""
"202400008677";"155 766 538";"B01";"2";"7";"4";"2";"4";"1";"1";""
"202400008678";"155 766 535";"A01";"1";"33";"0";"0";"1";"1";"1";""
"202400008679";"155 766 531";"A01";"1";"34";"0";"2";"7";"15";"1";""
"202400008679";"155 766 533";"B01";"1";"38";"0";"2";"8";"15";"1";"1"
"202400008680";"155 766 529";"A01";"2";"7";"0";"2";"3";"2";"1";""
"202400008680";"155 766 530";"B01";"2";"33";"9";"2";"2";"2";"1";""
"202400008681";"155 766 527";"B01";"3";"10";"0";"2";"4";"1";"2";""
"202400008681";"155 766 528";"A01";"3";"7";"0";"2";"1";"2";"1";""
"202400008682";"155 766 525";"A01";"3";"7";"0";"2";"1";"1";"2";""
"202400008682";"155 766 526";"B01";"3";"7";"0";"2";"4";"23";"1";""
"202400008683";"155 766 532";"A01";"1";"7";"0";"2";"1";"19";"1";""
"202400008683";"155 766 534";"B01";"2";"7";"0";"2";"3";"1";"1";""
"202400008684";"155 766 523";"A01";"2";"7";"0";"2";"1";"1";"1";""
"202400008684";"155 766 524";"B01";"2";"7";"0";"2";"4";"23";"1";""
"202400008685";"155 766 520";"B01";"2";"1";"0";"2";"1";"5";"5";""
"202400008685";"155 766 521";"A01";"1";"7";"0";"9";"1";"1";"1";""
"202400008686";"155 766 518";"A01";"1";"7";"0";"2";"4";"1";"1";""
"202400008686";"155 766 522";"Z01";"1";"7";"0";"2";"1";"1";"1";""
"202400008687";"155 766 514";"A01";"1";"7";"0";"2";"5";"17";"1";""
"202400008687";"155 766 517";"B01";"1";"1";"0";"2";"3";"1";"5";""
"202400008688";"155 766 513";"A01";"1";"7";"0";"2";"1";"9";"1";""
"202400008688";"155 766 516";"B01";"1";"7";"0";"2";"2";"1";"1";""
"202400008689";"155 766 512";"A01";"3";"50";"0";"2";"1";"26";"3";""
"202400008689";"155 766 515";"B01";"3";"7";"0";"2";"3";"1";"1";""
"202400008690";"155 766 510";"A01";"3";"33";"0";"0";"0";"0";"1";""
"202400008691";"155 766 509";"B01";"2";"50";"0";"2";"1";"1";"3";""
"202400008691";"155 766 511";"A01";"1";"10";"0";"9";"2";"15";"1";""
"202400008692";"155 766 507";"A01";"1";"43";"0";"2";"4";"23";"1";""
"202400008692";"155 766 508";"B01";"1";"10";"0";"2";"1";"2";"1";""
"202400008693";"155 766 505";"A01";"1";"2";"0";"0";"0";"1";"3";""
"202400008694";"155 766 504";"A01";"2";"7";"0";"9";"3";"22";"1";""
"202400008694";"155 766 506";"B01";"2";"1";"1";"0";"2";"25";"5";""
"202400008695";"155 766 501";"A01";"2";"7";"0";"2";"3";"15";"1";""
"202400008695";"155 766 503";"B01";"2";"2";"0";"2";"1";"1";"3";""
"202400008696";"155 766 499";"A01";"1";"7";"0";"2";"3";"5";"1";""
"202400008696";"155 766 502";"B01";"2";"7";"0";"2";"3";"1";"1";""
"202400008697";"155 766 498";"A01";"1";"7";"8";"2";"6";"13";"1";""
"202400008697";"155 766 500";"B01";"1";"7";"0";"2";"1";"1";"1";""
"202400008698";"155 766 494";"B01";"2";"7";"0";"2";"1";"1";"1";""
"202400008698";"155 766 496";"A01";"1";"7";"2";"2";"1";"1";"1";""
"202400008699";"155 766 493";"A01";"1";"7";"0";"2";"2";"15";"1";""
"202400008699";"155 766 495";"B01";"2";"7";"0";"2";"1";"1";"1";""
"202400008699";"155 766 497";"C01";"1";"7";"0";"2";"8";"1";"1";""
"202400008700";"155 766 491";"A01";"2";"7";"0";"2";"3";"19";"2";""
"202400008700";"155 766 492";"B01";"2";"7";"0";"2";"3";"1";"1";""
"202400008701";"155 766 488";"B01";"1";"7";"0";"2";"1";"1";"1";""
"202400008701";"155 766 490";"A01";"1";"1";"15";"0";"4";"1";"5";""
"202400008702";"155 766 487";"A01";"2";"10";"0";"2";"8";"19";"1";""
"202400008702";"155 766 489";"B01";"2";"33";"0";"2";"1";"1";"1";""
"202400008703";"155 766 485";"A01";"3";"7";"0";"2";"6";"15";"1";""
"202400008703";"155 766 486";"B01";"3";"2";"0";"2";"2";"2";"1";""
"202400008704";"155 766 483";"A01";"3";"36";"11";"0";"2";"16";"1";""
"202400008705";"155 766 481";"A01";"1";"2";"0";"0";"2";"1";"1";""
"202400008706";"155 766 482";"A01";"1";"7";"0";"2";"8";"9";"1";""
"202400008706";"155 766 484";"B01";"1";"2";"0";"2";"1";"1";"1";""
"202400008707";"155 766 479";"B01";"2";"14";"0";"2";"2";"1";"1";""
"202400008707";"155 766 480";"A01";"1";"10";"0";"2";"2";"13";"1";""
"202400008708";"155 766 476";"A01";"0";"7";"0";"1";"0";"1";" -1";""
"202400008709";"155 766 472";"A01";"1";"31";"0";"2";"2";"17";"1";""
"202400008709";"155 766 474";"B01";"2";"7";"0";"2";"3";"15";"1";""
"202400008710";"155 766 470";"B01";"1";"33";"0";"0";"9";"1";"1";""
"202400008710";"155 766 473";"C01";"1";"7";"0";"0";"4";"1";"2";""
"202400008710";"155 766 475";"A01";"1";"7";"0";"0";"1";"0";"1";""
"202400008711";"155 766 471";"A01";"2";"37";"0";"1";"3";"13";"1";"1"
"202400008712";"155 766 468";"A01";"1";"7";"13";"0";"7";"1";"1";""
"202400008713";"155 766 466";"A01";"1";"2";"0";"2";"1";"2";"1";""
"202400008713";"155 766 469";"B01";"1";"7";"0";"2";"4";"2";"1";""
"202400008714";"155 766 462";"A01";"1";"7";"6";"0";"1";"21";"1";""
"202400008714";"155 766 464";"B01";"1";"15";"0";"0";"0";"19";"0";""
"202400008715";"155 766 459";"A01";"2";"2";"0";"2";"8";"15";"1";""
"202400008715";"155 766 461";"B01";"1";"7";"0";"2";"1";"1";"1";""
"202400008716";"155 766 458";"D01";"2";"7";"3";"2";"2";"2";"1";""
"202400008716";"155 766 460";"E01";"2";"7";"0";"2";"3";"2";"1";""
"202400008716";"155 766 463";"A01";"2";"7";"3";"2";"9";"17";"1";""
"202400008716";"155 766 465";"B01";"2";"7";"0";"2";"9";"2";"1";""
"202400008716";"155 766 467";"C01";"2";"7";"3";"2";"9";"2";"1";""
"202400008717";"155 766 457";"A01";"2";"2";"6";"0";"1";"1";"1";""
"202400008718";"155 766 455";"A01";"2";"7";"0";"1";"2";"1";"2";""
"202400008719";"155 766 454";"B01";"2";"7";"3";"0";"1";"0";"1";""
"202400008719";"155 766 456";"A01";"2";"7";"3";"0";"4";"0";"1";""
"202400008720";"155 766 453";"A01";"1";"7";"0";"1";"1";"1";"1";""
"202400008721";"155 766 452";"A01";"1";"7";"7";"0";"1";"14";"1";""
"202400008722";"155 766 449";"B01";"1";"7";"0";"2";"7";"12";"1";""
"202400008722";"155 766 451";"A01";"1";"33";"0";"2";"8";"1";"1";""
"202400008723";"155 766 448";"B01";"2";"30";"0";"2";"1";"5";"1";""
"202400008723";"155 766 450";"A01";"1";"7";"0";"2";"7";"1";"1";""
"202400008724";"155 766 446";"B01";"2";"10";"0";"2";"4";"1";"1";""
"202400008724";"155 766 447";"A01";"2";"33";"0";"2";"1";"1";"1";""
"202400008725";"155 766 443";"B01";"1";"7";"0";"0";"0";"0";"1";""
"202400008725";"155 766 445";"A01";"2";"2";"0";"2";"7";"5";"1";""
"202400008726";"155 766 441";"A01";"1";"7";"0";"2";"4";"1";"1";""
"202400008726";"155 766 442";"B01";"1";"7";"0";"2";"4";"1";"1";""
"202400008726";"155 766 444";"C01";"1";"7";"0";"2";"1";"0";"1";""
"202400008727";"155 766 440";"A01";"1";"2";"0";"0";"0";"1";"1";""
"202400008728";"155 766 438";"A01";"2";"7";"1";"0";"1";"1";"1";""
"202400008728";"155 766 439";"B01";"2";"10";"0";"2";"7";"23";"1";""
"202400008729";"155 766 435";"A01";"2";"7";"0";"2";"3";"1";"1";""
"202400008729";"155 766 437";"B01";"1";"7";"0";"2";"1";"15";"1";""
"202400008730";"155 766 433";"A01";"1";"7";"0";"2";"4";"1";"1";""
"202400008730";"155 766 434";"B01";"1";"7";"0";"2";"4";"2";"1";""
"202400008730";"155 766 436";"C01";"1";"7";"0";"2";"1";"2";"1";""
"202400008731";"155 766 430";"A01";"1";"7";"0";"2";"3";"1";"1";""
"202400008731";"155 766 432";"B01";"1";"7";"0";"2";"1";"1";"1";""
"202400008732";"155 766 427";"C01";"2";"14";"0";"2";"4";"2";"1";""
"202400008732";"155 766 428";"A01";"2";"7";"0";"2";"4";"2";"1";""
"202400008732";"155 766 429";"B01";"2";"7";"0";"2";"6";"0";"1";""
"202400008732";"155 766 431";"D01";"2";"17";"0";"2";"1";"2";"1";""
"202400008733";"155 766 426";"A01";"1";"33";"0";"0";"1";"1";"1";""
"202400008734";"155 766 423";"A01";"3";"7";"4";"2";"1";"15";"3";""
"202400008735";"155 766 422";"B01";"2";"7";"0";"2";"8";"13";"1";""
"202400008735";"155 766 424";"C01";"2";"7";"0";"2";"1";"1";"1";""
"202400008735";"155 766 425";"A01";"2";"14";"0";"2";"2";"1";"1";""
"202400008736";"155 766 421";"A01";"2";"33";"0";"0";"0";"1";"1";""
"202400008737";"155 766 420";"A01";"1";"7";"0";"1";"1";"1";"1";""
"202400008738";"155 766 417";"A01";"2";"7";"0";"2";"6";"9";"1";""
"202400008738";"155 766 419";"B01";"2";"15";"0";"0";"2";"1";"1";""
"202400008739";"155 766 418";"A01";"2";"33";"15";"0";"1";"17";"1";""
"202400008740";"155 766 414";"A01";"1";"7";"0";"1";"1";"1";"0";""
"202400008741";"155 766 413";"C01";"2";"7";"0";"2";"8";"1";"1";""
"202400008741";"155 766 415";"A01";"2";"43";"0";"2";"1";"3";"1";""
"202400008741";"155 766 416";"B01";"2";"7";"0";"2";"5";"11";"1";""
"202400008742";"155 766 412";"A01";"2";"7";"8";"0";"1";"0";"1";""
"202400008743";"155 766 410";"A01";"1";"7";"0";"2";"1";"1";"1";""
"202400008743";"155 766 411";"B01";"1";"38";"0";"2";"4";"1";"1";"1"
"202400008744";"155 766 408";"A01";"2";"43";"0";"2";"3";"13";"1";""
"202400008744";"155 766 409";"B01";"2";"32";"0";"2";"5";"3";"1";""
"202400008745";"155 766 406";"A01";"1";"7";"0";"2";"3";"18";"1";""
"202400008745";"155 766 407";"B01";"1";"7";"4";"0";"4";"2";"1";""
"202400008746";"155 766 405";"A01";"2";"33";"15";"0";"7";"1";"1";""
"202400008747";"155 766 403";"B01";"2";"7";"0";"2";"6";"9";"1";""
"202400008747";"155 766 404";"A01";"2";"33";"0";"2";"6";"1";"1";""
"202400008748";"155 766 401";"A01";"2";"7";"0";"2";"6";"17";"1";""
"202400008748";"155 766 402";"B01";"1";"33";"0";"2";"8";"1";"1";""
"202400008749";"155 766 400";"A01";"2";"33";"0";"2";"2";"1";"1";""
"202400008750";"155 766 397";"A01";"2";"7";"0";"2";"1";"15";"1";""
"202400008750";"155 766 399";"B01";"1";"33";"0";"2";"1";"1";"1";""
"202400008751";"155 766 396";"A01";"2";"7";"0";"2";"1";"2";"1";""
"202400008751";"155 766 398";"B01";"2";"10";"0";"2";"4";"2";"1";""
"202400008752";"155 766 395";"A01";"0";"36";"13";"0";"8";"1";"1";""
"202400008753";"155 766 393";"B01";"2";"33";"0";"2";"1";"2";"1";""
"202400008753";"155 766 394";"A01";"2";"7";"0";"2";"6";"2";"1";""
"202400008754";"155 766 391";"A01";"0";"1";"0";"2";"1";"0";"5";""
"202400008754";"155 766 392";"B01";"2";"2";"0";"2";"1";"5";"1";""
"202400008755";"155 766 389";"A01";"1";"7";"12";"0";"2";"0";"1";""
"202400008756";"155 766 387";"A01";"2";"7";"0";"2";"7";"12";"2";""
"202400008756";"155 766 388";"B01";"2";"34";"0";"2";"1";"3";"1";""
"202400008756";"155 766 390";"C01";"2";"7";"0";"2";"7";"1";"3";""
"202400008757";"155 766 382";"C01";"2";"7";"0";"2";"8";"1";"1";""
"202400008757";"155 766 384";"B01";"2";"7";"0";"2";"3";"1";"1";""
"202400008757";"155 766 386";"A01";"1";"7";"0";"2";"3";"13";"1";""
"202400008758";"155 766 383";"Z01";"1";"7";"0";"2";"3";"15";"1";""
"202400008758";"155 766 385";"B01";"2";"2";"0";"2";"3";"1";"1";""
"202400008759";"155 766 379";"A01";"0";"7";"0";"2";"1";"9";"1";""
"202400008759";"155 766 381";"B01";"0";"1";"0";"2";"7";"1";"5";""
"202400008760";"155 766 377";"A01";"1";"7";"0";"2";"1";"2";"1";""
"202400008760";"155 766 378";"B01";"1";"7";"0";"2";"4";"2";"1";""
"202400008760";"155 766 380";"C01";"1";"7";"0";"2";"5";"0";"3";""
"202400008761";"155 766 374";"A01";"1";"7";"0";"2";"2";"2";"1";""
"202400008761";"155 766 375";"B01";"1";"7";"0";"2";"6";"1";"1";""
"202400008762";"155 766 371";"B01";"2";"1";"0";"2";"2";"2";"5";""
"202400008762";"155 766 373";"A01";"2";"7";"0";"2";"3";"24";"2";""
"202400008763";"155 766 370";"A01";"1";"10";"0";"2";"1";"2";"1";""
"202400008763";"155 766 372";"B01";"1";"7";"0";"2";"4";"2";"1";""
"202400008764";"155 766 367";"B01";"1";"1";"0";"2";"7";"2";"5";""
"202400008764";"155 766 369";"A01";"1";"7";"0";"2";"3";"22";"1";""
"202400008765";"155 766 364";"A01";"2";"7";"0";"2";"1";"0";"1";""
"202400008765";"155 766 365";"B01";"2";"7";"0";"2";"4";"0";"1";""
"202400008765";"155 766 366";"C01";"2";"7";"0";"2";"4";"0";"1";""
"202400008765";"155 766 368";"D01";"2";"7";"0";"0";"0";"0";"1";""
"202400008766";"155 766 363";"A01";"1";"10";"0";"1";"2";"15";"3";""
"202400008767";"155 766 362";"A01";"1";"7";"0";"1";"3";"1";"1";""
"202400008768";"155 766 360";"A01";"2";"7";"0";"2";"2";"9";"1";""
"202400008768";"155 766 361";"B01";"1";"2";"0";"2";"1";"1";"1";""
"202400008769";"155 766 359";"A01";"3";"37";"0";"1";"3";"16";"1";"1"
"202400008770";"155 766 358";"A01";"1";"37";"0";"1";"1";"1";"1";"1"
"202400008771";"155 766 356";"A01";"3";"7";"3";"0";"1";"26";"1";""
"202400008772";"155 766 355";"A01";"1";"7";"0";"2";"1";"15";"1";""
"202400008772";"155 766 357";"B01";"2";"7";"0";"2";"1";"1";"1";""
"202400008773";"155 766 354";"A01";"3";"80";"9";"0";"7";"25";"3";""
"202400008774";"155 766 352";"A01";"3";"1";"0";"2";"8";"1";"5";""
"202400008774";"155 766 353";"Z01";"3";"10";"0";"2";"8";"13";"1";""
"202400008775";"155 766 350";"A01";"3";"7";"0";"1";"1";"1";"1";""
"202400008776";"155 766 349";"A01";"2";"1";"0";"2";"7";"5";"5";""
"202400008776";"155 766 351";"B01";"2";"7";"0";"2";"2";"15";"1";""
"202400008777";"155 766 347";"A01";"2";"7";"3";"0";"6";"23";"1";""
"202400008777";"155 766 348";"B01";"2";"7";"1";"0";"1";"1";"1";""
"202400008778";"155 766 346";"A01";"3";"34";"12";"0";"3";"15";"1";""
"202400008779";"155 766 343";"A01";"1";"33";"0";"0";"0";"15";"1";""
"202400008780";"155 766 344";"A01";"1";"7";"0";"2";"1";"19";"1";""
"202400008780";"155 766 345";"B01";"1";"7";"0";"2";"1";"1";"1";""
"202400008781";"155 766 339";"A01";"2";"7";"0";"2";"3";"15";"1";""
"202400008781";"155 766 341";"B01";"1";"30";"0";"2";"1";"1";"1";""
"202400008782";"155 766 340";"A01";"2";"10";"0";"2";"1";"5";"3";""
"202400008782";"155 766 342";"B01";"1";"7";"15";"2";"8";"15";"1";""
"202400008783";"155 766 337";"A01";"2";"7";"0";"1";"2";"1";"1";""
"202400008784";"155 766 336";"A01";"1";"7";"0";"2";"3";"1";"2";""