"Num_Acc";"id_vehicule";"num_veh";"senc";"catv";"obs";"obsm";"choc";"manv";"motor";"occutc"
"202400008784";"155 766 338";"B01";"2";"10";"0";"2";"3";"11";"1";""
"202400008785";"155 766 334";"A01";"1";"14";"2";"0";"1";"2";"1";""
"202400008786";"155 766 331";"A01";"2";"33";"0";"2";"1";"17";"1";""
"202400008786";"155 766 332";"B01";"2";"7";"0";"2";"3";"1";"1";""
"202400008787";"155 766 326";"A01";"3";"7";"0";"0";"2";"15";"1";""
"202400008787";"155 766 328";"B01";"3";"7";"0";"0";"2";"1";"1";""
"202400008788";"155 766 325";"B01";"1";"50";"0";"9";"1";"1";"3";""
"202400008788";"155 766 327";"Z01";"1";"7";"0";"9";"2";"0";"0";""
"202400008789";"155 766 323";"A01";"2";"7";"0";"2";"1";"1";"1";""
"202400008789";"155 766 324";"B01";"2";"10";"0";"0";"8";"19";"1";""
"202400008790";"155 766 321";"B01";"0";"7";"0";"2";"7";"15";"2";""
"202400008790";"155 766 322";"A01";"0";"7";"0";"2";"1";"1";"1";""
"202400008791";"155 766 320";"A01";"3";"1";"0";"0";"0";"26";"5";""
"202400008792";"155 766 319";"A01";"1";"7";"15";"0";"1";"1";"1";""
"202400008793";"155 766 317";"A01";"1";"7";"0";"5";"2";"1";"1";""
"202400008794";"155 766 318";"A01";"0";"37";"9";"0";"1";"9";"1";"7"
"202400008795";"155 766 315";"A01";"1";"7";"8";"0";"1";"0";"1";""
"202400008796";"155 766 314";"A01";"0";"7";"0";"2";"1";"15";"1";""
"202400008796";"155 766 316";"B01";"0";"7";"0";"2";"1";"1";"1";""
"202400008797";"155 766 311";"B01";"1";"10";"0";"2";"4";"2";"1";""
"202400008797";"155 766 312";"A01";"1";"10";"0";"2";"1";"2";"1";""
"202400008797";"155 766 313";"C01";"1";"7";"0";"2";"0";"2";"1";""
"202400008798";"155 766 309";"A01";"2";"7";"0";"2";"3";"13";"1";""
"202400008798";"155 766 310";"B01";"1";"7";"0";"2";"3";"1";"1";""
"202400008799";"155 766 308";"A01";"3";"7";"0";"1";"4";"20";"3";""
"202400008800";"155 766 307";"A01";"3";"7";"0";"1";"0";"0";"1";""
"202400008801";"155 766 304";"A01";"1";"7";"0";"9";"3";"13";"1";""
"202400008801";"155 766 306";"B01";"2";"1";"0";"2";"1";"1";"5";""
"202400008802";"155 766 303";"B01";"0";"7";"0";"2";"1";"0";"2";""
"202400008802";"155 766 305";"A01";"0";"7";"0";"2";"1";"26";"1";""
"202400008803";"155 766 301";"A01";"1";"7";"0";"1";"1";"1";"1";""
"202400008804";"155 766 300";"A01";"1";"7";"0";"2";"1";"9";"1";""
"202400008804";"155 766 302";"B01";"1";"50";"0";"2";"8";"2";"3";""
"202400008805";"155 766 298";"A01";"1";"7";"0";"1";"2";"1";"3";""
"202400008806";"155 766 297";"B01";"1";"7";"9";"2";"1";"17";"1";""
"202400008806";"155 766 299";"A01";"1";"7";"0";"2";"8";"13";"1";""
"202400008807";"155 766 296";"A01";"3";"10";"0";"1";"2";"17";"1";""
"202400008808";"155 766 295";"A01";"3";"31";"0";"0";"1";"1";"0";""
"202400008809";"155 766 293";"A01";"2";"7";"0";"2";"1";"2";"1";""
"202400008809";"155 766 294";"B01";"2";"7";"0";"2";"4";"2";"1";""
"202400008810";"155 766 291";"A01";"1";"1";"0";"0";"2";"9";"5";""
"202400008810";"155 766 292";"B01";"1";"7";"0";"2";"1";"9";"0";""
"202400008811";"155 766 290";"A01";"2";"7";"0";"1";"3";"1";"1";""
"202400008812";"155 766 287";"B01";"2";"7";"0";"2";"8";"19";"1";""
"202400008812";"155 766 289";"A01";"0";"7";"0";"2";"1";"1";"1";""
"202400008813";"155 766 286";"A01";"1";"7";"0";"2";"2";"15";"1";""
"202400008813";"155 766 288";"B01";"1";"32";"0";"2";"3";"1";"1";""
"202400008814";"155 766 284";"A01";"1";"7";"0";"1";"2";"26";" -1";""
"202400008815";"155 766 281";"A01";"1";"7";"0";"9";"1";"16";"1";""
"202400008815";"155 766 283";"Y01";"1";"1";"0";"2";"4";"16";"5";""
"202400008816";"155 766 282";"A01";"1";"31";"0";"2";"1";"1";"1";""
"202400008816";"155 766 285";"B01";"2";"7";"0";"0";"0";"1";"1";""
"202400008817";"155 766 280";"A01";"3";"33";"8";"0";"1";"16";"1";""
"202400008818";"155 766 278";"A01";"2";"3";"1";"0";"2";"24";"1";""
"202400008818";"155 766 279";"B01";"2";"2";"1";"0";"0";"0";"1";""
"202400008819";"155 766 275";"B01";"0";"7";"0";"2";"1";"1";"1";""
"202400008819";"155 766 276";"A01";"0";"50";"0";"2";"8";"1";"3";""
"202400008820";"155 766 274";"A01";"0";"7";"6";"0";"2";"14";"1";""
"202400008821";"155 766 273";"A01";"2";"33";"12";"0";"1";"13";"1";""
"202400008822";"155 766 272";"A01";"0";"7";"8";"0";"2";"13";"1";""
"202400008823";"155 766 269";"A01";"0";"10";"0";"2";"3";"10";"1";""
"202400008823";"155 766 271";"B01";"3";"50";"0";"2";"1";"5";"3";""
"202400008824";"155 766 267";"B01";"2";"7";"0";"9";"0";"17";"1";""
"202400008824";"155 766 268";"A01";"1";"43";"3";"0";"3";"17";"1";""
"202400008824";"155 766 270";"C01";"1";"7";"0";"9";"0";"1";"1";""
"202400008825";"155 766 264";"A01";"0";"7";"0";"2";"3";"0";"0";""
"202400008825";"155 766 266";"B01";"0";"7";"0";"2";"3";"0";"0";""
"202400008826";"155 766 263";"A01";"1";"7";"9";"2";"1";"2";"2";""
"202400008826";"155 766 265";"B01";"1";"10";"0";"2";"2";"15";"0";""
"202400008827";"155 766 261";"A01";"1";"7";"0";"2";"7";"1";"1";""
"202400008827";"155 766 262";"B01";"1";"50";"0";"2";"3";"0";"3";""
"202400008828";"155 766 260";"A01";"0";"7";"0";"1";"7";"1";"1";""
"202400008829";"155 766 258";"B01";"0";"7";"0";"2";"4";"2";"3";""
"202400008829";"155 766 259";"A01";"0";"33";"0";"2";"1";"2";"1";""
"202400008830";"155 766 256";"B01";"2";"10";"0";"2";"6";"15";"1";""
"202400008830";"155 766 257";"A01";"2";"7";"0";"2";"1";"1";"1";""
"202400008831";"155 766 254";"A01";"2";"43";"13";"0";"9";"1";"1";""
"202400008832";"155 766 253";"A01";"1";"7";"0";"2";"1";"1";"1";""
"202400008832";"155 766 255";"B01";"2";"7";"0";"2";"7";"1";"1";""
"202400008833";"155 766 251";"A01";"3";"7";"0";"1";"2";"1";"2";""
"202400008834";"155 766 250";"A01";"2";"7";"0";"2";"1";"1";"1";""
"202400008834";"155 766 252";"B01";"1";"7";"0";"2";"1";"13";"1";""
"202400008835";"155 766 248";"A01";"1";"7";"4";"0";"0";"2";"1";""
"202400008836";"155 766 247";"A01";"1";"33";"0";"2";"1";"7";"1";""
"202400008836";"155 766 249";"B01";"2";"30";"0";"2";"2";"15";"1";""
"202400008837";"155 766 245";"A01";"2";"7";"0";"1";"0";"26";"1";""
"202400008838";"155 766 244";"B01";"1";"32";"0";"2";"1";"1";"1";""
"202400008838";"155 766 246";"A01";"2";"7";"0";"2";"2";"15";"1";""
"202400008839";"155 766 242";"A01";"3";"10";"8";"0";"1";"16";"0";""
"202400008840";"155 766 241";"A01";"1";"7";"0";"2";"1";"15";"1";""
"202400008840";"155 766 243";"B01";"3";"37";"0";"2";"2";"1";"1";"2"
"202400008841";"155 766 238";"A01";"0";"1";"0";"2";"1";"15";"5";""
"202400008841";"155 766 240";"B01";"0";"7";"0";"9";"1";"5";"1";""
"202400008842";"155 766 237";"B01";"3";"1";"0";"2";"8";"1";"5";""
"202400008842";"155 766 239";"A01";"1";"7";"0";"2";"2";"16";"1";""
"202400008843";"155 766 233";"A01";"3";"7";"0";"2";"4";"20";"0";""
"202400008843";"155 766 235";"B01";"2";"1";"0";"2";"7";"2";"5";""
"202400008844";"155 766 232";"A01";"3";"7";" -1";"2";"1";"13";"1";""
"202400008844";"155 766 234";"B01";"3";"7";"0";"2";"1";"1";"1";""
"202400008844";"155 766 236";"C01";"3";"7";"0";"0";"0";"21";"1";""
"202400008845";"155 766 231";"A01";"2";"7";"0";"1";"2";"15";"1";""
"202400008846";"155 766 229";"A01";"1";"50";"0";"2";"6";"2";"3";""
"202400008846";"155 766 230";"B01";"1";"0";"0";"9";"7";"0";"0";""
"202400008847";"155 766 227";"B01";"3";"7";"1";"0";"1";"1";"1";""
"202400008847";"155 766 228";"A01";"3";"38";"0";"2";"6";"24";"1";"1"
"202400008848";"155 766 225";"B01";"1";"1";"0";"2";"1";"2";"5";""
"202400008848";"155 766 226";"A01";"1";"7";"0";"2";"1";"2";"1";""
"202400008849";"155 766 223";"A01";"3";"7";"0";"2";"7";"15";"1";""
"202400008849";"155 766 224";"B01";"3";"34";"0";"2";"1";"1";"1";""
"202400008850";"155 766 221";"A01";"1";"7";"0";"0";"1";"5";"1";""
"202400008850";"155 766 222";"B01";"2";"7";"0";"0";"1";"1";"1";""
"202400008851";"155 766 220";"A01";"0";"13";"0";"1";"4";"0";"0";""
"202400008852";"155 766 218";"A01";"1";"7";"0";"2";"0";"2";"0";""
"202400008852";"155 766 219";"B01";"1";"1";"0";"0";"0";"2";"5";""
"202400008853";"155 766 217";"A01";"1";"7";"0";"1";"1";"9";"1";""
"202400008854";"155 766 216";"A01";"2";"33";"0";"0";"7";"1";"1";""
"202400008855";"155 766 214";"A01";"3";"7";"0";"2";"3";"9";"1";""
"202400008855";"155 766 215";"B01";"3";"50";"0";"2";"1";"1";"3";""
"202400008856";"155 766 212";"A01";"1";"7";"0";"2";"2";"5";"1";""
"202400008856";"155 766 213";"B01";"2";"7";"0";"2";"3";"1";"1";""
"202400008857";"155 766 210";"A01";"1";"3";"0";"1";"2";"1";"1";""
"202400008858";"155 766 209";"A01";"1";"7";"0";"2";"7";"1";"1";""
"202400008858";"155 766 211";"B01";"1";"7";"0";"2";"3";"1";"1";""
"202400008859";"155 766 208";"A01";"1";"38";"0";"1";"7";"17";"1";"1"
"202400008860";"155 766 207";"A01";"1";"7";"0";"0";"1";"26";"1";""
"202400008861";"155 766 204";"A01";"2";"7";"0";"2";"5";"2";"1";""
"202400008861";"155 766 205";"B01";"2";"7";"3";"2";"3";"2";"1";""
"202400008861";"155 766 206";"C01";"2";"7";"0";"2";"3";"2";"1";""
"202400008862";"155 766 202";"A01";"2";"32";"0";"2";"3";"17";"1";""
"202400008862";"155 766 203";"B01";"2";"50";"0";"2";"3";"19";"3";""
"202400008863";"155 766 199";"A01";"1";"7";"0";"0";"5";"2";"3";""
"202400008863";"155 766 200";"B01";"1";"33";"0";"2";"2";"2";"1";""
"202400008863";"155 766 201";"C01";"1";"33";"0";"0";"2";"2";"1";""
"202400008864";"155 766 198";"A01";"1";"7";"0";"1";"2";"1";"1";""
"202400008865";"155 766 196";"A01";"1";"7";"0";"0";"3";"15";"1";""
"202400008865";"155 766 197";"B01";"1";"33";"0";"2";"1";"1";"1";""
"202400008866";"155 766 194";"B01";"3";"10";"0";"2";"6";"24";"1";""
"202400008866";"155 766 195";"A01";"3";"7";"0";"2";"2";"14";"1";""
"202400008867";"155 766 191";"A01";"2";"7";"0";"2";"1";"13";"0";""
"202400008867";"155 766 192";"B01";"1";"7";"0";"2";"1";"1";"2";""
"202400008868";"155 766 190";"A01";"2";"34";"0";"2";"3";"18";"1";""
"202400008868";"155 766 193";"B01";"2";"10";"0";"2";"7";"16";"1";""
"202400008869";"155 766 188";"A01";"1";"7";"0";"2";"3";"1";"1";""
"202400008869";"155 766 189";"B01";"2";"7";"0";"2";"3";"1";"2";""
"202400008870";"155 766 187";"A01";"2";"50";"0";"0";"7";"17";"3";""
"202400008871";"155 766 185";"A01";"2";"7";"0";"2";"1";"2";"1";""
"202400008871";"155 766 186";"B01";"2";"33";"5";"2";"4";"2";"1";""
"202400008872";"155 766 183";"A01";"3";"10";"0";"2";"5";"15";"1";""
"202400008872";"155 766 184";"B01";"3";"31";"0";"2";"1";"16";"1";""
"202400008873";"155 766 181";"B01";"2";"7";"0";"2";"4";"23";"1";""
"202400008873";"155 766 182";"A01";"2";"7";"0";"2";"1";"1";"1";""
"202400008874";"155 766 179";"A01";"1";"7";"0";"2";"3";"17";"1";""
"202400008874";"155 766 180";"B01";"2";"7";"0";"2";"3";"1";"1";""
"202400008875";"155 766 178";"A01";"1";"2";"0";"1";"1";"25";"1";""
"202400008876";"155 766 177";"A01";"1";"7";"9";"0";"1";"2";"1";""
"202400008877";"155 766 175";"A01";"2";"7";"0";"2";"8";"22";"1";""
"202400008877";"155 766 176";"B01";"2";"50";"0";"2";"1";"1";"3";""
"202400008878";"155 766 172";"A01";"3";"7";"0";"9";"1";"19";"2";""
"202400008878";"155 766 174";"B01";"1";"1";"0";"2";"7";"1";"5";""
"202400008879";"155 766 171";"B01";"0";"33";"0";"2";"1";"1";"1";""
"202400008879";"155 766 173";"A01";"0";"10";"0";"2";"8";"15";"1";""
"202400008880";"155 766 169";"A01";"1";"50";"0";"1";"0";"1";"3";""
"202400008881";"155 766 168";"A01";"0";"7";"0";"2";"1";"14";"2";""
"202400008881";"155 766 170";"B01";"0";"7";"0";"2";"7";"0";"1";""
"202400008882";"155 766 165";"A01";"2";"7";"0";"2";"1";"15";"1";""
"202400008882";"155 766 167";"B01";"2";"32";"0";"2";"5";"17";"1";""
"202400008883";"155 766 164";"B01";"1";"7";"0";"2";"3";"1";"1";""
"202400008883";"155 766 166";"A01";"1";"7";"0";"2";"2";"1";"1";""
"202400008884";"155 766 162";"A01";"3";"10";"0";"1";"4";"26";"1";""
"202400008885";"155 766 161";"A01";"1";"10";"0";"2";"1";"9";"1";""
"202400008885";"155 766 163";"B01";"3";"7";"0";"0";"8";"1";"1";""
"202400008886";"155 766 159";"B01";"1";"32";"0";"2";"7";"21";"1";""
"202400008886";"155 766 160";"A01";"3";"7";"0";"2";"1";"19";"1";""
"202400008887";"155 766 158";"A01";"3";"7";"2";"0";"1";"1";"1";""
"202400008888";"155 766 155";"C01";"1";"7";"0";"2";"4";"2";"1";""
"202400008888";"155 766 156";"A01";"1";"7";"0";"2";"1";"2";"1";""
"202400008888";"155 766 157";"B01";"1";"7";"0";"2";"4";"2";"1";""
"202400008889";"155 766 153";"Y01";"3";"60";"0";"2";"7";"1";"5";""
"202400008889";"155 766 154";"A01";"1";"7";"0";"2";"1";"1";"1";""
"202400008890";"155 766 151";"A01";"1";"7";"0";"2";"3";"13";"1";""
"202400008890";"155 766 152";"B01";"2";"7";"0";"2";"3";"1";"2";""
"202400008891";"155 766 149";"B01";"2";"7";"0";"2";"4";"2";"2";""
"202400008891";"155 766 150";"A01";"2";"7";"0";"2";"1";"2";"2";""
"202400008892";"155 766 147";"B01";"2";"7";"0";"2";"1";"1";"1";""
"202400008892";"155 766 148";"A01";"1";"7";"0";"2";"1";"5";"1";""
"202400008893";"155 766 145";"A01";"1";"7";"0";"2";"3";"13";"1";""
"202400008893";"155 766 146";"B01";"2";"38";"0";"2";"3";"9";"1";"5"
"202400008894";"155 766 144";"A01";"1";"2";"0";"9";"9";"26";"1";""
"202400008895";"155 766 140";"A01";"1";"7";"0";"2";"1";"2";"1";""
"202400008895";"155 766 141";"B01";"1";"15";"0";"2";"6";"1";"1";""
"202400008896";"155 766 139";"A01";"3";"7";"0";"1";"4";"20";"1";""
"202400008897";"155 766 138";"A01";"2";"7";"0";"1";"2";"1";"1";""
"202400008898";"155 766 136";"B01";"2";"1";"0";"2";"1";"1";"5";""
"202400008898";"155 766 137";"A01";"1";"7";"0";"2";"2";"15";"1";""
"202400008899";"155 766 135";"A01";"1";"7";"3";"0";"3";"1";"2";""
"202400008900";"155 766 132";"C01";"1";"7";"0";"2";"1";"1";" -1";""
"202400008900";"155 766 133";"A01";"1";"10";"0";"0";"9";"1";"1";""
"202400008900";"155 766 134";"B01";"2";"7";"0";"0";"0";"1";"3";""
"202400008901";"155 766 129";"A01";"2";"7";"0";"2";"4";"11";"1";""
"202400008901";"155 766 130";"B01";"2";"10";"0";"2";"1";"1";"1";""
"202400008901";"155 766 131";"C01";"1";"10";"0";"2";"1";"1";"1";""
"202400008902";"155 766 127";"A01";"2";"7";"0";"2";"3";"13";"1";""
"202400008902";"155 766 128";"B01";"1";"33";"0";"2";"1";"1";"1";""
"202400008903";"155 766 125";"A01";"1";"14";"0";"2";"4";"23";"1";""
"202400008903";"155 766 126";"B01";"1";"33";"1";"0";"1";"1";"1";""
"202400008904";"155 766 124";"A01";"1";"7";"0";"0";"8";"16";"1";""
"202400008905";"155 766 122";"B01";"1";"1";"0";"2";"1";"1";"5";""
"202400008905";"155 766 123";"A01";"1";"7";"0";"2";"2";"1";"1";""
"202400008906";"155 766 119";"B01";"1";"7";"0";"2";"8";"2";"1";""
"202400008906";"155 766 120";"C01";"2";"7";"0";"2";"1";"5";"1";""
"202400008906";"155 766 121";"A01";"1";"7";"0";"2";"9";"2";"2";""
"202400008907";"155 766 117";"A01";"1";"80";"0";"2";"5";"12";"3";""
"202400008907";"155 766 118";"B01";"1";"7";"0";"2";"3";"9";"1";""
"202400008908";"155 766 115";"A01";"1";"33";"0";"2";"1";"6";"1";""
"202400008908";"155 766 116";"B01";"2";"7";"0";"2";"1";"1";"2";""
"202400008909";"155 766 113";"A01";"1";"7";"0";"0";"1";"17";"2";""
"202400008909";"155 766 114";"B01";"2";"33";"0";"0";"1";"1";"1";""
"202400008910";"155 766 111";"B01";"2";"7";"0";"2";"4";"23";"1";""
"202400008910";"155 766 112";"A01";"2";"33";"0";"2";"2";"2";"1";""
"202400008911";"155 766 109";"A01";"3";"7";"0";"2";"5";"15";"1";""
"202400008911";"155 766 110";"B01";"3";"7";"0";"2";"1";"1";"1";""
"202400008912";"155 766 108";"A01";"1";"2";"0";"0";"7";"1";"1";""
"202400008913";"155 766 106";"A01";"0";"30";"0";"2";"4";"2";"1";""
"202400008913";"155 766 107";"B01";"0";"7";"0";"2";"1";"2";"0";""
"202400008914";"155 766 104";"B01";"1";"37";"0";"9";"7";"14";"1";"1"
"202400008914";"155 766 105";"A01";"1";"1";"0";"2";"8";"1";"5";""
"202400008915";"155 766 102";"A01";"3";"7";"0";"2";"1";"2";"1";""
"202400008915";"155 766 103";"B01";"3";"7";"0";"2";"4";"2";"1";""
"202400008916";"155 766 100";"A01";"2";"7";"0";"2";"1";"1";"1";""
"202400008916";"155 766 101";"B01";"2";"10";"0";"2";"4";"12";"1";""
"202400008917";"155 766 098";"A01";"1";"10";"0";"2";"1";"9";"1";""
"202400008917";"155 766 099";"B01";"1";"1";"0";"2";"4";"1";"5";""
"202400008918";"155 766 096";"A01";"0";"33";"0";"2";"7";"17";"1";""
"202400008918";"155 766 097";"B01";"0";"7";"0";"2";"3";"15";"1";""
"202400008919";"155 766 095";"A01";"1";"50";"11";"0";"1";"1";"3";""
"202400008920";"155 766 094";"A01";"0";"33";"0";"0";"0";"15";"1";""
"202400008921";"155 766 093";"A01";"1";"30";"0";"0";"0";"1";"1";""
"202400008922";"155 766 091";"A01";"1";"7";"0";"2";"2";"17";"1";""
"202400008922";"155 766 092";"B01";"1";"7";"0";"2";"6";"11";"1";""
"202400008923";"155 766 089";"B01";"3";"7";"0";"2";"7";"9";"0";""
"202400008923";"155 766 090";"A01";"3";"30";"0";"2";"1";"1";"1";""
"202400008924";"155 766 087";"A01";"2";"33";"0";"2";"8";"9";"1";""
"202400008924";"155 766 088";"B01";"2";"7";"0";"2";"7";"1";"1";""
"202400008925";"155 766 085";"A01";"2";"7";"0";"2";"1";"0";"1";""
"202400008925";"155 766 086";"B01";"2";"7";"0";"2";"4";"0";"0";""
"202400008926";"155 766 083";"A01";"3";"7";"0";"2";"3";"15";"1";""
"202400008926";"155 766 084";"B01";"3";"33";"0";"2";"1";"1";"1";""
"202400008927";"155 766 082";"A01";"3";"7";"0";"1";"1";"1";"1";""
"202400008928";"155 766 081";"A01";"3";"7";"0";"1";"2";"1";"1";""
"202400008929";"155 766 080";"A01";"1";"50";"0";"0";"1";"14";"3";""
"202400008930";"155 766 078";"A01";"3";"7";"0";"2";"3";"16";"1";""
"202400008930";"155 766 079";"B01";"3";"7";"0";"2";"7";"1";"1";""
"202400008931";"155 766 077";"A01";"1";"7";"0";"0";"1";"26";"3";""
"202400008932";"155 766 075";"A01";"1";"3";"0";"2";"4";"1";"1";""
"202400008932";"155 766 076";"B01";"1";"10";"0";"2";"2";"1";"1";""
"202400008933";"155 766 074";"A01";"3";"10";"0";"1";"2";"16";"1";""
"202400008934";"155 766 071";"A01";"2";"7";"0";"2";"1";"1";"1";""
"202400008934";"155 766 072";"B01";"2";"33";"1";"2";"4";"1";"1";""
"202400008934";"155 766 073";"C01";"2";"7";"0";"2";"4";"1";"1";""
"202400008935";"155 766 069";"A01";"3";"10";"0";"2";"1";"15";"1";""
"202400008935";"155 766 070";"B01";"3";"7";"0";"2";"6";"1";"1";""
"202400008936";"155 766 067";"A01";"2";"7";"0";"2";"3";"1";"1";""
"202400008936";"155 766 068";"B01";"2";"7";"0";"2";"5";"15";"1";""
"202400008937";"155 766 065";"A01";"2";"7";"0";"2";"3";"1";"1";""
"202400008937";"155 766 066";"B01";"3";"1";"0";"2";"8";"19";"5";""
"202400008938";"155 766 064";"A01";"3";"7";"9";"0";"1";"16";"1";""
"202400008939";"155 766 062";"A01";"3";"7";"0";"2";"3";"13";"1";""
"202400008939";"155 766 063";"B01";"3";"7";"0";"2";"3";"1";"1";""
"202400008940";"155 766 060";"A01";"2";"7";"0";"9";"3";"1";"1";""
"202400008940";"155 766 061";"Z01";"1";"17";"0";"2";"6";"13";"1";""
"202400008941";"155 766 059";"A01";"2";"33";"0";"5";"7";"1";"1";""
"202400008942";"155 766 058";"A01";"2";"7";"0";"1";"1";"26";"1";""
"202400008943";"155 766 057";"A01";"2";"30";"0";"0";"1";"17";"1";""
"202400008944";"155 766 055";"A01";"3";"7";"0";"2";"2";"16";"1";""
"202400008944";"155 766 056";"B01";"3";"7";"0";"2";"3";"1";"0";""
"202400008945";"155 766 053";"A01";"3";"7";"0";"2";"1";"15";"1";""
"202400008945";"155 766 054";"B01";"3";"1";"0";"2";"0";"0";"5";""
"202400008946";"155 766 051";"B01";"3";"1";"0";"2";"7";"1";"5";""
"202400008946";"155 766 052";"A01";"1";"7";"0";"2";"3";"9";"1";""
"202400008947";"155 766 049";"A01";"1";"33";"0";"2";"2";"1";"1";""
"202400008947";"155 766 050";"B01";"1";"7";"0";"2";"6";"11";"1";""
"202400008948";"155 766 047";"A01";"3";"7";"0";"2";"6";"17";"1";""
"202400008948";"155 766 048";"B01";"1";"33";"0";"2";"1";"17";"1";""
"202400008949";"155 766 045";"A01";"1";"30";"0";"2";"1";"1";"3";""
"202400008949";"155 766 046";"B01";"2";"7";"0";"2";"6";"1";"1";""
"202400008950";"155 766 042";"B01";"3";"30";"0";"2";"7";"1";"3";""
"202400008950";"155 766 043";"C01";"3";"7";"0";"2";"8";"15";"1";""
"202400008950";"155 766 044";"A01";"3";"7";"0";"2";"1";"26";"2";""
"202400008951";"155 766 040";"B01";"3";"34";"0";"2";"2";"1";"1";""
"202400008951";"155 766 041";"A01";"3";"7";"0";"0";"0";"0";"0";""
"202400008952";"155 766 038";"A01";"0";"1";"0";"2";"0";"0";"5";""
"202400008952";"155 766 039";"B01";"3";"7";"0";"2";"0";"0";"0";""
"202400008953";"155 766 036";"A01";"2";"7";"0";"2";"7";"1";"1";""
"202400008953";"155 766 037";"B01";"3";"1";"0";"2";"1";"19";"5";""
"202400008954";"155 766 034";"A01";"1";"7";"0";"2";"2";"15";"1";""
"202400008954";"155 766 035";"B01";"1";"7";"0";"2";"2";"1";"1";""
"202400008955";"155 766 033";"A01";"1";"10";"0";"1";"2";"1";"1";""
"202400008956";"155 766 031";"A01";"0";"7";"0";"2";"7";"15";"1";""
"202400008956";"155 766 032";"B01";"0";"7";"0";"2";"1";"1";"1";""
"202400008957";"155 766 029";"B01";"0";"7";"0";"2";"8";"20";"1";""
"202400008957";"155 766 030";"A01";"0";"30";"0";"2";"7";"1";"1";""
"202400008958";"155 766 028";"A01";"3";"10";"0";"1";"1";"15";"3";""
"202400008959";"155 766 026";"B01";"1";"7";"0";"2";"8";"1";"1";""
"202400008959";"155 766 027";"A01";"1";"33";"0";"2";"2";"17";"1";""
"202400008960";"155 766 024";"B01";"2";"7";"0";"2";"4";"2";"1";""
"202400008960";"155 766 025";"A01";"2";"41";"0";"2";"1";"2";"1";""
"202400008961";"155 766 022";"A01";"3";"7";"0";"2";"1";"19";"1";""
"202400008961";"155 766 023";"B01";"3";"7";"0";"2";"7";"1";"2";""
"202400008962";"155 766 020";"A01";"3";"10";"0";"2";"1";"1";"1";""
"202400008962";"155 766 021";"B01";"3";"10";"0";"2";"8";"1";"1";""
"202400008963";"155 766 018";"A01";"1";"2";"0";"2";"1";"5";"1";""
"202400008963";"155 766 019";"B01";"1";"7";"0";"2";"3";"15";"1";""
"202400008964";"155 766 016";"B01";"3";"50";"0";"2";"3";"1";"3";""
"202400008964";"155 766 017";"A01";"3";"7";"0";"2";"2";"1";"1";""
"202400008965";"155 766 014";"A01";"1";"7";"0";"2";"8";"9";"1";""
"202400008965";"155 766 015";"B01";"1";"2";"0";"2";"1";"17";"1";""
"202400008966";"155 766 013";"A01";"2";"7";"0";"1";"2";"1";"1";""
"202400008967";"155 766 011";"A01";"1";"7";"0";"2";"7";"15";"1";""
"202400008967";"155 766 012";"B01";"2";"33";"0";"2";"1";"1";"1";""
"202400008968";"155 766 009";"A01";"3";"7";"0";"2";"3";"16";"1";""
"202400008968";"155 766 010";"B01";"3";"50";"0";"2";"1";"0";"3";""
"202400008969";"155 766 008";"A01";"2";"33";"0";"2";"7";"1";"1";""
"202400008970";"155 766 007";"A01";"2";"2";"0";"9";"1";"21";"3";""
"202400008971";"155 766 005";"B01";"1";"1";"0";"2";"1";"1";"5";""
"202400008971";"155 766 006";"A01";"2";"7";"0";"2";"8";"22";"2";""
"202400008972";"155 766 003";"A01";"2";"1";"0";"2";"1";"1";"5";""
"202400008972";"155 766 004";"Z01";"1";"7";"0";"2";"1";"1";"1";""
"202400008973";"155 766 002";"A01";"1";"37";"1";"2";"5";"9";"3";"1"
"202400008974";"155 766 001";"A01";"2";"37";"0";"1";"2";"26";"2";"1"
"202400008975";"155 765 999";"A01";"1";"10";"0";"2";"1";"15";"1";""
"202400008975";"155 766 000";"B01";"1";"1";"0";"2";"1";"1";"5";""
"202400008976";"155 765 998";"A01";"2";"37";"0";"1";"1";"1";"2";"1"
"202400008977";"155 765 996";"A01";"3";"33";"0";"2";"2";"14";"1";""
"202400008977";"155 765 997";"Z01";"3";"7";"0";"2";"0";"14";"0";""
"202400008978";"155 765 994";"A01";"2";"10";"0";"2";"4";"1";"1";""
"202400008978";"155 765 995";"B01";"2";"1";"0";"2";"1";"1";"5";""
"202400008979";"155 765 992";"B01";"2";"33";"0";"2";"1";"1";"1";""
"202400008979";"155 765 993";"A01";"1";"7";"0";"2";"2";"1";"2";""
"202400008980";"155 765 990";"A01";"3";"10";"0";"2";"2";"1";"1";""
"202400008980";"155 765 991";"B01";"3";"10";"0";"2";"3";"1";"1";""
"202400008981";"155 765 987";"A01";"3";"1";"0";"1";"1";"1";"5";""
"202400008982";"155 765 986";"A01";"3";"30";"1";"0";"1";"2";"1";""
"202400008983";"155 765 985";"A01";"1";"7";"0";"1";"2";"1";"1";""
"202400008984";"155 765 984";"A01";"2";"7";"13";"1";"1";"1";"1";""
"202400008985";"155 765 981";"C01";"2";"7";"0";"2";"1";"1";"1";""
"202400008985";"155 765 982";"B01";"1";"31";"0";"2";"4";"15";"1";""
"202400008985";"155 765 983";"A01";"1";"10";"0";"2";"3";"13";"1";""