"Num_Acc";"id_vehicule";"num_veh";"senc";"catv";"obs";"obsm";"choc";"manv";"motor";"occutc"
"202400008986";"155 765 980";"A01";"2";"33";"0";"0";"1";"17";"1";""
"202400008987";"155 765 978";"A01";"1";"1";"0";"2";"3";"26";"5";""
"202400008987";"155 765 979";"B01";"1";"7";"0";"9";"2";"0";"3";""
"202400008988";"155 765 975";"B01";"0";"7";"1";"2";"2";"0";"1";""
"202400008988";"155 765 977";"A01";"1";"7";"1";"2";"1";"1";"1";""
"202400008989";"155 765 976";"A01";"1";"7";"0";"0";"1";"1";"1";""
"202400008990";"155 765 973";"B01";"1";"7";"0";"2";"2";"21";"1";""
"202400008990";"155 765 974";"A01";"3";"1";"0";"1";"0";"1";"5";""
"202400008991";"155 765 972";"A01";"1";"2";"0";"1";"1";"1";"1";""
"202400008992";"155 765 971";"A01";"3";"7";"0";"1";"4";"20";"1";""
"202400008993";"155 765 969";"A01";"1";"31";"0";"2";"0";"0";"1";""
"202400008993";"155 765 970";"B01";"1";"10";"0";"2";"0";"0";"1";""
"202400008994";"155 765 966";"A01";"1";"7";"0";"2";"7";"15";"1";""
"202400008994";"155 765 968";"B01";"2";"32";"0";"2";"1";"1";"1";""
"202400008995";"155 765 965";"A01";"3";"2";"0";"2";"8";"1";"1";""
"202400008995";"155 765 967";"B01";"0";"33";"0";"2";"7";"1";"1";""
"202400008996";"155 765 964";"A01";"2";"30";"1";"0";"7";"14";"1";""
"202400008997";"155 765 963";"A01";"2";"7";"13";"0";"1";"26";"1";""
"202400008998";"155 765 961";"A01";"1";"50";"0";"2";"1";"26";"3";""
"202400008998";"155 765 962";"B01";"1";"7";"0";"2";"3";"1";"3";""
"202400008999";"155 765 959";"A01";"3";"7";"0";"1";"5";"20";"1";""
"202400009000";"155 765 960";"A01";"2";"33";"0";"0";"0";"26";"0";""
"202400009001";"155 765 958";"A01";"2";"7";"14";"0";"1";"17";"1";""
"202400009002";"155 765 955";"A01";"3";"7";"0";"2";"1";"1";"1";""
"202400009002";"155 765 957";"B01";"3";"1";"0";"0";"4";"1";"5";""
"202400009003";"155 765 954";"B01";"3";"33";"0";"2";"1";"1";"1";""
"202400009003";"155 765 956";"A01";"3";"21";"0";"2";"3";"9";"1";""
"202400009004";"155 765 952";"A01";"2";"32";"0";"1";"1";"0";"1";""
"202400009005";"155 765 951";"B01";"1";"7";"2";"2";"3";"1";"1";""
"202400009005";"155 765 953";"A01";"2";"7";"0";"2";"1";"13";"2";""
"202400009006";"155 765 950";"A01";"2";"33";"6";"0";"3";"13";"1";""
"202400009007";"155 765 949";"A01";"1";"7";"2";"0";"7";"2";"1";""
"202400009008";"155 765 946";"A01";"1";"7";"1";"1";"3";"1";"2";""
"202400009008";"155 765 948";"B01";"1";"7";"0";"0";"6";"1";"1";""
"202400009009";"155 765 945";"A01";"0";"1";"0";"2";"8";"19";"5";""
"202400009009";"155 765 947";"B01";"0";"7";"0";"2";"2";"2";"1";""
"202400009010";"155 765 944";"A01";"3";"7";"0";"0";"0";"1";"1";""
"202400009011";"155 765 942";"A01";"1";"7";"0";"1";"2";"9";"1";""
"202400009012";"155 765 941";"A01";"2";"7";"0";"2";"7";"1";"1";""
"202400009012";"155 765 943";"B01";"1";"7";"0";"2";"1";"1";"1";""
"202400009013";"155 765 940";"A01";"1";"7";"2";"0";"1";"1";"1";""
"202400009014";"155 765 938";"A01";"2";"7";"0";"2";"2";"14";"1";""
"202400009014";"155 765 939";"B01";"2";"1";"0";"2";"3";"1";"5";""
"202400009015";"155 765 937";"A01";"1";"33";"0";"9";"1";"1";"1";""
"202400009016";"155 765 936";"A01";"2";"7";"6";"0";"3";"13";"1";""
"202400009017";"155 765 934";"A01";"2";"32";"14";"0";"8";"1";"1";""
"202400009018";"155 765 933";"A01";"2";"10";"0";"2";"1";"1";"0";""
"202400009018";"155 765 935";"B01";"2";"7";"4";"0";"4";"15";"1";""
"202400009019";"155 765 931";"A01";"2";"7";"2";"0";"9";"21";"1";""
"202400009020";"155 765 930";"B01";"2";"1";"0";"2";"7";"1";"5";""
"202400009020";"155 765 932";"A01";"1";"7";"0";"2";"3";"9";"2";""
"202400009021";"155 765 927";"A01";"2";"13";"0";"2";"1";"9";"1";""
"202400009021";"155 765 929";"B01";"1";"7";"0";"0";"8";"0";"1";""
"202400009022";"155 765 924";"A01";"2";"2";"12";"0";"8";"0";"1";""
"202400009023";"155 765 925";"C01";"2";"10";"0";"2";"5";"1";"1";""
"202400009023";"155 765 926";"A01";"2";"10";"0";"2";"9";"13";"1";""
"202400009023";"155 765 928";"B01";"1";"7";"3";"2";"1";"1";"1";""
"202400009024";"155 765 922";"A01";"3";"36";"13";"9";"2";"1";"1";""
"202400009025";"155 765 917";"A01";"1";"7";"0";"2";"2";"15";"6";""
"202400009025";"155 765 919";"B01";"2";"33";"0";"2";"1";"1";"1";""
"202400009026";"155 765 916";"A01";"1";"7";"0";"2";"3";"1";"1";""
"202400009026";"155 765 918";"D01";"1";"1";"0";"2";"1";"1";"5";""
"202400009026";"155 765 920";"E01";"1";"1";"0";"2";"1";"1";"5";""
"202400009026";"155 765 921";"C01";"1";"1";"0";"2";"1";"1";"5";""
"202400009026";"155 765 923";"B01";"1";"1";"0";"2";"1";"1";"5";""
"202400009027";"155 765 914";"A01";"1";"7";"0";"0";"1";"0";"1";""
"202400009027";"155 765 915";"B01";"2";"7";"0";"0";"1";"0";"1";""
"202400009028";"155 765 913";"A01";"1";"10";"2";"0";"3";"5";"1";""
"202400009029";"155 765 912";"A01";"2";"7";"7";"0";"0";"14";"1";""
"202400009030";"155 765 909";"A01";"2";"7";"2";"0";"1";"1";"1";""
"202400009031";"155 765 908";"A01";"1";"33";"0";"2";"1";"1";"1";""
"202400009031";"155 765 910";"B01";"1";"33";"0";"2";"1";"1";"1";""
"202400009031";"155 765 911";"C01";"1";"33";"0";"0";"4";"1";"1";""
"202400009032";"155 765 906";"A01";"2";"1";"0";"2";"3";"2";"5";""
"202400009032";"155 765 907";"B01";"2";"7";"0";"2";"2";"16";"3";""
"202400009033";"155 765 904";"A01";"2";"7";"6";"0";"1";"2";"1";""
"202400009034";"155 765 905";"A01";"3";"10";"13";"0";"1";"14";"1";""
"202400009035";"155 765 901";"A01";"1";"7";"0";"2";"3";"14";"2";""
"202400009035";"155 765 903";"B01";"2";"13";"0";"2";"6";"1";"1";""
"202400009036";"155 765 900";"A01";"1";"15";"16";"2";"3";"1";"1";""
"202400009036";"155 765 902";"B01";"3";"7";"0";"2";"3";"9";"1";""
"202400009037";"155 765 898";"A01";"1";"99";"0";"2";"5";"16";"0";""
"202400009037";"155 765 899";"B01";"1";"33";"0";"2";"1";"2";"6";""
"202400009038";"155 765 895";"A01";"1";"7";"2";"0";"1";"14";"1";""
"202400009039";"155 765 894";"A01";"2";"7";"0";"2";"8";"9";"2";""
"202400009039";"155 765 896";"B01";"2";"33";"0";"2";"7";"1";"1";""
"202400009039";"155 765 897";"C01";"2";"7";"0";"2";"2";"21";"1";""
"202400009040";"155 765 893";"A01";"1";"33";"0";"0";"0";"1";"1";""
"202400009041";"155 765 889";"A01";"1";"33";"0";"2";"1";"2";"1";""
"202400009041";"155 765 890";"B01";"2";"7";"0";"0";"4";"23";"1";""
"202400009041";"155 765 892";"C01";"2";"7";"0";"2";"1";"1";"1";""
"202400009042";"155 765 885";"A01";"1";"7";"4";"2";"9";"0";"1";""
"202400009042";"155 765 887";"B01";"1";"10";"0";"2";"2";"1";"1";""
"202400009043";"155 765 884";"A01";"1";"7";"0";"2";"1";"2";"0";""
"202400009043";"155 765 886";"B01";"1";"7";"0";"2";"4";"2";"1";""
"202400009044";"155 765 881";"A01";"2";"33";"0";"2";"9";"3";"1";""
"202400009044";"155 765 882";"B01";"2";"7";"0";"2";"6";"0";"2";""
"202400009045";"155 765 879";"A01";"2";"10";"0";"2";"6";"1";"1";""
"202400009045";"155 765 880";"B01";"1";"33";"0";"2";"3";"13";"1";""
"202400009046";"155 765 876";"A01";"1";"32";"0";"0";"2";"5";"1";""
"202400009046";"155 765 878";"B01";"1";"15";"0";"0";"2";"9";"1";""
"202400009047";"155 765 874";"A01";"3";"31";"13";"0";"0";"21";"1";""
"202400009048";"155 765 875";"B01";"1";"7";"0";"2";"4";"2";"2";""
"202400009048";"155 765 877";"A01";"1";"7";"0";"2";"1";"2";"1";""
"202400009049";"155 765 872";"A01";"1";"31";"0";"2";"3";"2";"1";""
"202400009049";"155 765 873";"B01";"1";"21";"0";"0";"6";"1";"1";""
"202400009050";"155 765 868";"B01";"2";"33";"0";"2";"3";"1";"1";""
"202400009050";"155 765 870";"A01";"1";"7";"0";"2";"2";"10";"1";""
"202400009051";"155 765 869";"A01";"1";"7";"0";"2";"5";"14";"1";""
"202400009051";"155 765 871";"B01";"1";"33";"0";"2";"3";"3";"1";""
"202400009052";"155 765 866";"A01";"3";"7";"0";"1";"2";"1";"0";""
"202400009053";"155 765 865";"B01";"1";"32";"1";"2";"6";"7";"1";""
"202400009053";"155 765 867";"A01";"1";"7";"1";"2";"2";"12";"1";""
"202400009054";"155 765 863";"A01";"3";"15";"0";"0";"2";"15";"1";""
"202400009054";"155 765 864";"B01";"2";"7";"0";"2";"1";"1";"1";""
"202400009055";"155 765 860";"B01";"2";"50";"0";"2";"1";"17";"3";""
"202400009055";"155 765 862";"A01";"2";"7";"14";"2";"8";"15";"3";""
"202400009056";"155 765 859";"A01";"1";"7";"0";"2";"3";"16";"1";""
"202400009056";"155 765 861";"B01";"1";"7";"0";"2";"2";"1";"1";""
"202400009057";"155 765 856";"A01";"3";"7";"0";"2";"4";"23";"1";""
"202400009057";"155 765 858";"B01";"3";"10";"0";"2";"1";"2";"1";""
"202400009058";"155 765 855";"A01";"3";"32";"0";"2";"2";"17";"1";""
"202400009058";"155 765 857";"B01";"3";"7";"0";"2";"3";"15";"2";""
"202400009059";"155 765 853";"A01";"2";"7";"0";"2";"5";"1";"1";""
"202400009059";"155 765 854";"B01";"2";"7";"0";"2";"3";"2";"1";""
"202400009060";"155 765 852";"A01";"1";"2";"0";"0";"0";"26";"3";""
"202400009061";"155 765 850";"A01";"2";"7";"0";"2";"2";"1";"1";""
"202400009061";"155 765 851";"B01";"2";"7";"0";"2";"6";"1";"1";""
"202400009062";"155 765 847";"A01";"2";"17";"0";"2";"5";"12";"1";""
"202400009062";"155 765 849";"B01";"2";"7";"0";"2";"8";"1";"1";""
"202400009063";"155 765 846";"A01";"2";"34";"0";"2";"2";"2";"1";""
"202400009063";"155 765 848";"B01";"2";"7";"0";"2";"0";"0";"2";""
"202400009064";"155 765 844";"Z01";"2";"15";"0";"2";"8";"1";"1";""
"202400009064";"155 765 845";"B01";"2";"7";"0";"2";"8";"12";"1";""
"202400009065";"155 765 842";"A01";"3";"7";"0";"2";"3";"15";"1";""
"202400009065";"155 765 843";"B01";"1";"33";"0";"2";"7";"1";"1";""
"202400009066";"155 765 840";"A01";"2";"33";"0";"2";"1";"21";"1";""
"202400009066";"155 765 841";"B01";"2";"7";"0";"2";"4";"2";"1";""
"202400009067";"155 765 837";"A01";"3";"15";"0";"2";"1";"1";"1";""
"202400009067";"155 765 839";"B01";"3";"7";"0";"2";"2";"15";"1";""
"202400009068";"155 765 836";"A01";"2";"7";"0";"2";"7";"12";"1";""
"202400009068";"155 765 838";"B01";"2";"33";"0";"2";"8";"3";"1";""
"202400009069";"155 765 832";"A01";"2";"33";"0";"2";"1";"17";"1";""
"202400009069";"155 765 834";"B01";"2";"7";"0";"2";"5";"12";"1";""
"202400009070";"155 765 833";"A01";"1";"7";"0";"2";"8";"19";"1";""
"202400009070";"155 765 835";"B01";"1";"7";"0";"2";"3";"1";"2";""
"202400009071";"155 765 831";"A01";"1";"43";"0";"2";"3";"14";"1";""
"202400009072";"155 765 829";"B01";"2";"7";"0";"2";"1";"1";"1";""
"202400009072";"155 765 830";"A01";"1";"10";"0";"2";"1";"1";"1";""
"202400009073";"155 765 828";"A01";"2";"7";"0";"2";"1";"26";"1";""
"202400009074";"155 765 827";"A01";"1";"7";"0";"1";"5";"4";"1";""
"202400009075";"155 765 826";"A01";"2";"7";"4";"0";"1";"1";"1";""
"202400009076";"155 765 821";"B01";"3";"80";"0";"2";"2";"1";"3";""
"202400009076";"155 765 825";"A01";"3";"7";"0";"2";"1";"1";"2";""
"202400009077";"155 765 818";"E01";"2";"15";"0";"2";"3";"1";"1";""
"202400009077";"155 765 819";"B01";"2";"13";"0";"2";"0";"0";"1";""
"202400009077";"155 765 820";"D01";"2";"7";"0";"2";"4";"2";"1";""
"202400009077";"155 765 822";"C01";"2";"10";"0";"2";"4";"12";"1";""
"202400009077";"155 765 823";"A01";"2";"7";"3";"2";"0";"0";"1";""
"202400009077";"155 765 824";"F01";"2";"7";"0";"2";"7";"0";"1";""
"202400009078";"155 765 816";"A01";"1";"2";"12";"0";"0";"0";"1";""
"202400009079";"155 765 815";"A01";"1";"33";"0";"2";"1";"3";"1";""
"202400009079";"155 765 817";"B01";"1";"7";"0";"2";"4";"1";"1";""
"202400009080";"155 765 814";"A01";"1";"41";"0";"0";"0";"0";"1";""
"202400009081";"155 765 813";"A01";"1";"7";"2";"0";"3";"0";"1";""
"202400009082";"155 765 811";"B01";"1";"30";"0";"2";"8";"1";"1";""
"202400009082";"155 765 812";"A01";"1";"7";"0";"2";"3";"15";"1";""
"202400009083";"155 765 810";"A01";"0";"60";"0";"0";"0";"3";"5";""
"202400009084";"155 765 808";"A01";"1";"7";"0";"2";"0";"0";"1";""
"202400009084";"155 765 809";"B01";"1";"7";"0";"2";"0";"0";"1";""
"202400009085";"155 765 807";"A01";"1";"2";"0";"0";"0";"0";"1";""
"202400009086";"155 765 806";"A01";"1";"1";"1";"0";"0";"0";"5";""
"202400009087";"155 765 805";"A01";"1";"7";"6";"9";"1";"1";"1";""
"202400009088";"155 765 803";"B01";"2";"1";"0";"2";"0";"0";"5";""
"202400009088";"155 765 804";"A01";"2";"7";"0";"2";"0";"0";"1";""
"202400009089";"155 765 801";"A01";"0";"7";"0";"1";"2";"0";"1";""
"202400009090";"155 765 802";"A01";"1";"30";"0";"0";"8";"1";"3";""
"202400009091";"155 765 799";"A01";"2";"1";"1";"0";"1";"1";"5";""
"202400009091";"155 765 800";"B01";"2";"10";"0";"2";"4";"24";"1";""
"202400009092";"155 765 797";"A01";"3";"30";"0";"2";"1";"0";"0";""
"202400009092";"155 765 798";"B01";"3";"1";"0";"2";"4";"1";"5";""
"202400009093";"155 765 795";"B01";"2";"7";"0";"2";"3";"1";"1";""
"202400009093";"155 765 796";"A01";"1";"30";"0";"2";"7";"1";"3";""
"202400009094";"155 765 791";"B01";"1";"7";"0";"2";"1";"26";"1";""
"202400009094";"155 765 793";"A01";"1";"7";"0";"2";"2";"1";"1";""
"202400009095";"155 765 788";"B01";"1";"36";"0";"2";"8";"15";"1";""
"202400009095";"155 765 790";"Z01";"1";"7";"0";"2";"1";"1";"0";""
"202400009096";"155 765 786";"A01";"1";"7";"0";"2";"1";"9";"1";""
"202400009096";"155 765 789";"B01";"1";"7";"0";"2";"2";"1";"1";""
"202400009097";"155 765 785";"B01";"1";"7";"0";"2";"1";"15";"1";""
"202400009097";"155 765 787";"A01";"2";"7";"0";"2";"7";"1";"1";""
"202400009098";"155 765 781";"A01";"1";"1";"0";"0";"3";"1";"5";""
"202400009098";"155 765 783";"B01";"1";"7";"0";"2";"3";"1";"1";""
"202400009099";"155 765 782";"A01";"3";"7";"0";"2";"1";"16";"1";""
"202400009099";"155 765 784";"Y01";"0";"50";"0";"2";"7";"26";"3";""
"202400009100";"155 765 778";"A01";"3";"10";"0";"2";"3";"1";"1";""
"202400009100";"155 765 780";"B01";"3";"10";"0";"2";"1";"1";"1";""
"202400009101";"155 765 779";"A01";"2";"33";"2";"0";"1";"1";"1";""
"202400009102";"155 765 774";"A01";"2";"7";"0";"2";"3";"9";"1";""
"202400009102";"155 765 777";"B01";"1";"30";"0";"2";"2";"9";"1";""
"202400009103";"155 765 772";"B01";"2";"7";"0";"2";"8";"1";"1";""
"202400009103";"155 765 773";"A01";"2";"7";"0";"2";"1";"1";"1";""
"202400009104";"155 765 770";"A01";"3";"7";"0";"2";"1";"13";"1";""
"202400009104";"155 765 771";"B01";"3";"7";"0";"2";"1";"1";"1";""
"202400009105";"155 765 767";"B01";"2";"1";"0";"2";"1";"1";"5";""
"202400009105";"155 765 769";"A01";"2";"7";"0";"2";"3";"9";"1";""
"202400009106";"155 765 768";"A01";"2";"7";"8";"0";"1";"21";"1";""
"202400009107";"155 765 765";"B01";"1";"7";"0";"2";"1";"1";"1";""
"202400009107";"155 765 766";"A01";"2";"30";"0";"2";"7";"5";"1";""
"202400009108";"155 765 762";"A01";"1";"10";"0";"2";"2";"16";"1";""
"202400009108";"155 765 763";"B01";"1";"2";"0";"2";"3";"1";"1";""
"202400009109";"155 765 760";"Z01";"1";"7";"0";"1";"1";"1";"1";""
"202400009110";"155 765 761";"A01";"2";"34";"0";"2";"1";"17";"1";""
"202400009110";"155 765 764";"B01";"2";"7";"0";"9";"8";"15";"1";""
"202400009111";"155 765 759";"A01";"1";"33";"0";"1";"1";"1";"1";""
"202400009112";"155 765 757";"A01";"2";"50";"0";"2";"1";"1";"3";""
"202400009112";"155 765 758";"B01";"2";"7";"0";"9";"5";"1";"1";""
"202400009113";"155 765 756";"A01";"3";"30";"0";"0";"0";"26";"1";""
"202400009114";"155 765 752";"A01";"1";"7";"0";"2";"3";"9";"1";""
"202400009114";"155 765 753";"B01";"1";"2";"0";"2";"7";"1";"1";""
"202400009115";"155 765 750";"A01";"1";"7";"0";"2";"1";"1";"1";""
"202400009115";"155 765 751";"B01";"1";"33";"0";"0";"4";"2";"1";""
"202400009116";"155 765 746";"B01";"1";"7";"0";"2";"1";"19";"2";""
"202400009116";"155 765 748";"A01";"1";"7";"0";"2";"5";"19";"2";""
"202400009117";"155 765 744";"A01";"3";"7";"15";"0";"0";"1";"1";""
"202400009118";"155 765 743";"A01";"3";"7";"0";"2";"1";"1";"1";""
"202400009118";"155 765 745";"B01";"3";"2";"0";"2";"2";"1";"1";""
"202400009119";"155 765 740";"A01";"1";"7";"0";"2";"3";"19";"0";""
"202400009119";"155 765 742";"B01";"2";"7";"0";"2";"2";"1";"0";""
"202400009120";"155 765 739";"A01";"3";"31";"1";"0";"1";"10";"1";""
"202400009121";"155 765 738";"B01";"3";"80";"0";"2";"7";"9";"2";""
"202400009121";"155 765 741";"A01";"3";"14";"0";"2";"8";"9";"1";""
"202400009122";"155 765 736";"A01";"1";"7";"0";"1";"1";"26";"1";""
"202400009123";"155 765 735";"A01";"0";"7";"0";"2";"1";"13";"1";""
"202400009123";"155 765 737";"B01";"0";"7";"0";"2";"1";"1";"1";""
"202400009124";"155 765 733";"B01";"2";"7";"0";"2";"1";"1";"1";""
"202400009124";"155 765 734";"A01";"1";"2";"0";"2";"7";"1";"1";""
"202400009125";"155 765 731";"A01";"2";"7";"0";"2";"8";"19";"1";""
"202400009125";"155 765 732";"B01";"2";"50";"0";"2";"2";"1";"3";""
"202400009126";"155 765 729";"B01";"2";"30";"0";"2";"1";"1";"1";""
"202400009126";"155 765 730";"A01";"2";"7";"0";"2";"3";"13";"1";""
"202400009127";"155 765 728";"A01";"3";"3";"0";"1";"1";"0";"0";""
"202400009128";"155 765 727";"A01";"2";"7";"1";"0";"1";"12";"0";""
"202400009129";"155 765 722";"B01";"3";"7";"0";"2";"4";"23";"1";""
"202400009129";"155 765 724";"C01";"3";"7";"0";"2";"4";"23";"2";""
"202400009129";"155 765 725";"Z01";"3";"7";"0";"2";"1";"26";"1";""
"202400009130";"155 765 720";"A01";"1";"30";"0";"2";"2";"1";"1";""
"202400009130";"155 765 721";"B01";"1";"7";"0";"2";"3";"15";"1";""
"202400009131";"155 765 718";"A01";"2";"7";"0";"2";"3";"13";"1";""
"202400009131";"155 765 719";"B01";"1";"7";"0";"2";"2";"0";"1";""
"202400009132";"155 765 716";"A01";"1";"7";"0";"2";"2";"1";"1";""
"202400009132";"155 765 717";"B01";"1";"7";"0";"2";"6";"15";"1";""
"202400009133";"155 765 712";"A01";"2";"7";"0";"2";"1";"1";"1";""
"202400009133";"155 765 714";"B01";"1";"7";"0";"2";"1";"5";"1";""
"202400009134";"155 765 713";"A01";"1";"7";"0";"9";"1";"9";"1";""
"202400009134";"155 765 715";"B01";"1";"50";"0";"2";"1";"1";"3";""
"202400009135";"155 765 709";"B01";"1";"50";"0";"2";"8";"1";"3";""
"202400009135";"155 765 710";"A01";"1";"10";"0";"2";"7";"14";"1";""
"202400009136";"155 765 708";"B01";"0";"50";"0";"2";"6";"19";"3";""
"202400009136";"155 765 711";"A01";"3";"7";"0";"2";"1";"1";"1";""
"202400009137";"155 765 705";"B01";"3";"80";"0";"2";"4";"1";"3";""
"202400009137";"155 765 707";"A01";"1";"7";"0";"2";"1";"9";"1";""
"202400009138";"155 765 704";"A01";"1";"10";"0";"2";"1";"16";"1";""
"202400009138";"155 765 706";"B01";"2";"43";"0";"2";"8";"1";"1";""
"202400009139";"155 765 702";"A01";"2";"7";"13";"0";"1";"11";"1";""
"202400009140";"155 765 701";"A01";"1";"7";"0";"2";"1";"1";"1";""
"202400009140";"155 765 703";"B01";"1";"7";"0";"2";"4";"1";"2";""
"202400009141";"155 765 699";"A01";"1";"7";"0";"2";"0";"0";"1";""
"202400009141";"155 765 700";"B01";"1";"2";"0";"2";"5";"17";"1";""
"202400009142";"155 765 697";"A01";"1";"37";"0";"2";"1";"1";"1";"1"
"202400009142";"155 765 698";"B01";"1";"37";"0";"2";"4";"2";"1";"1"
"202400009143";"155 765 693";"B01";"1";"7";"0";"2";"4";"2";"1";""
"202400009143";"155 765 695";"A01";"1";"7";"0";"2";"1";"2";"1";""
"202400009143";"155 765 696";"C01";"1";"7";"0";"2";"4";"2";"1";""
"202400009144";"155 765 692";"A01";"1";"7";"0";"2";"1";"26";"0";""
"202400009144";"155 765 694";"B01";"1";"80";"0";"2";"0";"0";"3";""
"202400009145";"155 765 690";"A01";"3";"33";"0";"2";"2";"1";"1";""
"202400009145";"155 765 691";"B01";"3";"7";"0";"2";"3";"9";"1";""
"202400009146";"155 765 688";"A01";"3";"7";"0";"2";"1";"2";"1";""
"202400009146";"155 765 689";"B01";"3";"7";"0";"2";"4";"23";"1";""
"202400009147";"155 765 686";"B01";"2";"1";"0";"2";"1";"2";"5";""
"202400009147";"155 765 687";"A01";"2";"7";"1";"0";"4";"1";"1";""
"202400009148";"155 765 682";"B01";"2";"41";"0";"2";"3";"15";"3";""
"202400009148";"155 765 684";"A01";"2";"33";"0";"2";"7";"11";"1";""
"202400009148";"155 765 685";"C01";"1";"1";"0";"2";"0";"5";"5";""
"202400009149";"155 765 681";"A01";"3";"7";"0";"2";"2";"1";"1";""
"202400009149";"155 765 683";"B01";"1";"99";"0";"2";"1";"1";"2";""
"202400009150";"155 765 680";"A01";"1";"7";"0";"1";"8";"1";"1";""
"202400009151";"155 765 678";"A01";"2";"1";"0";"2";"1";"18";"5";""
"202400009151";"155 765 679";"B01";"1";"37";"0";"0";"6";"1";"2";"1"
"202400009152";"155 765 677";"A01";"1";"7";"0";"1";"1";"1";"1";""
"202400009153";"155 765 676";"A01";"1";"33";"11";"0";"3";"1";"1";""
"202400009154";"155 765 672";"B01";"3";"99";"0";"2";"3";"1";"2";""
"202400009154";"155 765 673";"A01";"3";"7";"0";"2";"1";"1";"2";""
"202400009155";"155 765 669";"B01";"3";"7";"0";"2";"3";"1";"0";""
"202400009155";"155 765 671";"A01";"3";"3";"0";"2";"1";"13";"0";""
"202400009156";"155 765 668";"A01";"1";"80";"0";"2";"1";"5";"3";""
"202400009156";"155 765 670";"B01";"2";"1";"0";"2";"1";"1";"5";""
"202400009157";"155 765 667";"A01";"1";"1";"1";"0";"1";"1";"5";""
"202400009158";"155 765 666";"A01";"1";"7";"0";"1";"2";"1";"1";""
"202400009159";"155 765 665";"A01";"1";"80";"0";"0";"0";"2";"3";""
"202400009160";"155 765 662";"B01";"2";"7";"0";"2";"4";"2";"1";""
"202400009160";"155 765 663";"A01";"2";"33";"0";"2";"1";"2";"1";""
"202400009161";"155 765 661";"A01";"1";"30";"0";"2";"5";"1";"1";""
"202400009161";"155 765 664";"B01";"1";"7";"0";"2";"1";"9";"0";""
"202400009162";"155 765 658";"A01";"2";"10";"0";"2";"4";"4";"0";""
"202400009162";"155 765 660";"B01";"2";"2";"0";"2";"1";"1";"1";""
"202400009163";"155 765 657";"B01";"3";"1";"0";"2";"1";"1";"5";""
"202400009163";"155 765 659";"A01";"3";"30";"0";"2";"1";"5";"1";""
"202400009164";"155 765 654";"A01";"3";"7";"0";"2";"2";"0";"0";""
"202400009164";"155 765 656";"B01";"0";"1";"0";"2";"5";"0";"5";""
"202400009165";"155 765 653";"B01";"3";"31";"0";"2";"2";"17";"1";""
"202400009165";"155 765 655";"A01";"1";"7";"0";"2";"3";"10";"1";""
"202400009166";"155 765 651";"Z01";"3";"7";"0";"2";"2";"16";"1";""
"202400009166";"155 765 652";"B01";"3";"1";"0";"2";"3";"26";"5";""
"202400009167";"155 765 649";"B01";"1";"33";"0";"2";"8";"2";"1";""
"202400009167";"155 765 650";"A01";"1";"7";"0";"2";"2";"0";"1";""
"202400009168";"155 765 647";"B01";"2";"30";"0";"2";"1";"2";"1";""
"202400009168";"155 765 648";"A01";"2";"7";"0";"2";"3";"20";"1";""
"202400009169";"155 765 646";"A01";"3";"40";"0";"1";"1";"1";"3";""
"202400009170";"155 765 644";"A01";"3";"7";"0";"2";"3";"1";"1";""
"202400009170";"155 765 645";"B01";"3";"33";"0";"2";"5";"1";"1";""
"202400009171";"155 765 643";"A01";"0";"7";"0";"1";"1";"1";"1";""
"202400009172";"155 765 641";"A01";"0";"7";"1";"0";"9";"2";"1";""
"202400009173";"155 765 640";"B01";"0";"7";"0";"2";"3";"10";"1";""
"202400009173";"155 765 642";"A01";"0";"10";"0";"2";"2";"2";"1";""
"202400009174";"155 765 638";"A01";"1";"7";"3";"0";"8";"1";"1";""
"202400009175";"155 765 637";"A01";"1";"7";"0";"2";"2";"16";"1";""
"202400009175";"155 765 639";"B01";"1";"60";"0";"2";"0";"1";"5";""
"202400009176";"155 765 635";"B01";"1";"50";"0";"2";"1";"1";"3";""
"202400009176";"155 765 636";"A01";"2";"7";"0";"2";"3";"17";"1";""
"202400009177";"155 765 633";"A01";"1";"7";"0";"2";"3";"15";"1";""
"202400009177";"155 765 634";"B01";"2";"33";"0";"2";"3";"1";"1";""
"202400009178";"155 765 632";"A01";"1";"7";"0";"1";"3";"2";"1";""
"202400009179";"155 765 630";"B01";"1";"7";"0";"2";"5";"1";"2";""
"202400009179";"155 765 631";"A01";"1";"34";"0";"2";"3";"11";"1";""
"202400009180";"155 765 628";"B01";"2";"1";"0";"2";"1";"1";"5";""
"202400009180";"155 765 629";"A01";"1";"1";"0";"2";"1";"1";"5";""
"202400009181";"155 765 626";"B01";"1";"32";"0";"0";"0";"0";"0";""
"202400009181";"155 765 627";"A01";"2";"7";"0";"0";"0";"0";"1";""
"202400009182";"155 765 625";"A01";"3";"7";"0";"1";"3";"1";"1";""
"202400009183";"155 765 624";"A01";"2";"7";"0";"9";"1";"1";"1";""
"202400009184";"155 765 623";"A01";"1";"7";"0";"1";"1";"16";"1";""
"202400009185";"155 765 621";"A01";"2";"7";"14";"2";"3";"1";"1";""
"202400009185";"155 765 622";"B01";"1";"7";"0";"2";"3";"17";"1";""
"202400009186";"155 765 619";"A01";"1";"7";"0";"9";"1";"1";"1";""
"202400009186";"155 765 620";"B01";"1";"50";"0";"2";"3";"19";"3";""