"Num_Acc";"id_vehicule";"num_veh";"senc";"catv";"obs";"obsm";"choc";"manv";"motor";"occutc"
"202400009791";"155 764 516";"A01";"2";"50";"0";"2";"1";"1";"3";""
"202400009791";"155 764 520";"B01";"2";"7";"0";"2";"3";"1";"1";""
"202400009792";"155 764 515";"B01";"2";"7";"0";"2";"4";"2";"1";""
"202400009792";"155 764 517";"A01";"2";"7";"0";"2";"1";"1";"1";""
"202400009792";"155 764 519";"C01";"2";"7";"0";"2";"4";"1";"1";""
"202400009792";"155 764 521";"D01";"2";"7";"0";"2";"1";"1";"1";""
"202400009793";"155 764 514";"A01";"1";"7";"8";"0";"1";"1";"1";""
"202400009794";"155 764 511";"A01";"1";"33";"0";"2";"7";"17";"1";""
"202400009794";"155 764 513";"B01";"1";"7";"0";"2";"3";"15";"1";""
"202400009795";"155 764 512";"A01";"1";"7";"0";"1";"1";"15";"1";""
"202400009796";"155 764 506";"A01";"1";"7";"0";"2";"5";"9";"2";""
"202400009796";"155 764 508";"B01";"3";"50";"0";"2";"1";"1";"3";""
"202400009797";"155 764 504";"A01";"2";"7";"0";"2";"1";"15";"1";""
"202400009797";"155 764 507";"B01";"1";"33";"0";"2";"1";"1";"1";""
"202400009798";"155 764 502";"C01";"3";"7";"0";"2";"4";"1";"1";""
"202400009798";"155 764 503";"A01";"2";"7";"0";"2";"1";"1";"1";""
"202400009798";"155 764 505";"B01";"3";"7";"0";"2";"1";"1";"1";""
"202400009799";"155 764 501";"A01";"3";"10";"0";"1";"1";"1";"1";""
"202400009800";"155 764 498";"A01";"1";"3";"0";"1";"3";"15";"3";""
"202400009801";"155 764 495";"C01";"2";"10";"0";"2";"2";"0";"1";""
"202400009801";"155 764 496";"B01";"2";"7";"0";"2";"1";"2";"1";""
"202400009801";"155 764 500";"A01";"2";"10";"0";"2";"4";"23";"3";""
"202400009802";"155 764 492";"B01";"2";"7";"0";"0";"1";"1";"1";""
"202400009802";"155 764 494";"A01";"0";"7";"0";"2";"7";"19";"1";""
"202400009803";"155 764 489";"A01";"1";"7";"0";"2";"3";"15";"1";""
"202400009803";"155 764 491";"B01";"2";"1";"0";"2";"1";"1";"5";""
"202400009804";"155 764 490";"B01";"3";"7";"0";"2";"2";"15";"1";""
"202400009804";"155 764 493";"A01";"3";"7";"0";"2";"2";"1";"1";""
"202400009805";"155 764 485";"A01";"1";"7";"0";"1";"1";"26";"1";""
"202400009806";"155 764 484";"B01";"3";"7";"0";"2";"4";"23";"1";""
"202400009806";"155 764 487";"A01";"3";"7";"0";"2";"1";"2";"1";""
"202400009807";"155 764 483";"A01";"2";"32";"0";"2";"7";"1";"1";""
"202400009808";"155 764 480";"A01";"3";"7";"0";"2";"1";"1";"1";""
"202400009808";"155 764 482";"B01";"3";"10";"0";"0";"4";"1";"1";""
"202400009809";"155 764 478";"A01";"1";"7";"0";"2";"3";"1";"1";""
"202400009809";"155 764 481";"B01";"2";"1";"0";"2";"1";"1";"5";""
"202400009810";"155 764 477";"A01";"2";"33";"0";"2";"2";"3";"1";""
"202400009810";"155 764 479";"B01";"2";"7";"0";"2";"6";"11";"2";""
"202400009811";"155 764 475";"A01";"1";"50";"0";"2";"1";"1";"3";""
"202400009811";"155 764 476";"B01";"3";"7";"0";"2";"3";"26";"1";""
"202400009812";"155 764 472";"A01";"2";"33";"0";"2";"2";"17";"1";""
"202400009812";"155 764 474";"B01";"2";"7";"0";"2";"1";"16";"1";""
"202400009813";"155 764 471";"A01";"2";"43";"0";"2";"1";"3";"1";""
"202400009813";"155 764 473";"B01";"2";"7";"0";"2";"5";"12";"2";""
"202400009814";"155 764 469";"A01";"1";"7";"0";"2";"2";"16";"1";""
"202400009814";"155 764 470";"B01";"1";"1";"0";"2";"4";"16";"5";""
"202400009815";"155 764 468";"A01";"2";"7";"0";"1";"2";"1";"1";""
"202400009816";"155 764 466";"A01";"2";"7";"13";"0";"1";"13";"1";""
"202400009817";"155 764 465";"A01";"3";"31";"0";"2";"1";"1";"1";""
"202400009817";"155 764 467";"B01";"3";"7";"0";"2";"2";"15";"1";""
"202400009818";"155 764 463";"A01";"3";"10";"0";"2";"3";"1";"1";""
"202400009818";"155 764 464";"B01";"0";"33";"0";"0";"7";"1";"1";""
"202400009819";"155 764 462";"A01";"2";"7";"0";"1";"0";"1";"0";""
"202400009820";"155 764 460";"A01";"3";"30";"12";"0";"7";"14";"1";""
"202400009821";"155 764 459";"A01";"1";"32";"0";"2";"6";"1";"1";""
"202400009821";"155 764 461";"B01";"2";"7";"0";"2";"1";"1";"1";""
"202400009822";"155 764 457";"B01";"1";"1";"0";"2";"4";"9";"5";""
"202400009822";"155 764 458";"A01";"1";"7";"0";"9";"2";"9";"1";""
"202400009823";"155 764 456";"A01";"2";"7";"1";"0";"3";"13";"1";""
"202400009824";"155 764 455";"A01";"1";"7";"1";"1";"1";"20";"1";""
"202400009825";"155 764 453";"A01";"2";"7";"0";"1";"4";"26";"1";""
"202400009826";"155 764 452";"A01";"2";"10";"0";"2";"3";"1";"3";""
"202400009826";"155 764 454";"B01";"1";"50";"0";"2";"1";"1";"3";""
"202400009827";"155 764 446";"A01";"1";"32";"0";"2";"7";"15";"1";""
"202400009827";"155 764 451";"B01";"2";"7";"0";"2";"1";"1";"1";""
"202400009828";"155 764 445";"A01";"1";"7";"0";"2";"1";"1";"2";""
"202400009828";"155 764 448";"B01";"1";"7";"0";"2";"4";"2";"1";""
"202400009828";"155 764 450";"C01";"1";"7";"14";"0";"1";"2";"1";""
"202400009829";"155 764 447";"B01";"3";"7";"0";"2";"4";"2";"1";""
"202400009829";"155 764 449";"A01";"3";"7";"0";"2";"1";"2";"1";""
"202400009830";"155 764 443";"A01";"1";"7";"0";"2";"3";"15";"2";""
"202400009830";"155 764 444";"B01";"1";"1";"0";"2";"1";"1";"5";""
"202400009831";"155 764 440";"A01";"1";"7";"0";"2";"5";"15";"1";""
"202400009831";"155 764 442";"B01";"2";"30";"0";"2";"1";"1";"1";""
"202400009832";"155 764 438";"A01";"3";"7";"0";"0";"0";"0";"1";""
"202400009832";"155 764 439";"B01";"3";"7";"0";"0";"0";"0";"1";""
"202400009832";"155 764 441";"C01";"3";"10";"0";"9";"4";"26";"1";""
"202400009833";"155 764 436";"A01";"3";"7";"1";"0";"9";"1";"1";""
"202400009834";"155 764 435";"A01";"3";"10";"0";"2";"4";"4";"1";""
"202400009834";"155 764 437";"B01";"3";"33";"0";"2";"1";"23";"1";""
"202400009835";"155 764 433";"A01";"3";"1";"0";"2";"7";"1";"5";""
"202400009835";"155 764 434";"B01";"3";"7";"0";"2";"0";"16";"0";""
"202400009836";"155 764 431";"A01";"1";"32";"0";"2";"7";"1";"1";""
"202400009836";"155 764 432";"B01";"1";"7";"0";"2";"1";"1";"1";""
"202400009837";"155 764 430";"A01";"2";"7";"0";"1";"6";"17";"2";""
"202400009838";"155 764 425";"B01";"1";"7";"0";"2";"4";"1";"1";""
"202400009838";"155 764 426";"C01";"1";"7";"0";"2";"1";"1";"1";""
"202400009838";"155 764 429";"A01";"1";"7";"0";"2";"6";"1";"1";""
"202400009839";"155 764 423";"A01";"3";"7";"0";"2";"1";"1";"1";""
"202400009839";"155 764 428";"B01";"3";"7";"0";"2";"7";"1";"1";""
"202400009840";"155 764 424";"A01";"1";"7";"0";"2";"5";"23";"2";""
"202400009840";"155 764 427";"B01";"1";"7";"0";"2";"3";"1";"1";""
"202400009841";"155 764 421";"A01";"3";"7";"0";"2";"1";"16";"1";""
"202400009841";"155 764 422";"B01";"3";"7";"0";"2";"8";"0";"1";""
"202400009842";"155 764 420";"A01";"1";"7";"0";"1";"1";"1";"1";""
"202400009843";"155 764 419";"A01";"1";"1";"12";"0";"2";"14";"5";""
"202400009844";"155 764 418";"A01";"0";"10";"0";"1";"1";"26";"0";""
"202400009845";"155 764 414";"A01";"0";"7";"0";"2";"1";"1";"1";""
"202400009845";"155 764 417";"B01";"0";"80";"0";"2";"8";"19";"3";""
"202400009846";"155 764 413";"A01";"1";"7";"0";"2";"3";"15";"1";""
"202400009846";"155 764 416";"B01";"1";"34";"0";"2";"2";"17";"1";""
"202400009847";"155 764 407";"A01";"1";"10";"0";"2";"8";"10";"1";""
"202400009847";"155 764 410";"B01";"1";"33";"0";"2";"1";"1";"1";""
"202400009848";"155 764 406";"A01";"1";"7";"0";"2";"8";"13";"1";""
"202400009848";"155 764 408";"B01";"1";"43";"0";"2";"8";"23";"1";""
"202400009849";"155 764 404";"A01";"2";"7";"15";"0";"1";"26";"1";""
"202400009850";"155 764 402";"B01";"0";"7";"0";"2";"1";"1";"1";""
"202400009850";"155 764 403";"A01";"3";"7";"0";"2";"7";"26";"1";""
"202400009850";"155 764 405";"C01";"3";"7";"0";"2";"3";"1";"1";""
"202400009851";"155 764 399";"A01";"3";"10";"0";"2";"1";"15";"1";""
"202400009851";"155 764 401";"B01";"3";"50";"0";"2";"8";"9";"3";""
"202400009852";"155 764 398";"B01";"3";"7";"0";"2";"3";"1";"1";""
"202400009852";"155 764 400";"A01";"3";"50";"0";"2";"3";"19";"3";""
"202400009853";"155 764 396";"A01";"1";"30";"0";"2";"7";"11";"1";""
"202400009853";"155 764 397";"B01";"1";"7";"0";"2";"8";"1";"1";""
"202400009854";"155 764 394";"A01";"0";"7";"0";"1";"1";"1";"1";""
"202400009855";"155 764 393";"A01";"1";"7";"0";"9";"1";"1";"1";""
"202400009855";"155 764 395";"B01";"3";"1";"0";"2";"3";"19";"5";""
"202400009856";"155 764 388";"B01";"1";"50";"0";"2";"2";"1";"3";""
"202400009856";"155 764 391";"A01";"1";"7";"0";"2";"8";"24";"1";""
"202400009857";"155 764 390";"A01";"0";"7";"0";"2";"6";"17";"1";""
"202400009857";"155 764 392";"B01";"0";"7";"0";"2";"3";"15";"1";""
"202400009858";"155 764 385";"A01";"2";"7";"0";"2";"1";"7";"1";""
"202400009858";"155 764 389";"B01";"2";"7";"0";"0";"8";"1";"1";""
"202400009859";"155 764 382";"E01";"0";"7";"1";"2";"1";"1";"3";""
"202400009859";"155 764 384";"B01";"0";"32";"0";"2";"7";"1";"1";""
"202400009859";"155 764 387";"A01";"0";"7";"0";"2";"1";"19";"1";""
"202400009860";"155 764 383";"A01";"2";"10";"0";"9";"2";"1";"1";""
"202400009860";"155 764 386";"B01";"2";"1";"0";"2";"1";"19";"5";""
"202400009861";"155 764 380";"A01";"1";"7";"14";"0";"1";"2";"1";""
"202400009861";"155 764 381";"B01";"1";"33";"0";"2";"4";"23";"1";""
"202400009862";"155 764 379";"A01";"2";"7";"0";"1";"1";"1";"2";""
"202400009863";"155 764 378";"A01";"3";"10";"4";"1";"1";"1";"1";""
"202400009864";"155 764 376";"A01";"1";"50";"0";"1";"1";"1";"3";""
"202400009865";"155 764 373";"B01";"0";"7";"0";"2";"3";"1";"0";""
"202400009865";"155 764 375";"A01";"0";"10";"0";"2";"7";"26";"0";""
"202400009866";"155 764 374";"B01";"2";"7";"0";"2";"3";"16";"1";""
"202400009866";"155 764 377";"A01";"2";"7";"0";"2";"0";"26";"0";""
"202400009867";"155 764 372";"Z01";"1";"7";"0";"1";"2";"1";"1";""
"202400009868";"155 764 368";"A01";"1";"33";"0";"2";"9";"3";"1";""
"202400009868";"155 764 371";"B01";"1";"7";"0";"2";"6";"15";"2";""
"202400009869";"155 764 367";"B01";"2";"1";"0";"2";"4";"13";"5";""
"202400009869";"155 764 369";"A01";"2";"34";"0";"2";"1";"1";"1";""
"202400009870";"155 764 366";"A01";"3";"7";"0";"2";"1";"26";"1";""
"202400009870";"155 764 370";"B01";"3";"7";"0";"2";"4";"23";"1";""
"202400009871";"155 764 365";"A01";"0";"10";"0";"1";"5";"4";"1";""
"202400009872";"155 764 363";"A01";"1";"7";"0";"2";"2";"1";"2";""
"202400009872";"155 764 364";"B01";"2";"7";"0";"2";"3";"1";"1";""
"202400009873";"155 764 361";"A01";"1";"10";"4";"0";"2";"1";"1";""
"202400009874";"155 764 359";"A01";"1";"10";"9";"0";"2";"1";"1";""
"202400009875";"155 764 360";"B01";"1";"32";"0";"2";"1";"0";"1";""
"202400009875";"155 764 362";"A01";"3";"7";"0";"2";"5";"1";"1";""
"202400009876";"155 764 358";"A01";"1";"7";"0";"1";"1";"2";"1";""
"202400009877";"155 764 355";"A01";"1";"1";"0";"2";"1";"26";"5";""
"202400009877";"155 764 357";"B01";"2";"10";"0";"9";"8";"1";"1";""
"202400009878";"155 764 354";"A01";"3";"7";"0";"2";"1";"0";"1";""
"202400009878";"155 764 356";"B01";"3";"1";"0";"2";"7";"1";"5";""
"202400009879";"155 764 353";"Z01";"3";"0";"12";"1";"2";"0";"0";""
"202400009880";"155 764 352";"A01";"2";"1";"0";"5";"3";"21";"5";""
"202400009881";"155 764 351";"A01";"2";"7";"0";"2";"1";"2";"1";""
"202400009882";"155 764 348";"A01";"1";"31";"0";"1";"1";"1";"1";""
"202400009883";"155 764 347";"B01";"3";"10";"0";"2";"3";"1";"1";""
"202400009883";"155 764 349";"A01";"3";"7";"0";"2";"2";"1";"2";""
"202400009884";"155 764 350";"A01";"0";"30";"0";"0";"3";"2";"1";""
"202400009885";"155 764 346";"A01";"3";"7";"0";"1";"3";"15";"2";""
"202400009886";"155 764 343";"A01";"1";"10";"0";"2";"2";"26";"1";""
"202400009886";"155 764 344";"B01";"1";"2";"0";"2";"1";"2";"1";""
"202400009887";"155 764 342";"B01";"3";"50";"0";"0";"0";"0";"3";""
"202400009887";"155 764 345";"A01";"3";"7";"0";"9";"2";"1";"1";""
"202400009888";"155 764 340";"A01";"3";"7";"0";"0";"0";"0";"1";""
"202400009889";"155 764 339";"A01";"2";"31";"0";"2";"1";"18";"3";""
"202400009889";"155 764 341";"B01";"2";"7";"0";"2";"2";"24";"1";""
"202400009890";"155 764 333";"A01";"2";"2";"0";"0";"0";"21";"1";""
"202400009891";"155 764 334";"C01";"3";"7";"12";"2";"3";"26";"1";""
"202400009891";"155 764 335";"A01";"3";"33";"12";"2";"6";"2";"1";""
"202400009891";"155 764 337";"B01";"3";"7";"12";"2";"6";"2";"2";""
"202400009892";"155 764 332";"A01";"2";"7";"0";"2";"1";"1";"1";""
"202400009892";"155 764 336";"B01";"2";"7";"0";"2";"4";"1";"1";""
"202400009892";"155 764 338";"D01";"2";"7";"0";"2";"4";"1";" -1";""
"202400009893";"155 764 329";"B01";"0";"50";"0";"2";"1";"1";"3";""
"202400009893";"155 764 330";"A01";"0";"7";"0";"2";"7";"16";"1";""
"202400009894";"155 764 328";"A01";"3";"7";"0";"2";"6";"1";"1";""
"202400009894";"155 764 331";"B01";"3";"10";"0";"2";"2";"16";"0";""
"202400009895";"155 764 325";"A01";"1";"7";"0";"1";"1";"16";"1";""
"202400009896";"155 764 326";"A01";"1";"7";"0";"2";"4";"23";"1";""
"202400009896";"155 764 327";"B01";"1";"7";"0";"2";"1";"2";"1";""
"202400009897";"155 764 323";"A01";"0";"10";"5";"0";"0";"2";"1";""
"202400009897";"155 764 324";"B01";"0";"33";"0";"0";"0";"0";"0";""
"202400009898";"155 764 321";"B01";"1";"1";"0";"2";"1";"1";"5";""
"202400009898";"155 764 322";"A01";"1";"7";"0";"2";"2";"1";"2";""
"202400009899";"155 764 319";"A01";"2";"33";"0";"1";"1";"17";"1";""
"202400009900";"155 764 318";"B01";"3";"7";"0";"2";"8";"15";"1";""
"202400009900";"155 764 320";"A01";"3";"34";"0";"2";"1";"17";"1";""
"202400009901";"155 764 317";"A01";"1";"7";"1";"1";"2";"1";"1";""
"202400009902";"155 764 316";"A01";"1";"2";"0";"0";"0";"1";"3";""
"202400009903";"155 764 314";"A01";"3";"33";"0";"2";"1";"2";"3";""
"202400009903";"155 764 315";"B01";"3";"7";"0";"0";"5";"2";"2";""
"202400009904";"155 764 312";"A01";"3";"7";"0";"1";"0";"23";"1";""
"202400009904";"155 764 313";"B01";"3";"7";"0";"2";"3";"1";"1";""
"202400009905";"155 764 308";"B01";"1";"7";"0";"9";"3";"2";"1";""
"202400009905";"155 764 310";"A01";"1";"50";"0";"2";"1";"14";"3";""
"202400009906";"155 764 309";"A01";"2";"1";"0";"2";"1";"5";"5";""
"202400009906";"155 764 311";"B01";"1";"7";"0";"2";"3";"15";"1";""
"202400009907";"155 764 304";"B01";"3";"10";"0";"2";"7";"0";"1";""
"202400009907";"155 764 306";"A01";"0";"50";"0";"2";"1";"1";"3";""
"202400009908";"155 764 303";"B01";"1";"10";"0";"2";"3";"1";"1";""
"202400009908";"155 764 307";"A01";"2";"7";"0";"2";"1";"1";"1";""
"202400009909";"155 764 305";"A01";"1";"60";"0";"0";"0";"1";"5";""
"202400009910";"155 764 298";"B01";"1";"7";"0";"2";"1";"0";"1";""
"202400009910";"155 764 300";"A01";"1";"7";"0";"2";"4";"0";"1";""
"202400009911";"155 764 299";"A01";"1";"1";"0";"2";"7";"1";"5";""
"202400009911";"155 764 302";"B01";"1";"7";"0";"9";"1";"1";"1";""
"202400009912";"155 764 297";"A01";"2";"7";"0";"2";"2";"10";"2";""
"202400009912";"155 764 301";"B01";"1";"33";"0";"2";"1";"1";"1";""
"202400009913";"155 764 296";"A01";"0";"7";"0";"1";"1";"15";"1";""
"202400009914";"155 764 295";"A01";"0";"60";"0";"0";"0";"0";"5";""
"202400009915";"155 764 292";"A01";"3";"7";"0";"1";"1";"0";"1";""
"202400009916";"155 764 291";"A01";"3";"50";"0";"2";"1";"26";"3";""
"202400009916";"155 764 293";"B01";"3";"1";"0";"9";"1";"1";"5";""
"202400009917";"155 764 290";"B01";"1";"31";"0";"2";"5";"2";"1";""
"202400009917";"155 764 294";"A01";"1";"7";"0";"2";"6";"15";"1";""
"202400009918";"155 764 288";"A01";"2";"7";"0";"1";"3";"15";"2";""
"202400009919";"155 764 287";"A01";"1";"7";"0";"9";"8";"20";"1";""
"202400009919";"155 764 289";"B01";"1";"1";"0";"2";"1";"1";"5";""
"202400009920";"155 764 285";"A01";"1";"2";"0";"9";"1";"1";"1";""
"202400009920";"155 764 286";"B01";"1";"1";"0";"2";"8";"15";"5";""
"202400009921";"155 764 282";"A01";"3";"7";"0";"2";"2";"15";"0";""
"202400009921";"155 764 284";"B01";"3";"33";"0";"2";"1";"1";"0";""
"202400009922";"155 764 283";"A01";"1";"7";"0";"1";"4";"26";"1";""
"202400009923";"155 764 281";"A01";"1";"32";"16";"0";"0";"1";"1";""
"202400009924";"155 764 280";"A01";"1";"10";"0";"1";"3";"15";"1";""
"202400009925";"155 764 278";"B01";"3";"1";"0";"2";"7";"3";"5";""
"202400009925";"155 764 279";"A01";"3";"10";"0";"2";"3";"13";"1";""
"202400009926";"155 764 277";"A01";"0";"10";"0";"1";"1";"0";"0";""
"202400009927";"155 764 275";"A01";"3";"15";"0";"2";"2";"1";"1";""
"202400009927";"155 764 276";"B01";"3";"33";"0";"2";"8";"1";"1";""
"202400009928";"155 764 273";"A01";"2";"7";"0";"2";"8";"22";"1";""
"202400009928";"155 764 274";"B01";"2";"1";"1";"0";"7";"1";"5";""
"202400009929";"155 764 272";"A01";"1";"7";"0";"1";"1";"1";"1";""
"202400009930";"155 764 268";"B01";"1";"33";"0";"2";"0";"16";"1";""
"202400009930";"155 764 271";"A01";"1";"7";"0";"2";"7";"15";"2";""
"202400009931";"155 764 269";"A01";"1";"7";"0";"2";"1";"0";"1";""
"202400009931";"155 764 270";"B01";"2";"7";"0";"2";"3";"1";"1";""
"202400009932";"155 764 267";"A01";"0";"50";"0";"0";"0";"25";"3";""
"202400009933";"155 764 264";"A01";"1";"7";"0";"1";"1";"1";"0";""
"202400009934";"155 764 263";"A01";"1";"7";"0";"2";"1";"26";"1";""
"202400009934";"155 764 266";"B01";"1";"7";"0";"2";"4";"1";"2";""
"202400009935";"155 764 262";"A01";"1";"7";"0";"2";"1";"15";"1";""
"202400009935";"155 764 265";"B01";"1";"7";"0";"2";"1";"1";"1";""
"202400009936";"155 764 259";"A01";"3";"7";"5";"1";"1";"1";"1";""
"202400009937";"155 764 260";"B01";"3";"34";"0";"2";"2";"1";"0";""
"202400009937";"155 764 261";"A01";"3";"10";"0";"2";"3";"9";"1";""
"202400009938";"155 764 257";"A01";"1";"31";"0";"2";"1";"2";"1";""
"202400009938";"155 764 258";"B01";"1";"7";"0";"2";"6";"10";"1";""
"202400009939";"155 764 255";"A01";"1";"7";"0";"1";"1";"1";"1";""
"202400009940";"155 764 254";"A01";"1";"7";"10";"2";"2";"17";"1";""
"202400009940";"155 764 256";"B01";"1";"17";"0";"0";"6";"2";"1";""
"202400009941";"155 764 253";"A01";"0";"7";"0";"2";"3";"23";"1";""
"202400009942";"155 764 252";"A01";"0";"7";"2";"0";"2";"0";"1";""
"202400009943";"155 764 250";"A01";"1";"7";"0";"2";"1";"13";"1";""
"202400009943";"155 764 251";"B01";"1";"7";"0";"2";"1";"0";"1";""
"202400009944";"155 764 248";"A01";"1";"7";"2";"0";"1";"1";"1";""
"202400009945";"155 764 247";"B01";"3";"50";"0";"2";"1";"0";"3";""
"202400009945";"155 764 249";"A01";"3";"7";"0";"2";"3";"25";"1";""
"202400009946";"155 764 246";"A01";"1";"7";"8";"0";"8";"1";"1";""
"202400009947";"155 764 243";"A01";"1";"7";"0";"2";"3";"15";"1";""
"202400009947";"155 764 245";"B01";"2";"33";"0";"2";"1";"17";"1";""
"202400009948";"155 764 242";"B01";"3";"33";"0";"2";"7";"1";"1";""
"202400009948";"155 764 244";"A01";"3";"7";"0";"2";"2";"16";"1";""
"202400009949";"155 764 238";"B01";"0";"7";"0";"2";"3";"15";"1";""
"202400009949";"155 764 240";"A01";"1";"2";"0";"2";"1";"2";"1";""
"202400009950";"155 764 239";"B01";"2";"7";"0";"0";"3";"15";"1";""
"202400009950";"155 764 241";"A01";"1";"7";"0";"2";"1";"10";"1";""
"202400009951";"155 764 236";"A01";"2";"7";"0";"2";"6";"24";"3";""
"202400009951";"155 764 237";"B01";"1";"7";"1";"0";"2";"1";"2";""
"202400009952";"155 764 233";"A01";"2";"33";"0";"2";"7";"17";"1";""
"202400009952";"155 764 235";"B01";"2";"7";"0";"2";"8";"15";"1";""
"202400009953";"155 764 231";"A01";"2";"7";"0";"2";"1";"1";"1";""
"202400009953";"155 764 234";"B01";"2";"7";"0";"2";"4";"1";"1";""
"202400009954";"155 764 230";"A01";"2";"7";"0";"2";"7";"9";"1";""
"202400009954";"155 764 232";"B01";"2";"33";"0";"2";"3";"1";"1";""
"202400009955";"155 764 226";"A01";"2";"7";"1";"0";"1";"1";"2";""
"202400009955";"155 764 228";"B01";"2";"10";"0";"0";"4";"24";"1";""
"202400009956";"155 764 225";"B01";"1";"1";"0";"0";"0";"2";"5";""
"202400009956";"155 764 227";"C01";"1";"7";"0";"0";"0";"17";"0";""
"202400009956";"155 764 229";"A01";"1";"1";"0";"0";"9";"2";"5";""
"202400009957";"155 764 222";"A01";"2";"7";"0";"2";"1";"1";"0";""
"202400009957";"155 764 224";"B01";"2";"10";"0";"2";"4";"1";"1";""
"202400009958";"155 764 221";"A01";"1";"7";"0";"2";"1";"13";"1";""
"202400009958";"155 764 223";"B01";"1";"7";"0";"2";"3";"1";"1";""
"202400009959";"155 764 219";"A01";"2";"7";"0";"2";"3";"15";"1";""
"202400009959";"155 764 220";"B01";"1";"33";"0";"2";"1";"1";"1";""
"202400009960";"155 764 218";"A01";"3";"3";"0";"2";"0";"26";"0";""
"202400009961";"155 764 216";"A01";"2";"7";"0";"0";"6";"1";"1";""
"202400009961";"155 764 217";"B01";"2";"7";"0";"0";"1";"1";"1";""
"202400009962";"155 764 215";"A01";"3";"10";"2";"0";"3";"13";"1";""
"202400009963";"155 764 214";"A01";"1";"7";"1";"1";"1";"2";"1";""
"202400009964";"155 764 213";"A01";"2";"7";"13";"0";"3";"1";"1";""
"202400009965";"155 764 211";"A01";"3";"50";"0";"1";"1";"1";"3";""
"202400009966";"155 764 210";"A01";"1";"7";"2";"0";"8";"14";"1";""
"202400009967";"155 764 209";"A01";"2";"7";"0";"2";"4";"1";"1";""
"202400009967";"155 764 212";"B01";"2";"33";"0";"2";"1";"1";"1";""
"202400009968";"155 764 207";"A01";"0";"31";"0";"0";"0";"0";"1";""
"202400009969";"155 764 205";"A01";"3";"7";"0";"0";"1";"1";"1";""
"202400009969";"155 764 208";"B01";"3";"7";"0";"0";"4";"1";"2";""
"202400009970";"155 764 204";"A01";"0";"7";"0";"2";"1";"10";"1";""
"202400009970";"155 764 206";"B01";"0";"32";"13";"2";"2";"1";"1";""
"202400009971";"155 764 199";"A01";"1";"7";"0";"2";"3";"0";"1";""
"202400009971";"155 764 201";"B01";"2";"15";"0";"2";"3";"1";"1";""
"202400009972";"155 764 198";"A01";"1";"14";"0";"2";"3";"11";"1";""
"202400009972";"155 764 200";"B01";"1";"7";"4";"2";"7";"1";"1";""
"202400009972";"155 764 202";"C01";"1";"15";"0";"2";"8";"1";"1";""
"202400009973";"155 764 197";"B01";"1";"7";"13";"0";"9";"1";"1";""
"202400009973";"155 764 203";"A01";"2";"7";"0";"0";"0";"15";"1";""
"202400009974";"155 764 195";"A01";"2";"33";"2";"0";"0";"17";"1";""
"202400009975";"155 764 192";"B01";"3";"33";"0";"2";"1";"1";"1";""
"202400009975";"155 764 194";"A01";"3";"2";"0";"2";"1";"13";"1";""
"202400009976";"155 764 193";"A01";"3";"7";"0";"2";"3";"15";"1";""
"202400009976";"155 764 196";"B01";"3";"43";"0";"2";"2";"17";"1";""
"202400009977";"155 764 191";"A01";"2";"7";"3";"0";"2";"0";"1";""
"202400009978";"155 764 189";"A01";"1";"7";"16";"0";"0";"14";"1";""
"202400009979";"155 764 188";"B01";"1";"1";"0";"2";"1";"1";"5";""
"202400009979";"155 764 190";"A01";"2";"7";"0";"0";"5";"15";"1";""
"202400009980";"155 764 186";"A01";"2";"7";"8";"0";"1";"1";"1";""
"202400009981";"155 764 185";"A01";"2";"33";"0";"0";"9";"1";"1";""
"202400009982";"155 764 184";"A01";"2";"7";"0";"2";"3";"13";"1";""
"202400009982";"155 764 187";"B01";"1";"17";"0";"2";"3";"1";"1";""
"202400009983";"155 764 183";"A01";"3";"33";"0";"0";"0";"2";"1";""
"202400009984";"155 764 182";"A01";"3";"3";"0";"0";"9";"10";"3";""
"202400009985";"155 764 179";"A01";"1";"7";"0";"2";"3";"9";"1";""
"202400009985";"155 764 181";"B01";"1";"30";"0";"2";"2";"1";"1";""
"202400009986";"155 764 178";"A01";"1";"7";"2";"0";"1";"1";"1";""
"202400009987";"155 764 176";"A01";"2";"7";"0";"2";"1";"2";"1";""
"202400009987";"155 764 177";"C01";"1";"7";"0";"2";"1";"1";"1";""
"202400009987";"155 764 180";"B01";"2";"7";"0";"2";"4";"2";"2";""
"202400009988";"155 764 174";"A01";"2";"7";"6";"0";"6";"0";"1";""
"202400009989";"155 764 175";"A01";"2";"7";"13";"0";"0";"1";"1";""
"202400009990";"155 764 172";"A01";"2";"10";"0";"1";"3";"15";"1";""
"202400009991";"155 764 170";"A01";"1";"7";"0";"2";"1";"13";"1";""
"202400009991";"155 764 171";"B01";"2";"7";"0";"2";"3";"1";"1";""
"202400009992";"155 764 166";"A01";"2";"7";"0";"2";"1";"13";"1";""
"202400009992";"155 764 169";"B01";"1";"7";"0";"2";"1";"1";"1";""
"202400009993";"155 764 164";"A01";"1";"33";"0";"2";"2";"17";"1";""
"202400009993";"155 764 168";"B01";"1";"7";"0";"2";"3";"15";"1";""
"202400009994";"155 764 163";"A01";"1";"7";"0";"2";"1";"1";"1";""
"202400009994";"155 764 165";"B01";"1";"7";"0";"2";"1";"0";"1";""
"202400009994";"155 764 167";"C01";"1";"10";"0";"2";"1";"0";"1";""