"Num_Acc";"id_vehicule";"num_veh";"senc";"catv";"obs";"obsm";"choc";"manv";"motor";"occutc"
"202400009995";"155 764 158";"A01";"1";"7";"0";"2";"3";"13";"1";""
"202400009995";"155 764 160";"B01";"2";"7";"0";"2";"3";"1";"1";""
"202400009995";"155 764 162";"C01";"2";"7";"0";"2";"1";"21";"1";""
"202400009996";"155 764 156";"A01";"2";"7";"8";"0";"0";"14";"1";""
"202400009997";"155 764 155";"A01";"1";"7";"6";"2";"3";"9";"1";""
"202400009997";"155 764 157";"B01";"1";"10";"0";"2";"2";"1";"1";""
"202400009998";"155 764 153";"A01";"1";"33";"6";"0";"0";"1";"1";""
"202400009999";"155 764 150";"A01";"2";"7";"6";"0";"2";"14";"1";""
"202400010000";"155 764 149";"B01";"1";"1";"0";"2";"1";"1";"5";""
"202400010000";"155 764 151";"A01";"2";"7";"0";"9";"2";"15";"1";""
"202400010001";"155 764 148";"A01";"3";"2";"0";"0";"1";"1";"1";""
"202400010002";"155 764 147";"A01";"1";"17";"8";"0";"2";"1";"1";""
"202400010003";"155 764 146";"A01";"2";"7";"13";"0";"3";"13";"1";""
"202400010004";"155 764 145";"A01";"3";"33";"8";"0";"8";"0";"1";""
"202400010005";"155 764 141";"A01";"1";"21";"0";"2";"3";"10";"1";""
"202400010005";"155 764 143";"B01";"2";"34";"0";"2";"1";"21";"1";""
"202400010006";"155 764 139";"A01";"2";"7";"0";"0";"6";"15";"1";""
"202400010006";"155 764 142";"C01";"1";"7";"0";"2";"0";"1";"1";""
"202400010006";"155 764 144";"B01";"2";"2";"0";"2";"7";"13";"1";""
"202400010007";"155 764 137";"A01";"1";"7";"0";"2";"2";"9";"1";""
"202400010007";"155 764 140";"B01";"1";"33";"0";"2";"2";"1";"1";""
"202400010008";"155 764 134";"A01";"2";"7";"0";"2";"1";"2";"1";""
"202400010008";"155 764 136";"B01";"2";"21";"0";"0";"4";"2";"1";""
"202400010009";"155 764 135";"A01";"2";"13";"0";"1";"2";"1";"1";""
"202400010010";"155 764 132";"A01";"3";"33";"0";"2";"3";"1";"1";""
"202400010010";"155 764 133";"B01";"3";"33";"0";"2";"3";"1";"1";""
"202400010011";"155 764 130";"A01";"1";"7";"2";"0";"1";"1";"1";""
"202400010012";"155 764 128";"A01";"1";"21";"0";"0";"0";"1";"1";""
"202400010013";"155 764 124";"E01";"2";"7";"0";"2";"2";"1";"1";""
"202400010013";"155 764 126";"B01";"2";"7";"0";"2";"1";"16";"1";""
"202400010013";"155 764 127";"D01";"2";"7";"0";"2";"1";"1";"1";""
"202400010013";"155 764 129";"A01";"1";"7";"0";"2";"1";"1";"1";""
"202400010013";"155 764 131";"C01";"1";"7";"0";"2";"1";"1";"1";""
"202400010014";"155 764 122";"A01";"1";"7";"0";"2";"7";"15";"1";""
"202400010014";"155 764 123";"B01";"2";"33";"0";"2";"1";"1";"1";""
"202400010015";"155 764 121";"B01";"2";"33";"0";"2";"1";"1";"1";""
"202400010015";"155 764 125";"A01";"1";"7";"0";"2";"1";"15";"1";""
"202400010016";"155 764 120";"A01";"1";"7";"0";"0";"9";"1";"1";""
"202400010017";"155 764 118";"A01";"1";"33";"2";"0";"2";"1";"1";""
"202400010018";"155 764 116";"A01";"1";"7";"0";"2";"2";"15";"1";""
"202400010018";"155 764 119";"B01";"1";"32";"0";"2";"1";"17";"1";""
"202400010019";"155 764 117";"A01";"1";"7";"0";"1";"3";"1";"1";""
"202400010020";"155 764 115";"A01";"2";"33";"0";"0";"7";"21";"1";""
"202400010021";"155 764 114";"A01";"2";"7";"0";"1";"5";"4";"1";""
"202400010022";"155 764 113";"A01";"1";"7";"6";"0";"3";"1";"1";""
"202400010023";"155 764 112";"A01";"1";"38";"0";"1";"3";"1";"1";"1"
"202400010024";"155 764 111";"A01";"2";"7";"2";"0";"9";"1";"1";""
"202400010025";"155 764 109";"A01";"1";"7";"6";"0";"3";"1";"1";""
"202400010026";"155 764 108";"A01";"2";"7";"0";"2";"1";"0";"2";""
"202400010026";"155 764 110";"B01";"1";"7";"0";"2";"1";"1";"1";""
"202400010027";"155 764 106";"A01";"2";"33";"0";"0";"0";"16";"1";""
"202400010028";"155 764 104";"A01";"1";"7";"0";"2";"3";"13";"1";""
"202400010028";"155 764 107";"B01";"2";"7";"3";"2";"3";"1";"1";""
"202400010029";"155 764 103";"A01";"1";"7";"0";"2";"1";"13";"1";""
"202400010029";"155 764 105";"B01";"2";"38";"15";"2";"3";"1";"1";"1"
"202400010030";"155 764 102";"A01";"1";"7";"13";"6";"1";"1";"1";""
"202400010031";"155 764 100";"A01";"3";"31";"6";"0";"2";"1";"1";""
"202400010032";"155 764 098";"A01";"1";"33";"0";"2";"3";"1";"1";""
"202400010032";"155 764 101";"B01";"2";"7";"0";"2";"3";"1";"1";""
"202400010033";"155 764 095";"A01";"2";"10";"0";"0";"1";"0";"1";""
"202400010033";"155 764 097";"B01";"1";"7";"0";"0";"1";"0";"1";""
"202400010034";"155 764 096";"A01";"1";"7";"1";"0";"2";"1";"1";""
"202400010034";"155 764 099";"B01";"1";"10";"0";"0";"6";"23";"1";""
"202400010035";"155 764 094";"A01";"0";"2";"0";"1";"1";"17";"0";""
"202400010036";"155 764 090";"B01";"2";"7";"0";"0";"3";"6";"1";""
"202400010036";"155 764 093";"A01";"1";"99";"0";"0";"3";"1";"1";""
"202400010037";"155 764 089";"A01";"3";"10";"0";"1";"2";"15";"1";""
"202400010038";"155 764 091";"B01";"2";"50";"0";"2";"1";"1";"3";""
"202400010038";"155 764 092";"A01";"1";"7";"0";"2";"3";"1";"1";""
"202400010039";"155 764 086";"A01";"3";"7";"0";"2";"3";"1";"1";""
"202400010039";"155 764 088";"B01";"3";"7";"0";"2";"3";"15";"1";""
"202400010040";"155 764 085";"A01";"3";"7";"2";"0";"2";"0";"2";""
"202400010041";"155 764 084";"A01";"3";"7";"0";"2";"1";"1";"1";""
"202400010041";"155 764 087";"B01";"0";"7";"0";"2";"2";"9";"1";""
"202400010042";"155 764 082";"B01";"0";"50";"0";"2";"1";"1";"3";""
"202400010042";"155 764 083";"A01";"0";"7";"0";"9";"3";"1";"1";""
"202400010043";"155 764 081";"A01";"1";"33";"4";"0";"8";"1";"1";""
"202400010044";"155 764 078";"A01";"1";"7";"0";"2";"3";"13";"1";""
"202400010044";"155 764 079";"B01";"1";"20";"0";"2";"3";"1";"1";""
"202400010045";"155 764 077";"A01";"1";"7";"0";"2";"1";"19";"1";""
"202400010045";"155 764 080";"B01";"2";"7";"0";"2";"2";"5";"1";""
"202400010046";"155 764 074";"A01";"1";"7";"0";"2";"3";"13";"1";""
"202400010046";"155 764 076";"B01";"2";"7";"0";"2";"3";"1";"1";""
"202400010047";"155 764 073";"B01";"1";"32";"8";"2";"8";"1";"1";""
"202400010047";"155 764 075";"A01";"2";"7";"0";"2";"1";"15";"1";""
"202400010048";"155 764 072";"A01";"1";"33";"6";"0";"8";"1";"1";""
"202400010049";"155 764 071";"A01";"2";"2";"3";"0";"3";"13";"1";""
"202400010050";"155 764 066";"A01";"3";"7";"0";"1";"1";"1";"1";""
"202400010051";"155 764 065";"A01";"1";"10";"0";"2";"2";"13";"1";""
"202400010051";"155 764 069";"B01";"1";"7";"0";"2";"6";"23";"1";""
"202400010052";"155 764 064";"A01";"1";"7";"0";"2";"3";"15";"1";""
"202400010052";"155 764 068";"B01";"2";"1";"0";"2";"4";"1";"5";""
"202400010053";"155 764 063";"A01";"1";"7";"4";"2";"7";"14";"1";""
"202400010053";"155 764 067";"B01";"1";"15";"0";"2";"8";"1";"1";""
"202400010053";"155 764 070";"C01";"1";"17";"0";"0";"0";"1";"6";""
"202400010054";"155 764 058";"A01";"1";"7";"0";"2";"1";"2";"1";""
"202400010054";"155 764 062";"B01";"1";"7";"4";"2";"4";"2";"1";""
"202400010055";"155 764 057";"A01";"3";"7";"0";"9";"2";"19";"1";""
"202400010055";"155 764 061";"B01";"3";"1";"0";"2";"1";"1";"5";""
"202400010056";"155 764 056";"B01";"1";"7";"3";"0";"3";"1";"1";""
"202400010056";"155 764 060";"A01";"2";"7";"3";"0";"3";"13";"1";""
"202400010057";"155 764 054";"A01";"1";"7";"3";"0";"1";"26";"1";""
"202400010058";"155 764 053";"A01";"1";"7";"0";"2";"3";"13";"1";""
"202400010058";"155 764 055";"B01";"2";"7";"0";"2";"3";"1";"1";""
"202400010058";"155 764 059";"C01";"1";"7";"0";"2";"8";"1";"1";""
"202400010059";"155 764 050";"A01";"0";"7";"0";"2";"1";"15";"1";""
"202400010059";"155 764 051";"B01";"0";"31";"0";"2";"8";"1";"1";""
"202400010060";"155 764 048";"A01";"1";"7";"4";"0";"1";"14";"1";""
"202400010061";"155 764 049";"A01";"2";"7";"0";"9";"5";"2";"1";""
"202400010061";"155 764 052";"B01";"2";"1";"0";"2";"3";"2";"5";""
"202400010062";"155 764 045";"A01";"3";"2";"13";"0";"1";"1";"1";""
"202400010063";"155 764 042";"A01";"3";"7";"0";"1";"7";"0";"2";""
"202400010064";"155 764 043";"A01";"0";"7";"0";"2";"3";"0";"1";""
"202400010064";"155 764 046";"B01";"0";"2";"0";"2";"1";"0";" -1";""
"202400010065";"155 764 041";"A01";"1";"7";"0";"2";"8";"19";"1";""
"202400010065";"155 764 044";"B01";"2";"7";"0";"2";"1";"1";"1";""
"202400010066";"155 764 040";"A01";"1";"7";"0";"1";"2";"1";"1";""
"202400010067";"155 764 039";"A01";"3";"7";"0";"1";"6";"4";"1";""
"202400010068";"155 764 037";"A01";"1";"7";"13";"0";"1";"0";"1";""
"202400010069";"155 764 038";"A01";"1";"7";"13";"0";"0";"0";"1";""
"202400010070";"155 764 034";"A01";"2";"7";"0";"1";"2";"1";"1";""
"202400010071";"155 764 032";"A01";"2";"7";"0";"2";"3";"15";"1";""
"202400010071";"155 764 035";"B01";"2";"33";"0";"2";"1";"17";"1";""
"202400010072";"155 764 030";"A01";"2";"7";"0";"2";"4";"2";"1";""
"202400010072";"155 764 033";"B01";"2";"10";"0";"2";"1";"2";"1";""
"202400010073";"155 764 028";"A01";"1";"7";"0";"2";"3";"13";"1";""
"202400010073";"155 764 031";"B01";"2";"17";"0";"2";"3";"1";"1";""
"202400010074";"155 764 027";"A01";"1";"7";"0";"2";"0";"15";"1";""
"202400010074";"155 764 029";"B01";"1";"33";"0";"2";"0";"1";"1";""
"202400010075";"155 764 026";"A01";"2";"43";"0";"0";"2";"17";"1";""
"202400010076";"155 764 022";"A01";"1";"7";"0";"2";"6";"1";"2";""
"202400010076";"155 764 024";"B01";"1";"33";"0";"2";"1";"3";"1";""
"202400010077";"155 764 021";"A01";"2";"33";"0";"2";"1";"2";"1";""
"202400010077";"155 764 023";"B01";"2";"10";"0";"2";"4";"14";"1";""
"202400010078";"155 764 019";"A01";"1";"7";"0";"2";"1";"1";"1";""
"202400010078";"155 764 025";"B01";"2";"7";"0";"2";"3";"15";"1";""
"202400010079";"155 764 018";"A01";"1";"16";"0";"2";"1";"1";"1";""
"202400010079";"155 764 020";"B01";"1";"7";"0";"2";"4";"1";"1";""
"202400010080";"155 764 015";"A01";"1";"33";"0";"2";"2";"18";"1";""
"202400010080";"155 764 017";"B01";"1";"7";"0";"2";"3";"11";"2";""
"202400010081";"155 764 014";"A01";"2";"1";"0";"1";"1";"1";"5";""
"202400010082";"155 764 012";"A01";"1";"33";"0";"2";"1";"2";"1";""
"202400010082";"155 764 016";"Z01";"1";"7";"0";"2";"4";"1";"0";""
"202400010083";"155 764 013";"A01";"1";"7";"16";"0";"8";"26";"0";""
"202400010084";"155 764 010";"A01";"1";"7";"1";"1";"1";"14";"1";""
"202400010085";"155 764 009";"A01";"2";"1";"0";"2";"1";"1";"5";""
"202400010085";"155 764 011";"B01";"1";"38";"0";"2";"3";"5";"1";"1"
"202400010086";"155 764 006";"B01";"1";"33";"0";"2";"7";"1";"1";""
"202400010086";"155 764 008";"A01";"1";"7";"0";"2";"3";"11";"1";""
"202400010087";"155 764 002";"C01";"2";"7";"0";"2";"4";"23";"1";""
"202400010087";"155 764 005";"A01";"2";"7";"0";"2";"1";"2";"1";""
"202400010087";"155 764 007";"B01";"2";"7";"0";"2";"4";"23";"1";""
"202400010088";"155 764 001";"A01";"2";"7";"0";"2";"1";"2";"1";""
"202400010088";"155 764 004";"B01";"2";"7";"0";"2";"4";"2";"1";""
"202400010089";"155 764 000";"A01";"2";"7";"0";"2";"3";"13";"1";""
"202400010089";"155 764 003";"B01";"1";"7";"0";"2";"1";"15";"1";""
"202400010090";"155 763 994";"B01";"1";"15";"0";"2";"4";"2";"1";""
"202400010090";"155 763 999";"A01";"1";"10";"0";"2";"1";"2";"1";""
"202400010091";"155 763 992";"A01";"1";"33";"0";"2";"1";"17";"1";""
"202400010091";"155 763 996";"B01";"2";"7";"0";"2";"3";"1";"1";""
"202400010092";"155 763 995";"A01";"1";"14";"1";"0";"5";"1";"4";""
"202400010092";"155 763 998";"B01";"1";"10";"0";"2";"3";"24";"3";""
"202400010093";"155 763 991";"A01";"1";"7";"0";"1";"1";"1";"1";""
"202400010093";"155 763 993";"B01";"1";"7";"0";"1";"1";"1";"1";""
"202400010093";"155 763 997";"C01";"1";"7";"0";"1";"1";"1";"2";""
"202400010094";"155 763 986";"A01";"1";"33";"0";"2";"3";"1";"1";""
"202400010094";"155 763 988";"B01";"2";"7";"0";"2";"8";"1";"1";""
"202400010095";"155 763 987";"B01";"1";"7";"0";"2";"3";"1";"1";""
"202400010095";"155 763 989";"A01";"1";"7";"0";"2";"1";"19";"1";""
"202400010096";"155 763 985";"A01";"2";"33";"0";"2";"1";"2";"1";""
"202400010096";"155 763 990";"B01";"2";"7";"0";"2";"4";"2";"1";""
"202400010097";"155 763 979";"A01";"2";"50";"0";"2";"1";"1";"3";""
"202400010097";"155 763 984";"B01";"1";"7";"0";"2";"3";"1";"1";""
"202400010098";"155 763 980";"B01";"2";"14";"0";"2";"1";"1";"0";""
"202400010098";"155 763 983";"A01";"2";"7";"0";"2";"1";"19";"1";""
"202400010099";"155 763 978";"A01";"2";"7";"0";"2";"1";"2";"1";""
"202400010099";"155 763 982";"B01";"2";"7";"0";"2";"4";"2";"1";""
"202400010100";"155 763 976";"C01";"2";"21";"0";"2";"8";"1";"1";""
"202400010100";"155 763 977";"B01";"2";"7";"0";"2";"9";"17";"1";""
"202400010100";"155 763 981";"A01";"2";"7";"0";"2";"7";"17";"1";""
"202400010101";"155 763 972";"Z01";"1";"1";"0";"1";"3";"1";"5";""
"202400010102";"155 763 973";"A01";"2";"7";"0";"2";"2";"1";"1";""
"202400010102";"155 763 975";"B01";"2";"33";"0";"2";"6";"13";"0";""
"202400010103";"155 763 971";"B01";"2";"33";"0";"2";"7";"3";"1";""
"202400010103";"155 763 974";"A01";"2";"7";"0";"2";"3";"11";"1";""
"202400010104";"155 763 969";"A01";"2";"7";"13";"0";"1";"0";"1";""
"202400010105";"155 763 968";"A01";"2";"32";"0";"0";"1";"3";"1";""
"202400010106";"155 763 966";"A01";"3";"7";"0";"2";"3";"19";"6";""
"202400010106";"155 763 970";"B01";"0";"2";"0";"2";"1";"1";"0";""
"202400010107";"155 763 965";"A01";"2";"30";"0";"2";"4";"1";"3";""
"202400010107";"155 763 967";"B01";"2";"1";"0";"0";"0";"1";"5";""
"202400010108";"155 763 962";"A01";"1";"33";"0";"2";"2";"12";"1";""
"202400010108";"155 763 964";"B01";"1";"7";"0";"2";"6";"11";"1";""
"202400010109";"155 763 958";"B01";"2";"7";"0";"2";"6";"1";"1";""
"202400010109";"155 763 961";"A01";"2";"15";"0";"2";"3";"12";"1";""
"202400010110";"155 763 957";"B01";"2";"1";"0";"0";"2";"1";"5";""
"202400010110";"155 763 959";"A01";"2";"10";"0";"2";"3";"22";"1";""
"202400010111";"155 763 956";"A01";"2";"7";"0";"2";"8";"1";"1";""
"202400010112";"155 763 955";"B01";"1";"7";"0";"2";"4";"1";"1";""
"202400010112";"155 763 960";"C01";"1";"7";"0";"2";"4";"1";"1";""
"202400010112";"155 763 963";"A01";"1";"7";"0";"2";"1";"1";"1";""
"202400010113";"155 763 952";"A01";"2";"7";"0";"2";"6";"2";"1";""
"202400010114";"155 763 951";"B01";"1";"1";"0";"2";"2";"1";"5";""
"202400010114";"155 763 954";"A01";"1";"7";"0";"2";"3";"22";"1";""
"202400010115";"155 763 949";"A01";"2";"7";"0";"2";"8";"11";"1";""
"202400010115";"155 763 953";"B01";"2";"33";"0";"2";"7";"3";"1";""
"202400010116";"155 763 945";"B01";"2";"7";"0";"2";"3";"11";"1";""
"202400010116";"155 763 947";"A01";"2";"33";"0";"2";"7";"3";"1";""
"202400010117";"155 763 943";"B01";"2";"7";"0";"2";"4";"2";"1";""
"202400010117";"155 763 948";"C01";"2";"7";"0";"2";"4";"2";"1";""
"202400010117";"155 763 950";"A01";"2";"7";"0";"2";"1";"2";"1";""
"202400010118";"155 763 942";"A01";"2";"17";"0";"2";"1";"1";"1";""
"202400010118";"155 763 946";"B01";"2";"7";"0";"2";"8";"9";"1";""
"202400010119";"155 763 941";"A01";"1";"7";"0";"9";"2";"14";"3";""
"202400010119";"155 763 944";"B01";"1";"80";"0";"2";"8";"1";"3";""
"202400010120";"155 763 937";"A01";"2";"33";"0";"2";"2";"3";"1";""
"202400010120";"155 763 940";"B01";"2";"10";"0";"2";"6";"11";"1";""
"202400010121";"155 763 933";"A01";"2";"37";"0";"2";"1";"2";"1";"1"
"202400010121";"155 763 936";"B01";"2";"10";"0";"2";"4";"2";"1";""
"202400010121";"155 763 938";"C01";"2";"7";"0";"2";"4";"2";"1";""
"202400010121";"155 763 939";"D01";"2";"38";"0";"2";"4";"2";"1";"1"
"202400010122";"155 763 934";"A01";"1";"7";"1";"0";"0";"0";"0";""
"202400010123";"155 763 929";"A01";"1";"10";"0";"2";"1";"1";"1";""
"202400010123";"155 763 932";"B01";"1";"7";"0";"2";"4";"1";"1";""
"202400010124";"155 763 928";"A01";"2";"7";"4";"0";"2";"26";"1";""
"202400010125";"155 763 931";"B01";"3";"10";"0";"2";"6";"21";"1";""
"202400010125";"155 763 935";"A01";"3";"7";"0";"2";"3";"13";"1";""
"202400010126";"155 763 927";"A01";"2";"7";"0";"2";"8";"11";"1";""
"202400010126";"155 763 930";"B01";"2";"33";"0";"2";"7";"3";"1";""
"202400010127";"155 763 925";"A01";"1";"33";"0";"0";"0";"11";"1";""
"202400010128";"155 763 922";"A01";"1";"2";"0";"2";"1";"1";"1";""
"202400010128";"155 763 924";"B01";"1";"7";"0";"2";"8";"1";"1";""
"202400010129";"155 763 920";"B01";"2";"33";"0";"2";"1";"3";"1";""
"202400010129";"155 763 926";"A01";"2";"7";"0";"2";"5";"12";"1";""
"202400010130";"155 763 921";"A01";"0";"7";"0";"2";"6";"2";"1";""
"202400010130";"155 763 923";"B01";"0";"33";"0";"2";"1";"2";"1";""
"202400010131";"155 763 918";"B01";"1";"43";"0";"2";"2";"1";"1";""
"202400010131";"155 763 919";"A01";"1";"7";"0";"2";"6";"11";"1";""
"202400010132";"155 763 915";"A01";"2";"7";"8";"0";"2";"1";"2";""
"202400010133";"155 763 911";"B01";"1";"14";"0";"2";"2";"1";"1";""
"202400010133";"155 763 914";"A01";"1";"7";"0";"2";"6";"13";"2";""
"202400010134";"155 763 910";"C01";"2";"10";"0";"2";"8";"1";"1";""
"202400010134";"155 763 912";"D01";"2";"15";"0";"2";"5";"1";"1";""
"202400010134";"155 763 913";"A01";"2";"7";"0";"2";"3";"13";"3";""
"202400010134";"155 763 917";"B01";"2";"7";"0";"2";"2";"1";"2";""
"202400010135";"155 763 903";"A01";"2";"33";"0";"2";"1";"3";"1";""
"202400010135";"155 763 907";"B01";"2";"10";"0";"2";"6";"11";"1";""
"202400010136";"155 763 902";"A01";"1";"10";"0";"2";"1";"1";"1";""
"202400010136";"155 763 905";"B01";"1";"10";"0";"2";"4";"1";"1";""
"202400010136";"155 763 908";"C01";"1";"7";"0";"0";"4";"1";"1";""
"202400010137";"155 763 906";"B01";"0";"10";"0";"2";"2";"0";"1";""
"202400010137";"155 763 909";"C01";"0";"10";"0";"2";"6";"5";"0";""
"202400010137";"155 763 916";"A01";"2";"7";"0";"2";"6";"2";"1";""
"202400010138";"155 763 897";"B01";"2";"7";"0";"2";"3";"15";"1";""
"202400010138";"155 763 899";"A01";"1";"32";"0";"2";"1";"1";"1";""
"202400010139";"155 763 895";"A01";"0";"37";"0";"2";"4";"1";"1";"1"
"202400010139";"155 763 898";"B01";"0";"13";"0";"2";"1";"1";"1";""
"202400010140";"155 763 894";"B01";"1";"10";"0";"2";"6";"2";"1";""
"202400010140";"155 763 896";"C01";"1";"15";"0";"2";"2";"2";"1";""
"202400010140";"155 763 900";"D01";"1";"7";"0";"2";"6";"2";"1";""
"202400010140";"155 763 901";"A01";"1";"7";"0";"2";"9";"11";"1";""
"202400010140";"155 763 904";"E01";"1";"7";"0";"2";"1";"2";"1";""
"202400010141";"155 763 893";"A01";"3";"10";"0";"1";"1";"23";"1";""
"202400010142";"155 763 891";"A01";"2";"33";"4";"0";"8";"26";"1";""
"202400010143";"155 763 890";"A01";"0";"10";"0";"2";"3";"15";"1";""
"202400010143";"155 763 892";"B01";"0";"10";"0";"2";"2";"1";"1";""
"202400010144";"155 763 886";"A01";"2";"7";"0";"2";"1";"1";"1";""
"202400010144";"155 763 889";"B01";"2";"7";"0";"2";"4";"1";"1";""
"202400010145";"155 763 884";"A01";"2";"7";"0";"2";"8";"13";"1";""
"202400010145";"155 763 887";"B01";"2";"33";"0";"2";"7";"3";"1";""
"202400010146";"155 763 885";"A01";"1";"7";"0";"0";"6";"1";"1";""
"202400010146";"155 763 888";"B01";"2";"7";"0";"2";"3";"13";"1";""
"202400010147";"155 763 880";"A01";"1";"33";"4";"0";"1";"1";"1";""
"202400010148";"155 763 882";"A01";"2";"7";"3";"0";"1";"1";"1";""
"202400010149";"155 763 877";"B01";"2";"7";"0";"2";"1";"2";"1";""
"202400010149";"155 763 879";"A01";"2";"10";"0";"2";"4";"23";"1";""
"202400010149";"155 763 881";"C01";"2";"33";"14";"2";"1";"3";"1";""
"202400010150";"155 763 878";"A01";"2";"7";"0";"2";"3";"1";"1";""
"202400010150";"155 763 883";"B01";"1";"30";"0";"2";"8";"1";"3";""
"202400010151";"155 763 876";"A01";"1";"30";"0";"0";"7";"16";"1";""
"202400010152";"155 763 872";"A01";"1";"50";"0";"2";"8";"9";"3";""
"202400010152";"155 763 875";"B01";"1";"7";"0";"2";"2";"1";"1";""
"202400010153";"155 763 871";"B01";"3";"7";"0";"2";"5";"20";"1";""
"202400010153";"155 763 874";"A01";"3";"2";"0";"2";"1";"2";"1";""
"202400010154";"155 763 870";"A01";"1";"33";"0";"2";"3";"26";"1";""
"202400010154";"155 763 873";"B01";"2";"7";"0";"2";"3";"0";"1";""
"202400010155";"155 763 866";"A01";"3";"30";"0";"2";"3";"9";"1";""
"202400010155";"155 763 868";"B01";"3";"37";"0";"2";"8";"1";"1";"1"
"202400010155";"155 763 869";"C01";"3";"7";"0";"2";"6";"23";"2";""
"202400010156";"155 763 863";"A01";"1";"7";"0";"2";"8";"22";"1";""
"202400010156";"155 763 865";"C01";"1";"1";"0";"2";"7";"17";"5";""
"202400010156";"155 763 867";"B01";"1";"1";"0";"2";"7";"21";"5";""
"202400010157";"155 763 862";"A01";"2";"7";"0";"2";"3";"1";"1";""
"202400010157";"155 763 864";"B01";"2";"1";"0";"2";"1";"9";"5";""
"202400010158";"155 763 856";"B01";"1";"7";"0";"0";"1";"13";"2";""
"202400010158";"155 763 859";"A01";"2";"7";"0";"2";"1";"1";"1";""
"202400010159";"155 763 858";"A01";"1";"7";"0";"2";"1";"26";"1";""
"202400010159";"155 763 861";"B01";"1";"7";"0";"2";"4";"2";"1";""
"202400010160";"155 763 853";"A01";"1";"7";"0";"9";"2";"15";"1";""
"202400010160";"155 763 854";"B01";"2";"1";"0";"2";"1";"1";"5";""
"202400010161";"155 763 852";"B01";"2";"7";"0";"2";"4";"1";"2";""
"202400010161";"155 763 855";"C01";"2";"7";"0";"2";"4";"1";"1";""
"202400010161";"155 763 857";"D01";"2";"7";"0";"2";"4";"1";"1";""
"202400010161";"155 763 860";"A01";"2";"7";"0";"2";"1";"1";"1";""
"202400010162";"155 763 851";"A01";"1";"7";"13";"0";"9";"14";"1";""
"202400010163";"155 763 848";"A01";"1";"30";"0";"2";"1";"26";"1";""
"202400010164";"155 763 845";"A01";"1";"7";"0";"2";"1";"26";"1";""
"202400010164";"155 763 847";"B01";"1";"7";"0";"2";"1";"26";"1";""
"202400010164";"155 763 850";"C01";"1";"7";"0";"2";"4";"1";"1";""
"202400010165";"155 763 841";"B01";"1";"13";"4";"2";"3";"1";"1";""
"202400010165";"155 763 844";"C01";"2";"7";"0";"2";"1";"21";"1";""
"202400010165";"155 763 846";"A01";"2";"7";"0";"2";"1";"13";"1";""
"202400010166";"155 763 840";"A01";"1";"30";"12";"0";"2";"1";"1";""
"202400010167";"155 763 838";"C01";"1";"99";"0";"2";"1";"1";" -1";""
"202400010167";"155 763 839";"B01";"1";"30";"0";"0";"3";"1";"1";""
"202400010167";"155 763 842";"A01";"2";"37";"0";"2";"2";"13";" -1";"2"
"202400010168";"155 763 843";"A01";"1";"7";"0";"9";"3";"15";"1";""
"202400010168";"155 763 849";"B01";"1";"1";"0";"2";"1";"1";"5";""
"202400010169";"155 763 836";"A01";"3";"7";"6";"0";"1";"1";"1";""
"202400010170";"155 763 837";"A01";"2";"33";"0";"0";"8";"0";"1";""
"202400010171";"155 763 833";"A01";"1";"7";"0";"9";"0";"0";"1";""
"202400010171";"155 763 834";"B01";"1";"31";"0";"2";"7";"17";"1";""
"202400010172";"155 763 830";"A01";"2";"7";"0";"1";"3";"1";"1";""
"202400010173";"155 763 829";"A01";"2";"10";"0";"2";"2";"15";"1";""
"202400010173";"155 763 831";"B01";"2";"1";"0";"2";"1";"1";"5";""
"202400010174";"155 763 828";"A01";"1";"7";"9";"0";"1";"14";"1";""
"202400010175";"155 763 832";"A01";"2";"7";"0";"2";"3";"10";"1";""
"202400010175";"155 763 835";"B01";"2";"32";"0";"2";"1";"1";"1";""
"202400010176";"155 763 827";"A01";"2";"1";"0";"0";" -1";"24";"5";""
"202400010177";"155 763 825";"A01";"1";"7";"0";"2";"5";"2";"1";""
"202400010177";"155 763 826";"B01";"1";"2";"0";"2";"3";"2";"1";""
"202400010178";"155 763 824";"A01";"3";"7";"0";"1";"3";"1";"1";""
"202400010179";"155 763 823";"A01";"1";"2";"3";"0";"8";"0";"1";""
"202400010180";"155 763 821";"A01";"2";"50";"0";"2";"1";"1";"3";""
"202400010180";"155 763 822";"B01";"1";"7";"0";"2";"2";"15";"1";""
"202400010181";"155 763 818";"A01";"2";"7";"0";"2";"1";"1";"1";""
"202400010181";"155 763 819";"B01";"1";"7";"0";"2";"0";"26";"1";""
"202400010182";"155 763 817";"A01";"1";"2";"0";"1";"1";"3";"1";""
"202400010183";"155 763 814";"A01";"1";"7";"0";"2";"1";"15";"1";""
"202400010183";"155 763 816";"B01";"2";"50";"0";"2";"1";"2";"3";""
"202400010184";"155 763 813";"A01";"3";"7";"1";"0";"1";"21";"1";""
"202400010185";"155 763 812";"A01";"1";"7";"13";"0";"1";"1";"1";""
"202400010186";"155 763 809";"A01";"2";"7";"0";"2";"4";"12";"1";""
"202400010186";"155 763 811";"B01";"2";"7";"0";"2";"1";"2";"1";""
"202400010187";"155 763 815";"A01";"3";"1";"0";"2";"1";"1";"5";""
"202400010187";"155 763 820";"B01";"3";"50";"0";"2";"1";"1";"3";""
"202400010188";"155 763 807";"A01";"1";"31";"0";"0";"0";"14";"1";""