"Num_Acc";"id_vehicule";"num_veh";"senc";"catv";"obs";"obsm";"choc";"manv";"motor";"occutc"
"202400011018";"155 762 355";"A01";"1";"1";"0";"2";"7";"1";"5";""
"202400011018";"155 762 356";"Z01";"1";"7";"0";"2";"1";"1";"3";""
"202400011019";"155 762 353";"B01";"2";"33";"0";"2";"5";"1";"1";""
"202400011019";"155 762 354";"A01";"2";"10";"0";"2";"3";"11";"1";""
"202400011020";"155 762 350";"A01";"1";"7";"0";"2";"1";"1";"1";""
"202400011020";"155 762 352";"B01";"1";"10";"0";"2";"7";"1";"1";""
"202400011021";"155 762 349";"A01";"1";"7";"0";"2";"6";"11";"1";""
"202400011021";"155 762 351";"B01";"1";"33";"0";"2";"2";"1";"1";""
"202400011022";"155 762 348";"A01";"1";"1";"0";"1";"1";"1";"5";""
"202400011023";"155 762 347";"A01";"2";"50";"1";"0";"1";"26";"3";""
"202400011024";"155 762 343";"A01";"2";"7";"0";"2";"3";"15";"2";""
"202400011024";"155 762 345";"B01";"3";"33";"0";"2";"2";"2";"1";""
"202400011025";"155 762 344";"A01";"2";"7";"0";"2";"8";"24";"1";""
"202400011025";"155 762 346";"B01";"2";"1";"1";"0";"1";"1";"5";""
"202400011026";"155 762 342";"A01";"1";"37";"0";"1";"8";"1";"3";"1"
"202400011027";"155 762 340";"A01";"1";"7";"0";"2";"4";"12";"1";""
"202400011027";"155 762 341";"B01";"1";"7";"0";"2";"1";"7";"0";""
"202400011028";"155 762 338";"Z01";"3";"13";"0";"0";"8";"26";"0";""
"202400011028";"155 762 339";"A01";"1";"32";"0";"2";"7";"1";"1";""
"202400011029";"155 762 334";"B01";"2";"30";"14";"2";"1";"1";"3";""
"202400011029";"155 762 336";"A01";"1";"7";"15";"2";"1";"13";"2";""
"202400011030";"155 762 333";"B01";"3";"7";"0";"2";"3";"15";"1";""
"202400011030";"155 762 335";"A01";"3";"7";"8";"0";"1";"17";"2";""
"202400011031";"155 762 330";"A01";"1";"7";"0";"2";"2";"10";"0";""
"202400011031";"155 762 332";"B01";"2";"50";"0";"2";"3";"1";"3";""
"202400011032";"155 762 329";"A01";"1";"1";"0";"2";"2";"17";"5";""
"202400011032";"155 762 331";"B01";"1";"80";"0";"2";"6";"15";"3";""
"202400011033";"155 762 326";"B01";"3";"50";"0";"2";"8";"1";"3";""
"202400011033";"155 762 328";"A01";"3";"7";"0";"2";"1";"9";"1";""
"202400011034";"155 762 325";"A01";"2";"7";"1";"2";"1";"1";"1";""
"202400011034";"155 762 327";"B01";"1";"7";"0";"2";"2";"1";"3";""
"202400011035";"155 762 323";"A01";"1";"33";"0";"2";"7";"1";"1";""
"202400011035";"155 762 324";"Z01";"3";"10";"0";"2";"6";"13";"0";""
"202400011036";"155 762 322";"A01";"3";"7";"12";"0";"0";"14";"0";""
"202400011037";"155 762 318";"A01";"3";"7";"0";"2";"1";"2";"1";""
"202400011037";"155 762 320";"C01";"3";"10";"0";"0";"4";"0";"1";""
"202400011037";"155 762 321";"B01";"3";"7";"0";"2";"4";"1";"2";""
"202400011038";"155 762 317";"A01";"1";"7";"0";"2";"3";"15";"1";""
"202400011038";"155 762 319";"B01";"1";"33";"0";"2";"2";"17";"1";""
"202400011039";"155 762 313";"A01";"1";"7";"0";"2";"8";"22";"1";""
"202400011039";"155 762 315";"B01";"1";"43";"0";"2";"1";"1";"1";""
"202400011040";"155 762 314";"A01";"3";"33";"0";"2";"4";"1";"1";""
"202400011040";"155 762 316";"B01";"3";"7";"0";"2";"1";"1";"1";""
"202400011041";"155 762 310";"A01";"2";"60";"1";"0";"7";"1";"5";""
"202400011041";"155 762 312";"B01";"3";"10";"0";"0";"8";"24";"1";""
"202400011042";"155 762 309";"B01";"2";"7";"1";"2";"2";"1";"1";""
"202400011042";"155 762 311";"A01";"1";"7";"12";"0";"5";"19";"1";""
"202400011043";"155 762 306";"B01";"3";"10";"0";"2";"1";"2";"0";""
"202400011043";"155 762 307";"A01";"3";"7";"0";"2";"4";"1";"1";""
"202400011044";"155 762 305";"A01";"2";"33";"0";"2";"5";"1";"1";""
"202400011044";"155 762 308";"Z01";"2";"10";"0";"2";"5";"11";"0";""
"202400011045";"155 762 304";"A01";"0";"50";"9";"0";"1";"0";"3";""
"202400011046";"155 762 302";"A01";"1";"31";"0";"2";"2";"15";"1";""
"202400011046";"155 762 303";"B01";"2";"1";"0";"2";"8";"1";"5";""
"202400011047";"155 762 299";"A01";"1";"7";"0";"2";"1";"1";"1";""
"202400011047";"155 762 301";"B01";"1";"7";"0";"2";"4";"1";"1";""
"202400011048";"155 762 300";"A01";"1";"7";"0";"1";"4";"20";"2";""
"202400011049";"155 762 297";"A01";"1";"7";"2";"0";"1";"1";"1";""
"202400011050";"155 762 296";"B01";"1";"33";"0";"2";"8";"1";"1";""
"202400011050";"155 762 298";"A01";"1";"7";"0";"2";"3";"1";"1";""
"202400011051";"155 762 295";"A01";"1";"7";"6";"0";"1";"13";"0";""
"202400011052";"155 762 294";"Y01";"1";"1";"0";"2";"5";"21";"5";""
"202400011053";"155 762 292";"A01";"1";"7";"0";"2";"3";"24";"1";""
"202400011053";"155 762 293";"B01";"1";"1";"1";"0";"0";"0";"5";""
"202400011054";"155 762 290";"B01";"1";"7";"0";"0";"1";"1";"1";""
"202400011054";"155 762 291";"A01";"1";"7";"8";"0";"4";"2";"1";""
"202400011055";"155 762 289";"A01";"1";"10";"2";"0";"1";"1";"1";""
"202400011056";"155 762 288";"A01";"3";"33";"0";"0";"9";"1";"1";""
"202400011057";"155 762 286";"B01";"3";"7";"0";"2";"8";"15";"0";""
"202400011057";"155 762 287";"A01";"3";"2";"0";"2";"1";"26";"1";""
"202400011058";"155 762 284";"A01";"1";"7";"0";"2";"8";"9";"1";""
"202400011058";"155 762 285";"B01";"1";"7";"0";"2";"1";"1";"1";""
"202400011059";"155 762 282";"C01";"0";"50";"0";"2";"0";"19";"3";""
"202400011059";"155 762 283";"A01";"3";"7";"0";"2";"1";"2";"2";""
"202400011060";"155 762 281";"A01";"1";"7";"2";"0";"3";"1";"1";""
"202400011061";"155 762 280";"A01";"3";"37";"0";"1";"2";"1";"1";"1"
"202400011062";"155 762 278";"B01";"1";"2";"0";"2";"1";"1";"1";""
"202400011062";"155 762 279";"A01";"2";"7";"0";"2";"3";"15";"1";""
"202400011063";"155 762 276";"B01";"2";"7";"0";"2";"4";"1";"1";""
"202400011063";"155 762 277";"A01";"2";"33";"0";"2";"1";"1";"1";""
"202400011064";"155 762 275";"A01";"0";"7";"2";"0";"1";"1";"1";""
"202400011065";"155 762 274";"A01";"0";"7";"0";"1";"1";"1";"2";""
"202400011066";"155 762 272";"B01";"2";"50";"0";"2";"7";"25";"3";""
"202400011066";"155 762 273";"A01";"2";"7";"0";"9";"1";"16";"1";""
"202400011067";"155 762 269";"B01";"1";"1";"0";"2";"4";"1";"5";""
"202400011067";"155 762 271";"A01";"1";"7";"0";"2";"8";"19";"2";""
"202400011068";"155 762 268";"B01";"1";"7";"13";"2";"2";"2";"1";""
"202400011068";"155 762 270";"A01";"2";"7";"8";"2";"1";"9";"1";""
"202400011069";"155 762 267";"A01";"1";"60";"0";"0";"2";"25";"5";""
"202400011070";"155 762 265";"A01";"2";"7";"0";"2";"3";"15";"1";""
"202400011070";"155 762 266";"B01";"2";"33";"0";"2";"1";"11";"1";""
"202400011071";"155 762 263";"B01";"0";"1";"0";"2";"2";"0";"5";""
"202400011071";"155 762 264";"A01";"1";"7";"0";"2";"2";"2";"1";""
"202400011072";"155 762 261";"A01";"3";"33";"0";"2";"7";"21";"1";""
"202400011073";"155 762 260";"A01";"2";"2";"0";"2";"1";"1";"1";""
"202400011073";"155 762 262";"B01";"2";"7";"0";"2";"3";"15";"1";""
"202400011074";"155 762 258";"A01";"3";"7";"0";"1";"1";"2";"1";""
"202400011075";"155 762 257";"B01";"3";"2";"1";"2";"1";"1";"3";""
"202400011075";"155 762 259";"A01";"3";"7";"0";"9";"2";"20";"2";""
"202400011076";"155 762 254";"A01";"2";"2";"0";"2";"1";"13";"1";""
"202400011076";"155 762 256";"B01";"1";"7";"0";"0";"1";"1";"1";""
"202400011077";"155 762 253";"B01";"3";"50";"0";"2";"8";"1";"3";""
"202400011077";"155 762 255";"A01";"3";"7";"0";"9";"7";"1";"1";""
"202400011078";"155 762 250";"A01";"1";"7";"0";"2";"1";"1";"1";""
"202400011078";"155 762 252";"B01";"1";"7";"0";"2";"8";"9";"0";""
"202400011079";"155 762 249";"A01";"1";"7";"0";"2";"3";"9";"1";""
"202400011079";"155 762 251";"B01";"2";"7";"0";"2";"2";"1";"4";""
"202400011080";"155 762 247";"A01";"1";"33";"0";"0";"9";"1";"1";""
"202400011081";"155 762 246";"B01";"3";"7";"0";"2";"3";"0";"1";""
"202400011081";"155 762 248";"A01";"3";"7";"0";"2";"3";"0";"1";""
"202400011082";"155 762 245";"A01";"2";"21";"0";"1";"1";"1";"0";""
"202400011083";"155 762 244";"A01";"3";"7";"2";"0";"9";"2";"4";""
"202400011084";"155 762 242";"A01";"3";"7";"0";"0";"9";"14";"1";""
"202400011085";"155 762 241";"A01";"2";"33";"0";"2";"2";"2";"3";""
"202400011085";"155 762 243";"B01";"2";"7";"0";"2";"8";"15";"1";""
"202400011086";"155 762 238";"A01";"1";"10";"0";"2";"3";"15";"1";""
"202400011086";"155 762 240";"B01";"1";"7";"0";"2";"2";"1";"1";""
"202400011087";"155 762 237";"A01";"2";"7";"0";"2";"1";"19";"1";""
"202400011087";"155 762 239";"B01";"1";"7";"0";"2";"1";"1";"1";""
"202400011088";"155 762 236";"A01";"1";"7";"6";"0";"8";"1";"1";""
"202400011089";"155 762 232";"A01";"2";"7";"13";"0";"6";"1";"1";""
"202400011089";"155 762 234";"B01";"2";"7";"0";"0";"9";"23";"1";""
"202400011089";"155 762 235";"C01";"1";"33";"0";"0";"8";"1";"1";""
"202400011090";"155 762 233";"A01";"1";"10";"1";"0";"3";"1";"1";""
"202400011091";"155 762 226";"A01";"1";"7";"0";"2";"1";"13";"1";""
"202400011091";"155 762 228";"B01";"1";"7";"0";"0";"8";"1";"1";""
"202400011091";"155 762 229";"C01";"1";"7";"0";"2";"3";"1";"1";""
"202400011091";"155 762 231";"D01";"1";"7";"0";"9";"1";"1";"1";""
"202400011092";"155 762 224";"A01";"1";"7";"0";"2";"3";"13";"1";""
"202400011092";"155 762 225";"B01";"2";"7";"0";"2";"3";"1";"1";""
"202400011092";"155 762 227";"C01";"2";"7";"0";"2";"3";"1";"1";""
"202400011093";"155 762 221";"A01";"3";"31";"0";"1";"1";"1";"0";""
"202400011093";"155 762 223";"B01";"3";"7";"0";"2";"6";"15";"1";""
"202400011094";"155 762 220";"B01";"2";"17";"0";"0";"4";"2";"1";""
"202400011094";"155 762 222";"A01";"2";"7";"0";"2";"1";"2";"1";""
"202400011095";"155 762 217";"A01";"3";"50";"0";"2";"3";"25";"3";""
"202400011095";"155 762 219";"B01";"3";"7";"0";"2";"2";"23";"3";""
"202400011096";"155 762 216";"A01";"1";"7";"0";"2";"1";"2";"1";""
"202400011096";"155 762 218";"B01";"1";"7";"0";"0";"4";"26";"1";""
"202400011097";"155 762 215";"A01";"1";"7";"13";"0";"7";"14";"1";""
"202400011098";"155 762 213";"A01";"1";"7";"0";"2";"6";"15";"1";""
"202400011098";"155 762 214";"B01";"2";"7";"0";"2";"1";"1";"1";""
"202400011099";"155 762 211";"A01";"1";"33";"0";"2";"1";"17";"1";""
"202400011099";"155 762 212";"B01";"1";"30";"0";"2";"4";"9";"1";""
"202400011100";"155 762 209";"A01";"1";"36";"0";"2";"2";"5";"1";""
"202400011100";"155 762 210";"B01";"1";"2";"0";"2";"1";"1";"1";""
"202400011101";"155 762 207";"A01";"1";"7";"4";"2";"3";"14";"1";""
"202400011101";"155 762 208";"B01";"1";"7";"0";"2";"3";"1";"1";""
"202400011102";"155 762 206";"A01";"2";"7";"2";"0";"8";"1";"1";""
"202400011103";"155 762 204";"B01";"1";"7";"0";"2";"1";"1";"1";""
"202400011103";"155 762 205";"A01";"2";"10";"0";"2";"1";"1";"1";""
"202400011104";"155 762 203";"A01";"1";"7";"2";"0";"1";"14";"1";""
"202400011105";"155 762 200";"A01";"2";"7";"0";"2";"1";"9";"1";""
"202400011105";"155 762 202";"B01";"1";"1";"0";"2";"2";"15";"5";""
"202400011106";"155 762 199";"B01";"1";"7";"0";"0";"3";"1";"1";""
"202400011106";"155 762 201";"A01";"2";"7";"0";"0";"1";"1";"1";""
"202400011107";"155 762 195";"B01";"3";"7";"0";"0";"8";"0";"1";""
"202400011107";"155 762 198";"A01";"1";"7";"0";"2";"1";"0";"1";""
"202400011108";"155 762 194";"C01";"1";"7";"0";"2";"3";"19";"1";""
"202400011108";"155 762 196";"B01";"2";"7";"0";"2";"1";"1";"1";""
"202400011108";"155 762 197";"A01";"1";"7";"0";"2";"1";"1";"1";""
"202400011109";"155 762 193";"A01";"2";"7";"3";"0";"1";"1";"1";""
"202400011110";"155 762 191";"A01";"1";"7";"0";"2";"1";"13";"1";""
"202400011110";"155 762 192";"B01";"2";"7";"0";"2";"1";"1";"1";""
"202400011111";"155 762 189";"A01";"2";"7";"0";"2";"1";"1";"3";""
"202400011111";"155 762 190";"B01";"1";"7";"0";"2";"3";"1";"1";""
"202400011112";"155 762 187";"A01";"2";"7";"0";"2";"5";"10";"1";""
"202400011112";"155 762 188";"B01";"2";"10";"0";"2";"1";"1";"1";""
"202400011113";"155 762 182";"A01";"1";"7";"0";"2";"2";"15";"1";""
"202400011113";"155 762 184";"B01";"1";"30";"0";"2";"1";"1";"1";""
"202400011114";"155 762 181";"D01";"1";"7";"0";"0";"4";"1";"1";""
"202400011114";"155 762 183";"C01";"1";"7";"0";"2";"4";"1";"1";""
"202400011114";"155 762 185";"A01";"1";"7";"0";"2";"1";"1";"1";""
"202400011114";"155 762 186";"B01";"1";"7";"0";"2";"4";"1";"2";""
"202400011115";"155 762 179";"A01";"2";"7";"13";"0";"2";"14";"1";""
"202400011116";"155 762 178";"B01";"2";"7";"0";"2";"1";"1";"1";""
"202400011116";"155 762 180";"A01";"1";"7";"0";"2";"1";"1";"1";""
"202400011117";"155 762 174";"B01";"2";"7";"0";"2";"1";"1";"1";""
"202400011117";"155 762 177";"A01";"1";"7";"0";"2";"1";"15";"1";""
"202400011118";"155 762 172";"B01";"1";"7";"0";"2";"1";"0";"1";""
"202400011118";"155 762 173";"A01";"2";"32";"0";"2";"1";"0";"1";""
"202400011119";"155 762 168";"A01";"1";"7";"0";"2";"3";"9";"1";""
"202400011119";"155 762 170";"B01";"1";"50";"0";"2";"2";"15";"3";""
"202400011120";"155 762 166";"A01";"1";"33";"0";"0";"0";"1";"1";""
"202400011121";"155 762 163";"A01";"2";"7";"0";"2";"3";"13";"1";""
"202400011121";"155 762 165";"B01";"1";"15";"0";"0";"7";"1";"1";""
"202400011122";"155 762 162";"A01";"2";"7";"0";"2";"5";"15";"1";""
"202400011122";"155 762 164";"B01";"1";"2";"0";"2";"1";"1";"1";""
"202400011123";"155 762 160";"A01";"1";"10";"2";"0";"8";"1";"1";""
"202400011124";"155 762 159";"A01";"1";"7";"0";"2";"8";"1";"1";""
"202400011124";"155 762 161";"B01";"2";"7";"0";"2";"8";"15";"2";""
"202400011125";"155 762 158";"A01";"2";"7";"13";"0";"2";"14";"1";""
"202400011126";"155 762 157";"A01";"1";"7";"1";"0";"2";"1";"1";""
"202400011127";"155 762 155";"A01";"2";"7";"1";"0";"1";"1";"1";""
"202400011127";"155 762 156";"B01";"1";"7";"0";"1";"2";"23";"1";""
"202400011128";"155 762 154";"A01";"3";"2";"0";"0";"1";"1";"1";""
"202400011129";"155 762 153";"A01";"1";"1";"0";"0";"0";"0";"5";""
"202400011130";"155 762 152";"A01";"1";"1";"0";"0";"0";"1";"5";""
"202400011131";"155 762 149";"B01";"3";"99";"0";"0";"4";"2";"6";""
"202400011131";"155 762 150";"C01";"3";"99";"0";"0";"4";"2";"6";""
"202400011131";"155 762 151";"A01";"3";"10";"0";"5";"2";"2";"1";""
"202400011132";"155 762 148";"A01";"3";"7";"6";"0";"1";"1";"1";""
"202400011133";"155 762 147";"A01";"1";"7";"0";"0";"0";"2";"0";""
"202400011134";"155 762 146";"A01";"2";"7";"17";"0";"8";"1";"1";""
"202400011135";"155 762 144";"B01";"2";"33";"0";"2";"1";"0";"1";""
"202400011135";"155 762 145";"A01";"2";"7";"13";"2";"1";"26";"1";""
"202400011136";"155 762 143";"A01";"1";"10";"0";"1";"2";"1";"0";""
"202400011137";"155 762 141";"A01";"2";"7";"0";"2";"1";"2";"1";""
"202400011137";"155 762 142";"B01";"2";"7";"0";"2";"4";"2";"1";""
"202400011138";"155 762 140";"A01";"3";"7";"0";"0";"0";"2";"1";""
"202400011139";"155 762 138";"A01";"2";"34";"0";"2";"1";"11";"1";""
"202400011139";"155 762 139";"B01";"2";"7";"0";"2";"6";"0";"1";""
"202400011140";"155 762 136";"A01";"2";"7";"3";"0";"3";"0";"1";""
"202400011141";"155 762 135";"A01";"1";"7";"0";"2";"3";"19";"1";""
"202400011141";"155 762 137";"B01";"1";"10";"0";"2";"1";"1";"1";""
"202400011142";"155 762 132";"A01";"2";"33";"0";"2";"3";"2";"1";""
"202400011142";"155 762 134";"B01";"2";"7";"0";"2";"2";"2";"1";""
"202400011143";"155 762 131";"A01";"1";"7";"0";"2";"1";"9";"1";""
"202400011143";"155 762 133";"B01";"2";"33";"8";"2";"8";"1";"1";""
"202400011144";"155 762 129";"A01";"2";"7";"0";"2";"7";"0";"1";""
"202400011144";"155 762 130";"B01";"2";"7";"0";"2";"6";"1";"1";""
"202400011145";"155 762 126";"A01";"1";"13";"0";"2";"1";"13";"1";""
"202400011145";"155 762 127";"B01";"2";"7";"0";"2";"8";"1";"1";""
"202400011145";"155 762 128";"C01";"2";"10";"0";"2";"8";"1";"1";""
"202400011146";"155 762 124";"A01";"1";"7";"0";"2";"4";"0";"1";""
"202400011146";"155 762 125";"B01";"1";"7";"0";"2";"1";"1";"2";""
"202400011147";"155 762 122";"A01";"2";"2";"0";"2";"1";"1";"1";""
"202400011147";"155 762 123";"B01";"2";"7";"0";"2";"8";"15";"1";""
"202400011148";"155 762 121";"A01";"1";"7";"4";"0";"1";"1";"1";""
"202400011149";"155 762 120";"A01";"1";"7";"13";"0";"0";"1";"1";""
"202400011150";"155 762 119";"A01";"2";"7";"0";"0";"9";"1";"1";""
"202400011151";"155 762 118";"A01";"1";"7";"13";"0";"9";"14";"1";""
"202400011152";"155 762 116";"A01";"1";"7";"9";"2";"2";"15";"1";""
"202400011152";"155 762 117";"B01";"2";"7";"7";"0";"3";"1";"1";""
"202400011153";"155 762 112";"A01";"1";"33";"0";"2";"3";"3";"1";""
"202400011153";"155 762 113";"B01";"1";"15";"0";"2";"6";"1";"1";""
"202400011154";"155 762 110";"B01";"2";"17";"0";"0";"4";"1";"1";""
"202400011154";"155 762 111";"A01";"2";"7";"0";"2";"1";"2";"1";""
"202400011155";"155 762 108";"A01";"2";"2";"0";"2";"7";"9";"1";""
"202400011155";"155 762 109";"B01";"2";"7";"0";"2";"1";"1";"1";""
"202400011156";"155 762 107";"A01";"3";"7";"6";"0";"2";"14";"1";""
"202400011157";"155 762 106";"A01";"2";"7";"2";"0";"9";"1";"1";""
"202400011158";"155 762 104";"A01";"2";"7";"0";"2";"3";"13";"1";""
"202400011158";"155 762 105";"B01";"1";"7";"0";"2";"1";"1";"1";""
"202400011159";"155 762 102";"B01";"1";"7";"0";"2";"8";"1";"1";""
"202400011159";"155 762 103";"A01";"1";"7";"0";"2";"2";"26";"1";""
"202400011160";"155 762 100";"A01";"1";"7";"0";"2";"3";"13";"1";""
"202400011160";"155 762 101";"B01";"2";"7";"0";"2";"3";"1";"3";""
"202400011161";"155 762 098";"A01";"1";"2";"0";"2";"0";"1";"1";""
"202400011161";"155 762 099";"B01";"1";"0";"0";"2";"0";"17";"0";""
"202400011162";"155 762 097";"A01";"1";"7";"0";"0";"0";"1";"1";""
"202400011163";"155 762 095";"A01";"1";"10";"0";"2";"7";"19";"1";""
"202400011163";"155 762 096";"B01";"2";"7";"0";"2";"1";"1";"1";""
"202400011164";"155 762 093";"B01";"3";"7";"6";"2";"2";"1";"1";""
"202400011164";"155 762 094";"A01";"3";"7";"0";"2";"1";"15";"1";""
"202400011165";"155 762 092";"A01";"3";"7";"0";"1";"1";"1";"1";""
"202400011166";"155 762 087";"A01";"1";"7";"0";"0";"2";"13";"1";""
"202400011166";"155 762 088";"B01";"2";"7";"0";"0";"2";"1";"1";""
"202400011167";"155 762 085";"A01";"1";"7";"0";"2";"4";"1";"3";""
"202400011167";"155 762 086";"B01";"1";"7";"0";"2";"1";"1";"1";""
"202400011168";"155 762 083";"B01";"1";"7";"0";"2";"4";"2";"1";""
"202400011168";"155 762 084";"A01";"1";"14";"0";"2";"1";"2";"1";""
"202400011169";"155 762 081";"B01";"2";"7";"0";"2";"1";"0";"1";""
"202400011169";"155 762 082";"A01";"2";"7";"0";"2";"1";"1";"1";""
"202400011170";"155 762 079";"A01";"2";"33";"0";"2";"1";"26";"1";""
"202400011170";"155 762 080";"B01";"2";"7";"0";"2";"5";"12";"1";""
"202400011171";"155 762 077";"A01";"2";"31";"0";"2";"2";"3";"1";""
"202400011171";"155 762 078";"B01";"2";"7";"0";"2";"6";"1";"3";""
"202400011172";"155 762 075";"A01";"2";"14";"0";"2";"2";"2";"1";""
"202400011172";"155 762 076";"B01";"2";"7";"0";"2";"3";"2";"2";""
"202400011173";"155 762 073";"A01";"2";"34";"0";"2";"1";"2";"1";""
"202400011173";"155 762 074";"B01";"2";"10";"0";"2";"4";"23";"1";""
"202400011174";"155 762 072";"A01";"2";"7";"4";"0";"1";"1";"1";""
"202400011175";"155 762 070";"A01";"1";"7";"0";"2";"7";"12";"1";""
"202400011175";"155 762 071";"B01";"1";"32";"0";"2";"3";"3";"1";""
"202400011176";"155 762 067";"C01";"1";"7";"0";"2";"4";"2";"1";""
"202400011176";"155 762 068";"A01";"1";"7";"0";"2";"1";"2";"1";""
"202400011176";"155 762 069";"B01";"1";"7";"0";"2";"4";"2";"1";""
"202400011177";"155 762 065";"A01";"1";"7";"0";"2";"1";"1";"1";""
"202400011177";"155 762 066";"B01";"1";"10";"0";"2";"4";"1";"1";""
"202400011178";"155 762 062";"A01";"2";"33";"0";"2";"7";"3";"1";""
"202400011178";"155 762 063";"B01";"2";"7";"0";"2";"7";"1";"1";""
"202400011178";"155 762 064";"Z01";"2";"0";"0";"2";"8";"11";"0";""
"202400011179";"155 762 060";"B01";"1";"37";"0";"2";"3";"1";"1";"1"
"202400011179";"155 762 061";"A01";"2";"7";"0";"2";"1";"19";"1";""
"202400011180";"155 762 058";"B01";"1";"17";"0";"2";"1";"0";"1";""
"202400011180";"155 762 059";"A01";"1";"2";"0";"2";"1";"15";"1";""
"202400011181";"155 762 056";"A01";"3";"43";"0";"2";"1";"26";"1";""
"202400011181";"155 762 057";"B01";"3";"50";"0";"2";"4";"19";"3";""
"202400011182";"155 762 054";"A01";"1";"7";"0";"9";"7";"1";"1";""
"202400011182";"155 762 055";"B01";"1";"1";"0";"2";"1";"1";"5";""
"202400011183";"155 762 052";"B01";"2";"36";"0";"2";"0";"2";"1";""
"202400011183";"155 762 053";"A01";"2";"7";"0";"2";"3";"26";"2";""
"202400011184";"155 762 051";"A01";"3";"7";"0";"1";"0";"0";"0";""
"202400011185";"155 762 050";"A01";"2";"7";"13";"9";"2";"1";"1";""
"202400011186";"155 762 048";"A01";"1";"99";"0";"2";"1";"1";"1";""
"202400011186";"155 762 049";"B01";"0";"7";"0";"2";"4";"23";"1";""
"202400011187";"155 762 046";"B01";"1";"7";"0";"2";"2";"16";"1";""
"202400011187";"155 762 047";"A01";"1";"50";"0";"2";"1";"1";"3";""
"202400011188";"155 762 045";"A01";"0";"7";"0";"1";"2";"1";"1";""
"202400011189";"155 762 044";"Z01";"3";"50";"0";"0";"0";"1";"3";""
"202400011190";"155 762 042";"B01";"3";"37";"0";"2";"8";"1";"2";"1"
"202400011190";"155 762 043";"A01";"1";"50";"0";"2";"1";"1";"3";""
"202400011191";"155 762 040";"A01";"1";"10";"0";"9";"2";"15";"1";""
"202400011191";"155 762 041";"B01";"1";"1";"0";"2";"8";"1";"5";""
"202400011192";"155 762 039";"A01";"2";"30";"0";"0";"0";"0";"1";""
"202400011193";"155 762 036";"A01";"2";"1";"0";"2";"1";"13";"5";""
"202400011193";"155 762 037";"B01";"2";"1";"0";"2";"0";"13";"5";""
"202400011193";"155 762 038";"C01";"1";"14";"0";"9";"1";"1";"1";""
"202400011194";"155 762 034";"A01";"1";"7";"0";"2";"3";"13";"1";""
"202400011194";"155 762 035";"B01";"2";"33";"0";"2";"3";"0";"1";""
"202400011195";"155 762 032";"A01";"1";"99";"2";"2";"7";"17";"1";""
"202400011195";"155 762 033";"B01";"1";"1";"0";"2";"8";"15";"5";""
"202400011196";"155 762 030";"A01";"0";"7";"0";"2";"1";"1";"1";""
"202400011196";"155 762 031";"B01";"1";"80";"0";"2";"1";"1";"3";""
"202400011197";"155 762 029";"A01";"1";"33";"13";"0";"1";"1";"1";""
"202400011198";"155 762 027";"B01";"2";"33";"0";"2";"7";"1";"1";""
"202400011198";"155 762 028";"A01";"1";"7";"0";"2";"2";"9";"1";""
"202400011199";"155 762 026";"A01";"1";"3";"0";"0";"9";"1";"1";""
"202400011200";"155 762 024";"A01";"1";"10";"0";"9";"3";"17";"1";""
"202400011200";"155 762 025";"B01";"2";"1";"0";"2";"1";"1";"5";""
"202400011201";"155 762 022";"A01";"1";"7";"0";"2";"1";"15";"1";""
"202400011201";"155 762 023";"B01";"2";"33";"0";"2";"1";"1";"1";""
"202400011202";"155 762 020";"A01";"1";"7";"0";"2";"1";"17";"1";""
"202400011202";"155 762 021";"B01";"2";"15";"0";"2";"1";"1";"1";""
"202400011203";"155 762 019";"A01";"3";"7";"6";"0";"2";"1";"1";""
"202400011204";"155 762 017";"B01";"1";"1";"0";"2";"9";"1";"5";""
"202400011204";"155 762 018";"A01";"2";"7";"0";"9";"2";"15";"1";""
"202400011205";"155 762 016";"A01";"1";"7";"17";"0";"2";"2";"1";""
"202400011206";"155 762 015";"A01";"2";"50";"0";"0";"0";"0";"3";""
"202400011207";"155 762 013";"A01";"1";"7";"0";"2";"3";"1";"1";""
"202400011207";"155 762 014";"B01";"2";"7";"0";"2";"3";"1";"1";""
"202400011208";"155 762 012";"A01";"1";"7";"0";"0";"8";"2";"1";""
"202400011209";"155 762 010";"A01";"1";"7";"0";"0";"4";"2";" -1";""
"202400011209";"155 762 011";"B01";"1";"7";"0";"2";"1";"2";" -1";""
"202400011210";"155 762 009";"A01";"1";"42";"0";"0";"0";"0";"1";""
"202400011211";"155 762 007";"B01";"1";"37";"0";"2";"2";"1";"1";"1"
"202400011211";"155 762 008";"A01";"1";"7";"0";"2";"1";"1";"1";""
"202400011212";"155 762 006";"A01";"3";"30";"12";"0";"6";"1";"1";""
"202400011213";"155 762 005";"A01";"1";"7";"0";"1";"1";"15";"1";""
"202400011214";"155 762 004";"A01";"2";"7";"15";"0";"2";"16";"1";""
"202400011215";"155 762 003";"A01";"1";"30";"0";"0";"7";"1";"1";""
"202400011216";"155 762 000";"C01";"2";"7";"0";"2";"1";"1";"2";""
"202400011216";"155 762 001";"B01";"1";"7";"0";"2";"2";"9";"1";""
"202400011216";"155 762 002";"A01";"1";"10";"0";"2";"1";"1";"1";""
"202400011217";"155 761 998";"A01";"1";"30";"1";"0";"1";"1";"1";""
"202400011217";"155 761 999";"B01";"1";"7";"0";"2";"5";"23";"1";""
"202400011218";"155 761 997";"A01";"1";"7";"0";"0";"9";"1";"1";""