"Num_Acc";"id_vehicule";"num_veh";"senc";"catv";"obs";"obsm";"choc";"manv";"motor";"occutc"
"202400011219";"155 761 995";"B01";"2";"7";"0";"2";"1";"21";"1";""
"202400011219";"155 761 996";"A01";"1";"10";"0";"2";"1";"26";"1";""
"202400011220";"155 761 992";"B01";"2";"33";"15";"2";"0";"1";"1";""
"202400011220";"155 761 993";"A01";"2";"33";"0";"2";"0";"1";"0";""
"202400011220";"155 761 994";"C01";"1";"7";"0";"2";"1";"1";"1";""
"202400011221";"155 761 991";"A01";"2";"2";"0";"0";"0";"1";"1";""
"202400011222";"155 761 989";"A01";"3";"7";"0";"2";"1";"5";"1";""
"202400011222";"155 761 990";"B01";"3";"7";"0";"2";"1";"1";"1";""
"202400011223";"155 761 988";"A01";"1";"7";"0";"0";"9";"13";"1";""
"202400011224";"155 761 986";"A01";"1";"7";"0";"2";"5";"12";"1";""
"202400011224";"155 761 987";"B01";"3";"80";"0";"2";"1";"1";"3";""
"202400011225";"155 761 985";"A01";"2";"2";"9";"0";"1";"14";"1";""
"202400011226";"155 761 983";"A01";"2";"31";"0";"2";"8";"1";"1";""
"202400011226";"155 761 984";"B01";"1";"7";"0";"2";"8";"1";"1";""
"202400011227";"155 761 981";"B01";"1";"7";"8";"2";"3";"1";"1";""
"202400011227";"155 761 982";"A01";"2";"7";"0";"2";"6";"1";"1";""
"202400011228";"155 761 980";"A01";"2";"7";"0";"1";"1";"1";"1";""
"202400011229";"155 761 979";"A01";"2";"7";"7";"0";"0";"1";"1";""
"202400011230";"155 761 977";"B01";"0";"7";"0";"2";"1";"0";"1";""
"202400011230";"155 761 978";"A01";"3";"7";"0";"2";"1";"0";"1";""
"202400011231";"155 761 976";"A01";"3";"7";"11";"0";"3";"0";"1";""
"202400011232";"155 761 974";"A01";"2";"2";"0";"2";"1";"5";"1";""
"202400011232";"155 761 975";"B01";"1";"7";"0";"2";"2";"1";"1";""
"202400011233";"155 761 973";"A01";"2";"17";"0";"0";"2";"2";"1";""
"202400011234";"155 761 971";"A01";"1";"7";"0";"2";"1";"1";"1";""
"202400011234";"155 761 972";"B01";"2";"10";"0";"2";"1";"1";"1";""
"202400011235";"155 761 969";"A01";"3";"7";"0";"2";"3";"0";"1";""
"202400011235";"155 761 970";"B01";"3";"31";"0";"2";"1";"1";"1";""
"202400011236";"155 761 967";"B01";"1";"7";"0";"2";"8";"13";"1";""
"202400011236";"155 761 968";"A01";"1";"33";"0";"2";"7";"17";"1";""
"202400011237";"155 761 965";"B01";"2";"7";"0";"2";"3";"15";"1";""
"202400011237";"155 761 966";"A01";"1";"2";"0";"2";"1";"1";"1";""
"202400011238";"155 761 963";"B01";"0";"33";"0";"2";"1";"2";"1";""
"202400011238";"155 761 964";"A01";"3";"7";"0";"2";"7";"2";"1";""
"202400011239";"155 761 961";"A01";"1";"7";"0";"0";"4";"15";"1";""
"202400011239";"155 761 962";"B01";"1";"15";"0";"2";"1";"2";"1";""
"202400011240";"155 761 960";"A01";"2";"7";"0";"0";"9";"1";"1";""
"202400011241";"155 761 959";"A01";"1";"7";"4";"0";"1";"0";"1";""
"202400011242";"155 761 957";"A01";"3";"2";"1";"0";"7";"1";"3";""
"202400011242";"155 761 958";"B01";"3";"2";"0";"2";"8";"23";"1";""
"202400011243";"155 761 955";"A01";"0";"99";"0";"2";"1";"13";"3";""
"202400011243";"155 761 956";"B01";"0";"99";"0";"2";"1";"1";"3";""
"202400011244";"155 761 953";"A01";"2";"2";"0";"2";"1";"1";"6";""
"202400011244";"155 761 954";"B01";"1";"7";"0";"2";"2";"15";"1";""
"202400011245";"155 761 951";"A01";"1";"7";"0";"2";"2";"17";"1";""
"202400011245";"155 761 952";"B01";"1";"7";"1";"2";"8";"15";"1";""
"202400011246";"155 761 949";"A01";"1";"7";"0";"2";"1";"13";"1";""
"202400011246";"155 761 950";"B01";"2";"7";"10";"2";"1";"1";"1";""
"202400011247";"155 761 948";"A01";"2";"7";"0";"1";"3";"1";"1";""
"202400011248";"155 761 946";"B01";"2";"1";"0";"2";"3";"21";"5";""
"202400011248";"155 761 947";"A01";"1";"7";"0";"2";"2";"9";"1";""
"202400011249";"155 761 945";"A01";"1";"15";"2";"0";"1";"1";"1";""
"202400011250";"155 761 944";"A01";"2";"7";"13";"0";"1";"1";"1";""
"202400011251";"155 761 942";"A01";"0";"7";"0";"9";"1";"2";"1";""
"202400011251";"155 761 943";"B01";"0";"1";"0";"0";"4";"2";"5";""
"202400011252";"155 761 937";"A01";"2";"7";"0";"2";"4";"2";"1";""
"202400011252";"155 761 938";"B01";"2";"33";"0";"2";"1";"2";"1";""
"202400011253";"155 761 935";"A01";"1";"7";"3";"9";"2";"2";"1";""
"202400011253";"155 761 936";"B01";"1";"7";"0";"9";"6";"2";"3";""
"202400011254";"155 761 934";"A01";"2";"7";"4";"0";"8";"1";"1";""
"202400011255";"155 761 932";"B01";"2";"7";"0";"2";"4";"1";"1";""
"202400011255";"155 761 933";"A01";"2";"7";"0";"2";"1";"12";"1";""
"202400011256";"155 761 931";"A01";"1";"10";"3";"0";"9";"1";"1";""
"202400011257";"155 761 929";"A01";"1";"10";"0";"2";"1";"1";"1";""
"202400011257";"155 761 930";"B01";"1";"7";"0";"2";"4";"2";"1";""
"202400011258";"155 761 928";"A01";"2";"7";"4";"0";"1";"1";"1";""
"202400011259";"155 761 927";"A01";"1";"33";"4";"0";"1";"1";"1";""
"202400011260";"155 761 923";"B01";"2";"7";"0";"2";"4";"2";"1";""
"202400011260";"155 761 924";"C01";"2";"7";"0";"2";"4";"2";"1";""
"202400011260";"155 761 925";"A01";"2";"7";"0";"2";"4";"23";"1";""
"202400011260";"155 761 926";"D01";"2";"10";"0";"2";"1";"2";"1";""
"202400011261";"155 761 921";"A01";"2";"10";"3";"2";"1";"1";"1";""
"202400011261";"155 761 922";"B01";"2";"7";"4";"2";"4";"1";"1";""
"202400011262";"155 761 920";"A01";"1";"7";"2";"0";"1";"0";"1";""
"202400011263";"155 761 919";"A01";"1";"13";"4";"0";"2";"0";"1";""
"202400011264";"155 761 917";"A01";"2";"10";"0";"2";"3";"10";"1";""
"202400011264";"155 761 918";"B01";"3";"32";"0";"2";"1";"1";"1";""
"202400011265";"155 761 915";"B01";"1";"7";"0";"2";"1";"15";"1";""
"202400011265";"155 761 916";"A01";"1";"2";"0";"2";"1";"26";"1";""
"202400011266";"155 761 913";"A01";"3";"34";"0";"2";"1";"17";"1";""
"202400011266";"155 761 914";"B01";"3";"7";"0";"2";"3";"15";"1";""
"202400011267";"155 761 911";"A01";"1";"31";"0";"2";"1";"11";"1";""
"202400011267";"155 761 912";"B01";"1";"7";"0";"2";"4";"1";"1";""
"202400011268";"155 761 909";"B01";"2";"7";"0";"0";"0";"0";"1";""
"202400011268";"155 761 910";"A01";"2";"7";"0";"2";"0";"0";"2";""
"202400011269";"155 761 908";"A01";"3";"7";"0";"1";"1";"15";"1";""
"202400011270";"155 761 905";"B01";"1";"7";"1";"2";"3";"1";"1";""
"202400011270";"155 761 906";"A01";"2";"7";"0";"2";"3";"13";"1";""
"202400011271";"155 761 904";"A01";"1";"7";"0";"2";"1";"5";"1";""
"202400011271";"155 761 907";"B01";"2";"7";"0";"2";"1";"15";"1";""
"202400011272";"155 761 903";"A01";"1";"30";"0";"0";"1";"0";"1";""
"202400011273";"155 761 901";"A01";"2";"7";"0";"2";"1";"1";"1";""
"202400011273";"155 761 902";"B01";"2";"7";"0";"2";"4";"1";"1";""
"202400011274";"155 761 900";"A01";"3";"50";"0";"1";"1";"25";"3";""
"202400011275";"155 761 897";"A01";"3";"1";"0";"0";"0";"0";"5";""
"202400011276";"155 761 898";"B01";"1";"10";"0";"2";"4";"2";"1";""
"202400011276";"155 761 899";"A01";"1";"7";"0";"2";"1";"2";"1";""
"202400011277";"155 761 895";"B01";"1";"7";"0";"2";"4";"2";"2";""
"202400011277";"155 761 896";"A01";"1";"3";"0";"2";"1";"2";"1";""
"202400011278";"155 761 893";"A01";"1";"30";"0";"2";"0";"0";"0";""
"202400011278";"155 761 894";"B01";"2";"30";"0";"2";"0";"0";"0";""
"202400011279";"155 761 890";"A01";"3";"30";"0";"1";"1";"1";"1";""
"202400011280";"155 761 891";"B01";"3";"3";"0";"0";"0";"0";"3";""
"202400011280";"155 761 892";"A01";"3";"3";"0";"2";"1";"0";"1";""
"202400011281";"155 761 888";"A01";"2";"7";"0";"2";"3";"1";"1";""
"202400011281";"155 761 889";"B01";"1";"7";"0";"2";"3";"13";"1";""
"202400011282";"155 761 884";"C01";"1";"7";"0";"2";"4";"2";"1";""
"202400011282";"155 761 886";"A01";"1";"7";"0";"2";"1";"2";"1";""
"202400011282";"155 761 887";"B01";"1";"7";"0";"2";"4";"2";"1";""
"202400011283";"155 761 883";"B01";"2";"33";"0";"2";"1";"1";"1";""
"202400011283";"155 761 885";"A01";"1";"7";"0";"2";"1";"15";"1";""
"202400011284";"155 761 880";"A01";"2";"7";"0";"2";"2";"26";"1";""
"202400011285";"155 761 881";"A01";"0";"80";"0";"2";"1";"0";"0";""
"202400011285";"155 761 882";"B01";"0";"7";"0";"0";"0";"0";"1";""
"202400011286";"155 761 877";"A01";"3";"2";"0";"2";"1";"9";"1";""
"202400011286";"155 761 879";"B01";"3";"7";"0";"2";"3";"1";"1";""
"202400011287";"155 761 876";"B01";"1";"7";"0";"2";"2";"16";"1";""
"202400011287";"155 761 878";"A01";"2";"32";"0";"2";"1";"7";"1";""
"202400011288";"155 761 874";"A01";"2";"33";"0";"2";"1";"13";"1";""
"202400011288";"155 761 875";"B01";"1";"7";"0";"2";"2";"1";"1";""
"202400011289";"155 761 873";"A01";"1";"30";"12";"0";"1";"1";"1";""
"202400011290";"155 761 872";"A01";"2";"32";"0";"0";"8";"1";"1";""
"202400011291";"155 761 871";"A01";"1";"7";"0";"1";"1";"1";"1";""
"202400011292";"155 761 869";"B01";"2";"7";"0";"2";"2";"15";"1";""
"202400011292";"155 761 870";"A01";"1";"33";"0";"2";"1";"1";"1";""
"202400011293";"155 761 868";"A01";"3";"30";"1";"1";"1";"1";"1";""
"202400011294";"155 761 866";"A01";"1";"7";"0";"2";"1";"2";"1";""
"202400011294";"155 761 867";"B01";"0";"7";"0";"2";"4";"23";"1";""
"202400011295";"155 761 864";"A01";"1";"7";"0";"2";"1";"13";"1";""
"202400011295";"155 761 865";"B01";"2";"7";"1";"2";"3";"1";"1";""
"202400011296";"155 761 863";"A01";"1";"7";"2";"0";"2";"13";"0";""
"202400011297";"155 761 861";"A01";"1";"10";"0";"2";"4";"1";"1";""
"202400011297";"155 761 862";"B01";"1";"31";"0";"2";"1";"1";"1";""
"202400011298";"155 761 859";"B01";"1";"15";"0";"2";"5";"1";"0";""
"202400011298";"155 761 860";"A01";"1";"33";"0";"2";"5";"14";"1";""
"202400011299";"155 761 855";"B01";"2";"7";"0";"2";"6";"1";"1";""
"202400011299";"155 761 858";"A01";"2";"31";"0";"2";"1";"1";"1";""
"202400011300";"155 761 852";"A01";"2";"10";"0";"2";"2";"15";"1";""
"202400011300";"155 761 854";"B01";"1";"33";"0";"2";"1";"1";"1";""
"202400011301";"155 761 851";"B01";"2";"1";"0";"2";"1";"1";"5";""
"202400011301";"155 761 853";"A01";"2";"3";"0";"2";"2";"1";"1";""
"202400011302";"155 761 849";"A01";"2";"7";"0";"1";"1";"1";"1";""
"202400011303";"155 761 848";"A01";"2";"7";"0";"2";"1";"1";"1";""
"202400011303";"155 761 850";"B01";"2";"7";"0";"2";"0";"1";"1";""
"202400011304";"155 761 846";"A01";"3";"7";"0";"2";"1";"26";"1";""
"202400011304";"155 761 847";"B01";"3";"33";"0";"2";"5";"0";"1";""
"202400011305";"155 761 845";"A01";"3";"1";"0";"0";"0";"26";"5";""
"202400011306";"155 761 842";"B01";"1";"33";"0";"2";"7";"1";"0";""
"202400011306";"155 761 844";"A01";"2";"7";"0";"2";"1";"15";"1";""
"202400011307";"155 761 841";"B01";"1";"2";"0";"2";"0";"1";"1";""
"202400011307";"155 761 843";"A01";"1";"7";"0";"2";"6";"19";"1";""
"202400011308";"155 761 839";"B01";"2";"80";"0";"2";"1";"1";"3";""
"202400011308";"155 761 840";"A01";"1";"7";"1";"2";"3";"13";"1";""
"202400011309";"155 761 837";"B01";"2";"7";"0";"2";"4";"26";"1";""
"202400011309";"155 761 838";"A01";"2";"13";"0";"2";"1";"26";"1";""
"202400011310";"155 761 835";"A01";"1";"2";"0";"0";"7";"1";"1";""
"202400011311";"155 761 834";"A01";"1";"7";"0";"2";"3";"13";"1";""
"202400011311";"155 761 836";"B01";"1";"7";"0";"2";"3";"1";"1";""
"202400011312";"155 761 831";"A01";"1";"7";"8";"0";"2";"26";"1";""
"202400011313";"155 761 829";"A01";"3";"7";"0";"1";"1";"1";"1";""
"202400011314";"155 761 826";"B01";"2";"10";"0";"2";"2";"0";"1";""
"202400011314";"155 761 828";"A01";"1";"34";"0";"2";"1";"1";"1";""
"202400011315";"155 761 825";"A01";"1";"7";"0";"2";"3";"15";"1";""
"202400011315";"155 761 827";"B01";"2";"2";"0";"2";"1";"1";"1";""
"202400011316";"155 761 824";"A01";"2";"7";"0";"1";"2";"26";"1";""
"202400011317";"155 761 822";"A01";"3";"7";"0";"2";"7";"19";"1";""
"202400011317";"155 761 823";"B01";"3";"34";"0";"2";"1";"1";"1";""
"202400011318";"155 761 821";"A01";"1";"7";"0";"2";"6";"14";"1";""
"202400011319";"155 761 818";"A01";"2";"7";"0";"2";"1";"19";"2";""
"202400011319";"155 761 820";"B01";"2";"50";"0";"2";"7";"19";"3";""
"202400011320";"155 761 817";"A01";"2";"10";"0";"2";"4";"2";"1";""
"202400011320";"155 761 819";"B01";"2";"7";"0";"2";"1";"2";"1";""
"202400011321";"155 761 816";"A01";"2";"7";"0";"1";"0";"1";"1";""
"202400011322";"155 761 814";"A01";"2";"7";"0";"2";"1";"2";"1";""
"202400011322";"155 761 815";"B01";"2";"7";"0";"2";"4";"23";"1";""
"202400011323";"155 761 812";"A01";"2";"34";"0";"2";"2";"17";"1";""
"202400011323";"155 761 813";"B01";"2";"7";"0";"2";"8";"15";"1";""
"202400011324";"155 761 808";"B01";"1";"33";"0";"2";"1";"1";"1";""
"202400011324";"155 761 810";"A01";"2";"7";"0";"2";"2";"15";"1";""
"202400011325";"155 761 807";"B01";"2";"7";"0";"2";"8";"9";"1";""
"202400011325";"155 761 809";"A01";"1";"32";"0";"2";"1";"17";"1";""
"202400011325";"155 761 811";"C01";"1";"7";"0";"2";"3";"0";"1";""
"202400011326";"155 761 806";"A01";"0";"7";"0";"1";"1";"1";"0";""
"202400011327";"155 761 804";"A01";"1";"32";"0";"2";"1";"3";"1";""
"202400011327";"155 761 805";"B01";"1";"31";"0";"2";"4";"3";"1";""
"202400011328";"155 761 802";"A01";"2";"7";"0";"2";"8";"13";"1";""
"202400011328";"155 761 803";"B01";"1";"7";"0";"2";"8";"1";"1";""
"202400011329";"155 761 800";"B01";"1";"33";"0";"2";"8";"3";"3";""
"202400011329";"155 761 801";"A01";"1";"10";"0";"2";"7";"12";"1";""
"202400011330";"155 761 798";"B01";"3";"7";"0";"2";"1";"0";"1";""
"202400011330";"155 761 799";"A01";"3";"7";"0";"2";"1";"5";"1";""
"202400011331";"155 761 796";"A01";"1";"7";"0";"2";"5";"14";"2";""
"202400011331";"155 761 797";"B01";"1";"33";"0";"2";"3";"3";"1";""
"202400011332";"155 761 794";"B01";"2";"32";"0";"2";"3";"2";"1";""
"202400011332";"155 761 795";"Z01";"1";"7";"0";"2";"3";"15";"1";""
"202400011333";"155 761 792";"A01";"1";"33";"0";"2";"8";"3";"1";""
"202400011333";"155 761 793";"B01";"1";"7";"0";"2";"7";"12";"1";""
"202400011334";"155 761 790";"A01";"1";"7";"8";"2";"1";"13";"1";""
"202400011334";"155 761 791";"B01";"2";"7";"0";"2";"8";"0";"1";""
"202400011335";"155 761 788";"A01";"3";"33";"0";"0";"8";"26";"1";""
"202400011336";"155 761 789";"A01";"2";"7";"0";"1";"2";"1";"1";""
"202400011337";"155 761 785";"A01";"3";"7";"0";"2";"2";"1";"1";""
"202400011337";"155 761 787";"B01";"0";"7";"0";"2";"3";"1";"2";""
"202400011338";"155 761 784";"A01";"3";"7";"0";"2";"2";"16";"1";""
"202400011338";"155 761 786";"B01";"3";"1";"0";"2";"3";"16";"5";""
"202400011339";"155 761 782";"B01";"0";"33";"0";"2";"7";"1";"1";""
"202400011339";"155 761 783";"A01";"3";"7";"0";"2";"3";"26";"3";""
"202400011340";"155 761 780";"A01";"1";"7";"8";"0";"1";"1";"1";""
"202400011341";"155 761 779";"A01";"3";"1";"0";"2";"7";"15";"5";""
"202400011341";"155 761 781";"B01";"3";"7";"0";"2";"3";"1";"1";""
"202400011342";"155 761 778";"A01";"1";"30";"2";"0";"1";"0";"1";""
"202400011343";"155 761 777";"A01";"2";"7";"0";"1";"1";"1";"1";""
"202400011344";"155 761 776";"A01";"2";"31";"0";"1";"1";"1";"1";""
"202400011345";"155 761 774";"B01";"1";"7";"0";"2";"8";"1";"3";""
"202400011345";"155 761 775";"A01";"1";"32";"0";"2";"1";"1";"3";""
"202400011346";"155 761 772";"A01";"1";"50";"0";"2";"1";"5";"3";""
"202400011346";"155 761 773";"B01";"2";"7";"0";"2";"3";"1";"2";""
"202400011347";"155 761 770";"A01";"2";"1";"0";"2";"1";"1";"5";""
"202400011347";"155 761 771";"Z01";"1";"10";"0";"2";"4";"20";"1";""
"202400011348";"155 761 769";"A01";"2";"1";"13";"0";"1";"1";"5";""
"202400011349";"155 761 768";"A01";"2";"1";"1";"0";"1";"1";"5";""
"202400011350";"155 761 766";"A01";"3";"7";"0";"2";"1";"1";"1";""
"202400011350";"155 761 767";"B01";"3";"80";"0";"2";"4";"2";"3";""
"202400011351";"155 761 765";"A01";"3";"33";"0";"1";"7";"1";"1";""
"202400011352";"155 761 762";"B01";"3";"80";"0";"2";"4";"1";"3";""
"202400011352";"155 761 763";"A01";"3";"80";"0";"2";"1";"1";"3";""
"202400011353";"155 761 761";"B01";"2";"7";"0";"2";"7";"1";"2";""
"202400011353";"155 761 764";"A01";"1";"7";"0";"2";"1";"1";"1";""
"202400011354";"155 761 760";"A01";"3";"1";"0";"1";"1";"1";"5";""
"202400011355";"155 761 758";"B01";"1";"7";"0";"9";"3";"26";"1";""
"202400011355";"155 761 759";"A01";"2";"50";"0";"2";"1";"26";"3";""
"202400011356";"155 761 757";"Z01";"3";"32";"0";"1";"1";"1";"0";""
"202400011357";"155 761 756";"A01";"1";"31";"0";"0";"2";"1";"1";""
"202400011358";"155 761 753";"A01";"3";"7";"0";"2";"3";"1";"3";""
"202400011358";"155 761 755";"B01";"3";"34";"0";"2";"7";"1";"1";""
"202400011359";"155 761 752";"A01";"3";"2";"0";"2";"1";"26";"3";""
"202400011359";"155 761 754";"B01";"1";"1";"0";"2";"4";"1";"5";""
"202400011360";"155 761 751";"A01";"1";"2";"8";"0";"1";"21";"1";""
"202400011361";"155 761 750";"A01";"3";"7";"0";"1";"3";"1";"2";""
"202400011362";"155 761 748";"B01";"3";"80";"0";"2";"1";"1";"3";""
"202400011362";"155 761 749";"A01";"3";"10";"0";"2";"7";"22";"1";""
"202400011363";"155 761 746";"A01";"1";"80";"0";"2";"1";"1";"3";""
"202400011363";"155 761 747";"B01";"2";"1";"0";"2";"1";"1";"5";""
"202400011364";"155 761 745";"Z01";"2";"1";"0";"1";"1";"25";"5";""
"202400011365";"155 761 744";"A01";"2";"2";"0";"0";"0";"1";"3";""
"202400011366";"155 761 742";"B01";"1";"7";"0";"2";"2";"16";"1";""
"202400011366";"155 761 743";"A01";"0";"33";"0";"2";"0";"0";"0";""
"202400011367";"155 761 740";"B01";"1";"33";"0";"2";"8";"1";"1";""
"202400011367";"155 761 741";"A01";"2";"7";"0";"2";"8";"13";"2";""
"202400011368";"155 761 737";"B01";"1";"7";"0";"2";"4";"2";"1";""
"202400011368";"155 761 739";"A01";"1";"7";"0";"2";"1";"2";"1";""
"202400011369";"155 761 736";"B01";"3";"7";"0";"2";"7";"2";"0";""
"202400011369";"155 761 738";"A01";"3";"10";"0";"2";"1";"2";"0";""
"202400011370";"155 761 734";"A01";"1";"10";"12";"0";"1";"1";"1";""
"202400011371";"155 761 733";"A01";"1";"10";"0";"2";"1";"1";"0";""
"202400011371";"155 761 735";"B01";"2";"7";"9";"2";"9";"0";"0";""
"202400011372";"155 761 730";"A01";"1";"7";"0";"2";"7";"1";"1";""
"202400011372";"155 761 732";"B01";"1";"7";"0";"2";"0";"11";"2";""
"202400011373";"155 761 729";"A01";"3";"50";"0";"9";"1";"13";"3";""
"202400011373";"155 761 731";"B01";"3";"1";"0";"9";"1";"1";"5";""
"202400011374";"155 761 727";"B01";"3";"7";"0";"2";"2";"1";"0";""
"202400011374";"155 761 728";"A01";"3";"7";"0";"2";"6";"11";"1";""
"202400011375";"155 761 725";"B01";"1";"10";"0";"2";"1";"1";"1";""
"202400011375";"155 761 726";"A01";"1";"10";"0";"2";"7";"15";"1";""
"202400011376";"155 761 723";"A01";"3";"10";"0";"2";"2";"16";"1";""
"202400011376";"155 761 724";"B01";"3";"32";"0";"2";"3";"1";"0";""
"202400011377";"155 761 722";"A01";"2";"34";"0";"1";"2";"26";"0";""
"202400011378";"155 761 720";"A01";"1";"7";"0";"2";"0";"0";"1";""
"202400011378";"155 761 721";"B01";"1";"33";"0";"2";"5";"2";"1";""
"202400011379";"155 761 718";"A01";"1";"7";"0";"2";"4";"20";"1";""
"202400011379";"155 761 719";"B01";"2";"1";"0";"2";"1";"1";"5";""
"202400011380";"155 761 716";"A01";"1";"7";"0";"2";"2";"16";"2";""
"202400011380";"155 761 717";"B01";"1";"50";"0";"2";"0";"0";"3";""
"202400011381";"155 761 715";"A01";"3";"34";"0";"1";"1";"1";"0";""
"202400011382";"155 761 713";"B01";"3";"14";"0";"0";"0";"0";"1";""
"202400011382";"155 761 714";"A01";"3";"7";"0";"0";"0";"2";"2";""
"202400011383";"155 761 711";"B01";"3";"50";"0";"2";"7";"5";"3";""
"202400011383";"155 761 712";"A01";"3";"7";"0";"9";"3";"1";"1";""
"202400011384";"155 761 710";"A01";"2";"7";"6";"0";"3";"13";"1";""
"202400011385";"155 761 708";"A01";"2";"7";"1";"0";"2";"1";"1";""
"202400011386";"155 761 707";"A01";"2";"7";"0";"2";"1";"1";"1";""
"202400011386";"155 761 709";"B01";"2";"33";"0";"2";"4";"1";"1";""
"202400011387";"155 761 706";"A01";"1";"31";"0";"0";"8";"1";"1";""
"202400011388";"155 761 704";"A01";"1";"31";"0";"0";"0";"1";"1";""
"202400011389";"155 761 705";"A01";"1";"15";"0";"1";"7";"1";"1";""
"202400011390";"155 761 700";"A01";"2";"7";"0";"2";"1";"1";"1";""
"202400011390";"155 761 703";"B01";"2";"3";"0";"2";"3";"19";"1";""
"202400011391";"155 761 701";"A01";"1";"7";"0";"2";"3";"2";"1";""
"202400011391";"155 761 702";"B01";"3";"7";"0";"2";"2";"15";"1";""
"202400011392";"155 761 696";"A01";"3";"7";"0";"2";"1";"15";"1";""
"202400011392";"155 761 698";"B01";"3";"33";"0";"2";"1";"0";"1";""
"202400011393";"155 761 697";"A01";"1";"7";"0";"2";"1";"1";"1";""
"202400011393";"155 761 699";"B01";"1";"7";"0";"2";"1";"1";"2";""
"202400011394";"155 761 694";"A01";"1";"33";"6";"2";"3";"17";"0";""
"202400011394";"155 761 695";"B01";"2";"21";"0";"2";"3";"15";"1";""
"202400011395";"155 761 693";"A01";"1";"7";"0";"1";"1";"16";"1";""
"202400011396";"155 761 692";"A01";"1";"7";"4";"0";"8";"2";"1";""
"202400011397";"155 761 689";"A01";"1";"7";"0";"2";"1";"26";"1";""
"202400011397";"155 761 690";"B01";"1";"7";"0";"2";"9";"2";"1";""
"202400011397";"155 761 691";"C01";"1";"10";"0";"2";"4";"2";"3";""
"202400011398";"155 761 687";"A01";"1";"7";"0";"2";"2";"13";"1";""
"202400011398";"155 761 688";"B01";"2";"7";"13";"2";"1";"1";"1";""
"202400011399";"155 761 685";"B01";"3";"33";"0";"2";"1";"1";"1";""
"202400011399";"155 761 686";"A01";"3";"7";"0";"2";"3";"9";"1";""
"202400011400";"155 761 684";"A01";"1";"7";"2";"0";"2";"1";"1";""
"202400011401";"155 761 682";"A01";"2";"34";"0";"1";"1";"1";"1";""
"202400011402";"155 761 681";"A01";"1";"7";"0";"2";"3";"9";"1";""
"202400011402";"155 761 683";"B01";"2";"2";"0";"2";"1";"1";"1";""
"202400011403";"155 761 678";"A01";"3";"43";"0";"2";"3";"9";"1";""
"202400011403";"155 761 680";"B01";"1";"50";"0";"2";"1";"1";"3";""
"202400011404";"155 761 676";"B01";"2";"2";"0";"2";"1";"13";"1";""
"202400011404";"155 761 677";"C01";"2";"2";"0";"2";"1";"13";"1";""
"202400011404";"155 761 679";"A01";"1";"7";"0";"2";"3";"1";"1";""
"202400011405";"155 761 674";"A01";"1";"7";"0";"2";"8";"11";"1";""
"202400011405";"155 761 675";"B01";"1";"33";"0";"2";"7";"3";"1";""
"202400011406";"155 761 673";"A01";"1";"7";"6";"0";"1";"15";"1";""
"202400011407";"155 761 672";"A01";"0";"2";"6";"0";"1";"1";"1";""
"202400011408";"155 761 671";"A01";"1";"7";"0";"0";"1";"13";"1";""
"202400011409";"155 761 668";"B01";"1";"7";"0";"2";"1";"1";"1";""
"202400011409";"155 761 670";"A01";"2";"2";"0";"2";"1";"15";"1";""
"202400011410";"155 761 666";"A01";"2";"10";"0";"2";"2";"2";"1";""
"202400011410";"155 761 667";"B01";"2";"1";"0";"2";"4";"1";"5";""
"202400011410";"155 761 669";"C01";"2";"1";"0";"2";"4";"1";"5";""
"202400011411";"155 761 664";"A01";"1";"7";"0";"2";"2";"1";"1";""
"202400011411";"155 761 665";"B01";"2";"31";"0";"2";"1";"15";"1";""
"202400011412";"155 761 662";"B01";"2";"33";"0";"2";"8";"1";"1";""
"202400011412";"155 761 663";"A01";"1";"7";"0";"2";"8";"13";"0";""
"202400011413";"155 761 661";"A01";"1";"2";"12";"0";"1";"1";"1";""
"202400011414";"155 761 657";"B01";"1";"2";"0";"2";"8";"15";"1";""
"202400011414";"155 761 659";"A01";"1";"7";"0";"2";"2";"17";"1";""
"202400011415";"155 761 656";"A01";"1";"7";"0";"2";"3";"13";"1";""
"202400011415";"155 761 658";"B01";"2";"7";"0";"2";"3";"1";"1";""
"202400011415";"155 761 660";"C01";"2";"7";"0";"2";"8";"1";"1";""
"202400011416";"155 761 655";"A01";"1";"2";"3";"0";"8";"13";"1";""
"202400011417";"155 761 653";"B01";"1";"21";"0";"2";"1";"1";"0";""
"202400011417";"155 761 654";"A01";"2";"7";"0";"2";"1";"13";"2";""
"202400011418";"155 761 652";"A01";"1";"7";"13";"0";"3";"0";"1";""
"202400011419";"155 761 651";"A01";"2";"31";"12";"0";"7";"1";"1";""
"202400011420";"155 761 650";"A01";"1";"36";"0";"0";"0";"1";"1";""
"202400011421";"155 761 649";"A01";"2";"2";"3";"0";"1";"0";"1";""
"202400011422";"155 761 648";"A01";"1";"7";"0";"1";"0";"1";"1";""
"202400011423";"155 761 647";"A01";"1";"7";"4";"0";"1";"17";"1";""
"202400011424";"155 761 646";"A01";"1";"1";"12";"0";"0";"0";"5";""
"202400011425";"155 761 645";"A01";"1";"7";"0";"1";"3";"21";"1";""
"202400011426";"155 761 644";"A01";"2";"1";"5";"0";"2";"1";"5";""
"202400011427";"155 761 640";"A01";"3";"1";"0";"2";"7";"1";"5";""
"202400011427";"155 761 642";"B01";"3";"1";"0";"2";"8";"1";"5";""