"Num_Acc";"id_vehicule";"num_veh";"senc";"catv";"obs";"obsm";"choc";"manv";"motor";"occutc"
"202400011827";"155 760 921";"A01";"1";"7";"0";"1";"1";"1";"1";""
"202400011828";"155 760 922";"B01";"1";"2";"0";"0";"0";"1";"1";""
"202400011828";"155 760 924";"A01";"1";"10";"0";"0";"0";"16";"1";""
"202400011829";"155 760 917";"A01";"1";"7";"0";"2";"5";"1";"1";""
"202400011829";"155 760 920";"B01";"1";"32";"0";"2";"1";"3";"1";""
"202400011830";"155 760 916";"A01";"1";"7";"0";"2";"1";"1";"1";""
"202400011830";"155 760 919";"B01";"1";"7";"0";"2";"4";"23";"1";""
"202400011831";"155 760 915";"B01";"3";"7";"0";"2";"1";"0";"1";""
"202400011831";"155 760 918";"A01";"3";"7";"0";"2";"1";"13";"1";""
"202400011832";"155 760 913";"A01";"2";"7";"0";"0";"9";"26";"1";""
"202400011833";"155 760 912";"A01";"1";"7";"0";"2";"1";"9";"1";""
"202400011833";"155 760 914";"B01";"1";"1";"0";"2";"5";"1";"5";""
"202400011834";"155 760 910";"A01";"1";"37";"0";"2";"8";"18";"0";"1"
"202400011834";"155 760 911";"B01";"1";"50";"0";"2";"7";"0";"3";""
"202400011835";"155 760 908";"A01";"3";"7";"0";"1";"1";"9";"1";""
"202400011836";"155 760 907";"A01";"1";"7";"0";"2";"8";"1";"1";""
"202400011836";"155 760 909";"B01";"1";"7";"0";"2";"1";"17";"1";""
"202400011837";"155 760 906";"A01";"2";"33";"8";"0";"1";"1";"1";""
"202400011838";"155 760 904";"A01";"1";"7";"0";"1";"4";"4";"1";""
"202400011839";"155 760 902";"C01";"1";"7";"0";"2";"1";"2";"1";""
"202400011839";"155 760 903";"A01";"1";"10";"0";"2";"4";"2";"1";""
"202400011839";"155 760 905";"B01";"1";"7";"0";"2";"3";"2";"0";""
"202400011840";"155 760 901";"A01";"3";"7";"15";"0";"1";"1";"3";""
"202400011841";"155 760 900";"A01";"0";"10";"0";"1";"8";"9";"0";""
"202400011842";"155 760 898";"A01";"2";"7";"3";"0";"7";"1";"1";""
"202400011843";"155 760 897";"A01";"0";"7";"0";"2";"1";"1";"1";""
"202400011843";"155 760 899";"B01";"0";"7";"0";"2";"6";"1";"1";""
"202400011844";"155 760 893";"B01";"2";"10";"0";"2";"4";"12";"1";""
"202400011844";"155 760 895";"A01";"2";"43";"0";"2";"1";"3";"1";""
"202400011845";"155 760 894";"A01";"2";"7";"0";"2";"4";"4";"2";""
"202400011845";"155 760 896";"B01";"2";"2";"0";"2";"1";"23";"1";""
"202400011846";"155 760 891";"A01";"2";"7";"0";"2";"4";"23";"1";""
"202400011846";"155 760 892";"Z01";"2";"0";"0";"2";"1";"2";"0";""
"202400011847";"155 760 888";"A01";"2";"7";"0";"2";"1";"1";"1";""
"202400011847";"155 760 890";"B01";"2";"10";"0";"2";"4";"1";"1";""
"202400011848";"155 760 887";"B01";"3";"50";"0";"2";"7";"19";"3";""
"202400011848";"155 760 889";"A01";"1";"7";"0";"2";"1";"1";"1";""
"202400011849";"155 760 884";"A01";"3";"7";"0";"9";"2";"1";"2";""
"202400011849";"155 760 886";"B01";"3";"50";"0";"2";"7";"16";"3";""
"202400011850";"155 760 881";"A01";"1";"7";"0";"2";"1";"1";"1";""
"202400011850";"155 760 882";"C01";"1";"7";"0";"2";"6";"1";"1";""
"202400011850";"155 760 885";"B01";"1";"7";"0";"2";"4";"1";"2";""
"202400011851";"155 760 880";"B01";"2";"2";"0";"2";"8";"15";"1";""
"202400011851";"155 760 883";"A01";"1";"10";"0";"2";"0";"26";"3";""
"202400011852";"155 760 877";"B01";"1";"50";"0";"2";"1";"1";"3";""
"202400011852";"155 760 879";"A01";"2";"10";"0";"9";"1";"1";"1";""
"202400011853";"155 760 876";"B01";"2";"7";"0";"2";"6";"11";"1";""
"202400011853";"155 760 878";"A01";"2";"20";"0";"2";"2";"12";"1";""
"202400011854";"155 760 874";"B01";"1";"33";"0";"2";"8";"16";"1";""
"202400011854";"155 760 875";"A01";"1";"10";"0";"2";"1";"15";"1";""
"202400011855";"155 760 870";"A01";"1";"7";"0";"2";"7";"21";"1";""
"202400011855";"155 760 872";"B01";"1";"33";"0";"2";"8";"1";"1";""
"202400011856";"155 760 866";"A01";"1";"7";"0";"2";"4";"2";"1";""
"202400011856";"155 760 869";"B01";"1";"7";"0";"2";"4";"2";"1";""
"202400011856";"155 760 871";"D01";"1";"7";"0";"2";"0";"0";"1";""
"202400011856";"155 760 873";"C01";"1";"7";"0";"2";"4";"2";"1";""
"202400011857";"155 760 864";"B01";"2";"7";"0";"2";"1";"1";"3";""
"202400011857";"155 760 867";"A01";"2";"7";"0";"2";"7";"15";"0";""
"202400011858";"155 760 862";"A01";"1";"7";"0";"1";"7";"0";"0";""
"202400011859";"155 760 861";"B01";"2";"43";"0";"2";"4";"3";"1";""
"202400011859";"155 760 865";"A01";"2";"43";"0";"2";"1";"3";"1";""
"202400011859";"155 760 868";"C01";"2";"33";"0";"2";"4";"3";"1";""
"202400011860";"155 760 859";"B01";"1";"10";"0";"2";"7";"1";"1";""
"202400011860";"155 760 863";"A01";"1";"10";"0";"2";"1";"1";"1";""
"202400011861";"155 760 857";"B01";"1";"99";"0";"2";"8";"26";"0";""
"202400011861";"155 760 860";"A01";"1";"10";"0";"2";"4";"26";"0";""
"202400011862";"155 760 855";"A01";"2";"10";"0";"2";"2";"12";"1";""
"202400011862";"155 760 856";"B01";"2";"33";"0";"2";"8";"3";"1";""
"202400011862";"155 760 858";"C01";"2";"10";"0";"2";"4";"1";"1";""
"202400011863";"155 760 854";"A01";"0";"10";"8";"0";"1";"2";"1";""
"202400011864";"155 760 853";"A01";"1";"60";"0";"0";"0";"26";"5";""
"202400011865";"155 760 849";"A01";"1";"7";"0";"2";"8";"13";"1";""
"202400011865";"155 760 852";"B01";"1";"15";"0";"2";"2";"1";"1";""
"202400011866";"155 760 851";"A01";"3";"2";"0";"0";"8";"21";"1";""
"202400011867";"155 760 848";"B01";"0";"30";"0";"2";"1";"13";"1";""
"202400011867";"155 760 850";"A01";"0";"7";"0";"2";"1";"21";"1";""
"202400011868";"155 760 846";"A01";"1";"7";"1";"1";"3";"12";"1";""
"202400011869";"155 760 847";"A01";"3";"33";"0";"0";"0";"26";"6";""
"202400011870";"155 760 844";"B01";"1";"33";"0";"2";"7";"17";"1";""
"202400011870";"155 760 845";"A01";"1";"7";"0";"2";"3";"15";"1";""
"202400011871";"155 760 842";"A01";"2";"31";"1";"0";"2";"0";"1";""
"202400011872";"155 760 843";"A01";"1";"7";"4";"0";"1";"1";"1";""
"202400011873";"155 760 840";"A01";"1";"7";"0";"2";"6";"1";"2";""
"202400011873";"155 760 841";"B01";"1";"33";"0";"2";"1";"21";"1";""
"202400011874";"155 760 837";"A01";"3";"3";"0";"1";"3";"1";"1";""
"202400011875";"155 760 835";"B01";"1";"7";"0";"2";"8";"1";"1";""
"202400011875";"155 760 838";"A01";"1";"10";"7";"2";"8";"19";"1";""
"202400011875";"155 760 839";"C01";"1";"7";"0";"2";"1";"1";"1";""
"202400011876";"155 760 834";"A01";"0";"7";"0";"2";"3";"15";"1";""
"202400011876";"155 760 836";"B01";"0";"33";"0";"2";"2";"17";"1";""
"202400011877";"155 760 832";"A01";"2";"7";"0";"1";"3";"1";"1";""
"202400011878";"155 760 831";"A01";"3";"7";"14";"2";"6";"16";"0";""
"202400011878";"155 760 833";"B01";"3";"7";"15";"2";"6";"26";"0";""
"202400011879";"155 760 828";"A01";"2";"1";"0";"1";"1";"2";"5";""
"202400011880";"155 760 829";"B01";"1";"50";"0";"2";"1";"2";"3";""
"202400011880";"155 760 830";"A01";"1";"10";"0";"2";"5";"2";"1";""
"202400011881";"155 760 826";"A01";"1";"30";"0";"2";"1";"18";"1";""
"202400011881";"155 760 827";"B01";"1";"7";"0";"2";"5";"16";"1";""
"202400011882";"155 760 822";"B01";"2";"31";"0";"2";"1";"1";"1";""
"202400011882";"155 760 824";"C01";"1";"7";"0";"2";"1";"1";"2";""
"202400011882";"155 760 825";"A01";"3";"7";"0";"2";"2";"16";"1";""
"202400011883";"155 760 820";"A01";"2";"50";"0";"2";"8";"1";"3";""
"202400011883";"155 760 823";"B01";"2";"7";"0";"2";"2";"2";"1";""
"202400011884";"155 760 819";"B01";"1";"50";"0";"2";"5";"1";"3";""
"202400011884";"155 760 821";"A01";"1";"7";"0";"9";"5";"20";"1";""
"202400011885";"155 760 816";"A01";"0";"30";"14";"0";"0";"2";"1";""
"202400011886";"155 760 815";"A01";"1";"7";"13";"0";"2";"2";"1";""
"202400011886";"155 760 817";"B01";"1";"7";"0";"0";"4";"1";"1";""
"202400011887";"155 760 814";"A01";"1";"7";"0";"2";"6";"23";"1";""
"202400011887";"155 760 818";"B01";"1";"7";"0";"2";"1";"2";"1";""
"202400011888";"155 760 813";"A01";"2";"50";"12";"0";"1";"26";"3";""
"202400011889";"155 760 810";"A01";"1";"2";"0";"2";"3";"13";"1";""
"202400011889";"155 760 812";"B01";"1";"7";"0";"2";"3";"1";"1";""
"202400011890";"155 760 809";"A01";"1";"34";"0";"2";"2";"2";"1";""
"202400011890";"155 760 811";"B01";"1";"80";"0";"2";"8";"15";"3";""
"202400011891";"155 760 808";"A01";"1";"7";"0";"1";"4";"20";"1";""
"202400011892";"155 760 806";"A01";"2";"10";"0";"1";"7";"1";"1";""
"202400011893";"155 760 805";"A01";"3";"7";"0";"2";"8";"9";"1";""
"202400011893";"155 760 807";"B01";"2";"7";"0";"2";"2";"1";"2";""
"202400011894";"155 760 801";"B01";"1";"7";"0";"2";"6";"15";"2";""
"202400011894";"155 760 804";"A01";"2";"32";"0";"2";"1";"17";"1";""
"202400011895";"155 760 802";"A01";"1";"7";"0";"2";"4";"20";"1";""
"202400011895";"155 760 803";"B01";"1";"2";"0";"2";"1";"1";"1";""
"202400011896";"155 760 800";"A01";"0";"7";"4";"0";"2";"1";"1";""
"202400011897";"155 760 797";"A01";"1";"7";"0";"0";"2";"26";"2";""
"202400011898";"155 760 796";"A01";"1";"10";"0";"2";"2";"16";"1";""
"202400011898";"155 760 798";"B01";"2";"50";"0";"2";"8";"19";"3";""
"202400011899";"155 760 795";"A01";"2";"7";"0";"2";"2";"1";"1";""
"202400011899";"155 760 799";"B01";"2";"33";"0";"2";"1";"1";"1";""
"202400011900";"155 760 791";"B01";"1";"30";"0";"9";"4";"7";"1";""
"202400011900";"155 760 793";"A01";"1";"7";"0";"2";"1";"1";"2";""
"202400011901";"155 760 790";"A01";"1";"7";"0";"0";"4";"23";"1";""
"202400011901";"155 760 792";"B01";"1";"34";"0";"2";"1";"1";"1";""
"202400011901";"155 760 794";"C01";"1";"33";"0";"2";"1";"1";"1";""
"202400011902";"155 760 789";"A01";"3";"10";"0";"1";"1";"1";"0";""
"202400011903";"155 760 787";"A01";"1";"34";"0";"1";"1";"26";"6";""
"202400011904";"155 760 785";"A01";"1";"7";"0";"2";"1";"2";"1";""
"202400011904";"155 760 786";"B01";"1";"7";"0";"2";"4";"1";"1";""
"202400011905";"155 760 784";"A01";"1";"7";"0";"0";"3";"1";"1";""
"202400011905";"155 760 788";"B01";"2";"7";"0";"0";"8";"15";"1";""
"202400011906";"155 760 780";"A01";"1";"7";"0";"2";"3";"17";"1";""
"202400011906";"155 760 782";"B01";"2";"37";"0";"2";"3";"1";"1";"1"
"202400011907";"155 760 779";"A01";"2";"33";"0";"2";"7";"26";"1";""
"202400011907";"155 760 783";"B01";"2";"7";"0";"2";"3";"0";"1";""
"202400011908";"155 760 778";"A01";"2";"7";"0";"2";"1";"1";"0";""
"202400011908";"155 760 781";"B01";"2";"7";"0";"2";"4";"1";"1";""
"202400011909";"155 760 776";"A01";"1";"7";"15";"0";"1";"14";"1";""
"202400011910";"155 760 774";"B01";"2";"33";"16";"2";"1";"17";"1";""
"202400011910";"155 760 777";"A01";"2";"7";"0";"2";"8";"15";"1";""
"202400011911";"155 760 773";"B01";"2";"7";"0";"2";"6";"2";"1";""
"202400011911";"155 760 775";"A01";"2";"33";"0";"2";"1";"2";"1";""
"202400011912";"155 760 771";"A01";"3";"33";"8";"2";"3";"26";"1";""
"202400011913";"155 760 770";"B01";"3";"7";"0";"2";"2";"17";"1";""
"202400011913";"155 760 772";"A01";"3";"7";"0";"2";"3";"15";"1";""
"202400011914";"155 760 766";"A01";"2";"10";"0";"1";"1";"15";"1";""
"202400011915";"155 760 765";"A01";"2";"7";"1";"0";"4";"2";"1";""
"202400011915";"155 760 767";"B01";"2";"20";"1";"0";"1";"2";"0";""
"202400011916";"155 760 764";"C01";"2";"38";"0";"2";"3";"5";"6";"5"
"202400011916";"155 760 768";"A01";"1";"14";"0";"0";"6";"2";"1";""
"202400011916";"155 760 769";"B01";"1";"7";"0";"2";"3";"13";"1";""
"202400011917";"155 760 761";"B01";"1";"50";"0";"2";"1";"5";"3";""
"202400011917";"155 760 763";"A01";"1";"7";"0";"9";"2";"16";"1";""
"202400011918";"155 760 760";"A01";"1";"7";"0";"2";"7";"15";"1";""
"202400011918";"155 760 762";"B01";"2";"1";"0";"2";"1";"1";"5";""
"202400011919";"155 760 759";"A01";"1";"7";"0";"1";"3";"1";"1";""
"202400011920";"155 760 757";"B01";"1";"31";"0";"2";"4";"1";"0";""
"202400011920";"155 760 758";"A01";"2";"7";"0";"2";"1";"1";"0";""
"202400011921";"155 760 755";"A01";"3";"7";"10";"9";"1";"1";"1";""
"202400011922";"155 760 756";"A01";"0";"7";"0";"1";"2";"1";"1";""
"202400011923";"155 760 754";"A01";"2";"33";"7";"0";"2";"14";"1";""
"202400011924";"155 760 751";"A01";"3";"10";"0";"2";"7";"12";"1";""
"202400011924";"155 760 753";"B01";"3";"10";"0";"2";"8";"1";"1";""
"202400011925";"155 760 752";"A01";"1";"37";"0";"2";"0";"1";"1";"5"
"202400011926";"155 760 748";"A01";"3";"7";"0";"1";"0";"16";"1";""
"202400011927";"155 760 749";"A01";"1";"15";"0";"1";"3";"2";"1";""
"202400011928";"155 760 747";"A01";"1";"7";"0";"2";"7";"1";"1";""
"202400011928";"155 760 750";"B01";"1";"1";"0";"2";"0";"0";"5";""
"202400011929";"155 760 746";"A01";"3";"7";"1";"1";"1";"1";"1";""
"202400011930";"155 760 743";"A01";"3";"7";"0";"2";"8";"15";"2";""
"202400011930";"155 760 745";"B01";"3";"7";"0";"2";"0";"0";"1";""
"202400011931";"155 760 742";"B01";"2";"1";"0";"2";"7";"11";"5";""
"202400011931";"155 760 744";"A01";"1";"10";"0";"9";"3";"1";"1";""
"202400011932";"155 760 741";"Z01";"1";"0";"0";"1";"3";"0";"0";""
"202400011933";"155 760 738";"B01";"2";"2";"0";"2";"3";"2";"1";""
"202400011933";"155 760 740";"A01";"2";"10";"0";"2";"2";"0";"1";""
"202400011934";"155 760 737";"A01";"0";"33";"12";"0";"7";"1";"1";""
"202400011935";"155 760 736";"A01";"3";"7";"0";"2";"1";"17";"1";""
"202400011935";"155 760 739";"B01";"3";"7";"0";"2";"3";"1";"3";""
"202400011936";"155 760 733";"A01";"1";"7";"0";"2";"1";"17";"1";""
"202400011936";"155 760 735";"B01";"2";"7";"0";"2";"1";"1";"1";""
"202400011937";"155 760 732";"B01";"2";"0";"0";"2";"1";"1";" -1";""
"202400011937";"155 760 734";"A01";"2";"30";"0";"2";"4";"1";"3";""
"202400011938";"155 760 731";"A01";"2";"7";"0";"1";"3";"15";"1";""
"202400011939";"155 760 729";"B01";"2";"30";"0";"2";"1";"1";"1";""
"202400011939";"155 760 730";"A01";"1";"7";"0";"2";"3";"19";"1";""
"202400011940";"155 760 727";"A01";"2";"10";"0";"2";"3";"15";"1";""
"202400011940";"155 760 728";"B01";"2";"31";"0";"2";"4";"15";"1";""
"202400011941";"155 760 726";"A01";"2";"33";"0";"0";"0";"1";"1";""
"202400011942";"155 760 725";"A01";"1";"7";"8";"0";"1";"1";"1";""
"202400011943";"155 760 724";"A01";"2";"32";"16";"0";"0";"1";"1";""
"202400011944";"155 760 723";"A01";"1";"33";"0";"0";"9";"14";"1";""
"202400011945";"155 760 721";"B01";"1";"7";"0";"2";"1";"1";"5";""
"202400011945";"155 760 722";"A01";"1";"7";"0";"2";"2";"16";"1";""
"202400011946";"155 760 720";"A01";"3";"7";"0";"1";"4";"20";"1";""
"202400011947";"155 760 719";"A01";"0";"2";"0";"1";"1";"1";"1";""
"202400011948";"155 760 716";"A01";"2";"33";"0";"2";"2";"17";"1";""
"202400011948";"155 760 718";"B01";"1";"10";"0";"2";"3";"15";"1";""
"202400011949";"155 760 715";"B01";"1";"33";"0";"2";"1";"1";"1";""
"202400011949";"155 760 717";"A01";"2";"7";"0";"2";"3";"3";"1";""
"202400011950";"155 760 709";"A01";"1";"7";"0";"2";"3";"15";"1";""
"202400011950";"155 760 710";"B01";"2";"2";"13";"2";"8";"1";"1";""
"202400011951";"155 760 708";"B01";"2";"38";"0";"2";"3";"1";"1";"3"
"202400011951";"155 760 713";"A01";"1";"30";"0";"2";"1";"5";"1";""
"202400011952";"155 760 705";"A01";"2";"1";"0";"2";"8";"9";"5";""
"202400011952";"155 760 707";"B01";"2";"7";"0";"2";"3";"6";"1";""
"202400011953";"155 760 704";"C01";"1";"33";"1";"2";"1";"17";"1";""
"202400011953";"155 760 706";"A01";"1";"10";"0";"2";"3";"15";"1";""
"202400011954";"155 760 703";"A01";"2";"10";"2";"0";"7";"1";"1";""
"202400011955";"155 760 697";"B01";"2";"7";"0";"2";"4";"13";"1";""
"202400011955";"155 760 698";"C01";"1";"7";"0";"2";"8";"1";"1";""
"202400011955";"155 760 701";"A01";"2";"7";"0";"2";"1";"2";"1";""
"202400011956";"155 760 694";"A01";"2";"7";"0";"2";"1";"26";"1";""
"202400011956";"155 760 696";"B01";"1";"7";"0";"2";"1";"26";"1";""
"202400011956";"155 760 700";"C01";"2";"7";"0";"2";"1";"2";"1";""
"202400011957";"155 760 693";"A01";"3";"7";"2";"0";"3";"0";"1";""
"202400011958";"155 760 692";"A01";"2";"7";"0";"2";"3";"2";"1";""
"202400011958";"155 760 695";"B01";"2";"7";"0";"2";"7";"17";"1";""
"202400011959";"155 760 690";"A01";"0";"33";"0";"0";"2";"1";"1";""
"202400011960";"155 760 688";"B01";"1";"1";"0";"2";"5";"1";"5";""
"202400011960";"155 760 689";"A01";"1";"7";"0";"2";"1";"9";"3";""
"202400011961";"155 760 691";"A01";"1";"10";"13";"0";"8";"1";"1";""
"202400011962";"155 760 686";"A01";"1";"10";"0";"2";"3";"19";"1";""
"202400011962";"155 760 687";"B01";"1";"7";"0";"2";"1";"1";"1";""
"202400011963";"155 760 685";"A01";"1";"33";"0";"0";"4";"1";"1";""
"202400011964";"155 760 684";"A01";"2";"2";"14";"9";"1";"1";"1";""
"202400011965";"155 760 683";"A01";"3";"33";"13";"0";"1";"1";"1";""
"202400011966";"155 760 681";"B01";"2";"7";"0";"0";"1";"1";" -1";""
"202400011966";"155 760 682";"A01";"2";"3";"0";"0";"4";"1";"1";""
"202400011967";"155 760 679";"A01";"1";"7";"8";"0";"0";"17";"1";""
"202400011968";"155 760 677";"B01";"2";"10";"0";"0";"3";"15";"1";""
"202400011968";"155 760 678";"A01";"2";"33";"0";"2";"1";"17";"1";""
"202400011969";"155 760 676";"A01";"1";"2";"16";"0";"1";"1";"1";""
"202400011970";"155 760 675";"A01";"0";"10";"0";"2";"1";"1";"0";""
"202400011970";"155 760 680";"B01";"2";"7";"0";"2";"7";"1";"0";""
"202400011971";"155 760 674";"A01";"2";"7";"8";"0";"1";"0";"1";""
"202400011972";"155 760 673";"A01";"3";"21";"13";"0";"3";"1";"1";""
"202400011973";"155 760 669";"A01";"1";"7";"0";"2";"1";"1";"1";""
"202400011973";"155 760 671";"B01";"2";"7";"0";"2";"1";"17";"1";""
"202400011974";"155 760 670";"B01";"2";"50";"0";"2";"1";"1";"3";""
"202400011974";"155 760 672";"A01";"1";"7";"0";"2";"3";"9";"1";""
"202400011975";"155 760 668";"A01";"1";"7";"10";"0";"2";"14";"1";""
"202400011976";"155 760 667";"A01";"3";"7";"13";"0";"1";"1";"1";""
"202400011977";"155 760 665";"A01";"3";"7";"0";"2";"1";"1";"1";""
"202400011977";"155 760 666";"B01";"3";"7";"0";"2";"4";"1";"2";""
"202400011978";"155 760 664";"A01";"1";"7";"13";"0";"0";"1";"1";""
"202400011979";"155 760 663";"A01";"1";"33";"0";"0";"8";"1";"1";""
"202400011980";"155 760 661";"A01";"1";"7";"0";"2";"3";"1";"1";""
"202400011980";"155 760 662";"B01";"0";"60";"0";"2";"1";"1";"5";""
"202400011981";"155 760 659";"A01";"2";"7";"6";"0";"1";"13";"1";""
"202400011982";"155 760 658";"A01";"2";"7";"0";"9";"5";"2";"1";""
"202400011982";"155 760 660";"B01";"2";"80";"0";"2";"3";"2";"3";""
"202400011983";"155 760 656";"A01";"2";"7";"13";"0";"2";"1";"1";""
"202400011984";"155 760 655";"B01";"1";"50";"0";"9";"1";"1";"3";""
"202400011984";"155 760 657";"A01";"1";"1";"0";"9";"1";"1";"5";""
"202400011985";"155 760 653";"A01";"1";"7";"0";"9";"8";"1";"0";""
"202400011985";"155 760 654";"B01";"1";"1";"0";"2";"7";"19";"5";""
"202400011986";"155 760 651";"A01";"1";"7";"0";"2";"2";"5";"1";""
"202400011986";"155 760 652";"B01";"2";"7";"0";"2";"3";"1";"1";""
"202400011987";"155 760 648";"A01";"2";"7";"0";"0";"1";"1";"1";""
"202400011988";"155 760 647";"B01";"0";"33";"0";"2";"1";"1";"1";""
"202400011988";"155 760 650";"A01";"0";"14";"0";"2";"5";"15";"1";""
"202400011989";"155 760 646";"B01";"1";"7";"0";"2";"4";"2";"1";""
"202400011989";"155 760 649";"A01";"1";"7";"0";"2";"1";"2";"1";""
"202400011990";"155 760 645";"A01";"3";"7";"16";"0";"1";"1";"1";""
"202400011991";"155 760 642";"B01";"2";"7";"0";"0";"1";"1";"1";""
"202400011991";"155 760 644";"A01";"2";"10";"0";"0";"5";"0";"1";""
"202400011992";"155 760 641";"A01";"1";"33";"0";"2";"1";"1";"1";""
"202400011992";"155 760 643";"B01";"2";"7";"0";"2";"2";"15";"1";""
"202400011993";"155 760 639";"A01";"1";"7";"0";"2";"3";"9";"1";""
"202400011993";"155 760 640";"B01";"3";"2";"0";"0";"7";"1";"1";""
"202400011994";"155 760 637";"A01";"1";"7";"6";"0";"3";"0";"1";""
"202400011995";"155 760 636";"A01";"2";"7";"4";"2";"0";"0";"1";""
"202400011995";"155 760 638";"B01";"2";"0";"0";"2";"2";"0";"0";""
"202400011996";"155 760 630";"B01";"1";"7";"0";"2";"3";"2";"1";""
"202400011996";"155 760 632";"A01";"1";"7";"0";"0";"5";"2";"2";""
"202400011997";"155 760 631";"A01";"1";"7";"0";"0";"1";"15";"1";""
"202400011997";"155 760 633";"B01";"2";"33";"1";"0";"1";"1";"1";""
"202400011998";"155 760 628";"A01";"2";"30";"0";"2";"1";"2";"1";""
"202400011998";"155 760 629";"B01";"2";"7";"0";"2";"6";"2";"1";""
"202400011999";"155 760 626";"A01";"2";"2";"16";"0";"1";"1";"1";""
"202400012000";"155 760 623";"D01";"2";"7";"0";"9";"1";"1";"1";""
"202400012000";"155 760 624";"A01";"2";"33";"0";"2";"1";"5";"1";""
"202400012000";"155 760 625";"B01";"1";"7";"0";"2";"3";"1";"1";""
"202400012000";"155 760 627";"C01";"2";"7";"0";"2";"0";"1";"1";""
"202400012001";"155 760 622";"A01";"2";"7";"8";"0";"1";"0";"1";""
"202400012002";"155 760 617";"B01";"2";"2";"0";"2";"1";"2";"1";""
"202400012002";"155 760 620";"A01";"2";"7";"0";"2";"8";"15";"1";""
"202400012003";"155 760 616";"A01";"1";"7";"0";"2";"4";"23";"1";""
"202400012003";"155 760 619";"B01";"1";"7";"0";"2";"4";"0";"1";""
"202400012003";"155 760 621";"Z01";"1";"10";"0";"2";"1";"2";"1";""
"202400012004";"155 760 615";"A01";"1";"2";"0";"2";"1";"1";"1";""
"202400012004";"155 760 618";"B01";"1";"7";"0";"2";"2";"15";"2";""
"202400012005";"155 760 612";"A01";"1";"33";"4";"0";"8";"17";"1";""
"202400012006";"155 760 610";"B01";"0";"7";"0";"0";"7";"26";"1";""
"202400012006";"155 760 614";"A01";"0";"13";"0";"0";"3";"0";"1";""
"202400012007";"155 760 611";"B01";"2";"1";"0";"2";"0";"1";"5";""
"202400012007";"155 760 613";"A01";"1";"37";"0";"2";"2";"1";"2";"1"
"202400012008";"155 760 608";"A01";"2";"7";"13";"0";"1";"1";"1";""
"202400012009";"155 760 607";"A01";"2";"7";"0";"2";"2";"1";"1";""
"202400012009";"155 760 609";"B01";"2";"7";"0";"2";"3";"1";"1";""
"202400012010";"155 760 605";"A01";"1";"7";"1";"0";"8";"26";"1";""
"202400012010";"155 760 606";"B01";"1";"80";"1";"0";"1";"14";"3";""
"202400012011";"155 760 604";"A01";"2";"7";"0";"1";"3";"15";"1";""
"202400012012";"155 760 602";"A01";"1";"7";"0";"0";"1";"15";"3";""
"202400012012";"155 760 603";"B01";"0";"1";"0";"0";"8";"1";"5";""
"202400012013";"155 760 598";"A01";"2";"1";"0";"2";"1";"15";"5";""
"202400012013";"155 760 601";"B01";"2";"37";"0";"9";"2";"1";"1";"1"
"202400012014";"155 760 599";"A01";"3";"7";"0";"2";"2";"15";"0";""
"202400012014";"155 760 600";"B01";"3";"1";"0";"2";"1";"26";"5";""
"202400012015";"155 760 596";"B01";"2";"7";"13";"2";"1";"1";"1";""
"202400012015";"155 760 597";"A01";"2";"7";"13";"2";"3";"10";"1";""
"202400012016";"155 760 594";"A01";"1";"7";"17";"0";"0";"14";"1";""
"202400012017";"155 760 592";"A01";"1";"7";"8";"0";"3";"13";"1";""
"202400012018";"155 760 593";"B01";"2";"37";"0";"0";"0";"0";"0";"1"
"202400012018";"155 760 595";"A01";"2";"80";"0";"2";"6";"21";"3";""
"202400012019";"155 760 590";"A01";"1";"80";"0";"2";"8";"1";"3";""
"202400012019";"155 760 591";"B01";"1";"10";"0";"2";"3";"15";"1";""
"202400012020";"155 760 589";"A01";"1";"7";"1";"0";"1";"20";"2";""
"202400012021";"155 760 587";"A01";"1";"10";"0";"2";"2";"15";"1";""
"202400012021";"155 760 588";"B01";"2";"1";"0";"2";"8";"1";"5";""
"202400012022";"155 760 586";"A01";"1";"7";"6";"0";"2";"1";"1";""
"202400012023";"155 760 585";"A01";"2";"7";"0";"1";"1";"1";"3";""
"202400012024";"155 760 582";"B01";"0";"1";"0";"0";"8";"25";"5";""
"202400012024";"155 760 583";"A01";"0";"3";"0";"9";"1";"2";"1";""
"202400012025";"155 760 581";"A01";"2";"10";"0";"2";"1";"13";"1";""
"202400012025";"155 760 584";"B01";"1";"7";"0";"2";"1";"1";"1";""
"202400012026";"155 760 579";"A01";"1";"7";"0";"2";"1";"1";"1";""
"202400012026";"155 760 580";"B01";"1";"7";"0";"2";"4";"2";"3";""
"202400012027";"155 760 577";"A01";"1";"7";"0";"2";"2";"19";"1";""
"202400012027";"155 760 578";"B01";"1";"10";"0";"2";"1";"19";"1";""
"202400012028";"155 760 575";"A01";"1";"7";"8";"2";"1";"1";"1";""
"202400012028";"155 760 576";"B01";"1";"37";"0";"2";"8";"0";"1";"1"
"202400012029";"155 760 574";"A01";"1";"7";"2";"0";"1";"1";"1";""
"202400012030";"155 760 572";"B01";"0";"50";"0";"2";"8";"17";"3";""
"202400012030";"155 760 573";"A01";"0";"10";"0";"2";"7";"13";"1";""
"202400012031";"155 760 570";"B01";"1";"7";"0";"2";"1";"2";"1";""