"Num_Acc";"id_vehicule";"num_veh";"senc";"catv";"obs";"obsm";"choc";"manv";"motor";"occutc"
"202400013667";"155 757 702";"B01";"3";"33";"0";"2";"2";"17";"1";""
"202400013668";"155 757 698";"B01";"2";"43";"0";"2";"1";"2";"1";""
"202400013668";"155 757 699";"A01";"2";"7";"0";"2";"8";"16";"1";""
"202400013669";"155 757 693";"A01";"1";"13";"0";"2";"2";"1";"1";""
"202400013669";"155 757 694";"B01";"1";"7";"0";"2";"8";"1";"1";""
"202400013670";"155 757 692";"A01";"1";"10";"0";"2";"4";"2";"1";""
"202400013670";"155 757 695";"B01";"1";"7";"0";"2";"4";"2";"0";""
"202400013670";"155 757 696";"C01";"1";"7";"0";"2";"4";"2";"1";""
"202400013670";"155 757 697";"Z01";"1";"10";"0";"2";"1";"11";"1";""
"202400013671";"155 757 689";"A01";"2";"7";"4";"2";"1";"9";"1";""
"202400013671";"155 757 690";"B01";"2";"15";"0";"2";"5";"1";"1";""
"202400013672";"155 757 688";"B01";"1";"7";"0";"2";"4";"23";"1";""
"202400013672";"155 757 691";"A01";"1";"7";"0";"2";"1";"2";"1";""
"202400013673";"155 757 687";"A01";"2";"33";"14";"0";"2";"26";"1";""
"202400013674";"155 757 685";"A01";"1";"30";"0";"2";"3";"1";"1";""
"202400013674";"155 757 686";"Z01";"2";"7";"0";"2";"3";"15";"0";""
"202400013675";"155 757 683";"B01";"2";"7";"0";"2";"3";"1";"2";""
"202400013675";"155 757 684";"A01";"2";"80";"0";"2";"1";"1";"3";""
"202400013676";"155 757 682";"A01";"1";"7";"0";"1";"3";"1";"1";""
"202400013677";"155 757 680";"Z01";"1";"1";"0";"9";"1";"1";"5";""
"202400013677";"155 757 681";"A01";"1";"1";"0";"9";"4";"1";"5";""
"202400013678";"155 757 674";"A01";"1";"7";"0";"2";"3";"15";"1";""
"202400013678";"155 757 676";"B01";"2";"1";"0";"2";"3";"1";"5";""
"202400013679";"155 757 675";"A01";"1";"7";"1";"2";"1";"9";"1";""
"202400013679";"155 757 677";"B01";"3";"7";"0";"2";"4";"24";"1";""
"202400013679";"155 757 678";"C01";"2";"7";"0";"2";"1";"1";"1";""
"202400013679";"155 757 679";"D01";"2";"10";"0";"2";"1";"1";"1";""
"202400013680";"155 757 672";"A01";"1";"50";"1";"0";"2";"1";"3";""
"202400013680";"155 757 673";"B01";"1";"7";"0";"9";"8";"22";"2";""
"202400013681";"155 757 671";"A01";"1";"10";"1";"1";"2";"1";"1";""
"202400013682";"155 757 668";"A01";"1";"7";"0";"2";"2";"16";"2";""
"202400013682";"155 757 670";"B01";"1";"50";"0";"2";"1";"1";"3";""
"202400013683";"155 757 669";"A01";"1";"7";"11";"0";"3";"1";"1";""
"202400013684";"155 757 665";"B01";"1";"1";"1";"2";"1";"2";"5";""
"202400013684";"155 757 667";"A01";"2";"7";"1";"2";"1";"15";"2";""
"202400013685";"155 757 664";"A01";"1";"7";"0";"2";"5";"22";"2";""
"202400013685";"155 757 666";"B01";"1";"1";"0";"2";"0";"1";"5";""
"202400013686";"155 757 663";"Z01";"2";"7";"0";"1";"1";"1";"2";""
"202400013687";"155 757 662";"A01";"2";"80";"0";"1";"1";"5";"3";""
"202400013688";"155 757 660";"C01";"1";"7";"0";"2";"0";"10";" -1";""
"202400013688";"155 757 661";"B01";"1";"43";"0";"2";"8";"1";"1";""
"202400013689";"155 757 658";"B01";"1";"10";"0";"2";"8";"2";"0";""
"202400013689";"155 757 659";"A01";"1";"30";"0";"2";"7";"2";"3";""
"202400013690";"155 757 657";"A01";"3";"7";"9";"0";"1";"1";"1";""
"202400013691";"155 757 656";"A01";"2";"1";"0";"9";"0";"1";"5";""
"202400013692";"155 757 654";"A01";"1";"37";"0";"2";"2";"16";"2";"1"
"202400013692";"155 757 655";"B01";"1";"1";"0";"0";"0";"0";"5";""
"202400013693";"155 757 653";"A01";"2";"7";"0";"1";"1";"1";"1";""
"202400013694";"155 757 651";"A01";"1";"7";"0";"2";"4";"9";"1";""
"202400013694";"155 757 652";"B01";"1";"7";"0";"2";"0";"1";"1";""
"202400013695";"155 757 650";"Z01";"1";"10";"0";"1";"1";"15";"3";""
"202400013696";"155 757 648";"A01";"1";"7";"0";"2";"2";"12";"1";""
"202400013696";"155 757 649";"B01";"1";"7";"0";"2";"0";"0";"2";""
"202400013697";"155 757 644";"A01";"1";"7";"0";"2";"2";"15";"2";""
"202400013697";"155 757 646";"B01";"2";"1";"0";"0";"0";"0";"5";""
"202400013698";"155 757 645";"A01";"2";"7";"0";"2";"3";"1";"1";""
"202400013698";"155 757 647";"B01";"2";"7";"0";"2";"4";"1";"1";""
"202400013699";"155 757 643";"A01";"3";"32";"0";"0";"1";"1";"1";""
"202400013700";"155 757 642";"A01";"3";"7";"0";"1";"1";"20";"1";""
"202400013701";"155 757 641";"A01";"1";"10";"2";"0";"1";"1";"1";""
"202400013702";"155 757 640";"A01";"1";"30";"0";"0";"0";"1";"1";""
"202400013703";"155 757 635";"A01";"1";"7";"12";"2";"3";"23";"1";""
"202400013703";"155 757 636";"B01";"1";"2";"12";"2";"1";"2";"1";""
"202400013704";"155 757 634";"A01";"2";"30";"12";"1";"1";"1";"1";""
"202400013705";"155 757 633";"A01";"1";"33";"13";"0";"3";"14";"1";""
"202400013706";"155 757 631";"B01";"1";"31";"0";"2";"1";"1";"1";""
"202400013706";"155 757 632";"A01";"1";"7";"0";"2";"3";"19";"2";""
"202400013707";"155 757 629";"A01";"1";"2";"0";"2";"2";"12";"1";""
"202400013707";"155 757 630";"B01";"1";"7";"0";"2";"8";"14";"1";""
"202400013708";"155 757 625";"A01";"2";"7";"0";"2";"1";"1";"1";""
"202400013708";"155 757 627";"B01";"1";"7";"0";"2";"3";"16";"1";""
"202400013709";"155 757 626";"A01";"3";"7";"0";"2";"2";"16";"1";""
"202400013709";"155 757 628";"B01";"3";"1";"0";"2";"8";"19";"5";""
"202400013710";"155 757 622";"A01";"2";"7";"0";"2";"5";"1";"1";""
"202400013710";"155 757 624";"B01";"1";"7";"0";"2";"1";"15";"1";""
"202400013711";"155 757 621";"B01";"3";"10";"0";"2";"2";"1";"1";""
"202400013711";"155 757 623";"A01";"3";"7";"3";"2";"3";"1";"2";""
"202400013712";"155 757 620";"A01";"1";"7";"13";"0";"2";"1";"1";""
"202400013713";"155 757 615";"D01";"3";"10";"14";"0";"2";"1";"0";""
"202400013713";"155 757 616";"A01";"3";"7";"0";"2";"7";"11";"0";""
"202400013713";"155 757 618";"B01";"3";"7";"0";"2";"3";"1";"2";""
"202400013713";"155 757 619";"C01";"3";"37";"0";"2";"5";"23";"3";"1"
"202400013714";"155 757 614";"B01";"0";"7";"0";"2";"3";"1";"1";""
"202400013714";"155 757 617";"A01";"0";"7";"0";"2";"3";"13";"1";""
"202400013715";"155 757 612";"A01";"0";"34";"0";"0";"7";"1";"1";""
"202400013716";"155 757 613";"A01";"1";"7";"1";"0";"2";"1";"1";""
"202400013717";"155 757 608";"A01";"2";"7";"0";"2";"7";"17";"1";""
"202400013717";"155 757 610";"B01";"2";"7";"0";"2";"6";"1";"1";""
"202400013718";"155 757 609";"B01";"0";"7";"0";"2";"5";"14";"1";""
"202400013718";"155 757 611";"A01";"3";"30";"0";"2";"1";"1";"1";""
"202400013719";"155 757 605";"A01";"1";"7";"0";"2";"1";"1";"1";""
"202400013719";"155 757 607";"B01";"2";"15";"0";"2";"2";"1";"1";""
"202400013720";"155 757 603";"A01";"1";"7";"0";"2";"3";"15";"2";""
"202400013720";"155 757 606";"B01";"1";"1";"17";"2";"1";"1";"5";""
"202400013721";"155 757 602";"A01";"1";"7";"5";"0";"3";"12";"1";""
"202400013721";"155 757 604";"B01";"1";"7";"5";"0";"8";"1";"1";""
"202400013722";"155 757 600";"B01";"3";"21";"0";"2";"1";"1";"1";""
"202400013722";"155 757 601";"A01";"3";"7";"0";"2";"1";"1";"1";""
"202400013723";"155 757 597";"A01";"3";"30";"0";"2";"4";"2";"1";""
"202400013724";"155 757 595";"A01";"1";"7";"15";"0";"9";"1";"1";""
"202400013725";"155 757 594";"B01";"2";"7";"0";"2";"3";"23";"0";""
"202400013725";"155 757 596";"A01";"2";"7";"0";"2";"2";"21";"1";""
"202400013725";"155 757 598";"C01";"2";"7";"0";"2";"4";"23";"1";""
"202400013725";"155 757 599";"D01";"2";"7";"0";"2";"4";"23";"1";""
"202400013726";"155 757 592";"B01";"3";"37";"0";"1";"1";"2";"1";"1"
"202400013727";"155 757 590";"A01";"1";"7";"0";"2";"2";"1";"2";""
"202400013727";"155 757 593";"B01";"1";"7";"0";"2";"3";"1";"3";""
"202400013728";"155 757 589";"A01";"1";"33";"0";"2";"7";"15";"1";""
"202400013728";"155 757 591";"B01";"2";"7";"0";"2";"1";"1";"1";""
"202400013729";"155 757 587";"A01";"3";"10";"0";"1";"7";"1";"1";""
"202400013730";"155 757 585";"A01";"1";"7";"13";"0";"1";"1";"1";""
"202400013731";"155 757 586";"A01";"2";"33";"0";"2";"1";"17";"1";""
"202400013731";"155 757 588";"B01";"2";"7";"0";"2";"6";"15";"2";""
"202400013732";"155 757 584";"A01";"1";"7";"8";"2";"0";"0";"1";""
"202400013733";"155 757 582";"A01";"3";"7";"1";"1";"0";"1";"3";""
"202400013734";"155 757 581";"A01";"2";"7";"0";"2";"4";"1";"1";""
"202400013734";"155 757 583";"B01";"2";"7";"0";"2";"1";"1";"1";""
"202400013735";"155 757 579";"A01";"1";"7";"9";"0";"1";"1";"1";""
"202400013736";"155 757 578";"A01";"2";"31";"13";"0";"1";"14";"1";""
"202400013737";"155 757 577";"B01";"3";"50";"0";"2";"7";"6";"3";""
"202400013737";"155 757 580";"A01";"1";"7";"0";"9";"1";"1";"1";""
"202400013738";"155 757 575";"A01";"2";"7";"10";"0";"1";"1";"1";""
"202400013739";"155 757 574";"A01";"2";"1";"0";"1";"1";"1";"5";""
"202400013740";"155 757 573";"A01";"2";"7";"1";"2";"2";"16";"0";""
"202400013740";"155 757 576";"B01";"2";"1";"1";"0";"3";"1";"5";""
"202400013741";"155 757 571";"A01";"0";"7";"0";"1";"1";"9";"3";""
"202400013742";"155 757 570";"A01";"1";"7";"0";"2";"2";"1";"1";""
"202400013742";"155 757 572";"B01";"1";"2";"0";"2";"3";"16";"1";""
"202400013743";"155 757 569";"A01";"2";"7";"0";"1";"3";"15";"1";""
"202400013744";"155 757 565";"A01";"3";"7";"0";"2";"7";"19";"1";""
"202400013744";"155 757 567";"B01";"2";"7";"0";"2";"1";"1";"1";""
"202400013745";"155 757 566";"A01";"3";"10";"0";"2";"0";"0";"1";""
"202400013746";"155 757 564";"A01";"2";"14";"0";"2";"3";"1";"1";""
"202400013746";"155 757 568";"B01";"1";"7";"0";"2";"3";"16";"1";""
"202400013747";"155 757 563";"A01";"1";"1";"0";"1";"1";"1";"5";""
"202400013748";"155 757 560";"B01";"1";"7";"0";"2";"3";"1";"1";""
"202400013748";"155 757 562";"A01";"2";"7";"0";"2";"3";"13";"1";""
"202400013749";"155 757 559";"A01";"1";"7";"0";"2";"3";"13";"1";""
"202400013749";"155 757 561";"B01";"2";"31";"0";"2";"1";"1";"3";""
"202400013750";"155 757 558";"A01";"1";"30";"0";"0";"0";"0";"1";""
"202400013751";"155 757 556";"A01";"2";"31";"0";"2";"3";"0";"1";""
"202400013751";"155 757 557";"B01";"1";"7";"0";"0";"3";"1";"1";""
"202400013752";"155 757 555";"A01";"2";"7";"0";"1";"1";"1";"1";""
"202400013753";"155 757 553";"B01";"3";"33";"0";"2";"3";"1";"1";""
"202400013753";"155 757 554";"Z01";"3";"7";"0";"2";"2";"1";"0";""
"202400013754";"155 757 552";"A01";"1";"10";"9";"0";"1";"1";"1";""
"202400013755";"155 757 549";"A01";"3";"7";"2";"0";"1";"1";"1";""
"202400013756";"155 757 550";"A01";"1";"30";"0";"2";"6";"2";"1";""
"202400013756";"155 757 551";"B01";"1";"7";"0";"2";"6";"2";"3";""
"202400013757";"155 757 547";"A01";"1";"7";"0";"2";"3";"1";"1";""
"202400013757";"155 757 548";"B01";"2";"7";"0";"2";"3";"1";"1";""
"202400013758";"155 757 545";"A01";"2";"7";"0";"2";"1";"9";"1";""
"202400013758";"155 757 546";"B01";"1";"2";"0";"2";"7";"1";"1";""
"202400013759";"155 757 544";"A01";"1";"7";"0";"1";"4";"4";"0";""
"202400013760";"155 757 542";"A01";"1";"2";"0";"2";"3";"1";"1";""
"202400013760";"155 757 543";"B01";"2";"7";"0";"2";"3";"1";"1";""
"202400013761";"155 757 540";"A01";"1";"32";"0";"0";"7";"1";"1";""
"202400013762";"155 757 539";"A01";"3";"10";"0";"2";"3";"9";"1";""
"202400013762";"155 757 541";"B01";"2";"31";"0";"2";"3";"9";"1";""
"202400013763";"155 757 536";"A01";"2";"10";"13";"0";"3";"1";"1";""
"202400013764";"155 757 535";"A01";"1";"7";"0";"1";"2";"26";"3";""
"202400013765";"155 757 532";"A01";"2";"7";"0";"2";"8";"19";"1";""
"202400013765";"155 757 534";"B01";"1";"33";"0";"2";"1";"1";"1";""
"202400013766";"155 757 529";"B01";"1";"7";"0";"0";"3";"2";"0";""
"202400013766";"155 757 531";"C01";"1";"7";"0";"0";"3";"23";"0";""
"202400013766";"155 757 533";"A01";"1";"7";"0";"2";"3";"15";"1";""
"202400013767";"155 757 528";"B01";"1";"50";"0";"2";"4";"1";"3";""
"202400013767";"155 757 530";"Z01";"1";"7";"0";"2";"0";"0";"0";""
"202400013768";"155 757 527";"A01";"2";"10";"2";"0";"7";"1";"1";""
"202400013769";"155 757 524";"A01";"1";"33";"0";"2";"5";"2";"1";""
"202400013769";"155 757 526";"B01";"1";"33";"0";"2";"0";"2";"0";""
"202400013770";"155 757 522";"A01";"2";"33";"0";"2";"1";"1";"1";""
"202400013770";"155 757 523";"B01";"1";"7";"0";"2";"1";"15";"1";""
"202400013771";"155 757 520";"A01";"1";"33";"0";"0";"0";"1";"0";""
"202400013772";"155 757 521";"A01";"1";"2";"0";"0";"4";"1";"3";""
"202400013772";"155 757 525";"B01";"1";"7";"0";"2";"1";"1";"1";""
"202400013773";"155 757 516";"A01";"1";"7";"0";"2";"3";"9";"1";""
"202400013773";"155 757 519";"B01";"1";"33";"0";"2";"1";"1";"1";""
"202400013774";"155 757 517";"A01";"2";"7";"0";"2";"2";"2";"1";""
"202400013774";"155 757 518";"B01";"2";"1";"0";"0";"4";"2";"5";""
"202400013775";"155 757 515";"A01";"2";"7";"6";"0";"1";"0";"1";""
"202400013776";"155 757 514";"A01";"2";"33";"0";"0";"7";"0";"1";""
"202400013777";"155 757 513";"A01";"1";"31";"5";"0";"0";"14";"1";""
"202400013778";"155 757 512";"A01";"1";"43";"4";"1";"1";"1";"1";""
"202400013779";"155 757 511";"A01";"2";"7";"17";"0";"1";"12";"1";""
"202400013780";"155 757 506";"B01";"1";"7";"0";"2";"8";"11";"1";""
"202400013780";"155 757 509";"C01";"1";"7";"3";"2";"3";"1";"1";""
"202400013780";"155 757 510";"A01";"1";"7";"0";"2";"7";"1";"1";""
"202400013781";"155 757 504";"A01";"1";"7";"0";"0";"1";"13";"1";""
"202400013781";"155 757 507";"B01";"2";"7";"0";"0";"1";"1";"1";""
"202400013782";"155 757 503";"B01";"1";"7";"0";"2";"4";"2";"1";""
"202400013782";"155 757 505";"C01";"1";"7";"0";"0";"4";"2";"1";""
"202400013782";"155 757 508";"A01";"1";"7";"0";"2";"1";"2";"2";""
"202400013783";"155 757 500";"A01";"1";"7";"0";"2";"1";"26";"1";""
"202400013783";"155 757 501";"B01";"2";"7";"0";"2";"1";"1";"3";""
"202400013784";"155 757 499";"A01";"1";"7";"0";"2";"3";"1";"1";""
"202400013784";"155 757 502";"B01";"1";"2";"0";"2";"7";"19";"1";""
"202400013785";"155 757 496";"A01";"2";"7";"0";"2";"2";"2";"1";""
"202400013785";"155 757 498";"B01";"2";"10";"0";"0";"6";"1";"1";""
"202400013786";"155 757 495";"B01";"2";"7";"0";"2";"1";"1";"2";""
"202400013786";"155 757 497";"A01";"1";"7";"0";"2";"1";"11";"1";""
"202400013787";"155 757 492";"A01";"1";"7";"0";"2";"1";"2";"1";""
"202400013787";"155 757 494";"B01";"1";"7";"13";"2";"6";"1";"1";""
"202400013788";"155 757 490";"A01";"1";"10";"0";"2";"1";"6";"1";""
"202400013788";"155 757 491";"B01";"2";"7";"0";"2";"1";"1";"2";""
"202400013789";"155 757 487";"A01";"1";"10";"0";"2";"1";"0";"1";""
"202400013789";"155 757 489";"B01";"2";"17";"0";"2";"3";"1";"1";""
"202400013790";"155 757 486";"A01";"1";"2";"0";"2";"1";"1";"1";""
"202400013790";"155 757 488";"B01";"1";"10";"0";"0";"6";"6";"1";""
"202400013791";"155 757 484";"A01";"1";"7";"0";"2";"3";"9";"1";""
"202400013791";"155 757 485";"B01";"1";"1";"0";"2";"8";"12";"5";""
"202400013792";"155 757 483";"A01";"2";"7";"3";"0";"1";"2";"1";""
"202400013793";"155 757 480";"A01";"2";"7";"0";"0";"2";"0";"1";""
"202400013794";"155 757 479";"B01";"2";"7";"0";"2";"3";"20";"3";""
"202400013794";"155 757 481";"A01";"2";"7";"0";"2";"5";"1";"1";""
"202400013795";"155 757 478";"A01";"1";"10";"0";"2";"2";"0";"1";""
"202400013795";"155 757 482";"B01";"2";"7";"0";"2";"3";"5";"1";""
"202400013796";"155 757 475";"A01";"1";"7";"0";"2";"1";"1";"1";""
"202400013796";"155 757 477";"B01";"1";"7";"0";"2";"8";"9";"1";""
"202400013797";"155 757 474";"A01";"1";"7";"9";"0";"7";"13";"1";""
"202400013798";"155 757 473";"B01";"3";"31";"0";"2";"8";"15";"0";""
"202400013798";"155 757 476";"A01";"3";"7";"0";"2";"1";"15";"1";""
"202400013799";"155 757 472";"A01";"0";"1";"0";"1";"1";"1";"5";""
"202400013800";"155 757 468";"B01";"1";"7";"0";"2";"1";"2";"1";""
"202400013800";"155 757 471";"A01";"2";"7";"0";"2";"1";"5";"1";""
"202400013801";"155 757 466";"A01";"2";"7";"0";"2";"3";"0";"1";""
"202400013801";"155 757 469";"B01";"1";"7";"0";"2";"3";"0";"1";""
"202400013802";"155 757 467";"A01";"1";"10";"0";"2";"1";"1";"1";""
"202400013802";"155 757 470";"B01";"1";"7";"0";"0";"4";"1";"1";""
"202400013803";"155 757 464";"A01";"1";"10";"7";"0";"3";"1";"1";""
"202400013804";"155 757 462";"A01";"2";"7";"13";"2";"3";"15";"1";""
"202400013804";"155 757 465";"B01";"1";"7";"13";"2";"1";"1";"1";""
"202400013805";"155 757 461";"A01";"1";"33";"0";"2";"8";"0";"1";""
"202400013805";"155 757 463";"B01";"2";"7";"0";"2";"8";"0";"1";""
"202400013806";"155 757 459";"B01";"1";"7";"0";"0";"1";"1";"1";""
"202400013806";"155 757 460";"A01";"2";"1";"0";"2";"1";"13";"5";""
"202400013807";"155 757 457";"A01";"1";"7";"2";"0";"1";"1";"1";""
"202400013808";"155 757 456";"A01";"1";"7";"0";"2";"3";"11";"1";""
"202400013808";"155 757 458";"B01";"1";"2";"0";"2";"1";"17";"1";""
"202400013809";"155 757 455";"A01";"1";"7";"2";"0";"7";"1";"1";""
"202400013810";"155 757 452";"B01";"1";"7";"0";"2";"1";"1";"1";""
"202400013810";"155 757 454";"A01";"1";"7";"0";"2";"3";"19";"1";""
"202400013811";"155 757 450";"A01";"1";"7";"0";"0";"1";"1";"1";""
"202400013811";"155 757 453";"B01";"2";"10";"0";"0";"3";"13";"1";""
"202400013812";"155 757 449";"B01";"1";"2";"0";"2";"2";"1";"1";""
"202400013812";"155 757 451";"A01";"2";"7";"0";"2";"1";"15";"1";""
"202400013813";"155 757 448";"A01";"1";"1";"0";"0";"0";"0";"5";""
"202400013814";"155 757 446";"B01";"2";"17";"4";"0";"8";"21";"1";""
"202400013814";"155 757 447";"A01";"2";"17";"6";"0";"2";"1";"1";""
"202400013815";"155 757 443";"B01";"2";"50";"0";"2";"4";"2";"3";""
"202400013815";"155 757 444";"A01";"2";"7";"0";"2";"2";"2";"0";""
"202400013816";"155 757 440";"A01";"2";"7";"11";"2";"3";"6";"1";""
"202400013816";"155 757 441";"B01";"1";"7";"0";"2";"3";"1";"1";""
"202400013816";"155 757 445";"C01";"1";"7";"0";"2";"1";"1";"1";""
"202400013817";"155 757 439";"A01";"2";"7";"0";"0";"2";"14";"1";""
"202400013817";"155 757 442";"B01";"2";"7";"0";"0";"6";"1";"1";""
"202400013818";"155 757 438";"A01";"3";"7";"13";"0";"1";"1";"1";""
"202400013819";"155 757 434";"A01";"1";"7";"0";"2";"1";"13";"1";""
"202400013819";"155 757 436";"B01";"2";"7";"8";"2";"1";"1";"1";""
"202400013820";"155 757 433";"A01";"1";"7";"17";"0";"2";"14";"1";""
"202400013821";"155 757 435";"A01";"1";"7";"0";"2";"4";"9";"1";""
"202400013821";"155 757 437";"B01";"1";"2";"0";"2";"1";"1";"1";""
"202400013822";"155 757 431";"A01";"2";"7";"0";"1";"8";"15";"1";""
"202400013823";"155 757 429";"A01";"1";"7";"0";"2";"3";"0";"1";""
"202400013823";"155 757 432";"B01";"2";"7";"0";"2";"1";"0";"1";""
"202400013824";"155 757 428";"A01";"2";"33";"0";"2";"1";"15";"1";""
"202400013824";"155 757 430";"B01";"1";"7";"0";"2";"1";"1";"1";""
"202400013825";"155 757 425";"A01";"3";"7";"0";"2";"2";"9";"1";""
"202400013825";"155 757 427";"B01";"1";"7";"0";"2";"2";"2";"1";""
"202400013826";"155 757 424";"A01";"1";"7";"7";"0";"1";"1";"1";""
"202400013827";"155 757 423";"B01";"1";"80";"0";"2";"8";"1";"3";""
"202400013827";"155 757 426";"A01";"1";"7";"0";"2";"7";"17";"1";""
"202400013828";"155 757 422";"A01";"2";"43";"3";"0";"1";"2";"1";""
"202400013829";"155 757 421";"A01";"3";"7";"13";"0";"3";"0";"1";""
"202400013830";"155 757 418";"A01";"3";"7";"0";"0";"4";"1";"1";""
"202400013830";"155 757 420";"B01";"3";"7";"0";"2";"1";"1";"1";""
"202400013831";"155 757 416";"A01";"0";"7";"0";"2";"1";"13";"1";""
"202400013831";"155 757 419";"B01";"0";"7";"0";"2";"1";"0";"1";""
"202400013832";"155 757 415";"A01";"2";"15";"3";"0";"1";"1";"1";""
"202400013833";"155 757 414";"B01";"3";"7";"0";"2";"3";"15";"1";""
"202400013833";"155 757 417";"A01";"1";"13";"0";"2";"3";"1";"1";""
"202400013834";"155 757 412";"A01";"1";"7";"0";"2";"2";"2";"1";""
"202400013834";"155 757 413";"B01";"1";"7";"0";"0";"4";"16";"1";""
"202400013835";"155 757 411";"A01";"2";"7";"0";"0";"0";"19";"1";""
"202400013836";"155 757 409";"A01";"2";"7";"6";"2";"8";"1";"1";""
"202400013836";"155 757 410";"B01";"2";"7";"0";"2";"7";"12";"1";""
"202400013837";"155 757 408";"A01";"3";"10";"0";"1";"2";"0";"1";""
"202400013838";"155 757 407";"A01";"1";"10";"1";"1";"2";"0";"1";""
"202400013839";"155 757 405";"A01";"2";"7";"4";"0";"9";"1";"1";""
"202400013840";"155 757 403";"A01";"1";"10";"2";"0";"1";"1";"1";""
"202400013841";"155 757 404";"A01";"1";"7";"0";"2";"4";"2";"1";""
"202400013841";"155 757 406";"B01";"1";"7";"0";"2";"1";"2";"1";""
"202400013842";"155 757 397";"A01";"1";"7";"0";"2";"1";"5";"1";""
"202400013842";"155 757 400";"B01";"2";"7";"0";"2";"1";"1";"1";""
"202400013843";"155 757 396";"A01";"2";"7";"0";"2";"4";"23";"1";""
"202400013843";"155 757 399";"B01";"2";"7";"0";"2";"4";"23";"1";""
"202400013843";"155 757 401";"C01";"2";"7";"0";"2";"1";"2";"1";""
"202400013844";"155 757 394";"A01";"1";"7";"0";"2";"5";"2";"1";""
"202400013844";"155 757 395";"B01";"1";"7";"1";"0";"1";"12";"2";""
"202400013844";"155 757 398";"C01";"1";"15";"0";"2";"8";"21";"1";""
"202400013844";"155 757 402";"D01";"1";"7";"1";"2";"1";"21";"2";""
"202400013845";"155 757 393";"A01";"1";"7";"13";"5";"1";"1";"1";""
"202400013846";"155 757 391";"A01";"1";"7";"0";"2";"1";"2";"1";""
"202400013846";"155 757 392";"B01";"1";"7";"0";"2";"4";"1";"1";""
"202400013847";"155 757 387";"A01";"2";"10";"7";"2";"1";"1";"1";""
"202400013847";"155 757 389";"B01";"2";"7";"7";"2";"3";"1";"1";""
"202400013848";"155 757 385";"A01";"1";"7";"0";"2";"6";"1";"1";""
"202400013848";"155 757 388";"Z01";"1";"7";"0";"2";"1";"26";"0";""
"202400013849";"155 757 386";"A01";"1";"33";"2";"2";"1";"12";"1";""
"202400013849";"155 757 390";"B01";"1";"7";"0";"2";"6";"11";"1";""
"202400013850";"155 757 384";"A01";"1";"7";"8";"0";"1";"14";"1";""
"202400013851";"155 757 381";"A01";"3";"7";"0";"2";"3";"0";"1";""
"202400013851";"155 757 383";"B01";"3";"33";"0";"2";"7";"1";"1";""
"202400013852";"155 757 378";"A01";"1";"10";"4";"2";"4";"2";"1";""
"202400013852";"155 757 380";"B01";"1";"33";"4";"2";"1";"3";"1";""
"202400013853";"155 757 379";"A01";"0";"7";"14";"0";"1";"1";"1";""
"202400013853";"155 757 382";"B01";"3";"7";"0";"0";"4";"1";"3";""
"202400013854";"155 757 377";"A01";"1";"33";"13";"0";"0";"1";"1";""
"202400013855";"155 757 376";"A01";"2";"33";"0";"0";"0";"3";"1";""
"202400013856";"155 757 375";"A01";"2";"2";"0";"0";"0";"2";"1";""
"202400013857";"155 757 373";"A01";"2";"15";"0";"1";"0";"0";"1";""
"202400013858";"155 757 370";"B01";"1";"17";"0";"2";"2";"1";"1";""
"202400013858";"155 757 371";"C01";"1";"33";"0";"2";"1";"17";"1";""
"202400013858";"155 757 374";"A01";"1";"7";"3";"2";"6";"9";"1";""
"202400013859";"155 757 369";"A01";"2";"7";"4";"0";"1";"0";"1";""
"202400013860";"155 757 368";"B01";"1";"7";"10";"0";"4";"13";"1";""
"202400013860";"155 757 372";"A01";"1";"10";"1";"0";"1";"13";"1";""
"202400013861";"155 757 365";"A01";"1";"33";"0";"2";"7";"3";"1";""
"202400013861";"155 757 366";"B01";"1";"7";"0";"2";"8";"2";"1";""
"202400013862";"155 757 363";"A01";"1";"7";"0";"2";"1";"14";"1";""
"202400013862";"155 757 367";"B01";"1";"15";"0";"2";"4";"1";"1";""
"202400013863";"155 757 362";"A01";"3";"7";"0";"9";"2";"21";"1";""
"202400013863";"155 757 364";"B01";"3";"1";"0";"2";"3";"15";"5";""
"202400013864";"155 757 357";"B01";"1";"16";"0";"0";"8";"24";"1";""
"202400013864";"155 757 358";"C01";"1";"15";"1";"9";"8";"24";"1";""
"202400013864";"155 757 359";"A01";"1";"7";"1";"0";"2";"14";"1";""
"202400013865";"155 757 360";"B01";"1";"7";"0";"2";"3";"24";"1";""
"202400013865";"155 757 361";"A01";"1";"7";"1";"0";"2";"14";"1";""
"202400013866";"155 757 355";"A01";"1";"33";"3";"0";"2";"0";"1";""
"202400013867";"155 757 352";"A01";"1";"10";"0";"0";"2";"2";"6";""
"202400013867";"155 757 354";"B01";"1";"30";"0";"0";"4";"13";"1";""
"202400013868";"155 757 348";"C01";"1";"7";"0";"2";"1";"1";"1";""
"202400013868";"155 757 349";"E01";"1";"7";"0";"2";"1";"1";"3";""
"202400013868";"155 757 350";"D01";"1";"7";"0";"2";"2";"26";"1";""
"202400013868";"155 757 353";"A01";"1";"7";"0";"2";"4";"2";"1";""
"202400013868";"155 757 356";"B01";"1";"7";"0";"2";"1";"2";"1";""
"202400013869";"155 757 346";"B01";"0";"2";"0";"2";"1";"5";"1";""
"202400013869";"155 757 351";"A01";"0";"7";"0";"2";"1";"1";"1";""