"Num_Acc";"id_vehicule";"num_veh";"senc";"catv";"obs";"obsm";"choc";"manv";"motor";"occutc"
"202400013870";"155 757 345";"B01";"2";"33";"0";"2";"1";"1";"1";""
"202400013870";"155 757 347";"A01";"2";"7";"0";"2";"3";"15";"1";""
"202400013871";"155 757 344";"A01";"2";"7";"0";"1";"1";"1";"1";""
"202400013872";"155 757 341";"A01";"3";"1";"0";"9";"1";"1";"5";""
"202400013872";"155 757 342";"B01";"3";"1";"0";"9";"1";"1";"5";""
"202400013873";"155 757 340";"B01";"1";"7";"0";"2";"1";"26";"1";""
"202400013873";"155 757 343";"A01";"1";"1";"0";"2";"8";"25";"5";""
"202400013874";"155 757 339";"A01";"0";"7";"0";"1";"3";"16";"1";""
"202400013875";"155 757 338";"A01";"1";"7";"13";"0";"9";"1";"1";""
"202400013876";"155 757 337";"A01";"0";"7";"1";"1";"3";"15";"1";""
"202400013877";"155 757 335";"A01";"3";"7";"0";"1";"1";"1";"1";""
"202400013878";"155 757 336";"A01";"0";"17";"0";"1";"0";"16";"1";""
"202400013879";"155 757 333";"A01";"1";"31";"12";"2";"1";"14";"1";""
"202400013879";"155 757 334";"B01";"1";"10";"0";"0";"8";"23";"1";""
"202400013880";"155 757 332";"A01";"3";"80";"0";"1";"1";"1";"3";""
"202400013881";"155 757 331";"A01";"1";"10";"6";"0";"1";"6";"1";""
"202400013882";"155 757 330";"A01";"1";"31";"0";"0";"0";"1";"1";""
"202400013883";"155 757 327";"A01";"1";"7";"0";"2";"3";"15";"1";""
"202400013883";"155 757 329";"B01";"2";"1";"0";"2";"1";"1";"5";""
"202400013884";"155 757 325";"A01";"1";"7";"8";"0";"1";"2";"1";""
"202400013885";"155 757 324";"B01";"1";"7";"0";"2";"7";"1";"1";""
"202400013885";"155 757 328";"A01";"2";"7";"0";"2";"1";"1";"1";""
"202400013886";"155 757 323";"A01";"2";"7";"0";"6";"3";"1";"1";""
"202400013886";"155 757 326";"B01";"1";"7";"0";"6";"1";"1";"1";""
"202400013887";"155 757 320";"B01";"2";"33";"0";"2";"1";"2";"1";""
"202400013887";"155 757 321";"A01";"2";"33";"0";"2";"4";"1";"1";""
"202400013888";"155 757 317";"D01";"2";"7";"0";"2";"0";"0";"1";""
"202400013888";"155 757 318";"A01";"2";"7";"1";"0";"3";"6";"1";""
"202400013889";"155 757 319";"A01";"1";"7";"6";"0";"2";"2";"1";""
"202400013890";"155 757 312";"A01";"3";"30";"0";"2";"8";"13";"1";""
"202400013890";"155 757 315";"B01";"3";"10";"0";"2";"6";"0";"1";""
"202400013891";"155 757 314";"A01";"2";"7";"0";"2";"1";"15";"1";""
"202400013891";"155 757 316";"B01";"1";"7";"0";"2";"1";"1";"1";""
"202400013892";"155 757 309";"B01";"3";"7";"0";"2";"6";"15";"1";""
"202400013892";"155 757 310";"A01";"3";"33";"0";"2";"1";"13";"1";""
"202400013893";"155 757 306";"A01";"1";"7";"0";"2";"1";"13";"1";""
"202400013893";"155 757 307";"B01";"1";"7";"0";"2";"1";"1";"1";""
"202400013894";"155 757 308";"B01";"1";"7";"0";"2";"4";"2";"1";""
"202400013894";"155 757 311";"C01";"1";"7";"0";"2";"1";"2";"1";""
"202400013894";"155 757 313";"A01";"1";"7";"0";"2";"4";"9";"1";""
"202400013895";"155 757 302";"A01";"3";"7";"0";"2";"8";"24";"3";""
"202400013895";"155 757 304";"B01";"3";"1";"0";"2";"1";"1";"5";""
"202400013896";"155 757 303";"A01";"1";"7";"0";"2";"2";"19";"2";""
"202400013896";"155 757 305";"B01";"2";"43";"0";"2";"5";"15";"1";""
"202400013897";"155 757 298";"A01";"3";"7";"0";"2";"1";"1";"0";""
"202400013897";"155 757 300";"B01";"3";"1";"0";"2";"0";"19";"5";""
"202400013898";"155 757 299";"B01";"2";"7";"0";"2";"1";"2";"1";""
"202400013898";"155 757 301";"A01";"2";"10";"0";"2";"4";"1";"1";""
"202400013899";"155 757 296";"B01";"1";"17";"0";"0";"0";"1";"0";""
"202400013899";"155 757 297";"A01";"1";"7";"15";"0";"4";"1";"1";""
"202400013900";"155 757 289";"A01";"2";"7";"0";"2";"1";"2";"1";""
"202400013900";"155 757 292";"B01";"2";"7";"0";"2";"4";"0";"1";""
"202400013900";"155 757 294";"C01";"2";"7";"0";"2";"4";"1";"1";""
"202400013901";"155 757 290";"B01";"2";"7";"0";"2";"2";"0";"1";""
"202400013901";"155 757 295";"A01";"1";"7";"0";"2";"7";"16";"1";""
"202400013902";"155 757 288";"C01";"2";"7";"0";"2";"1";"2";"1";""
"202400013902";"155 757 291";"A01";"2";"7";"0";"2";"4";"2";"1";""
"202400013902";"155 757 293";"B01";"2";"7";"0";"2";"4";"2";"1";""
"202400013903";"155 757 285";"A01";"2";"30";"0";"0";"0";"14";"1";""
"202400013904";"155 757 284";"A01";"2";"7";"0";"2";"1";"1";"1";""
"202400013904";"155 757 286";"B01";"2";"7";"0";"2";"4";"2";"1";""
"202400013904";"155 757 287";"C01";"2";"7";"0";"2";"4";"0";"1";""
"202400013905";"155 757 282";"A01";"1";"7";"0";"2";"1";"12";"1";""
"202400013905";"155 757 283";"B01";"1";"10";"0";"2";"4";"12";"1";""
"202400013906";"155 757 280";"A01";"1";"37";"0";"1";"0";"2";"0";"1"
"202400013907";"155 757 278";"B01";"1";"10";"0";"2";"9";"23";"1";""
"202400013907";"155 757 279";"A01";"1";"7";"0";"2";"1";"0";"1";""
"202400013907";"155 757 281";"C01";"1";"7";"0";"2";"4";"23";"1";""
"202400013908";"155 757 272";"A01";"2";"33";"0";"2";"1";"21";"1";""
"202400013908";"155 757 275";"B01";"2";"7";"0";"2";"4";"1";"1";""
"202400013909";"155 757 273";"T01";"2";"7";"0";"0";"0";"0";"1";""
"202400013909";"155 757 276";"B01";"2";"33";"0";"2";"4";"2";"1";""
"202400013909";"155 757 277";"A01";"2";"33";"0";"2";"1";"2";"1";""
"202400013910";"155 757 271";"A01";"1";"7";"0";"2";"3";"15";"0";""
"202400013910";"155 757 274";"B01";"1";"2";"0";"2";"5";"1";"1";""
"202400013911";"155 757 269";"B01";"1";"33";"0";"2";"8";"3";"1";""
"202400013911";"155 757 270";"A01";"1";"7";"0";"2";"7";"12";"1";""
"202400013912";"155 757 267";"A01";"1";"14";"0";"2";"1";"14";"1";""
"202400013912";"155 757 268";"B01";"1";"14";"0";"2";"4";"24";"0";""
"202400013913";"155 757 266";"B01";"3";"7";"0";"1";"3";"1";"1";""
"202400013914";"155 757 264";"A01";"2";"7";"0";"2";"6";"9";"1";""
"202400013914";"155 757 265";"B01";"2";"7";"0";"2";"2";"1";"1";""
"202400013915";"155 757 259";"B01";"1";"15";"0";"2";"6";"24";"1";""
"202400013915";"155 757 260";"A01";"1";"7";"1";"0";"2";"1";"1";""
"202400013916";"155 757 257";"A01";"1";"7";"0";"2";"1";"12";"1";""
"202400013916";"155 757 262";"B01";"1";"7";"0";"2";"5";"1";"2";""
"202400013917";"155 757 255";"A01";"0";"10";"0";"1";"1";"1";"1";""
"202400013918";"155 757 254";"E01";"1";"15";"0";"2";"8";"1";"1";""
"202400013918";"155 757 256";"C01";"1";"10";"0";"2";"5";"1";"1";""
"202400013918";"155 757 258";"D01";"1";"7";"0";"2";"4";"1";"1";""
"202400013918";"155 757 261";"A01";"1";"15";"0";"2";"1";"1";"1";""
"202400013918";"155 757 263";"B01";"1";"10";"0";"2";"5";"1";"1";""
"202400013919";"155 757 252";"A01";"3";"33";"0";"9";"1";"26";"1";""
"202400013919";"155 757 253";"B01";"3";"33";"0";"9";"1";"0";"1";""
"202400013920";"155 757 248";"B01";"1";"7";"0";"2";"1";"15";"1";""
"202400013920";"155 757 251";"A01";"1";"33";"0";"2";"8";"1";"1";""
"202400013921";"155 757 247";"A01";"1";"7";"0";"0";"3";"21";"1";""
"202400013922";"155 757 245";"A01";"1";"7";"0";"1";"3";"15";"1";""
"202400013923";"155 757 241";"B01";"3";"7";"0";"2";"9";"1";"1";""
"202400013923";"155 757 243";"A01";"3";"7";"0";"2";"1";"1";"1";""
"202400013924";"155 757 242";"A01";"2";"7";"0";"2";"7";"1";" -1";""
"202400013924";"155 757 244";"B01";"1";"7";"0";"2";"1";"1";" -1";""
"202400013925";"155 757 239";"A01";"1";"7";"0";"2";"3";"1";"1";""
"202400013925";"155 757 240";"B01";"1";"2";"0";"2";"3";"1";"1";""
"202400013926";"155 757 236";"A01";"1";"7";"0";"2";"4";"2";"1";""
"202400013926";"155 757 238";"B01";"1";"10";"0";"2";"1";"2";"1";""
"202400013927";"155 757 235";"A01";"3";"33";"0";"2";"1";"1";"1";""
"202400013927";"155 757 237";"B01";"3";"1";"0";"2";"1";"1";"5";""
"202400013928";"155 757 234";"A01";"1";"7";"0";"1";"2";"16";"1";""
"202400013929";"155 757 233";"A01";"3";"7";"0";"1";"1";"1";"1";""
"202400013930";"155 757 231";"A01";"0";"2";"0";"2";"1";"18";"1";""
"202400013930";"155 757 232";"B01";"0";"7";"0";"2";"7";"16";"1";""
"202400013931";"155 757 229";"A01";"1";"32";"0";"0";"7";"17";"1";""
"202400013932";"155 757 228";"D01";"1";"7";"0";"2";"4";"0";"2";""
"202400013932";"155 757 230";"A01";"1";"38";"0";"2";"1";"21";"1";"32"
"202400013932";"155 757 246";"B01";"1";"7";"0";"2";"4";"0";"2";""
"202400013932";"155 757 249";"C01";"1";"7";"0";"2";"0";"0";"1";""
"202400013932";"155 757 250";"E01";"1";"7";"0";"2";"0";"0";"2";""
"202400013933";"155 757 226";"A01";"1";"7";"0";"9";"2";"1";"1";""
"202400013933";"155 757 227";"B01";"2";"60";"0";"2";"1";"9";"5";""
"202400013934";"155 757 222";"A01";"1";"43";"0";"2";"0";"17";"1";""
"202400013934";"155 757 224";"B01";"1";"7";"0";"2";"0";"1";"2";""
"202400013935";"155 757 221";"Z01";"3";"2";"0";"1";"1";"1";"0";""
"202400013936";"155 757 217";"A01";"1";"34";"11";"0";"2";"16";"1";""
"202400013937";"155 757 214";"A01";"1";"32";"8";"0";"3";"13";"1";""
"202400013938";"155 757 213";"A01";"1";"33";"0";"2";"3";"3";"1";""
"202400013938";"155 757 215";"B01";"1";"7";"0";"2";"5";"1";"1";""
"202400013939";"155 757 212";"D01";"2";"10";"0";"2";"1";"2";"1";""
"202400013939";"155 757 216";"E01";"2";"7";"0";"2";"4";"2";"1";""
"202400013939";"155 757 219";"A01";"2";"7";"0";"2";"4";"2";"2";""
"202400013939";"155 757 220";"B01";"2";"7";"0";"2";"0";"2";"1";""
"202400013939";"155 757 225";"C01";"2";"10";"0";"2";"1";"0";"1";""
"202400013940";"155 757 210";"A01";"1";"37";"0";"2";"6";"15";"3";"1"
"202400013940";"155 757 211";"B01";"1";"2";"0";"2";"4";"15";"1";""
"202400013941";"155 757 208";"B01";"1";"1";"0";"2";"4";"23";"5";""
"202400013941";"155 757 209";"A01";"1";"7";"1";"0";"2";"26";"1";""
"202400013942";"155 757 204";"A01";"1";"7";"0";"2";"3";"1";"1";""
"202400013942";"155 757 206";"B01";"2";"7";"0";"2";"3";"1";"1";""
"202400013943";"155 757 203";"A01";"1";"33";"0";"2";"8";"12";"1";""
"202400013943";"155 757 207";"B01";"1";"10";"0";"2";"1";"9";"1";""
"202400013944";"155 757 201";"A01";"2";"7";"0";"2";"2";"16";"1";""
"202400013944";"155 757 205";"B01";"1";"50";"0";"2";"1";"19";"3";""
"202400013945";"155 757 200";"A01";"3";"7";"0";"2";"1";"1";"1";""
"202400013945";"155 757 202";"B01";"3";"50";"0";"2";"5";"1";"3";""
"202400013946";"155 757 195";"C01";"1";"7";"0";"2";"1";"1";"1";""
"202400013946";"155 757 196";"A01";"1";"7";"1";"0";"2";"21";"1";""
"202400013946";"155 757 199";"B01";"1";"7";"0";"2";"6";"23";"1";""
"202400013947";"155 757 194";"A01";"2";"7";"0";"2";"5";"2";"1";""
"202400013947";"155 757 197";"B01";"2";"2";"0";"2";"3";"2";"1";""
"202400013948";"155 757 191";"B01";"3";"50";"0";"2";"4";"2";"3";""
"202400013948";"155 757 193";"A01";"3";"10";"0";"2";"1";"2";"0";""
"202400013949";"155 757 189";"A01";"1";"7";"0";"2";"8";"0";"1";""
"202400013949";"155 757 192";"B01";"1";"31";"0";"2";"7";"0";"1";""
"202400013950";"155 757 190";"B01";"2";"7";"0";"2";"2";"20";"1";""
"202400013950";"155 757 198";"A01";"3";"30";"0";"2";"1";"20";"1";""
"202400013951";"155 757 186";"A01";"2";"43";"1";"0";"1";"14";"1";""
"202400013952";"155 757 187";"A01";"1";"30";"0";"2";"1";"17";"1";""
"202400013953";"155 757 185";"B01";"1";"7";"0";"2";"3";"15";"1";""
"202400013953";"155 757 188";"A01";"2";"33";"0";"2";"1";"1";"1";""
"202400013954";"155 757 183";"A01";"1";"7";"4";"0";"1";"1";"2";""
"202400013955";"155 757 182";"B01";"3";"7";"0";"2";"4";"23";"0";""
"202400013955";"155 757 184";"Z01";"3";"7";"0";"2";"1";"1";"1";""
"202400013956";"155 757 179";"A01";"1";"34";"0";"1";"1";"1";"1";""
"202400013957";"155 757 175";"C01";"2";"7";"0";"2";"4";"1";"1";""
"202400013957";"155 757 178";"B01";"2";"7";"0";"2";"4";"1";"1";""
"202400013957";"155 757 181";"A01";"2";"7";"0";"2";"1";"1";"1";""
"202400013958";"155 757 174";"A01";"3";"7";"14";"0";"1";"2";"1";""
"202400013959";"155 757 172";"B01";"1";"7";"0";"2";"6";"1";"1";""
"202400013959";"155 757 176";"A01";"1";"10";"0";"2";"2";"13";"1";""
"202400013959";"155 757 180";"C01";"1";"7";"0";"2";"1";"1";"1";""
"202400013960";"155 757 170";"C01";"1";"33";"4";"0";"8";"2";"1";""
"202400013960";"155 757 173";"B01";"1";"7";"0";"2";"4";"2";"1";""
"202400013960";"155 757 177";"A01";"1";"7";"0";"2";"1";"2";"1";""
"202400013961";"155 757 169";"A01";"2";"30";"0";"2";"1";"1";"1";""
"202400013961";"155 757 171";"B01";"2";"7";"0";"2";"4";"1";"3";""
"202400013962";"155 757 166";"A01";"2";"0";"0";"2";"1";"1";"0";""
"202400013962";"155 757 168";"Y01";"1";"50";"0";"2";"1";"1";"3";""
"202400013963";"155 757 165";"A01";"2";"10";"1";"0";"0";"0";"1";""
"202400013963";"155 757 167";"B01";"2";"10";"1";"2";"4";"23";"2";""
"202400013964";"155 757 163";"A01";"1";"7";"0";"1";"3";"16";"2";""
"202400013965";"155 757 162";"A01";"1";"33";"0";"0";"7";"1";"1";""
"202400013966";"155 757 160";"A01";"2";"21";"7";"0";"7";"15";"1";""
"202400013967";"155 757 161";"A01";"3";"7";"0";"2";"2";"13";"1";""
"202400013967";"155 757 164";"B01";"3";"33";"0";"2";"7";"14";"1";""
"202400013968";"155 757 158";"A01";"1";"7";"0";"9";"2";"20";"1";""
"202400013968";"155 757 159";"B01";"1";"50";"0";"2";"2";"18";"3";""
"202400013969";"155 757 154";"B01";"2";"33";"0";"2";"1";"15";"1";""
"202400013969";"155 757 157";"A01";"1";"2";"0";"2";"1";"1";"1";""
"202400013970";"155 757 152";"A01";"2";"33";"0";"2";"2";"3";"1";""
"202400013970";"155 757 156";"B01";"2";"14";"0";"2";"6";"0";"1";""
"202400013971";"155 757 151";"A01";"2";"7";"9";"0";"1";"0";"3";""
"202400013972";"155 757 150";"B01";"2";"42";"0";"2";"1";"1";"1";""
"202400013972";"155 757 155";"A01";"1";"7";"0";"2";"1";"15";"3";""
"202400013973";"155 757 149";"A01";"3";"7";"1";"0";"1";"1";"1";""
"202400013973";"155 757 153";"B01";"3";"7";"0";"2";"4";"24";"1";""
"202400013974";"155 757 147";"A01";"1";"7";"8";"0";"1";"1";"1";""
"202400013975";"155 757 144";"B01";"2";"32";"0";"2";"7";"1";"1";""
"202400013975";"155 757 148";"A01";"2";"7";"0";"2";"8";"11";"1";""
"202400013976";"155 757 143";"A01";"1";"34";"0";"2";"2";"17";"1";""
"202400013976";"155 757 146";"B01";"1";"7";"0";"2";"3";"15";"1";""
"202400013977";"155 757 141";"A01";"1";"7";"0";"2";"3";"15";"1";""
"202400013977";"155 757 145";"B01";"3";"32";"0";"2";"1";"1";"1";""
"202400013978";"155 757 142";"A01";"3";"7";"6";"0";"5";"20";"1";""
"202400013979";"155 757 138";"A01";"2";"7";"0";"2";"2";"16";"1";""
"202400013979";"155 757 140";"B01";"2";"30";"0";"2";"8";"18";"1";""
"202400013980";"155 757 137";"A01";"1";"17";"0";"2";"1";"1";"1";""
"202400013980";"155 757 139";"B01";"1";"7";"0";"2";"9";"0";"1";""
"202400013981";"155 757 133";"Z01";"1";"7";"0";"1";"1";"1";"1";""
"202400013982";"155 757 134";"A01";"2";"7";"0";"2";"4";"2";"2";""
"202400013982";"155 757 136";"B01";"1";"10";"0";"2";"1";"0";"1";""
"202400013983";"155 757 132";"A01";"1";"33";"0";"0";"0";"1";"1";""
"202400013984";"155 757 131";"A01";"1";"7";"4";"0";"7";"1";"1";""
"202400013985";"155 757 130";"B01";"2";"7";"0";"0";"2";"2";"1";""
"202400013985";"155 757 135";"A01";"2";"7";"0";"0";"8";"19";"1";""
"202400013986";"155 757 128";"A01";"1";"33";"0";"0";"7";"1";"1";""
"202400013987";"155 757 125";"A01";"2";"7";"0";"2";"8";"14";"1";""
"202400013987";"155 757 129";"B01";"2";"80";"0";"2";"8";"1";"3";""
"202400013988";"155 757 123";"A01";"1";"7";"1";"0";"1";"17";"1";""
"202400013989";"155 757 122";"B01";"1";"7";"0";"2";"4";"2";"2";""
"202400013989";"155 757 126";"A01";"1";"7";"0";"2";"1";"2";"1";""
"202400013990";"155 757 121";"B01";"2";"33";"0";"2";"3";"3";"1";""
"202400013990";"155 757 124";"C01";"2";"7";"0";"2";"4";"1";"1";""
"202400013990";"155 757 127";"A01";"2";"7";"0";"2";"2";"12";"1";""
"202400013991";"155 757 120";"A01";"1";"33";"0";"6";"1";"1";"1";""
"202400013992";"155 757 119";"A01";"3";"33";"0";"1";"2";"1";"1";""
"202400013993";"155 757 117";"A01";"2";"7";"0";"1";"3";"18";"1";""
"202400013994";"155 757 116";"A01";"1";"7";"8";"0";"3";"13";"1";""
"202400013995";"155 757 114";"B01";"3";"7";"0";"2";"3";"2";"2";""
"202400013995";"155 757 118";"A01";"3";"7";"0";"2";"0";"0";"1";""
"202400013996";"155 757 110";"A01";"2";"1";"0";"2";"1";"1";"5";""
"202400013996";"155 757 112";"B01";"2";"7";"0";"2";"8";"15";"2";""
"202400013997";"155 757 108";"A01";"1";"7";"0";"2";"3";"15";"1";""
"202400013997";"155 757 111";"B01";"2";"7";"0";"2";"7";"1";"1";""
"202400013998";"155 757 107";"A01";"3";"50";"0";"2";"7";"11";"3";""
"202400013998";"155 757 109";"B01";"3";"7";"0";"2";"3";"2";"3";""
"202400013999";"155 757 106";"A01";"1";"7";"0";"1";"3";"1";"1";""
"202400014000";"155 757 102";"A01";"2";"7";"0";"2";"4";"1";"1";""
"202400014000";"155 757 105";"B01";"2";"80";"0";"2";"4";"1";"3";""
"202400014001";"155 757 098";"B01";"2";"7";"4";"2";"2";"12";"1";""
"202400014001";"155 757 104";"A01";"1";"7";"0";"2";"6";"1";"1";""
"202400014002";"155 757 099";"A01";"1";"7";"0";"1";"1";"1";"1";""
"202400014003";"155 757 100";"A01";"2";"7";"0";"2";"1";"15";"1";""
"202400014003";"155 757 103";"B01";"1";"7";"0";"2";"1";"1";"1";""
"202400014004";"155 757 097";"B01";"2";"7";"0";"2";"1";"13";"1";""
"202400014004";"155 757 101";"A01";"1";"7";"0";"2";"1";"2";"1";""
"202400014005";"155 757 094";"A01";"2";"7";"2";"0";"1";"1";"1";""
"202400014006";"155 757 093";"A01";"3";"7";"1";"2";"3";"15";"1";""
"202400014006";"155 757 096";"B01";"3";"2";"0";"2";"2";"16";"1";""
"202400014007";"155 757 091";"B01";"1";"7";"0";"2";"3";"5";"1";""
"202400014007";"155 757 095";"A01";"2";"7";"0";"2";"3";"23";"1";""
"202400014008";"155 757 088";"A01";"3";"7";"0";"2";"1";"9";"1";""
"202400014008";"155 757 092";"B01";"1";"7";"0";"2";"8";"1";"1";""
"202400014009";"155 757 087";"A01";"3";"2";"0";"2";"3";"11";"1";""
"202400014009";"155 757 089";"B01";"0";"7";"0";"2";"3";"11";"0";""
"202400014010";"155 757 085";"A01";"1";"7";"0";"1";"2";"26";"1";""
"202400014011";"155 757 084";"A01";"1";"33";"0";"2";"1";"2";"1";""
"202400014011";"155 757 086";"B01";"1";"7";"0";"2";"5";"2";"1";""
"202400014011";"155 757 090";"C01";"1";"10";"0";"0";"4";"2";"1";""
"202400014012";"155 757 082";"A01";"1";"7";"0";"2";"1";"1";"1";""
"202400014012";"155 757 083";"B01";"1";"7";"0";"2";"4";"1";"1";""
"202400014013";"155 757 081";"A01";"3";"7";"0";"1";"7";"26";"1";""
"202400014014";"155 757 077";"A01";"1";"7";"0";"2";"2";"15";"1";""
"202400014014";"155 757 079";"B01";"2";"33";"0";"2";"1";"2";"1";""
"202400014015";"155 757 076";"A01";"1";"30";"0";"0";"0";"26";"1";""
"202400014016";"155 757 075";"B01";"0";"33";"0";"2";"3";"3";"1";""
"202400014016";"155 757 078";"C01";"0";"7";"0";"0";"2";"1";"1";""
"202400014016";"155 757 080";"A01";"0";"15";"0";"0";"0";"1";"1";""
"202400014017";"155 757 073";"A01";"1";"10";"0";"1";"3";"24";"1";""
"202400014018";"155 757 072";"A01";"1";"7";"0";"2";"1";"2";"0";""
"202400014018";"155 757 074";"B01";"1";"7";"0";"2";"4";"2";"1";""
"202400014019";"155 757 070";"A01";"1";"7";"0";"2";"1";"1";"1";""
"202400014019";"155 757 071";"B01";"2";"7";"0";"2";"2";"0";"1";""
"202400014020";"155 757 068";"A01";"1";"7";"0";"0";"9";"0";"1";""
"202400014021";"155 757 069";"A01";"3";"32";"0";"2";"8";"0";"1";""
"202400014022";"155 757 066";"A01";"2";"1";"0";"1";"1";"1";"5";""
"202400014023";"155 757 065";"A01";"2";"33";"0";"5";"1";"1";"1";""
"202400014024";"155 757 064";"A01";"2";"7";"0";"2";"3";"19";"2";""
"202400014024";"155 757 067";"B01";"1";"60";"0";"2";"7";"1";"5";""
"202400014025";"155 757 062";"A01";"1";"7";"3";"0";"0";"1";"2";""
"202400014026";"155 757 061";"A01";"0";"7";"1";"1";"1";"1";"1";""
"202400014026";"155 757 063";"B01";"0";"7";"0";"2";"0";"0";"1";""
"202400014027";"155 757 058";"A01";"2";"7";"0";"2";"2";"1";"1";""
"202400014027";"155 757 059";"B01";"2";"7";"0";"2";"8";"16";"1";""
"202400014028";"155 757 056";"A01";"2";"7";"0";"1";"6";"0";"1";""
"202400014029";"155 757 055";"A01";"1";"7";"0";"2";"4";"15";"1";""
"202400014029";"155 757 060";"B01";"2";"7";"0";"2";"1";"2";"1";""
"202400014030";"155 757 054";"A01";"1";"7";"1";"0";"2";"14";"1";""
"202400014030";"155 757 057";"B01";"2";"7";"0";"2";"2";"24";"1";""
"202400014031";"155 757 052";"B01";"3";"15";"0";"2";"7";"16";"1";""
"202400014031";"155 757 053";"A01";"3";"7";"0";"2";"8";"16";"1";""
"202400014032";"155 757 051";"A01";"0";"7";"0";"1";"0";"1";"1";""
"202400014033";"155 757 050";"A01";"2";"7";"6";"0";"7";"1";"3";""
"202400014034";"155 757 048";"A01";"0";"7";"3";"0";"0";"1";"1";""
"202400014035";"155 757 047";"A01";"0";"7";"0";"1";"1";"25";"1";""
"202400014036";"155 757 045";"A01";"2";"7";"13";"0";"1";"1";"1";""
"202400014037";"155 757 046";"A01";"0";"10";"0";"2";"1";"1";"1";""
"202400014037";"155 757 049";"B01";"0";"37";"0";"2";"1";"1";"1";"1"
"202400014038";"155 757 042";"A01";"2";"3";"4";"0";"1";"1";"1";""
"202400014039";"155 757 041";"A01";"0";"7";"0";"2";"0";"16";"1";""
"202400014039";"155 757 044";"B01";"0";"7";"0";"2";"0";"0";"1";""
"202400014040";"155 757 040";"A01";"3";"7";"0";"1";"1";"26";"2";""
"202400014041";"155 757 039";"A01";"3";"7";"0";"2";"2";"26";"1";""
"202400014041";"155 757 043";"B01";"3";"7";"0";"2";"7";"0";"2";""
"202400014042";"155 757 036";"A01";"2";"7";"0";"0";"0";"1";"1";""
"202400014043";"155 757 037";"A01";"1";"10";"0";"1";"1";"19";"6";""
"202400014044";"155 757 035";"A01";"3";"7";"7";"2";"5";"1";"1";""
"202400014044";"155 757 038";"B01";"1";"7";"0";"2";"1";"1";"1";""
"202400014045";"155 757 033";"A01";"1";"7";"0";"0";"8";"13";"1";""
"202400014045";"155 757 034";"B01";"2";"7";"0";"0";"8";"1";"1";""
"202400014046";"155 757 032";"A01";"3";"7";"2";"0";"1";"14";"2";""
"202400014047";"155 757 030";"A01";"1";"7";"0";"1";"8";"15";"2";""
"202400014048";"155 757 028";"A01";"1";"7";"0";"1";"2";"1";"1";""
"202400014049";"155 757 027";"A01";"1";"7";"0";"1";"2";"1";"2";""
"202400014050";"155 757 023";"A01";"3";"10";"13";"0";"2";"15";"1";""
"202400014051";"155 757 025";"B01";"0";"50";"0";"2";"8";"19";"3";""
"202400014051";"155 757 026";"A01";"3";"7";"0";"2";"1";"1";"1";""
"202400014052";"155 757 020";"B01";"3";"1";"0";"2";"2";"0";"5";""
"202400014052";"155 757 022";"A01";"0";"7";"0";"0";"3";"16";"0";""
"202400014053";"155 757 019";"A01";"2";"7";"0";"2";"1";"9";"1";""
"202400014053";"155 757 021";"C01";"2";"7";"0";"2";"8";"24";"1";""
"202400014053";"155 757 024";"B01";"2";"7";"0";"2";"2";"1";"1";""
"202400014054";"155 757 018";"A01";"1";"7";"2";"0";"1";"0";"1";""
"202400014055";"155 757 016";"A01";"1";"7";"0";"1";"1";"1";"1";""
"202400014056";"155 757 011";"B01";"1";"7";"0";"2";"3";"1";"1";""
"202400014056";"155 757 014";"A01";"2";"7";"0";"2";"6";"13";"1";""
"202400014057";"155 757 010";"C01";"1";"7";"0";"2";"1";"0";"1";""
"202400014057";"155 757 012";"A01";"1";"7";"0";"2";"4";"15";"1";""
"202400014057";"155 757 015";"B01";"1";"7";"0";"2";"1";"2";"1";""
"202400014058";"155 757 008";"A01";"0";"7";"0";"2";"7";"19";"1";""
"202400014058";"155 757 009";"B01";"0";"7";"0";"2";"1";"1";"1";""
"202400014059";"155 757 007";"A01";"1";"7";"11";"0";"1";"1";"1";""
"202400014060";"155 757 003";"A01";"2";"7";"0";"2";"2";"3";"1";""
"202400014060";"155 757 006";"B01";"2";"17";"0";"0";"6";"23";"1";""
"202400014061";"155 757 001";"A01";"1";"7";"0";"2";"1";"15";"1";""
"202400014061";"155 757 002";"B01";"2";"33";"0";"2";"1";"18";"1";""
"202400014062";"155 757 000";"A01";"1";"7";"0";"2";"1";"1";"1";""
"202400014062";"155 757 005";"B01";"1";"1";"1";"0";"3";"2";"5";""
"202400014063";"155 756 995";"B01";"1";"7";"0";"2";"3";"15";"1";""
"202400014063";"155 756 998";"C01";"2";"7";"0";"2";"8";"2";"1";""
"202400014063";"155 756 999";"A01";"2";"34";"0";"2";"2";"1";"1";""
"202400014064";"155 756 993";"A01";"3";"7";"0";"2";"0";"10";"1";""
"202400014064";"155 756 997";"B01";"3";"34";"0";"2";"0";"1";"1";""
"202400014065";"155 756 992";"B01";"1";"10";"0";"2";"6";"1";"1";""
"202400014065";"155 756 996";"A01";"1";"43";"0";"2";"1";"1";"1";""
"202400014066";"155 756 989";"A01";"3";"7";"12";"0";"1";"13";"1";""
"202400014067";"155 756 987";"A01";"1";"50";"0";"1";"1";"1";"3";""
"202400014068";"155 756 988";"A01";"1";"7";"0";"2";"3";"10";"1";""