"Num_Acc";"id_vehicule";"num_veh";"senc";"catv";"obs";"obsm";"choc";"manv";"motor";"occutc"
"202400014682";"155 755 916";"A01";"2";"7";"0";"2";"1";"1";"1";""
"202400014682";"155 755 917";"B01";"2";"30";"0";"2";"7";"9";"1";""
"202400014683";"155 755 915";"A01";"2";"33";"0";"0";"1";"0";"1";""
"202400014684";"155 755 913";"A01";"2";"7";"0";"2";"2";"13";"1";""
"202400014684";"155 755 914";"B01";"1";"17";"0";"2";"2";"21";"1";""
"202400014685";"155 755 911";"B01";"2";"7";"0";"2";"2";"1";"1";""
"202400014685";"155 755 912";"A01";"1";"7";"16";"2";"3";"9";"1";""
"202400014686";"155 755 909";"A01";"3";"7";"0";"2";"6";"15";"1";""
"202400014686";"155 755 910";"B01";"3";"33";"0";"2";"2";"1";"1";""
"202400014687";"155 755 907";"A01";"1";"30";"9";"0";"1";"14";"1";""
"202400014688";"155 755 903";"B01";"1";"80";"0";"2";"3";"0";"3";""
"202400014688";"155 755 905";"A01";"1";"7";"0";"2";"2";"15";"1";""
"202400014689";"155 755 902";"A01";"1";"7";"0";"2";"1";"2";"1";""
"202400014689";"155 755 904";"B01";"1";"7";"0";"0";"4";"2";"1";""
"202400014689";"155 755 906";"C01";"1";"7";"0";"0";"4";"2";"1";""
"202400014689";"155 755 908";"D01";"1";"7";"0";"2";"2";"2";"1";""
"202400014690";"155 755 900";"A01";"1";"1";"0";"2";"2";"10";"5";""
"202400014690";"155 755 901";"B01";"1";"30";"0";"2";"2";"1";"1";""
"202400014691";"155 755 899";"A01";"1";"31";"0";"0";"9";"1";"1";""
"202400014692";"155 755 897";"A01";"2";"1";"0";"9";"4";"15";"5";""
"202400014692";"155 755 898";"B01";"2";"50";"0";"9";"1";"1";"3";""
"202400014693";"155 755 896";"A01";"1";"33";"0";"0";"1";"1";"1";""
"202400014694";"155 755 895";"A01";"1";"34";"0";"0";"1";"1";"1";""
"202400014695";"155 755 894";"A01";"1";"43";"0";"0";"9";"13";"1";""
"202400014696";"155 755 892";"A01";"1";"7";"0";"2";"8";"9";"1";""
"202400014696";"155 755 893";"B01";"1";"7";"0";"2";"7";"2";" -1";""
"202400014697";"155 755 889";"B01";"1";"7";"0";"2";"3";"1";"1";""
"202400014697";"155 755 891";"A01";"2";"7";"14";"2";"3";"13";"1";""
"202400014698";"155 755 888";"A01";"2";"50";"0";"2";"1";"1";"3";""
"202400014698";"155 755 890";"B01";"2";"7";"0";"2";"8";"15";"1";""
"202400014699";"155 755 886";"A01";"1";"7";"0";"9";"3";"13";"1";""
"202400014699";"155 755 887";"B01";"2";"1";"0";"2";"1";"1";"5";""
"202400014700";"155 755 884";"B01";"3";"7";"0";"2";"1";"1";"1";""
"202400014700";"155 755 885";"A01";"3";"1";"0";"2";"7";"19";"5";""
"202400014701";"155 755 882";"A01";"1";"7";"7";"0";"2";"14";"1";""
"202400014702";"155 755 881";"B01";"1";"7";"0";"2";"8";"11";"1";""
"202400014702";"155 755 883";"A01";"1";"2";"0";"2";"0";"1";"1";""
"202400014703";"155 755 880";"A01";"1";"7";"1";"0";"4";"26";"2";""
"202400014704";"155 755 879";"A01";"1";"7";"0";"0";"1";"2";"1";""
"202400014705";"155 755 876";"B01";"2";"31";"0";"2";"2";"5";"1";""
"202400014705";"155 755 877";"A01";"1";"7";"0";"2";"1";"1";"1";""
"202400014706";"155 755 875";"A01";"1";"10";"0";"2";"3";"1";"1";""
"202400014706";"155 755 878";"B01";"1";"50";"0";"2";"1";"1";"3";""
"202400014707";"155 755 873";"A01";"1";"7";"0";"1";"2";"1";"1";""
"202400014708";"155 755 872";"B01";"2";"99";"0";"2";"3";"0";"6";""
"202400014708";"155 755 874";"A01";"1";"1";"0";"2";"0";"0";"5";""
"202400014709";"155 755 870";"B01";"2";"50";"0";"2";"1";"1";"3";""
"202400014709";"155 755 871";"A01";"2";"7";"0";"2";"3";"1";"1";""
"202400014710";"155 755 869";"A01";"1";"7";"2";"0";"5";"14";"1";""
"202400014711";"155 755 868";"A01";"1";"15";"0";"1";"1";"0";"1";""
"202400014712";"155 755 866";"B01";"2";"50";"0";"2";"8";"1";"3";""
"202400014712";"155 755 867";"A01";"1";"7";"0";"2";"1";"1";"1";""
"202400014713";"155 755 865";"A01";"3";"7";"0";"1";"3";"17";"1";""
"202400014714";"155 755 864";"A01";"2";"7";"0";"1";"2";"1";"1";""
"202400014715";"155 755 862";"A01";"0";"7";"13";"0";"1";"1";"1";""
"202400014716";"155 755 861";"A01";"1";"7";"0";"2";"2";"16";"1";""
"202400014716";"155 755 863";"B01";"1";"37";"0";"2";"3";"1";"1";"3"
"202400014717";"155 755 860";"A01";"1";"36";"0";"0";"7";"15";"1";""
"202400014718";"155 755 858";"A01";"3";"7";"0";"2";"8";"15";"1";""
"202400014718";"155 755 859";"B01";"3";"50";"0";"2";"1";"5";"3";""
"202400014719";"155 755 857";"A01";"1";"7";"0";"0";"0";"0";"2";""
"202400014720";"155 755 855";"A01";"1";"10";"0";"2";"3";"19";"1";""
"202400014720";"155 755 856";"B01";"2";"7";"0";"2";"3";"1";"1";""
"202400014721";"155 755 853";"B01";"1";"33";"0";"2";"8";"9";"1";""
"202400014721";"155 755 854";"A01";"1";"7";"0";"2";"3";"1";"1";""
"202400014722";"155 755 850";"A01";"1";"33";"0";"0";"0";"0";"1";""
"202400014723";"155 755 849";"B01";"3";"7";"0";"2";"7";"1";"1";""
"202400014723";"155 755 851";"C01";"3";"7";"0";"2";"7";"1";"1";""
"202400014723";"155 755 852";"A01";"3";"7";"0";"2";"3";"1";"1";""
"202400014724";"155 755 847";"A01";"2";"30";"0";"2";"1";"2";"1";""
"202400014724";"155 755 848";"B01";"2";"7";"0";"2";"4";"1";"1";""
"202400014725";"155 755 846";"A01";"1";"1";"0";"1";"2";"21";"5";""
"202400014726";"155 755 845";"A01";"3";"32";"0";"1";"0";"26";"0";""
"202400014727";"155 755 844";"A01";"3";"32";"6";"0";"9";"1";"1";""
"202400014728";"155 755 842";"B01";"2";"7";"0";"2";"8";"15";"1";""
"202400014728";"155 755 843";"A01";"2";"33";"0";"2";"1";"17";"1";""
"202400014729";"155 755 840";"B01";"3";"2";"0";"2";"1";"3";"3";""
"202400014729";"155 755 841";"A01";"2";"7";"0";"2";"3";"15";"1";""
"202400014730";"155 755 838";"A01";"1";"14";"0";"2";"7";"16";"1";""
"202400014730";"155 755 839";"B01";"1";"1";"0";"2";"8";"1";"5";""
"202400014731";"155 755 837";"A01";"2";"50";"0";"1";"3";"16";"3";""
"202400014732";"155 755 835";"A01";"1";"1";"0";"2";"7";"19";"5";""
"202400014732";"155 755 836";"B01";"2";"7";"0";"2";"2";"1";"1";""
"202400014733";"155 755 833";"B01";"2";"33";"0";"2";"1";"1";"1";""
"202400014733";"155 755 834";"A01";"2";"7";"0";"2";"3";"15";"1";""
"202400014734";"155 755 831";"A01";"1";"10";"0";"2";"3";"15";"1";""
"202400014734";"155 755 832";"B01";"2";"33";"0";"2";"1";"1";"1";""
"202400014735";"155 755 827";"A01";"2";"30";"0";"2";"1";"18";"1";""
"202400014735";"155 755 828";"B01";"1";"10";"0";"2";"3";"15";"1";""
"202400014736";"155 755 825";"B01";"1";"7";"0";"2";"6";"15";"1";""
"202400014736";"155 755 826";"Z01";"1";"7";"0";"2";"0";"0";"1";""
"202400014737";"155 755 823";"A01";"2";"7";"1";"2";"1";"1";"1";""
"202400014737";"155 755 824";"B01";"1";"7";"1";"2";"7";"15";"2";""
"202400014738";"155 755 821";"B01";"3";"60";"0";"2";"1";"19";"5";""
"202400014738";"155 755 822";"A01";"1";"7";"0";"9";"2";"1";"2";""
"202400014739";"155 755 819";"A01";"3";"7";"0";"2";"7";"15";"1";""
"202400014739";"155 755 820";"B01";"0";"30";"0";"2";"2";"1";"1";""
"202400014740";"155 755 818";"A01";"1";"7";"0";"1";"0";"1";"1";""
"202400014741";"155 755 816";"B01";"3";"0";"0";"2";"0";"0";"0";""
"202400014741";"155 755 817";"A01";"0";"7";"0";"2";"1";"1";"1";""
"202400014742";"155 755 815";"A01";"1";"7";"0";"1";"1";"1";"1";""
"202400014743";"155 755 813";"B01";"3";"33";"0";"2";"1";"17";"1";""
"202400014743";"155 755 814";"A01";"3";"7";"0";"2";"1";"15";"1";""
"202400014744";"155 755 811";"A01";"3";"10";"1";"0";"4";"20";"1";""
"202400014744";"155 755 812";"B01";"3";"7";"0";"2";"0";"24";"1";""
"202400014745";"155 755 809";"A01";"1";"50";"0";"2";"7";"1";"3";""
"202400014745";"155 755 810";"B01";"3";"7";"0";"2";"1";"1";"2";""
"202400014746";"155 755 807";"B01";"3";"7";"0";"2";"2";"1";"1";""
"202400014746";"155 755 808";"A01";"3";"7";"0";"2";"1";"9";"1";""
"202400014747";"155 755 805";"B01";"2";"33";"0";"2";"5";"16";"1";""
"202400014747";"155 755 806";"A01";"2";"7";"0";"2";"3";"16";"2";""
"202400014748";"155 755 803";"A01";"1";"34";"0";"2";"7";"1";"3";""
"202400014748";"155 755 804";"B01";"1";"7";"0";"2";"3";"20";"1";""
"202400014749";"155 755 801";"B01";"2";"7";"0";"2";"4";"1";"1";""
"202400014749";"155 755 802";"A01";"2";"10";"0";"2";"1";"1";"1";""
"202400014750";"155 755 799";"B01";"2";"7";"0";"2";"3";"1";"1";""
"202400014750";"155 755 800";"A01";"1";"10";"0";"2";"1";"15";"1";""
"202400014751";"155 755 797";"A01";"2";"33";"0";"2";"3";"3";"1";""
"202400014751";"155 755 798";"B01";"2";"10";"0";"0";"3";"2";"1";""
"202400014752";"155 755 795";"A01";"2";"31";"0";"2";"1";"3";"1";""
"202400014752";"155 755 796";"B01";"2";"7";"0";"2";"6";"11";"1";""
"202400014753";"155 755 792";"C01";"1";"33";"2";"0";"7";"2";"1";""
"202400014753";"155 755 793";"A01";"1";"7";"2";"0";"1";"2";"1";""
"202400014753";"155 755 794";"B01";"1";"7";"2";"0";"4";"2";"2";""
"202400014754";"155 755 790";"A01";"1";"10";"0";"2";"2";"1";"1";""
"202400014754";"155 755 791";"B01";"1";"7";"0";"2";"3";"1";"1";""
"202400014755";"155 755 789";"A01";"1";"7";"0";"1";"3";"1";"2";""
"202400014756";"155 755 788";"A01";"2";"31";"0";"0";"7";"1";"1";""
"202400014757";"155 755 786";"B01";"2";"33";"0";"2";"7";"1";"1";""
"202400014757";"155 755 787";"A01";"1";"7";"0";"2";"7";"26";"1";""
"202400014758";"155 755 785";"A01";"3";"99";"0";"1";"1";"25";"3";""
"202400014759";"155 755 783";"B01";"3";"7";"0";"2";"1";"2";"1";""
"202400014759";"155 755 784";"A01";"3";"7";"0";"2";"7";"15";"1";""
"202400014760";"155 755 781";"B01";"3";"10";"0";"2";"3";"1";"1";""
"202400014760";"155 755 782";"A01";"3";"10";"0";"2";"1";"5";"1";""
"202400014761";"155 755 779";"A01";"2";"50";"0";"2";"4";"15";"3";""
"202400014761";"155 755 780";"B01";"1";"80";"0";"2";"4";"1";"3";""
"202400014762";"155 755 777";"B01";"3";"7";"0";"2";"4";"2";"2";""
"202400014762";"155 755 778";"A01";"3";"7";"0";"2";"1";"2";"2";""
"202400014763";"155 755 774";"C01";"1";"33";"0";"2";"4";"1";"1";""
"202400014763";"155 755 775";"B01";"1";"7";"0";"2";"4";"1";"1";""
"202400014763";"155 755 776";"A01";"1";"7";"0";"2";"1";"1";"3";""
"202400014764";"155 755 772";"A01";"0";"7";"0";"2";"1";"1";"1";""
"202400014764";"155 755 773";"B01";"2";"7";"0";"2";"4";"1";"2";""
"202400014765";"155 755 771";"A01";"1";"80";"11";"0";"8";"11";"3";""
"202400014766";"155 755 769";"A01";"1";"50";"0";"2";"8";"1";"3";""
"202400014766";"155 755 770";"B01";"1";"7";"0";"2";"1";"15";"2";""
"202400014767";"155 755 768";"A01";"1";"80";"0";"0";"2";"2";"3";""
"202400014768";"155 755 766";"A01";"1";"7";"0";"2";"2";"16";"1";""
"202400014768";"155 755 767";"B01";"1";"32";"0";"2";"1";"18";"1";""
"202400014769";"155 755 765";"A01";"1";"7";"0";"1";"2";"17";"1";""
"202400014770";"155 755 764";"A01";"1";"7";"1";"0";"2";"14";"1";""
"202400014771";"155 755 761";"A01";"2";"7";"0";"2";"1";"1";"1";""
"202400014771";"155 755 762";"B01";"2";"7";"0";"2";"4";"1";"2";""
"202400014771";"155 755 763";"C01";"2";"10";"0";"2";"4";"1";"1";""
"202400014772";"155 755 759";"A01";"2";"7";"0";"2";"1";"2";"1";""
"202400014772";"155 755 760";"B01";"2";"7";"0";"2";"4";"23";"1";""
"202400014773";"155 755 757";"A01";"3";"7";"0";"2";"2";"21";"1";""
"202400014773";"155 755 758";"B01";"3";"7";"0";"2";"6";"16";"1";""
"202400014774";"155 755 756";"A01";"1";"7";"0";"1";"3";"1";"1";""
"202400014775";"155 755 754";"A01";"1";"7";"0";"2";"1";"1";"1";""
"202400014775";"155 755 755";"B01";"1";"7";"0";"2";"4";"2";"1";""
"202400014776";"155 755 753";"A01";"2";"7";"1";"0";"1";"16";"1";""
"202400014777";"155 755 752";"A01";"2";"7";"0";"1";"1";"2";"1";""
"202400014778";"155 755 750";"B01";"1";"7";"0";"2";"0";"0";"1";""
"202400014778";"155 755 751";"A01";"1";"50";"0";"2";"1";"21";"3";""
"202400014779";"155 755 749";"A01";"1";"14";"0";"1";"3";"19";"1";""
"202400014780";"155 755 748";"A01";"1";"31";"0";"1";"1";"21";"3";""
"202400014781";"155 755 746";"A01";"1";"10";"0";"2";"4";"19";"1";""
"202400014781";"155 755 747";"B01";"1";"10";"0";"2";"4";"1";"1";""
"202400014782";"155 755 745";"A01";"1";"50";"0";"0";"0";"1";"3";""
"202400014783";"155 755 743";"B01";"3";"1";"0";"2";"1";"2";"5";""
"202400014783";"155 755 744";"A01";"3";"10";"0";"2";"0";"9";"1";""
"202400014784";"155 755 741";"A01";"3";"7";"16";"2";"3";"19";"1";""
"202400014784";"155 755 742";"B01";"2";"30";"0";"2";"1";"0";"3";""
"202400014785";"155 755 740";"A01";"2";"30";"0";"0";"7";"16";"1";""
"202400014786";"155 755 738";"A01";"1";"7";"0";"2";"2";"1";"1";""
"202400014786";"155 755 739";"B01";"1";"33";"0";"2";"1";"1";"1";""
"202400014787";"155 755 736";"A01";"3";"30";"0";"2";"1";"1";"1";""
"202400014787";"155 755 737";"B01";"3";"7";"0";"2";"6";"16";"1";""
"202400014788";"155 755 734";"A01";"1";"7";"0";"2";"7";"19";"1";""
"202400014788";"155 755 735";"B01";"2";"33";"0";"2";"1";"1";"1";""
"202400014789";"155 755 733";"A01";"2";"7";"15";"0";"1";"1";"1";""
"202400014790";"155 755 732";"A01";"1";"33";"9";"0";"1";"1";"1";""
"202400014791";"155 755 731";"A01";"2";"38";"13";"0";"2";"1";"1";"8"
"202400014792";"155 755 729";"B01";"1";"33";"0";"2";"1";"1";"1";""
"202400014792";"155 755 730";"A01";"2";"7";"0";"2";"3";"19";"1";""
"202400014793";"155 755 728";"A01";"1";"7";"13";"0";"2";"13";"1";""
"202400014794";"155 755 726";"A01";"3";"7";"6";"2";"8";"13";"1";""
"202400014794";"155 755 727";"B01";"3";"7";"0";"2";"1";"1";"1";""
"202400014795";"155 755 723";"A01";"1";"7";"0";"2";"1";"17";"1";""
"202400014795";"155 755 724";"B01";"2";"7";"0";"2";"4";"1";"1";""
"202400014795";"155 755 725";"C01";"1";"7";"0";"2";"4";"1";"1";""
"202400014796";"155 755 721";"B01";"1";"7";"0";"2";"3";"1";"1";""
"202400014796";"155 755 722";"A01";"2";"7";"0";"2";"3";"13";"1";""
"202400014797";"155 755 719";"B01";"2";"80";"0";"2";"8";"1";"3";""
"202400014797";"155 755 720";"A01";"2";"7";"0";"2";"7";"17";"1";""
"202400014798";"155 755 717";"A01";"3";"1";"0";"2";"1";"1";"5";""
"202400014798";"155 755 718";"B01";"3";"7";"0";"2";"2";"1";"2";""
"202400014799";"155 755 716";"A01";"0";"7";"15";"0";"1";"0";"1";""
"202400014800";"155 755 714";"A01";"1";"7";"0";"0";"8";"16";"1";""
"202400014800";"155 755 715";"B01";"1";"7";"0";"2";"1";"1";"1";""
"202400014801";"155 755 712";"A01";"1";"7";"0";"0";"3";"15";"1";""
"202400014801";"155 755 713";"B01";"1";"36";"0";"2";"2";"17";"1";""
"202400014802";"155 755 710";"B01";"2";"7";"0";"2";"2";"1";"1";""
"202400014802";"155 755 711";"A01";"2";"1";"0";"0";"8";"0";"5";""
"202400014803";"155 755 708";"A01";"2";"33";"0";"2";"3";"13";"1";""
"202400014803";"155 755 709";"B01";"2";"15";"0";"2";"3";"1";"1";""
"202400014804";"155 755 707";"A01";"2";"7";"2";"0";"2";"1";"1";""
"202400014805";"155 755 706";"A01";"2";"7";"3";"0";"3";"13";"1";""
"202400014806";"155 755 704";"A01";"1";"7";"0";"2";"3";"13";"1";""
"202400014806";"155 755 705";"B01";"2";"15";"0";"2";"3";"1";"1";""
"202400014807";"155 755 701";"A01";"1";"7";"0";"2";"1";"21";"1";""
"202400014807";"155 755 702";"B01";"1";"7";"0";"2";"8";"15";"1";""
"202400014807";"155 755 703";"C01";"2";"7";"0";"2";"8";"1";"1";""
"202400014808";"155 755 700";"A01";"2";"33";"0";"0";"9";"1";"1";""
"202400014809";"155 755 699";"A01";"2";"33";"3";"0";"8";"0";"1";""
"202400014810";"155 755 698";"A01";"2";"10";"13";"0";"2";"0";"1";""
"202400014811";"155 755 696";"A01";"1";"2";"14";"2";"1";"1";"1";""
"202400014811";"155 755 697";"B01";"1";"7";"0";"2";"2";"12";"1";""
"202400014812";"155 755 693";"A01";"1";"14";"0";"1";"8";"1";"1";""
"202400014813";"155 755 691";"A01";"1";"7";"0";"2";"3";"19";"1";""
"202400014813";"155 755 692";"B01";"2";"17";"0";"2";"1";"1";"1";""
"202400014814";"155 755 689";"A01";"3";"33";"0";"2";"1";"17";"1";""
"202400014814";"155 755 690";"B01";"3";"7";"0";"2";"3";"15";"1";""
"202400014815";"155 755 687";"A01";"1";"7";"0";"2";"1";"19";"1";""
"202400014815";"155 755 688";"B01";"1";"7";"0";"2";"3";"1";"1";""
"202400014816";"155 755 685";"B01";"2";"30";"0";"2";"9";"2";"1";""
"202400014816";"155 755 686";"A01";"2";"7";"0";"2";"7";"14";"2";""
"202400014817";"155 755 683";"A01";"3";"2";"0";"2";"1";"13";"1";""
"202400014817";"155 755 684";"B01";"3";"14";"0";"2";"3";"1";"1";""
"202400014818";"155 755 681";"A01";"1";"7";"0";"2";"1";"13";"1";""
"202400014818";"155 755 682";"B01";"2";"7";"0";"2";"1";"1";"1";""
"202400014819";"155 755 679";"B01";"1";"2";"0";"2";"7";"17";"1";""
"202400014819";"155 755 680";"A01";"1";"7";"0";"2";"3";"15";"1";""
"202400014820";"155 755 677";"A01";"2";"7";"0";"1";"2";"1";"1";""
"202400014821";"155 755 675";"A01";"3";"1";"0";"2";"1";"5";"5";""
"202400014821";"155 755 676";"B01";"3";"2";"0";"9";"1";"1";"1";""
"202400014822";"155 755 673";"A01";"0";"10";"0";"2";"1";"15";"1";""
"202400014822";"155 755 674";"B01";"0";"33";"0";"0";"7";"1";"1";""
"202400014823";"155 755 672";"A01";"3";"32";"12";"0";"7";"1";"1";""
"202400014824";"155 755 669";"A01";"0";"7";"0";"2";"1";"13";"1";""
"202400014824";"155 755 670";"B01";"0";"7";"0";"2";"3";"1";"1";""
"202400014824";"155 755 671";"C01";"0";"7";"0";"2";"8";"1";"1";""
"202400014825";"155 755 668";"A01";"0";"50";"0";"0";"0";"1";"3";""
"202400014826";"155 755 666";"A01";"1";"2";"0";"0";"7";"15";"1";""
"202400014826";"155 755 667";"B01";"2";"7";"0";"0";"1";"1";"1";""
"202400014827";"155 755 664";"B01";"2";"33";"5";"2";"1";"1";"1";""
"202400014827";"155 755 665";"A01";"1";"10";"0";"2";"3";"15";"1";""
"202400014828";"155 755 663";"A01";"1";"7";"2";"0";"8";"13";"1";""
"202400014829";"155 755 662";"A01";"2";"7";"2";"0";"1";"2";"1";""
"202400014830";"155 755 661";"A01";"2";"7";"13";"0";"2";"2";"2";""
"202400014831";"155 755 659";"B01";"1";"7";"0";"2";"8";"2";"1";""
"202400014831";"155 755 660";"A01";"1";"2";"0";"2";"7";"2";"1";""
"202400014832";"155 755 658";"A01";"1";"7";"13";"0";"1";"1";"1";""
"202400014833";"155 755 657";"A01";"0";"7";"0";"1";"2";"16";"1";""
"202400014834";"155 755 656";"A01";"1";"2";"0";"1";"1";"17";"1";""
"202400014835";"155 755 655";"A01";"2";"7";"3";"0";"9";"26";"1";""
"202400014836";"155 755 653";"A01";"2";"7";"0";"2";"6";"11";"1";""
"202400014836";"155 755 654";"B01";"2";"33";"0";"2";"1";"3";"1";""
"202400014837";"155 755 651";"A01";"2";"7";"0";"2";"5";"23";"1";""
"202400014837";"155 755 652";"B01";"2";"33";"0";"2";"8";"3";"1";""
"202400014838";"155 755 649";"B01";"1";"10";"0";"2";"1";"2";"1";""
"202400014838";"155 755 650";"A01";"1";"7";"0";"2";"4";"2";"2";""
"202400014839";"155 755 647";"B01";"1";"10";"0";"2";"7";"1";"1";""
"202400014839";"155 755 648";"A01";"1";"31";"0";"2";"8";"11";"1";""
"202400014840";"155 755 644";"B01";"1";"7";"0";"2";"4";"2";"1";""
"202400014840";"155 755 645";"C01";"1";"10";"0";"2";"4";"2";"1";""
"202400014840";"155 755 646";"Z01";"1";"15";"0";"0";"0";"0";"0";""
"202400014841";"155 755 642";"A01";"1";"7";"0";"2";"1";"1";"1";""
"202400014841";"155 755 643";"B01";"1";"15";"0";"2";"4";"1";"1";""
"202400014842";"155 755 640";"A01";"1";"33";"0";"2";"2";"1";"1";""
"202400014842";"155 755 641";"B01";"1";"10";"0";"2";"6";"2";"1";""
"202400014843";"155 755 636";"A01";"1";"10";"0";"2";"0";"1";"1";""
"202400014843";"155 755 637";"C01";"1";"10";"0";"2";"0";"0";"1";""
"202400014843";"155 755 638";"B01";"1";"7";"0";"2";"0";"0";"1";""
"202400014843";"155 755 639";"D01";"1";"7";"0";"2";"0";"0";"1";""
"202400014844";"155 755 635";"A01";"2";"7";"4";"0";"8";"1";"2";""
"202400014845";"155 755 630";"B01";"2";"7";"0";"2";"4";"1";"1";""
"202400014845";"155 755 631";"C01";"2";"7";"0";"2";"1";"1";"1";""
"202400014845";"155 755 632";"D01";"2";"7";"0";"2";"1";"2";"1";""
"202400014845";"155 755 633";"Z01";"2";"7";"0";"2";"1";"21";"0";""
"202400014846";"155 755 628";"A01";"1";"10";"0";"2";"1";"2";"1";""
"202400014846";"155 755 629";"B01";"1";"7";"0";"2";"4";"2";"1";""
"202400014847";"155 755 625";"A01";"1";"7";"0";"2";"0";"0";"1";""
"202400014847";"155 755 626";"B01";"1";"7";"0";"2";"4";"2";"1";""
"202400014847";"155 755 627";"C01";"1";"33";"0";"2";"1";"1";"1";""
"202400014848";"155 755 623";"A01";"1";"7";"4";"2";"5";"12";"1";""
"202400014848";"155 755 624";"B01";"1";"33";"4";"2";"1";"3";"1";""
"202400014849";"155 755 622";"A01";"2";"7";"4";"0";"1";"26";"1";""
"202400014850";"155 755 620";"A01";"1";"7";"0";"2";"1";"26";"1";""
"202400014850";"155 755 621";"B01";"1";"7";"0";"2";"4";"26";"1";""
"202400014851";"155 755 619";"A01";"2";"7";"4";"0";"1";"15";"1";""
"202400014852";"155 755 618";"A01";"1";"7";"4";"0";"3";"1";"1";""
"202400014853";"155 755 616";"B01";"2";"33";"0";"2";"7";"3";"1";""
"202400014853";"155 755 617";"A01";"2";"7";"0";"2";"3";"11";"1";""
"202400014854";"155 755 613";"C01";"2";"7";"0";"2";"4";"0";"1";""
"202400014854";"155 755 614";"A01";"2";"33";"0";"2";"1";"3";"1";""
"202400014854";"155 755 615";"B01";"2";"7";"0";"2";"0";"0";"1";""
"202400014855";"155 755 611";"A01";"2";"32";"0";"2";"1";"3";"1";""
"202400014855";"155 755 612";"B01";"2";"7";"0";"2";"4";"11";"1";""
"202400014856";"155 755 609";"B01";"2";"31";"0";"2";"0";"0";"1";""
"202400014856";"155 755 610";"A01";"1";"7";"0";"2";"0";"0";"1";""
"202400014857";"155 755 608";"A01";"1";"7";"0";"1";"0";"1";"1";""
"202400014858";"155 755 606";"A01";"1";"7";"0";"2";"0";"1";"1";""
"202400014858";"155 755 607";"B01";"1";"60";"0";"2";"0";"19";"5";""
"202400014859";"155 755 604";"B01";"1";"7";"0";"2";"6";"11";"1";""
"202400014859";"155 755 605";"A01";"1";"7";"0";"2";"2";"1";"1";""
"202400014860";"155 755 602";"A01";"1";"7";"0";"2";"7";"16";"2";""
"202400014860";"155 755 603";"B01";"1";"33";"0";"2";"8";"18";"1";""
"202400014861";"155 755 600";"B01";"1";"1";"0";"2";"1";"26";"5";""
"202400014861";"155 755 601";"A01";"1";"1";"0";"2";"0";"0";"5";""
"202400014862";"155 755 598";"A01";"3";"7";"13";"2";"3";"0";"1";""
"202400014862";"155 755 599";"B01";"3";"7";"0";"2";"3";"0";"1";""
"202400014863";"155 755 596";"A01";"1";"7";"0";"2";"6";"17";"1";""
"202400014863";"155 755 597";"B01";"1";"34";"0";"2";"7";"1";"1";""
"202400014864";"155 755 595";"A01";"1";"7";"0";"1";"2";"0";"1";""
"202400014865";"155 755 593";"A01";"3";"7";"0";"2";"3";"15";"1";""
"202400014865";"155 755 594";"B01";"3";"2";"0";"2";"7";"5";"1";""
"202400014866";"155 755 591";"A01";"1";"50";"0";"2";"1";"1";"3";""
"202400014866";"155 755 592";"B01";"1";"7";"0";"2";"5";"23";"1";""
"202400014867";"155 755 589";"A01";"1";"7";"0";"2";"2";"2";"1";""
"202400014867";"155 755 590";"B01";"1";"7";"0";"2";"8";"2";"1";""
"202400014868";"155 755 587";"A01";"1";"50";"0";"0";"0";"2";"3";""
"202400014868";"155 755 588";"B01";"1";"7";"0";"0";"0";"1";"1";""
"202400014869";"155 755 586";"A01";"1";"7";"0";"1";"3";"2";"1";""
"202400014870";"155 755 584";"A01";"1";"7";"0";"2";"1";"1";"1";""
"202400014870";"155 755 585";"B01";"1";"7";"0";"2";"4";"2";"1";""
"202400014871";"155 755 582";"A01";"2";"7";"0";"2";"1";"15";"1";""
"202400014871";"155 755 583";"B01";"1";"7";"0";"2";"3";"1";"1";""
"202400014872";"155 755 581";"A01";"1";"7";"0";"1";"1";"1";"1";""
"202400014873";"155 755 579";"C01";"2";"1";"0";"2";"6";"21";"0";""
"202400014873";"155 755 580";"B01";"2";"7";"0";"2";"5";"1";"1";""
"202400014874";"155 755 578";"A01";"1";"7";"0";"2";"2";"1";"1";""
"202400014875";"155 755 576";"A01";"1";"14";"0";"0";"0";"15";"1";""
"202400014875";"155 755 577";"B01";"1";"33";"0";"0";"9";"2";"1";""
"202400014876";"155 755 574";"A01";"2";"7";"0";"1";"1";"26";"1";""
"202400014877";"155 755 573";"A01";"1";"7";"0";"2";"1";"1";"1";""
"202400014877";"155 755 575";"B01";"2";"7";"0";"2";"1";"1";"1";""
"202400014878";"155 755 570";"A01";"1";"33";"0";"2";"0";"21";"1";""
"202400014878";"155 755 572";"B01";"2";"7";"0";"2";"6";"1";"1";""
"202400014879";"155 755 569";"A01";"2";"50";"0";"2";"1";"1";"3";""
"202400014879";"155 755 571";"B01";"1";"1";"0";"2";"1";"1";"5";""
"202400014880";"155 755 566";"B01";"2";"99";"0";"2";"1";"26";"3";""
"202400014880";"155 755 568";"A01";"1";"10";"0";"2";"8";"26";"1";""
"202400014881";"155 755 564";"A01";"1";"10";"15";"0";"0";"1";"0";""
"202400014882";"155 755 562";"A01";"3";"7";"0";"1";"1";"16";"1";""