"Num_Acc";"id_vehicule";"num_veh";"senc";"catv";"obs";"obsm";"choc";"manv";"motor";"occutc"
"202400014883";"155 755 557";"B01";"2";"7";"0";"2";"1";"1";"1";""
"202400014883";"155 755 559";"A01";"2";"7";"0";"2";"7";"1";"1";""
"202400014884";"155 755 558";"A01";"3";"7";"0";"2";"2";"9";"2";""
"202400014884";"155 755 560";"B01";"3";"50";"0";"2";"7";"15";"3";""
"202400014885";"155 755 555";"A01";"2";"7";"0";"2";"1";"2";"1";""
"202400014885";"155 755 556";"B01";"2";"50";"0";"2";"8";"13";"3";""
"202400014886";"155 755 554";"A01";"2";"7";"7";"0";"1";"1";"1";""
"202400014887";"155 755 553";"A01";"2";"50";"12";"0";"7";"1";"3";""
"202400014888";"155 755 550";"A01";"3";"10";"0";"2";"2";"20";"1";""
"202400014888";"155 755 552";"B01";"1";"43";"0";"2";"1";"1";"1";""
"202400014889";"155 755 549";"A01";"1";"7";"12";"2";"1";"1";"1";""
"202400014889";"155 755 551";"B01";"2";"7";"9";"2";"1";"5";"1";""
"202400014890";"155 755 545";"A01";"1";"31";"0";"2";"7";"17";"1";""
"202400014890";"155 755 547";"B01";"1";"7";"0";"2";"8";"13";"1";""
"202400014891";"155 755 546";"B01";"3";"50";"0";"2";"1";"11";"3";""
"202400014891";"155 755 548";"A01";"3";"7";"0";"2";"3";"15";"1";""
"202400014892";"155 755 544";"A01";"1";"7";"9";"0";"1";"1";"1";""
"202400014893";"155 755 540";"A01";"2";"7";"0";"2";"7";"15";"1";""
"202400014893";"155 755 543";"B01";"2";"2";"0";"2";"1";"1";"1";""
"202400014894";"155 755 541";"B01";"1";"34";"0";"2";"1";"1";"1";""
"202400014894";"155 755 542";"A01";"2";"10";"0";"2";"1";"15";"1";""
"202400014895";"155 755 539";"A01";"1";"7";"0";"1";"1";"1";"1";""
"202400014896";"155 755 535";"A01";"3";"30";"0";"2";"1";"2";"1";""
"202400014896";"155 755 537";"B01";"3";"7";"0";"2";"4";"2";"1";""
"202400014897";"155 755 536";"B01";"1";"7";"0";"2";"1";"1";"3";""
"202400014897";"155 755 538";"A01";"2";"30";"0";"2";"1";"15";"3";""
"202400014898";"155 755 532";"A01";"2";"7";"0";"2";"3";"9";"1";""
"202400014898";"155 755 534";"B01";"1";"31";"0";"2";"2";"1";"1";""
"202400014899";"155 755 533";"A01";"2";"30";"0";"0";"7";"1";"3";""
"202400014900";"155 755 530";"A01";"3";"1";"0";"2";"1";"2";"5";""
"202400014900";"155 755 531";"B01";"3";"7";"0";"2";"4";"2";"1";""
"202400014901";"155 755 527";"A01";"3";"7";"0";"2";"1";"15";"1";""
"202400014901";"155 755 529";"B01";"0";"7";"0";"2";"6";"0";"1";""
"202400014902";"155 755 526";"A01";"3";"10";"0";"2";"1";"9";"1";""
"202400014902";"155 755 528";"B01";"3";"2";"0";"2";"2";"1";"1";""
"202400014903";"155 755 525";"A01";"2";"7";"1";"0";"3";"1";"1";""
"202400014904";"155 755 524";"A01";"1";"7";"0";"1";"7";"1";"1";""
"202400014905";"155 755 522";"A01";"1";"37";"0";"2";"1";"1";"1";"2"
"202400014905";"155 755 523";"B01";"1";"7";"9";"2";"3";"1";"1";""
"202400014906";"155 755 519";"A01";"3";"10";"0";"2";"7";"0";"0";""
"202400014906";"155 755 520";"B01";"3";"10";"0";"2";"1";"0";"0";""
"202400014907";"155 755 518";"A01";"3";"7";"14";"1";"2";"1";"1";""
"202400014908";"155 755 516";"B01";"1";"50";"0";"2";"1";"19";"3";""
"202400014908";"155 755 517";"A01";"1";"7";"0";"2";"3";"1";"1";""
"202400014909";"155 755 514";"B01";"2";"33";"0";"2";"1";"1";"1";""
"202400014909";"155 755 515";"A01";"1";"7";"0";"2";"2";"15";"1";""
"202400014910";"155 755 512";"A01";"3";"7";"0";"2";"1";"26";"1";""
"202400014910";"155 755 513";"B01";"3";"7";"0";"0";"4";"26";"1";""
"202400014911";"155 755 510";"A01";"3";"7";"14";"0";"1";"1";"2";""
"202400014911";"155 755 511";"B01";"3";"7";"0";"2";"6";"9";"1";""
"202400014912";"155 755 508";"A01";"3";"7";"0";"2";"2";"15";"1";""
"202400014912";"155 755 509";"B01";"3";"34";"0";"2";"1";"1";"1";""
"202400014913";"155 755 506";"A01";"3";"38";"8";"2";"2";"26";"1";"8"
"202400014914";"155 755 505";"A01";"2";"2";"0";"1";"1";"17";"1";""
"202400014915";"155 755 504";"Z01";"3";"0";"0";"1";"4";"26";"0";""
"202400014916";"155 755 507";"A01";"1";"7";"0";"1";"2";"10";"1";""
"202400014917";"155 755 502";"B01";"3";"1";"0";"2";"7";"1";"5";""
"202400014917";"155 755 503";"A01";"3";"7";"0";"2";"1";"15";"1";""
"202400014918";"155 755 501";"A01";"3";"7";"0";"1";"8";"26";"0";""
"202400014919";"155 755 500";"A01";"2";"7";"0";"0";"9";"2";"1";""
"202400014920";"155 755 497";"A01";"0";"10";"1";"2";"1";"1";"1";""
"202400014921";"155 755 496";"A01";"1";"10";"0";"2";"1";"2";"1";""
"202400014921";"155 755 498";"B01";"1";"7";"0";"2";"4";"1";"1";""
"202400014921";"155 755 499";"C01";"1";"7";"0";"2";"4";"2";"1";""
"202400014922";"155 755 494";"A01";"1";"7";"0";"2";"8";"11";"1";""
"202400014922";"155 755 495";"B01";"2";"33";"0";"2";"1";"3";"1";""
"202400014923";"155 755 492";"A01";"2";"50";"0";"2";"1";"0";"3";""
"202400014923";"155 755 493";"B01";"1";"1";"0";"2";"0";"0";"5";""
"202400014924";"155 755 490";"A01";"2";"7";"0";"2";"2";"15";"1";""
"202400014924";"155 755 491";"B01";"1";"43";"0";"2";"1";"1";"1";""
"202400014925";"155 755 488";"A01";"1";"7";"0";"2";"7";"24";"2";""
"202400014925";"155 755 489";"B01";"1";"1";"0";"2";"1";"1";"5";""
"202400014926";"155 755 487";"A01";"1";"7";"0";"1";"1";"1";"2";""
"202400014927";"155 755 486";"A01";"2";"7";"0";"1";"8";"1";"1";""
"202400014928";"155 755 484";"A01";"1";"7";"0";"2";"1";"1";"1";""
"202400014928";"155 755 485";"B01";"1";"31";"0";"2";"4";"23";"1";""
"202400014929";"155 755 482";"B01";"1";"2";"0";"2";"1";"15";"1";""
"202400014929";"155 755 483";"A01";"1";"10";"0";"2";"2";"1";"1";""
"202400014930";"155 755 481";"B01";"2";"1";"0";"1";"1";"1";"5";""
"202400014931";"155 755 479";"A01";"1";"7";"0";"0";"2";"19";"2";""
"202400014931";"155 755 480";"B01";"0";"31";"0";"0";"3";"19";"3";""
"202400014932";"155 755 477";"B01";"1";"10";"0";"2";"3";"1";"1";""
"202400014932";"155 755 478";"A01";"2";"30";"0";"2";"1";"1";"1";""
"202400014933";"155 755 475";"B01";"1";"33";"0";"2";"6";"1";"1";""
"202400014933";"155 755 476";"A01";"1";"7";"0";"2";"1";"11";"1";""
"202400014934";"155 755 473";"A01";"1";"10";"0";"2";"7";"15";"1";""
"202400014934";"155 755 474";"B01";"2";"2";"0";"2";"1";"1";"1";""
"202400014935";"155 755 471";"A01";"3";"10";"0";"2";"3";"13";"1";""
"202400014935";"155 755 472";"B01";"3";"32";"0";"2";"7";"1";"1";""
"202400014936";"155 755 469";"B01";"3";"33";"0";"2";"1";"1";"1";""
"202400014936";"155 755 470";"A01";"3";"7";"0";"2";"3";"15";"1";""
"202400014937";"155 755 467";"B01";"3";"37";"0";"2";"6";"8";"0";"2"
"202400014937";"155 755 468";"A01";"3";"37";"0";"2";"3";"21";"0";"2"
"202400014938";"155 755 465";"B01";"1";"50";"0";"2";"8";"1";"3";""
"202400014938";"155 755 466";"A01";"3";"10";"0";"2";"7";"16";"1";""
"202400014939";"155 755 463";"B01";"3";"50";"0";"2";"8";"0";"3";""
"202400014939";"155 755 464";"A01";"0";"37";"0";"2";"3";"15";"2";"1"
"202400014940";"155 755 461";"A01";"1";"7";"0";"2";"3";"15";"1";""
"202400014940";"155 755 462";"B01";"1";"43";"0";"2";"7";"3";"1";""
"202400014941";"155 755 460";"A01";"0";"7";"15";"0";"1";"1";"3";""
"202400014942";"155 755 458";"A01";"3";"7";"0";"2";"7";"26";"1";""
"202400014942";"155 755 459";"B01";"3";"7";"0";"2";"1";"26";"1";""
"202400014943";"155 755 457";"A01";"1";"43";"0";"1";"1";"1";"1";""
"202400014944";"155 755 455";"A01";"2";"7";"0";"9";"3";"22";"1";""
"202400014944";"155 755 456";"B01";"2";"1";"1";"0";"1";"22";"5";""
"202400014945";"155 755 453";"B01";"1";"50";"16";"0";"0";"0";"3";""
"202400014945";"155 755 454";"A01";"1";"7";"0";"9";"1";"11";"1";""
"202400014946";"155 755 450";"A01";"2";"31";"0";"2";"7";"26";"3";""
"202400014946";"155 755 451";"B01";"2";"10";"0";"2";"3";"1";"1";""
"202400014946";"155 755 452";"C01";"1";"7";"0";"0";"8";"1";"1";""
"202400014947";"155 755 449";"A01";"2";"7";"8";"0";"1";"1";"1";""
"202400014948";"155 755 447";"A01";"1";"7";"0";"2";"3";"1";"2";""
"202400014948";"155 755 448";"B01";"1";"7";"0";"2";"2";"1";"1";""
"202400014949";"155 755 445";"A01";"3";"7";"0";"2";"3";"9";"1";""
"202400014949";"155 755 446";"B01";"3";"10";"0";"2";"7";"1";"1";""
"202400014950";"155 755 443";"A01";"1";"10";"0";"2";"3";"1";"1";""
"202400014950";"155 755 444";"B01";"2";"10";"3";"2";"3";"1";"1";""
"202400014951";"155 755 441";"B01";"1";"15";"0";"2";"1";"1";"1";""
"202400014951";"155 755 442";"A01";"2";"7";"0";"2";"7";"13";"1";""
"202400014952";"155 755 440";"A01";"1";"33";"0";"0";"2";"1";"1";""
"202400014953";"155 755 438";"B01";"2";"15";"0";"0";"3";"1";"0";""
"202400014953";"155 755 439";"A01";"1";"7";"0";"1";"1";"1";"2";""
"202400014954";"155 755 436";"A01";"1";"7";"0";"2";"6";"11";"1";""
"202400014954";"155 755 437";"B01";"1";"33";"3";"2";"7";"1";"1";""
"202400014955";"155 755 434";"B01";"1";"7";"0";"2";"3";"1";"1";""
"202400014955";"155 755 435";"A01";"2";"33";"0";"2";"1";"13";"1";""
"202400014956";"155 755 433";"A01";"2";"7";"0";"0";"9";"14";"1";""
"202400014957";"155 755 429";"A01";"1";"7";"0";"2";"4";"2";"1";""
"202400014957";"155 755 430";"B01";"1";"7";"0";"2";"1";"17";"1";""
"202400014958";"155 755 428";"A01";"1";"14";"0";"1";"0";"1";"1";""
"202400014959";"155 755 427";"A01";"1";"7";"2";"0";"2";"14";"1";""
"202400014960";"155 755 426";"A01";"3";"1";"0";"0";"0";"1";"5";""
"202400014961";"155 755 424";"B01";"3";"7";"8";"1";"8";"23";"1";""
"202400014961";"155 755 425";"A01";"3";"7";"1";"2";"2";"1";"2";""
"202400014962";"155 755 423";"A01";"2";"7";"2";"0";"1";"14";"1";""
"202400014963";"155 755 421";"A01";"2";"7";"0";"0";"2";"15";"1";""
"202400014963";"155 755 422";"B01";"1";"1";"0";"0";"3";"1";"5";""
"202400014964";"155 755 419";"A01";"2";"7";"0";"2";"1";"1";"1";""
"202400014964";"155 755 420";"B01";"1";"7";"0";"2";"3";"1";"3";""
"202400014965";"155 755 418";"A01";"1";"10";"13";"0";"3";"13";"1";""
"202400014966";"155 755 416";"B01";"2";"80";"0";"2";"1";"1";"3";""
"202400014966";"155 755 417";"A01";"2";"7";"0";"2";"8";"9";"2";""
"202400014967";"155 755 415";"A01";"0";"7";"0";"1";"0";"0";"1";""
"202400014968";"155 755 414";"A01";"1";"10";"2";"0";"1";"2";"1";""
"202400014969";"155 755 412";"A01";"1";"2";"0";"2";"1";"17";"1";""
"202400014969";"155 755 413";"B01";"2";"7";"0";"2";"3";"1";"1";""
"202400014970";"155 755 410";"A01";"2";"7";"7";"2";"1";"1";"1";""
"202400014970";"155 755 411";"B01";"1";"7";"0";"2";"6";"1";"1";""
"202400014971";"155 755 408";"A01";"1";"2";"0";"2";"1";"17";"1";""
"202400014971";"155 755 409";"B01";"1";"7";"0";"2";"3";"1";"1";""
"202400014972";"155 755 406";"B01";"1";"15";"0";"0";"4";"1";"1";""
"202400014972";"155 755 407";"A01";"1";"10";"3";"2";"1";"17";"1";""
"202400014973";"155 755 404";"A01";"1";"17";"1";"0";"2";"1";"1";""
"202400014973";"155 755 405";"B01";"1";"15";"0";"0";"4";"23";"1";""
"202400014974";"155 755 403";"A01";"1";"7";"0";"1";"1";"1";"1";""
"202400014975";"155 755 401";"A01";"1";"7";"0";"2";"3";"9";"1";""
"202400014975";"155 755 402";"B01";"1";"1";"0";"2";"5";"15";"5";""
"202400014976";"155 755 400";"A01";"1";"7";"0";"1";"3";"16";"1";""
"202400014977";"155 755 398";"A01";"3";"7";"0";"2";"1";"15";"1";""
"202400014977";"155 755 399";"B01";"3";"3";"0";"0";"5";"26";"1";""
"202400014978";"155 755 396";"A01";"1";"7";"0";"2";"7";"17";"1";""
"202400014978";"155 755 397";"B01";"1";"10";"0";"2";"3";"15";"1";""
"202400014979";"155 755 395";"A01";"1";"7";"8";"0";"2";"13";"1";""
"202400014980";"155 755 394";"A01";"1";"7";"15";"0";"1";"14";"1";""
"202400014981";"155 755 392";"A01";"2";"7";"0";"2";"1";"19";"1";""
"202400014981";"155 755 393";"B01";"1";"30";"0";"2";"8";"1";"3";""
"202400014982";"155 755 391";"A01";"0";"36";"13";"0";"1";"0";"1";""
"202400014983";"155 755 390";"A01";"3";"7";"0";"1";"2";"25";"1";""
"202400014984";"155 755 388";"A01";"1";"7";"2";"2";"3";"9";"1";""
"202400014984";"155 755 389";"B01";"1";"10";"0";"2";"1";"1";"1";""
"202400014985";"155 755 387";"A01";"2";"7";"16";"0";"1";"1";"1";""
"202400014986";"155 755 385";"B01";"2";"1";"1";"0";"1";"1";"5";""
"202400014986";"155 755 386";"A01";"2";"38";"0";"0";"5";"23";"1";"1"
"202400014987";"155 755 384";"B01";"3";"10";"0";"1";"5";"20";"1";""
"202400014988";"155 755 380";"D01";"1";"10";"0";"2";"6";"1";"0";""
"202400014988";"155 755 381";"A01";"1";"7";"3";"2";"9";"0";"2";""
"202400014988";"155 755 382";"B01";"1";"7";"0";"2";"6";"1";"1";""
"202400014988";"155 755 383";"C01";"1";"7";"0";"2";"7";"1";"1";""
"202400014989";"155 755 379";"A01";"2";"10";"0";"1";"2";"1";"1";""
"202400014990";"155 755 378";"A01";"3";"7";"4";"0";"3";"1";"1";""
"202400014991";"155 755 377";"A01";"3";"7";"0";"1";"2";"1";"2";""
"202400014992";"155 755 375";"B01";"3";"15";"0";"2";"3";"1";"1";""
"202400014992";"155 755 376";"A01";"3";"3";"0";"2";"1";"13";"1";""
"202400014993";"155 755 373";"A01";"1";"10";"0";"2";"2";"10";"1";""
"202400014993";"155 755 374";"B01";"1";"7";"0";"0";"3";"1";"1";""
"202400014994";"155 755 370";"C01";"2";"33";"0";"2";"1";"1";"1";""
"202400014994";"155 755 371";"B01";"2";"7";"0";"2";"9";"1";"1";""
"202400014994";"155 755 372";"A01";"2";"7";"0";"2";"2";"1";"1";""
"202400014995";"155 755 367";"B01";"2";"10";"0";"2";"4";"2";"1";""
"202400014995";"155 755 368";"A01";"2";"10";"0";"2";"1";"2";"1";""
"202400014995";"155 755 369";"C01";"2";"7";"0";"2";"4";"2";"1";""
"202400014996";"155 755 364";"B01";"2";"7";"0";"2";"1";"2";"1";""
"202400014996";"155 755 365";"C01";"2";"7";"0";"2";"1";"2";"1";""
"202400014996";"155 755 366";"A01";"2";"7";"0";"2";"4";"1";"1";""
"202400014997";"155 755 362";"A01";"2";"7";"0";"0";"6";"11";"1";""
"202400014997";"155 755 363";"B01";"2";"33";"0";"0";"1";"3";"1";""
"202400014998";"155 755 360";"A01";"1";"15";"0";"2";"1";"2";"1";""
"202400014998";"155 755 361";"B01";"1";"7";"0";"2";"4";"1";"1";""
"202400014999";"155 755 358";"B01";"1";"7";"0";"2";"5";"2";"0";""
"202400014999";"155 755 359";"A01";"1";"7";"0";"2";"3";"2";"0";""
"202400015000";"155 755 356";"A01";"2";"10";"0";"2";"2";"1";"1";""
"202400015000";"155 755 357";"B01";"2";"7";"0";"2";"6";"1";"1";""
"202400015001";"155 755 355";"A01";"3";"99";"4";"0";"1";"6";"1";""
"202400015002";"155 755 353";"A01";"1";"10";"14";"0";"1";"26";"1";""
"202400015002";"155 755 354";"B01";"3";"7";"0";"9";"2";"26";"1";""
"202400015003";"155 755 351";"A01";"3";"7";"0";"2";"2";"16";"1";""
"202400015003";"155 755 352";"B01";"3";"50";"0";"2";"3";"1";"3";""
"202400015004";"155 755 350";"A01";"1";"1";"0";"0";"7";"1";"5";""
"202400015005";"155 755 349";"A01";"3";"7";"0";"1";"3";"20";"1";""
"202400015006";"155 755 348";"A01";"3";"7";"0";"1";"0";"15";"1";""
"202400015007";"155 755 347";"A01";"2";"7";"0";"1";"1";"19";"0";""
"202400015008";"155 755 345";"A01";"1";"7";"0";"2";"3";"15";"1";""
"202400015008";"155 755 346";"B01";"2";"30";"0";"2";"1";"13";"1";""
"202400015009";"155 755 341";"A01";"1";"7";"0";"0";"0";"1";"1";""
"202400015009";"155 755 342";"C01";"1";"2";"0";"2";"0";"15";"1";""
"202400015009";"155 755 343";"B01";"1";"2";"0";"0";"0";"15";"1";""
"202400015009";"155 755 344";"D01";"1";"2";"0";"0";"0";"1";"1";""
"202400015010";"155 755 339";"A01";"2";"7";"0";"2";"6";"17";"1";""
"202400015010";"155 755 340";"B01";"1";"7";"0";"2";"1";"1";"1";""
"202400015011";"155 755 338";"A01";"1";"7";"0";"9";"3";"1";"1";""
"202400015012";"155 755 336";"A01";"3";"10";"0";"2";"8";"15";"1";""
"202400015012";"155 755 337";"B01";"3";"2";"0";"2";"1";"16";"1";""
"202400015013";"155 755 335";"A01";"2";"7";"0";"0";"1";"1";"1";""
"202400015014";"155 755 333";"B01";"2";"7";"0";"2";"8";"1";"1";""
"202400015014";"155 755 334";"A01";"1";"7";"0";"2";"3";"5";"1";""
"202400015015";"155 755 331";"A01";"2";"7";"14";"0";"2";"5";"1";""
"202400015015";"155 755 332";"B01";"3";"7";"14";"0";"1";"15";"1";""
"202400015016";"155 755 329";"A01";"3";"7";"0";"2";"3";"15";"1";""
"202400015016";"155 755 330";"B01";"3";"31";"0";"2";"1";"2";"1";""
"202400015017";"155 755 327";"B01";"3";"7";"0";"2";"4";"1";"1";""
"202400015017";"155 755 328";"A01";"3";"31";"0";"2";"9";"2";"1";""
"202400015018";"155 755 325";"A01";"1";"7";"0";"2";"1";"1";"1";""
"202400015018";"155 755 326";"B01";"2";"7";"0";"2";"1";"1";"2";""
"202400015019";"155 755 323";"A01";"1";"7";"0";"2";"1";"1";"1";""
"202400015019";"155 755 324";"B01";"1";"7";"0";"2";"4";"1";"1";""
"202400015020";"155 755 321";"A01";"1";"50";"0";"9";"1";"2";"3";""
"202400015020";"155 755 322";"B01";"1";"50";"0";"9";"1";"1";"3";""
"202400015021";"155 755 319";"B01";"3";"30";"0";"2";"1";"1";"1";""
"202400015021";"155 755 320";"A01";"3";"7";"0";"2";"7";"15";"1";""
"202400015022";"155 755 318";"A01";"1";"7";"2";"0";"3";"13";"1";""
"202400015023";"155 755 317";"A01";"3";"7";"8";"1";"0";"1";"2";""
"202400015024";"155 755 315";"A01";"2";"50";"0";"2";"1";"1";"3";""
"202400015024";"155 755 316";"B01";"1";"7";"0";"2";"3";"1";"1";""
"202400015025";"155 755 313";"B01";"3";"30";"0";"2";"1";"1";"1";""
"202400015025";"155 755 314";"A01";"3";"10";"0";"2";"5";"15";"1";""
"202400015026";"155 755 311";"A01";"1";"7";"0";"2";"3";"10";"1";""
"202400015026";"155 755 312";"B01";"1";"32";"0";"2";"1";"17";"1";""
"202400015027";"155 755 309";"A01";"1";"80";"0";"2";"1";"2";"3";""
"202400015027";"155 755 310";"B01";"1";"7";"0";"2";"4";"23";"1";""
"202400015028";"155 755 307";"A01";"2";"3";"0";"2";"1";"13";"1";""
"202400015028";"155 755 308";"B01";"1";"7";"0";"2";"3";"1";"1";""
"202400015029";"155 755 304";"B01";"1";"7";"0";"2";"4";"23";"1";""
"202400015029";"155 755 305";"A01";"1";"7";"0";"2";"1";"2";"1";""
"202400015029";"155 755 306";"C01";"1";"7";"0";"2";"5";"23";"2";""
"202400015030";"155 755 302";"B01";"1";"7";"0";"9";"1";"1";"0";""
"202400015030";"155 755 303";"A01";"1";"50";"0";"2";"1";"15";"3";""
"202400015031";"155 755 300";"A01";"3";"50";"0";"2";"1";"25";"3";""
"202400015031";"155 755 301";"B01";"3";"7";"0";"9";"3";"1";"1";""
"202400015032";"155 755 298";"A01";"3";"1";"0";"2";"8";"15";"5";""
"202400015032";"155 755 299";"B01";"3";"7";"0";"2";"7";"1";"1";""
"202400015033";"155 755 297";"A01";"2";"35";"1";"0";"2";"1";"1";""
"202400015034";"155 755 296";"A01";"1";"7";"0";"1";"1";"1";"1";""
"202400015035";"155 755 294";"B01";"2";"13";"0";"2";"5";"16";" -1";""
"202400015035";"155 755 295";"A01";"2";"7";"0";"2";"2";"26";"1";""
"202400015036";"155 755 292";"B01";"1";"7";"0";"2";"6";"16";"1";""
"202400015036";"155 755 293";"A01";"1";"33";"0";"2";"1";"2";"1";""
"202400015037";"155 755 290";"B01";"1";"33";"0";"2";"1";"1";"1";""
"202400015037";"155 755 291";"A01";"1";"7";"0";"2";"8";"9";"1";""
"202400015038";"155 755 289";"A01";"1";"7";"0";"1";"3";"1";"1";""
"202400015039";"155 755 288";"A01";"2";"7";"0";"1";"1";"1";"1";""
"202400015040";"155 755 287";"A01";"2";"7";"1";"0";"1";"1";"1";""
"202400015041";"155 755 286";"A01";"3";"7";"0";"1";"4";"26";"1";""
"202400015042";"155 755 285";"A01";"2";"7";"0";"0";"9";"1";"1";""
"202400015043";"155 755 284";"A01";"1";"7";"0";"1";"3";"1";"1";""
"202400015044";"155 755 282";"A01";"2";"7";"0";"2";"2";"15";"1";""
"202400015044";"155 755 283";"B01";"1";"30";"0";"2";"1";"2";"1";""
"202400015045";"155 755 280";"A01";"1";"30";"0";"2";"1";"0";"1";""
"202400015045";"155 755 281";"B01";"1";"7";"0";"2";"1";"1";"1";""
"202400015046";"155 755 279";"A01";"2";"7";"13";"0";"2";"14";"1";""
"202400015047";"155 755 277";"B01";"2";"7";"0";"2";"8";"9";"1";""
"202400015047";"155 755 278";"A01";"1";"7";"0";"2";"1";"1";"1";""
"202400015048";"155 755 274";"B01";"1";"7";"0";"9";"3";"1";"1";""
"202400015048";"155 755 275";"A01";"2";"1";"0";"2";"7";"1";"5";""
"202400015049";"155 755 272";"A01";"0";"7";"0";"1";"2";"1";"1";""
"202400015049";"155 755 273";"B01";"0";"38";"0";"1";"8";"1";"1";"1"
"202400015050";"155 755 270";"A01";"1";"32";"0";"2";"1";"17";"0";""
"202400015050";"155 755 271";"B01";"1";"10";"0";"2";"3";"10";"0";""
"202400015051";"155 755 269";"A01";"3";"7";"0";"1";"3";"1";"1";""
"202400015052";"155 755 267";"A01";"2";"7";"0";"2";"4";"21";"1";""
"202400015052";"155 755 268";"B01";"2";"7";"0";"2";"1";"1";"1";""
"202400015053";"155 755 266";"A01";"0";"7";"0";"2";"0";"14";"1";""
"202400015054";"155 755 264";"B01";"1";"10";"0";"2";"6";"1";"1";""
"202400015054";"155 755 265";"A01";"1";"33";"0";"2";"7";"11";"1";""
"202400015055";"155 755 263";"A01";"1";"1";"0";"0";"1";"1";"5";""
"202400015056";"155 755 261";"B01";"2";"7";"0";"2";"4";"23";"2";""
"202400015056";"155 755 262";"A01";"2";"30";"0";"2";"1";"2";"1";""
"202400015057";"155 755 259";"B01";"0";"7";"0";"2";"4";"23";"2";""
"202400015057";"155 755 260";"A01";"2";"30";"0";"2";"1";"2";"1";""
"202400015058";"155 755 257";"Z01";"2";"1";"0";"2";"1";"1";"5";""
"202400015058";"155 755 258";"B01";"2";"80";"0";"2";"4";"1";"5";""
"202400015059";"155 755 254";"C01";"2";"7";"1";"0";"6";"24";"1";""
"202400015059";"155 755 255";"A01";"2";"33";"0";"2";"1";"2";"1";""
"202400015059";"155 755 256";"B01";"2";"7";"1";"0";"7";"2";"1";""
"202400015060";"155 755 252";"B01";"2";"50";"0";"2";"8";"1";"3";""
"202400015060";"155 755 253";"A01";"1";"7";"0";"2";"2";"15";"2";""
"202400015061";"155 755 251";"A01";"0";"37";"0";"1";"3";"1";"1";"1"
"202400015062";"155 755 249";"A01";"2";"33";"9";"2";"7";"2";"1";""
"202400015062";"155 755 250";"B01";"2";"7";"9";"2";"8";"15";"1";""
"202400015063";"155 755 246";"A01";"1";"10";"0";"1";"6";"15";"1";""
"202400015064";"155 755 244";"A01";"2";"50";"0";"2";"1";"1";"3";""
"202400015064";"155 755 245";"B01";"2";"7";"0";"2";"3";"1";"2";""
"202400015065";"155 755 242";"Z01";"1";"7";"0";"2";"8";"0";"0";""
"202400015065";"155 755 243";"B01";"1";"80";"0";"2";"7";"0";"3";""
"202400015066";"155 755 241";"A01";"1";"33";"0";"0";"0";"0";"1";""
"202400015067";"155 755 240";"A01";"1";"1";"5";"0";"1";"26";"5";""
"202400015068";"155 755 239";"A01";"1";"1";"0";"0";"0";"1";"5";""
"202400015069";"155 755 238";"A01";"1";"7";"4";"0";"1";"1";"1";""
"202400015070";"155 755 235";"B01";"2";"34";"12";"2";"4";"9";"1";""
"202400015070";"155 755 236";"C01";"1";"7";"0";"2";"3";"1";"1";""
"202400015070";"155 755 237";"A01";"2";"7";"0";"2";"1";"21";"1";""
"202400015071";"155 755 232";"A01";"1";"7";"0";"2";"1";"1";"1";""
"202400015071";"155 755 233";"B01";"1";"7";"0";"2";"4";"23";"1";""
"202400015071";"155 755 234";"C01";"1";"32";"0";"2";"4";"1";"1";""
"202400015072";"155 755 231";"A01";"1";"7";"0";"1";"1";"1";"1";""
"202400015073";"155 755 229";"A01";"3";"7";"0";"2";"2";"15";"1";""
"202400015073";"155 755 230";"B01";"3";"30";"0";"2";"3";"1";"1";""
"202400015074";"155 755 228";"A01";"3";"34";"1";"1";"1";"2";"1";""
"202400015075";"155 755 227";"A01";"3";"32";"8";"0";"0";"0";"1";""
"202400015076";"155 755 225";"A01";"1";"10";"0";"2";"5";"21";"1";""
"202400015076";"155 755 226";"B01";"1";"7";"0";"2";"1";"0";"1";""
"202400015077";"155 755 221";"A01";"1";"7";"0";"2";"1";"15";"1";""
"202400015077";"155 755 222";"B01";"2";"32";"0";"2";"8";"1";"1";""
"202400015078";"155 755 220";"A01";"1";"50";"0";"1";"1";"1";"3";""
"202400015079";"155 755 218";"B01";"0";"2";"0";"0";"0";"0";"0";""
"202400015079";"155 755 219";"A01";"0";"7";"0";"0";"2";"15";"1";""
"202400015080";"155 755 216";"B01";"1";"7";"0";"2";"2";"12";"1";""
"202400015080";"155 755 217";"A01";"1";"33";"0";"2";"3";"1";"1";""
"202400015081";"155 755 215";"A01";"3";"7";"0";"1";"3";"0";"0";""
"202400015082";"155 755 213";"B01";"1";"1";"1";"2";"2";"26";"5";""
"202400015082";"155 755 214";"A01";"1";"10";"1";"2";"3";"22";"3";""
"202400015083";"155 755 211";"A01";"1";"7";"0";"2";"2";"8";"1";""
"202400015083";"155 755 212";"B01";"1";"7";"0";"2";"3";"9";"1";""
"202400015084";"155 755 207";"B01";"1";"1";"0";"0";"8";"1";"5";""
"202400015084";"155 755 209";"A01";"1";"7";"0";"2";"2";"16";"1";""
"202400015085";"155 755 206";"B01";"3";"7";"0";"2";"0";"24";"1";""
"202400015085";"155 755 208";"A01";"3";"14";"0";"2";"5";"2";"1";""
"202400015085";"155 755 210";"C01";"3";"50";"0";"2";"0";"21";"3";""