"Num_Acc";"id_vehicule";"num_veh";"senc";"catv";"obs";"obsm";"choc";"manv";"motor";"occutc"
"202400015694";"155 754 135";"B01";"1";"31";"0";"0";"0";"0";"1";""
"202400015694";"155 754 136";"A01";"1";"7";"0";"2";"7";"0";"1";""
"202400015695";"155 754 134";"A01";"2";"36";"8";"0";"9";"13";"1";""
"202400015696";"155 754 132";"A01";"2";"7";"13";"0";"1";"14";"1";""
"202400015697";"155 754 131";"A01";"2";"7";"0";"2";"1";"9";"1";""
"202400015697";"155 754 133";"B01";"2";"7";"0";"0";"2";"1";"1";""
"202400015698";"155 754 129";"A01";"2";"7";"0";"2";"8";"1";"1";""
"202400015698";"155 754 130";"B01";"3";"1";"0";"2";"2";"19";"5";""
"202400015699";"155 754 127";"A01";"1";"7";"6";"0";"1";"0";"1";""
"202400015700";"155 754 125";"A01";"2";"50";"1";"0";"0";"1";"3";""
"202400015701";"155 754 122";"A01";"2";"33";"15";"0";"0";"14";"1";""
"202400015702";"155 754 123";"C01";"2";"7";"0";"2";"4";"2";"1";""
"202400015702";"155 754 124";"B01";"2";"7";"0";"2";"4";"2";"1";""
"202400015702";"155 754 126";"A01";"2";"7";"0";"2";"1";"2";"1";""
"202400015703";"155 754 119";"A01";"1";"7";"0";"9";"2";"1";"1";""
"202400015703";"155 754 121";"B01";"3";"1";"0";"2";"2";"5";"5";""
"202400015704";"155 754 118";"B01";"1";"7";"0";"2";"6";"2";"1";""
"202400015704";"155 754 120";"A01";"1";"7";"0";"2";"1";"2";"1";""
"202400015705";"155 754 117";"A01";"0";"7";"13";"0";"9";"0";"1";""
"202400015706";"155 754 116";"A01";"2";"33";"3";"0";"0";"17";"1";""
"202400015707";"155 754 114";"A01";"1";"33";"6";"0";"8";"1";"1";""
"202400015708";"155 754 113";"A01";"1";"7";"0";"2";"7";"1";"1";""
"202400015708";"155 754 115";"B01";"1";"31";"0";"2";"7";"16";"1";""
"202400015709";"155 754 111";"A01";"1";"7";"0";"2";"1";"2";"1";""
"202400015709";"155 754 112";"B01";"1";"7";"0";"2";"4";"0";"1";""
"202400015710";"155 754 110";"A01";"1";"33";"4";"0";"3";"17";"1";""
"202400015711";"155 754 108";"B01";"3";"7";"0";"2";"3";"13";"0";""
"202400015711";"155 754 109";"A01";"3";"30";"0";"2";"2";"17";"0";""
"202400015712";"155 754 107";"A01";"2";"7";"8";"0";"1";"0";"1";""
"202400015713";"155 754 104";"A01";"1";"7";"0";"0";"0";"12";"1";""
"202400015713";"155 754 105";"B01";"1";"33";"0";"2";"0";"1";"1";""
"202400015714";"155 754 103";"B01";"1";"7";"0";"2";"3";"1";"1";""
"202400015714";"155 754 106";"A01";"3";"50";"0";"2";"7";"19";"3";""
"202400015715";"155 754 101";"A01";"1";"7";"0";"9";"3";"19";"1";""
"202400015715";"155 754 102";"B01";"2";"2";"0";"2";"1";"1";"1";""
"202400015716";"155 754 099";"A01";"2";"7";"1";"2";"8";"9";"1";""
"202400015716";"155 754 100";"B01";"3";"7";"1";"2";"7";"1";"1";""
"202400015717";"155 754 097";"A01";"2";"50";"0";"2";"3";"5";"3";""
"202400015717";"155 754 098";"B01";"2";"7";"0";"2";"3";"16";"1";""
"202400015718";"155 754 094";"B01";"1";"1";"0";"2";"7";"1";"5";""
"202400015718";"155 754 096";"A01";"3";"7";"0";"2";"1";"9";"2";""
"202400015719";"155 754 093";"B01";"2";"2";"0";"2";"2";"1";"1";""
"202400015719";"155 754 095";"A01";"2";"7";"0";"2";"3";"20";"1";""
"202400015720";"155 754 092";"A01";"1";"7";"0";"1";"1";"17";"1";""
"202400015721";"155 754 090";"A01";"2";"7";"0";"1";"2";"1";"1";""
"202400015722";"155 754 091";"A01";"1";"7";"0";"1";"3";"15";"1";""
"202400015723";"155 754 088";"A01";"1";"7";"0";"2";"1";"1";"1";""
"202400015723";"155 754 089";"B01";"1";"7";"0";"2";"8";"15";"1";""
"202400015724";"155 754 085";"B01";"1";"7";"0";"2";"2";"2";"1";""
"202400015724";"155 754 086";"A01";"1";"30";"0";"2";"1";"1";"1";""
"202400015725";"155 754 087";"A01";"3";"7";"0";"1";"4";"20";"1";""
"202400015726";"155 754 084";"A01";"1";"50";"0";"0";"8";"1";"3";""
"202400015727";"155 754 082";"B01";"2";"2";"0";"2";"1";"1";"1";""
"202400015727";"155 754 083";"A01";"2";"7";"0";"9";"7";"14";"1";""
"202400015728";"155 754 079";"A01";"3";"7";"0";"2";"0";"15";"1";""
"202400015728";"155 754 080";"B01";"3";"1";"0";"2";"0";"1";"5";""
"202400015729";"155 754 081";"A01";"2";"7";"8";"0";"3";"1";"1";""
"202400015730";"155 754 077";"A01";"1";"33";"0";"2";"7";"1";"1";""
"202400015730";"155 754 078";"B01";"1";"7";"0";"2";"3";"11";"0";""
"202400015731";"155 754 075";"A01";"1";"7";"0";"1";"1";"1";"1";""
"202400015732";"155 754 072";"A01";"2";"10";"0";"2";"3";"1";"1";""
"202400015732";"155 754 073";"B01";"1";"7";"0";"2";"1";"15";"1";""
"202400015733";"155 754 074";"A01";"2";"7";"0";"2";"1";"15";"1";""
"202400015733";"155 754 076";"B01";"1";"1";"0";"2";"3";"1";"5";""
"202400015734";"155 754 070";"A01";"2";"7";"0";"2";"2";"1";"1";""
"202400015734";"155 754 071";"B01";"1";"50";"0";"2";"1";"1";"3";""
"202400015735";"155 754 068";"A01";"2";"7";"0";"1";"1";"1";"1";""
"202400015736";"155 754 067";"B01";"2";"33";"0";"2";"7";"1";"1";""
"202400015736";"155 754 069";"A01";"2";"10";"0";"2";"2";"9";"1";""
"202400015737";"155 754 065";"B01";"1";"34";"0";"2";"0";"0";"1";""
"202400015737";"155 754 066";"A01";"3";"2";"0";"2";"3";"9";"1";""
"202400015738";"155 754 063";"A01";"2";"50";"0";"2";"1";"2";"3";""
"202400015738";"155 754 064";"B01";"2";"7";"0";"2";"4";"2";"1";""
"202400015739";"155 754 060";"A01";"1";"7";"0";"2";"8";"0";"1";""
"202400015739";"155 754 061";"B01";"1";"7";"0";"2";"6";"1";"1";""
"202400015739";"155 754 062";"C01";"1";"7";"14";"0";"3";"0";"1";""
"202400015740";"155 754 058";"B01";"1";"2";"0";"2";"4";"1";"1";""
"202400015740";"155 754 059";"Z01";"1";"7";"0";"9";"1";"1";"1";""
"202400015741";"155 754 057";"A01";"1";"50";"0";"1";"1";"1";"3";""
"202400015742";"155 754 055";"A01";"1";"2";"0";"2";"7";"1";"1";""
"202400015742";"155 754 056";"B01";"2";"7";"0";"2";"2";"1";"1";""
"202400015743";"155 754 052";"A01";"1";"7";"0";"2";"0";"0";"1";""
"202400015743";"155 754 053";"C01";"2";"7";"0";"2";"0";"0";"1";""
"202400015743";"155 754 054";"B01";"2";"7";"0";"2";"0";"0";"1";""
"202400015744";"155 754 050";"A01";"2";"7";"0";"2";"3";"13";"2";""
"202400015744";"155 754 051";"B01";"2";"7";"0";"2";"5";"1";"1";""
"202400015745";"155 754 049";"A01";"2";"7";"3";"0";"9";"0";"1";""
"202400015746";"155 754 048";"A01";"2";"10";"6";"0";"1";"21";"1";""
"202400015747";"155 754 046";"A01";"3";"7";"0";"2";"8";"15";"1";""
"202400015747";"155 754 047";"B01";"3";"33";"0";"2";"7";"17";"1";""
"202400015748";"155 754 044";"B01";"2";"80";"0";"2";"7";"2";"3";""
"202400015748";"155 754 045";"A01";"2";"30";"0";"2";"1";"9";"3";""
"202400015749";"155 754 041";"B01";"2";"7";"0";"2";"3";"1";"1";""
"202400015749";"155 754 042";"C01";"2";"7";"1";"2";"3";"1";"1";""
"202400015749";"155 754 043";"A01";"1";"7";"0";"2";"8";"13";"1";""
"202400015750";"155 754 039";"A01";"1";"10";"0";"2";"3";"1";"1";""
"202400015750";"155 754 040";"B01";"2";"10";"0";"2";"3";"13";"1";""
"202400015751";"155 754 038";"A01";"1";"10";"3";"0";"1";"26";"1";""
"202400015752";"155 754 037";"A01";"2";"1";"0";"0";"0";"1";"5";""
"202400015753";"155 754 035";"A01";"1";"3";"0";"2";"2";"15";"1";""
"202400015753";"155 754 036";"B01";"1";"1";"0";"2";"1";"1";"5";""
"202400015754";"155 754 033";"B01";"2";"50";"0";"2";"1";"1";"3";""
"202400015754";"155 754 034";"A01";"1";"7";"0";"2";"3";"16";"2";""
"202400015755";"155 754 032";"A01";"2";"2";"12";"0";"1";"1";"1";""
"202400015756";"155 754 030";"A01";"0";"7";"0";"2";"7";"16";"1";""
"202400015756";"155 754 031";"B01";"0";"37";"0";"2";"2";"1";"0";"3"
"202400015757";"155 754 029";"A01";"2";"34";"0";"1";"1";"1";"1";""
"202400015758";"155 754 027";"A01";"1";"7";"0";"2";"1";"15";"6";""
"202400015758";"155 754 028";"B01";"1";"7";"0";"2";"1";"1";"6";""
"202400015759";"155 754 026";"A01";"1";"10";"0";"1";"0";"0";"1";""
"202400015760";"155 754 025";"A01";"2";"80";"0";"0";"7";"1";"3";""
"202400015761";"155 754 024";"A01";"1";"7";"0";"1";"2";"1";"1";""
"202400015762";"155 754 023";"A01";"1";"7";"6";"2";"1";"14";"1";""
"202400015763";"155 754 018";"A01";"0";"33";"0";"2";"3";"17";"1";""
"202400015763";"155 754 019";"B01";"3";"7";"0";"2";"3";"15";"1";""
"202400015764";"155 754 016";"A01";"1";"7";"0";"2";"3";"3";"1";""
"202400015764";"155 754 017";"B01";"1";"32";"0";"2";"2";"1";"1";""
"202400015765";"155 754 014";"A01";"3";"7";"0";"2";"3";"15";"1";""
"202400015765";"155 754 015";"B01";"3";"32";"0";"2";"1";"1";"1";""
"202400015766";"155 754 012";"B01";"3";"7";"0";"2";"5";"12";"1";""
"202400015766";"155 754 013";"A01";"3";"7";"0";"2";"3";"1";"1";""
"202400015767";"155 754 011";"A01";"3";"7";"0";"1";"2";"1";"1";""
"202400015768";"155 754 009";"A01";"2";"7";"0";"2";"1";"1";"1";""
"202400015768";"155 754 010";"B01";"1";"7";"0";"2";"7";"15";"1";""
"202400015769";"155 754 008";"A01";"2";"32";"0";"1";"3";"12";"1";""
"202400015770";"155 754 006";"B01";"1";"7";"0";"2";"1";"1";"2";""
"202400015770";"155 754 007";"A01";"2";"7";"0";"2";"5";"10";"1";""
"202400015771";"155 754 005";"A01";"1";"7";"0";"1";"1";"1";"2";""
"202400015772";"155 754 003";"A01";"1";"7";"0";"2";"5";"16";"1";""
"202400015772";"155 754 004";"B01";"2";"1";"0";"2";"2";"1";"5";""
"202400015773";"155 754 002";"A01";"1";"7";"3";"9";"1";"13";"1";""
"202400015774";"155 754 001";"A01";"1";"7";"0";"1";"1";"1";"1";""
"202400015775";"155 754 000";"A01";"1";"10";"0";"1";"2";"16";"1";""
"202400015776";"155 753 997";"C01";"2";"33";"10";"0";"8";"24";"1";""
"202400015776";"155 753 998";"B01";"2";"7";"0";"2";"4";"2";"1";""
"202400015776";"155 753 999";"A01";"2";"7";"0";"2";"1";"1";"1";""
"202400015777";"155 753 995";"A01";"2";"2";"0";"2";"1";"1";"1";""
"202400015777";"155 753 996";"B01";"2";"2";"0";"2";"4";"1";"1";""
"202400015778";"155 753 993";"A01";"1";"7";"0";"2";"4";"14";"0";""
"202400015778";"155 753 994";"B01";"1";"37";"0";"2";"4";"23";" -1";"1"
"202400015779";"155 753 991";"B01";"3";"2";"0";"2";"1";"0";"1";""
"202400015779";"155 753 992";"A01";"0";"7";"0";"2";"3";"19";"1";""
"202400015780";"155 753 989";"A01";"2";"7";"0";"2";"3";"1";"1";""
"202400015780";"155 753 990";"B01";"2";"50";"0";"2";"1";"1";"3";""
"202400015781";"155 753 988";"A01";"2";"7";"1";"0";"8";"1";"1";""
"202400015782";"155 753 986";"B01";"0";"1";"0";"2";"4";"1";"5";""
"202400015782";"155 753 987";"A01";"0";"10";"0";"2";"2";"2";"1";""
"202400015783";"155 753 985";"A01";"1";"10";"10";"0";"1";"26";"0";""
"202400015784";"155 753 984";"A01";"3";"0";"0";"1";"7";"26";"0";""
"202400015785";"155 753 982";"A01";"1";"7";"0";"1";"2";"1";"0";""
"202400015786";"155 753 981";"A01";"1";"30";"0";"2";"1";"1";"1";""
"202400015786";"155 753 983";"B01";"1";"7";"0";"2";"4";"1";"1";""
"202400015787";"155 753 979";"B01";"1";"1";"1";"0";"1";"1";"5";""
"202400015787";"155 753 980";"A01";"1";"7";"0";"2";"8";"22";"1";""
"202400015788";"155 753 978";"A01";"2";"7";"3";"0";"7";"14";"1";""
"202400015789";"155 753 975";"A01";"2";"32";"0";"2";"1";"17";"1";""
"202400015789";"155 753 977";"B01";"2";"7";"0";"2";"0";"15";"1";""
"202400015790";"155 753 970";"A01";"1";"7";"0";"2";"1";"1";"1";""
"202400015790";"155 753 972";"B01";"1";"7";"0";"2";"1";"1";"1";""
"202400015790";"155 753 974";"C01";"1";"7";"0";"2";"1";"1";"1";""
"202400015790";"155 753 976";"D01";"1";"7";"0";"2";"4";"1";"3";""
"202400015791";"155 753 968";"A01";"3";"2";"0";"2";"8";"1";"1";""
"202400015791";"155 753 971";"B01";"3";"7";"0";"2";"0";"15";"0";""
"202400015792";"155 753 967";"A01";"1";"10";"0";"1";"1";"1";"1";""
"202400015793";"155 753 969";"B01";"2";"33";"0";"0";"5";"26";"1";""
"202400015793";"155 753 973";"A01";"2";"7";"0";"2";"1";"26";"1";""
"202400015794";"155 753 966";"A01";"2";"1";"0";"0";"0";"1";"5";""
"202400015795";"155 753 965";"A01";"1";"50";"0";"1";"1";"1";"3";""
"202400015796";"155 753 964";"A01";"1";"2";"0";"0";"0";"1";"1";""
"202400015797";"155 753 962";"A01";"2";"7";"0";"2";"1";"1";"1";""
"202400015797";"155 753 963";"B01";"2";"7";"0";"2";"6";"1";"1";""
"202400015798";"155 753 961";"A01";"1";"7";"0";"1";"1";"1";"1";""
"202400015799";"155 753 959";"B01";"1";"7";"0";"2";"4";"23";"1";""
"202400015799";"155 753 960";"A01";"1";"33";"0";"2";"1";"1";"1";""
"202400015800";"155 753 955";"A01";"1";"7";"0";"2";"2";"16";"0";""
"202400015800";"155 753 957";"B01";"1";"50";"0";"2";"1";"1";"3";""
"202400015801";"155 753 956";"B01";"2";"10";"0";"0";"3";"1";"1";""
"202400015801";"155 753 958";"A01";"1";"7";"0";"0";"1";"13";"1";""
"202400015802";"155 753 953";"A01";"2";"7";"0";"2";"2";"1";"1";""
"202400015802";"155 753 954";"B01";"2";"7";"0";"2";"0";"24";"1";""
"202400015803";"155 753 952";"A01";"1";"7";"0";"1";"4";"1";"1";""
"202400015804";"155 753 951";"A01";"1";"10";"13";"0";"1";"2";"1";""
"202400015805";"155 753 950";"A01";"1";"7";"6";"0";"1";"6";"1";""
"202400015806";"155 753 948";"A01";"3";"2";"0";"0";"0";"13";"1";""
"202400015807";"155 753 947";"B01";"1";"7";"0";"2";"1";"1";"1";""
"202400015807";"155 753 949";"A01";"1";"10";"0";"0";"8";"15";"1";""
"202400015808";"155 753 944";"A01";"3";"7";"0";"1";"1";"2";"1";""
"202400015809";"155 753 939";"A01";"1";"7";"0";"2";"2";"15";"1";""
"202400015809";"155 753 942";"B01";"2";"33";"0";"2";"1";"1";"1";""
"202400015810";"155 753 941";"A01";"2";"33";"0";"2";"1";"2";"1";""
"202400015810";"155 753 943";"B01";"2";"10";"0";"2";"5";"1";"1";""
"202400015811";"155 753 938";"A01";"1";"7";"0";"2";"8";"1";"1";""
"202400015811";"155 753 940";"B01";"2";"38";"0";"2";"3";"21";"1";"1"
"202400015812";"155 753 933";"A01";"1";"7";"17";"6";"1";"1";"1";""
"202400015813";"155 753 931";"A01";"2";"7";"0";"1";"1";"1";"1";""
"202400015814";"155 753 932";"A01";"2";"7";"0";"2";"6";"11";"1";""
"202400015814";"155 753 936";"B01";"2";"33";"0";"2";"2";"1";"1";""
"202400015815";"155 753 927";"B01";"1";"1";"0";"0";"8";"1";"5";""
"202400015815";"155 753 929";"A01";"1";"7";"0";"2";"2";"1";"0";""
"202400015816";"155 753 925";"A01";"3";"50";"0";"2";"0";"0";"3";""
"202400015816";"155 753 926";"B01";"3";"7";"0";"2";"0";"0";"1";""
"202400015817";"155 753 924";"A01";"1";"10";"0";"1";"2";"0";"3";""
"202400015818";"155 753 923";"A01";"3";"7";"13";"0";"3";"13";"1";""
"202400015819";"155 753 921";"A01";"1";"7";"3";"0";"0";"1";"1";""
"202400015820";"155 753 918";"A01";"1";"7";"0";"2";"1";"1";"1";""
"202400015820";"155 753 920";"B01";"1";"7";"0";"2";"1";"9";"1";""
"202400015821";"155 753 917";"A01";"1";"7";"8";"0";"1";"1";"1";""
"202400015822";"155 753 912";"A01";"1";"2";"1";"0";"5";"2";"1";""
"202400015822";"155 753 914";"B01";"1";"10";"0";"2";"5";"23";"1";""
"202400015823";"155 753 911";"B01";"2";"7";"0";"2";"8";"15";"1";""
"202400015823";"155 753 913";"A01";"1";"33";"0";"2";"6";"17";"1";""
"202400015824";"155 753 910";"B01";"2";"7";"4";"0";"9";"0";"1";""
"202400015824";"155 753 915";"A01";"2";"17";"4";"0";"3";"6";"1";""
"202400015824";"155 753 916";"D01";"1";"7";"0";"0";"8";"0";"1";""
"202400015824";"155 753 919";"E01";"1";"10";"0";"0";"8";"0";"1";""
"202400015824";"155 753 922";"C01";"1";"7";"0";"0";"8";"0";"2";""
"202400015825";"155 753 907";"B01";"3";"31";"0";"0";"0";"0";"0";""
"202400015825";"155 753 908";"A01";"1";"10";"0";"0";"0";"0";"0";""
"202400015826";"155 753 906";"B01";"2";"2";"0";"2";"7";"1";"1";""
"202400015826";"155 753 909";"A01";"2";"7";"0";"2";"1";"1";"1";""
"202400015827";"155 753 905";"A01";"1";"10";"0";"1";"8";"26";"1";""
"202400015828";"155 753 901";"B01";"1";"7";"0";"9";"2";"1";"1";""
"202400015828";"155 753 904";"A01";"2";"1";"0";"2";"1";"19";"5";""
"202400015829";"155 753 899";"A01";"3";"33";"0";"2";"1";"18";"1";""
"202400015829";"155 753 902";"B01";"1";"10";"0";"0";"2";"16";"1";""
"202400015830";"155 753 900";"A01";"1";"7";"0";"2";"1";"19";"1";""
"202400015830";"155 753 903";"B01";"1";"7";"0";"2";"7";"1";"1";""
"202400015831";"155 753 896";"A01";"3";"7";"0";"2";"3";"9";"2";""
"202400015831";"155 753 898";"B01";"3";"1";"0";"2";"7";"1";"5";""
"202400015832";"155 753 894";"A01";"1";"7";"0";"2";"8";"9";"1";""
"202400015832";"155 753 897";"B01";"1";"7";"0";"2";"5";"1";"1";""
"202400015833";"155 753 893";"A01";"1";"7";"0";"0";"4";"2";"1";""
"202400015833";"155 753 895";"B01";"1";"7";"0";"2";"1";"2";"1";""
"202400015834";"155 753 890";"A01";"2";"7";"0";"2";"1";"2";"1";""
"202400015834";"155 753 892";"B01";"2";"7";"0";"2";"4";"1";"1";""
"202400015835";"155 753 889";"A01";"2";"1";"0";"2";"3";"15";"5";""
"202400015835";"155 753 891";"B01";"2";"7";"0";"2";"2";"1";"1";""
"202400015836";"155 753 888";"A01";"2";"7";"2";"0";"1";"1";"1";""
"202400015837";"155 753 885";"A01";"1";"7";"0";"2";"3";"9";"1";""
"202400015837";"155 753 887";"B01";"2";"50";"0";"2";"1";"1";"3";""
"202400015838";"155 753 884";"B01";"2";"30";"0";"2";"1";"1";"1";""
"202400015838";"155 753 886";"A01";"2";"7";"0";"2";"3";"10";"1";""
"202400015839";"155 753 880";"A01";"1";"7";"0";"2";"8";"1";"1";""
"202400015839";"155 753 882";"B01";"2";"50";"0";"2";"1";"25";"3";""
"202400015840";"155 753 881";"A01";"3";"33";"0";"0";"8";"1";"1";""
"202400015840";"155 753 883";"B01";"3";"7";"0";"2";"8";"15";"1";""
"202400015841";"155 753 877";"A01";"1";"7";"6";"0";"1";"1";"1";""
"202400015842";"155 753 878";"B01";"0";"7";"0";"2";"1";"0";"1";""
"202400015842";"155 753 879";"A01";"0";"34";"8";"2";"8";"1";"1";""
"202400015843";"155 753 873";"B01";"2";"10";"0";"2";"4";"23";"1";""
"202400015843";"155 753 875";"A01";"2";"30";"1";"0";"1";"1";"1";""
"202400015844";"155 753 874";"A01";"2";"2";"0";"2";"1";"1";"1";""
"202400015844";"155 753 876";"B01";"2";"7";"0";"0";"7";"1";"1";""
"202400015845";"155 753 869";"A01";"3";"7";"0";"2";"1";"5";"1";""
"202400015845";"155 753 872";"B01";"3";"7";"0";"2";"2";"15";"1";""
"202400015846";"155 753 868";"A01";"3";"1";"0";"0";"0";"1";"5";""
"202400015847";"155 753 866";"B01";"1";"33";"0";"2";"3";"1";"1";""
"202400015847";"155 753 870";"A01";"2";"80";"0";"2";"8";"15";"3";""
"202400015848";"155 753 863";"C01";"2";"7";"0";"2";"1";"10";"0";""
"202400015848";"155 753 865";"A01";"2";"33";"0";"2";"1";"0";"1";""
"202400015848";"155 753 867";"B01";"2";"33";"0";"2";"1";"0";"1";""
"202400015849";"155 753 860";"A01";"1";"7";"8";"2";"2";"1";"1";""
"202400015849";"155 753 862";"B01";"1";"10";"0";"2";"3";"1";"1";""
"202400015849";"155 753 864";"C01";"1";"10";"0";"2";"3";"1";"1";""
"202400015850";"155 753 859";"B01";"0";"33";"0";"2";"2";"16";"1";""
"202400015850";"155 753 861";"A01";"0";"7";"0";"2";"6";"1";"1";""
"202400015851";"155 753 858";"A01";"2";"7";"0";"1";"3";"1";"1";""
"202400015852";"155 753 854";"B01";"0";"7";"0";"2";"2";"1";"1";""
"202400015852";"155 753 857";"A01";"0";"10";"0";"2";"3";"1";"1";""
"202400015853";"155 753 853";"A01";"1";"33";"0";"2";"1";"3";"1";""
"202400015853";"155 753 855";"B01";"1";"7";"0";"2";"3";"13";"1";""
"202400015853";"155 753 856";"C01";"1";"7";"0";"2";"5";"1";"1";""
"202400015854";"155 753 848";"B01";"2";"33";"0";"2";"1";"1";"1";""
"202400015854";"155 753 851";"A01";"2";"7";"0";"2";"8";"15";"1";""
"202400015855";"155 753 850";"A01";"3";"7";"0";"2";"2";"15";"1";""
"202400015855";"155 753 852";"B01";"3";"33";"0";"2";"1";"1";"1";""
"202400015856";"155 753 847";"B01";"1";"80";"0";"2";"8";"1";"3";""
"202400015856";"155 753 849";"A01";"1";"7";"0";"2";"2";"16";"1";""
"202400015857";"155 753 846";"A01";"3";"7";"7";"0";"9";"26";"1";""
"202400015858";"155 753 844";"A01";"2";"10";"0";"2";"5";"15";"1";""
"202400015858";"155 753 845";"B01";"1";"33";"0";"2";"1";"1";"1";""
"202400015859";"155 753 839";"A01";"1";"7";"0";"2";"2";"1";"1";""
"202400015859";"155 753 841";"C01";"1";"10";"0";"2";"4";"23";"1";""
"202400015859";"155 753 843";"B01";"1";"7";"0";"2";"4";"23";"1";""
"202400015860";"155 753 838";"B01";"1";"33";"0";"2";"0";"0";"1";""
"202400015860";"155 753 840";"C01";"2";"10";"0";"2";"1";"0";"1";""
"202400015860";"155 753 842";"A01";"1";"7";"1";"0";"7";"26";"1";""
"202400015861";"155 753 835";"A01";"0";"7";"0";"0";"3";"26";"1";""
"202400015862";"155 753 834";"A01";"2";"7";"0";"2";"1";"1";"1";""
"202400015862";"155 753 836";"B01";"2";"7";"0";"2";"4";"1";"1";""
"202400015863";"155 753 833";"A01";"1";"2";"0";"2";"5";"17";"1";""
"202400015863";"155 753 837";"B01";"1";"7";"0";"2";"3";"1";"1";""
"202400015864";"155 753 831";"A01";"1";"7";"0";"2";"3";"15";"2";""
"202400015864";"155 753 832";"B01";"1";"1";"0";"2";"7";"15";"5";""
"202400015865";"155 753 828";"A01";"3";"7";"0";"2";"3";"0";"2";""
"202400015865";"155 753 830";"B01";"3";"7";"0";"2";"7";"0";"1";""
"202400015866";"155 753 827";"A01";"1";"30";"0";"0";"1";"0";"1";""
"202400015867";"155 753 825";"A01";"1";"7";"0";"1";"2";"2";"1";""
"202400015868";"155 753 823";"A01";"2";"10";"0";"2";"3";"1";"1";""
"202400015868";"155 753 826";"B01";"1";"7";"0";"2";"1";"1";"1";""
"202400015869";"155 753 822";"B01";"1";"2";"0";"2";"8";"1";"1";""
"202400015869";"155 753 824";"A01";"2";"7";"0";"2";"1";"19";"1";""
"202400015870";"155 753 821";"Z01";"2";"7";"1";"0";"0";"20";"1";""
"202400015871";"155 753 820";"A01";"3";"2";"0";"0";"7";"1";"1";""
"202400015872";"155 753 817";"A01";"1";"7";"0";"2";"2";"2";"2";""
"202400015872";"155 753 818";"B01";"1";"7";"0";"2";"6";"1";"1";""
"202400015873";"155 753 816";"B01";"2";"7";"0";"2";"6";"19";"1";""
"202400015873";"155 753 819";"A01";"2";"7";"0";"2";"1";"1";"1";""
"202400015874";"155 753 814";"B01";"2";"33";"0";"2";"1";"2";"1";""
"202400015874";"155 753 815";"A01";"2";"7";"0";"2";"4";"2";"1";""
"202400015875";"155 753 813";"A01";"1";"7";"4";"0";"1";"1";"1";""
"202400015876";"155 753 811";"A01";"1";"34";"0";"2";"1";"1";"1";""
"202400015876";"155 753 812";"B01";"2";"1";"0";"2";"1";"1";"5";""
"202400015877";"155 753 810";"A01";"2";"10";"0";"2";"7";"1";"1";""
"202400015878";"155 753 805";"B01";"1";"7";"0";"2";"4";"2";"1";""
"202400015878";"155 753 806";"D01";"1";"33";"0";"2";"1";"1";"1";""
"202400015878";"155 753 808";"A01";"1";"33";"0";"2";"1";"2";"1";""
"202400015878";"155 753 809";"C01";"1";"7";"0";"2";"1";"1";"2";""
"202400015879";"155 753 803";"A01";"3";"37";"0";"2";"1";"1";"3";"4"
"202400015879";"155 753 807";"B01";"3";"7";"0";"2";"7";"1";"1";""
"202400015880";"155 753 802";"A01";"1";"31";"7";"0";"2";"2";"1";""
"202400015881";"155 753 800";"A01";"2";"33";"0";"2";"1";"1";"1";""
"202400015881";"155 753 801";"B01";"2";"7";"0";"2";"4";"1";"1";""
"202400015881";"155 753 804";"C01";"2";"7";"0";"2";"4";"1";"1";""
"202400015882";"155 753 797";"A01";"3";"7";"0";"2";"1";"1";"1";""
"202400015882";"155 753 799";"B01";"3";"1";"0";"2";"1";"0";"5";""
"202400015883";"155 753 798";"A01";"3";"7";"0";"1";"1";"15";"1";""
"202400015884";"155 753 794";"A01";"2";"7";"0";"1";"3";"1";"2";""
"202400015885";"155 753 791";"A01";"3";"33";"0";"2";"1";"1";"1";""
"202400015885";"155 753 793";"B01";"3";"7";"0";"2";"4";"1";"2";""
"202400015886";"155 753 792";"A01";"2";"10";"0";"2";"1";"2";"1";""
"202400015886";"155 753 795";"B01";"2";"7";"0";"2";"4";"2";"1";""
"202400015886";"155 753 796";"C01";"2";"7";"0";"2";"4";"2";"1";""
"202400015887";"155 753 789";"A01";"2";"7";"0";"2";"1";"2";"2";""
"202400015887";"155 753 790";"B01";"2";"10";"0";"2";"4";"2";"1";""
"202400015888";"155 753 786";"B01";"1";"1";"0";"2";"1";"17";"5";""
"202400015888";"155 753 787";"A01";"1";"7";"0";"2";"8";"22";"2";""
"202400015889";"155 753 784";"A01";"1";"33";"12";"0";"1";"21";"1";""
"202400015890";"155 753 783";"C01";"1";"7";"0";"2";"4";"2";"1";""
"202400015890";"155 753 785";"A01";"1";"10";"0";"2";"1";"2";"1";""
"202400015890";"155 753 788";"B01";"1";"7";"0";"0";"4";"2";"2";""
"202400015891";"155 753 779";"A01";"1";"7";"0";"2";"3";"16";"2";""
"202400015891";"155 753 781";"B01";"2";"1";"0";"2";"1";"1";"5";""
"202400015892";"155 753 778";"C01";"2";"7";"0";"2";"3";"22";"1";""
"202400015892";"155 753 780";"A01";"2";"33";"1";"2";"7";"18";"1";""
"202400015892";"155 753 782";"B01";"2";"10";"0";"2";"2";"1";"1";""
"202400015893";"155 753 776";"A01";"2";"7";"0";"2";"6";"11";"1";""