"Num_Acc";"id_vehicule";"num_veh";"senc";"catv";"obs";"obsm";"choc";"manv";"motor";"occutc"
"202400015893";"155 753 777";"B01";"2";"33";"0";"2";"2";"1";"1";""
"202400015894";"155 753 773";"Z01";"2";"32";"0";"9";"1";"26";"0";""
"202400015894";"155 753 775";"B01";"3";"1";"0";"2";"8";"9";"5";""
"202400015895";"155 753 772";"A01";"2";"7";"4";"0";"3";"13";"1";""
"202400015896";"155 753 771";"B01";"2";"80";"0";"2";"1";"1";"3";""
"202400015896";"155 753 774";"A01";"1";"10";"0";"9";"0";"0";"0";""
"202400015897";"155 753 766";"A01";"1";"7";"0";"2";"5";"16";"1";""
"202400015897";"155 753 769";"B01";"1";"1";"0";"2";"2";"16";"5";""
"202400015898";"155 753 767";"A01";"1";"7";"0";"2";"4";"24";"1";""
"202400015898";"155 753 770";"B01";"1";"50";"1";"0";"1";"1";"3";""
"202400015899";"155 753 762";"A01";"2";"7";"0";"2";"2";"12";"1";""
"202400015899";"155 753 764";"B01";"2";"34";"0";"2";"3";"2";"1";""
"202400015899";"155 753 765";"C01";"2";"7";"0";"2";"4";"1";"2";""
"202400015899";"155 753 768";"D01";"2";"7";"0";"2";"4";"1";"2";""
"202400015900";"155 753 759";"A01";"1";"2";"0";"2";"1";"9";"1";""
"202400015900";"155 753 761";"F01";"1";"7";"0";"0";"7";"17";"0";""
"202400015901";"155 753 760";"A01";"1";"1";"0";"0";"0";"1";"5";""
"202400015902";"155 753 758";"B01";"1";"7";"0";"0";"5";"2";"1";""
"202400015902";"155 753 763";"A01";"1";"7";"0";"2";"1";"2";"1";""
"202400015903";"155 753 755";"A01";"1";"31";"0";"0";"8";"26";"1";""
"202400015904";"155 753 754";"B01";"2";"7";"0";"2";"4";"2";"1";""
"202400015904";"155 753 757";"A01";"2";"7";"0";"2";"1";"2";"1";""
"202400015905";"155 753 752";"B01";"2";"33";"0";"2";"1";"26";"1";""
"202400015905";"155 753 756";"A01";"3";"7";"0";"2";"8";"26";"1";""
"202400015906";"155 753 751";"Z01";"3";"10";"0";"2";"2";"1";"0";""
"202400015906";"155 753 753";"B01";"3";"7";"0";"2";"3";"1";"1";""
"202400015907";"155 753 748";"A01";"1";"33";"0";"0";"0";"0";"1";""
"202400015908";"155 753 750";"A01";"1";"7";"3";"0";"1";"1";"1";""
"202400015909";"155 753 747";"A01";"2";"31";"0";"2";"1";"1";"3";""
"202400015909";"155 753 749";"B01";"2";"7";"0";"2";"4";"1";"1";""
"202400015910";"155 753 745";"A01";"2";"7";"4";"0";"1";"16";"1";""
"202400015911";"155 753 743";"B01";"2";"7";"0";"2";"0";"0";"1";""
"202400015911";"155 753 746";"A01";"1";"7";"0";"2";"0";"0";"2";""
"202400015912";"155 753 741";"A01";"2";"7";"4";"0";"1";"2";"1";""
"202400015913";"155 753 739";"A01";"1";"7";"6";"2";"7";"19";"1";""
"202400015913";"155 753 744";"B01";"2";"7";"0";"2";"1";"1";"1";""
"202400015914";"155 753 740";"B01";"2";"33";"0";"9";"1";"1";"1";""
"202400015914";"155 753 742";"A01";"1";"80";"0";"2";"7";"1";"3";""
"202400015915";"155 753 738";"A01";"1";"37";"1";"1";"7";"11";"1";"1"
"202400015916";"155 753 735";"A01";"2";"17";"0";"2";"1";"9";"1";""
"202400015916";"155 753 737";"B01";"2";"17";"0";"2";"4";"0";"1";""
"202400015917";"155 753 733";"A01";"2";"99";"0";"2";"6";"23";"1";""
"202400015917";"155 753 734";"Z01";"2";"10";"0";"2";"1";"1";"1";""
"202400015918";"155 753 732";"B01";"1";"50";"0";"2";"7";"1";"3";""
"202400015918";"155 753 736";"A01";"1";"7";"0";"2";"0";"0";"0";""
"202400015919";"155 753 728";"A01";"2";"7";"0";"2";"2";"26";"2";""
"202400015919";"155 753 731";"B01";"2";"7";"0";"2";"6";"1";"1";""
"202400015920";"155 753 726";"A01";"1";"30";"0";"2";"3";"15";"1";""
"202400015920";"155 753 729";"B01";"1";"50";"0";"2";"1";"1";"3";""
"202400015921";"155 753 725";"A01";"2";"31";"0";"2";"1";"12";"1";""
"202400015921";"155 753 727";"B01";"2";"33";"0";"2";"4";"1";"1";""
"202400015921";"155 753 730";"C01";"2";"10";"0";"2";"3";"0";"1";""
"202400015922";"155 753 720";"A01";"3";"0";"0";"1";"0";"0";"0";""
"202400015923";"155 753 722";"A01";"1";"32";"0";"2";"3";"21";"1";""
"202400015923";"155 753 723";"C01";"1";"7";"0";"2";"6";"1";"3";""
"202400015923";"155 753 724";"B01";"1";"7";"0";"0";"0";"1";"1";""
"202400015924";"155 753 719";"Z01";"1";"10";"0";"2";"1";"1";"1";""
"202400015924";"155 753 721";"A01";"2";"30";"0";"2";"8";"1";"3";""
"202400015925";"155 753 718";"A01";"3";"7";"6";"0";"1";"0";"0";""
"202400015926";"155 753 716";"A01";"2";"31";"0";"2";"8";"11";"1";""
"202400015926";"155 753 717";"B01";"2";"33";"0";"2";"1";"3";"1";""
"202400015927";"155 753 715";"A01";"0";"32";"0";"0";"0";"1";"1";""
"202400015928";"155 753 713";"B01";"0";"0";"0";"2";"0";"2";"1";""
"202400015928";"155 753 714";"A01";"1";"10";"0";"2";"4";"2";"1";""
"202400015929";"155 753 712";"A01";"3";"10";"0";"1";"1";"1";"0";""
"202400015930";"155 753 710";"A01";"1";"15";"0";"2";"2";"12";"1";""
"202400015930";"155 753 711";"B01";"1";"7";"0";"2";"8";"1";"1";""
"202400015931";"155 753 706";"A01";"1";"7";"4";"0";"1";"26";"1";""
"202400015932";"155 753 704";"A01";"2";"10";"0";"2";"2";"15";"1";""
"202400015932";"155 753 709";"B01";"2";"7";"0";"2";"1";"1";"1";""
"202400015933";"155 753 707";"A01";"3";"7";"0";"2";"3";"1";"1";""
"202400015933";"155 753 708";"B01";"3";"7";"0";"2";"3";"10";"2";""
"202400015934";"155 753 703";"B01";"1";"7";"0";"2";"8";"1";"1";""
"202400015934";"155 753 705";"A01";"2";"38";"0";"2";"3";"13";"1";"46"
"202400015935";"155 753 700";"A01";"2";"10";"4";"0";"3";"26";"1";""
"202400015936";"155 753 698";"B01";"3";"2";"0";"2";"4";"23";"3";""
"202400015936";"155 753 701";"A01";"3";"0";"0";"2";"3";"1";"0";""
"202400015937";"155 753 699";"A01";"1";"7";"15";"0";"1";"1";"1";""
"202400015938";"155 753 697";"B01";"0";"99";"0";"2";"1";"0";"0";""
"202400015938";"155 753 702";"A01";"0";"32";"0";"2";"7";"2";"1";""
"202400015939";"155 753 696";"A01";"2";"7";"0";"0";"0";"1";"1";""
"202400015940";"155 753 693";"A01";"3";"7";"2";"0";"1";"1";"1";""
"202400015941";"155 753 691";"B01";"1";"7";"0";"2";"2";"5";"0";""
"202400015941";"155 753 694";"A01";"2";"7";"0";"2";"1";"0";"0";""
"202400015942";"155 753 690";"A01";"2";"7";"0";"0";"4";"1";"1";""
"202400015942";"155 753 692";"B01";"2";"7";"0";"0";"4";"2";" -1";""
"202400015942";"155 753 695";"C01";"2";"7";"0";"2";"1";"1";"2";""
"202400015943";"155 753 688";"B01";"3";"2";"0";"2";"1";"17";"1";""
"202400015943";"155 753 689";"A01";"3";"3";"0";"2";"6";"15";"1";""
"202400015944";"155 753 687";"A01";"3";"7";"0";"1";"0";"16";"0";""
"202400015945";"155 753 683";"A01";"1";"7";"0";"2";"0";"15";"1";""
"202400015945";"155 753 685";"B01";"2";"1";"0";"2";"0";"5";"5";""
"202400015946";"155 753 684";"A01";"3";"7";"0";"2";"6";"2";"0";""
"202400015946";"155 753 686";"B01";"3";"30";"0";"2";"2";"2";"1";""
"202400015947";"155 753 680";"A01";"2";"7";"0";"2";"1";"2";"1";""
"202400015947";"155 753 681";"B01";"2";"7";"0";"2";"4";"2";"1";""
"202400015948";"155 753 679";"A01";"3";"7";"2";"2";"5";"9";"1";""
"202400015948";"155 753 682";"B01";"3";"7";"0";"2";"3";"0";"1";""
"202400015949";"155 753 674";"A01";"1";"7";"0";"2";"3";"13";"1";""
"202400015949";"155 753 676";"B01";"2";"7";"0";"2";"3";"1";"1";""
"202400015950";"155 753 673";"B01";"1";"7";"0";"2";"1";"1";"1";""
"202400015950";"155 753 677";"A01";"1";"7";"0";"0";"2";"15";" -1";""
"202400015951";"155 753 672";"B01";"1";"7";"0";"2";"1";"2";"1";""
"202400015951";"155 753 675";"A01";"1";"7";"0";"2";"4";"2";"1";""
"202400015952";"155 753 671";"A01";"3";"7";"0";"2";"2";"1";"1";""
"202400015952";"155 753 678";"B01";"0";"7";"0";"2";"1";"1";"1";""
"202400015953";"155 753 670";"A01";"2";"15";"0";"0";"7";"1";"1";""
"202400015954";"155 753 668";"A01";"3";"7";"0";"9";"2";"15";"1";""
"202400015954";"155 753 669";"B01";"3";"33";"0";"2";"1";"0";"1";""
"202400015955";"155 753 666";"A01";"1";"32";"0";"2";"1";"17";"1";""
"202400015956";"155 753 662";"A01";"2";"7";"0";"2";"1";"17";"1";""
"202400015956";"155 753 665";"B01";"1";"7";"0";"2";"1";"1";"1";""
"202400015956";"155 753 667";"C01";"1";"7";"0";"2";"8";"1";"1";""
"202400015957";"155 753 661";"A01";"2";"7";"4";"0";"4";"23";"1";""
"202400015957";"155 753 664";"B01";"2";"7";"0";"2";"1";"1";"1";""
"202400015958";"155 753 660";"A01";"2";"30";"0";"1";"1";"26";"3";""
"202400015959";"155 753 657";"A01";"1";"7";"13";"0";"1";"1";"1";""
"202400015960";"155 753 658";"C01";"2";"10";"0";"2";"4";"23";"1";""
"202400015960";"155 753 659";"A01";"2";"10";"0";"2";"1";"1";"3";""
"202400015960";"155 753 663";"B01";"2";"7";"0";"2";"4";"23";"1";""
"202400015961";"155 753 655";"A01";"1";"7";"0";"1";"0";"1";"1";""
"202400015962";"155 753 653";"A01";"0";"7";"0";"2";"3";"0";"1";""
"202400015962";"155 753 656";"B01";"0";"10";"0";"2";"3";"13";"1";""
"202400015963";"155 753 651";"A01";"1";"14";"0";"2";"3";"13";"1";""
"202400015963";"155 753 654";"B01";"2";"15";"0";"2";"3";"1";"1";""
"202400015964";"155 753 650";"B01";"0";"7";"0";"2";"1";"9";"1";""
"202400015964";"155 753 652";"A01";"0";"7";"0";"2";"3";"1";"2";""
"202400015965";"155 753 648";"A01";"1";"7";"0";"2";"1";"1";"1";""
"202400015965";"155 753 649";"B01";"1";"1";"0";"2";"7";"19";"5";""
"202400015966";"155 753 646";"A01";"1";"7";"8";"0";"1";"14";"1";""
"202400015967";"155 753 645";"A01";"1";"2";"0";"0";"4";"1";"1";""
"202400015967";"155 753 647";"B01";"1";"7";"0";"2";"3";"9";"1";""
"202400015968";"155 753 641";"B01";"2";"32";"0";"0";"0";"5";"0";""
"202400015968";"155 753 644";"A01";"1";"7";"0";"0";"3";"1";"0";""
"202400015969";"155 753 639";"B01";"1";"2";"0";"2";"8";"1";"1";""
"202400015969";"155 753 643";"A01";"2";"7";"0";"2";"3";"15";"1";""
"202400015970";"155 753 638";"A01";"2";"34";"0";"2";"1";"17";"1";""
"202400015970";"155 753 642";"B01";"2";"7";"0";"2";"3";"15";"2";""
"202400015971";"155 753 637";"B01";"2";"7";"0";"0";"4";"15";"1";""
"202400015971";"155 753 640";"A01";"2";"7";"0";"2";"1";"2";"1";""
"202400015972";"155 753 636";"A01";"3";"2";"0";"0";"0";"1";"1";""
"202400015973";"155 753 634";"B01";"3";"33";"0";"2";"1";"1";"1";""
"202400015973";"155 753 635";"A01";"3";"7";"0";"2";"7";"15";"2";""
"202400015974";"155 753 633";"A01";"1";"7";"0";"1";"1";"1";"1";""
"202400015975";"155 753 630";"A01";"1";"7";"0";"2";"3";"13";"1";""
"202400015975";"155 753 632";"B01";"2";"7";"0";"2";"3";"1";"1";""
"202400015976";"155 753 631";"A01";"1";"7";"2";"0";"8";"1";"1";""
"202400015977";"155 753 629";"A01";"3";"7";"0";"1";"1";"16";"1";""
"202400015978";"155 753 628";"A01";"1";"7";"13";"0";"0";"0";"1";""
"202400015979";"155 753 624";"A01";"1";"10";"0";"2";"2";"10";"1";""
"202400015979";"155 753 627";"B01";"1";"31";"0";"2";"1";"1";"1";""
"202400015980";"155 753 623";"A01";"2";"7";"0";"2";"7";"1";"1";""
"202400015980";"155 753 625";"B01";"1";"50";"0";"2";"1";"0";"3";""
"202400015981";"155 753 619";"A01";"1";"7";"5";"0";"1";"1";"1";""
"202400015982";"155 753 621";"B01";"1";"1";"0";"2";"0";"0";"5";""
"202400015982";"155 753 622";"A01";"1";"7";"0";"2";"0";"0";"1";""
"202400015983";"155 753 618";"A01";"1";"7";"0";"0";"4";"23";"1";""
"202400015983";"155 753 620";"B01";"1";"7";"0";"2";"1";"1";"1";""
"202400015984";"155 753 616";"A01";"3";"7";"14";"1";"3";"0";"1";""
"202400015985";"155 753 613";"A01";"1";"7";"0";"1";"6";"4";"1";""
"202400015986";"155 753 614";"A01";"0";"7";"0";"2";"3";"16";"0";""
"202400015986";"155 753 617";"B01";"3";"7";"0";"2";"2";"1";"0";""
"202400015987";"155 753 612";"A01";"1";"7";"0";"2";"1";"2";"0";""
"202400015987";"155 753 615";"B01";"1";"7";"0";"2";"4";"2";"1";""
"202400015988";"155 753 611";"A01";"1";"2";"0";"0";"0";"1";"1";""
"202400015989";"155 753 610";"A01";"3";"7";"3";"0";"1";"1";"2";""
"202400015990";"155 753 608";"A01";"3";"1";"0";"0";"9";"13";"5";""
"202400015991";"155 753 606";"Z01";"3";"7";"1";"0";"0";"26";"1";""
"202400015992";"155 753 605";"A01";"2";"7";"13";"2";"1";"17";"1";""
"202400015992";"155 753 607";"B01";"2";"7";"0";"2";"1";"2";"3";""
"202400015992";"155 753 609";"C01";"1";"15";"0";"2";"1";"0";"1";""
"202400015993";"155 753 604";"A01";"3";"7";"0";"1";"3";"15";"1";""
"202400015994";"155 753 603";"A01";"1";"7";"0";"1";"1";"1";"1";""
"202400015995";"155 753 600";"A01";"1";"7";"15";"0";"3";"19";"1";""
"202400015996";"155 753 599";"A01";"2";"7";"0";"2";"3";"1";"1";""
"202400015996";"155 753 602";"B01";"1";"7";"13";"2";"3";"1";"1";""
"202400015997";"155 753 597";"A01";"1";"7";"0";"2";"2";"15";"1";""
"202400015997";"155 753 601";"B01";"2";"34";"0";"2";"3";"1";"1";""
"202400015998";"155 753 596";"B01";"2";"10";"13";"2";"1";"2";"1";""
"202400015998";"155 753 598";"A01";"2";"10";"13";"2";"5";"1";"1";""
"202400015999";"155 753 593";"B01";"1";"1";"0";"2";"0";"0";"5";""
"202400015999";"155 753 595";"A01";"1";"7";"0";"2";"0";"0";"1";""
"202400016000";"155 753 594";"A01";"1";"7";"15";"0";"1";"1";"1";""
"202400016001";"155 753 590";"B01";"1";"7";"0";"9";"5";"15";"2";""
"202400016001";"155 753 592";"A01";"1";"1";"0";"2";"1";"15";"5";""
"202400016002";"155 753 589";"B01";"1";"7";"0";"2";"3";"1";"1";""
"202400016002";"155 753 591";"A01";"0";"7";"0";"2";"3";"1";"1";""
"202400016003";"155 753 588";"A01";"1";"33";"0";"0";"0";"1";"1";""
"202400016004";"155 753 584";"B01";"1";"10";"0";"2";"8";"9";"1";""
"202400016004";"155 753 587";"A01";"1";"7";"0";"2";"1";"1";"1";""
"202400016005";"155 753 583";"A01";"1";"10";"0";"2";"3";"1";"1";""
"202400016005";"155 753 586";"B01";"1";"2";"0";"2";"8";"1";"1";""
"202400016006";"155 753 581";"A01";"1";"7";"14";"0";"9";"5";"1";""
"202400016007";"155 753 579";"B01";"0";"7";"0";"0";"1";"1";"1";""
"202400016007";"155 753 585";"A01";"0";"7";"0";"2";"7";"19";"1";""
"202400016008";"155 753 580";"A01";"1";"7";"0";"9";"1";"1";"1";""
"202400016008";"155 753 582";"B01";"2";"50";"0";"2";"1";"5";"3";""
"202400016009";"155 753 578";"A01";"2";"7";"4";"0";"3";"1";"1";""
"202400016010";"155 753 574";"A01";"2";"7";"0";"2";"2";"1";"1";""
"202400016010";"155 753 576";"B01";"1";"31";"0";"2";"3";"0";"1";""
"202400016011";"155 753 573";"A01";"0";"33";"0";"2";"0";"1";"1";""
"202400016011";"155 753 577";"B01";"0";"1";"0";"2";"0";"26";"5";""
"202400016012";"155 753 572";"A01";"1";"7";"2";"0";"9";"0";"1";""
"202400016013";"155 753 571";"A01";"1";"7";"0";"9";"2";"1";"1";""
"202400016013";"155 753 575";"B01";"2";"1";"0";"2";"7";"19";"5";""
"202400016014";"155 753 567";"A01";"1";"7";"16";"0";"9";"1";"1";""
"202400016015";"155 753 566";"B01";"1";"7";"0";"2";"1";"1";"1";""
"202400016015";"155 753 570";"A01";"2";"1";"0";"2";"1";"5";"5";""
"202400016016";"155 753 565";"A01";"1";"7";"0";"2";"2";"16";"1";""
"202400016016";"155 753 568";"B01";"2";"80";"0";"2";"8";"15";"3";""
"202400016017";"155 753 564";"A01";"0";"33";"0";"2";"1";"18";"1";""
"202400016017";"155 753 569";"B01";"0";"7";"0";"0";"5";"1";"1";""
"202400016018";"155 753 558";"A01";"1";"7";"0";"2";"1";"5";"1";""
"202400016018";"155 753 561";"B01";"2";"10";"0";"2";"2";"1";"1";""
"202400016019";"155 753 557";"B01";"2";"7";"0";"2";"5";"2";"1";""
"202400016019";"155 753 562";"A01";"2";"7";"12";"2";"3";"2";"1";""
"202400016020";"155 753 556";"B01";"2";"7";"0";"2";"2";"15";"1";""
"202400016020";"155 753 560";"A01";"1";"33";"0";"2";"1";"1";"1";""
"202400016021";"155 753 552";"A01";"2";"7";"0";"2";"1";"13";"1";""
"202400016021";"155 753 555";"B01";"1";"7";"0";"2";"1";"1";"1";""
"202400016022";"155 753 550";"A01";"1";"7";"0";"2";"1";"26";"1";""
"202400016022";"155 753 553";"Z01";"1";"7";"0";"2";"8";"0";"0";""
"202400016023";"155 753 551";"A01";"2";"7";"0";"2";"1";"1";"1";""
"202400016023";"155 753 554";"B01";"1";"7";"0";"2";"3";"1";"1";""
"202400016024";"155 753 547";"A01";"2";"10";"0";"2";"3";"13";"1";""
"202400016024";"155 753 549";"B01";"1";"7";"0";"2";"3";"1";"1";""
"202400016025";"155 753 546";"A01";"1";"7";"0";"2";"1";"0";"1";""
"202400016025";"155 753 548";"B01";"2";"7";"0";"2";"1";"0";"1";""
"202400016026";"155 753 545";"A01";"1";"32";"0";"0";"1";"1";"1";""
"202400016027";"155 753 543";"A01";"1";"7";"0";"1";"1";"15";"2";""
"202400016028";"155 753 542";"A01";"3";"7";"0";"0";"9";"1";"1";""
"202400016029";"155 753 540";"A01";"3";"7";"0";"0";"8";"2";"1";""
"202400016029";"155 753 544";"B01";"3";"33";"0";"2";"1";"17";"1";""
"202400016030";"155 753 539";"A01";"2";"10";"0";"2";"8";"1";"1";""
"202400016030";"155 753 541";"B01";"1";"2";"0";"2";"1";"1";"1";""
"202400016031";"155 753 538";"A01";"2";"7";"0";"1";"1";"1";"1";""
"202400016032";"155 753 537";"A01";"2";"7";"0";"1";"2";"1";"1";""
"202400016033";"155 753 533";"A01";"3";"7";"0";"2";"1";"1";"1";""
"202400016033";"155 753 536";"B01";"0";"33";"0";"2";"3";"1";"1";""
"202400016034";"155 753 532";"B01";"0";"50";"0";"2";"0";"0";"3";""
"202400016034";"155 753 535";"A01";"0";"7";"0";"2";"0";"0";"0";""
"202400016035";"155 753 530";"A01";"2";"7";"0";"2";"8";"9";"1";""
"202400016035";"155 753 534";"B01";"1";"33";"0";"2";"1";"1";"1";""
"202400016036";"155 753 528";"A01";"0";"7";"0";"2";"3";"1";"1";""
"202400016036";"155 753 531";"B01";"0";"7";"0";"2";"3";"13";"1";""
"202400016037";"155 753 525";"A01";"1";"7";"0";"2";"1";"9";"1";""
"202400016038";"155 753 523";"A01";"2";"31";"0";"2";"1";"13";"1";""
"202400016038";"155 753 526";"B01";"1";"7";"0";"2";"3";"1";"1";""
"202400016039";"155 753 522";"A01";"1";"7";"2";"0";"3";"1";"1";""
"202400016040";"155 753 521";"A01";"2";"1";"0";"2";"7";"17";"5";""
"202400016040";"155 753 524";"B01";"2";"1";"0";"2";"8";"26";"5";""
"202400016040";"155 753 527";"C01";"2";"1";"0";"2";"1";"17";"5";""
"202400016040";"155 753 529";"D01";"2";"1";"0";"2";"1";"17";"5";""
"202400016041";"155 753 520";"Z01";"1";"0";"0";"0";"0";"26";"0";""
"202400016042";"155 753 514";"A01";"1";"10";"0";"1";"8";"1";"1";""
"202400016043";"155 753 516";"A01";"1";"7";"0";"0";"1";"11";"1";""
"202400016043";"155 753 519";"B01";"2";"7";"0";"0";"1";"1";"1";""
"202400016044";"155 753 513";"A01";"3";"7";"0";"2";"2";"9";"1";""
"202400016044";"155 753 518";"B01";"2";"7";"0";"2";"3";"1";"1";""
"202400016045";"155 753 512";"A01";"1";"7";"0";"2";"6";"1";"3";""
"202400016045";"155 753 515";"C01";"1";"33";"0";"2";"1";"1";"1";""
"202400016045";"155 753 517";"B01";"1";"33";"0";"2";"1";"0";"1";""
"202400016046";"155 753 511";"A01";"2";"7";"8";"0";"1";"0";"1";""
"202400016047";"155 753 508";"A01";"2";"7";"2";"0";"3";"14";"1";""
"202400016048";"155 753 506";"A01";"2";"7";"3";"0";"3";"1";"1";""
"202400016048";"155 753 509";"B01";"2";"7";"3";"0";"1";"1";"1";""
"202400016049";"155 753 507";"A01";"2";"7";"0";"2";"2";"15";"1";""
"202400016049";"155 753 510";"B01";"1";"33";"0";"2";"1";"1";"1";""
"202400016050";"155 753 503";"A01";"1";"34";"0";"2";"7";"2";"1";""
"202400016050";"155 753 505";"B01";"1";"7";"0";"2";"0";"13";"0";""
"202400016051";"155 753 504";"A01";"1";"7";"2";"0";"2";"1";"1";""
"202400016052";"155 753 502";"A01";"1";"7";"13";"0";"7";"1";"1";""
"202400016053";"155 753 499";"A01";"1";"3";"0";"1";"2";"1";"1";""
"202400016054";"155 753 498";"A01";"1";"33";"3";"0";"1";"1";"1";""
"202400016055";"155 753 496";"A01";"2";"7";"13";"0";"0";"19";"1";""
"202400016056";"155 753 495";"B01";"3";"37";"0";"2";"2";"19";"6";"1"
"202400016056";"155 753 497";"A01";"3";"7";"0";"2";"3";"19";"1";""
"202400016057";"155 753 492";"A01";"2";"17";"0";"1";"3";"2";"1";""
"202400016058";"155 753 491";"B01";"2";"7";"13";"2";"3";"1";"0";""
"202400016058";"155 753 494";"A01";"1";"7";"13";"2";"3";"13";"1";""
"202400016059";"155 753 489";"A01";"2";"7";"0";"2";"3";"9";"1";""
"202400016059";"155 753 493";"B01";"1";"33";"0";"2";"1";"1";"1";""
"202400016060";"155 753 488";"A01";"3";"7";"0";"2";"1";"2";"1";""
"202400016060";"155 753 490";"B01";"3";"33";"0";"2";"4";"2";"1";""
"202400016061";"155 753 486";"A01";"1";"2";"12";"0";"7";"1";"3";""
"202400016062";"155 753 484";"A01";"2";"10";"3";"2";"1";"2";"1";""
"202400016062";"155 753 487";"B01";"2";"10";"3";"2";"9";"2";"1";""
"202400016063";"155 753 483";"A01";"2";"7";"0";"2";"3";"1";"1";""
"202400016063";"155 753 485";"B01";"1";"7";"0";"2";"3";"1";"1";""
"202400016064";"155 753 482";"A01";"2";"1";"0";"0";"1";"1";"5";""
"202400016065";"155 753 478";"B01";"2";"7";"0";"2";"1";"2";"1";""
"202400016065";"155 753 480";"A01";"2";"7";"3";"2";"1";"23";"1";""
"202400016065";"155 753 481";"C01";"2";"17";"0";"0";"1";"2";"1";""
"202400016066";"155 753 476";"A01";"2";"33";"0";"2";"1";"3";"1";""
"202400016066";"155 753 477";"B01";"2";"15";"0";"0";"4";"1";"6";""
"202400016066";"155 753 479";"C01";"2";"10";"0";"2";"8";"1";"1";""
"202400016067";"155 753 475";"A01";"1";"33";"13";"0";"7";"14";"1";""
"202400016068";"155 753 474";"A01";"1";"7";"0";"1";"3";"1";"1";""
"202400016069";"155 753 471";"A01";"2";"15";"0";"2";"3";"1";"1";""
"202400016069";"155 753 473";"B01";"1";"7";"0";"2";"3";"1";"1";""
"202400016070";"155 753 466";"B01";"2";"7";"0";"2";"3";"1";"1";""
"202400016070";"155 753 470";"A01";"1";"7";"0";"2";"1";"15";"1";""
"202400016071";"155 753 464";"A01";"1";"7";"0";"2";"3";"17";"1";""
"202400016071";"155 753 467";"B01";"1";"10";"0";"2";"3";"1";"1";""
"202400016071";"155 753 469";"C01";"2";"7";"0";"2";"3";"1";"1";""
"202400016071";"155 753 472";"D01";"1";"7";"0";"2";"3";"1";"1";""
"202400016072";"155 753 463";"A01";"2";"7";"0";"2";"5";"13";"1";""
"202400016072";"155 753 465";"B01";"1";"7";"0";"2";"2";"21";"1";""
"202400016072";"155 753 468";"C01";"1";"13";"0";"2";"3";"1";"1";""
"202400016073";"155 753 461";"A01";"2";"7";"0";"2";"1";"1";"1";""
"202400016073";"155 753 462";"B01";"2";"7";"0";"2";"4";"1";"1";""
"202400016074";"155 753 459";"A01";"1";"7";"13";"0";"3";"13";"1";""
"202400016075";"155 753 460";"A01";"1";"7";"0";"1";"1";"1";"1";""
"202400016076";"155 753 458";"A01";"1";"7";"0";"1";"2";"1";"1";""
"202400016077";"155 753 456";"A01";"1";"36";"6";"0";"3";"0";"1";""
"202400016078";"155 753 457";"A01";"2";"7";"2";"0";"1";"13";"0";""
"202400016079";"155 753 455";"B01";"1";"30";"0";"2";"0";"0";"0";""
"202400016080";"155 753 454";"A01";"3";"7";"0";"1";"3";"1";"1";""
"202400016081";"155 753 453";"A01";"1";"7";"0";"0";"0";"2";"1";""
"202400016082";"155 753 451";"A01";"2";"7";"15";"0";"1";"13";"1";""
"202400016083";"155 753 449";"A01";"2";"7";"0";"1";"3";"1";"2";""
"202400016084";"155 753 448";"A01";"1";"7";"16";"2";"2";"13";"1";""
"202400016084";"155 753 450";"B01";"2";"15";"0";"2";"2";"1";"1";""
"202400016085";"155 753 447";"B01";"2";"7";"0";"2";"4";"1";"1";""
"202400016085";"155 753 452";"A01";"2";"10";"0";"2";"3";"9";"1";""
"202400016086";"155 753 445";"A01";"3";"7";"0";"2";"3";"1";"1";""
"202400016086";"155 753 446";"B01";"3";"1";"0";"2";"1";"9";"5";""
"202400016087";"155 753 441";"Z01";"2";"30";"0";"1";"1";"1";"1";""
"202400016088";"155 753 442";"A01";"2";"7";"3";"0";"3";"13";"1";""
"202400016089";"155 753 443";"A01";"1";"10";"15";"0";"1";"1";"1";""
"202400016090";"155 753 439";"C01";"1";"7";"0";"2";"2";"1";"1";""
"202400016090";"155 753 440";"A01";"2";"7";"3";"0";"7";"15";"1";""
"202400016090";"155 753 444";"B01";"1";"10";"0";"2";"1";"1";"1";""
"202400016091";"155 753 438";"A01";"2";"43";"12";"0";"0";"1";"1";""
"202400016092";"155 753 435";"A01";"1";"7";"0";"2";"8";"19";"1";""
"202400016092";"155 753 437";"B01";"2";"33";"0";"2";"1";"1";"1";""
"202400016093";"155 753 434";"A01";"1";"7";"1";"1";"2";"1";"1";""
"202400016094";"155 753 433";"A01";"2";"7";"0";"2";"3";"13";"1";""
"202400016094";"155 753 436";"B01";"2";"7";"0";"2";"3";"1";"1";""
"202400016095";"155 753 432";"A01";"1";"33";"13";"0";"8";"1";"1";""
"202400016096";"155 753 431";"A01";"1";"7";"2";"0";"1";"1";"1";""
"202400016097";"155 753 429";"A01";"1";"7";"0";"1";"3";"4";"1";""
"202400016098";"155 753 428";"A01";"1";"7";"0";"0";"0";"1";"1";""
"202400016099";"155 753 427";"B01";"2";"7";"0";"2";"8";"1";"1";""
"202400016099";"155 753 430";"A01";"1";"7";"0";"2";"1";"13";"1";""
"202400016100";"155 753 426";"A01";"1";"7";"0";"0";"2";"0";"1";""
"202400016101";"155 753 423";"B01";"0";"50";"0";"2";"1";"1";"3";""