"Num_Acc";"id_vehicule";"num_veh";"senc";"catv";"obs";"obsm";"choc";"manv";"motor";"occutc"
"202400017541";"155 750 897";"B01";"1";"7";"4";"2";"4";"2";"1";""
"202400017541";"155 750 898";"A01";"1";"7";"0";"2";"1";"2";"1";""
"202400017542";"155 750 896";"A01";"1";"33";"0";"2";"7";"3";"1";""
"202400017543";"155 750 894";"A01";"1";"43";"11";"2";"1";"3";"1";""
"202400017543";"155 750 895";"B01";"1";"7";"0";"2";"5";"12";"1";""
"202400017544";"155 750 892";"B01";"2";"33";"0";"2";"7";"1";"1";""
"202400017544";"155 750 893";"A01";"2";"7";"0";"2";"3";"11";"1";""
"202400017545";"155 750 886";"D01";"2";"7";"0";"2";"4";"26";"2";""
"202400017545";"155 750 887";"E01";"2";"7";"0";"2";"1";"26";"1";""
"202400017545";"155 750 888";"B01";"2";"7";"0";"2";"2";"2";"3";""
"202400017545";"155 750 889";"C01";"2";"7";"0";"2";"1";"26";"1";""
"202400017545";"155 750 890";"F01";"2";"17";"0";"2";"1";"26";"1";""
"202400017545";"155 750 891";"A01";"2";"7";"0";"2";"6";"26";"2";""
"202400017546";"155 750 884";"A01";"2";"7";"0";"2";"6";"11";"1";""
"202400017546";"155 750 885";"B01";"2";"33";"0";"2";"1";"3";"1";""
"202400017547";"155 750 882";"A01";"3";"1";"0";"2";"0";"23";"5";""
"202400017547";"155 750 883";"B01";"3";"21";"0";"2";"0";"17";"1";""
"202400017548";"155 750 880";"A01";"2";"7";"0";"2";"1";"1";"1";""
"202400017548";"155 750 881";"B01";"1";"10";"0";"2";"1";"13";"1";""
"202400017549";"155 750 879";"A01";"1";"7";"0";"2";"8";"24";"1";""
"202400017550";"155 750 877";"A01";"2";"10";"0";"2";"3";"13";"1";""
"202400017550";"155 750 878";"B01";"1";"7";"0";"2";"3";"1";"2";""
"202400017551";"155 750 875";"B01";"2";"7";"0";"2";"3";"1";"1";""
"202400017551";"155 750 876";"A01";"1";"1";"0";"2";"0";"0";"5";""
"202400017552";"155 750 872";"A01";"1";"7";"8";"1";"1";"26";"1";""
"202400017552";"155 750 873";"B01";"1";"7";"0";"2";"0";"0";"1";""
"202400017552";"155 750 874";"C01";"1";"7";"0";"2";"1";"0";"1";""
"202400017553";"155 750 871";"A01";"2";"7";"15";"0";"2";"1";"2";""
"202400017554";"155 750 869";"A01";"1";"7";"0";"1";"4";"4";"1";""
"202400017555";"155 750 867";"B01";"1";"7";"0";"2";"2";"2";"1";""
"202400017555";"155 750 868";"A01";"1";"34";"0";"2";"1";"12";"1";""
"202400017556";"155 750 865";"A01";"2";"7";"0";"2";"1";"1";"1";""
"202400017556";"155 750 866";"B01";"2";"7";"0";"2";"0";"0";"1";""
"202400017557";"155 750 864";"A01";"3";"7";"1";"1";"1";"9";"1";""
"202400017558";"155 750 862";"B01";"1";"33";"0";"2";"1";"1";"1";""
"202400017558";"155 750 863";"A01";"1";"7";"0";"2";"3";"19";"1";""
"202400017559";"155 750 860";"B01";"1";"7";"0";"2";"1";"1";"0";""
"202400017559";"155 750 861";"A01";"1";"7";"0";"2";"4";"23";"0";""
"202400017560";"155 750 858";"B01";"3";"10";"15";"2";"2";"9";"1";""
"202400017560";"155 750 859";"A01";"3";"7";"15";"2";"3";"9";"1";""
"202400017561";"155 750 857";"A01";"3";"7";"0";"1";"1";"1";"1";""
"202400017562";"155 750 856";"A01";"2";"7";"0";"1";"1";"0";"1";""
"202400017563";"155 750 855";"A01";"2";"3";"6";"0";"3";"16";"1";""
"202400017564";"155 750 854";"A01";"0";"50";"0";"9";"0";"26";"3";""
"202400017565";"155 750 853";"A01";"1";"7";"0";"1";"1";"1";"1";""
"202400017566";"155 750 851";"B01";"1";"38";"0";"2";"8";"1";"0";"1"
"202400017566";"155 750 852";"A01";"1";"7";"0";"2";"7";"1";"1";""
"202400017567";"155 750 850";"A01";"1";"7";"0";"1";"1";"1";"1";""
"202400017568";"155 750 838";"B01";"1";"7";"0";"2";"4";"2";"3";""
"202400017568";"155 750 839";"A01";"1";"7";"0";"2";"1";"2";"1";""
"202400017568";"155 750 840";"C01";"1";"7";"0";"0";"4";"2";"3";""
"202400017569";"155 750 835";"A01";"1";"10";"0";"2";"1";"2";"1";""
"202400017569";"155 750 836";"B01";"1";"7";"0";"2";"4";"1";"1";""
"202400017569";"155 750 837";"C01";"1";"7";"0";"2";"4";"1";"2";""
"202400017570";"155 750 834";"A01";"1";"7";"0";"1";"1";"15";"1";""
"202400017571";"155 750 833";"A01";"0";"7";"0";"1";"1";"1";"1";""
"202400017572";"155 750 831";"B01";"1";"50";"0";"2";"7";"0";"3";""
"202400017572";"155 750 832";"A01";"2";"7";"0";"2";"3";"9";"1";""
"202400017573";"155 750 830";"A01";"2";"37";"0";"1";"1";"1";"1";"1"
"202400017574";"155 750 829";"A01";"3";"7";"0";"1";"3";"15";"1";""
"202400017575";"155 750 828";"A01";"1";"7";"0";"1";"3";"1";"1";""
"202400017576";"155 750 826";"B01";"3";"50";"0";"2";"1";"1";"3";""
"202400017576";"155 750 827";"A01";"3";"7";"9";"2";"1";"1";"1";""
"202400017577";"155 750 824";"A01";"2";"7";"0";"2";"7";"14";"1";""
"202400017577";"155 750 825";"B01";"2";"10";"0";"2";"3";"1";"1";""
"202400017578";"155 750 822";"B01";"2";"7";"0";"2";"5";"15";"1";""
"202400017578";"155 750 823";"A01";"1";"1";"0";"2";"1";"1";"5";""
"202400017579";"155 750 819";"A01";"3";"7";"0";"2";"3";"20";"1";""
"202400017579";"155 750 820";"C01";"3";"7";"0";"2";"0";"0";"0";""
"202400017579";"155 750 821";"B01";"3";"7";"0";"2";"2";"0";"0";""
"202400017580";"155 750 817";"A01";"1";"7";"0";"2";"1";"1";"2";""
"202400017580";"155 750 818";"B01";"2";"50";"0";"2";"7";"19";"3";""
"202400017581";"155 750 816";"A01";"1";"1";"0";"1";"1";"25";"5";""
"202400017582";"155 750 814";"B01";"3";"7";"0";"2";"2";"1";"1";""
"202400017582";"155 750 815";"A01";"3";"7";"0";"2";"2";"15";"1";""
"202400017583";"155 750 812";"B01";"3";"7";"0";"2";"4";"23";"1";""
"202400017583";"155 750 813";"A01";"3";"7";"0";"2";"1";"1";"3";""
"202400017584";"155 750 810";"A01";"3";"7";"0";"2";"3";"9";"2";""
"202400017584";"155 750 811";"B01";"3";"7";"0";"2";"4";"1";"1";""
"202400017585";"155 750 808";"B01";"1";"7";"0";"2";"4";"23";"2";""
"202400017585";"155 750 809";"A01";"1";"31";"0";"2";"1";"2";"1";""
"202400017586";"155 750 807";"A01";"2";"30";"1";"0";"1";"1";"1";""
"202400017587";"155 750 805";"B01";"1";"7";"0";"2";"1";"1";"1";""
"202400017587";"155 750 806";"A01";"1";"60";"0";"2";"8";"19";"5";""
"202400017588";"155 750 804";"A01";"1";"7";"0";"1";"1";"15";"1";""
"202400017589";"155 750 803";"A01";"0";"7";"0";"1";"1";"1";"1";""
"202400017590";"155 750 801";"A01";"3";"7";"0";"2";"1";"0";"1";""
"202400017590";"155 750 802";"B01";"3";"7";"0";"2";"3";"0";"1";""
"202400017591";"155 750 800";"A01";"3";"7";"0";"1";"1";"15";"1";""
"202400017592";"155 750 797";"A01";"1";"7";"0";"2";"2";"2";"1";""
"202400017592";"155 750 798";"B01";"1";"7";"0";"2";"6";"1";"1";""
"202400017592";"155 750 799";"C01";"1";"10";"0";"2";"5";"1";"1";""
"202400017593";"155 750 796";"A01";"2";"50";"0";"0";"0";"1";"3";""
"202400017594";"155 750 795";"A01";"1";"7";"0";"1";"1";"16";"1";""
"202400017595";"155 750 793";"B01";"3";"7";"0";"2";"1";"20";"1";""
"202400017595";"155 750 794";"A01";"2";"30";"0";"2";"8";"17";"1";""
"202400017596";"155 750 791";"A01";"1";"10";"0";"2";"1";"9";"1";""
"202400017596";"155 750 792";"B01";"1";"1";"0";"2";"7";"1";"5";""
"202400017597";"155 750 789";"A01";"1";"10";"2";"0";"1";"1";"1";""
"202400017597";"155 750 790";"B01";"2";"7";"2";"0";"1";"13";"1";""
"202400017598";"155 750 788";"A01";"3";"7";"0";"1";"1";"2";"1";""
"202400017599";"155 750 787";"A01";"1";"7";"2";"0";"1";"14";"1";""
"202400017600";"155 750 784";"A01";"2";"7";"0";"2";"9";"1";"1";""
"202400017600";"155 750 785";"B01";"2";"7";"0";"2";"6";"1";"1";""
"202400017600";"155 750 786";"C01";"1";"7";"0";"2";"1";"5";"1";""
"202400017601";"155 750 782";"B01";"2";"7";"8";"0";"4";"14";"1";""
"202400017601";"155 750 783";"A01";"1";"10";"8";"0";"2";"14";"1";""
"202400017602";"155 750 781";"A01";"2";"7";"2";"0";"2";"21";"1";""
"202400017603";"155 750 780";"A01";"2";"7";"8";"0";"1";"17";"1";""
"202400017604";"155 750 777";"A01";"1";"7";"0";"2";"6";"15";"1";""
"202400017604";"155 750 778";"B01";"2";"7";"0";"2";"1";"1";"1";""
"202400017604";"155 750 779";"C01";"1";"7";"0";"2";"3";"1";"1";""
"202400017605";"155 750 775";"A01";"2";"7";"0";"2";"3";"1";"1";""
"202400017605";"155 750 776";"B01";"1";"7";"0";"2";"3";"5";"1";""
"202400017606";"155 750 774";"A01";"2";"33";"0";"0";"7";"14";"1";""
"202400017607";"155 750 773";"A01";"3";"7";"0";"1";"1";"1";"1";""
"202400017608";"155 750 771";"A01";"2";"7";"0";"2";"3";"13";"1";""
"202400017608";"155 750 772";"B01";"2";"7";"0";"2";"7";"14";"1";""
"202400017609";"155 750 770";"A01";"2";"7";"13";"0";"1";"1";"1";""
"202400017610";"155 750 768";"A01";"1";"7";"0";"2";"1";"14";"1";""
"202400017610";"155 750 769";"B01";"1";"15";"0";"2";"6";"1";"1";""
"202400017611";"155 750 766";"A01";"2";"17";"0";"2";"2";"1";"1";""
"202400017611";"155 750 767";"B01";"1";"7";"0";"2";"1";"5";"1";""
"202400017612";"155 750 765";"A01";"2";"7";"16";"0";"9";"17";"1";""
"202400017613";"155 750 763";"A01";"0";"0";"0";"2";"0";"19";"0";""
"202400017613";"155 750 764";"B01";"0";"10";"0";"2";"7";"1";"1";""
"202400017614";"155 750 762";"A01";"0";"33";"0";"1";"0";"0";"1";""
"202400017615";"155 750 760";"A01";"2";"7";"0";"2";"1";"9";"1";""
"202400017615";"155 750 761";"B01";"1";"7";"0";"2";"1";"1";"1";""
"202400017616";"155 750 758";"A01";"1";"7";"0";"2";"6";"20";"1";""
"202400017616";"155 750 759";"B01";"2";"33";"0";"2";"1";"1";"1";""
"202400017617";"155 750 757";"A01";"1";"7";"13";"0";"0";"13";"3";""
"202400017618";"155 750 755";"A01";"1";"7";"0";"2";"1";"1";"1";""
"202400017618";"155 750 756";"B01";"1";"3";"0";"0";"4";"1";"1";""
"202400017619";"155 750 753";"B01";"3";"2";"0";"2";"1";"1";"0";""
"202400017619";"155 750 754";"A01";"3";"7";"0";"0";"8";"16";"2";""
"202400017620";"155 750 751";"B01";"2";"7";"0";"0";"5";"1";"2";""
"202400017620";"155 750 752";"A01";"1";"2";"0";"2";"1";"9";"1";""
"202400017621";"155 750 750";"A01";"1";"7";"6";"0";"2";"1";"1";""
"202400017622";"155 750 749";"A01";"2";"33";"13";"0";"2";"13";"1";""
"202400017623";"155 750 747";"B01";"0";"31";"0";"0";"5";"1";"1";""
"202400017623";"155 750 748";"A01";"3";"7";"0";"0";"1";"9";"1";""
"202400017624";"155 750 745";"A01";"2";"7";"0";"2";"5";"16";"1";""
"202400017624";"155 750 746";"B01";"2";"33";"0";"2";"1";"1";"1";""
"202400017625";"155 750 744";"A01";"2";"7";"0";"0";"1";"1";"1";""
"202400017626";"155 750 742";"A01";"2";"31";"0";"2";"1";"2";"1";""
"202400017626";"155 750 743";"B01";"2";"7";"0";"2";"5";"2";"1";""
"202400017627";"155 750 740";"A01";"2";"33";"1";"2";"9";"1";"1";""
"202400017627";"155 750 741";"Z01";"0";"0";"0";"0";"0";"0";"0";""
"202400017628";"155 750 738";"B01";"1";"7";"0";"2";"6";"1";"1";""
"202400017628";"155 750 739";"A01";"1";"7";"4";"2";"1";"1";"1";""
"202400017629";"155 750 736";"A01";"1";"7";"0";"2";"2";"1";"1";""
"202400017629";"155 750 737";"B01";"1";"10";"0";"2";"6";"11";"1";""
"202400017630";"155 750 733";"C01";"1";"7";"0";"2";"4";"2";"1";""
"202400017630";"155 750 734";"A01";"1";"7";"0";"2";"1";"2";"1";""
"202400017630";"155 750 735";"B01";"1";"7";"0";"2";"4";"2";"1";""
"202400017631";"155 750 731";"A01";"2";"7";"0";"2";"1";"2";"1";""
"202400017631";"155 750 732";"B01";"2";"7";"0";"2";"5";"2";"2";""
"202400017632";"155 750 730";"A01";"2";"7";"13";"0";"1";"2";"1";""
"202400017633";"155 750 726";"B01";"2";"7";"0";"2";"8";"1";"1";""
"202400017633";"155 750 727";"D01";"2";"10";"0";"2";"6";"1";"1";""
"202400017633";"155 750 728";"A01";"2";"33";"0";"2";"1";"3";"1";""
"202400017633";"155 750 729";"C01";"2";"7";"0";"2";"7";"1";"1";""
"202400017634";"155 750 723";"B01";"1";"7";"0";"2";"4";"1";"1";""
"202400017634";"155 750 724";"C01";"1";"7";"0";"2";"7";"1";"1";""
"202400017634";"155 750 725";"Z01";"1";"0";"0";"2";"1";"0";"0";""
"202400017635";"155 750 721";"A01";"1";"7";"0";"2";"7";"12";"1";""
"202400017635";"155 750 722";"B01";"1";"31";"0";"2";"8";"3";"1";""
"202400017636";"155 750 720";"A01";"2";"7";"4";"0";"3";"21";"1";""
"202400017637";"155 750 718";"A01";"2";"7";"0";"2";"2";"6";"1";""
"202400017637";"155 750 719";"B01";"1";"7";"0";"2";"2";"1";"1";""
"202400017638";"155 750 717";"A01";"1";"7";"4";"0";"3";"1";"1";""
"202400017639";"155 750 715";"B01";"2";"1";"0";"2";"6";"19";"5";""
"202400017639";"155 750 716";"A01";"1";"7";"0";"2";"3";"1";"1";""
"202400017640";"155 750 713";"A01";"1";"7";"15";"2";"1";"13";"1";""
"202400017640";"155 750 714";"B01";"2";"37";"15";"2";"3";"1";"1";"2"
"202400017641";"155 750 711";"A01";"2";"33";"0";"2";"8";"17";"1";""
"202400017641";"155 750 712";"B01";"2";"7";"0";"2";"8";"15";"1";""
"202400017642";"155 750 710";"A01";"2";"7";"0";"1";"3";"1";"3";""
"202400017643";"155 750 708";"Z01";"1";"7";"0";"2";"7";"1";"1";""
"202400017643";"155 750 709";"A01";"1";"50";"0";"2";"1";"1";"3";""
"202400017644";"155 750 705";"A01";"1";"7";"0";"2";"7";"1";"1";""
"202400017644";"155 750 706";"C01";"1";"7";"8";"2";"6";"23";"1";""
"202400017644";"155 750 707";"B01";"1";"7";"0";"2";"8";"23";"1";""
"202400017645";"155 750 703";"B01";"1";"2";"0";"2";"1";"1";"0";""
"202400017645";"155 750 704";"A01";"1";"7";"0";"2";"8";"10";"1";""
"202400017646";"155 750 701";"A01";"3";"32";"0";"2";"1";"1";"1";""
"202400017646";"155 750 702";"B01";"3";"7";"0";"2";"4";"1";"1";""
"202400017647";"155 750 698";"B01";"2";"7";"0";"2";"4";"1";"1";""
"202400017647";"155 750 699";"C01";"2";"7";"0";"2";"0";"1";"1";""
"202400017647";"155 750 700";"A01";"2";"33";"0";"2";"4";"1";"1";""
"202400017648";"155 750 696";"A01";"1";"7";"0";"2";"1";"15";"1";""
"202400017648";"155 750 697";"B01";"1";"7";"0";"2";"8";"1";"1";""
"202400017649";"155 750 695";"A01";"1";"7";"0";"1";"2";"15";"1";""
"202400017650";"155 750 693";"B01";"2";"7";"0";"2";"6";"0";"1";""
"202400017650";"155 750 694";"A01";"2";"50";"0";"2";"6";"15";"3";""
"202400017651";"155 750 692";"A01";"1";"7";"0";"1";"1";"1";"1";""
"202400017652";"155 750 691";"A01";"0";"0";"0";"1";"0";"0";"0";""
"202400017653";"155 750 689";"A01";"3";"7";"0";"1";"2";"15";"2";""
"202400017654";"155 750 688";"A01";"3";"7";"0";"9";"1";"5";"1";""
"202400017654";"155 750 690";"B01";"3";"60";"0";"2";"1";"1";"5";""
"202400017655";"155 750 687";"A01";"0";"3";"6";"0";"1";"15";"3";""
"202400017656";"155 750 686";"A01";"2";"7";"0";"1";"2";"1";"1";""
"202400017657";"155 750 685";"A01";"3";"7";"0";"1";"4";"4";"1";""
"202400017658";"155 750 683";"A01";"1";"50";"0";"0";"0";"1";"3";""
"202400017659";"155 750 682";"B01";"2";"7";"0";"2";"4";"1";"1";""
"202400017659";"155 750 684";"A01";"2";"7";"0";"2";"1";"12";"1";""
"202400017660";"155 750 681";"A01";"1";"31";"3";"0";"3";"1";"1";""
"202400017661";"155 750 680";"A01";"1";"7";"3";"0";"2";"1";"1";""
"202400017662";"155 750 679";"A01";"1";"32";"4";"2";"7";"2";"1";""
"202400017663";"155 750 678";"A01";"2";"37";"0";"1";"5";"7";"2";"1"
"202400017664";"155 750 676";"B01";"1";"7";"14";"0";"4";"23";"1";""
"202400017664";"155 750 677";"A01";"1";"7";"0";"2";"1";"2";"2";""
"202400017665";"155 750 673";"A01";"1";"7";"0";"2";"1";"2";"1";""
"202400017665";"155 750 674";"B01";"1";"7";"0";"2";"4";"2";"1";""
"202400017666";"155 750 672";"B01";"0";"50";"0";"2";"0";"0";"3";""
"202400017666";"155 750 675";"A01";"3";"7";"0";"2";"0";"0";"1";""
"202400017667";"155 750 671";"A01";"1";"7";"1";"0";"0";"0";"1";""
"202400017668";"155 750 670";"A01";"1";"30";"0";"0";"2";"14";"1";""
"202400017669";"155 750 667";"B01";"1";"3";"0";"2";"0";"19";"1";""
"202400017669";"155 750 669";"A01";"1";"7";"0";"2";"0";"1";"1";""
"202400017670";"155 750 664";"A01";"0";"1";"0";"2";"0";"0";"5";""
"202400017670";"155 750 666";"B01";"0";"7";"0";"2";"4";"23";"1";""
"202400017671";"155 750 663";"A01";"1";"7";"0";"2";"0";"9";"1";""
"202400017671";"155 750 665";"B01";"1";"1";"0";"2";"0";"1";"5";""
"202400017672";"155 750 660";"A01";"1";"7";"0";"2";"1";"0";"1";""
"202400017672";"155 750 662";"B01";"1";"7";"0";"2";"7";"0";"1";""
"202400017673";"155 750 658";"C01";"1";"33";"0";"2";"0";"2";"1";""
"202400017673";"155 750 659";"A01";"1";"7";"0";"2";"4";"2";"1";""
"202400017673";"155 750 661";"B01";"1";"7";"0";"2";"1";"2";"1";""
"202400017674";"155 750 656";"A01";"1";"7";"0";"2";"1";"13";"1";""
"202400017674";"155 750 657";"B01";"2";"14";"0";"2";"1";"1";"1";""
"202400017675";"155 750 654";"A01";"2";"7";"0";"2";"8";"9";"1";""
"202400017675";"155 750 655";"B01";"2";"41";"0";"2";"0";"1";"1";""
"202400017676";"155 750 652";"A01";"2";"13";"0";"2";"3";"15";"1";""
"202400017676";"155 750 653";"B01";"2";"33";"0";"2";"1";"0";"1";""
"202400017677";"155 750 648";"A01";"3";"7";"0";"2";"1";"2";"1";""
"202400017677";"155 750 650";"B01";"3";"7";"0";"2";"9";"2";"1";""
"202400017677";"155 750 651";"C01";"3";"7";"0";"2";"4";"2";"2";""
"202400017678";"155 750 645";"B01";"0";"7";"0";"2";"1";"1";"1";""
"202400017678";"155 750 647";"A01";"0";"31";"15";"2";"1";"1";"1";""
"202400017679";"155 750 644";"A01";"2";"7";"0";"2";"3";"13";"1";""
"202400017679";"155 750 646";"B01";"1";"7";"0";"2";"8";"1";"1";""
"202400017680";"155 750 642";"A01";"3";"50";"12";"0";"1";"1";"3";""
"202400017681";"155 750 641";"B01";"1";"33";"0";"2";"1";"1";"1";""
"202400017681";"155 750 643";"A01";"2";"7";"0";"2";"3";"1";"1";""
"202400017682";"155 750 639";"A01";"2";"7";"0";"2";"7";"1";"1";""
"202400017682";"155 750 640";"B01";"0";"1";"0";"2";"1";"26";"5";""
"202400017683";"155 750 638";"A01";"2";"7";"0";"1";"1";"15";"1";""
"202400017684";"155 750 636";"A01";"1";"7";"8";"0";"1";"26";"1";""
"202400017685";"155 750 635";"B01";"2";"40";"1";"2";"0";"1";"3";""
"202400017685";"155 750 637";"A01";"2";"7";"0";"4";"7";"15";"1";""
"202400017686";"155 750 633";"A01";"1";"32";"0";"2";"8";"3";"1";""
"202400017686";"155 750 634";"Z01";"1";"7";"0";"2";"0";"0";"0";""
"202400017687";"155 750 630";"B01";"2";"7";"0";"2";"3";"1";"1";""
"202400017687";"155 750 631";"C01";"2";"7";"0";"2";"3";"1";"1";""
"202400017687";"155 750 632";"A01";"1";"7";"0";"2";"3";"5";"1";""
"202400017688";"155 750 629";"A01";"1";"38";"0";"1";"4";"4";"1";"1"
"202400017689";"155 750 626";"B01";"2";"10";"0";"2";"0";"0";"1";""
"202400017689";"155 750 628";"A01";"2";"7";"0";"2";"3";"26";"1";""
"202400017690";"155 750 625";"A01";"1";"7";"0";"2";"1";"1";"1";""
"202400017690";"155 750 627";"B01";"2";"1";"0";"2";"1";"6";"5";""
"202400017691";"155 750 623";"A01";"3";"7";"0";"2";"3";"15";"1";""
"202400017691";"155 750 624";"B01";"0";"33";"0";"2";"1";"2";"1";""
"202400017692";"155 750 622";"A01";"1";"7";"0";"1";"2";"1";"1";""
"202400017693";"155 750 618";"C01";"2";"7";"0";"2";"3";"1";"3";""
"202400017693";"155 750 620";"A01";"1";"7";"0";"2";"1";"13";"1";""
"202400017693";"155 750 621";"B01";"2";"7";"0";"2";"6";"1";"1";""
"202400017694";"155 750 617";"A01";"3";"10";"0";"2";"2";"0";"1";""
"202400017694";"155 750 619";"B01";"3";"7";"0";"2";"3";"16";"1";""
"202400017695";"155 750 613";"B01";"2";"7";"0";"2";"3";"1";"2";""
"202400017695";"155 750 615";"A01";"1";"33";"0";"2";"1";"17";"1";""
"202400017695";"155 750 616";"T01";"1";"7";"0";"0";"0";"1";"1";""
"202400017696";"155 750 612";"A01";"2";"7";"0";"2";"5";"15";"1";""
"202400017696";"155 750 614";"B01";"1";"33";"0";"2";"1";"1";"1";""
"202400017697";"155 750 611";"A01";"1";"7";"0";"1";"3";"1";"1";""
"202400017698";"155 750 610";"A01";"0";"7";"0";"1";"1";"9";"1";""
"202400017699";"155 750 607";"A01";"1";"10";"0";"2";"1";"2";"1";""
"202400017699";"155 750 609";"B01";"1";"7";"0";"2";"4";"2";"1";""
"202400017700";"155 750 608";"A01";"0";"7";"0";"1";"8";"15";"1";""
"202400017701";"155 750 604";"A01";"1";"7";"0";"2";"1";"13";"1";""
"202400017701";"155 750 606";"B01";"2";"10";"0";"2";"1";"1";"1";""
"202400017702";"155 750 603";"A01";"2";"10";"0";"2";"3";"10";"1";""
"202400017702";"155 750 605";"B01";"2";"7";"0";"2";"2";"1";"1";""
"202400017703";"155 750 602";"A01";"3";"7";"0";"1";"1";"1";"2";""
"202400017704";"155 750 600";"B01";"3";"10";"12";"2";"1";"13";"1";""
"202400017704";"155 750 601";"A01";"3";"7";"0";"0";"1";"13";"1";""
"202400017705";"155 750 599";"A01";"1";"7";"0";"1";"2";"1";"1";""
"202400017706";"155 750 597";"B01";"3";"7";"0";"2";"4";"23";"1";""
"202400017706";"155 750 598";"A01";"3";"33";"0";"2";"1";"1";"1";""
"202400017707";"155 750 596";"A01";"1";"7";"0";"1";"1";"16";"1";""
"202400017708";"155 750 595";"A01";"0";"3";"0";"1";"1";"1";"3";""
"202400017709";"155 750 594";"A01";"1";"7";"1";"0";"2";"1";"1";""
"202400017710";"155 750 591";"B01";"3";"7";"0";"2";"6";"26";"1";""
"202400017710";"155 750 593";"A01";"3";"43";"0";"2";"1";"2";"1";""
"202400017711";"155 750 590";"A01";"3";"7";"0";"2";"3";"1";"1";""
"202400017711";"155 750 592";"B01";"3";"7";"0";"2";"8";"1";"1";""
"202400017712";"155 750 588";"A01";"2";"33";"0";"2";"1";"2";"1";""
"202400017712";"155 750 589";"B01";"2";"7";"0";"2";"4";"1";"2";""
"202400017713";"155 750 585";"B01";"3";"7";"0";"2";"1";"2";"1";""
"202400017713";"155 750 586";"A01";"3";"7";"0";"2";"7";"1";"1";""
"202400017714";"155 750 584";"A01";"2";"7";"0";"2";"7";"20";"1";""
"202400017714";"155 750 587";"B01";"2";"1";"0";"2";"8";"1";"5";""
"202400017715";"155 750 583";"A01";"1";"7";"0";"1";"2";"16";"1";""
"202400017716";"155 750 581";"A01";"1";"10";"0";"2";"1";"11";"1";""
"202400017716";"155 750 582";"B01";"2";"7";"0";"2";"1";"1";"1";""
"202400017717";"155 750 580";"A01";"1";"3";"0";"1";"3";"1";"1";""
"202400017718";"155 750 579";"A01";"3";"31";"3";"0";"1";"14";"1";""
"202400017719";"155 750 577";"A01";"1";"7";"8";"5";"1";"14";"1";""
"202400017720";"155 750 575";"A01";"1";"7";"1";"0";"5";"10";"1";""
"202400017720";"155 750 578";"B01";"2";"30";"1";"2";"1";"0";"0";""
"202400017721";"155 750 573";"B01";"1";"2";"0";"2";"7";"1";"1";""
"202400017721";"155 750 576";"A01";"2";"7";"0";"2";"3";"15";"1";""
"202400017722";"155 750 571";"A01";"2";"32";"0";"2";"1";"17";"1";""
"202400017722";"155 750 572";"B01";"2";"7";"0";"2";"3";"15";"2";""
"202400017723";"155 750 570";"B01";"1";"7";"0";"2";"3";"15";"1";""
"202400017723";"155 750 574";"A01";"2";"32";"0";"2";"2";"17";"1";""
"202400017724";"155 750 568";"A01";"1";"15";"0";"2";"3";"1";"1";""
"202400017724";"155 750 569";"B01";"1";"7";"0";"2";"2";"17";"1";""
"202400017725";"155 750 566";"A01";"3";"7";"0";"2";"7";"15";"1";""
"202400017725";"155 750 567";"B01";"1";"1";"0";"2";"1";"1";"5";""
"202400017726";"155 750 564";"A01";"2";"2";"0";"9";"0";"1";"3";""
"202400017727";"155 750 563";"A01";"3";"7";"0";"2";"1";"1";"1";""
"202400017727";"155 750 565";"B01";"1";"7";"8";"2";"7";"1";"1";""
"202400017728";"155 750 562";"A01";"3";"7";"9";"0";"1";"1";"1";""
"202400017729";"155 750 558";"C01";"1";"10";"0";"2";"8";"1";"1";""
"202400017729";"155 750 559";"A01";"1";"33";"0";"2";"8";"1";"1";""
"202400017729";"155 750 561";"B01";"1";"7";"0";"2";"5";"1";"1";""
"202400017730";"155 750 557";"A01";"1";"7";"0";"2";"7";"1";"1";""
"202400017730";"155 750 560";"B01";"2";"33";"0";"2";"1";"1";"1";""
"202400017731";"155 750 553";"B01";"2";"7";"0";"2";"3";"1";"1";""
"202400017731";"155 750 556";"A01";"2";"7";"0";"2";"2";"1";"1";""
"202400017732";"155 750 551";"V01";"2";"1";"0";"2";"8";"19";"5";""
"202400017732";"155 750 555";"A01";"2";"7";"0";"2";"1";"1";"1";""
"202400017733";"155 750 550";"C01";"1";"7";"0";"2";"1";"1";"1";""
"202400017733";"155 750 552";"A01";"2";"7";"0";"2";"8";"18";"1";""
"202400017733";"155 750 554";"B01";"2";"3";"0";"2";"7";"9";"1";""
"202400017734";"155 750 548";"B01";"3";"7";"1";"0";"1";"19";"1";""
"202400017734";"155 750 549";"A01";"3";"7";"0";"2";"1";"24";"1";""
"202400017735";"155 750 546";"A01";"2";"7";"0";"2";"3";"15";"1";""
"202400017735";"155 750 547";"B01";"1";"1";"0";"2";"3";"1";"5";""
"202400017736";"155 750 544";"A01";"0";"10";"0";"2";"2";"16";"1";""
"202400017736";"155 750 545";"B01";"1";"37";"0";"2";"3";"1";"2";"2"
"202400017737";"155 750 542";"A01";"1";"7";"0";"1";"1";"26";"1";""
"202400017738";"155 750 540";"A01";"2";"7";"1";"1";"6";"14";"1";""
"202400017738";"155 750 543";"B01";"2";"7";"0";"2";"6";"24";"1";""
"202400017739";"155 750 539";"A01";"1";"10";"0";"2";"3";"15";"6";""