"Num_Acc";"id_vehicule";"num_veh";"senc";"catv";"obs";"obsm";"choc";"manv";"motor";"occutc"
"202400017739";"155 750 541";"B01";"2";"10";"0";"2";"6";"16";"0";""
"202400017740";"155 750 537";"A01";"3";"7";"9";"0";"1";"6";"1";""
"202400017741";"155 750 531";"B01";"3";"7";"0";"2";"4";"23";"1";""
"202400017741";"155 750 533";"A01";"3";"7";"0";"2";"1";"2";"1";""
"202400017742";"155 750 529";"A01";"3";"1";"0";"2";"1";"1";"5";""
"202400017742";"155 750 532";"B01";"3";"37";"0";"2";"3";"1";"1";"1"
"202400017743";"155 750 526";"A01";"1";"7";"0";"2";"3";"26";"1";""
"202400017744";"155 750 525";"A01";"3";"7";"0";"2";"3";"16";"1";""
"202400017744";"155 750 527";"B01";"3";"7";"0";"2";"1";"0";"1";""
"202400017745";"155 750 528";"B01";"1";"7";"0";"2";"4";"2";"1";""
"202400017745";"155 750 530";"A01";"1";"33";"0";"2";"1";"2";"1";""
"202400017746";"155 750 521";"A01";"3";"7";"0";"2";"2";"5";"1";""
"202400017746";"155 750 524";"B01";"1";"32";"0";"2";"1";"1";"3";""
"202400017747";"155 750 522";"A01";"2";"7";"0";"2";"2";"2";"1";""
"202400017747";"155 750 523";"B01";"2";"50";"0";"2";"1";"26";"3";""
"202400017748";"155 750 519";"B01";"2";"33";"0";"2";"1";"2";"1";""
"202400017748";"155 750 520";"A01";"2";"7";"0";"2";"3";"13";"1";""
"202400017749";"155 750 518";"A01";"0";"30";"0";"1";"1";"25";"1";""
"202400017750";"155 750 515";"A01";"1";"7";"2";"5";"1";"21";"1";""
"202400017751";"155 750 512";"A01";"2";"50";"0";"2";"1";"1";"3";""
"202400017751";"155 750 514";"B01";"2";"7";"0";"2";"3";"1";"1";""
"202400017752";"155 750 513";"C01";"2";"7";"0";"2";"4";"2";"2";""
"202400017752";"155 750 516";"A01";"2";"7";"0";"2";"1";"2";"1";""
"202400017752";"155 750 517";"B01";"2";"7";"0";"2";"4";"2";"1";""
"202400017753";"155 750 509";"B01";"2";"33";"0";"2";"1";"1";"1";""
"202400017753";"155 750 510";"A01";"1";"7";"0";"2";"1";"13";"1";""
"202400017754";"155 750 506";"A01";"2";"7";"0";"1";"4";"4";"1";""
"202400017755";"155 750 504";"C01";"1";"7";"0";"0";"4";"2";"1";""
"202400017755";"155 750 507";"A01";"1";"7";"0";"2";"1";"2";"1";""
"202400017755";"155 750 511";"B01";"1";"10";"0";"2";"9";"2";"1";""
"202400017756";"155 750 505";"A01";"0";"7";"0";"2";"3";"15";"1";""
"202400017756";"155 750 508";"B01";"0";"33";"0";"2";"7";"15";"1";""
"202400017757";"155 750 503";"A01";"0";"50";"12";"0";"1";"14";"3";""
"202400017758";"155 750 499";"B01";"3";"7";"0";"2";"4";"1";"2";""
"202400017758";"155 750 502";"A01";"3";"7";"0";"2";"1";"2";"1";""
"202400017759";"155 750 498";"A01";"1";"7";"0";"2";"3";"2";"1";""
"202400017759";"155 750 500";"B01";"1";"80";"0";"2";"0";"2";"3";""
"202400017760";"155 750 497";"A01";"1";"50";"0";"1";"1";"25";"3";""
"202400017761";"155 750 492";"A01";"3";"7";"0";"1";"1";"1";"2";""
"202400017762";"155 750 490";"A01";"1";"7";"0";"2";"1";"15";"1";""
"202400017762";"155 750 493";"B01";"1";"33";"0";"2";"1";"1";"1";""
"202400017763";"155 750 489";"A01";"2";"10";"9";"2";"3";"11";"1";""
"202400017763";"155 750 494";"B01";"2";"7";"0";"2";"5";"1";"1";""
"202400017764";"155 750 485";"A01";"3";"10";"0";"2";"1";"1";"1";""
"202400017764";"155 750 487";"B01";"3";"10";"0";"2";"4";"1";"1";""
"202400017765";"155 750 481";"B01";"1";"7";"0";"2";"1";"1";"1";""
"202400017765";"155 750 484";"A01";"1";"50";"0";"2";"8";"19";"3";""
"202400017766";"155 750 482";"C01";"2";"7";"0";"2";"4";"1";"1";""
"202400017766";"155 750 486";"D01";"2";"7";"0";"2";"4";"2";"2";""
"202400017766";"155 750 488";"E01";"2";"7";"0";"2";"4";"2";"1";""
"202400017766";"155 750 491";"B01";"2";"10";"0";"2";"4";"1";"1";""
"202400017766";"155 750 495";"A01";"2";"10";"0";"2";"1";"2";"1";""
"202400017766";"155 750 496";"F01";"2";"7";"0";"2";"4";"2";"1";""
"202400017767";"155 750 479";"A01";"2";"14";"0";"0";"0";"2";"1";""
"202400017768";"155 750 480";"A01";"3";"7";"0";"2";"5";"15";"1";""
"202400017768";"155 750 483";"B01";"3";"7";"0";"2";"1";"1";"1";""
"202400017769";"155 750 477";"A01";"2";"50";"0";"1";"1";"2";"3";""
"202400017770";"155 750 476";"A01";"1";"33";"3";"0";"1";"1";"1";""
"202400017771";"155 750 473";"A01";"2";"7";"0";"2";"1";"2";"1";""
"202400017771";"155 750 475";"B01";"2";"7";"0";"2";"4";"2";"1";""
"202400017771";"155 750 478";"C01";"2";"7";"0";"2";"4";"2";"1";""
"202400017772";"155 750 471";"A01";"3";"3";"0";"2";"1";"13";"1";""
"202400017772";"155 750 474";"B01";"1";"7";"0";"2";"1";"23";"1";""
"202400017773";"155 750 470";"A01";"2";"7";"0";"1";"1";"15";"0";""
"202400017774";"155 750 469";"A01";"2";"7";"0";"2";"8";"10";"1";""
"202400017774";"155 750 472";"B01";"2";"2";"0";"2";"8";"17";"1";""
"202400017775";"155 750 464";"A01";"3";"7";"0";"1";"1";"20";"1";""
"202400017776";"155 750 461";"B01";"1";"31";"0";"2";"4";"2";"1";""
"202400017776";"155 750 463";"A01";"1";"7";"0";"2";"3";"2";"1";""
"202400017777";"155 750 459";"B01";"1";"10";"0";"2";"4";"2";"1";""
"202400017777";"155 750 465";"A01";"1";"7";"0";"2";"1";"2";"1";""
"202400017777";"155 750 467";"C01";"1";"7";"0";"2";"4";"2";"1";""
"202400017778";"155 750 458";"B01";"1";"17";"0";"2";"0";"12";"0";""
"202400017778";"155 750 460";"A01";"1";"7";"0";"2";"7";"14";"1";""
"202400017778";"155 750 462";"C01";"1";"10";"0";"2";"6";"2";"1";""
"202400017778";"155 750 466";"D01";"1";"7";"0";"2";"1";"2";"2";""
"202400017778";"155 750 468";"E01";"1";"7";"0";"2";"3";"0";"1";""
"202400017779";"155 750 456";"A01";"1";"7";"0";"2";"1";"15";"1";""
"202400017779";"155 750 457";"B01";"1";"33";"0";"2";"8";"1";"1";""
"202400017780";"155 750 451";"A01";"1";"33";"0";"2";"1";"2";"1";""
"202400017780";"155 750 454";"B01";"1";"7";"0";"0";"5";"23";"1";""
"202400017781";"155 750 453";"A01";"3";"7";"0";"2";"3";"15";"1";""
"202400017781";"155 750 455";"B01";"3";"1";"0";"2";"8";"1";"5";""
"202400017782";"155 750 450";"B01";"1";"33";"0";"2";"2";"3";"1";""
"202400017782";"155 750 452";"A01";"1";"7";"0";"2";"6";"13";"1";""
"202400017783";"155 750 448";"B01";"3";"30";"0";"2";"1";"0";"1";""
"202400017783";"155 750 449";"A01";"3";"7";"0";"2";"7";"15";"1";""
"202400017784";"155 750 445";"A01";"2";"7";"12";"0";"2";"1";"1";""
"202400017785";"155 750 446";"A01";"1";"7";"4";"0";"1";"2";"1";""
"202400017786";"155 750 444";"B01";"3";"1";"0";"2";"1";"1";"5";""
"202400017786";"155 750 447";"A01";"3";"7";"0";"0";"0";"1";"1";""
"202400017787";"155 750 443";"A01";"3";"7";"0";"0";"0";"26";"1";""
"202400017788";"155 750 439";"A01";"3";"7";"0";"2";"1";"17";"1";""
"202400017788";"155 750 440";"B01";"3";"7";"0";"2";"9";"23";"1";""
"202400017788";"155 750 442";"C01";"3";"7";"0";"2";"4";"0";"1";""
"202400017789";"155 750 438";"A01";"1";"7";"0";"2";"1";"26";"1";""
"202400017789";"155 750 441";"B01";"2";"17";"0";"2";"2";"1";"1";""
"202400017790";"155 750 434";"A01";"1";"7";"0";"2";"1";"10";"1";""
"202400017790";"155 750 436";"B01";"1";"33";"0";"2";"1";"6";"1";""
"202400017791";"155 750 433";"C01";"2";"7";"0";"2";"4";"23";"1";""
"202400017791";"155 750 435";"B01";"2";"7";"0";"2";"9";"23";"1";""
"202400017791";"155 750 437";"A01";"2";"7";"0";"2";"1";"1";"1";""
"202400017792";"155 750 431";"A01";"3";"7";"0";"1";"1";"17";"0";""
"202400017793";"155 750 429";"A01";"1";"7";"0";"2";"3";"11";"1";""
"202400017793";"155 750 430";"B01";"1";"7";"0";"2";"7";"1";"1";""
"202400017793";"155 750 432";"C01";"1";"33";"0";"2";"8";"11";"1";""
"202400017794";"155 750 428";"A01";"1";"7";"0";"1";"1";"1";"1";""
"202400017795";"155 750 426";"A01";"1";"50";"0";"1";"1";"0";"3";""
"202400017796";"155 750 425";"B01";"1";"7";"0";"2";"8";"15";"1";""
"202400017796";"155 750 427";"A01";"1";"33";"0";"2";"7";"1";"1";""
"202400017797";"155 750 419";"A01";"1";"7";"0";"2";"1";"2";"1";""
"202400017797";"155 750 423";"B01";"1";"7";"0";"2";"1";"2";"1";""
"202400017797";"155 750 424";"C01";"1";"7";"0";"2";"4";"2";"1";""
"202400017798";"155 750 418";"Z01";"2";"7";"0";"2";"1";"15";"1";""
"202400017798";"155 750 421";"B01";"1";"33";"0";"2";"7";"1";"1";""
"202400017799";"155 750 417";"A01";"2";"32";"0";"2";"3";"2";"1";""
"202400017799";"155 750 420";"B01";"2";"7";"0";"2";"4";"15";"1";""
"202400017800";"155 750 416";"B01";"3";"50";"0";"2";"4";"15";"3";""
"202400017800";"155 750 422";"A01";"3";"7";"0";"2";"1";"9";"1";""
"202400017801";"155 750 412";"A01";"1";"33";"0";"1";"1";"25";"1";""
"202400017802";"155 750 413";"B01";"1";"7";"0";"2";"4";"11";"1";""
"202400017802";"155 750 415";"A01";"1";"34";"0";"2";"8";"3";"1";""
"202400017803";"155 750 411";"A01";"3";"7";"0";"2";"3";"9";"1";""
"202400017803";"155 750 414";"B01";"3";"31";"0";"2";"4";"9";"1";""
"202400017804";"155 750 409";"A01";"1";"7";"0";"2";"1";"1";"1";""
"202400017804";"155 750 410";"B01";"2";"7";"0";"2";"1";"1";"1";""
"202400017805";"155 750 404";"B01";"3";"7";"0";"2";"7";"1";"1";""
"202400017805";"155 750 407";"A01";"3";"7";"0";"2";"1";"1";"1";""
"202400017806";"155 750 402";"B01";"1";"7";"0";"2";"4";"1";"1";""
"202400017806";"155 750 406";"C01";"1";"7";"0";"2";"4";"1";"2";""
"202400017806";"155 750 408";"A01";"1";"7";"0";"2";"1";"1";"2";""
"202400017807";"155 750 403";"A01";"1";"7";"0";"1";"2";"1";"1";""
"202400017808";"155 750 401";"A01";"3";"7";"0";"0";"3";"15";"1";""
"202400017808";"155 750 405";"B01";"3";"1";"0";"2";"1";"17";"5";""
"202400017809";"155 750 400";"A01";"1";"7";"13";"0";"1";"6";"1";""
"202400017810";"155 750 395";"A01";"1";"33";"0";"2";"8";"3";"1";""
"202400017810";"155 750 399";"B01";"1";"7";"0";"2";"7";"12";"2";""
"202400017811";"155 750 393";"A01";"3";"7";"0";"2";"2";"9";"1";""
"202400017811";"155 750 398";"B01";"2";"50";"0";"2";"1";"1";"3";""
"202400017812";"155 750 392";"A01";"1";"7";"14";"0";"1";"2";"1";""
"202400017812";"155 750 394";"B01";"1";"7";"0";"2";"4";"23";"1";""
"202400017813";"155 750 388";"A01";"2";"7";"0";"2";"1";"2";"1";""
"202400017813";"155 750 390";"B01";"2";"7";"0";"2";"4";"2";"1";""
"202400017814";"155 750 389";"A01";"1";"7";"6";"0";"1";"1";"1";""
"202400017815";"155 750 387";"A01";"1";"7";"0";"1";"1";"1";"2";""
"202400017816";"155 750 386";"A01";"1";"10";"0";"1";"1";"1";"1";""
"202400017817";"155 750 385";"B01";"1";"33";"0";"2";"0";"1";"1";""
"202400017817";"155 750 391";"A01";"2";"37";"0";"2";"2";"1";"1";"1"
"202400017818";"155 750 384";"A01";"1";"7";"2";"9";"9";"15";"1";""
"202400017819";"155 750 382";"A01";"2";"7";"0";"1";"2";"15";"2";""
"202400017820";"155 750 380";"A01";"3";"7";"0";"2";"2";"1";"1";""
"202400017820";"155 750 381";"B01";"1";"1";"0";"2";"8";"19";"5";""
"202400017821";"155 750 379";"A01";"2";"33";"13";"0";"2";"0";"1";""
"202400017822";"155 750 375";"B01";"2";"31";"0";"2";"8";"3";"1";""
"202400017822";"155 750 376";"A01";"2";"7";"0";"2";"7";"12";"1";""
"202400017823";"155 750 373";"A01";"1";"7";"0";"2";"4";"1";"1";""
"202400017823";"155 750 374";"B01";"1";"33";"0";"2";"1";"1";"1";""
"202400017824";"155 750 371";"A01";"1";"7";"0";"2";"2";"20";"1";""
"202400017824";"155 750 372";"B01";"1";"31";"0";"2";"3";"1";"1";""
"202400017825";"155 750 370";"A01";"2";"3";"15";"0";"1";"1";"1";""
"202400017826";"155 750 369";"A01";"1";"30";"0";"0";"1";"26";"1";""
"202400017827";"155 750 366";"D01";"2";"32";"0";"9";"1";"23";"1";""
"202400017827";"155 750 377";"B01";"2";"33";"0";"2";"8";"1";"1";""
"202400017827";"155 750 378";"C01";"2";"7";"0";"2";"1";"23";"1";""
"202400017827";"155 750 383";"A01";"1";"10";"0";"2";"1";"15";"0";""
"202400017828";"155 750 365";"B01";"2";"7";"0";"2";"1";"2";"1";""
"202400017828";"155 750 368";"A01";"2";"1";"0";"2";"4";"1";"5";""
"202400017829";"155 750 364";"A01";"1";"1";"0";"1";"1";"1";"5";""
"202400017830";"155 750 361";"A01";"1";"7";"0";"2";"4";"1";"1";""
"202400017830";"155 750 363";"B01";"1";"7";"0";"2";"1";"1";"0";""
"202400017831";"155 750 359";"A01";"0";"7";"0";"2";"2";"15";"1";""
"202400017831";"155 750 362";"B01";"0";"50";"0";"2";"1";"1";"3";""
"202400017832";"155 750 360";"A01";"1";"50";"0";"1";"1";"1";"3";""
"202400017833";"155 750 357";"A01";"2";"7";"0";"1";"4";"4";"2";""
"202400017834";"155 750 358";"A01";"1";"7";"0";"1";"6";"4";"1";""
"202400017835";"155 750 354";"A01";"1";"31";"0";"2";"1";"3";"3";""
"202400017835";"155 750 356";"B01";"1";"10";"0";"2";"4";"2";"1";""
"202400017836";"155 750 352";"A01";"2";"33";"0";"2";"3";"7";"1";""
"202400017836";"155 750 353";"B01";"2";"7";"0";"2";"2";"12";"2";""
"202400017837";"155 750 351";"A01";"3";"7";"0";"2";"2";"1";"1";""
"202400017837";"155 750 355";"B01";"3";"7";"0";"2";"3";"1";"1";""
"202400017838";"155 750 347";"Z01";"2";"34";"0";"1";"1";"1";"0";""
"202400017839";"155 750 349";"A01";"2";"7";"0";"1";"8";"1";"2";""
"202400017840";"155 750 345";"A01";"3";"7";"0";"2";"6";"10";"1";""
"202400017840";"155 750 346";"B01";"3";"7";"0";"2";"1";"2";"1";""
"202400017841";"155 750 341";"Z01";"1";"1";"0";"1";"1";"1";"5";""
"202400017842";"155 750 342";"A01";"3";"1";"0";"2";"1";"5";"5";""
"202400017842";"155 750 344";"B01";"0";"7";"0";"2";"3";"15";"1";""
"202400017843";"155 750 340";"A01";"1";"7";"15";"0";"1";"0";"1";""
"202400017844";"155 750 343";"A01";"2";"40";"0";"1";"1";"1";"3";""
"202400017845";"155 750 339";"A01";"2";"1";"0";"1";"1";"1";"5";""
"202400017846";"155 750 337";"A01";"1";"7";"9";"0";"1";"1";"1";""
"202400017847";"155 750 336";"A01";"1";"7";"0";"2";"4";"15";"1";""
"202400017847";"155 750 338";"B01";"1";"7";"0";"2";"1";"2";"1";""
"202400017848";"155 750 334";"A01";"2";"60";"0";"1";"1";"1";"5";""
"202400017849";"155 750 333";"A01";"1";"7";"0";"0";"3";"24";"2";""
"202400017849";"155 750 335";"B01";"1";"50";"0";"0";"2";"2";"3";""
"202400017850";"155 750 329";"A01";"1";"7";"0";"9";"3";"2";"1";""
"202400017850";"155 750 332";"B01";"1";"1";"0";"2";"4";"14";"5";""
"202400017851";"155 750 328";"A01";"0";"7";"0";"2";"1";"2";"1";""
"202400017851";"155 750 331";"B01";"0";"31";"0";"0";"4";"23";"1";""
"202400017852";"155 750 327";"A01";"1";"30";"0";"2";"1";"2";"1";""
"202400017852";"155 750 330";"B01";"1";"37";"0";"2";"5";"23";"2";"1"
"202400017853";"155 750 325";"A01";"1";"80";"0";"2";"1";"26";"3";""
"202400017853";"155 750 326";"B01";"1";"43";"0";"9";"1";"1";"1";""
"202400017854";"155 750 321";"A01";"1";"31";"0";"2";"2";"17";"1";""
"202400017854";"155 750 324";"B01";"1";"21";"0";"2";"3";"15";"1";""
"202400017855";"155 750 323";"A01";"3";"33";"0";"1";"1";"1";"1";""
"202400017856";"155 750 320";"B01";"1";"1";"0";"2";"1";"1";"5";""
"202400017856";"155 750 322";"A01";"1";"7";"0";"2";"3";"1";"2";""
"202400017857";"155 750 316";"B01";"1";"33";"0";"2";"4";"2";"1";""
"202400017857";"155 750 317";"C01";"3";"7";"0";"2";"5";"1";"1";""
"202400017857";"155 750 318";"A01";"1";"7";"0";"2";"2";"2";"1";""
"202400017858";"155 750 314";"B01";"1";"30";"0";"2";"1";"1";"3";""
"202400017858";"155 750 319";"A01";"2";"30";"0";"2";"1";"9";"1";""
"202400017859";"155 750 313";"A01";"2";"33";"1";"0";"1";"0";"1";""
"202400017860";"155 750 315";"A01";"1";"7";"0";"0";"0";"13";"0";""
"202400017861";"155 750 312";"A01";"2";"80";"0";"1";"1";"1";"3";""
"202400017862";"155 750 307";"B01";"1";"1";"0";"2";"1";"17";"5";""
"202400017862";"155 750 310";"Z01";"1";"10";"0";"9";"8";"2";"0";""
"202400017863";"155 750 309";"A01";"0";"80";"0";"2";"1";"26";"3";""
"202400017863";"155 750 311";"B01";"1";"7";"0";"2";"1";"0";"1";""
"202400017864";"155 750 308";"A01";"2";"7";"12";"0";"2";"11";"1";""
"202400017865";"155 750 306";"Z01";"1";"1";"0";"1";"1";"1";"5";""
"202400017866";"155 750 304";"A01";"2";"7";"0";"1";"1";"1";"3";""
"202400017867";"155 750 303";"A01";"3";"31";"0";"0";"0";"1";"1";""
"202400017868";"155 750 302";"B01";"2";"7";"0";"9";"3";"1";"1";""
"202400017868";"155 750 305";"A01";"2";"80";"0";"2";"1";"1";"3";""
"202400017869";"155 750 298";"B01";"2";"7";"0";"2";"1";"5";"1";""
"202400017869";"155 750 301";"A01";"1";"7";"0";"2";"1";"13";"2";""
"202400017870";"155 750 297";"A01";"1";"7";"0";"2";"2";"16";"2";""
"202400017870";"155 750 300";"B01";"3";"50";"0";"2";"0";"0";"3";""
"202400017871";"155 750 295";"A01";"1";"7";"0";"2";"1";"2";"1";""
"202400017871";"155 750 299";"B01";"1";"50";"0";"2";"4";"2";"3";""
"202400017872";"155 750 293";"A01";"1";"7";"0";"2";"2";"1";"1";""
"202400017872";"155 750 296";"B01";"2";"7";"0";"2";"8";"16";"2";""
"202400017873";"155 750 291";"A01";"1";"31";"0";"2";"2";"17";"1";""
"202400017873";"155 750 294";"B01";"2";"7";"0";"2";"3";"19";"1";""
"202400017874";"155 750 288";"B01";"3";"7";"0";"2";"4";"1";"1";""
"202400017874";"155 750 290";"C01";"3";"37";"0";"2";"4";"23";"2";"1"
"202400017874";"155 750 292";"A01";"3";"10";"0";"2";"1";"1";"1";""
"202400017875";"155 750 286";"B01";"3";"7";"0";"0";"0";"0";"1";""
"202400017875";"155 750 289";"A01";"3";"7";"0";"1";"3";"17";"1";""
"202400017876";"155 750 284";"A01";"1";"10";"0";"2";"2";"1";"1";""
"202400017876";"155 750 287";"B01";"1";"32";"0";"2";"3";"18";"1";""
"202400017877";"155 750 283";"B01";"2";"32";"0";"2";"1";"1";"1";""
"202400017877";"155 750 285";"A01";"3";"7";"0";"2";"3";"9";"1";""
"202400017878";"155 750 281";"A01";"1";"7";"2";"0";"1";"26";"1";""
"202400017879";"155 750 278";"A01";"2";"7";"0";"2";"3";"15";"1";""
"202400017879";"155 750 282";"B01";"1";"1";"0";"2";"8";"1";"5";""
"202400017880";"155 750 277";"A01";"1";"10";"0";"2";"2";"1";"1";""
"202400017880";"155 750 280";"B01";"1";"7";"0";"2";"3";"15";"1";""
"202400017881";"155 750 276";"A01";"3";"7";"0";"2";"1";"17";"1";""
"202400017881";"155 750 279";"B01";"3";"7";"0";"2";"5";"23";"1";""
"202400017882";"155 750 275";"A01";"1";"10";"13";"0";"1";"26";"1";""
"202400017883";"155 750 272";"A01";"0";"33";"0";"2";"3";"18";"1";""
"202400017883";"155 750 274";"B01";"0";"7";"0";"2";"2";"1";"1";""
"202400017884";"155 750 270";"A01";"0";"7";"0";"2";"3";"13";"1";""
"202400017884";"155 750 273";"B01";"0";"37";"0";"2";"3";"1";"2";"1"
"202400017885";"155 750 269";"A01";"3";"10";"14";"2";"2";"1";"1";""
"202400017885";"155 750 271";"B01";"3";"7";"0";"2";"4";"23";"1";""
"202400017886";"155 750 267";"A01";"3";"7";"0";"2";"1";"1";"1";""
"202400017886";"155 750 268";"B01";"3";"7";"0";"2";"4";"16";"1";""
"202400017887";"155 750 265";"A01";"3";"7";"0";"1";"6";"16";"1";""
"202400017888";"155 750 259";"B01";"1";"7";"0";"2";"6";"1";"1";""
"202400017888";"155 750 263";"A01";"2";"7";"0";"2";"3";"13";"1";""
"202400017888";"155 750 266";"C01";"1";"7";"0";"2";"1";"1";"1";""
"202400017889";"155 750 262";"A01";"3";"7";"0";"2";"8";"15";"2";""
"202400017889";"155 750 264";"B01";"3";"34";"0";"2";"2";"21";"1";""
"202400017890";"155 750 258";"B01";"3";"1";"0";"2";"7";"19";"5";""
"202400017890";"155 750 261";"A01";"3";"7";"0";"2";"1";"15";"1";""
"202400017891";"155 750 257";"A01";"1";"32";"0";"2";"1";"1";"1";""
"202400017891";"155 750 260";"B01";"3";"7";"0";"2";"3";"15";"2";""
"202400017892";"155 750 255";"A01";"1";"7";"0";"1";"2";"1";"1";""
"202400017893";"155 750 254";"A01";"2";"7";"15";"0";"1";"1";"1";""
"202400017894";"155 750 252";"A01";"2";"7";"4";"0";"1";"1";"1";""
"202400017895";"155 750 251";"A01";"1";"7";"0";"1";"1";"15";"3";""
"202400017896";"155 750 249";"A01";"3";"7";"0";"2";"1";"2";"1";""
"202400017896";"155 750 253";"B01";"3";"7";"0";"2";"4";"2";"1";""
"202400017897";"155 750 250";"B01";"1";"7";"0";"2";"1";"2";"1";""
"202400017897";"155 750 256";"A01";"1";"7";"0";"2";"7";"1";"2";""
"202400017898";"155 750 246";"B01";"3";"33";"0";"2";"2";"1";"1";""
"202400017898";"155 750 248";"A01";"3";"7";"0";"2";"8";"11";"1";""
"202400017899";"155 750 244";"B01";"2";"7";"1";"0";"1";"21";"1";""
"202400017899";"155 750 245";"C01";"2";"7";"0";"2";"4";"24";"1";""
"202400017900";"155 750 243";"A01";"3";"30";"0";"2";"1";"16";"1";""
"202400017900";"155 750 247";"B01";"3";"10";"0";"2";"2";"26";"1";""
"202400017901";"155 750 242";"A01";"2";"7";"0";"1";"2";"1";"1";""
"202400017902";"155 750 241";"A01";"1";"7";"0";"0";"1";"1";"1";""
"202400017903";"155 750 239";"A01";"3";"7";"0";"1";"0";"15";"0";""
"202400017904";"155 750 238";"A01";"2";"31";"0";"2";"7";"16";"1";""
"202400017905";"155 750 234";"C01";"1";"7";"0";"2";"1";"15";"0";""
"202400017905";"155 750 237";"B01";"1";"32";"0";"2";"4";"15";"0";""
"202400017905";"155 750 240";"A01";"2";"7";"0";"2";"0";"15";"0";""
"202400017906";"155 750 235";"A01";"3";"7";"6";"0";"3";"1";"1";""
"202400017907";"155 750 233";"A01";"1";"10";"0";"1";"7";"16";"1";""
"202400017908";"155 750 232";"B01";"0";"7";"0";"2";"7";"1";"1";""
"202400017908";"155 750 236";"A01";"0";"7";"0";"2";"1";"19";"1";""
"202400017909";"155 750 229";"B01";"2";"31";"0";"2";"8";"3";"1";""
"202400017909";"155 750 231";"A01";"2";"7";"0";"2";"7";"12";"1";""
"202400017910";"155 750 228";"A01";"1";"50";"8";"2";"1";"2";"3";""
"202400017910";"155 750 230";"B01";"2";"7";"0";"9";"3";"15";"1";""
"202400017911";"155 750 224";"A01";"1";"30";"1";"2";"1";"25";"1";""
"202400017911";"155 750 226";"B01";"2";"10";"0";"2";"1";"1";"1";""
"202400017912";"155 750 220";"B01";"2";"10";"0";"2";"5";"2";"1";""
"202400017912";"155 750 223";"A01";"2";"43";"0";"2";"1";"2";"1";""
"202400017912";"155 750 225";"C01";"2";"7";"0";"2";"6";"1";"1";""
"202400017913";"155 750 219";"A01";"1";"1";"1";"0";"3";"13";"5";""
"202400017913";"155 750 222";"B01";"1";"7";"0";"2";"7";"1";"1";""
"202400017914";"155 750 221";"B01";"2";"7";"0";"2";"1";"1";"1";""
"202400017914";"155 750 227";"A01";"1";"7";"0";"2";"8";"26";"1";""
"202400017915";"155 750 218";"A01";"1";"42";"6";"0";"1";"19";"1";""
"202400017916";"155 750 217";"A01";"1";"7";"13";"0";"7";"1";"1";""
"202400017917";"155 750 211";"A01";"2";"31";"0";"2";"1";"21";"1";""
"202400017917";"155 750 214";"C01";"2";"10";"0";"2";"6";"1";"1";""
"202400017917";"155 750 216";"B01";"1";"7";"0";"0";"6";"1";"0";""
"202400017918";"155 750 210";"B01";"0";"7";"0";"2";"1";"19";"1";""
"202400017918";"155 750 213";"A01";"2";"99";"0";"2";"2";"19";"1";""
"202400017919";"155 750 212";"B01";"0";"50";"0";"2";"4";"26";"3";""
"202400017919";"155 750 215";"A01";"0";"0";"0";"2";"0";"0";"0";""
"202400017920";"155 750 209";"A01";"1";"7";"6";"0";"3";"1";"1";""
"202400017921";"155 750 207";"A01";"2";"50";"0";"1";"1";"1";"3";""
"202400017922";"155 750 208";"A01";"1";"33";"0";"1";"2";"1";"1";""
"202400017923";"155 750 204";"B01";"2";"7";"0";"2";"1";"1";"1";""
"202400017923";"155 750 205";"A01";"2";"7";"0";"2";"5";"10";"1";""
"202400017924";"155 750 202";"A01";"1";"7";"6";"0";"8";"13";"1";""
"202400017925";"155 750 201";"A01";"3";"33";"0";"1";"3";"25";"1";""
"202400017926";"155 750 200";"A01";"1";"37";"0";"2";"1";"2";"0";"3"
"202400017926";"155 750 203";"B01";"1";"7";"0";"2";"4";"2";"1";""
"202400017927";"155 750 199";"A01";"1";"7";"4";"0";"0";"0";"1";""
"202400017928";"155 750 196";"A01";"3";"2";"0";"2";"1";"13";"1";""
"202400017928";"155 750 198";"B01";"3";"7";"0";"2";"1";"26";"1";""
"202400017929";"155 750 194";"B01";"3";"1";"0";"2";"1";"1";"5";""
"202400017929";"155 750 197";"A01";"1";"31";"0";"9";"1";"5";"1";""
"202400017930";"155 750 192";"A01";"1";"7";"0";"2";"2";"15";"1";""
"202400017930";"155 750 195";"B01";"2";"34";"0";"2";"1";"1";"1";""
"202400017931";"155 750 191";"A01";"2";"32";"0";"2";"1";"1";"1";""
"202400017931";"155 750 193";"Z01";"2";"7";"0";"2";"8";"23";"1";""
"202400017932";"155 750 190";"A01";"1";"7";"2";"0";"1";"1";"1";""
"202400017933";"155 750 188";"A01";"3";"1";"0";"1";"1";"26";"5";""
"202400017934";"155 750 187";"A01";"1";"7";"0";"0";"0";"0";"1";""
"202400017935";"155 750 186";"A01";"2";"30";"14";"0";"1";"1";"1";""
"202400017936";"155 750 185";"B01";"1";"7";"0";"2";"6";"23";"1";""
"202400017936";"155 750 189";"A01";"1";"33";"0";"2";"1";"13";"1";""
"202400017937";"155 750 182";"A01";"2";"10";"0";"2";"4";"4";"1";""
"202400017937";"155 750 184";"B01";"2";"2";"0";"2";"1";"1";"3";""
"202400017938";"155 750 178";"A01";"2";"7";"0";"2";"3";"1";"1";""