"Num_Acc";"id_vehicule";"num_veh";"senc";"catv";"obs";"obsm";"choc";"manv";"motor";"occutc"
"202400019149";"155 748 043";"A01";"3";"7";"1";"0";"0";"0";"1";""
"202400019150";"155 748 038";"A01";"2";"7";"0";"2";"3";"15";"1";""
"202400019150";"155 748 041";"B01";"1";"1";"0";"2";"3";"1";"5";""
"202400019151";"155 748 036";"A01";"0";"7";"0";"2";"1";"0";"0";""
"202400019151";"155 748 040";"B01";"0";"60";"0";"2";"8";"1";"5";""
"202400019152";"155 748 034";"A01";"2";"7";"13";"0";"8";"1";"1";""
"202400019153";"155 748 032";"B01";"1";"33";"0";"2";"7";"1";"1";""
"202400019153";"155 748 035";"A01";"1";"7";"0";"2";"3";"15";"1";""
"202400019154";"155 748 030";"A01";"1";"7";"0";"2";"1";"1";"1";""
"202400019154";"155 748 033";"B01";"1";"10";"0";"2";"4";"12";"1";""
"202400019155";"155 748 029";"A01";"3";"7";"0";"2";"2";"20";"1";""
"202400019155";"155 748 031";"B01";"3";"2";"0";"2";"8";"1";"1";""
"202400019156";"155 748 028";"A01";"3";"7";"0";"1";"1";"16";"3";""
"202400019157";"155 748 026";"A01";"1";"7";"0";"1";"3";"13";"1";""
"202400019158";"155 748 025";"A01";"2";"7";"0";"2";"8";"13";"1";""
"202400019158";"155 748 027";"B01";"1";"17";"0";"2";"6";"1";"1";""
"202400019159";"155 748 022";"A01";"2";"43";"11";"0";"8";"1";"1";""
"202400019160";"155 748 023";"B01";"3";"7";"0";"2";"7";"15";"2";""
"202400019160";"155 748 024";"A01";"3";"7";"0";"2";"1";"1";"1";""
"202400019161";"155 748 020";"A01";"1";"7";"0";"2";"0";"0";"0";""
"202400019161";"155 748 021";"B01";"1";"1";"0";"2";"6";"1";"5";""
"202400019162";"155 748 017";"B01";"1";"1";"0";"2";"2";"3";"5";""
"202400019162";"155 748 019";"A01";"2";"7";"0";"2";"2";"9";"1";""
"202400019163";"155 748 016";"A01";"3";"10";"0";"4";"6";"26";"1";""
"202400019163";"155 748 018";"B01";"3";"40";"0";"2";"1";"1";"0";""
"202400019164";"155 748 015";"A01";"2";"7";"2";"0";"1";"17";"1";""
"202400019165";"155 748 014";"A01";"2";"7";"0";"1";"2";"1";"1";""
"202400019166";"155 748 012";"A01";"3";"7";"1";"1";"4";"20";"1";""
"202400019167";"155 748 010";"A01";"1";"7";"13";"0";"3";"1";"1";""
"202400019168";"155 748 008";"B01";"2";"7";"0";"9";"4";"1";"1";""
"202400019168";"155 748 011";"C01";"2";"7";"0";"2";"1";"1";"1";""
"202400019168";"155 748 013";"A01";"2";"10";"0";"2";"1";"1";"1";""
"202400019169";"155 748 003";"A01";"1";"7";"0";"0";"4";"1";"6";""
"202400019169";"155 748 005";"B01";"1";"7";"0";"2";"1";"1";"1";""
"202400019169";"155 748 007";"C01";"1";"33";"0";"2";"1";"1";"1";""
"202400019170";"155 748 002";"A01";"2";"13";"0";"2";"2";"12";"1";""
"202400019170";"155 748 004";"B01";"2";"7";"0";"2";"6";"1";"1";""
"202400019170";"155 748 006";"C01";"2";"7";"0";"2";"4";"1";"2";""
"202400019170";"155 748 009";"D01";"2";"7";"0";"2";"2";"1";"2";""
"202400019171";"155 748 000";"A01";"1";"2";"6";"0";"2";"14";"1";""
"202400019172";"155 747 997";"A01";"1";"7";"0";"2";"1";"1";"2";""
"202400019172";"155 747 998";"B01";"1";"7";"0";"2";"4";"1";"1";""
"202400019173";"155 747 995";"A01";"3";"7";"0";"2";"5";"16";"1";""
"202400019173";"155 747 996";"B01";"3";"1";"0";"2";"1";"1";"5";""
"202400019174";"155 747 993";"A01";"2";"33";"0";"2";"1";"3";"1";""
"202400019174";"155 747 994";"B01";"2";"7";"0";"2";"6";"1";"1";""
"202400019175";"155 747 999";"A01";"1";"7";"0";"2";"1";"2";"1";""
"202400019175";"155 748 001";"B01";"1";"7";"0";"2";"4";"1";"1";""
"202400019176";"155 747 991";"B01";"1";"7";"0";"2";"3";"1";"1";""
"202400019176";"155 747 992";"A01";"2";"7";"0";"2";"3";"1";"1";""
"202400019177";"155 747 989";"A01";"1";"34";"12";"0";"1";"1";"1";""
"202400019178";"155 747 988";"A01";"0";"7";"0";"1";"1";"26";"1";""
"202400019179";"155 747 986";"A01";"2";"33";"0";"2";"1";"21";"1";""
"202400019179";"155 747 987";"B01";"2";"43";"0";"2";"4";"23";"1";""
"202400019180";"155 747 980";"A01";"1";"80";"1";"0";"7";"1";"3";""
"202400019180";"155 747 982";"B01";"1";"10";"0";"2";"3";"22";"1";""
"202400019181";"155 747 979";"A01";"1";"7";"0";"2";"1";"13";"1";""
"202400019181";"155 747 981";"C01";"2";"7";"0";"2";"4";"2";"2";""
"202400019181";"155 747 983";"B01";"2";"7";"0";"2";"1";"0";"1";""
"202400019181";"155 747 984";"D01";"2";"10";"0";"2";"1";"2";"1";""
"202400019182";"155 747 985";"B01";"0";"60";"0";"2";"1";"19";"5";""
"202400019182";"155 747 990";"A01";"1";"10";"12";"2";"7";"1";"1";""
"202400019183";"155 747 978";"A01";"1";"10";"0";"1";"1";"15";"1";""
"202400019184";"155 747 977";"A01";"2";"7";"0";"1";"2";"1";"2";""
"202400019185";"155 747 976";"A01";"1";"7";"8";"0";"2";"14";"1";""
"202400019186";"155 747 974";"A01";"2";"10";"0";"0";"9";"1";"1";""
"202400019187";"155 747 971";"A01";"3";"1";"0";"2";"1";"18";"5";""
"202400019187";"155 747 973";"B01";"3";"1";"0";"2";"4";"14";"5";""
"202400019188";"155 747 970";"A01";"1";"36";"0";"6";"1";"0";"1";""
"202400019189";"155 747 972";"B01";"1";"7";"0";"2";"5";"1";"1";""
"202400019189";"155 747 975";"A01";"1";"33";"0";"2";"1";"11";"1";""
"202400019190";"155 747 968";"B01";"3";"7";"0";"2";"2";"15";"0";""
"202400019190";"155 747 969";"A01";"1";"3";"0";"2";"2";"1";"1";""
"202400019191";"155 747 967";"A01";"2";"7";"0";"1";"1";"1";"2";""
"202400019192";"155 747 965";"B01";"2";"7";"0";"2";"1";"1";"1";""
"202400019192";"155 747 966";"A01";"1";"7";"0";"2";"1";"13";"1";""
"202400019193";"155 747 963";"B01";"1";"1";"0";"2";"1";"1";"5";""
"202400019193";"155 747 964";"A01";"1";"7";"0";"2";"2";"1";"1";""
"202400019194";"155 747 962";"A01";"1";"7";"0";"1";"2";"1";"1";""
"202400019195";"155 747 960";"A01";"1";"7";"9";"0";"1";"10";"1";""
"202400019196";"155 747 961";"A01";"3";"7";"8";"0";"2";"16";"1";""
"202400019197";"155 747 959";"A01";"1";"80";"0";"1";"1";"1";"3";""
"202400019198";"155 747 956";"B01";"2";"3";"4";"2";"1";"1";"1";""
"202400019198";"155 747 958";"A01";"1";"7";"4";"2";"3";"1";"1";""
"202400019199";"155 747 954";"A01";"1";"1";"0";"0";"0";"1";"5";""
"202400019200";"155 747 953";"A01";"1";"7";"0";"1";"3";"1";"1";""
"202400019201";"155 747 951";"A01";"1";"7";"0";"2";"1";"1";"1";""
"202400019201";"155 747 952";"B01";"1";"7";"0";"2";"4";"1";"1";""
"202400019202";"155 747 948";"A01";"2";"7";"0";"2";"1";"1";"1";""
"202400019202";"155 747 950";"B01";"1";"10";"0";"2";"1";"5";"1";""
"202400019203";"155 747 949";"Z01";"2";"1";"0";"1";"1";"1";"5";""
"202400019204";"155 747 944";"B01";"2";"7";"0";"2";"4";"2";"1";""
"202400019204";"155 747 945";"C01";"2";"7";"0";"2";"4";"2";"1";""
"202400019204";"155 747 947";"A01";"2";"7";"0";"2";"1";"2";"1";""
"202400019205";"155 747 943";"A01";"1";"1";"0";"1";"3";"5";"5";""
"202400019206";"155 747 942";"A01";"1";"10";"0";"1";"2";"1";"1";""
"202400019207";"155 747 939";"B01";"2";"7";"0";"2";"3";"15";"1";""
"202400019207";"155 747 941";"A01";"2";"1";"0";"2";"7";"1";"5";""
"202400019208";"155 747 938";"A01";"2";"10";"0";"2";"3";"9";"1";""
"202400019208";"155 747 940";"B01";"2";"1";"0";"2";"1";"1";"5";""
"202400019209";"155 747 936";"A01";"2";"7";"0";"2";"3";"15";"1";""
"202400019209";"155 747 937";"B01";"1";"30";"0";"2";"1";"1";"1";""
"202400019210";"155 747 934";"B01";"1";"37";"0";"2";"4";"26";"1";"1"
"202400019210";"155 747 935";"A01";"1";"7";"0";"2";"1";"2";"1";""
"202400019211";"155 747 932";"A01";"1";"10";"1";"1";"3";"26";"3";""
"202400019212";"155 747 930";"A01";"1";"7";"0";"0";"4";"2";"1";""
"202400019212";"155 747 933";"B01";"1";"7";"0";"0";"1";"2";"1";""
"202400019213";"155 747 929";"A01";"2";"7";"0";"2";"0";"17";"1";""
"202400019213";"155 747 931";"B01";"2";"7";"0";"2";"8";"2";"1";""
"202400019214";"155 747 927";"A01";"1";"7";"0";"1";"3";"19";"1";""
"202400019215";"155 747 926";"B01";"1";"31";"0";"2";"1";"0";"1";""
"202400019215";"155 747 928";"A01";"1";"7";"0";"2";"3";"0";"1";""
"202400019216";"155 747 925";"A01";"2";"50";"0";"1";"1";"5";"3";""
"202400019217";"155 747 922";"B01";"2";"33";"0";"2";"1";"17";"1";""
"202400019217";"155 747 924";"A01";"2";"10";"0";"2";"3";"15";"1";""
"202400019218";"155 747 923";"A01";"1";"33";"0";"1";"2";"21";"1";""
"202400019219";"155 747 921";"A01";"2";"7";"0";"0";"9";"14";"1";""
"202400019220";"155 747 918";"B01";"2";"50";"0";"2";"1";"2";"3";""
"202400019220";"155 747 920";"A01";"2";"10";"0";"2";"8";"2";"3";""
"202400019221";"155 747 917";"A01";"2";"33";"0";"0";"5";"1";"1";""
"202400019222";"155 747 916";"A01";"1";"7";"13";"0";"6";"19";"0";""
"202400019222";"155 747 919";"B01";"1";"7";"13";"2";"1";"1";"1";""
"202400019223";"155 747 915";"A01";"0";"1";"0";"0";"0";"26";"5";""
"202400019224";"155 747 913";"A01";"2";"7";"4";"0";"7";"0";"1";""
"202400019225";"155 747 911";"A01";"2";"30";"0";"2";"1";"16";"1";""
"202400019225";"155 747 912";"B01";"2";"7";"0";"2";"7";"16";"1";""
"202400019226";"155 747 910";"B01";"3";"3";"0";"1";"2";"23";"1";""
"202400019226";"155 747 914";"A01";"3";"7";"0";"2";"2";"1";"6";""
"202400019227";"155 747 908";"A01";"1";"7";"0";"0";"4";"15";"1";""
"202400019227";"155 747 909";"B01";"1";"7";"0";"2";"1";"1";"1";""
"202400019228";"155 747 905";"A01";"2";"1";"0";"0";"0";"1";"5";""
"202400019229";"155 747 906";"A01";"1";"7";"8";"0";"1";"1";"2";""
"202400019230";"155 747 907";"A01";"3";"7";"0";"1";"1";"19";"1";""
"202400019231";"155 747 903";"A01";"1";"7";"8";"0";"1";"1";"1";""
"202400019232";"155 747 902";"A01";"1";"7";"2";"1";"3";"25";"1";""
"202400019233";"155 747 900";"A01";"1";"7";"0";"2";"1";"1";"1";""
"202400019233";"155 747 901";"C01";"2";"7";"0";"0";"1";"1";"1";""
"202400019233";"155 747 904";"B01";"2";"7";"0";"0";"1";"1";"1";""
"202400019234";"155 747 898";"A01";"2";"7";"0";"1";"1";"2";"1";""
"202400019235";"155 747 896";"A01";"0";"7";"0";"2";"1";"1";"1";""
"202400019235";"155 747 899";"B01";"0";"7";"0";"2";"8";"1";"1";""
"202400019236";"155 747 895";"A01";"1";"7";"1";"0";"1";"1";"1";""
"202400019236";"155 747 897";"B01";"2";"7";"0";"2";"3";"26";"1";""
"202400019237";"155 747 892";"B01";"1";"2";"0";"2";"1";"0";"1";""
"202400019237";"155 747 894";"A01";"1";"10";"0";"2";"2";"0";"1";""
"202400019238";"155 747 891";"A01";"1";"1";"0";"2";"1";"1";"5";""
"202400019238";"155 747 893";"B01";"1";"7";"0";"2";"4";"23";"1";""
"202400019239";"155 747 889";"A01";"2";"3";"1";"0";"1";"14";"1";""
"202400019239";"155 747 890";"B01";"1";"7";"0";"0";"5";"24";"1";""
"202400019240";"155 747 888";"A01";"2";"7";"4";"0";"1";"9";"1";""
"202400019241";"155 747 886";"A01";"1";"7";"0";"2";"1";"19";"1";""
"202400019241";"155 747 887";"B01";"2";"32";"0";"2";"8";"1";"3";""
"202400019242";"155 747 885";"A01";"1";"33";"0";"0";"8";"12";"1";""
"202400019243";"155 747 882";"B01";"1";"33";"0";"2";"7";"2";"1";""
"202400019243";"155 747 884";"A01";"1";"31";"0";"2";"3";"11";"1";""
"202400019244";"155 747 881";"A01";"1";"7";"0";"1";"1";"1";"0";""
"202400019245";"155 747 880";"B01";"1";"50";"0";"0";"0";"0";"3";""
"202400019245";"155 747 883";"A01";"1";"7";"0";"0";"0";"1";"1";""
"202400019246";"155 747 878";"A01";"1";"7";"0";"1";"1";"1";"1";""
"202400019247";"155 747 877";"A01";"1";"7";"0";"1";"1";"9";"1";""
"202400019248";"155 747 873";"A01";"2";"10";"0";"2";"1";"2";"1";""
"202400019248";"155 747 875";"B01";"2";"7";"0";"2";"4";"2";"1";""
"202400019248";"155 747 876";"C01";"2";"7";"3";"2";"4";"2";"1";""
"202400019248";"155 747 879";"D01";"2";"7";"0";"0";"4";"2";"1";""
"202400019249";"155 747 874";"A01";"2";"40";"0";"1";"2";"1";"3";""
"202400019250";"155 747 870";"A01";"1";"31";"0";"2";"2";"21";"1";""
"202400019250";"155 747 872";"B01";"1";"7";"0";"2";"2";"15";"1";""
"202400019251";"155 747 868";"A01";"0";"7";"0";"2";"3";"13";"1";""
"202400019251";"155 747 871";"B01";"0";"7";"0";"2";"3";"1";"1";""
"202400019252";"155 747 869";"A01";"1";"7";"0";"1";"1";"16";"1";""
"202400019253";"155 747 866";"A01";"0";"7";"0";"1";"2";"1";"1";""
"202400019254";"155 747 865";"A01";"1";"7";"0";"2";"3";"9";"1";""
"202400019254";"155 747 867";"B01";"1";"1";"0";"2";"1";"1";"5";""
"202400019255";"155 747 863";"A01";"2";"1";"0";"2";"6";"1";"5";""
"202400019255";"155 747 864";"B01";"1";"2";"0";"2";"1";"1";"3";""
"202400019256";"155 747 861";"A01";"0";"7";"0";"1";"3";"1";"2";""
"202400019257";"155 747 860";"A01";"2";"2";"0";"0";"7";"16";"1";""
"202400019258";"155 747 858";"B01";"3";"7";"0";"2";"2";"0";"2";""
"202400019258";"155 747 862";"A01";"3";"10";"0";"2";"3";"1";"1";""
"202400019259";"155 747 857";"A01";"2";"2";"1";"0";"1";"1";"3";""
"202400019260";"155 747 856";"A01";"3";"7";"1";"0";"2";"21";"1";""
"202400019260";"155 747 859";"B01";"3";"15";"0";"0";"6";"23";"1";""
"202400019261";"155 747 853";"A01";"2";"30";"0";"2";"1";"5";"1";""
"202400019261";"155 747 855";"B01";"3";"7";"0";"2";"1";"1";"1";""
"202400019262";"155 747 852";"B01";"2";"10";"0";"2";"7";"16";"1";""
"202400019262";"155 747 854";"A01";"2";"31";"0";"2";"8";"18";"1";""
"202400019263";"155 747 849";"A01";"1";"7";"0";"2";"3";"13";"1";""
"202400019263";"155 747 851";"B01";"2";"7";"0";"2";"3";"1";"1";""
"202400019264";"155 747 848";"B01";"1";"7";"7";"0";"6";"15";"1";""
"202400019264";"155 747 850";"A01";"1";"7";"0";"2";"2";"17";"1";""
"202400019265";"155 747 846";"B01";"1";"33";"0";"2";"3";"1";"1";""
"202400019265";"155 747 847";"A01";"1";"1";"0";"2";"1";"19";"5";""
"202400019266";"155 747 844";"A01";"1";"7";"6";"0";"1";"1";"1";""
"202400019267";"155 747 843";"B01";"1";"1";"0";"0";"1";"1";"5";""
"202400019267";"155 747 845";"A01";"2";"7";"0";"9";"2";"15";"1";""
"202400019268";"155 747 842";"A01";"1";"31";"0";"1";"1";"1";"1";""
"202400019269";"155 747 841";"A01";"2";"7";"0";"1";"1";"16";"1";""
"202400019270";"155 747 839";"A01";"1";"2";"0";"2";"1";"1";"1";""
"202400019270";"155 747 840";"B01";"1";"7";"0";"2";"3";"1";"1";""
"202400019271";"155 747 838";"A01";"2";"1";"0";"2";"7";"1";"5";""
"202400019272";"155 747 837";"A01";"0";"10";"0";"1";"2";"1";"1";""
"202400019273";"155 747 835";"A01";"1";"99";"0";"2";"2";"9";"1";""
"202400019273";"155 747 836";"B01";"2";"33";"0";"2";"2";"1";"1";""
"202400019274";"155 747 833";"A01";"2";"7";"0";"1";"1";"15";"2";""
"202400019275";"155 747 831";"A01";"0";"7";"0";"0";"6";"1";"1";""
"202400019275";"155 747 834";"B01";"0";"10";"0";"2";"1";"15";"1";""
"202400019276";"155 747 830";"A01";"1";"7";"0";"2";"0";"13";"1";""
"202400019276";"155 747 832";"B01";"2";"7";"0";"2";"1";"1";"1";""
"202400019277";"155 747 826";"A01";"0";"7";"0";"1";"1";"1";"1";""
"202400019278";"155 747 825";"D01";"2";"7";"0";"2";"4";"1";"1";""
"202400019278";"155 747 827";"A01";"2";"10";"0";"2";"1";"1";"1";""
"202400019278";"155 747 828";"B01";"2";"7";"0";"2";"4";"1";"1";""
"202400019278";"155 747 829";"C01";"2";"7";"0";"2";"4";"1";"1";""
"202400019279";"155 747 822";"B01";"1";"2";"0";"2";"1";"1";"3";""
"202400019279";"155 747 824";"A01";"2";"10";"1";"2";"1";"1";"1";""
"202400019280";"155 747 820";"A01";"2";"7";"0";"1";"5";"1";"1";""
"202400019281";"155 747 819";"Z01";"0";"0";"0";"2";"0";"1";"0";""
"202400019281";"155 747 821";"A01";"1";"30";"0";"2";"0";"9";"1";""
"202400019282";"155 747 818";"A01";"2";"7";"6";"0";"1";"1";"1";""
"202400019283";"155 747 815";"A01";"2";"1";"0";"2";"1";"1";"5";""
"202400019283";"155 747 817";"B01";"1";"7";"0";"2";"2";"15";"3";""
"202400019284";"155 747 813";"A01";"1";"7";"3";"0";"0";"2";"1";""
"202400019285";"155 747 814";"B01";"2";"7";"0";"2";"3";"15";"1";""
"202400019285";"155 747 816";"A01";"1";"7";"0";"2";"1";"1";"1";""
"202400019286";"155 747 812";"A01";"3";"7";"9";"0";"2";"26";"1";""
"202400019287";"155 747 809";"A01";"2";"10";"0";"2";"1";"15";"1";""
"202400019287";"155 747 811";"B01";"1";"33";"0";"2";"1";"1";"1";""
"202400019288";"155 747 808";"B01";"2";"7";"0";"2";"8";"15";"1";""
"202400019288";"155 747 810";"A01";"2";"10";"13";"2";"2";"17";"1";""
"202400019289";"155 747 806";"A01";"1";"50";"0";"0";"1";"1";"3";""
"202400019290";"155 747 805";"B01";"0";"99";"0";"2";"3";"0";"5";""
"202400019290";"155 747 807";"A01";"1";"7";"0";"2";"3";"15";"1";""
"202400019291";"155 747 804";"A01";"2";"7";"0";"1";"3";"16";"1";""
"202400019292";"155 747 801";"A01";"2";"7";"0";"2";"1";"1";"1";""
"202400019292";"155 747 803";"B01";"1";"7";"0";"2";"1";"13";"1";""
"202400019293";"155 747 800";"A01";"2";"2";"0";"2";"1";"2";"3";""
"202400019293";"155 747 802";"B01";"2";"7";"0";"2";"4";"2";"1";""
"202400019294";"155 747 798";"A01";"1";"7";"0";"2";"1";"0";"1";""
"202400019294";"155 747 799";"B01";"2";"7";"0";"2";"1";"26";"1";""
"202400019295";"155 747 795";"A01";"1";"33";"8";"0";"9";"1";"1";""
"202400019296";"155 747 796";"A01";"1";"7";"0";"1";"2";"1";"1";""
"202400019297";"155 747 794";"B01";"1";"50";"0";"9";"7";"26";"3";""
"202400019297";"155 747 797";"A01";"1";"7";"0";"2";"1";"9";"1";""
"202400019298";"155 747 789";"B01";"2";"7";"0";"2";"1";"1";"1";""
"202400019298";"155 747 791";"A01";"2";"7";"17";"2";"1";"5";"1";""
"202400019299";"155 747 790";"B01";"1";"7";"0";"2";"1";"1";"1";""
"202400019299";"155 747 793";"A01";"1";"1";"0";"0";"4";"1";"5";""
"202400019300";"155 747 787";"A01";"1";"7";"0";"2";"2";"26";"1";""
"202400019300";"155 747 788";"B01";"1";"7";"0";"2";"3";"0";"1";""
"202400019300";"155 747 792";"C01";"1";"7";"0";"2";"1";"1";"1";""
"202400019301";"155 747 784";"B01";"2";"7";"0";"2";"1";"1";"1";""
"202400019301";"155 747 786";"A01";"1";"7";"0";"2";"1";"5";"1";""
"202400019302";"155 747 783";"A01";"3";"7";"1";"0";"1";"14";"3";""
"202400019303";"155 747 781";"A01";"1";"7";"13";"0";"2";"1";"1";""
"202400019304";"155 747 782";"B01";"1";"31";"0";"2";"3";"1";"1";""
"202400019304";"155 747 785";"A01";"1";"7";"0";"2";"3";"21";"1";""
"202400019305";"155 747 779";"A01";"2";"33";"0";"2";"1";"1";"1";""
"202400019305";"155 747 780";"B01";"1";"7";"0";"2";"2";"15";"2";""
"202400019306";"155 747 778";"A01";"2";"7";"0";"0";"0";"1";"1";""
"202400019307";"155 747 776";"A01";"1";"7";"0";"2";"5";"16";"2";""
"202400019307";"155 747 777";"B01";"1";"50";"0";"2";"8";"1";"3";""
"202400019308";"155 747 774";"A01";"3";"50";"8";"0";"1";"1";"3";""
"202400019309";"155 747 773";"A01";"2";"7";"0";"2";"1";"2";"1";""
"202400019309";"155 747 775";"B01";"1";"32";"0";"2";"3";"1";"1";""
"202400019310";"155 747 770";"A01";"0";"7";"0";"1";"1";"9";"2";""
"202400019311";"155 747 771";"A01";"1";"2";"0";"9";"6";"15";"1";""
"202400019311";"155 747 772";"B01";"1";"2";"0";"9";"1";"1";"1";""
"202400019312";"155 747 767";"A01";"1";"7";"0";"0";"1";"17";"1";""
"202400019313";"155 747 769";"A01";"2";"7";"8";"0";"7";"0";"1";""
"202400019314";"155 747 766";"A01";"2";"30";"0";"2";"3";"2";"1";""
"202400019314";"155 747 768";"B01";"1";"7";"0";"2";"3";"17";"1";""
"202400019315";"155 747 765";"A01";"1";"7";"8";"0";"7";"26";"1";""
"202400019316";"155 747 764";"A01";"2";"7";"6";"0";"1";"1";"1";""
"202400019317";"155 747 761";"A01";"1";"2";"15";"0";"1";"16";"1";""
"202400019318";"155 747 760";"B01";"1";"7";"0";"2";"9";"1";"1";""
"202400019318";"155 747 763";"A01";"1";"7";"0";"2";"2";"1";"1";""
"202400019319";"155 747 762";"A01";"1";"7";"0";"1";"2";"2";"1";""
"202400019320";"155 747 758";"A01";"3";"10";"0";"1";"3";"1";"1";""
"202400019321";"155 747 757";"A01";"2";"7";"0";"1";"1";"16";"1";""
"202400019322";"155 747 756";"A01";"3";"17";"0";"2";"2";"12";"1";""
"202400019322";"155 747 759";"B01";"3";"7";"0";"2";"8";"1";"1";""
"202400019323";"155 747 754";"A01";"1";"1";"0";"0";"0";"1";"5";""
"202400019324";"155 747 752";"A01";"0";"30";"1";"0";"8";"1";"1";""
"202400019324";"155 747 755";"B01";"0";"7";"1";"0";"3";"15";"1";""
"202400019325";"155 747 751";"A01";"2";"7";"0";"2";"1";"2";"1";""
"202400019325";"155 747 753";"B01";"2";"7";"0";"2";"4";"2";"1";""
"202400019326";"155 747 749";"A01";"1";"7";"2";"0";"1";"1";"1";""
"202400019327";"155 747 747";"A01";"2";"1";"0";"0";"0";"26";"5";""
"202400019328";"155 747 746";"A01";"1";"7";"0";"2";"1";"17";"1";""
"202400019328";"155 747 748";"B01";"2";"7";"0";"2";"1";"1";"1";""
"202400019328";"155 747 750";"C01";"1";"7";"0";"2";"8";"1";"1";""
"202400019329";"155 747 744";"A01";"1";"32";"0";"1";"1";"1";"2";""
"202400019330";"155 747 743";"A01";"2";"10";"0";"1";"1";"26";"1";""
"202400019331";"155 747 742";"B01";"1";"7";"0";"2";"1";"13";"1";""
"202400019331";"155 747 745";"A01";"2";"7";"0";"2";"1";"1";"1";""
"202400019332";"155 747 740";"A01";"2";"7";"0";"1";"3";"1";"1";""
"202400019333";"155 747 739";"B01";"2";"2";"0";"2";"1";"21";"1";""
"202400019333";"155 747 741";"A01";"2";"7";"0";"2";"6";"2";"1";""
"202400019334";"155 747 737";"A01";"1";"7";"0";"0";"5";"2";"1";""
"202400019334";"155 747 738";"B01";"1";"3";"0";"2";"3";"2";"1";""
"202400019335";"155 747 736";"A01";"2";"10";"1";"1";"0";"1";"2";""
"202400019336";"155 747 733";"A01";"2";"7";"0";"2";"3";"15";"1";""
"202400019336";"155 747 734";"B01";"1";"1";"0";"2";"1";"1";"5";""
"202400019337";"155 747 730";"A01";"1";"10";"0";"2";"1";"1";"1";""
"202400019337";"155 747 731";"B01";"1";"7";"0";"0";"6";"1";"1";""
"202400019338";"155 747 732";"A01";"1";"7";"0";"1";"2";"15";"2";""
"202400019339";"155 747 728";"A01";"1";"10";"13";"0";"1";"1";"1";""
"202400019340";"155 747 725";"A01";"1";"7";"6";"0";"1";"0";"1";""
"202400019341";"155 747 723";"B01";"2";"7";"0";"2";"4";"2";"0";""
"202400019341";"155 747 724";"C01";"2";"7";"0";"2";"4";"2";"0";""
"202400019341";"155 747 726";"D01";"2";"7";"0";"2";"4";"2";"0";""
"202400019341";"155 747 727";"A01";"2";"7";"0";"2";"1";"2";"0";""
"202400019342";"155 747 722";"B01";"3";"7";"0";"2";"3";"16";"1";""
"202400019342";"155 747 729";"A01";"2";"7";"0";"2";"1";"1";"1";""
"202400019343";"155 747 720";"A01";"1";"7";"0";"1";"1";"15";"1";""
"202400019344";"155 747 718";"A01";"1";"7";"2";"0";"3";"1";"1";""
"202400019345";"155 747 717";"A01";"2";"7";"0";"0";"0";"14";"1";""
"202400019346";"155 747 716";"A01";"1";"10";"0";"1";"1";"15";"1";""
"202400019347";"155 747 715";"A01";"2";"14";"4";"0";"1";"2";"1";""
"202400019348";"155 747 714";"A01";"1";"33";"16";"0";"1";"1";"1";""
"202400019349";"155 747 711";"A01";"1";"7";"0";"2";"7";"16";"1";""
"202400019349";"155 747 713";"B01";"1";"1";"0";"2";"1";"1";"5";""
"202400019350";"155 747 710";"A01";"2";"2";"0";"2";"1";"1";"1";""
"202400019350";"155 747 712";"B01";"1";"7";"0";"9";"2";"15";"1";""
"202400019351";"155 747 709";"A01";"2";"7";"15";"0";"1";"0";"1";""
"202400019352";"155 747 706";"A01";"3";"7";"0";"2";"2";"16";"1";""
"202400019352";"155 747 708";"B01";"3";"60";"0";"2";"8";"19";"5";""
"202400019353";"155 747 707";"A01";"3";"7";"0";"1";"2";"20";"1";""
"202400019354";"155 747 705";"A01";"2";"7";"0";"0";"5";"1";"2";""
"202400019355";"155 747 702";"B01";"2";"1";"0";"0";"4";"2";"5";""
"202400019355";"155 747 703";"A01";"2";"7";"0";"2";"2";"2";"1";""
"202400019356";"155 747 701";"A01";"2";"7";"0";"2";"1";"9";"1";""
"202400019356";"155 747 704";"B01";"1";"1";"0";"2";"7";"1";"5";""
"202400019357";"155 747 700";"A01";"2";"7";"6";"0";"1";"16";"1";""
"202400019358";"155 747 698";"A01";"1";"7";"0";"1";"2";"21";"1";""
"202400019359";"155 747 697";"A01";"2";"10";"0";"0";"5";"23";"1";""
"202400019359";"155 747 699";"B01";"2";"33";"0";"2";"1";"2";"1";""
"202400019360";"155 747 696";"A01";"2";"33";"15";"0";"8";"1";"1";""
"202400019361";"155 747 693";"A01";"1";"7";"1";"2";"1";"5";"1";""
"202400019361";"155 747 695";"B01";"2";"7";"0";"2";"6";"1";"1";""
"202400019362";"155 747 692";"A01";"1";"7";"13";"0";"8";"13";"1";""
"202400019363";"155 747 691";"A01";"3";"7";"0";"2";"3";"23";"1";""
"202400019363";"155 747 694";"B01";"3";"30";"0";"2";"8";"5";"1";""
"202400019364";"155 747 690";"A01";"2";"2";"0";"1";"1";"1";"1";""
"202400019365";"155 747 688";"A01";"1";"7";"0";"1";"3";"1";"1";""
"202400019366";"155 747 687";"A01";"2";"7";"0";"2";"3";"15";"1";""
"202400019366";"155 747 689";"B01";"1";"33";"0";"2";"1";"1";"1";""