"Num_Acc";"id_vehicule";"num_veh";"senc";"catv";"obs";"obsm";"choc";"manv";"motor";"occutc"
"202400019367";"155 747 684";"A01";"1";"33";"4";"0";"1";"1";"1";""
"202400019368";"155 747 683";"A01";"1";"7";"0";"1";"2";"1";"1";""
"202400019369";"155 747 685";"A01";"2";"7";"0";"2";"3";"15";"1";""
"202400019369";"155 747 686";"B01";"2";"2";"0";"2";"7";"17";"1";""
"202400019370";"155 747 679";"A01";"2";"33";"0";"2";"1";"17";"1";""
"202400019370";"155 747 682";"B01";"1";"33";"0";"2";"1";"1";"1";""
"202400019371";"155 747 678";"B01";"1";"15";"0";"0";"1";"1";"1";""
"202400019371";"155 747 681";"A01";"2";"7";"0";"2";"1";"13";"1";""
"202400019372";"155 747 680";"A01";"1";"7";"0";"1";"0";"1";"1";""
"202400019373";"155 747 676";"A01";"1";"7";"0";"2";"1";"1";"1";""
"202400019373";"155 747 677";"B01";"3";"10";"0";"2";"8";"1";"1";""
"202400019374";"155 747 675";"A01";"1";"7";"3";"0";"1";"1";"1";""
"202400019375";"155 747 674";"A01";"2";"33";"0";"0";"0";"1";"1";""
"202400019376";"155 747 671";"A01";"2";"7";"0";"2";"3";"4";"1";""
"202400019376";"155 747 672";"B01";"2";"7";"0";"2";"2";"1";"1";""
"202400019377";"155 747 670";"A01";"3";"7";"2";"0";"2";"1";"1";""
"202400019378";"155 747 673";"A01";"3";"7";"0";"1";"3";"1";"1";""
"202400019379";"155 747 667";"A01";"2";"7";"0";"2";"3";"13";"1";""
"202400019379";"155 747 669";"B01";"1";"7";"0";"2";"3";"1";"1";""
"202400019380";"155 747 665";"A01";"2";"7";"0";"2";"7";"15";"1";""
"202400019380";"155 747 668";"B01";"2";"33";"0";"2";"1";"1";"1";""
"202400019381";"155 747 664";"A01";"1";"7";"10";"0";"3";"1";"1";""
"202400019382";"155 747 663";"A01";"2";"7";"0";"2";"1";"1";"1";""
"202400019382";"155 747 666";"B01";"2";"7";"0";"2";"4";"23";"3";""
"202400019383";"155 747 661";"A01";"1";"7";"6";"0";"1";"1";"1";""
"202400019384";"155 747 659";"A01";"2";"7";"0";"2";"3";"1";"1";""
"202400019384";"155 747 662";"B01";"1";"7";"0";"2";"3";"9";"1";""
"202400019385";"155 747 658";"B01";"1";"1";"0";"2";"1";"1";"5";""
"202400019385";"155 747 660";"A01";"2";"7";"0";"9";"5";"0";"1";""
"202400019386";"155 747 656";"A01";"1";"7";"1";"0";"2";"1";"1";""
"202400019387";"155 747 657";"A01";"2";"7";"0";"1";"2";"0";"1";""
"202400019388";"155 747 655";"A01";"1";"7";"0";"1";"3";"0";"1";""
"202400019389";"155 747 654";"A01";"1";"7";"5";"0";"1";"0";"1";""
"202400019390";"155 747 652";"A01";"0";"7";"0";"1";"2";"1";"1";""
"202400019391";"155 747 651";"A01";"3";"7";"0";"2";"1";"15";"1";""
"202400019391";"155 747 653";"B01";"3";"7";"0";"2";"1";"1";"1";""
"202400019392";"155 747 649";"A01";"2";"7";"0";"2";"2";"1";"1";""
"202400019392";"155 747 650";"B01";"2";"2";"13";"0";"6";"1";"1";""
"202400019393";"155 747 648";"A01";"3";"7";"0";"1";"2";"1";"1";""
"202400019394";"155 747 646";"A01";"1";"10";"0";"2";"6";"21";"1";""
"202400019394";"155 747 647";"B01";"1";"7";"0";"2";"3";"21";"1";""
"202400019395";"155 747 645";"A01";"1";"10";"3";"0";"2";"1";"1";""
"202400019396";"155 747 643";"A01";"1";"10";"0";"2";"8";"20";"1";""
"202400019396";"155 747 644";"B01";"1";"10";"0";"2";"1";"1";"1";""
"202400019397";"155 747 640";"A01";"1";"7";"0";"2";"3";"5";"1";""
"202400019397";"155 747 642";"B01";"2";"33";"0";"2";"1";"0";"1";""
"202400019398";"155 747 637";"B01";"1";"7";"0";"2";"5";"26";"1";""
"202400019398";"155 747 639";"A01";"1";"10";"0";"2";"3";"1";"1";""
"202400019398";"155 747 641";"C01";"2";"7";"0";"2";"2";"1";"1";""
"202400019399";"155 747 636";"A01";"2";"7";"2";"0";"1";"14";"1";""
"202400019400";"155 747 638";"A01";"1";"7";"2";"0";"9";"1";"1";""
"202400019401";"155 747 635";"A01";"1";"7";"2";"0";"3";"1";"1";""
"202400019402";"155 747 631";"A01";"2";"7";"0";"2";"1";"1";"1";""
"202400019402";"155 747 634";"B01";"1";"7";"0";"2";"3";"1";"2";""
"202400019403";"155 747 629";"A01";"1";"7";"0";"2";"3";"5";"1";""
"202400019403";"155 747 632";"B01";"2";"7";"0";"2";"3";"1";"1";""
"202400019404";"155 747 628";"A01";"1";"7";"0";"2";"1";"2";"1";""
"202400019404";"155 747 630";"B01";"1";"7";"0";"2";"4";"1";"1";""
"202400019404";"155 747 633";"C01";"2";"7";"0";"2";"1";"1";"1";""
"202400019405";"155 747 626";"A01";"1";"7";"0";"2";"4";"1";"1";""
"202400019405";"155 747 627";"B01";"1";"33";"0";"2";"1";"2";"1";""
"202400019406";"155 747 625";"A01";"2";"7";"0";"1";"2";"1";"1";""
"202400019407";"155 747 624";"A01";"1";"7";"0";"1";"2";"1";"2";""
"202400019408";"155 747 619";"A01";"2";"7";"3";"0";"8";"17";"1";""
"202400019408";"155 747 621";"B01";"2";"7";"1";"0";"1";"1";"1";""
"202400019408";"155 747 623";"C01";"2";"7";"1";"0";"1";"1";"1";""
"202400019409";"155 747 618";"A01";"0";"7";"2";"0";"1";"1";"1";""
"202400019410";"155 747 616";"B01";"2";"7";"0";"2";"4";"23";"1";""
"202400019410";"155 747 617";"C01";"2";"7";"0";"2";"4";"23";"1";""
"202400019410";"155 747 620";"A01";"2";"7";"0";"2";"1";"2";"1";""
"202400019410";"155 747 622";"D01";"2";"7";"0";"2";"4";"23";"1";""
"202400019411";"155 747 613";"A01";"0";"7";"0";"2";"1";"1";"1";""
"202400019411";"155 747 614";"B01";"0";"33";"0";"2";"4";"9";"1";""
"202400019412";"155 747 612";"A01";"2";"10";"3";"0";"2";"1";"1";""
"202400019412";"155 747 615";"B01";"2";"17";"0";"0";"6";"1";"0";""
"202400019413";"155 747 611";"A01";"2";"30";"0";"1";"1";"18";"1";""
"202400019414";"155 747 609";"A01";"1";"7";"13";"0";"1";"13";"1";""
"202400019415";"155 747 607";"A01";"2";"33";"0";"0";"7";"3";"1";""
"202400019415";"155 747 610";"B01";"2";"17";"0";"9";"8";"21";"1";""
"202400019416";"155 747 608";"A01";"1";"7";"0";"1";"2";"1";"1";""
"202400019417";"155 747 602";"A01";"1";"7";"0";"2";"1";"17";"1";""
"202400019417";"155 747 604";"B01";"2";"7";"0";"2";"1";"1";"1";""
"202400019417";"155 747 605";"C01";"1";"2";"0";"2";"1";"1";"1";""
"202400019418";"155 747 601";"B01";"2";"50";"0";"2";"2";"1";"3";""
"202400019418";"155 747 603";"A01";"2";"10";"0";"2";"3";"10";"0";""
"202400019419";"155 747 600";"A01";"2";"7";"4";"0";"3";"1";"1";""
"202400019420";"155 747 598";"A01";"3";"7";"7";"0";"1";"15";"1";""
"202400019421";"155 747 594";"A01";"2";"7";"1";"0";"2";"1";"1";""
"202400019421";"155 747 597";"B01";"1";"20";"0";"2";"2";"26";"1";""
"202400019422";"155 747 593";"B01";"1";"7";"0";"2";"4";"1";"1";""
"202400019422";"155 747 596";"A01";"1";"7";"0";"2";"1";"17";"2";""
"202400019423";"155 747 595";"A01";"1";"7";"4";"0";"2";"14";"1";""
"202400019424";"155 747 589";"A01";"1";"7";"0";"2";"1";"5";"1";""
"202400019424";"155 747 591";"B01";"2";"7";"0";"2";"6";"1";"1";""
"202400019424";"155 747 592";"C01";"2";"7";"0";"2";"1";"1";"1";""
"202400019425";"155 747 587";"A01";"2";"7";"1";"1";"1";"1";"1";""
"202400019425";"155 747 590";"B01";"3";"10";"0";"0";"3";"24";"1";""
"202400019426";"155 747 586";"A01";"1";"10";"0";"2";"1";"2";"1";""
"202400019426";"155 747 588";"B01";"1";"7";"0";"0";"4";"26";"1";""
"202400019427";"155 747 585";"A01";"2";"7";"3";"0";"0";"17";"1";""
"202400019428";"155 747 584";"A01";"2";"33";"0";"0";"9";"1";"1";""
"202400019429";"155 747 582";"B01";"3";"1";"0";"2";"1";"25";"5";""
"202400019429";"155 747 583";"A01";"3";"50";"0";"2";"1";"25";"3";""
"202400019430";"155 747 581";"A01";"1";"33";"14";"9";"1";"1";"1";""
"202400019431";"155 747 579";"B01";"2";"7";"0";"2";"1";"1";"1";""
"202400019431";"155 747 580";"A01";"2";"10";"0";"0";"4";"23";"1";""
"202400019432";"155 747 577";"A01";"2";"7";"2";"0";"1";"13";"1";""
"202400019433";"155 747 576";"A01";"1";"7";"0";"2";"2";"0";"1";""
"202400019433";"155 747 578";"B01";"1";"2";"0";"0";"5";"0";"1";""
"202400019434";"155 747 575";"A01";"2";"10";"0";"1";"1";"1";"1";""
"202400019435";"155 747 573";"B01";"1";"31";"0";"2";"1";"1";"1";""
"202400019435";"155 747 574";"A01";"2";"7";"0";"2";"1";"15";"1";""
"202400019436";"155 747 572";"A01";"1";"7";"2";"0";"1";"13";"1";""
"202400019437";"155 747 571";"A01";"1";"7";"0";"1";"2";"1";"1";""
"202400019438";"155 747 568";"A01";"1";"7";"0";"2";"1";"2";"3";""
"202400019438";"155 747 570";"B01";"2";"2";"0";"2";"4";"15";"1";""
"202400019439";"155 747 563";"A01";"1";"7";"4";"2";"1";"14";"1";""
"202400019439";"155 747 565";"B01";"1";"7";"4";"2";"4";"2";"1";""
"202400019440";"155 747 560";"A01";"1";"17";"1";"2";"1";"1";"1";""
"202400019440";"155 747 562";"B01";"2";"7";"1";"2";"1";"1";"1";""
"202400019440";"155 747 566";"C01";"0";"15";"0";"2";"1";"24";"1";""
"202400019440";"155 747 567";"D01";"0";"15";"3";"2";"6";"24";"1";""
"202400019441";"155 747 561";"B01";"3";"33";"0";"2";"1";"16";"1";""
"202400019441";"155 747 564";"A01";"3";"7";"0";"2";"8";"11";"1";""
"202400019442";"155 747 557";"A01";"1";"2";"12";"0";"1";"1";"1";""
"202400019443";"155 747 555";"A01";"2";"33";"0";"2";"1";"1";"1";""
"202400019443";"155 747 558";"B01";"2";"7";"0";"2";"5";"1";"1";""
"202400019443";"155 747 559";"C01";"2";"7";"0";"2";"4";"1";"1";""
"202400019444";"155 747 551";"A01";"3";"7";"0";"2";"2";"17";"1";""
"202400019444";"155 747 553";"B01";"0";"2";"0";"0";"6";"15";"1";""
"202400019445";"155 747 549";"C01";"3";"7";"0";"2";"5";"1";"1";""
"202400019445";"155 747 552";"B01";"3";"7";"0";"2";"1";"1";"2";""
"202400019445";"155 747 554";"A01";"3";"7";"0";"2";"2";"15";"1";""
"202400019445";"155 747 556";"D01";"3";"7";"0";"2";"2";"1";"3";""
"202400019446";"155 747 547";"A01";"2";"7";"0";"2";"1";"1";"1";""
"202400019446";"155 747 548";"B01";"2";"7";"0";"2";"4";"1";"2";""
"202400019446";"155 747 550";"C01";"2";"7";"0";"2";"4";"1";"2";""
"202400019447";"155 747 545";"A01";"3";"7";"0";"1";"2";"1";"1";""
"202400019448";"155 747 544";"A01";"2";"99";"0";"2";"3";"1";"1";""
"202400019448";"155 747 546";"B01";"1";"80";"0";"2";"1";"11";"3";""
"202400019449";"155 747 539";"C01";"2";"7";"0";"2";"4";"1";"1";""
"202400019449";"155 747 542";"A01";"2";"33";"0";"2";"7";"3";"1";""
"202400019449";"155 747 543";"B01";"2";"7";"0";"2";"8";"1";"1";""
"202400019450";"155 747 538";"A01";"1";"7";"0";"2";"5";"2";"1";""
"202400019450";"155 747 541";"B01";"1";"7";"0";"2";"3";"2";"1";""
"202400019451";"155 747 537";"A01";"1";"33";"0";"0";"2";"1";"1";""
"202400019452";"155 747 534";"A01";"0";"7";"0";"2";"8";"15";"1";""
"202400019452";"155 747 536";"B01";"0";"10";"0";"2";"1";"1";"1";""
"202400019453";"155 747 533";"A01";"2";"7";"0";"1";"3";"16";"1";""
"202400019454";"155 747 532";"C01";"1";"7";"0";"2";"2";"12";"2";""
"202400019454";"155 747 535";"B01";"1";"7";"0";"2";"6";"1";"1";""
"202400019454";"155 747 540";"A01";"1";"7";"0";"2";"7";"1";"1";""
"202400019455";"155 747 530";"A01";"2";"10";"3";"0";"8";"1";"2";""
"202400019456";"155 747 528";"A01";"1";"7";"3";"0";"4";"1";"1";""
"202400019457";"155 747 527";"A01";"1";"7";"3";"2";"1";"11";"1";""
"202400019458";"155 747 529";"B01";"1";"7";"0";"2";"8";"1";"1";""
"202400019458";"155 747 531";"A01";"1";"7";"0";"2";"1";"1";"1";""
"202400019459";"155 747 526";"A01";"1";"33";"4";"0";"3";"16";"1";""
"202400019460";"155 747 524";"A01";"1";"1";"0";"2";"2";"5";"5";""
"202400019460";"155 747 525";"B01";"2";"7";"0";"2";"1";"16";"1";""
"202400019461";"155 747 523";"A01";"3";"30";"14";"0";"0";"1";"1";""
"202400019462";"155 747 522";"A01";"2";"7";"4";"0";"0";"0";"1";""
"202400019463";"155 747 520";"A01";"1";"7";"0";"2";"7";"9";"1";""
"202400019463";"155 747 521";"B01";"1";"50";"0";"2";"7";"9";"3";""
"202400019464";"155 747 518";"A01";"1";"7";"0";"2";"1";"2";"1";""
"202400019464";"155 747 519";"B01";"1";"7";"0";"2";"4";"2";"1";""
"202400019465";"155 747 517";"A01";"1";"7";"0";"1";"7";"1";"1";""
"202400019466";"155 747 516";"A01";"1";"7";"4";"0";"3";"26";"1";""
"202400019467";"155 747 515";"A01";"1";"7";"2";"0";"2";"14";"1";""
"202400019468";"155 747 513";"B01";"1";"7";"0";"2";"4";"1";"1";""
"202400019468";"155 747 514";"A01";"1";"30";"0";"2";"1";"2";"1";""
"202400019469";"155 747 512";"A01";"1";"7";"0";"1";"3";"19";"1";""
"202400019470";"155 747 511";"A01";"1";"1";"0";"0";"1";"2";"5";""
"202400019471";"155 747 510";"A01";"1";"7";"0";"1";"1";"15";"1";""
"202400019472";"155 747 508";"A01";"1";"7";"4";"0";"0";"0";"1";""
"202400019473";"155 747 507";"A01";"1";"7";"0";"2";"1";"1";"1";""
"202400019473";"155 747 509";"B01";"1";"10";"0";"2";"5";"1";"1";""
"202400019474";"155 747 506";"A01";"0";"7";"13";"0";"1";"0";"1";""
"202400019475";"155 747 505";"A01";"1";"37";"0";"0";"0";"1";"1";"3"
"202400019476";"155 747 502";"B01";"2";"7";"0";"2";"3";"13";"1";""
"202400019476";"155 747 504";"A01";"1";"7";"0";"2";"3";"1";"1";""
"202400019477";"155 747 501";"B01";"1";"1";"0";"2";"0";"0";"5";""
"202400019477";"155 747 503";"A01";"1";"7";"0";"2";"0";"0";"1";""
"202400019478";"155 747 497";"B01";"1";"80";"0";"2";"1";"1";"3";""
"202400019478";"155 747 499";"A01";"1";"7";"0";"2";"7";"16";"1";""
"202400019479";"155 747 498";"B01";"1";"2";"0";"0";"4";"16";"1";""
"202400019479";"155 747 500";"A01";"1";"7";"0";"2";"2";"1";"1";""
"202400019480";"155 747 496";"A01";"2";"33";"9";"0";"7";"1";"1";""
"202400019481";"155 747 495";"A01";"1";"10";"0";"1";"1";"1";"1";""
"202400019482";"155 747 492";"A01";"1";"7";"0";"2";"8";"19";"1";""
"202400019482";"155 747 494";"B01";"2";"2";"0";"2";"1";"1";"1";""
"202400019483";"155 747 493";"A01";"2";"33";"0";"2";"8";"3";"1";""
"202400019484";"155 747 490";"A01";"2";"7";"1";"0";"2";"14";"2";""
"202400019485";"155 747 488";"A01";"2";"99";"0";"2";"2";"17";"1";""
"202400019485";"155 747 491";"B01";"2";"15";"0";"2";"6";"1";"1";""
"202400019486";"155 747 487";"B01";"2";"7";"0";"2";"8";"1";"1";""
"202400019486";"155 747 489";"A01";"2";"7";"0";"2";"2";"14";"1";""
"202400019487";"155 747 484";"A01";"3";"10";"17";"0";"2";"14";"1";""
"202400019488";"155 747 481";"A01";"1";"33";"0";"0";"8";"1";"1";""
"202400019489";"155 747 480";"B01";"1";"34";"0";"2";"1";"0";"1";""
"202400019489";"155 747 482";"A01";"1";"7";"0";"2";"3";"9";"1";""
"202400019490";"155 747 477";"A01";"1";"7";"0";"2";"1";"2";"1";""
"202400019490";"155 747 478";"B01";"1";"3";"0";"2";"4";"2";"1";""
"202400019491";"155 747 479";"A01";"0";"7";"0";"1";"3";"1";"1";""
"202400019492";"155 747 476";"A01";"1";"7";"0";"1";"1";"0";"1";""
"202400019493";"155 747 474";"A01";"1";"7";"0";"2";"4";"1";"1";""
"202400019493";"155 747 475";"B01";"1";"7";"0";"2";"1";"2";"1";""
"202400019494";"155 747 473";"A01";"1";"7";"4";"0";"1";"1";"1";""
"202400019495";"155 747 467";"A01";"3";"7";"0";"2";"1";"26";"1";""
"202400019495";"155 747 468";"B01";"3";"1";"0";"2";"7";"1";"5";""
"202400019496";"155 747 466";"A01";"3";"7";"0";"1";"3";"1";"1";""
"202400019497";"155 747 464";"A01";"2";"7";"0";"2";"3";"19";"1";""
"202400019497";"155 747 465";"B01";"2";"7";"0";"2";"1";"1";"1";""
"202400019498";"155 747 462";"B01";"0";"33";"0";"2";"7";"26";"1";""
"202400019498";"155 747 463";"A01";"1";"7";"0";"2";"1";"1";"1";""
"202400019499";"155 747 461";"A01";"2";"38";"8";"0";"7";"1";"1";"5"
"202400019500";"155 747 460";"A01";"1";"7";"0";"1";"1";"1";"0";""
"202400019501";"155 747 459";"A01";"1";"7";"2";"0";"3";"13";"1";""
"202400019502";"155 747 457";"A01";"2";"7";"0";"2";"1";"26";"1";""
"202400019502";"155 747 458";"B01";"2";"7";"0";"2";"4";"0";"1";""
"202400019503";"155 747 455";"A01";"3";"7";"0";"2";"3";"15";"1";""
"202400019503";"155 747 456";"B01";"3";"1";"0";"2";"8";"18";"5";""
"202400019504";"155 747 453";"A01";"3";"33";"5";"0";"9";"1";"1";""
"202400019504";"155 747 454";"B01";"3";"33";"5";"0";"0";"21";"1";""
"202400019505";"155 747 452";"A01";"1";"7";"0";"1";"1";"1";"1";""
"202400019506";"155 747 451";"A01";"3";"0";"0";"1";"6";"4";"0";""
"202400019507";"155 747 450";"A01";"2";"33";"0";"6";"1";"1";"1";""
"202400019508";"155 747 448";"A01";"1";"7";"0";"2";"1";"2";"1";""
"202400019508";"155 747 449";"B01";"1";"32";"0";"2";"4";"2";"1";""
"202400019509";"155 747 446";"A01";"1";"7";"0";"2";"1";"13";"1";""
"202400019509";"155 747 447";"B01";"2";"7";"0";"2";"1";"1";"1";""
"202400019510";"155 747 444";"A01";"3";"7";"0";"1";"1";"1";"2";""
"202400019511";"155 747 441";"A01";"2";"7";"0";"2";"3";"13";"1";""
"202400019511";"155 747 442";"B01";"1";"7";"0";"2";"3";"1";"1";""
"202400019512";"155 747 443";"A01";"3";"7";"0";"2";"3";"1";"1";""
"202400019512";"155 747 445";"B01";"3";"7";"0";"2";"3";"15";"1";""
"202400019513";"155 747 438";"A01";"1";"7";"0";"2";"1";"17";"2";""
"202400019513";"155 747 440";"B01";"2";"7";"0";"2";"1";"1";"1";""
"202400019514";"155 747 437";"A01";"2";"7";"0";"2";"0";"0";"1";""
"202400019514";"155 747 439";"B01";"3";"30";"0";"2";"0";"0";"1";""
"202400019515";"155 747 436";"A01";"3";"33";"0";"0";"8";"1";"1";""
"202400019516";"155 747 434";"A01";"3";"7";"0";"2";"1";"15";"1";""
"202400019516";"155 747 435";"B01";"3";"31";"0";"2";"1";"1";"1";""
"202400019517";"155 747 433";"A01";"1";"7";"15";"0";"0";"1";"1";""
"202400019518";"155 747 431";"A01";"3";"37";"0";"1";"7";"9";"1";"1"
"202400019519";"155 747 430";"A01";"0";"2";"0";"2";"3";"0";"1";""
"202400019519";"155 747 432";"B01";"2";"15";"0";"0";"5";"1";"1";""
"202400019520";"155 747 429";"A01";"1";"7";"0";"1";"2";"1";"1";""
"202400019521";"155 747 428";"A01";"1";"33";"0";"0";"0";"1";"1";""
"202400019522";"155 747 426";"A01";"1";"99";"0";"1";"2";"20";"1";""
"202400019523";"155 747 424";"A01";"0";"7";"1";"0";"3";"0";"1";""
"202400019523";"155 747 425";"B01";"0";"7";"0";"2";"3";"24";"2";""
"202400019524";"155 747 423";"A01";"1";"7";"3";"0";"2";"2";"1";""
"202400019525";"155 747 422";"A01";"2";"99";"13";"0";"1";"0";"1";""
"202400019526";"155 747 421";"A01";"1";"33";"0";"0";"0";"21";"1";""
"202400019527";"155 747 419";"A01";"2";"33";"0";"2";"1";"1";"1";""
"202400019527";"155 747 420";"B01";"1";"7";"0";"2";"3";"1";"1";""
"202400019528";"155 747 418";"A01";"1";"7";"3";"0";"1";"1";"1";""
"202400019529";"155 747 416";"A01";"1";"7";"0";"2";"3";"9";"2";""
"202400019529";"155 747 417";"B01";"1";"33";"0";"2";"1";"26";"1";""
"202400019530";"155 747 415";"A01";"2";"7";"1";"2";"2";"1";"1";""
"202400019531";"155 747 414";"A01";"1";"7";"0";"1";"2";"1";"1";""
"202400019532";"155 747 413";"A01";"1";"7";"0";"1";"1";"1";"1";""
"202400019533";"155 747 411";"A01";"0";"10";"0";"9";"0";"0";"1";""
"202400019533";"155 747 412";"B01";"0";"50";"0";"2";"0";"1";"3";""
"202400019534";"155 747 407";"A01";"2";"14";"0";"2";"1";"13";"1";""
"202400019534";"155 747 408";"B01";"2";"15";"0";"2";"6";"2";"1";""
"202400019535";"155 747 404";"A01";"2";"7";"0";"2";"1";"2";"1";""
"202400019535";"155 747 405";"B01";"2";"7";"0";"2";"4";"2";"1";""
"202400019535";"155 747 406";"C01";"2";"7";"0";"0";"0";"0";"1";""
"202400019536";"155 747 399";"B01";"2";"7";"0";"2";"9";"0";"1";""
"202400019536";"155 747 400";"A01";"2";"37";"0";"2";"0";"0";"0";"0"
"202400019536";"155 747 401";"C01";"2";"7";"0";"2";"9";"0";"1";""
"202400019536";"155 747 402";"D01";"2";"7";"0";"2";"9";"0";"1";""
"202400019536";"155 747 403";"E01";"2";"7";"0";"2";"1";"0";"1";""
"202400019537";"155 747 396";"A01";"1";"34";"0";"2";"8";"26";"1";""
"202400019537";"155 747 397";"B01";"1";"7";"0";"2";"0";"12";"2";""
"202400019537";"155 747 398";"C01";"1";"7";"0";"2";"5";"23";"1";""
"202400019538";"155 747 394";"A01";"1";"31";"0";"2";"1";"26";"1";""
"202400019538";"155 747 395";"B01";"1";"10";"0";"2";"7";"14";"2";""
"202400019539";"155 747 392";"A01";"1";"7";"1";"2";"1";"1";"1";""
"202400019539";"155 747 393";"B01";"1";"7";"0";"2";"4";"0";"1";""
"202400019540";"155 747 390";"A01";"1";"7";"0";"2";"6";"1";"1";""
"202400019540";"155 747 391";"B01";"1";"32";"0";"2";"1";"2";"1";""
"202400019541";"155 747 389";"A01";"2";"33";"0";"0";"7";"3";"1";""
"202400019542";"155 747 387";"A01";"2";"33";"0";"2";"1";"1";"1";""
"202400019542";"155 747 388";"B01";"1";"7";"0";"2";"1";"1";"1";""
"202400019543";"155 747 385";"A01";"3";"7";"0";"2";"2";"15";"1";""
"202400019543";"155 747 386";"B01";"3";"7";"0";"2";"1";"1";"0";""
"202400019544";"155 747 384";"A01";"2";"7";"0";"1";"1";"1";"1";""
"202400019545";"155 747 382";"A01";"1";"2";"0";"2";"1";"1";"1";""
"202400019545";"155 747 383";"B01";"2";"7";"0";"2";"2";"15";"1";""
"202400019546";"155 747 381";"A01";"1";"99";"0";"9";"7";"17";"0";""
"202400019547";"155 747 379";"A01";"2";"33";"0";"2";"1";"1";"1";""
"202400019547";"155 747 380";"B01";"2";"7";"0";"2";"4";"1";"1";""
"202400019548";"155 747 376";"B01";"1";"7";"0";"2";"3";"1";"1";""
"202400019548";"155 747 377";"C01";"3";"7";"0";"2";"6";"26";"2";""
"202400019548";"155 747 378";"A01";"3";"2";"0";"2";"1";"9";"1";""
"202400019549";"155 747 374";"A01";"1";"7";"9";"2";"5";"16";"1";""
"202400019549";"155 747 375";"B01";"0";"1";"0";"2";"0";"0";"0";""
"202400019550";"155 747 372";"A01";"1";"50";"0";"2";"8";"19";"3";""
"202400019550";"155 747 373";"B01";"1";"7";"0";"2";"2";"1";"1";""
"202400019551";"155 747 370";"B01";"2";"7";"0";"2";"3";"1";"1";""
"202400019551";"155 747 371";"A01";"2";"7";"0";"2";"3";"15";"1";""
"202400019552";"155 747 369";"A01";"2";"7";"8";"0";"1";"14";"1";""
"202400019553";"155 747 367";"Z01";"1";"7";"0";"9";"0";"0";"0";""
"202400019553";"155 747 368";"A01";"1";"1";"0";"2";"0";"0";"5";""
"202400019554";"155 747 365";"A01";"1";"7";"0";"0";"0";"0";"1";""
"202400019554";"155 747 366";"B01";"1";"1";"0";"2";"1";"5";"5";""
"202400019555";"155 747 362";"A01";"2";"7";"0";"2";"7";"15";"1";""
"202400019555";"155 747 363";"B01";"1";"7";"0";"2";"1";"1";"1";""
"202400019555";"155 747 364";"C01";"1";"7";"0";"2";" -1";"2";" -1";""
"202400019556";"155 747 361";"A01";"3";"7";"0";"1";"1";"19";"1";""
"202400019557";"155 747 360";"A01";"1";"7";"0";"1";"2";"1";"0";""
"202400019558";"155 747 358";"B01";"1";"7";"0";"2";"9";"1";"1";""
"202400019558";"155 747 359";"A01";"1";"14";"0";"2";"3";"13";"1";""
"202400019559";"155 747 356";"A01";"2";"30";"0";"2";"1";"1";"1";""
"202400019559";"155 747 357";"B01";"2";"7";"0";"2";"4";"23";"1";""
"202400019560";"155 747 355";"A01";"1";"30";"12";"0";"1";"0";"1";""
"202400019561";"155 747 354";"A01";"2";"7";"8";"0";"1";"1";"1";""
"202400019562";"155 747 353";"A01";"3";"32";"0";"0";"0";"1";"1";""
"202400019563";"155 747 351";"A01";"3";"7";"6";"0";"2";"1";"3";""
"202400019563";"155 747 352";"B01";"3";"50";"0";"2";"1";"1";"3";""
"202400019564";"155 747 349";"A01";"3";"7";"0";"2";"1";"6";"1";""
"202400019564";"155 747 350";"B01";"3";"80";"0";"2";"1";"2";"2";""
"202400019565";"155 747 347";"A01";"3";"7";"0";"9";"8";"15";"2";""
"202400019565";"155 747 348";"B01";"3";"1";"0";"2";"1";"15";"5";""
"202400019566";"155 747 345";"C01";"1";"33";"0";"2";"1";"1";"1";""
"202400019566";"155 747 346";"B01";"2";"7";"0";"2";"1";"15";"1";""
"202400019567";"155 747 344";"A01";"2";"50";"0";"1";"1";"1";"3";""
"202400019568";"155 747 342";"A01";"0";"7";"0";"2";"2";"12";"1";""
"202400019568";"155 747 343";"B01";"0";"33";"0";"2";"8";"1";"1";""
"202400019569";"155 747 340";"A01";"2";"7";"0";"2";"1";"9";"1";""
"202400019569";"155 747 341";"B01";"2";"7";"0";"2";"4";"1";"1";""
"202400019570";"155 747 338";"A01";"2";"7";"0";"2";"1";"1";"1";""
"202400019570";"155 747 339";"B01";"1";"80";"0";"2";"4";"1";"3";""
"202400019571";"155 747 334";"C01";"1";"7";"0";"2";"4";"23";"1";""
"202400019571";"155 747 335";"D01";"1";"7";"0";"2";"4";"23";"1";""
"202400019571";"155 747 336";"A01";"1";"37";"15";"2";"1";"1";"1";"1"
"202400019571";"155 747 337";"B01";"1";"7";"0";"2";"4";"23";"1";""
"202400019572";"155 747 332";"A01";"1";"36";"0";"2";"2";"17";"3";""
"202400019572";"155 747 333";"B01";"1";"1";"0";"2";"3";"2";"5";""
"202400019573";"155 747 331";"A01";"1";"30";"1";"0";"1";"1";"1";""
"202400019574";"155 747 330";"A01";"1";"50";"1";"0";"1";"14";"3";""
"202400019575";"155 747 327";"A01";"2";"1";"1";"0";"1";"2";"5";""
"202400019575";"155 747 328";"B01";"2";"7";"0";"0";"4";"24";"1";""
"202400019576";"155 747 325";"A01";"1";"10";"0";"2";"3";"1";"3";""
"202400019576";"155 747 326";"B01";"1";"7";"0";"2";"6";"1";"1";""