"Num_Acc";"id_vehicule";"num_veh";"senc";"catv";"obs";"obsm";"choc";"manv";"motor";"occutc"
"202400019577";"155 747 324";"A01";"3";"7";"0";"1";"4";"4";"1";""
"202400019578";"155 747 321";"B01";"2";"7";"0";"2";"4";"1";"1";""
"202400019578";"155 747 322";"C01";"2";"7";"0";"2";"4";"2";"1";""
"202400019578";"155 747 323";"A01";"2";"7";"0";"2";"1";"2";"2";""
"202400019579";"155 747 320";"C01";"2";"7";"0";"1";"0";"0";"0";""
"202400019580";"155 747 318";"A01";"2";"7";"0";"1";"3";"2";"1";""
"202400019581";"155 747 317";"A01";"1";"7";"0";"2";"1";"1";"1";""
"202400019581";"155 747 319";"B01";"1";"50";"0";"2";"3";"1";"3";""
"202400019582";"155 747 314";"A01";"1";"10";"0";"2";"6";"15";"1";""
"202400019582";"155 747 315";"B01";"1";"33";"0";"2";"1";"15";"1";""
"202400019583";"155 747 311";"A01";"2";"7";"0";"2";"1";"2";"1";""
"202400019583";"155 747 312";"B01";"1";"7";"0";"2";"4";"2";"1";""
"202400019584";"155 747 309";"C01";"2";"7";"0";"2";"3";"21";"1";""
"202400019584";"155 747 310";"B01";"1";"7";"0";"2";"3";"21";"1";""
"202400019584";"155 747 313";"A01";"2";"17";"0";"2";"6";"21";"1";""
"202400019585";"155 747 307";"A01";"1";"3";"0";"2";"1";"11";"3";""
"202400019585";"155 747 308";"B01";"2";"33";"0";"2";"1";"1";"1";""
"202400019586";"155 747 306";"A01";"1";"10";"2";"0";"3";"13";"1";""
"202400019587";"155 747 303";"B01";"1";"2";"0";"2";"1";"1";"1";""
"202400019587";"155 747 305";"A01";"2";"7";"0";"2";"1";"17";"1";""
"202400019588";"155 747 304";"A01";"3";"7";"8";"0";"1";"2";"1";""
"202400019589";"155 747 301";"B01";"2";"7";"0";"2";"2";"15";"1";""
"202400019589";"155 747 302";"A01";"1";"2";"0";"2";"1";"17";"1";""
"202400019590";"155 747 300";"A01";"0";"7";"0";"1";"0";"9";"1";""
"202400019591";"155 747 298";"A01";"1";"7";"2";"0";"2";"1";"1";""
"202400019592";"155 747 297";"A01";"1";"7";"0";"2";"2";"1";"1";""
"202400019592";"155 747 299";"B01";"1";"7";"0";"2";"3";"1";"1";""
"202400019593";"155 747 295";"A01";"2";"7";"0";"2";"2";"15";"1";""
"202400019593";"155 747 296";"B01";"1";"2";"0";"2";"1";"19";"1";""
"202400019594";"155 747 294";"A01";"2";"7";"14";"0";"1";"1";"1";""
"202400019595";"155 747 292";"A01";"3";"7";"15";"0";"8";"1";"1";""
"202400019596";"155 747 291";"A01";"2";"7";"0";"2";"4";"15";"1";""
"202400019596";"155 747 293";"B01";"2";"10";"0";"2";"1";"1";"1";""
"202400019597";"155 747 289";"B01";"1";"7";"0";"2";"4";"2";"1";""
"202400019597";"155 747 290";"A01";"1";"33";"0";"2";"1";"2";"1";""
"202400019598";"155 747 287";"A01";"2";"7";"0";"0";"0";"9";"0";""
"202400019598";"155 747 288";"B01";"2";"7";"0";"2";"2";"1";"1";""
"202400019599";"155 747 285";"Z01";"0";"7";"0";"0";"0";"0";"0";""
"202400019599";"155 747 286";"B01";"3";"32";"4";"2";"0";"1";"1";""
"202400019600";"155 747 284";"A01";"1";"7";"15";"0";"1";"1";"1";""
"202400019601";"155 747 281";"Z01";"2";"31";"0";"1";"1";"1";"0";""
"202400019602";"155 747 278";"A01";"3";"38";"0";"1";"0";"1";"1";"1"
"202400019603";"155 747 277";"A01";"2";"7";"9";"0";"1";"1";"1";""
"202400019604";"155 747 276";"A01";"3";"33";"1";"0";"1";"26";"1";""
"202400019605";"155 747 274";"A01";"2";"7";"0";"2";"1";"0";"1";""
"202400019605";"155 747 275";"B01";"1";"20";"0";"2";"1";"1";"1";""
"202400019606";"155 747 273";"A01";"2";"7";"7";"0";"1";"1";"1";""
"202400019607";"155 747 271";"B01";"2";"15";"0";"2";"1";"1";"1";""
"202400019607";"155 747 272";"A01";"1";"7";"5";"2";"1";"13";"1";""
"202400019608";"155 747 268";"A01";"1";"7";"2";"0";"1";"1";"1";""
"202400019609";"155 747 269";"A01";"1";"34";"0";"2";"3";"19";"1";""
"202400019609";"155 747 270";"B01";"2";"7";"0";"2";"3";"11";"1";""
"202400019610";"155 747 267";"A01";"3";"40";"0";"1";"2";"26";"3";""
"202400019611";"155 747 265";"A01";"1";"7";"0";"2";"2";"17";"1";""
"202400019611";"155 747 266";"B01";"1";"7";"0";"0";"6";"2";"1";""
"202400019612";"155 747 263";"B01";"2";"50";"0";"2";"8";"19";"3";""
"202400019612";"155 747 264";"A01";"2";"7";"0";"2";"2";"1";"1";""
"202400019613";"155 747 262";"A01";"1";"33";"0";"0";"8";"1";"1";""
"202400019614";"155 747 259";"A01";"2";"3";"0";"2";"0";"0";"1";""
"202400019614";"155 747 261";"B01";"1";"10";"0";"2";"2";"1";"1";""
"202400019615";"155 747 258";"B01";"3";"50";"0";"2";"1";"1";"3";""
"202400019615";"155 747 260";"A01";"0";"7";"0";"2";"4";"4";"1";""
"202400019616";"155 747 255";"B01";"1";"2";"0";"2";"3";"1";"1";""
"202400019616";"155 747 257";"A01";"2";"10";"0";"2";"3";"1";"1";""
"202400019617";"155 747 254";"A01";"1";"7";"0";"2";"2";"17";"1";""
"202400019617";"155 747 256";"B01";"1";"2";"0";"0";"8";"15";"1";""
"202400019618";"155 747 252";"A01";"2";"10";"13";"0";"9";"0";"1";""
"202400019619";"155 747 251";"A01";"2";"33";"0";"2";"7";"3";"1";""
"202400019619";"155 747 253";"Z01";"2";"7";"0";"2";"3";"1";"0";""
"202400019620";"155 747 249";"B01";"1";"15";"0";"0";"4";"2";"1";""
"202400019620";"155 747 250";"A01";"1";"10";"3";"2";"1";"2";"1";""
"202400019621";"155 747 247";"A01";"1";"7";"0";"2";"6";"1";"1";""
"202400019621";"155 747 248";"Z01";"3";"7";"0";"2";"6";"0";"0";""
"202400019622";"155 747 244";"A01";"1";"7";"0";"1";"4";"4";"1";""
"202400019623";"155 747 241";"C01";"2";"7";"0";"2";"1";"1";"1";""
"202400019623";"155 747 243";"D01";"2";"7";"0";"2";"4";"1";"1";""
"202400019623";"155 747 245";"A01";"2";"7";"3";"0";"9";"1";"1";""
"202400019623";"155 747 246";"B01";"2";"7";"0";"2";"9";"1";"1";""
"202400019624";"155 747 240";"A01";"2";"7";"0";"2";"3";"15";"1";""
"202400019624";"155 747 242";"B01";"1";"31";"0";"2";"3";"1";"1";""
"202400019625";"155 747 238";"B01";"1";"33";"0";"2";"1";"1";"1";""
"202400019625";"155 747 239";"A01";"1";"7";"0";"2";"6";"11";"0";""
"202400019626";"155 747 237";"A01";"2";"7";"1";"0";"2";"1";"3";""
"202400019627";"155 747 236";"A01";"1";"7";"17";"0";"1";"1";"1";""
"202400019628";"155 747 233";"A01";"1";"7";"0";"2";"1";"2";"1";""
"202400019628";"155 747 234";"B01";"1";"7";"0";"0";"4";"2";"1";""
"202400019629";"155 747 235";"A01";"1";"31";"0";"0";"0";"12";"3";""
"202400019630";"155 747 232";"A01";"2";"7";"0";"1";"3";"1";"1";""
"202400019631";"155 747 231";"Z01";"1";"7";"0";"1";"1";"1";"1";""
"202400019632";"155 747 229";"B01";"2";"7";"0";"2";"8";"15";"1";""
"202400019632";"155 747 230";"A01";"2";"2";"0";"2";"1";"17";"1";""
"202400019633";"155 747 228";"A01";"3";"10";"0";"1";"4";"20";"1";""
"202400019634";"155 747 227";"A01";"1";"7";"0";"1";"2";"0";"1";""
"202400019635";"155 747 226";"A01";"2";"7";"0";"1";"3";"1";"1";""
"202400019636";"155 747 225";"A01";"2";"33";"0";"0";"8";"2";"1";""
"202400019637";"155 747 224";"A01";"2";"7";"2";"0";"8";"17";"1";""
"202400019638";"155 747 223";"A01";"1";"10";"12";"1";"1";"16";"0";""
"202400019639";"155 747 222";"A01";"0";"7";"0";"1";"3";"15";"1";""
"202400019640";"155 747 220";"B01";"2";"33";"0";"2";"0";"0";"1";""
"202400019640";"155 747 221";"A01";"2";"7";"0";"2";"6";"15";"1";""
"202400019641";"155 747 219";"A01";"2";"7";"3";"0";"3";"1";"1";""
"202400019642";"155 747 216";"A01";"3";"1";"0";"2";"5";"2";"5";""
"202400019642";"155 747 218";"B01";"3";"15";"0";"2";"5";"2";"1";""
"202400019643";"155 747 214";"A01";"2";"7";"0";"2";"3";"26";"1";""
"202400019643";"155 747 217";"B01";"2";"7";"0";"2";"3";"26";"1";""
"202400019644";"155 747 213";"B01";"1";"7";"0";"2";"1";"1";"1";""
"202400019644";"155 747 215";"A01";"2";"7";"0";"2";"1";"5";"1";""
"202400019645";"155 747 212";"A01";"0";"32";"0";"1";"1";"1";"1";""
"202400019646";"155 747 210";"A01";"3";"7";"0";"1";"6";"4";"3";""
"202400019647";"155 747 209";"B01";"1";"7";"6";"0";"8";"1";"1";""
"202400019647";"155 747 211";"A01";"1";"7";"0";"2";"1";"9";"1";""
"202400019648";"155 747 206";"A01";"3";"33";"0";"1";"2";"1";"1";""
"202400019649";"155 747 205";"A01";"2";"7";"0";"2";"2";"13";"1";""
"202400019649";"155 747 208";"B01";"1";"7";"0";"2";"2";"1";"1";""
"202400019650";"155 747 203";"A01";"1";"7";"0";"2";"3";"1";"1";""
"202400019650";"155 747 204";"B01";"1";"7";"0";"2";"5";"1";"1";""
"202400019650";"155 747 207";"C01";"1";"7";"0";"2";"4";"15";"1";""
"202400019651";"155 747 201";"A01";"3";"13";"0";"2";"8";"17";"3";""
"202400019651";"155 747 202";"B01";"0";"32";"0";"0";"0";"0";"3";""
"202400019652";"155 747 197";"B01";"3";"33";"0";"2";"8";"9";"1";""
"202400019652";"155 747 200";"A01";"2";"7";"0";"2";"1";"1";"1";""
"202400019653";"155 747 196";"A01";"2";"7";"0";"2";"3";"1";"1";""
"202400019653";"155 747 199";"B01";"1";"7";"0";"2";"1";"1";"1";""
"202400019654";"155 747 193";"B01";"1";"7";"0";"2";"4";"2";"1";""
"202400019654";"155 747 195";"C01";"1";"7";"0";"2";"4";"2";"2";""
"202400019654";"155 747 198";"A01";"1";"37";"0";"2";"1";"2";"1";"1"
"202400019655";"155 747 192";"B01";"1";"7";"0";"2";"1";"1";"1";""
"202400019655";"155 747 194";"A01";"2";"7";"0";"2";"1";"13";"1";""
"202400019656";"155 747 191";"A01";"1";"36";"0";"0";"1";"1";"1";""
"202400019657";"155 747 188";"A01";"1";"2";"0";"2";"1";"13";"1";""
"202400019657";"155 747 189";"B01";"2";"7";"0";"2";"2";"1";"1";""
"202400019658";"155 747 187";"A01";"1";"7";"0";"2";"2";"15";"1";""
"202400019658";"155 747 190";"B01";"1";"50";"0";"2";"1";"1";"3";""
"202400019659";"155 747 185";"A01";"1";"7";"8";"0";"9";"1";"1";""
"202400019660";"155 747 184";"A01";"2";"33";"0";"0";"8";"2";"1";""
"202400019661";"155 747 183";"A01";"1";"2";"0";"2";"1";"1";"1";""
"202400019661";"155 747 186";"B01";"0";"50";"0";"2";"8";"5";"3";""
"202400019662";"155 747 179";"A01";"2";"7";"0";"2";"1";"1";"1";""
"202400019662";"155 747 181";"B01";"2";"33";"0";"2";"4";"1";"1";""
"202400019662";"155 747 182";"C01";"2";"7";"0";"0";"4";"1";"1";""
"202400019663";"155 747 177";"B01";"1";"7";"0";"2";"3";"1";"1";""
"202400019663";"155 747 180";"A01";"2";"7";"0";"2";"3";"17";"2";""
"202400019664";"155 747 178";"A01";"2";"7";"13";"0";"9";"14";"1";""
"202400019665";"155 747 174";"A01";"3";"31";"3";"0";"8";"13";"1";""
"202400019666";"155 747 173";"A01";"2";"7";"0";"2";"1";"1";"1";""
"202400019666";"155 747 175";"B01";"1";"7";"0";"2";"1";"21";"1";""
"202400019667";"155 747 168";"D01";"1";"7";"1";"0";"1";"2";"1";""
"202400019667";"155 747 170";"A01";"1";"10";"0";"0";"4";"23";"1";""
"202400019667";"155 747 171";"C01";"1";"7";"0";"0";"4";"23";"1";""
"202400019667";"155 747 172";"B01";"1";"7";"0";"0";"4";"23";"1";""
"202400019668";"155 747 166";"B01";"1";"15";"0";"0";"4";"1";"6";""
"202400019668";"155 747 169";"A01";"1";"15";"0";"2";"1";"1";"1";""
"202400019669";"155 747 165";"A01";"2";"15";"0";"2";"1";"1";"1";""
"202400019669";"155 747 167";"B01";"1";"7";"0";"2";"1";"13";"1";""
"202400019670";"155 747 161";"A01";"1";"31";"13";"0";"7";"1";"1";""
"202400019671";"155 747 160";"A01";"2";"7";"6";"2";"8";"1";"1";""
"202400019671";"155 747 163";"Z01";"2";"7";"0";"2";"0";"0";"0";""
"202400019671";"155 747 164";"B01";"2";"7";"0";"2";"7";"0";"1";""
"202400019672";"155 747 159";"D01";"1";"7";"0";"2";"8";"0";"2";""
"202400019672";"155 747 162";"A01";"1";"15";"0";"2";"1";"0";"0";""
"202400019673";"155 747 157";"A01";"2";"2";"0";"2";"3";"1";"1";""
"202400019673";"155 747 158";"B01";"1";"7";"0";"2";"3";"1";"1";""
"202400019674";"155 747 155";"A01";"1";"7";"0";"2";"6";"1";"1";""
"202400019674";"155 747 156";"B01";"1";"7";"0";"2";"2";"1";"1";""
"202400019675";"155 747 153";"A01";"0";"2";"17";"0";"1";"0";"1";""
"202400019676";"155 747 151";"A01";"2";"7";"0";"2";"5";"12";"1";""
"202400019676";"155 747 154";"B01";"2";"2";"0";"2";"6";"1";"1";""
"202400019677";"155 747 149";"A01";"2";"7";"0";"1";"2";"19";"1";""
"202400019678";"155 747 145";"B01";"2";"7";"0";"2";"3";"1";"1";""
"202400019678";"155 747 148";"A01";"2";"10";"8";"2";"2";"1";"1";""
"202400019679";"155 747 144";"A01";"3";"80";"0";"0";"9";"1";"3";""
"202400019680";"155 747 142";"D01";"2";"7";"0";"2";"4";"2";"1";""
"202400019680";"155 747 143";"C01";"2";"7";"0";"2";"4";"2";"1";""
"202400019680";"155 747 146";"F01";"2";"7";"0";"2";"1";"2";"1";""
"202400019680";"155 747 147";"A01";"2";"7";"0";"2";"1";"2";"1";""
"202400019680";"155 747 150";"B01";"2";"7";"0";"2";"4";"2";"1";""
"202400019680";"155 747 152";"E01";"2";"7";"0";"2";"4";"2";"3";""
"202400019681";"155 747 138";"B01";"1";"1";"0";"0";"4";"2";"5";""
"202400019681";"155 747 141";"A01";"1";"7";"0";"9";"1";"2";"1";""
"202400019682";"155 747 137";"A01";"3";"7";"0";"2";"6";"15";"1";""
"202400019682";"155 747 140";"B01";"3";"2";"0";"2";"1";"17";"1";""
"202400019683";"155 747 135";"A01";"0";"7";"8";"0";"0";"20";"2";""
"202400019684";"155 747 133";"A01";"2";"33";"0";"2";"3";"1";"1";""
"202400019684";"155 747 134";"B01";"1";"7";"0";"2";"3";"1";"2";""
"202400019685";"155 747 130";"B01";"1";"7";"0";"2";"4";"21";"1";""
"202400019685";"155 747 132";"C01";"1";"7";"0";"2";"1";"1";"1";""
"202400019685";"155 747 136";"D01";"1";"7";"0";"2";"2";"21";"1";""
"202400019685";"155 747 139";"A01";"1";"7";"0";"2";"1";"10";"1";""
"202400019686";"155 747 128";"A01";"2";"33";"0";"2";"1";"1";"1";""
"202400019686";"155 747 131";"B01";"1";"21";"0";"2";"6";"15";"1";""
"202400019687";"155 747 125";"B01";"1";"7";"0";"2";"4";"1";"2";""
"202400019687";"155 747 127";"A01";"1";"7";"0";"2";"1";"2";"1";""
"202400019688";"155 747 126";"A01";"1";"7";"0";"2";"8";"1";"1";""
"202400019688";"155 747 129";"B01";"1";"15";"0";"2";"1";"21";"1";""
"202400019689";"155 747 123";"A01";"2";"33";"0";"6";"1";"1";"1";""
"202400019690";"155 747 122";"A01";"2";"7";"15";"2";"1";"17";"1";""
"202400019690";"155 747 124";"B01";"2";"7";"0";"0";"3";"15";"1";""
"202400019691";"155 747 121";"A01";"3";"33";"0";"0";"7";"1";"1";""
"202400019692";"155 747 117";"A01";"2";"7";"0";"2";"1";"2";"1";""
"202400019692";"155 747 120";"B01";"2";"7";"0";"2";"4";"23";"2";""
"202400019693";"155 747 116";"A01";"1";"14";"1";"2";"1";"1";"1";""
"202400019693";"155 747 118";"B01";"1";"14";"0";"0";"0";"23";"1";""
"202400019694";"155 747 115";"A01";"2";"7";"0";"2";"3";"13";"1";""
"202400019694";"155 747 119";"B01";"1";"7";"13";"2";"3";"1";"2";""
"202400019695";"155 747 114";"A01";"1";"7";"0";"0";"0";"9";"1";""
"202400019696";"155 747 111";"A01";"1";"7";"0";"0";"4";"1";"1";""
"202400019696";"155 747 113";"B01";"1";"7";"0";"2";"1";"2";"1";""
"202400019697";"155 747 112";"A01";"1";"33";"13";"6";"2";"1";"1";""
"202400019698";"155 747 110";"A01";"2";"7";"4";"0";"1";"16";"1";""
"202400019699";"155 747 109";"A01";"2";"33";"0";"0";"9";"26";"1";""
"202400019700";"155 747 107";"A01";"1";"7";"3";"0";"1";"1";"1";""
"202400019701";"155 747 108";"A01";"2";"7";"13";"0";"2";"0";"1";""
"202400019702";"155 747 103";"A01";"1";"7";"0";"1";"0";"1";"1";""
"202400019703";"155 747 102";"A01";"2";"7";"0";"2";"1";"13";"1";""
"202400019703";"155 747 105";"B01";"1";"7";"0";"0";"1";"1";"1";""
"202400019703";"155 747 106";"C01";"1";"15";"0";"0";"3";"1";"1";""
"202400019704";"155 747 099";"B01";"1";"1";"0";"2";"0";"0";"5";""
"202400019704";"155 747 101";"A01";"1";"14";"0";"2";"0";"0";"1";""
"202400019705";"155 747 096";"A01";"2";"15";"0";"2";"8";"1";"1";""
"202400019705";"155 747 098";"B01";"1";"33";"0";"2";"8";"0";"1";""
"202400019706";"155 747 094";"A01";"1";"1";"0";"0";"0";"0";"5";""
"202400019707";"155 747 092";"A01";"1";"7";"0";"1";"0";"1";"1";""
"202400019708";"155 747 090";"A01";"2";"15";"0";"1";"5";"1";"1";""
"202400019709";"155 747 088";"A01";"2";"2";"0";"2";"1";"26";"1";""
"202400019709";"155 747 091";"B01";"2";"7";"0";"0";"3";"15";"1";""
"202400019710";"155 747 087";"B01";"2";"7";"0";"2";"0";"1";"1";""
"202400019710";"155 747 089";"A01";"1";"7";"0";"2";"0";"1";"1";""
"202400019711";"155 747 084";"A01";"1";"31";"0";"0";"0";"0";"1";""
"202400019712";"155 747 083";"A01";"1";"7";"0";"2";"3";"1";"2";""
"202400019712";"155 747 086";"B01";"2";"7";"0";"2";"3";"1";"1";""
"202400019713";"155 747 081";"A01";"2";"10";"0";"2";"3";"13";"1";""
"202400019713";"155 747 082";"B01";"1";"17";"0";"2";"3";"1";"1";""
"202400019713";"155 747 085";"C01";"2";"7";"14";"0";"1";"1";"3";""
"202400019714";"155 747 080";"A01";"2";"7";"0";"1";"1";"1";"3";""
"202400019715";"155 747 077";"A01";"3";"21";"0";"2";"3";"13";"1";""
"202400019715";"155 747 078";"B01";"3";"1";"0";"2";"1";"1";"5";""
"202400019716";"155 747 076";"A01";"2";"7";"11";"0";"8";"1";"1";""
"202400019716";"155 747 079";"B01";"1";"17";"0";"0";"2";"1";"6";""
"202400019717";"155 747 074";"A01";"3";"7";"0";"9";"3";"11";"1";""
"202400019717";"155 747 075";"B01";"2";"2";"0";"2";"2";"1";"1";""
"202400019718";"155 747 071";"A01";"2";"7";"0";"2";"3";"10";"1";""
"202400019718";"155 747 073";"B01";"2";"7";"0";"2";"2";"1";"1";""
"202400019719";"155 747 067";"Z01";"1";"2";"0";"2";"0";"26";"1";""
"202400019719";"155 747 069";"A01";"1";"7";"0";"2";"3";"26";"1";""
"202400019720";"155 747 068";"B01";"2";"7";"0";"2";"4";"1";"1";""
"202400019720";"155 747 070";"A01";"2";"7";"0";"2";"1";"1";"1";""
"202400019720";"155 747 072";"C01";"2";"7";"0";"2";"6";"1";"1";""
"202400019721";"155 747 065";"B01";"1";"17";"0";"2";"3";"1";"1";""
"202400019721";"155 747 066";"A01";"2";"7";"0";"2";"1";"13";"1";""
"202400019722";"155 747 062";"A01";"1";"7";"0";"2";"7";"12";"1";""
"202400019722";"155 747 064";"B01";"1";"2";"0";"2";"8";"2";"1";""
"202400019723";"155 747 059";"B01";"1";"7";"0";"2";"1";"1";"2";""
"202400019723";"155 747 061";"A01";"2";"7";"0";"2";"1";"13";"1";""
"202400019724";"155 747 060";"A01";"2";"1";"0";"2";"4";"2";"5";""
"202400019724";"155 747 063";"B01";"2";"15";"0";"2";"2";"1";"1";""
"202400019725";"155 747 058";"A01";"2";"50";"12";"0";"1";"19";"3";""
"202400019726";"155 747 052";"B01";"1";"7";"0";"2";"8";"15";"1";""
"202400019726";"155 747 054";"A01";"2";"33";"0";"2";"2";"17";"1";""
"202400019727";"155 747 053";"B01";"1";"15";"0";"2";"3";"11";"1";""
"202400019727";"155 747 056";"A01";"1";"7";"0";"2";"2";"17";"2";""
"202400019728";"155 747 051";"A01";"1";"7";"0";"2";"2";"17";"1";""
"202400019728";"155 747 055";"B01";"1";"1";"0";"2";"8";"1";"5";""
"202400019728";"155 747 057";"C01";"1";"1";"0";"2";"4";"1";"5";""
"202400019729";"155 747 050";"A01";"3";"7";"0";"1";"2";"21";"1";""
"202400019730";"155 747 047";"A01";"3";"7";"0";"2";"1";"2";"1";""
"202400019730";"155 747 049";"B01";"3";"7";"0";"2";"4";"2";"1";""
"202400019731";"155 747 046";"B01";"1";"7";"0";"2";"8";"15";"1";""
"202400019731";"155 747 048";"A01";"1";"10";"0";"2";"2";"17";"1";""
"202400019732";"155 747 043";"A01";"2";"2";"12";"0";"1";"1";"1";""
"202400019733";"155 747 040";"A01";"3";"7";"0";"2";"1";"2";"1";""
"202400019733";"155 747 041";"B01";"3";"7";"0";"2";"5";"1";"1";""
"202400019733";"155 747 044";"C01";"3";"7";"0";"2";"8";"1";"1";""
"202400019734";"155 747 037";"A01";"1";"2";"0";"2";"8";"2";"1";""
"202400019734";"155 747 039";"B01";"1";"10";"0";"2";"2";"2";"1";""
"202400019735";"155 747 036";"A01";"2";"7";"0";"2";"2";"2";"1";""
"202400019735";"155 747 038";"B01";"2";"1";"0";"0";"4";"2";"5";""
"202400019736";"155 747 035";"A01";"1";"7";"0";"1";"1";"1";"0";""
"202400019737";"155 747 031";"B01";"0";"1";"0";"2";"1";"1";"5";""
"202400019737";"155 747 033";"A01";"0";"7";"0";"9";"3";"1";"2";""
"202400019738";"155 747 030";"A01";"2";"7";"0";"1";"1";"2";"1";""
"202400019739";"155 747 029";"A01";"2";"33";"0";"2";"1";"17";"1";""
"202400019739";"155 747 032";"B01";"2";"10";"0";"2";"3";"15";"1";""
"202400019740";"155 747 028";"A01";"2";"7";"0";"2";"3";"9";"1";""
"202400019740";"155 747 034";"B01";"1";"30";"0";"2";"1";"1";"1";""
"202400019741";"155 747 025";"A01";"2";"10";"0";"2";"3";"19";"1";""
"202400019741";"155 747 027";"B01";"2";"1";"0";"2";"1";"1";"5";""
"202400019742";"155 747 022";"A01";"0";"7";"0";"1";"1";"1";"1";""
"202400019742";"155 747 024";"B01";"0";"1";"0";"2";"8";"15";"5";""
"202400019743";"155 747 018";"B01";"3";"7";"4";"2";"3";"0";"1";""
"202400019743";"155 747 021";"A01";"3";"7";"3";"2";"3";"11";"1";""
"202400019743";"155 747 023";"C01";"3";"7";"4";"2";"3";"1";"1";""
"202400019743";"155 747 026";"T01";"3";"7";"3";"2";"0";"1";"1";""
"202400019744";"155 747 020";"A01";"2";"7";"1";"0";"2";"1";"1";""
"202400019745";"155 747 017";"B01";"2";"2";"0";"2";"1";"1";"1";""
"202400019745";"155 747 019";"A01";"1";"7";"0";"0";"7";"15";"1";""
"202400019746";"155 747 014";"A01";"1";"33";"13";"0";"1";"1";"1";""
"202400019747";"155 747 012";"A01";"2";"7";"0";"2";"2";"15";"1";""
"202400019747";"155 747 016";"B01";"1";"33";"0";"2";"1";"1";"1";""
"202400019748";"155 747 013";"A01";"2";"7";"0";"2";"3";"26";"1";""
"202400019748";"155 747 015";"B01";"1";"2";"0";"2";"1";"1";"1";""
"202400019749";"155 747 011";"A01";"2";"33";"3";"0";"0";"1";"1";""
"202400019750";"155 747 009";"A01";"0";"7";"6";"0";"1";"0";"1";""
"202400019751";"155 747 010";"A01";"3";"7";"2";"0";"1";"26";"6";""
"202400019752";"155 747 008";"A01";"2";"33";"6";"0";"2";"1";"1";""
"202400019753";"155 747 004";"B01";"0";"99";"0";"0";"4";"16";"0";""
"202400019753";"155 747 006";"A01";"3";"33";"0";"2";"1";"1";"1";""
"202400019754";"155 747 001";"A01";"1";"7";"0";"0";"2";"2";"1";""
"202400019754";"155 747 002";"B01";"1";"1";"0";"2";"0";"2";"5";""
"202400019755";"155 747 005";"B01";"2";"7";"0";"2";"7";"1";"1";""
"202400019755";"155 747 007";"A01";"1";"2";"0";"2";"1";"1";"1";""
"202400019756";"155 746 999";"A01";"2";"13";"15";"0";"0";"1";"1";""
"202400019757";"155 747 000";"B01";"1";"7";"0";"2";"4";"1";"1";""
"202400019757";"155 747 003";"A01";"1";"7";"0";"2";"1";"1";"1";""
"202400019758";"155 746 996";"A01";"1";"7";"0";"1";"1";"20";"1";""
"202400019759";"155 746 997";"A01";"2";"7";"0";"2";"1";"21";"1";""
"202400019759";"155 746 998";"B01";"1";"10";"0";"2";"3";"1";"1";""
"202400019760";"155 746 995";"A01";"2";"10";"13";"0";"2";"0";"1";""
"202400019761";"155 746 993";"A01";"2";"7";"4";"0";"3";"1";"1";""
"202400019762";"155 746 991";"A01";"1";"7";"0";"2";"1";"13";"1";""
"202400019762";"155 746 994";"B01";"2";"7";"0";"2";"1";"1";"1";""
"202400019763";"155 746 990";"A01";"2";"10";"0";"9";"1";"1";"1";""
"202400019764";"155 746 988";"A01";"3";"1";"0";"6";"3";"1";"5";""
"202400019765";"155 746 986";"A01";"1";"1";"0";"1";"1";"1";"5";""
"202400019766";"155 746 984";"A01";"1";"2";"0";"0";"0";"1";"1";""
"202400019767";"155 746 982";"B01";"2";"7";"4";"2";"8";"2";"1";""
"202400019767";"155 746 983";"A01";"2";"7";"0";"2";"2";"12";"1";""
"202400019768";"155 746 981";"A01";"1";"7";"0";"2";"3";"13";"1";""
"202400019768";"155 746 985";"B01";"1";"7";"0";"2";"3";"1";"1";""
"202400019769";"155 746 978";"A01";"3";"7";"2";"0";"8";"1";"1";""
"202400019770";"155 746 976";"A01";"3";"7";"0";"2";"3";"13";"1";""
"202400019770";"155 746 980";"B01";"3";"7";"0";"2";"3";"1";"1";""
"202400019771";"155 746 977";"A01";"1";"7";"0";"2";"2";"15";"2";""
"202400019771";"155 746 979";"B01";"2";"7";"0";"2";"6";"15";"1";""
"202400019772";"155 746 975";"A01";"1";"7";"0";"0";"0";"1";"1";""
"202400019773";"155 746 971";"A01";"1";"7";"0";"2";"8";"15";"1";""
"202400019773";"155 746 974";"B01";"1";"33";"0";"2";"7";"1";"1";""
"202400019774";"155 746 973";"A01";"2";"7";"15";"0";"3";"1";"1";""
"202400019775";"155 746 970";"B01";"3";"33";"0";"2";"1";"1";"1";""
"202400019775";"155 746 972";"A01";"3";"7";"0";"2";"7";"1";"1";""
"202400019776";"155 746 966";"A01";"1";"2";"0";"2";"1";"1";"1";""
"202400019776";"155 746 969";"B01";"2";"7";"0";"2";"4";"1";"1";""
"202400019777";"155 746 964";"A01";"1";"15";"0";"2";"1";"1";"0";""
"202400019777";"155 746 968";"B01";"1";"15";"0";"2";"4";"1";"0";""
"202400019778";"155 746 961";"B01";"3";"7";"0";"2";"5";"2";"3";""
"202400019778";"155 746 963";"A01";"3";"7";"0";"2";"2";"2";"1";""
"202400019778";"155 746 965";"C01";"3";"7";"0";"2";"5";"2";"1";""
"202400019779";"155 746 962";"B01";"1";"7";"8";"2";"6";"2";"1";""