"Num_Acc";"id_vehicule";"num_veh";"senc";"catv";"obs";"obsm";"choc";"manv";"motor";"occutc"
"202400019986";"155 746 598";"A01";"1";"7";"3";"0";"9";"14";"1";""
"202400019987";"155 746 597";"A01";"3";"7";"8";"0";"9";"14";"2";""
"202400019988";"155 746 593";"B01";"2";"7";"0";"2";"3";"1";"1";""
"202400019988";"155 746 594";"A01";"1";"7";"0";"2";"3";"13";"1";""
"202400019989";"155 746 595";"A01";"0";"7";"0";"1";"1";"16";"1";""
"202400019990";"155 746 591";"A01";"2";"1";"0";"1";"1";"2";"5";""
"202400019991";"155 746 592";"B01";"1";"50";"0";"2";"7";"0";"3";""
"202400019991";"155 746 596";"A01";"2";"7";"0";"2";"1";"0";"1";""
"202400019992";"155 746 590";"A01";"2";"7";"2";"0";"1";"1";"1";""
"202400019993";"155 746 587";"B01";"2";"2";"0";"0";"8";"1";"1";""
"202400019993";"155 746 589";"A01";"1";"7";"0";"2";"1";"19";"1";""
"202400019994";"155 746 586";"A01";"1";"32";"8";"0";"1";"14";"1";""
"202400019995";"155 746 585";"A01";"1";"37";"0";"2";"7";"16";"1";"1"
"202400019995";"155 746 588";"B01";"3";"50";"0";"2";"4";"9";"3";""
"202400019996";"155 746 583";"B01";"1";"7";"0";"1";"2";"2";"0";""
"202400019997";"155 746 581";"A01";"1";"34";"0";"1";"1";"1";"1";""
"202400019998";"155 746 580";"A01";"2";"33";"4";"0";"8";"21";"1";""
"202400019999";"155 746 582";"B01";"3";"33";"0";"2";"7";"3";"1";""
"202400019999";"155 746 584";"A01";"3";"7";"0";"2";"3";"19";"1";""
"202400020000";"155 746 578";"A01";"2";"33";"0";"0";"8";"1";"1";""
"202400020001";"155 746 576";"A01";"0";"7";"0";"2";"3";"16";"1";""
"202400020001";"155 746 579";"B01";"0";"7";"0";"2";"1";"1";"1";""
"202400020002";"155 746 575";"A01";"1";"2";"0";"2";"1";"2";"1";""
"202400020002";"155 746 577";"B01";"1";"7";"0";"2";"4";"2";"3";""
"202400020003";"155 746 573";"A01";"3";"7";"0";"0";"0";"14";"1";""
"202400020004";"155 746 571";"A01";"1";"15";"0";"0";"8";"1";"1";""
"202400020005";"155 746 570";"A01";"1";"7";"1";"0";"1";"2";"1";""
"202400020005";"155 746 574";"B01";"1";"13";"0";"2";"4";"0";"1";""
"202400020006";"155 746 569";"A01";"1";"7";"0";"2";"7";"22";"1";""
"202400020006";"155 746 572";"B01";"1";"2";"1";"0";"8";"18";"1";""
"202400020007";"155 746 566";"B01";"1";"50";"0";"2";"1";"18";"3";""
"202400020007";"155 746 568";"A01";"1";"7";"0";"9";"2";"16";"1";""
"202400020008";"155 746 563";"B01";"3";"33";"0";"2";"1";"1";"1";""
"202400020008";"155 746 567";"A01";"3";"7";"0";"2";"2";"15";"1";""
"202400020009";"155 746 561";"A01";"3";"1";"0";"2";"1";"1";"5";""
"202400020009";"155 746 564";"B01";"3";"7";"0";"9";"4";"1";"1";""
"202400020010";"155 746 559";"C01";"2";"10";"0";"2";"1";"1";"1";""
"202400020010";"155 746 562";"A01";"1";"7";"0";"2";"1";"13";"1";""
"202400020010";"155 746 565";"B01";"2";"10";"0";"2";"1";"1";"1";""
"202400020011";"155 746 558";"A01";"2";"7";"0";"2";"1";"1";"1";""
"202400020011";"155 746 560";"B01";"1";"7";"0";"2";"3";"15";"1";""
"202400020012";"155 746 554";"A01";"1";"33";"0";"2";"1";"3";"1";""
"202400020012";"155 746 557";"B01";"1";"7";"0";"2";"4";"1";"1";""
"202400020013";"155 746 552";"A01";"1";"14";"0";"2";"1";"1";"1";""
"202400020013";"155 746 556";"B01";"1";"7";"0";"2";"4";"1";"1";""
"202400020014";"155 746 550";"A01";"1";"7";"0";"2";"3";"13";"1";""
"202400020014";"155 746 551";"B01";"2";"7";"0";"2";"3";"1";"2";""
"202400020015";"155 746 553";"B01";"1";"15";"0";"0";"6";"1";"1";""
"202400020015";"155 746 555";"A01";"1";"10";"4";"0";"1";"1";"1";""
"202400020016";"155 746 547";"A01";"1";"32";"0";"0";"0";"0";"3";""
"202400020017";"155 746 545";"B01";"2";"7";"0";"2";"4";"2";"0";""
"202400020017";"155 746 549";"A01";"2";"7";"0";"2";"1";"2";"1";""
"202400020018";"155 746 543";"A01";"1";"10";"0";"2";"3";"1";"1";""
"202400020018";"155 746 546";"B01";"2";"99";"0";"2";"3";"9";"6";""
"202400020019";"155 746 541";"A01";"3";"10";"2";"0";"1";"13";"1";""
"202400020020";"155 746 540";"B01";"2";"7";"0";"2";"4";"2";"2";""
"202400020020";"155 746 542";"A01";"2";"7";"0";"2";"1";"2";"1";""
"202400020021";"155 746 536";"A01";"2";"7";"0";"2";"7";"15";"1";""
"202400020021";"155 746 538";"B01";"1";"32";"0";"2";"3";"23";"1";""
"202400020022";"155 746 533";"A01";"2";"10";"0";"2";"1";"2";"1";""
"202400020022";"155 746 537";"B01";"2";"7";"0";"2";"4";"2";"1";""
"202400020022";"155 746 539";"C01";"2";"10";"0";"2";"4";"2";"1";""
"202400020022";"155 746 544";"D01";"2";"7";"0";"2";"4";"2";"1";""
"202400020022";"155 746 548";"E01";"2";"14";"0";"2";"4";"2";"1";""
"202400020023";"155 746 535";"A01";"2";"50";"12";"0";"3";"13";"3";""
"202400020024";"155 746 532";"A01";"1";"7";"0";"2";"1";"0";"1";""
"202400020024";"155 746 534";"B01";"1";"7";"0";"2";"1";"1";"1";""
"202400020025";"155 746 528";"B01";"3";"60";"0";"2";"8";"19";"5";""
"202400020025";"155 746 531";"A01";"1";"7";"0";"2";"1";"15";"1";""
"202400020026";"155 746 530";"A01";"0";"2";"6";"0";"1";"15";"1";""
"202400020027";"155 746 526";"A01";"2";"15";"0";"2";"3";"0";"1";""
"202400020027";"155 746 529";"B01";"1";"7";"0";"0";"3";"0";"1";""
"202400020028";"155 746 527";"A01";"2";"7";"0";"1";"7";"1";"2";""
"202400020029";"155 746 525";"A01";"1";"7";"2";"0";"1";"13";"1";""
"202400020030";"155 746 524";"A01";"2";"1";"6";"0";"2";"0";"5";""
"202400020031";"155 746 522";"B01";"1";"7";"9";"2";"7";"15";"1";""
"202400020031";"155 746 523";"A01";"2";"10";"9";"2";"1";"1";"1";""
"202400020032";"155 746 520";"A01";"1";"50";"1";"2";"1";"1";"3";""
"202400020032";"155 746 521";"B01";"1";"7";"1";"2";"3";"26";"1";""
"202400020033";"155 746 518";"A01";"1";"7";"13";"0";"9";"1";"1";""
"202400020034";"155 746 519";"A01";"1";"7";"0";"0";"7";"1";"1";""
"202400020035";"155 746 515";"A01";"2";"33";"0";"0";"0";"0";"0";""
"202400020036";"155 746 513";"A01";"1";"7";"0";"1";"2";"1";"1";""
"202400020037";"155 746 512";"A01";"2";"7";"0";"2";"3";"21";"1";""
"202400020037";"155 746 516";"B01";"2";"7";"0";"2";"5";"16";"2";""
"202400020038";"155 746 509";"A01";"0";"7";"0";"2";"1";"13";"1";""
"202400020038";"155 746 511";"B01";"0";"7";"0";"2";"1";"1";"1";""
"202400020039";"155 746 508";"A01";"1";"2";"13";"0";"0";"21";"1";""
"202400020040";"155 746 506";"B01";"1";"7";"0";"2";"3";"2";"1";""
"202400020040";"155 746 510";"A01";"1";"7";"0";"0";"4";"15";"1";""
"202400020041";"155 746 503";"A01";"1";"7";"0";"1";"2";"1";"1";""
"202400020042";"155 746 504";"A01";"1";"10";"0";"2";"1";"2";"1";""
"202400020042";"155 746 505";"B01";"1";"7";"0";"2";"4";"1";"1";""
"202400020042";"155 746 507";"C01";"1";"7";"0";"2";"4";"1";"1";""
"202400020043";"155 746 501";"A01";"2";"7";"13";"0";"1";"1";"1";""
"202400020044";"155 746 499";"B01";"1";"7";"0";"2";"1";"1";"1";""
"202400020044";"155 746 502";"A01";"1";"7";"0";"0";"4";"1";"1";""
"202400020045";"155 746 498";"Z01";"2";"10";"0";"1";"1";"1";"1";""
"202400020046";"155 746 497";"A01";"2";"7";"0";"2";"0";"2";"1";""
"202400020046";"155 746 500";"Z01";"2";"99";"0";"2";"0";"0";"0";""
"202400020047";"155 746 496";"A01";"1";"7";"2";"0";"0";"13";"1";""
"202400020048";"155 746 495";"A01";"2";"7";"13";"0";"3";"1";"1";""
"202400020049";"155 746 494";"A01";"1";"80";"12";"0";"1";"14";"3";""
"202400020050";"155 746 492";"A01";"2";"7";"13";"0";"3";"13";"1";""
"202400020051";"155 746 491";"A01";"2";"33";"0";"0";"9";"1";"1";""
"202400020052";"155 746 488";"A01";"1";"10";"0";"2";"2";"2";"1";""
"202400020052";"155 746 490";"B01";"1";"7";"0";"2";"4";"1";"3";""
"202400020052";"155 746 493";"C01";"1";"7";"0";"2";"4";"2";"1";""
"202400020053";"155 746 487";"A01";"2";"2";"0";"2";"8";"1";"3";""
"202400020053";"155 746 489";"Z01";"2";"10";"0";"2";"8";"17";"0";""
"202400020054";"155 746 486";"A01";"1";"32";"0";"0";"0";"1";"1";""
"202400020055";"155 746 485";"A01";"1";"7";"2";"0";"2";"1";"1";""
"202400020056";"155 746 481";"A01";"2";"1";"0";"1";"3";"1";"5";""
"202400020057";"155 746 482";"A01";"2";"7";"2";"0";"5";"0";"1";""
"202400020058";"155 746 478";"B01";"2";"33";"0";"2";"1";"3";"1";""
"202400020058";"155 746 483";"A01";"2";"7";"0";"2";"8";"11";"1";""
"202400020058";"155 746 484";"C01";"2";"7";"0";"2";"5";"1";"1";""
"202400020059";"155 746 477";"A01";"1";"7";"0";"2";"1";"13";"1";""
"202400020059";"155 746 480";"B01";"2";"7";"0";"2";"1";"1";"1";""
"202400020060";"155 746 476";"B01";"2";"7";"0";"2";"3";"15";"1";""
"202400020060";"155 746 479";"A01";"2";"32";"0";"2";"1";"2";"1";""
"202400020061";"155 746 473";"A01";"2";"43";"0";"2";"3";"26";"1";""
"202400020061";"155 746 475";"B01";"1";"50";"0";"2";"1";"5";"3";""
"202400020062";"155 746 472";"B01";" -1";"7";"1";"0";"6";"24";"1";""
"202400020062";"155 746 474";"A01";"1";"7";"1";"0";"1";"26";"1";""
"202400020063";"155 746 471";"A01";"1";"7";"4";"0";"6";"1";"0";""
"202400020064";"155 746 470";"A01";"1";"33";"0";"0";"0";"2";"1";""
"202400020065";"155 746 468";"A01";"0";"2";"7";"0";"1";"1";"1";""
"202400020066";"155 746 467";"A01";"1";"1";"0";"1";"3";"15";"5";""
"202400020067";"155 746 465";"A01";"3";"33";"0";"2";"1";"1";"1";""
"202400020067";"155 746 469";"B01";"3";"7";"0";"2";"6";"9";"1";""
"202400020068";"155 746 463";"A01";"2";"7";"0";"1";"2";"2";"0";""
"202400020069";"155 746 460";"C01";"2";"7";"0";"2";"4";"21";"1";""
"202400020069";"155 746 464";"A01";"2";"7";"0";"2";"1";"2";"2";""
"202400020069";"155 746 466";"B01";"2";"7";"0";"2";"4";"2";"1";""
"202400020070";"155 746 461";"A01";"1";"7";"8";"0";"9";"1";"1";""
"202400020071";"155 746 459";"B01";"2";"1";"0";"2";"8";"1";"5";""
"202400020071";"155 746 462";"Z01";"2";"7";"0";"2";"2";"16";"2";""
"202400020072";"155 746 458";"A01";"3";"10";"6";"0";"1";"1";"1";""
"202400020073";"155 746 454";"A01";"2";"7";"8";"0";"8";"26";"2";""
"202400020074";"155 746 452";"A01";"2";"7";"0";"2";"2";"1";"1";""
"202400020074";"155 746 456";"B01";"2";"1";"0";"2";"4";"2";"5";""
"202400020074";"155 746 457";"C01";"2";"1";"0";"2";"4";"2";"5";""
"202400020075";"155 746 449";"A01";"1";"7";"0";"2";"5";"1";"3";""
"202400020075";"155 746 455";"B01";"1";"7";"0";"2";"3";"13";"1";""
"202400020076";"155 746 450";"B01";"2";"1";"0";"9";"8";"2";"5";""
"202400020076";"155 746 453";"A01";"1";"7";"0";"9";"7";"2";"1";""
"202400020077";"155 746 448";"A01";"1";"7";"0";"1";"3";"1";"1";""
"202400020078";"155 746 447";"A01";"2";"7";"15";"0";"1";"1";"1";""
"202400020079";"155 746 445";"A01";"2";"7";"3";"0";"2";"1";"1";""
"202400020080";"155 746 443";"A01";"2";"7";"0";"2";"3";"2";"1";""
"202400020080";"155 746 446";"B01";"2";"7";"2";"2";"7";"17";"1";""
"202400020081";"155 746 440";"B01";"1";"30";"0";"2";"1";"0";"1";""
"202400020081";"155 746 442";"A01";"1";"7";"0";"2";"2";"20";"1";""
"202400020082";"155 746 441";"A01";"1";"7";"0";"2";"2";"10";"1";""
"202400020082";"155 746 444";"B01";"1";"33";"0";"2";"1";"1";"1";""
"202400020083";"155 746 438";"A01";"2";"7";"4";"0";"1";"1";"1";""
"202400020084";"155 746 437";"A01";"2";"7";"0";"2";"1";"13";"1";""
"202400020084";"155 746 439";"B01";"1";"7";"0";"2";"1";"1";"1";""
"202400020085";"155 746 434";"B01";"2";"7";"0";"2";"2";"16";"1";""
"202400020085";"155 746 436";"A01";"2";"31";"0";"2";"8";"18";"1";""
"202400020086";"155 746 433";"A01";"2";"7";"4";"0";"1";"2";"1";""
"202400020087";"155 746 431";"A01";"1";"32";"0";"2";"1";"17";"1";""
"202400020087";"155 746 435";"B01";"1";"7";"0";"2";"2";"2";"1";""
"202400020088";"155 746 429";"A01";"2";"7";"13";"0";"1";"1";"1";""
"202400020089";"155 746 427";"A01";"1";"7";"0";"2";"6";"13";"1";""
"202400020089";"155 746 432";"B01";"2";"38";"0";"2";"3";"1";"1";"8"
"202400020090";"155 746 428";"A01";"1";"30";"0";"0";"1";"1";"1";""
"202400020091";"155 746 425";"A01";"2";"7";"0";"2";"1";"2";"1";""
"202400020091";"155 746 430";"B01";"2";"7";"0";"2";"4";"2";"1";""
"202400020092";"155 746 423";"A01";"2";"7";"0";"2";"2";"1";"1";""
"202400020092";"155 746 426";"B01";"1";"34";"9";"2";"7";"1";"1";""
"202400020093";"155 746 422";"A01";"2";"2";"0";"2";"1";"1";"1";""
"202400020093";"155 746 424";"B01";"1";"10";"0";"0";"4";"15";"1";""
"202400020094";"155 746 420";"A01";"1";"7";"0";"1";"1";"9";"1";""
"202400020095";"155 746 418";"B01";"1";"14";"0";"2";"1";"2";"1";""
"202400020095";"155 746 421";"A01";"1";"10";"0";"2";"1";"1";"1";""
"202400020096";"155 746 417";"A01";"2";"7";"0";"2";"3";"13";"1";""
"202400020096";"155 746 419";"B01";"1";"7";"0";"2";"3";"1";"1";""
"202400020097";"155 746 415";"A01";"2";"10";"13";"0";"1";"1";"1";""
"202400020098";"155 746 411";"A01";"2";"7";"0";"2";"3";"19";"1";""
"202400020098";"155 746 414";"B01";"1";"7";"0";"2";"1";"1";"1";""
"202400020099";"155 746 412";"A01";"1";"7";"0";"2";"2";"16";"1";""
"202400020099";"155 746 416";"B01";"2";"1";"0";"2";"0";"15";"5";""
"202400020100";"155 746 410";"A01";"2";"17";"0";"2";"7";"12";"1";""
"202400020100";"155 746 413";"B01";"2";"7";"0";"2";"8";"1";"2";""
"202400020101";"155 746 409";"A01";"1";"33";"7";"0";"1";"17";"1";""
"202400020102";"155 746 408";"A01";"2";"7";"2";"0";"1";"1";"1";""
"202400020103";"155 746 407";"A01";"2";"7";"1";"0";"4";"20";"1";""
"202400020104";"155 746 404";"A01";"1";"7";"0";"2";"2";"0";"1";""
"202400020104";"155 746 406";"B01";"1";"7";"0";"2";"3";"0";"1";""
"202400020105";"155 746 405";"A01";"1";"7";"2";"0";"3";"14";"1";""
"202400020106";"155 746 402";"A01";"1";"10";"0";"2";"2";"1";"1";""
"202400020106";"155 746 403";"B01";"1";"17";"0";"0";"6";"1";"1";""
"202400020107";"155 746 401";"A01";"1";"7";"0";"1";"0";"1";"2";""
"202400020108";"155 746 398";"A01";"2";"7";"3";"0";"9";"21";"1";""
"202400020109";"155 746 396";"C01";"0";"7";"0";"2";"4";"2";"1";""
"202400020109";"155 746 399";"A01";"3";"7";"0";"2";"1";"2";"1";""
"202400020109";"155 746 400";"B01";"3";"7";"0";"2";"4";"2";"1";""
"202400020110";"155 746 395";"A01";"1";"7";"0";"1";"0";"1";"1";""
"202400020111";"155 746 393";"A01";"0";"31";"0";"2";"1";"2";"1";""
"202400020111";"155 746 397";"B01";"0";"7";"0";"0";"5";"23";"1";""
"202400020112";"155 746 392";"A01";"2";"7";"0";"0";"6";"15";"0";""
"202400020112";"155 746 394";"B01";"2";"33";"0";"2";"1";"17";"1";""
"202400020113";"155 746 391";"A01";"1";"10";"16";"0";"1";"1";" -1";""
"202400020114";"155 746 389";"A01";"1";"7";"0";"2";"1";"2";"1";""
"202400020114";"155 746 390";"B01";"1";"7";"0";"2";"4";"2";"1";""
"202400020115";"155 746 388";"A01";"2";"7";"2";"0";"0";"13";"1";""
"202400020116";"155 746 384";"A01";"1";"33";"0";"0";"9";"17";"1";""
"202400020117";"155 746 385";"B01";"1";"30";"0";"0";"2";"1";"1";""
"202400020117";"155 746 387";"A01";"3";"10";"0";"0";"1";"15";"1";""
"202400020118";"155 746 382";"A01";"1";"7";"0";"0";"1";"1";"1";""
"202400020119";"155 746 381";"B01";"1";"7";"0";"2";"3";"1";"1";""
"202400020119";"155 746 383";"A01";"1";"7";"0";"2";"8";"13";"1";""
"202400020120";"155 746 380";"A01";"3";"7";"0";"2";"2";"14";"1";""
"202400020121";"155 746 379";"A01";"1";"7";"4";"0";"2";"1";"1";""
"202400020122";"155 746 378";"A01";"2";"7";"6";"0";"1";"1";"1";""
"202400020123";"155 746 377";"A01";"1";"7";"0";"0";"0";"17";"1";""
"202400020124";"155 746 374";"A01";"1";"7";"0";"2";"1";"19";"1";""
"202400020124";"155 746 375";"B01";"2";"34";"0";"2";"1";"1";"1";""
"202400020125";"155 746 373";"B01";"3";"7";"0";"2";"4";"26";"1";""
"202400020125";"155 746 376";"A01";"3";"7";"0";"2";"2";"15";"1";""
"202400020126";"155 746 370";"A01";"1";"33";"0";"0";"0";"1";"0";""
"202400020127";"155 746 369";"A01";"2";"7";"1";"0";"2";"1";"1";""
"202400020128";"155 746 371";"A01";"3";"0";"0";"9";"0";"26";"1";""
"202400020128";"155 746 372";"B01";"3";"33";"0";"9";"0";"26";"1";""
"202400020129";"155 746 367";"A01";"3";"7";"14";"2";"1";"26";"3";""
"202400020129";"155 746 368";"B01";"3";"38";"0";"2";"4";"2";"1";"1"
"202400020130";"155 746 363";"A01";"2";"7";"13";"0";"1";"15";"1";""
"202400020131";"155 746 361";"B01";"0";"7";"0";"2";"3";"1";"1";""
"202400020131";"155 746 364";"A01";"1";"1";"0";"2";"1";"13";"5";""
"202400020132";"155 746 360";"A01";"1";"7";"0";"2";"1";"0";"1";""
"202400020132";"155 746 362";"B01";"1";"7";"0";"0";"4";"2";"1";""
"202400020132";"155 746 365";"C01";"1";"7";"0";"2";"4";"2";"1";""
"202400020132";"155 746 366";"D01";"1";"7";"0";"0";"4";"2";"1";""
"202400020133";"155 746 359";"A01";"2";"7";"0";"0";"9";"21";"1";""
"202400020134";"155 746 353";"A01";"2";"17";"1";"0";"7";"15";"1";""
"202400020134";"155 746 356";"B01";"2";"7";"0";"0";"6";"24";"1";""
"202400020135";"155 746 354";"B01";"2";"10";"0";"2";"3";"1";"1";""
"202400020135";"155 746 358";"A01";"1";"7";"0";"2";"7";"1";"1";""
"202400020136";"155 746 352";"B01";"1";"7";"0";"2";"1";"1";"1";""
"202400020136";"155 746 357";"A01";"2";"2";"0";"2";"8";"16";"1";""
"202400020137";"155 746 349";"A01";"1";"15";"4";"0";"1";"13";"1";""
"202400020138";"155 746 348";"A01";"2";"10";"0";"2";"1";"13";"1";""
"202400020138";"155 746 350";"B01";"2";"7";"0";"2";"1";"1";"1";""
"202400020138";"155 746 351";"C01";"2";"7";"0";"2";"8";"1";"1";""
"202400020138";"155 746 355";"D01";"2";"7";"0";"2";"0";"9";"1";""
"202400020139";"155 746 345";"B01";"2";"7";"0";"2";"8";"2";"1";""
"202400020139";"155 746 347";"A01";"2";"31";"0";"2";"3";"13";"1";""
"202400020140";"155 746 342";"B01";"3";"7";"0";"0";"4";"26";"1";""
"202400020140";"155 746 346";"A01";"0";"7";"0";"2";"1";"26";"1";""
"202400020141";"155 746 335";"A01";"1";"7";"0";"2";"7";"1";"1";""
"202400020141";"155 746 338";"B01";"2";"7";"0";"2";"1";"1";"1";""
"202400020142";"155 746 334";"A01";"1";"7";"3";"0";"2";"1";"1";""
"202400020143";"155 746 332";"A01";"1";"7";"0";"2";"1";"15";"1";""
"202400020143";"155 746 337";"B01";"2";"7";"0";"2";"1";"1";"1";""
"202400020144";"155 746 333";"B01";"3";"30";"0";"2";"1";"1";"1";""
"202400020144";"155 746 336";"A01";"3";"7";"0";"2";"6";"15";"1";""
"202400020145";"155 746 331";"A01";"1";"7";"0";"1";"2";"1";"1";""
"202400020146";"155 746 330";"A01";"1";"7";"16";"0";"0";"2";"1";""
"202400020147";"155 746 329";"A01";"3";"7";"0";"1";"0";"1";"1";""
"202400020148";"155 746 328";"A01";"1";"37";"0";"1";"2";"21";"1";"1"
"202400020149";"155 746 326";"B01";"2";"7";"0";"0";"8";"15";"1";""
"202400020149";"155 746 327";"A01";"1";"33";"9";"2";"1";"13";"1";""
"202400020150";"155 746 322";"A01";"2";"7";"0";"2";"2";"2";"1";""
"202400020150";"155 746 325";"B01";"2";"7";"0";"2";"6";"2";"1";""
"202400020151";"155 746 319";"A01";"2";"7";"8";"0";"8";"1";"1";""
"202400020152";"155 746 321";"B01";"2";"7";"0";"2";"0";"18";"1";""
"202400020152";"155 746 324";"A01";"1";"33";"0";"2";"2";"15";"1";""
"202400020153";"155 746 320";"A01";"0";"30";"0";"2";"2";"1";"1";""
"202400020153";"155 746 323";"B01";"0";"7";"0";"2";"1";"1";"1";""
"202400020154";"155 746 317";"A01";"1";"7";"0";"1";"1";"1";"1";""
"202400020155";"155 746 314";"B01";"1";"7";"0";"2";"3";"1";"1";""
"202400020155";"155 746 316";"C01";"2";"10";"0";"2";"2";"1";"1";""
"202400020155";"155 746 318";"A01";"2";"7";"0";"2";"4";"1";"1";""
"202400020156";"155 746 311";"A01";"2";"7";"0";"2";"1";"17";"1";""
"202400020156";"155 746 313";"B01";"2";"7";"0";"2";"4";"2";"1";""
"202400020157";"155 746 310";"A01";"1";"2";"1";"0";"1";"1";"1";""
"202400020158";"155 746 308";"A01";"2";"7";"6";"0";"1";"16";"1";""
"202400020159";"155 746 306";"A01";"1";"7";"0";"2";"1";"5";"1";""
"202400020159";"155 746 309";"B01";"2";"7";"0";"2";"1";"1";"1";""
"202400020160";"155 746 305";"A01";"1";"7";"3";"0";"1";"14";"1";""
"202400020161";"155 746 304";"A01";"3";"7";"0";"2";"1";"13";"1";""
"202400020161";"155 746 307";"B01";"3";"7";"0";"2";"3";"1";"1";""
"202400020162";"155 746 303";"A01";"2";"7";"4";"0";"1";"11";"1";""
"202400020163";"155 746 302";"A01";"3";"7";"0";"0";"9";"1";"1";""
"202400020164";"155 746 301";"A01";"2";"7";"2";"0";"1";"1";"1";""
"202400020165";"155 746 297";"A01";"1";"2";"0";"2";"9";"26";"1";""
"202400020165";"155 746 298";"Z01";"1";"0";"0";"9";"2";"12";"0";""
"202400020166";"155 746 296";"A01";"3";"7";"0";"2";"8";"22";"1";""
"202400020166";"155 746 300";"B01";"3";"1";"1";"0";"8";"1";"5";""
"202400020167";"155 746 294";"A01";"1";"7";"0";"2";"1";"2";"1";""
"202400020167";"155 746 295";"B01";"1";"7";"0";"2";"4";"1";"1";""
"202400020167";"155 746 299";"C01";"1";"7";"0";"2";"4";"1";"1";""
"202400020168";"155 746 288";"A01";"1";"2";"0";"2";"4";"0";"1";""
"202400020168";"155 746 291";"B01";"1";"7";"0";"2";"1";"1";"1";""
"202400020169";"155 746 286";"A01";"2";"7";"0";"2";"2";"1";"1";""
"202400020169";"155 746 290";"B01";"2";"7";"0";"2";"6";"23";"1";""
"202400020170";"155 746 285";"A01";"1";"10";"0";"2";"1";"1";"1";""
"202400020170";"155 746 287";"B01";"1";"7";"0";"2";"4";"23";"1";""
"202400020171";"155 746 281";"A01";"3";"31";"0";"2";"1";"1";"1";""
"202400020171";"155 746 284";"B01";"3";"35";"0";"2";"2";"10";"1";""
"202400020172";"155 746 280";"B01";"2";"31";"0";"2";"1";"2";"3";""
"202400020172";"155 746 282";"A01";"2";"10";"0";"2";"4";"1";"1";""
"202400020173";"155 746 279";"A01";"3";"7";"0";"2";"1";"19";"1";""
"202400020173";"155 746 283";"B01";"3";"1";"0";"2";"8";"25";"0";""
"202400020174";"155 746 276";"B01";"2";"7";"0";"2";"1";"19";"1";""
"202400020174";"155 746 278";"A01";"3";"7";"0";"0";"5";"19";"1";""
"202400020175";"155 746 274";"A01";"2";"10";"0";"2";"5";"14";"1";""
"202400020175";"155 746 275";"B01";"2";"33";"0";"2";"3";"3";"1";""
"202400020175";"155 746 277";"C01";"2";"17";"0";"2";"3";"1";"1";""
"202400020176";"155 746 268";"A01";"2";"7";"0";"2";"4";"2";"1";""
"202400020176";"155 746 272";"B01";"2";"7";"0";"2";"1";"2";"1";""
"202400020177";"155 746 267";"A01";"1";"10";"0";"2";"6";"1";"1";""
"202400020177";"155 746 270";"B01";"1";"33";"0";"2";"2";"11";"1";""
"202400020178";"155 746 266";"B01";"1";"7";"0";"2";"4";"1";"0";""
"202400020178";"155 746 269";"A01";"1";"10";"0";"2";"1";"1";"1";""
"202400020178";"155 746 271";"C01";"1";"7";"0";"2";"4";"1";"1";""
"202400020178";"155 746 273";"D01";"1";"7";"0";"2";"4";"1";"1";""
"202400020179";"155 746 265";"A01";"1";"7";"3";"0";"7";"16";"1";""
"202400020180";"155 746 263";"B01";"1";"2";"0";"2";"0";"0";"3";""
"202400020180";"155 746 264";"A01";"1";"34";"0";"2";"3";"19";"1";""
"202400020181";"155 746 261";"A01";"2";"7";"4";"0";"1";"1";"1";""
"202400020182";"155 746 260";"A01";"1";"7";"0";"2";"1";"17";"1";""
"202400020182";"155 746 262";"B01";"1";"7";"0";"2";"1";"1";"3";""
"202400020183";"155 746 257";"B01";"1";"33";"0";"2";"7";"1";"1";""
"202400020183";"155 746 259";"A01";"3";"7";"0";"2";"2";"15";"1";""
"202400020184";"155 746 254";"A01";"2";"7";"0";"2";"1";"2";"1";""
"202400020184";"155 746 256";"B01";"2";"7";"0";"2";"4";"23";"1";""
"202400020184";"155 746 258";"C01";"2";"7";"0";"2";"4";"23";"1";""
"202400020185";"155 746 253";"A01";"2";"7";"0";"2";"2";"1";"1";""
"202400020185";"155 746 255";"B01";"2";"50";"0";"2";"8";"9";"3";""
"202400020186";"155 746 248";"A01";"1";"7";"0";"9";"3";"15";"1";""
"202400020186";"155 746 251";"B01";"2";"50";"0";"2";"1";"1";"3";""
"202400020187";"155 746 246";"A01";"1";"7";"0";"2";"1";"1";"1";""
"202400020187";"155 746 249";"B01";"1";"7";"3";"2";"1";"1";"1";""
"202400020187";"155 746 252";"C01";"1";"7";"0";"2";"6";"1";"1";""
"202400020188";"155 746 247";"A01";"1";"7";"0";"2";"3";"24";"1";""
"202400020188";"155 746 250";"B01";"1";"1";"1";"0";"1";"1";"5";""
"202400020189";"155 746 243";"A01";"1";"7";"8";"0";"3";"1";"3";""
"202400020190";"155 746 241";"A01";"1";"50";"0";"2";"1";"1";"3";""
"202400020190";"155 746 245";"B01";"1";"7";"0";"2";"4";"1";"3";""
"202400020191";"155 746 238";"A01";"0";"7";"0";"1";"2";"1";"1";""
"202400020192";"155 746 236";"E01";"1";"7";"4";"2";"1";"14";"1";""
"202400020192";"155 746 239";"A01";"1";"7";"4";"2";"7";"2";"3";""
"202400020192";"155 746 240";"B01";"1";"7";"4";"2";"4";"2";"1";""
"202400020192";"155 746 242";"C01";"1";"7";"4";"2";"2";"2";"1";""