"Num_Acc";"id_vehicule";"num_veh";"senc";"catv";"obs";"obsm";"choc";"manv";"motor";"occutc"
"202400020192";"155 746 244";"D01";"1";"7";"4";"2";"4";"2";"1";""
"202400020193";"155 746 235";"B01";"1";"33";"0";"2";"2";"1";"1";""
"202400020193";"155 746 237";"A01";"1";"7";"0";"2";"3";"9";"1";""
"202400020194";"155 746 233";"A01";"2";"7";"0";"2";"1";"5";"1";""
"202400020194";"155 746 234";"B01";"1";"50";"0";"2";"1";"15";"3";""
"202400020195";"155 746 230";"A01";"2";"7";"0";"2";"1";"12";"1";""
"202400020195";"155 746 232";"B01";"2";"7";"0";"2";"6";"1";"1";""
"202400020196";"155 746 226";"B01";"1";"7";"0";"2";"4";"1";"1";""
"202400020196";"155 746 229";"C01";"1";"7";"0";"2";"4";"1";"1";""
"202400020196";"155 746 231";"A01";"1";"10";"0";"2";"1";"1";"1";""
"202400020197";"155 746 227";"B01";"1";"7";"0";"2";"1";"1";"1";""
"202400020197";"155 746 228";"A01";"2";"2";"0";"2";"1";"1";"1";""
"202400020198";"155 746 223";"A01";"2";"7";"0";"2";"1";"2";"1";""
"202400020198";"155 746 224";"B01";"2";"7";"0";"2";"4";"2";"1";""
"202400020198";"155 746 225";"C01";"2";"7";"0";"2";"4";"2";"1";""
"202400020199";"155 746 221";"A01";"1";"10";"0";"1";"3";"7";"1";""
"202400020200";"155 746 220";"A01";"2";"7";"6";"0";"1";"1";"1";""
"202400020201";"155 746 219";"B01";"3";"7";"0";"2";"1";"2";"1";""
"202400020201";"155 746 222";"A01";"3";"2";"0";"2";"1";"15";"1";""
"202400020202";"155 746 213";"B01";"2";"7";"0";"2";"4";"23";"1";""
"202400020202";"155 746 217";"A01";"2";"10";"0";"2";"1";"2";"1";""
"202400020203";"155 746 214";"A01";"1";"7";"0";"2";"1";"2";"1";""
"202400020203";"155 746 215";"B01";"1";"7";"0";"2";"4";"2";"1";""
"202400020203";"155 746 218";"C01";"1";"7";"0";"2";"4";"2";"1";""
"202400020204";"155 746 212";"A01";"1";"7";"0";"2";"8";"1";"1";""
"202400020204";"155 746 216";"B01";"1";"2";"0";"2";"1";"1";"1";""
"202400020205";"155 746 211";"A01";"2";"7";"4";"0";"0";"0";"1";""
"202400020206";"155 746 208";"A01";"2";"33";"0";"0";"8";"1";"1";""
"202400020207";"155 746 207";"Z01";"1";"7";"0";"2";"1";"0";"1";""
"202400020207";"155 746 210";"A01";"1";"1";"0";"2";"4";"1";"5";""
"202400020208";"155 746 206";"A01";"1";"7";"0";"0";"4";"23";"1";""
"202400020208";"155 746 209";"B01";"1";"7";"0";"2";"1";"0";"1";""
"202400020209";"155 746 204";"A01";"2";"32";"0";"2";"1";"13";"1";""
"202400020209";"155 746 205";"B01";"2";"7";"0";"2";"6";"1";"2";""
"202400020210";"155 746 201";"A01";"1";"7";"13";"0";"9";"14";"1";""
"202400020211";"155 746 200";"A01";"2";"33";"0";"2";"3";"3";"1";""
"202400020211";"155 746 202";"B01";"2";"7";"0";"2";"7";"1";"1";""
"202400020212";"155 746 199";"B01";"1";"7";"0";"2";"2";"1";"1";""
"202400020212";"155 746 203";"A01";"2";"33";"0";"2";"1";"17";"1";""
"202400020213";"155 746 196";"A01";"1";"7";"13";"0";"1";"2";"1";""
"202400020214";"155 746 194";"B01";"1";"10";"0";"2";"3";"15";"0";""
"202400020214";"155 746 197";"A01";"1";"31";"0";"2";"7";"17";"0";""
"202400020215";"155 746 193";"A01";"1";"7";"0";"2";"4";"2";"1";""
"202400020215";"155 746 195";"B01";"1";"7";"0";"2";"1";"2";"1";""
"202400020215";"155 746 198";"C01";"1";"7";"0";"2";"1";"2";"1";""
"202400020216";"155 746 190";"A01";"3";"7";"0";"2";"6";"10";"1";""
"202400020216";"155 746 192";"B01";"3";"32";"0";"2";"1";"1";"1";""
"202400020217";"155 746 187";"B01";"2";"33";"0";"2";"3";"1";"1";""
"202400020217";"155 746 189";"A01";"1";"7";" -1";"2";"1";"20";"1";""
"202400020218";"155 746 188";"B01";"2";"7";"0";"2";"4";"23";"1";""
"202400020218";"155 746 191";"A01";"2";"7";"0";"2";"1";"2";"1";""
"202400020219";"155 746 185";"A01";"3";"7";"0";"2";"1";"1";"1";""
"202400020219";"155 746 186";"B01";"3";"7";"0";"2";"1";"1";"1";""
"202400020220";"155 746 182";"A01";"3";"7";"0";"2";"1";"9";"1";""
"202400020220";"155 746 184";"B01";"1";"50";"0";"2";"7";"1";"3";""
"202400020221";"155 746 181";"A01";"1";"7";"0";"2";"2";"15";"1";""
"202400020221";"155 746 183";"B01";"2";"33";"0";"0";"0";"0";"1";""
"202400020222";"155 746 179";"A01";"3";"10";"1";"0";"2";"1";"1";""
"202400020223";"155 746 178";"A01";"1";"7";"0";"2";"2";"14";"1";""
"202400020223";"155 746 180";"B01";"1";"2";"0";"2";"2";"18";"1";""
"202400020224";"155 746 174";"A01";"1";"30";"0";"2";"0";"1";"1";""
"202400020225";"155 746 172";"A01";"0";"7";"0";"0";"4";"10";"1";""
"202400020225";"155 746 173";"B01";"0";"33";"0";"2";"1";"2";"1";""
"202400020226";"155 746 169";"A01";"1";"7";"1";"0";"1";"0";"1";""
"202400020227";"155 746 168";"A01";"0";"33";"0";"2";"0";"10";"1";""
"202400020227";"155 746 171";"B01";"0";"10";"0";"2";"0";"1";"1";""
"202400020228";"155 746 167";"A01";"3";"7";"0";"2";"3";"1";"1";""
"202400020228";"155 746 170";"B01";"3";"7";"0";"2";"3";"1";"1";""
"202400020229";"155 746 164";"A01";"1";"7";"0";"2";"8";"1";"1";""
"202400020229";"155 746 166";"B01";"2";"7";"0";"2";"8";"1";"1";""
"202400020230";"155 746 163";"A01";"0";"7";"0";"2";"0";"20";"1";""
"202400020230";"155 746 165";"B01";"0";"50";"0";"2";"0";"0";"3";""
"202400020231";"155 746 160";"A01";"2";"50";"0";"0";"0";"1";"3";""
"202400020232";"155 746 159";"A01";"1";"7";"0";"2";"3";"13";"1";""
"202400020232";"155 746 162";"B01";"2";"7";"0";"2";"3";"1";"1";""
"202400020233";"155 746 157";"A01";"2";"10";"0";"2";"1";"1";"1";""
"202400020233";"155 746 158";"B01";"2";"10";"0";"2";"4";"1";"1";""
"202400020233";"155 746 161";"C01";"2";"7";"0";"2";"4";"1";"2";""
"202400020234";"155 746 154";"A01";"1";"7";"0";"2";"2";"15";"1";""
"202400020234";"155 746 156";"B01";"2";"33";"0";"2";"1";"1";"1";""
"202400020235";"155 746 152";"B01";"2";"1";"0";"2";"1";"1";"5";""
"202400020235";"155 746 155";"A01";"2";"13";"0";"9";"7";"1";"6";""
"202400020236";"155 746 151";"A01";"1";"7";"0";"2";"3";"19";"1";""
"202400020236";"155 746 153";"B01";"1";"33";"0";"2";"2";"1";"1";""
"202400020237";"155 746 149";"A01";"1";"80";"0";"0";"1";"1";"3";""
"202400020238";"155 746 145";"A01";"1";"7";"0";"2";"1";"1";"1";""
"202400020238";"155 746 148";"B01";"2";"1";"0";"2";"1";"0";"5";""
"202400020239";"155 746 144";"A01";"1";"10";"0";"1";"5";"26";"1";""
"202400020240";"155 746 140";"A01";"1";"10";"9";"0";"2";"2";"1";""
"202400020240";"155 746 143";"B01";"1";"33";"9";"0";"0";"15";"1";""
"202400020241";"155 746 139";"A01";"3";"7";"0";"2";"2";"10";"0";""
"202400020241";"155 746 141";"B01";"3";"33";"0";"2";"1";"1";"0";""
"202400020242";"155 746 138";"A01";"0";"7";"0";"0";"0";"0";"1";""
"202400020242";"155 746 142";"B01";"1";"60";"0";"0";"0";"0";"5";""
"202400020243";"155 746 137";"A01";"1";"7";"0";"1";"1";"1";"1";""
"202400020244";"155 746 135";"A01";"2";"33";"0";"2";"1";"2";"1";""
"202400020244";"155 746 136";"B01";"2";"7";"0";"2";"7";"16";"2";""
"202400020245";"155 746 133";"A01";"1";"7";"0";"9";"0";"0";"1";""
"202400020245";"155 746 134";"B01";"2";"50";"0";"2";"1";"11";"3";""
"202400020246";"155 746 129";"A01";"1";"10";"0";"2";"8";"15";"0";""
"202400020246";"155 746 131";"B01";"1";"2";"0";"2";"7";"17";"0";""
"202400020247";"155 746 130";"A01";"1";"7";"0";"2";"1";"1";"1";""
"202400020247";"155 746 132";"B01";"1";"7";"0";"2";"2";"1";"1";""
"202400020248";"155 746 127";"A01";"1";"7";"0";"2";"1";"2";"1";""
"202400020248";"155 746 128";"B01";"1";"7";"0";"2";"4";"23";"1";""
"202400020249";"155 746 124";"A01";"2";"7";"0";"2";"2";"1";"1";""
"202400020249";"155 746 126";"B01";"1";"7";"0";"2";"7";"1";"1";""
"202400020250";"155 746 121";"B01";"1";"7";"0";"2";"3";"20";"1";""
"202400020250";"155 746 123";"A01";"1";"7";"0";"2";"1";"1";"1";""
"202400020251";"155 746 122";"A01";"1";"10";"0";"2";"1";"1";"0";""
"202400020251";"155 746 125";"B01";"2";"33";"0";"2";"8";"1";"1";""
"202400020252";"155 746 120";"A01";"2";"40";"0";"1";"3";"1";"3";""
"202400020253";"155 746 117";"B01";"0";"7";"0";"2";"8";"1";"3";""
"202400020253";"155 746 119";"A01";"3";"7";"0";"2";"1";"1";"1";""
"202400020254";"155 746 116";"A01";"0";"15";"0";"2";"8";"1";"1";""
"202400020254";"155 746 118";"B01";"3";"7";"0";"2";"1";"1";"1";""
"202400020255";"155 746 113";"A01";"3";"30";"0";"2";"2";"1";"1";""
"202400020255";"155 746 115";"B01";"3";"7";"0";"2";"3";"15";"1";""
"202400020256";"155 746 112";"B01";"1";"7";"0";"2";"1";"1";"2";""
"202400020256";"155 746 114";"A01";"1";"7";"0";"2";"2";"1";"1";""
"202400020257";"155 746 111";"A01";"1";"7";"0";"1";"2";"15";"1";""
"202400020258";"155 746 109";"A01";"1";"7";"0";"1";"2";"1";"1";""
"202400020259";"155 746 108";"A01";"2";"7";"0";"2";"3";"16";"1";""
"202400020259";"155 746 110";"B01";"2";"1";"0";"2";"2";"1";"5";""
"202400020260";"155 746 107";"A01";"2";"7";"0";"1";"1";"26";"3";""
"202400020261";"155 746 103";"A01";"1";"7";"0";"2";"3";"1";"1";""
"202400020261";"155 746 106";"B01";"1";"7";"0";"2";"1";"1";"1";""
"202400020262";"155 746 104";"A01";"1";"10";"0";"2";"1";"2";"1";""
"202400020262";"155 746 105";"B01";"1";"7";"0";"2";"4";"23";"1";""
"202400020263";"155 746 102";"A01";"1";"7";"2";"0";"2";"1";"1";""
"202400020264";"155 746 100";"A01";"1";"7";"6";"0";"1";"6";"1";""
"202400020265";"155 746 099";"B01";"2";"33";"0";"2";"5";"1";"1";""
"202400020265";"155 746 101";"A01";"3";"7";"0";"2";"1";"16";"1";""
"202400020266";"155 746 098";"A01";"0";"50";"0";"0";"0";"0";"3";""
"202400020267";"155 746 096";"A01";"0";"7";"2";"0";"1";"26";"1";""
"202400020268";"155 746 095";"B01";"3";"33";"0";"2";"7";"1";"1";""
"202400020268";"155 746 097";"A01";"3";"7";"0";"2";"1";"9";"1";""
"202400020269";"155 746 094";"A01";"1";"30";"0";"0";"0";"0";"1";""
"202400020270";"155 746 093";"A01";"2";"50";"0";"1";"1";"0";"3";""
"202400020271";"155 746 092";"A01";"2";"7";"0";"1";"3";"0";"1";""
"202400020272";"155 746 089";"A01";"1";"7";"0";"1";"1";"1";"1";""
"202400020273";"155 746 088";"A01";"3";"7";"0";"2";"3";"1";"1";""
"202400020273";"155 746 090";"B01";"3";"7";"0";"1";"1";"1";"1";""
"202400020274";"155 746 087";"B01";"2";"50";"0";"2";"1";"1";"3";""
"202400020274";"155 746 091";"A01";"3";"7";"0";"2";"3";"15";"1";""
"202400020275";"155 746 086";"A01";"0";"7";"7";"0";"1";"1";"1";""
"202400020276";"155 746 085";"A01";"1";"7";"0";"1";"0";"1";"0";""
"202400020277";"155 746 080";"A01";"0";"7";"0";"2";"3";"10";"1";""
"202400020277";"155 746 083";"B01";"0";"37";"0";"2";"1";"1";"0";"1"
"202400020278";"155 746 081";"A01";"1";"7";"0";"2";"1";"15";"1";""
"202400020278";"155 746 084";"B01";"1";"32";"0";"2";"1";"0";"1";""
"202400020279";"155 746 079";"B01";"2";"33";"0";"2";"1";"0";"1";""
"202400020279";"155 746 082";"A01";"1";"7";"0";"2";"2";"15";"1";""
"202400020280";"155 746 077";"A01";"1";"7";"0";"2";"3";"15";"3";""
"202400020280";"155 746 078";"B01";"2";"1";"0";"2";"1";"1";"5";""
"202400020281";"155 746 075";"A01";"1";"30";"0";"1";"1";"1";"1";""
"202400020282";"155 746 074";"A01";"2";"7";"0";"2";"1";"1";"1";""
"202400020282";"155 746 076";"B01";"1";"7";"0";"2";"1";"1";"2";""
"202400020283";"155 746 069";"A01";"1";"30";"0";"2";"2";"1";"1";""
"202400020283";"155 746 072";"B01";"2";"7";"0";"2";"3";"1";"1";""
"202400020284";"155 746 071";"A01";"1";"7";"0";"2";"1";"1";"2";""
"202400020284";"155 746 073";"B01";"1";"80";"0";"2";"1";"0";"3";""
"202400020285";"155 746 068";"A01";"1";"7";"0";"2";"3";"15";"1";""
"202400020285";"155 746 070";"B01";"1";"33";"0";"2";"1";"17";"1";""
"202400020286";"155 746 066";"B01";"1";"50";"0";"2";"0";"19";"3";""
"202400020286";"155 746 067";"A01";"1";"7";"0";"2";"0";"16";"1";""
"202400020287";"155 746 064";"A01";"1";"3";"0";"1";"2";"1";"1";""
"202400020288";"155 746 063";"A01";"0";"7";"0";"2";"1";"5";"1";""
"202400020288";"155 746 065";"B01";"0";"2";"0";"2";"1";"5";"1";""
"202400020289";"155 746 061";"A01";"1";"7";"0";"2";"1";"1";"1";""
"202400020289";"155 746 062";"B01";"1";"1";"0";"2";"4";"1";"5";""
"202400020290";"155 746 058";"A01";"1";"7";"0";"2";"1";"1";"1";""
"202400020290";"155 746 060";"B01";"1";"1";"0";"2";"1";"1";"5";""
"202400020291";"155 746 055";"B01";"3";"7";"0";"2";"6";"15";"2";""
"202400020291";"155 746 057";"A01";"1";"7";"0";"2";"3";"1";"1";""
"202400020292";"155 746 056";"B01";"2";"33";"0";"2";"0";"23";"1";""
"202400020292";"155 746 059";"A01";"1";"7";"0";"2";"1";"1";"1";""
"202400020293";"155 746 054";"A01";"1";"10";"0";"1";"1";"1";"1";""
"202400020294";"155 746 049";"B01";"3";"50";"0";"2";"1";"9";"3";""
"202400020294";"155 746 052";"Z01";"3";"7";"0";"2";"7";"26";"1";""
"202400020295";"155 746 048";"B01";"0";"1";"0";" -1";"1";"14";"5";""
"202400020295";"155 746 051";"A01";"0";"7";"0";"2";"5";"0";"1";""
"202400020296";"155 746 050";"B01";"0";"15";"0";"2";"4";"9";"1";""
"202400020296";"155 746 053";"A01";"3";"7";"0";"2";"1";"9";"1";""
"202400020297";"155 746 046";"A01";"3";"50";"0";"2";"0";"1";"3";""
"202400020298";"155 746 043";"A01";"2";"30";"0";"2";"1";"15";"1";""
"202400020298";"155 746 045";"B01";"1";"7";"0";"2";"3";"1";"1";""
"202400020299";"155 746 044";"B01";"3";"10";"0";"9";"6";"1";"1";""
"202400020299";"155 746 047";"A01";"2";"80";"0";"2";"3";"16";"3";""
"202400020300";"155 746 042";"A01";"3";"50";"15";"0";"0";"1";"3";""
"202400020301";"155 746 040";"B01";"1";"50";"0";"2";"1";"1";"3";""
"202400020301";"155 746 041";"A01";"2";"32";"0";"9";"1";"5";"1";""
"202400020302";"155 746 038";"Z01";"3";"1";"0";"1";"0";"1";"5";""
"202400020303";"155 746 037";"A01";"1";"7";"0";"2";"1";"1";"1";""
"202400020303";"155 746 039";"B01";"2";"7";"0";"2";"1";"13";"1";""
"202400020304";"155 746 035";"A01";"3";"7";"0";"1";"8";"15";"1";""
"202400020305";"155 746 034";"A01";"3";"7";"0";"2";"1";"2";"1";""
"202400020305";"155 746 036";"B01";"3";"7";"0";"2";"4";"23";"1";""
"202400020306";"155 746 033";"A01";"3";"7";"0";"0";"3";"2";"1";""
"202400020307";"155 746 031";"A01";"3";"7";"9";"0";"1";"26";"1";""
"202400020308";"155 746 030";"B01";"1";"7";"2";"2";"7";"1";"1";""
"202400020308";"155 746 032";"A01";"2";"7";"0";"2";"1";"26";"1";""
"202400020309";"155 746 029";"A01";"3";"60";"12";"0";"1";"1";"5";""
"202400020310";"155 746 026";"B01";"1";"7";"0";"2";"0";"1";"1";""
"202400020310";"155 746 028";"A01";"1";"33";"0";"2";"0";"17";"1";""
"202400020311";"155 746 025";"A01";"2";"7";"0";"2";"1";"20";"1";""
"202400020311";"155 746 027";"B01";"2";"50";"0";"2";"3";"1";"3";""
"202400020312";"155 746 024";"A01";"3";"2";"11";"0";"7";"1";"1";""
"202400020313";"155 746 021";"A01";"1";"1";"0";"2";"1";"1";"5";""
"202400020313";"155 746 023";"B01";"1";"7";"0";"2";"4";"1";"1";""
"202400020314";"155 746 019";"A01";"1";"7";"0";"6";"0";"1";"1";""
"202400020315";"155 746 016";"A01";"1";"31";"0";"2";"2";"1";"1";""
"202400020315";"155 746 018";"B01";"2";"10";"0";"2";"5";"15";"1";""
"202400020316";"155 746 015";"Z01";"1";"7";"0";"2";"3";"1";"1";""
"202400020316";"155 746 017";"B01";"1";"1";"0";"2";"1";"1";"5";""
"202400020317";"155 746 013";"B01";"1";"7";"0";"2";"3";"13";"1";""
"202400020317";"155 746 014";"A01";"2";"7";"0";"2";"3";"1";"1";""
"202400020318";"155 746 011";"A01";"2";"40";"0";"1";"2";"26";"3";""
"202400020319";"155 746 010";"B01";"1";"1";"0";"2";"7";"1";"5";""
"202400020319";"155 746 012";"A01";"1";"7";"0";"2";"3";"9";"3";""
"202400020320";"155 746 008";"A01";"1";"15";"1";"0";"3";"13";"1";""
"202400020321";"155 746 007";"A01";"2";"7";"0";"2";"3";"9";"1";""
"202400020321";"155 746 009";"B01";"2";"7";"0";"2";"2";"1";"1";""
"202400020322";"155 746 006";"A01";"3";"7";"0";"1";"3";"1";"1";""
"202400020323";"155 746 004";"A01";"1";"10";"7";"0";"2";"1";"1";""
"202400020324";"155 746 005";"A01";"0";"7";"8";"1";"2";"15";"1";""
"202400020325";"155 746 002";"B01";"3";"1";"0";"2";"1";"1";"5";""
"202400020325";"155 746 003";"Z01";"0";"7";"0";"9";"0";"0";"0";""
"202400020326";"155 745 999";"B01";"1";"80";"0";"2";"7";"1";"3";""
"202400020326";"155 746 001";"A01";"2";"10";"0";"9";"3";"19";"1";""
"202400020327";"155 745 998";"A01";"1";"33";"0";"2";"1";"13";"1";""
"202400020327";"155 746 000";"B01";"1";"7";"0";"2";"1";"13";"1";""
"202400020328";"155 745 996";"A01";"2";"30";"14";"0";"1";"14";"1";""
"202400020329";"155 745 995";"A01";"1";"7";"0";"2";"2";"13";"2";""
"202400020329";"155 745 997";"B01";"2";"7";"0";"2";"2";"9";"1";""
"202400020330";"155 745 992";"A01";"1";"33";"0";"9";"0";"26";"1";""
"202400020331";"155 745 989";"A01";"2";"7";"0";"2";"2";"15";"1";""
"202400020331";"155 745 991";"B01";"1";"32";"0";"2";"1";"1";"1";""
"202400020332";"155 745 985";"B01";"2";"50";"0";"2";"1";"1";"3";""
"202400020332";"155 745 987";"A01";"1";"7";"0";"2";"1";"15";"1";""
"202400020333";"155 745 984";"A01";"2";"33";"0";"2";"1";"1";"1";""
"202400020333";"155 745 986";"B01";"2";"10";"0";"2";"4";"15";"1";""
"202400020334";"155 745 980";"A01";"2";"10";"0";"2";"1";"13";"1";""
"202400020334";"155 745 981";"B01";"1";"17";"0";"2";"1";"21";"1";""
"202400020335";"155 745 979";"A01";"0";"1";"16";"0";"0";"1";"5";""
"202400020336";"155 745 976";"B01";"0";"50";"0";"2";"1";"1";"3";""
"202400020336";"155 745 978";"A01";"0";"7";"0";"9";"7";"19";"1";""
"202400020337";"155 745 975";"A01";"1";"7";"0";"2";"1";"13";"1";""
"202400020337";"155 745 977";"B01";"2";"7";"4";"2";"1";"1";"1";""
"202400020338";"155 745 974";"A01";"1";"50";"0";"0";"0";"13";"3";""
"202400020339";"155 745 972";"A01";"1";"7";"0";"1";"1";"1";"1";""
"202400020340";"155 745 971";"A01";"2";"33";"14";"2";"1";"26";"1";""
"202400020340";"155 745 973";"B01";"2";"7";"0";"2";"5";"23";"1";""
"202400020341";"155 745 968";"B01";"2";"7";"0";"2";"1";"5";"1";""
"202400020341";"155 745 969";"A01";"1";"7";"0";"2";"1";"1";"1";""
"202400020342";"155 745 966";"A01";"2";"33";"0";"2";"7";"17";"1";""
"202400020342";"155 745 967";"B01";"2";"7";"0";"2";"8";"1";"1";""
"202400020343";"155 745 964";"A01";"1";"15";"4";"0";"1";"1";"1";""
"202400020344";"155 745 963";"A01";"1";"7";"0";"2";"2";"21";"1";""
"202400020344";"155 745 965";"B01";"1";"7";"8";"0";"6";"1";"1";""
"202400020345";"155 745 960";"B01";"2";"7";"0";"2";"3";"1";"1";""
"202400020345";"155 745 962";"A01";"1";"10";"0";"2";"3";"13";"1";""
"202400020346";"155 745 959";"A01";"1";"7";"0";"2";"1";"1";"1";""
"202400020346";"155 745 961";"B01";"2";"7";"0";"2";"7";"1";"1";""
"202400020347";"155 745 958";"A01";"2";"80";"6";"0";"1";"1";"3";""
"202400020348";"155 745 956";"A01";"2";"37";"0";"2";"2";"1";"1";"1"
"202400020348";"155 745 957";"B01";"2";"7";"0";"2";"5";"12";"1";""
"202400020349";"155 745 954";"A01";"2";"1";"0";"5";"1";"1";"5";""
"202400020349";"155 745 955";"B01";"2";"1";"0";"2";"1";"2";"5";""
"202400020350";"155 745 952";"A01";"2";"7";"0";"2";"1";"13";"1";""
"202400020350";"155 745 953";"B01";"1";"7";"0";"2";"2";"1";"1";""
"202400020351";"155 745 950";"B01";"1";"1";"0";"0";"4";"9";"5";""
"202400020351";"155 745 951";"A01";"1";"10";"0";"2";"1";"9";"3";""
"202400020352";"155 745 948";"B01";"1";"7";"0";"2";"2";"1";"1";""
"202400020352";"155 745 949";"A01";"1";"7";"0";"2";"6";"9";"1";""
"202400020353";"155 745 944";"A01";"1";"7";"0";"2";"3";"13";"1";""
"202400020353";"155 745 945";"B01";"1";"15";"0";"2";"6";"1";"1";""
"202400020353";"155 745 947";"C01";"2";"7";"0";"2";"8";"1";"1";""
"202400020354";"155 745 943";"B01";"2";"7";"4";"0";"5";"1";"1";""
"202400020354";"155 745 946";"A01";"2";"10";"0";"2";"2";"2";"1";""
"202400020355";"155 745 941";"A01";"3";"7";"1";"0";"8";"26";"1";""
"202400020355";"155 745 942";"B01";"3";"1";"0";"2";"1";"1";"5";""
"202400020356";"155 745 940";"A01";"2";"7";"2";"0";"1";"2";"1";""
"202400020357";"155 745 939";"A01";"1";"7";"0";"1";"2";"1";"1";""
"202400020358";"155 745 937";"A01";"2";"7";"0";"2";"5";"12";"1";""
"202400020358";"155 745 938";"B01";"2";"33";"0";"2";"1";"2";"1";""
"202400020359";"155 745 936";"A01";"1";"7";"0";"1";"1";"15";"1";""
"202400020360";"155 745 935";"A01";"1";"7";"0";"1";"1";"1";"1";""
"202400020361";"155 745 931";"A01";"2";"50";"0";"0";"8";"1";"3";""
"202400020362";"155 745 932";"A01";"2";"33";"0";"2";"1";"1";"1";""
"202400020362";"155 745 934";"B01";"1";"7";"0";"2";"5";"15";"1";""
"202400020363";"155 745 929";"A01";"2";"7";"0";"2";"1";"2";"1";""
"202400020363";"155 745 930";"B01";"2";"7";"0";"2";"4";"2";"2";""
"202400020363";"155 745 933";"C01";"2";"7";"0";"2";"4";"2";"2";""
"202400020364";"155 745 926";"B01";"2";"1";"0";"2";"1";"1";"5";""
"202400020364";"155 745 927";"A01";"2";"7";"0";"2";"1";"17";"1";""
"202400020365";"155 745 924";"B01";"1";"7";"0";"0";"4";"0";"1";""
"202400020365";"155 745 928";"A01";"1";"37";"0";"2";"1";"1";"1";"1"
"202400020366";"155 745 917";"B01";"2";"7";"0";"2";"4";"2";"2";""
"202400020366";"155 745 920";"A01";"2";"7";"0";"2";"1";"2";"2";""
"202400020367";"155 745 919";"A01";"2";"7";"0";"2";"3";"26";"1";""
"202400020367";"155 745 922";"B01";"1";"50";"0";"2";"1";"26";"3";""
"202400020368";"155 745 916";"B01";"1";"7";"0";"2";"4";"2";"2";""
"202400020368";"155 745 918";"C01";"1";"10";"0";"2";"4";"2";"1";""
"202400020368";"155 745 921";"D01";"1";"7";"0";"2";"4";"2";"1";""
"202400020368";"155 745 923";"E01";"1";"7";"0";"2";"4";"2";"1";""
"202400020368";"155 745 925";"A01";"1";"10";"0";"2";"1";"2";"1";""
"202400020369";"155 745 914";"A01";"1";"34";"0";"2";"1";"2";"3";""
"202400020369";"155 745 915";"B01";"1";"10";"0";"2";"6";"2";"1";""
"202400020370";"155 745 912";"A01";"0";"2";"0";"2";"7";"1";"1";""
"202400020370";"155 745 913";"B01";"0";"7";"0";"2";"1";"1";"1";""
"202400020371";"155 745 909";"A01";"1";"10";"0";"2";"1";"17";"1";""
"202400020371";"155 745 911";"B01";"1";"7";"0";"2";"6";"2";"1";""
"202400020372";"155 745 908";"A01";"2";"33";"0";"2";"1";"3";"1";""
"202400020372";"155 745 910";"B01";"2";"7";"0";"2";"5";"11";"1";""
"202400020373";"155 745 905";"A01";"1";"7";"0";"2";"3";"1";"1";""
"202400020373";"155 745 907";"B01";"2";"7";"0";"2";"3";"13";"1";""
"202400020374";"155 745 904";"B01";"2";"2";"0";"2";"1";"1";" -1";""
"202400020374";"155 745 906";"A01";"0";"10";"0";"2";"1";"11";"0";""
"202400020375";"155 745 903";"A01";"1";"7";"3";"0";"8";"2";"1";""
"202400020376";"155 745 902";"A01";"2";"50";"0";"1";"1";"1";"3";""
"202400020377";"155 745 899";"B01";"3";"7";"0";"2";"1";"2";"3";""
"202400020377";"155 745 901";"A01";"0";"50";"0";"2";"7";"5";"3";""
"202400020378";"155 745 897";"A01";"1";"7";"3";"0";"9";"1";"1";""
"202400020379";"155 745 893";"A01";"2";"7";"0";"0";"0";"0";"1";""
"202400020379";"155 745 895";"B01";"2";"7";"0";"9";"1";"12";"1";""
"202400020379";"155 745 896";"C01";"2";"34";"0";"2";"8";"0";"1";""
"202400020380";"155 745 894";"B01";"2";"80";"0";"2";"2";"1";"3";""
"202400020380";"155 745 898";"A01";"2";"37";"0";"2";"5";"17";"2";"1"
"202400020381";"155 745 892";"A01";"2";"7";"0";"1";"3";"1";"1";""
"202400020382";"155 745 889";"A01";"1";"7";"0";"1";"3";"1";"1";""
"202400020383";"155 745 886";"A01";"3";"7";"0";"2";"3";"9";"1";""
"202400020383";"155 745 888";"B01";"1";"30";"0";"2";"2";"0";"1";""
"202400020384";"155 745 885";"C01";"2";"33";"0";"2";"6";"1";"1";""
"202400020384";"155 745 887";"A01";"2";"7";"0";"2";"2";"12";"1";""
"202400020384";"155 745 890";"D01";"2";"7";"0";"2";"7";"1";"1";""
"202400020384";"155 745 891";"B01";"2";"7";"0";"2";"2";"1";"1";""
"202400020385";"155 745 883";"A01";"3";"30";"0";"1";"1";"25";"1";""
"202400020386";"155 745 881";"Z01";"2";"10";"0";"9";"0";"0";"0";""
"202400020386";"155 745 884";"B01";"2";"1";"0";"2";"3";"1";"5";""
"202400020387";"155 745 879";"B01";"1";"7";"3";"2";"6";"1";"1";""
"202400020387";"155 745 880";"A01";"1";"10";"0";"2";"2";"2";"1";""
"202400020387";"155 745 882";"C01";"1";"10";"3";"2";"5";"1";"1";""
"202400020388";"155 745 875";"A01";"1";"50";"0";"2";"8";"3";"3";""
"202400020388";"155 745 877";"B01";"1";"7";"4";"2";"8";"22";"1";""
"202400020388";"155 745 878";"C01";"1";"10";"0";"2";"7";"1";"1";""
"202400020389";"155 745 873";"Z01";"1";"7";"0";"0";"0";"5";"1";""
"202400020389";"155 745 876";"A01";"2";"7";"0";"2";"9";"1";"1";""