"Num_Acc";"id_vehicule";"num_veh";"senc";"catv";"obs";"obsm";"choc";"manv";"motor";"occutc"
"202400020792";"155 745 151";"B01";"2";"33";"0";"2";"8";"1";"1";""
"202400020793";"155 745 148";"A01";"2";"3";"0";"2";"1";"13";"1";""
"202400020793";"155 745 149";"B01";"1";"7";"0";"2";"1";"0";"1";""
"202400020794";"155 745 147";"A01";"1";"7";"17";"0";"2";"1";"1";""
"202400020795";"155 745 145";"A01";"2";"10";"0";"2";"1";"1";"1";""
"202400020795";"155 745 146";"B01";"1";"33";"0";"2";"1";"15";"1";""
"202400020796";"155 745 143";"A01";"2";"7";"0";"2";"1";"5";"0";""
"202400020796";"155 745 144";"B01";"1";"7";"0";"2";"1";"26";"0";""
"202400020797";"155 745 141";"B01";"2";"7";"0";"2";"3";"19";"1";""
"202400020797";"155 745 142";"A01";"1";"7";"0";"2";"1";"1";"1";""
"202400020798";"155 745 138";"A01";"2";"7";"0";"2";"3";"1";"1";""
"202400020798";"155 745 139";"B01";"1";"7";"0";"2";"2";"1";"1";""
"202400020798";"155 745 140";"C01";"1";"10";"13";"2";"3";"1";"1";""
"202400020799";"155 745 136";"B01";"0";"7";"0";"2";"1";"9";"1";""
"202400020799";"155 745 137";"A01";"0";"1";"0";"2";"7";"1";"5";""
"202400020800";"155 745 135";"A01";"1";"33";"4";"0";"3";"13";"1";""
"202400020801";"155 745 133";"B01";"0";"2";"0";"2";"8";"15";"1";""
"202400020801";"155 745 134";"A01";"1";"7";"0";"2";"3";"1";"1";""
"202400020802";"155 745 132";"A01";"1";"7";"0";"0";"2";"1";"2";""
"202400020803";"155 745 130";"B01";"1";"17";"0";"2";"3";"1";"1";""
"202400020803";"155 745 131";"A01";"2";"7";"0";"2";"8";"10";"1";""
"202400020804";"155 745 129";"A01";"2";"7";"0";"1";"4";"4";"1";""
"202400020805";"155 745 128";"A01";"1";"7";"15";"0";"1";"1";"1";""
"202400020806";"155 745 127";"A01";"1";"7";"8";"0";"1";"1";"1";""
"202400020807";"155 745 125";"B01";"2";"7";"0";"2";"1";"1";"1";""
"202400020807";"155 745 126";"A01";"1";"10";"0";"2";"3";"19";"1";""
"202400020808";"155 745 124";"A01";"1";"31";"0";"0";"3";"2";"1";""
"202400020809";"155 745 123";"A01";"2";"7";"0";"1";"0";"2";"1";""
"202400020810";"155 745 122";"A01";"2";"7";"8";"0";"9";"1";"1";""
"202400020811";"155 745 120";"A01";"2";"7";"0";"2";"6";"26";"1";""
"202400020811";"155 745 121";"B01";"2";"33";"1";"2";"1";"6";"1";""
"202400020812";"155 745 118";"A01";"1";"7";"0";"2";"5";"16";"1";""
"202400020812";"155 745 119";"B01";"1";"80";"0";"2";"0";"1";"3";""
"202400020813";"155 745 116";"B01";"1";"50";"0";"2";"1";"21";"3";""
"202400020813";"155 745 117";"A01";"0";"7";"0";"2";"8";"1";"1";""
"202400020814";"155 745 113";"A01";"1";"7";"0";"2";"1";"26";"1";""
"202400020814";"155 745 114";"B01";"1";"7";"0";"2";"4";"1";"1";""
"202400020814";"155 745 115";"D01";"1";"15";"0";"0";"0";"1";"1";""
"202400020815";"155 745 111";"A01";"2";"33";"0";"2";"1";"13";"1";""
"202400020815";"155 745 112";"B01";"1";"7";"0";"2";"3";"1";"2";""
"202400020816";"155 745 109";"B01";"1";"33";"0";"2";"1";"1";"1";""
"202400020816";"155 745 110";"A01";"1";"7";"0";"2";"4";"23";"1";""
"202400020817";"155 745 107";"A01";"1";"31";"0";"2";"8";"1";"1";""
"202400020817";"155 745 108";"B01";"1";"7";"0";"2";"0";"17";"1";""
"202400020818";"155 745 105";"A01";"2";"7";"0";"0";"6";"1";"1";""
"202400020818";"155 745 106";"B01";"2";"30";"0";"2";"1";"2";"1";""
"202400020819";"155 745 104";"A01";"2";"7";"16";"0";"9";"1";"1";""
"202400020820";"155 745 103";"A01";"1";"10";"2";"0";"1";"1";"1";""
"202400020821";"155 745 101";"B01";"3";"10";"0";"2";"3";"26";"1";""
"202400020821";"155 745 102";"A01";"2";"7";"0";"2";"8";"1";"1";""
"202400020822";"155 745 099";"A01";"2";"2";"0";"2";"2";"1";"1";""
"202400020822";"155 745 100";"B01";"3";"7";"0";"2";"3";"15";"2";""
"202400020823";"155 745 097";"B01";"1";"1";"0";"0";"4";"2";"5";""
"202400020823";"155 745 098";"A01";"1";"7";"0";"9";"1";"1";"1";""
"202400020824";"155 745 096";"A01";"1";"7";"8";"0";"3";"13";"2";""
"202400020825";"155 745 095";"A01";"1";"2";"0";"0";"7";"1";"1";""
"202400020826";"155 745 094";"A01";"2";"7";"0";"1";"3";"1";"2";""
"202400020827";"155 745 092";"A01";"1";"7";"2";"0";"2";"1";"1";""
"202400020828";"155 745 091";"A01";"2";"2";"13";"0";"0";"1";"1";""
"202400020829";"155 745 090";"A01";"2";"7";"0";"1";"1";"1";"1";""
"202400020830";"155 745 089";"A01";"3";"2";"12";"0";"1";"1";"1";""
"202400020831";"155 745 086";"B01";"2";"7";"0";"2";"4";"2";"1";""
"202400020831";"155 745 087";"C01";"2";"7";"0";"2";"1";"1";"1";""
"202400020831";"155 745 088";"A01";"2";"7";"0";"2";"1";"2";"1";""
"202400020832";"155 745 083";"A01";"2";"7";"0";"2";"1";"2";"1";""
"202400020832";"155 745 084";"B01";"2";"7";"0";"2";"4";"2";"1";""
"202400020832";"155 745 085";"C01";"2";"10";"1";"2";"4";"0";"1";""
"202400020833";"155 745 081";"A01";"1";"14";"0";"2";"1";"1";"1";""
"202400020833";"155 745 082";"B01";"1";"7";"0";"2";"4";"1";"1";""
"202400020834";"155 745 079";"A01";"1";"7";"0";"2";"1";"14";"1";""
"202400020834";"155 745 080";"B01";"1";"7";"0";"2";"6";"1";"1";""
"202400020835";"155 745 078";"A01";"1";"7";"4";"0";"4";"21";"1";""
"202400020836";"155 745 076";"A01";"2";"33";"0";"2";"3";"3";"1";""
"202400020836";"155 745 077";"B01";"2";"7";"0";"2";"5";"1";"1";""
"202400020837";"155 745 073";"B01";"2";"7";"0";"2";"2";"12";"1";""
"202400020837";"155 745 074";"A01";"2";"33";"0";"2";"8";"3";"1";""
"202400020837";"155 745 075";"C01";"2";"7";"0";"2";"6";"1";"1";""
"202400020838";"155 745 071";"B01";"1";"7";"0";"2";"4";"2";"1";""
"202400020838";"155 745 072";"A01";"1";"10";"0";"2";"1";"2";"1";""
"202400020839";"155 745 070";"A01";"2";"7";"4";"0";"1";"2";"1";""
"202400020840";"155 745 069";"A01";"2";"34";"0";"0";"0";"21";"1";""
"202400020841";"155 745 067";"A01";"2";"7";"0";"2";"4";"2";"1";""
"202400020841";"155 745 068";"B01";"2";"7";"0";"2";"1";"2";"1";""
"202400020842";"155 745 065";"A01";"1";"7";"0";"2";"6";"11";"1";""
"202400020842";"155 745 066";"B01";"1";"33";"0";"2";"2";"3";"1";""
"202400020843";"155 745 062";"A01";"1";"43";"0";"2";"8";"3";"1";""
"202400020843";"155 745 063";"B01";"1";"7";"0";"2";"5";"12";"1";""
"202400020843";"155 745 064";"C01";"1";"7";"0";"2";"3";"1";"1";""
"202400020844";"155 745 060";"B01";"1";"7";"0";"2";"4";"2";"3";""
"202400020844";"155 745 061";"A01";"1";"32";"0";"2";"1";"2";"1";""
"202400020845";"155 745 058";"A01";"1";"7";"0";"2";"1";"1";"1";""
"202400020845";"155 745 059";"B01";"1";"7";"0";"2";"4";"1";"1";""
"202400020846";"155 745 056";"A01";"2";"37";"0";"2";"2";"21";"1";"2"
"202400020846";"155 745 057";"B01";"2";"17";"0";"2";"6";"1";"1";""
"202400020847";"155 745 054";"B01";"2";"10";"3";"2";"2";"11";"1";""
"202400020847";"155 745 055";"A01";"2";"7";"3";"2";"6";"1";"1";""
"202400020848";"155 745 053";"A01";"2";"7";"4";"0";"1";"1";"1";""
"202400020849";"155 745 052";"A01";"2";"7";"4";"2";"9";"1";"1";""
"202400020850";"155 745 049";"A01";"2";"7";"4";"2";"4";"26";"1";""
"202400020850";"155 745 050";"B01";"2";"7";"0";"2";"1";"0";"1";""
"202400020850";"155 745 051";"C01";"2";"7";"0";"2";"0";"0";"1";""
"202400020851";"155 745 048";"A01";"1";"37";"0";"1";"7";"7";"1";"1"
"202400020852";"155 745 046";"A01";"2";"1";"0";"2";"0";"0";"5";""
"202400020852";"155 745 047";"Z01";"0";"7";"0";"0";"0";"0";"0";""
"202400020853";"155 745 045";"A01";"2";"40";"0";"1";"2";"1";"3";""
"202400020854";"155 745 043";"A01";"2";"50";"0";"2";"2";"15";"3";""
"202400020854";"155 745 044";"B01";"1";"7";"0";"2";"3";"1";"1";""
"202400020855";"155 745 041";"A01";"1";"50";"0";"2";"1";"16";"3";""
"202400020855";"155 745 042";"B01";"2";"7";"0";"2";"3";"0";"1";""
"202400020856";"155 745 039";"A01";"2";"7";"0";"2";"3";"13";"3";""
"202400020856";"155 745 040";"B01";"2";"33";"0";"2";"1";"7";"1";""
"202400020857";"155 745 037";"A01";"2";"50";"0";"2";"1";"11";"3";""
"202400020857";"155 745 038";"B01";"1";"33";"0";"2";"1";"1";"1";""
"202400020858";"155 745 035";"A01";"1";"7";"0";"0";"5";"10";"1";""
"202400020858";"155 745 036";"B01";"2";"33";"0";"2";"1";"1";"1";""
"202400020859";"155 745 033";"A01";"1";"7";"0";"9";"1";"15";"1";""
"202400020859";"155 745 034";"B01";"1";"1";"0";"2";"8";"15";"5";""
"202400020860";"155 745 031";"A01";"1";"50";"0";"2";"1";"0";"3";""
"202400020860";"155 745 032";"B01";"1";"7";"0";"2";"1";"0";"1";""
"202400020861";"155 745 028";"C01";"0";"10";"0";"0";"4";"0";"1";""
"202400020861";"155 745 029";"A01";"3";"7";"0";"2";"1";"0";"1";""
"202400020861";"155 745 030";"B01";"0";"7";"0";"0";"0";"0";"1";""
"202400020862";"155 745 026";"A01";"3";"7";"0";"2";"1";"2";"3";""
"202400020862";"155 745 027";"B01";"3";"14";"0";"2";"4";"1";"1";""
"202400020863";"155 745 024";"A01";"1";"3";"0";"2";"1";"13";"1";""
"202400020863";"155 745 025";"B01";"2";"7";"0";"2";"3";"1";"1";""
"202400020864";"155 745 022";"A01";"0";"33";"0";"2";"3";"17";"1";""
"202400020864";"155 745 023";"B01";"0";"7";"0";"2";"3";"15";"1";""
"202400020865";"155 745 020";"B01";"3";"1";"0";"2";"8";"1";"5";""
"202400020865";"155 745 021";"A01";"1";"7";"0";"2";"1";"1";"1";""
"202400020866";"155 745 019";"A01";"1";"7";"0";"1";"2";"1";"1";""
"202400020867";"155 745 017";"A01";"2";"2";"0";"2";"1";"1";"1";""
"202400020867";"155 745 018";"B01";"2";"7";"0";"2";"3";"15";"1";""
"202400020868";"155 745 014";"B01";"1";"31";"0";"2";"7";"1";"1";""
"202400020868";"155 745 015";"A01";"1";"7";"0";"2";"3";"19";"1";""
"202400020869";"155 745 008";"B01";"2";"7";"0";"2";"1";"1";"0";""
"202400020869";"155 745 009";"C01";"1";"7";"0";"2";"1";"1";"0";""
"202400020869";"155 745 010";"A01";"1";"7";"0";"2";"1";"13";"0";""
"202400020870";"155 745 002";"A01";"3";"7";"0";"2";"8";"1";"1";""
"202400020870";"155 745 003";"Y01";"3";"50";"0";"2";"1";"5";"3";""
"202400020871";"155 745 000";"B01";"3";"2";"0";"2";"2";"1";"1";""
"202400020871";"155 745 001";"A01";"3";"7";"0";"2";"3";"11";"1";""
"202400020872";"155 744 999";"A01";"0";"7";"0";"1";"1";"16";"2";""
"202400020873";"155 744 997";"A01";"2";"7";"0";"2";"2";"1";"1";""
"202400020873";"155 744 998";"B01";"1";"7";"0";"2";"3";"0";"1";""
"202400020874";"155 744 996";"A01";"3";"7";"1";"0";"1";"1";"0";""
"202400020875";"155 744 994";"B01";"2";"7";"0";"2";"3";"1";"1";""
"202400020875";"155 744 995";"A01";"1";"7";"0";"2";"3";"13";"1";""
"202400020876";"155 744 992";"B01";"3";"10";"0";"2";"7";"14";"0";""
"202400020876";"155 744 993";"A01";"3";"7";"0";"2";"3";"12";"2";""
"202400020877";"155 744 990";"B01";"3";"1";"0";"4";"3";"9";"5";""
"202400020877";"155 744 991";"A01";"3";"40";"0";"2";"2";"0";"3";""
"202400020878";"155 744 988";"B01";"3";"33";"0";"2";"1";"1";"1";""
"202400020878";"155 744 989";"A01";"0";"7";"0";"2";"8";"11";"1";""
"202400020879";"155 744 986";"A01";"3";"30";"0";"2";"1";"9";"1";""
"202400020879";"155 744 987";"B01";"3";"7";"0";"2";"7";"1";"1";""
"202400020880";"155 744 985";"A01";"1";"7";"0";"1";"8";"1";"6";""
"202400020881";"155 744 983";"A01";"1";"33";"0";"2";"1";"0";"1";""
"202400020881";"155 744 984";"B01";"1";"7";"0";"2";"6";"1";"1";""
"202400020882";"155 744 978";"A01";"1";"10";"0";"2";"1";"26";"1";""
"202400020882";"155 744 979";"B01";"1";"7";"0";"2";"8";"1";"1";""
"202400020882";"155 744 980";"C01";"1";"7";"0";"2";"4";"1";"1";""
"202400020882";"155 744 981";"D01";"1";"7";"0";"2";"6";"1";"1";""
"202400020882";"155 744 982";"E01";"1";"7";"0";"2";"6";"1";"1";""
"202400020883";"155 744 976";"A01";"1";"43";"0";"2";"1";"0";"1";""
"202400020883";"155 744 977";"B01";"1";"7";"0";"2";"4";"1";"1";""
"202400020884";"155 744 973";"C01";"1";"7";"0";"2";"4";"2";"1";""
"202400020884";"155 744 974";"B01";"1";"7";"0";"2";"4";"2";"1";""
"202400020884";"155 744 975";"A01";"1";"7";"0";"2";"1";"2";"2";""
"202400020885";"155 744 972";"A01";"3";"7";"14";"1";"2";"17";"1";""
"202400020886";"155 744 971";"A01";"3";"50";"14";"0";"7";"1";"3";""
"202400020887";"155 744 969";"A01";"1";"2";"0";"2";"1";"1";"0";""
"202400020887";"155 744 970";"B01";"2";"7";"0";"2";"5";"16";"1";""
"202400020888";"155 744 967";"A01";"3";"7";"0";"2";"2";"17";"1";""
"202400020888";"155 744 968";"B01";"3";"7";"0";"2";"6";"15";"1";""
"202400020889";"155 744 965";"B01";"1";"7";"0";"2";"7";"1";"1";""
"202400020889";"155 744 966";"A01";"1";"50";"0";"2";"1";"1";"3";""
"202400020890";"155 744 963";"A01";"3";"7";"0";"2";"2";"16";"1";""
"202400020890";"155 744 964";"B01";"3";"32";"0";"2";"3";"7";"1";""
"202400020891";"155 744 961";"A01";"2";"10";"0";"2";"3";"8";"3";""
"202400020891";"155 744 962";"B01";"2";"33";"0";"2";"4";"17";"1";""
"202400020892";"155 744 959";"A01";"1";"7";"0";"2";"2";"1";"1";""
"202400020892";"155 744 960";"B01";"2";"7";"0";"2";"3";"1";"1";""
"202400020893";"155 744 957";"A01";"1";"33";"1";"0";"1";"1";"1";""
"202400020893";"155 744 958";"B01";"1";"7";"0";"0";"4";"23";"1";""
"202400020894";"155 744 954";"A01";"1";"7";"0";"2";"1";"1";"1";""
"202400020894";"155 744 955";"B01";"1";"10";"0";"2";"4";"1";"1";""
"202400020894";"155 744 956";"C01";"1";"7";"0";"2";"0";"0";"1";""
"202400020895";"155 744 951";"A01";"2";"7";"0";"2";"1";"1";"1";""
"202400020895";"155 744 952";"B01";"2";"7";"0";"2";"4";"1";"1";""
"202400020895";"155 744 953";"C01";"2";"7";"0";"2";"4";"1";"2";""
"202400020896";"155 744 949";"A01";"1";"7";"0";"2";"1";"20";"1";""
"202400020896";"155 744 950";"B01";"1";"7";"0";"2";"3";"1";"1";""
"202400020897";"155 744 948";"A01";"3";"33";"0";"0";"7";"1";"1";""
"202400020898";"155 744 947";"A01";"1";"7";"0";"1";"1";"15";"1";""
"202400020899";"155 744 946";"A01";"3";"7";"0";"1";"1";"1";"1";""
"202400020900";"155 744 944";"A01";"1";"33";"0";"2";"1";"19";"1";""
"202400020900";"155 744 945";"B01";"1";"7";"0";"2";"8";"1";"1";""
"202400020901";"155 744 942";"A01";"2";"7";"0";"2";"8";"9";"1";""
"202400020901";"155 744 943";"B01";"2";"2";"0";"2";"1";"1";"1";""
"202400020902";"155 744 940";"B01";"1";"31";"0";"2";"1";"1";"1";""
"202400020902";"155 744 941";"A01";"2";"99";"0";"2";"1";"5";"3";""
"202400020903";"155 744 938";"A01";"3";"7";"0";"2";"1";"9";"1";""
"202400020903";"155 744 939";"B01";"3";"33";"0";"2";"4";"23";"1";""
"202400020904";"155 744 935";"A01";"3";"7";"0";"2";"1";"2";"1";""
"202400020904";"155 744 936";"B01";"3";"7";"0";"2";"4";"2";"1";""
"202400020904";"155 744 937";"C01";"3";"7";"0";"2";"4";"2";"1";""
"202400020905";"155 744 933";"A01";"2";"7";"0";"9";"1";"1";"1";""
"202400020905";"155 744 934";"B01";"3";"60";"0";"2";"8";"19";"5";""
"202400020906";"155 744 932";"A01";"0";"7";"2";"0";"1";"1";"1";""
"202400020907";"155 744 931";"A01";"3";"7";"0";"1";"2";"16";"1";""
"202400020908";"155 744 929";"A01";"2";"7";"0";"2";"3";"16";"1";""
"202400020908";"155 744 930";"B01";"1";"1";"0";"2";"3";"1";"5";""
"202400020909";"155 744 928";"A01";"3";"99";"0";"1";"1";"1";"3";""
"202400020910";"155 744 927";"A01";"3";"7";"6";"0";"1";"26";"0";""
"202400020911";"155 744 925";"A01";"2";"21";"0";"2";"2";"15";"1";""
"202400020911";"155 744 926";"B01";"1";"33";"0";"2";"1";"26";"1";""
"202400020912";"155 744 924";"A01";"1";"37";"0";"1";"2";"20";"1";"1"
"202400020913";"155 744 922";"A01";"2";"7";"0";"2";"8";"1";"1";""
"202400020913";"155 744 923";"B01";"1";"7";"0";"2";"1";"15";"1";""
"202400020914";"155 744 921";"A01";"1";"7";"0";"1";"2";"1";"1";""
"202400020915";"155 744 919";"A01";"1";"10";"0";"2";"1";"17";"1";""
"202400020915";"155 744 920";"B01";"2";"38";"0";"2";"3";"1";"6";"1"
"202400020916";"155 744 917";"B01";"1";"41";"0";"2";"9";"1";"1";""
"202400020916";"155 744 918";"Z01";"2";"7";"0";"2";"0";"17";"6";""
"202400020917";"155 744 915";"B01";"2";"7";"0";"2";"3";"26";"1";""
"202400020917";"155 744 916";"A01";"1";"50";"0";"2";"7";"26";"3";""
"202400020918";"155 744 913";"A01";"2";"7";"0";"2";"0";"26";"0";""
"202400020918";"155 744 914";"B01";"1";"30";"0";"2";"0";"26";"1";""
"202400020919";"155 744 912";"A01";"1";"7";"0";"1";"1";"15";"1";""
"202400020920";"155 744 910";"A01";"3";"32";"0";"2";"1";"1";"1";""
"202400020920";"155 744 911";"B01";"3";"7";"0";"2";"3";"9";"1";""
"202400020921";"155 744 909";"A01";"1";"7";"15";"0";"2";"15";"1";""
"202400020922";"155 744 905";"A01";"3";"7";"0";"2";"7";"15";"1";""
"202400020922";"155 744 907";"B01";"3";"7";"0";"2";"1";"1";"1";""
"202400020923";"155 744 906";"A01";"2";"33";"0";"9";"8";"1";"1";""
"202400020923";"155 744 908";"Z01";"2";"7";"0";"2";"2";"12";"1";""
"202400020924";"155 744 902";"B01";"1";"50";"0";"2";"1";"1";"3";""
"202400020924";"155 744 904";"A01";"2";"38";"0";"2";"3";"15";"1";"1"
"202400020925";"155 744 900";"A01";"1";"7";"0";"1";"1";"1";"1";""
"202400020926";"155 744 901";"A01";"1";"33";"0";"2";"1";"3";"1";""
"202400020926";"155 744 903";"B01";"1";"7";"0";"2";"6";"1";"1";""
"202400020927";"155 744 898";"B01";"3";"31";"0";"2";"1";"21";"1";""
"202400020927";"155 744 899";"A01";"3";"7";"0";"2";"6";"9";"1";""
"202400020928";"155 744 896";"A01";"2";"30";"0";"2";"3";"2";"1";""
"202400020928";"155 744 897";"B01";"2";"32";"0";"2";"5";"1";"1";""
"202400020929";"155 744 893";"A01";"1";"7";"0";"1";"1";"15";"1";""
"202400020930";"155 744 894";"A01";"2";"43";"0";"2";"1";"3";"1";""
"202400020930";"155 744 895";"B01";"2";"7";"0";"2";"7";"12";"3";""
"202400020931";"155 744 890";"A01";"2";"7";"0";"2";"3";"15";"1";""
"202400020931";"155 744 892";"B01";"3";"1";"0";"2";"7";"19";"5";""
"202400020932";"155 744 889";"A01";"2";"31";"0";"2";"2";"3";"1";""
"202400020932";"155 744 891";"B01";"1";"7";"0";"2";"3";"11";"1";""
"202400020933";"155 744 888";"A01";"1";"7";"0";"1";"2";"1";"1";""
"202400020934";"155 744 887";"A01";"2";"7";"4";"0";"3";"1";"1";""
"202400020935";"155 744 885";"B01";"3";"33";"0";"2";"1";"1";"1";""
"202400020935";"155 744 886";"A01";"3";"7";"0";"2";"2";"1";"1";""
"202400020936";"155 744 882";"B01";"2";"50";"0";"2";"1";"1";"3";""
"202400020936";"155 744 883";"A01";"1";"7";"0";"2";"7";"15";"1";""
"202400020937";"155 744 880";"A01";"3";"7";"8";"0";"1";"14";"2";""
"202400020938";"155 744 881";"B01";"3";"10";"0";"2";"0";"0";"1";""
"202400020938";"155 744 884";"A01";"3";"50";"0";"2";"1";"1";"3";""
"202400020939";"155 744 878";"B01";"2";"1";"0";"2";"4";"1";"5";""
"202400020939";"155 744 879";"A01";"2";"7";"0";"2";"1";"13";"0";""
"202400020940";"155 744 873";"A01";"1";"7";"0";"2";"3";"23";"1";""
"202400020940";"155 744 875";"B01";"1";"50";"1";"2";"1";"2";"3";""
"202400020941";"155 744 872";"A01";"3";"7";"0";"2";"9";"5";"1";""
"202400020941";"155 744 874";"B01";"3";"7";"0";"2";"8";"1";"1";""
"202400020941";"155 744 876";"D01";"3";"7";"0";"2";"4";"0";"1";""
"202400020941";"155 744 877";"C01";"3";"7";"0";"2";"1";"1";"1";""
"202400020942";"155 744 870";"B01";"3";"7";"0";"2";"6";"0";"1";""
"202400020942";"155 744 871";"A01";"3";"33";"0";"2";"1";"1";"1";""
"202400020943";"155 744 869";"A01";"2";"7";"2";"0";"1";"2";"1";""
"202400020944";"155 744 865";"A01";"0";"7";"0";"2";"1";"1";"1";""
"202400020944";"155 744 867";"B01";"0";"7";"0";"2";"4";"1";"3";""
"202400020945";"155 744 866";"A01";"3";"40";"0";"2";"2";"1";"6";""
"202400020945";"155 744 868";"B01";"3";"50";"0";"4";"1";"0";"3";""
"202400020946";"155 744 863";"B01";"1";"7";"0";"2";"3";"15";"1";""
"202400020946";"155 744 864";"A01";"1";"33";"0";"2";"1";"17";"1";""
"202400020947";"155 744 859";"A01";"2";"7";"0";"2";"1";"2";"1";""
"202400020947";"155 744 860";"B01";"2";"7";"0";"2";"1";"2";"1";""
"202400020947";"155 744 861";"C01";"2";"10";"0";"2";"4";"2";"1";""
"202400020948";"155 744 857";"A01";"1";"33";"0";"2";"8";"13";"1";""
"202400020948";"155 744 858";"B01";"2";"7";"0";"2";"8";"1";"1";""
"202400020949";"155 744 855";"A01";"2";"7";"0";"2";"0";"1";"1";""
"202400020949";"155 744 856";"B01";"3";"50";"0";"2";"1";"0";"3";""
"202400020950";"155 744 853";"A01";"3";"30";"0";"0";"0";"1";"1";""
"202400020951";"155 744 852";"A01";"1";"10";"0";"2";"6";"2";"1";""
"202400020951";"155 744 854";"B01";"1";"30";"0";"2";"2";"3";"1";""
"202400020952";"155 744 851";"A01";"2";"1";"1";"0";"1";"1";"5";""
"202400020953";"155 744 848";"Z01";"1";"7";"0";"9";"3";"15";"0";""
"202400020953";"155 744 850";"A01";"1";"50";"0";"2";"1";"1";"3";""
"202400020954";"155 744 846";"A01";"1";"10";"0";"2";"4";"12";"1";""
"202400020954";"155 744 847";"B01";"1";"7";"0";"2";"1";"1";"2";""
"202400020955";"155 744 844";"A01";"3";"7";"1";"0";"0";"14";"3";""
"202400020955";"155 744 845";"B01";"3";"7";"1";"0";"0";"0";"1";""
"202400020956";"155 744 843";"A01";"2";"7";"6";"0";"1";"1";"1";""
"202400020957";"155 744 842";"B01";"2";"1";"0";"2";"8";"1";"5";""
"202400020957";"155 744 849";"A01";"2";"7";"0";"2";"7";"14";"1";""
"202400020958";"155 744 841";"A01";"2";"7";"13";"0";"1";"1";"1";""
"202400020959";"155 744 840";"A01";"1";"2";"0";"1";"1";"1";"3";""
"202400020960";"155 744 838";"A01";"1";"30";"0";"2";"1";"2";"1";""
"202400020960";"155 744 839";"B01";"1";"7";"0";"2";"5";"2";"1";""
"202400020961";"155 744 836";"A01";"0";"7";"0";"1";"4";"4";"1";""
"202400020962";"155 744 837";"A01";"2";"2";"0";"0";"0";"16";"1";""
"202400020963";"155 744 831";"A01";"1";"7";"0";"2";"7";"15";"1";""
"202400020963";"155 744 833";"B01";"2";"7";"0";"2";"1";"1";"1";""
"202400020964";"155 744 830";"A01";"2";"7";"0";"2";"8";"24";"2";""
"202400020964";"155 744 832";"B01";"2";"1";"1";"0";"8";"18";"5";""
"202400020965";"155 744 826";"Z01";"3";"7";"0";"2";"0";"0";"0";""
"202400020965";"155 744 828";"A01";"1";"80";"0";"2";"4";"2";"2";""
"202400020966";"155 744 827";"A01";"1";"7";"0";"1";"7";"26";"1";""
"202400020967";"155 744 824";"A01";"1";"7";"9";"0";"2";"19";"1";""
"202400020967";"155 744 825";"B01";"1";"50";"1";"0";"1";"0";"3";""
"202400020968";"155 744 823";"A01";"3";"33";"13";"0";"2";"26";"1";""
"202400020969";"155 744 821";"A01";"3";"7";"0";"2";"1";"0";"1";""
"202400020969";"155 744 822";"B01";"3";"80";"0";"0";"0";"0";"3";""
"202400020970";"155 744 819";"A01";"2";"7";"1";"1";"1";"1";"1";""
"202400020971";"155 744 818";"A01";"1";"33";"0";"2";"1";"7";"1";""
"202400020971";"155 744 820";"B01";"2";"7";"0";"2";"2";"15";"1";""
"202400020972";"155 744 816";"A01";"0";"7";"0";"1";"1";"26";"1";""
"202400020973";"155 744 815";"A01";"3";"7";"0";"2";"0";"2";"1";""
"202400020973";"155 744 817";"B01";"3";"7";"0";"2";"0";"0";"1";""
"202400020974";"155 744 814";"A01";"1";"7";"0";"1";"4";"4";"2";""
"202400020975";"155 744 813";"A01";"1";"7";"9";"0";"1";"1";"1";""
"202400020976";"155 744 811";"A01";"1";"32";"0";"0";"7";"2";"1";""
"202400020977";"155 744 809";"A01";"3";"7";"0";"1";"3";"26";"0";""
"202400020978";"155 744 808";"B01";"1";"7";"0";"2";"4";"2";"1";""
"202400020978";"155 744 810";"A01";"1";"7";"0";"2";"1";"2";"1";""
"202400020978";"155 744 812";"C01";"1";"7";"0";"2";"6";"2";"2";""
"202400020979";"155 744 804";"B01";"1";"7";"0";"2";"2";"15";"1";""
"202400020979";"155 744 806";"A01";"2";"32";"0";"2";"1";"26";"1";""
"202400020980";"155 744 800";"C01";"1";"7";"0";"2";"1";"1";"1";""
"202400020980";"155 744 802";"A01";"2";"7";"0";"2";"1";"5";"1";""
"202400020980";"155 744 805";"B01";"1";"7";"0";"2";"1";"1";"1";""
"202400020980";"155 744 807";"D01";"1";"7";"0";"2";"1";"0";"1";""
"202400020981";"155 744 801";"A01";"2";"33";"0";"2";"1";"26";"1";""
"202400020981";"155 744 803";"B01";"2";"10";"0";"2";"5";"1";"1";""
"202400020982";"155 744 799";"A01";"1";"7";"0";"1";"3";"15";"1";""
"202400020983";"155 744 798";"A01";"1";"10";"0";"1";"1";"16";"1";""
"202400020984";"155 744 797";"A01";"3";"7";"0";"1";"1";"15";"3";""
"202400020985";"155 744 793";"A01";"3";"32";"0";"2";"1";"0";"1";""
"202400020985";"155 744 796";"B01";"3";"7";"0";"2";"8";"0";"1";""
"202400020986";"155 744 791";"A01";"1";"7";"0";"2";"6";"10";"1";""
"202400020986";"155 744 794";"B01";"1";"43";"0";"2";"1";"1";"1";""
"202400020987";"155 744 792";"A01";"1";"7";"0";"2";"2";"1";"1";""
"202400020987";"155 744 795";"B01";"1";"1";"0";"2";"4";"11";"5";""