"Num_Acc";"id_vehicule";"num_veh";"senc";"catv";"obs";"obsm";"choc";"manv";"motor";"occutc"
"202400021628";"155 743 713";"B01";"1";"1";"0";"2";"1";"1";"5";""
"202400021629";"155 743 710";"A01";"2";"7";"0";"2";"1";"2";"1";""
"202400021629";"155 743 711";"B01";"2";"7";"0";"0";"4";"2";"1";""
"202400021630";"155 743 709";"A01";"1";"7";"0";"1";"1";"15";"1";""
"202400021631";"155 743 708";"A01";"1";"7";"2";"0";"3";"1";"1";""
"202400021632";"155 743 705";"A01";"2";"7";"0";"2";"2";"0";"1";""
"202400021632";"155 743 707";"B01";"2";"7";"0";"0";"6";"1";"1";""
"202400021633";"155 743 704";"B01";"1";"2";"0";"2";"1";"1";"1";""
"202400021633";"155 743 706";"A01";"1";"7";"0";"2";"5";"23";"1";""
"202400021634";"155 743 703";"A01";"1";"7";"15";"0";"1";"1";"1";""
"202400021635";"155 743 702";"A01";"1";"7";"13";"0";"1";"1";"1";""
"202400021636";"155 743 700";"A01";"1";"7";"0";"2";"3";"5";"1";""
"202400021636";"155 743 701";"B01";"2";"7";"0";"2";"3";"1";"1";""
"202400021637";"155 743 696";"A01";"1";"1";"0";"2";"7";"1";"5";""
"202400021637";"155 743 697";"B01";"1";"7";"0";"2";"2";"26";"1";""
"202400021638";"155 743 694";"A01";"1";"7";"0";"2";"4";"2";"1";""
"202400021638";"155 743 695";"B01";"1";"7";"0";"2";"1";"2";"1";""
"202400021639";"155 743 693";"A01";"1";"31";"0";"0";"2";"16";"1";""
"202400021640";"155 743 691";"A01";"3";"7";"6";"0";"3";"0";"1";""
"202400021641";"155 743 690";"A01";"2";"7";"3";"2";"2";"2";"1";""
"202400021641";"155 743 692";"B01";"2";"7";"3";"2";"6";"1";"1";""
"202400021642";"155 743 687";"B01";"3";"7";"0";"9";"3";"2";"1";""
"202400021642";"155 743 689";"A01";"3";"1";"0";"2";"1";"19";"5";""
"202400021643";"155 743 686";"Z01";"1";"7";"0";"2";"0";"0";"0";""
"202400021643";"155 743 688";"B01";"1";"7";"0";"2";"0";"2";"1";""
"202400021644";"155 743 685";"A01";"2";"7";"13";"0";"2";"1";"1";""
"202400021645";"155 743 681";"C01";"1";"7";"0";"2";"1";"2";"1";""
"202400021645";"155 743 683";"A01";"1";"7";"0";"2";"4";"2";"1";""
"202400021645";"155 743 684";"B01";"1";"7";"0";"2";"4";"2";"1";""
"202400021646";"155 743 680";"A01";"2";"7";"0";"0";"7";"15";"1";""
"202400021646";"155 743 682";"B01";"1";"7";"0";"2";"1";"1";"1";""
"202400021647";"155 743 678";"B01";"1";"1";"0";"2";"8";"1";"5";""
"202400021647";"155 743 679";"A01";"1";"10";"0";"9";"2";"17";"1";""
"202400021648";"155 743 676";"A01";"1";"14";"0";"2";"2";"1";"1";""
"202400021648";"155 743 677";"B01";"1";"7";"0";"2";"6";"15";"1";""
"202400021649";"155 743 674";"A01";"1";"7";"0";"0";"0";"0";"1";""
"202400021649";"155 743 675";"B01";"2";"7";"0";"0";"0";"0";"1";""
"202400021650";"155 743 673";"A01";"1";"7";"6";"0";"1";"1";"1";""
"202400021651";"155 743 672";"A01";"1";"7";"0";"0";"1";"26";"1";""
"202400021652";"155 743 671";"A01";"1";"7";"4";"0";"9";"0";"1";""
"202400021653";"155 743 669";"A01";"1";"7";"0";"2";"1";"0";"1";""
"202400021653";"155 743 670";"B01";"1";"7";"0";"2";"4";"0";"1";""
"202400021654";"155 743 667";"A01";"1";"7";"0";"2";"6";"2";"1";""
"202400021654";"155 743 668";"B01";"1";"7";"0";"2";"5";"0";"1";""
"202400021655";"155 743 666";"A01";"2";"7";"4";"0";"3";"1";"1";""
"202400021656";"155 743 663";"A01";"2";"7";"0";"2";"4";"16";"1";""
"202400021656";"155 743 665";"B01";"2";"7";"0";"2";"1";"1";"1";""
"202400021657";"155 743 661";"A01";"1";"7";"0";"2";"1";"2";"2";""
"202400021657";"155 743 662";"C01";"1";"7";"0";"2";"4";"2";"1";""
"202400021657";"155 743 664";"B01";"1";"7";"0";"2";"4";"2";"1";""
"202400021658";"155 743 656";"A01";"1";"10";"0";"2";"3";"12";"1";""
"202400021658";"155 743 658";"B01";"1";"7";"0";"2";"5";"1";"1";""
"202400021658";"155 743 659";"C01";"1";"7";"0";"2";"4";"2";"1";""
"202400021658";"155 743 660";"D01";"1";"10";"0";"2";"4";"2";"1";""
"202400021659";"155 743 655";"B01";"2";"7";"0";"2";"6";"11";"1";""
"202400021659";"155 743 657";"A01";"2";"7";"4";"2";"2";"1";"1";""
"202400021660";"155 743 653";"A01";"1";"7";"3";"0";"1";"2";"1";""
"202400021661";"155 743 652";"A01";"2";"7";"0";"2";"5";"14";"1";""
"202400021661";"155 743 654";"B01";"2";"33";"0";"2";"7";"3";"1";""
"202400021662";"155 743 649";"B01";"1";"33";"0";"2";"1";"3";"1";""
"202400021662";"155 743 651";"Z01";"1";"10";"0";"0";"0";"13";"0";""
"202400021663";"155 743 647";"A01";"1";"10";"4";"2";"2";"1";"3";""
"202400021663";"155 743 648";"B01";"1";"10";"4";"2";"4";"23";"1";""
"202400021663";"155 743 650";"C01";"1";"7";"4";"2";"4";"23";"2";""
"202400021664";"155 743 644";"B01";"1";"7";"0";"2";"9";"1";"2";""
"202400021664";"155 743 645";"C01";"1";"7";"0";"2";"6";"23";"1";""
"202400021664";"155 743 646";"A01";"1";"7";"0";"2";"1";"1";"1";""
"202400021665";"155 743 642";"A01";"2";"15";"0";"2";"2";"12";"1";""
"202400021665";"155 743 643";"B01";"2";"7";"0";"2";"8";"1";"1";""
"202400021666";"155 743 640";"A01";"2";"31";"0";"2";"1";"3";"1";""
"202400021666";"155 743 641";"B01";"2";"7";"0";"2";"4";"1";"1";""
"202400021667";"155 743 637";"A01";"1";"7";"0";"2";"1";"2";"1";""
"202400021667";"155 743 639";"B01";"1";"7";"0";"2";"4";"2";"1";""
"202400021668";"155 743 636";"B01";"2";"7";"0";"2";"0";"0";"1";""
"202400021668";"155 743 638";"A01";"2";"7";"0";"2";"0";"0";"1";""
"202400021669";"155 743 634";"B01";"1";"10";"0";"2";"4";"2";"0";""
"202400021669";"155 743 635";"A01";"1";"10";"0";"2";"1";"2";"1";""
"202400021670";"155 743 631";"A01";"2";"7";"0";"2";"1";"2";"1";""
"202400021670";"155 743 632";"B01";"2";"7";"0";"2";"4";"2";"1";""
"202400021671";"155 743 630";"A01";"2";"30";"0";"2";"5";"15";"1";""
"202400021671";"155 743 633";"B01";"1";"7";"0";"2";"2";"1";"1";""
"202400021672";"155 743 627";"A01";"2";"15";"0";"2";"2";"12";"1";""
"202400021672";"155 743 629";"B01";"2";"7";"0";"2";"6";"0";"1";""
"202400021673";"155 743 626";"B01";"1";"50";"0";"1";"1";"1";"3";""
"202400021673";"155 743 628";"A01";"1";"50";"0";"2";"1";"1";"3";""
"202400021674";"155 743 622";"B01";"1";"7";"0";"2";"5";"2";"2";""
"202400021674";"155 743 625";"A01";"1";"7";"0";"2";"2";"2";"2";""
"202400021675";"155 743 623";"B01";"1";"7";"0";"2";"3";"1";"1";""
"202400021675";"155 743 624";"A01";"2";"50";"0";"2";"0";"15";"3";""
"202400021676";"155 743 620";"B01";"2";"7";"0";"2";"4";"2";"2";""
"202400021676";"155 743 621";"A01";"2";"7";"0";"2";"1";"2";"2";""
"202400021677";"155 743 617";"A01";"1";"7";"0";"2";"3";"1";"1";""
"202400021677";"155 743 619";"B01";"1";"7";"0";"2";"1";"9";"2";""
"202400021678";"155 743 616";"A01";"1";"7";"0";"2";"3";"11";"1";""
"202400021678";"155 743 618";"B01";"1";"32";"0";"2";"7";"3";"1";""
"202400021679";"155 743 615";"A01";"0";"7";"1";"0";"1";"1";"1";""
"202400021680";"155 743 613";"A01";"1";"14";"0";"1";"1";"25";"1";""
"202400021681";"155 743 612";"B01";"1";"34";"0";"2";"8";"0";"1";""
"202400021681";"155 743 614";"A01";"1";"14";"0";"2";"2";"12";"1";""
"202400021682";"155 743 609";"A01";"0";"7";"0";"2";"0";"0";"1";""
"202400021682";"155 743 611";"B01";"0";"1";"0";"2";"0";"0";"5";""
"202400021683";"155 743 607";"Z01";"1";"50";"0";"4";"0";"1";"3";""
"202400021683";"155 743 610";"A01";"2";"40";"0";"1";"2";"1";"3";""
"202400021684";"155 743 606";"B01";"1";"33";"4";"2";"8";"3";"1";""
"202400021684";"155 743 608";"A01";"1";"7";"4";"0";"7";"14";"2";""
"202400021685";"155 743 604";"A01";"1";"7";"4";"0";"9";"0";"1";""
"202400021686";"155 743 602";"A01";"2";"7";"0";"2";"2";"15";"1";""
"202400021686";"155 743 605";"B01";"1";"32";"0";"2";"1";"1";"1";""
"202400021687";"155 743 600";"A01";"2";"17";"0";"2";"1";"1";"1";""
"202400021687";"155 743 601";"B01";"2";"10";"0";"2";"4";"1";"1";""
"202400021687";"155 743 603";"C01";"2";"7";"0";"2";"4";"1";"1";""
"202400021688";"155 743 597";"B01";"1";"31";"0";"2";"3";"21";"1";""
"202400021688";"155 743 599";"A01";"1";"7";"0";"2";"2";"15";"1";""
"202400021689";"155 743 596";"A01";"1";"7";"0";"2";"1";"13";"1";""
"202400021689";"155 743 598";"B01";"2";"10";"0";"2";"1";"1";"1";""
"202400021690";"155 743 594";"A01";"2";"7";"13";"0";"3";"21";"1";""
"202400021691";"155 743 592";"B01";"2";"10";"0";"2";"4";"1";"1";""
"202400021691";"155 743 595";"A01";"2";"7";"0";"2";"1";"1";"1";""
"202400021692";"155 743 591";"A01";"2";"37";"0";"2";"3";"1";"1";"1"
"202400021692";"155 743 593";"B01";"1";"33";"0";"2";"2";"1";"1";""
"202400021693";"155 743 589";"A01";"1";"7";"13";"0";"1";"21";"1";""
"202400021694";"155 743 588";"A01";"1";"30";"0";"2";"5";"0";"1";""
"202400021694";"155 743 590";"B01";"1";"7";"0";"2";"2";"0";"1";""
"202400021695";"155 743 586";"A01";"2";"7";"0";"2";"1";"1";"1";""
"202400021695";"155 743 587";"B01";"2";"7";"0";"2";"4";"1";"1";""
"202400021696";"155 743 585";"A01";"2";"32";"0";"0";"0";"21";"1";""
"202400021697";"155 743 583";"A01";"1";"33";"0";"0";"7";"1";"1";""
"202400021698";"155 743 582";"B01";"0";"34";"0";"2";"8";"1";"1";""
"202400021698";"155 743 584";"A01";"0";"7";"0";"2";"1";"15";"1";""
"202400021699";"155 743 579";"A01";"2";"15";"0";"2";"7";"1";"1";""
"202400021699";"155 743 581";"B01";"2";"7";"0";"2";"8";"13";"1";""
"202400021700";"155 743 578";"A01";"2";"50";"0";"1";"1";"1";"3";""
"202400021701";"155 743 576";"B01";"1";"50";"0";"2";"0";"0";"3";""
"202400021701";"155 743 580";"Z01";"1";"7";"0";"9";"0";"1";"0";""
"202400021702";"155 743 574";"A01";"2";"33";"0";"2";"2";"17";"1";""
"202400021702";"155 743 577";"B01";"2";"7";"0";"2";"4";"11";"1";""
"202400021703";"155 743 571";"Z01";"2";"1";"0";"2";"6";"17";"5";""
"202400021703";"155 743 573";"B01";"2";"1";"0";"2";"3";"1";"5";""
"202400021704";"155 743 572";"B01";"1";"7";"0";"2";"0";"1";"1";""
"202400021704";"155 743 575";"A01";"1";"15";"0";"2";"7";"12";"1";""
"202400021705";"155 743 569";"B01";"2";"10";"0";"2";"5";"23";"1";""
"202400021705";"155 743 570";"A01";"2";"32";"0";"2";"1";"2";"1";""
"202400021706";"155 743 565";"A01";"2";"7";"0";"2";"7";"12";"1";""
"202400021706";"155 743 567";"B01";"2";"33";"0";"2";"3";"3";"1";""
"202400021707";"155 743 563";"A01";"3";"7";"0";"2";"3";"11";"2";""
"202400021707";"155 743 566";"B01";"3";"7";"0";"2";"3";"1";"2";""
"202400021708";"155 743 564";"A01";"1";"10";"0";"2";"1";"15";"1";""
"202400021708";"155 743 568";"B01";"1";"33";"0";"2";"2";"1";"1";""
"202400021709";"155 743 561";"A01";"3";"7";"0";"2";"1";"11";"1";""
"202400021709";"155 743 562";"B01";"3";"7";"0";"2";"1";"1";"1";""
"202400021710";"155 743 560";"A01";"1";"7";"0";"1";"2";"1";"1";""
"202400021711";"155 743 559";"A01";"3";"33";"0";"0";"0";"2";"1";""
"202400021712";"155 743 558";"A01";"0";"7";"0";"1";"1";"1";" -1";""
"202400021713";"155 743 554";"B01";"2";"7";"0";"2";"1";"1";"2";""
"202400021713";"155 743 556";"A01";"1";"7";"0";"2";"1";"1";"1";""
"202400021714";"155 743 555";"A01";"3";"7";"0";"2";"8";"9";"1";""
"202400021714";"155 743 557";"B01";"3";"7";"8";"2";"1";"1";"1";""
"202400021715";"155 743 553";"A01";"1";"80";"12";"0";"8";"15";"3";""
"202400021716";"155 743 549";"A01";"3";"7";"0";"1";"2";"1";"1";""
"202400021717";"155 743 551";"A01";"1";"43";"0";"2";"1";"1";"1";""
"202400021717";"155 743 552";"B01";"1";"10";"0";"2";"5";"1";"1";""
"202400021718";"155 743 548";"A01";"2";"7";"0";"1";"7";"1";"1";""
"202400021719";"155 743 546";"C01";"2";"10";"0";"2";"3";"1";"1";""
"202400021719";"155 743 547";"B01";"2";"10";"0";"2";"5";"1";"1";""
"202400021719";"155 743 550";"A01";"2";"33";"0";"2";"5";"3";"1";""
"202400021720";"155 743 544";"A01";"2";"7";"0";"2";"1";"1";"1";""
"202400021721";"155 743 543";"B01";"2";"7";"0";"2";"1";"1";"1";""
"202400021721";"155 743 545";"A01";"2";"2";"0";"2";"7";"1";"1";""
"202400021722";"155 743 542";"A01";"1";"31";"0";"1";"1";"1";"1";""
"202400021723";"155 743 539";"A01";"1";"2";"0";"2";"2";"14";"1";""
"202400021723";"155 743 541";"B01";"1";"2";"0";"2";"8";"14";"3";""
"202400021724";"155 743 538";"A01";"1";"7";"0";"2";"2";"1";"1";""
"202400021724";"155 743 540";"B01";"1";"7";"0";"2";"3";"20";"1";""
"202400021725";"155 743 536";"A01";"0";"13";"0";"1";"0";"16";"1";""
"202400021726";"155 743 535";"A01";"1";"7";"1";"0";"3";"13";"2";""
"202400021727";"155 743 534";"B01";"1";"50";"0";"2";"4";"1";"3";""
"202400021727";"155 743 537";"A01";"1";"7";"0";"2";"1";"2";"2";""
"202400021728";"155 743 533";"A01";"1";"0";"0";"1";"1";"1";"0";""
"202400021729";"155 743 530";"B01";"2";"2";"0";"2";"2";"17";"1";""
"202400021729";"155 743 532";"A01";"2";"10";"0";"2";"3";"13";"1";""
"202400021730";"155 743 528";"A01";"1";"7";"0";"0";"0";"1";"1";""
"202400021731";"155 743 527";"A01";"2";"33";"0";"2";"2";"1";"1";""
"202400021731";"155 743 531";"B01";"1";"7";"0";"2";"3";"9";"1";""
"202400021732";"155 743 526";"B01";"2";"33";"0";"2";"3";"1";"1";""
"202400021732";"155 743 529";"A01";"2";"7";"0";"2";"1";"15";"1";""
"202400021733";"155 743 524";"A01";"1";"7";"0";"2";"3";"0";"1";""
"202400021733";"155 743 525";"B01";"2";"7";"0";"2";"1";"0";"2";""
"202400021734";"155 743 522";"A01";"1";"34";"0";"5";"1";"1";"1";""
"202400021735";"155 743 520";"B01";"1";"7";"0";"2";"4";"23";"1";""
"202400021735";"155 743 523";"A01";"1";"7";"0";"2";"1";"1";"1";""
"202400021736";"155 743 519";"A01";"2";"7";"0";"2";"1";"10";"1";""
"202400021736";"155 743 521";"B01";"2";"7";"0";"2";"2";"1";"1";""
"202400021737";"155 743 518";"A01";"3";"2";"0";"0";"7";"21";"3";""
"202400021738";"155 743 516";"B01";"2";"33";"0";"2";"8";"1";"1";""
"202400021738";"155 743 517";"A01";"1";"10";"0";"2";"3";"15";"1";""
"202400021739";"155 743 514";"A01";"1";"33";"3";"0";"1";"1";"1";""
"202400021740";"155 743 513";"A01";"1";"2";"0";"0";"0";"1";"1";""
"202400021741";"155 743 512";"A01";"3";"7";"0";"2";"3";"19";"0";""
"202400021741";"155 743 515";"B01";"1";"34";"0";"2";"2";"23";"0";""
"202400021742";"155 743 508";"A01";"2";"7";"12";"0";"2";"14";"1";""
"202400021743";"155 743 507";"A01";"2";"10";"0";"2";"1";"1";"0";""
"202400021743";"155 743 511";"Y01";"2";"1";"0";"2";"0";"1";"5";""
"202400021744";"155 743 505";"B01";"0";"7";"0";"2";"2";"15";"1";""
"202400021744";"155 743 509";"A01";"2";"30";"0";"2";"1";"1";"1";""
"202400021745";"155 743 506";"A01";"0";"7";"8";"0";"7";"1";"1";""
"202400021745";"155 743 510";"B01";"0";"7";"0";"2";"1";"1";"1";""
"202400021746";"155 743 503";"B01";"1";"7";"0";"2";"1";"1";"1";""
"202400021746";"155 743 504";"A01";"2";"1";"0";"2";"1";"5";"5";""
"202400021747";"155 743 502";"A01";"0";"37";"2";"0";"1";"15";"1";"3"
"202400021748";"155 743 501";"A01";"2";"2";"12";"0";"2";"14";"1";""
"202400021749";"155 743 498";"A01";"2";"7";"0";"2";"0";"15";"0";""
"202400021749";"155 743 500";"B01";"3";"50";"0";"2";"7";"1";"3";""
"202400021750";"155 743 497";"B01";"1";"30";"0";"2";"7";"1";"1";""
"202400021750";"155 743 499";"A01";"1";"7";"0";"2";"3";"0";"1";""
"202400021751";"155 743 496";"A01";"3";"2";"0";"1";"1";"1";"1";""
"202400021752";"155 743 493";"B01";"2";"33";"4";"2";"4";"23";"1";""
"202400021752";"155 743 495";"A01";"2";"33";"4";"2";"1";"1";"1";""
"202400021753";"155 743 491";"B01";"2";"7";"0";"2";"8";"1";"1";""
"202400021753";"155 743 494";"A01";"1";"50";"0";"2";"7";"15";"3";""
"202400021754";"155 743 490";"A01";"3";"7";"0";"1";"4";"20";"1";""
"202400021755";"155 743 489";"A01";"1";"7";"0";"2";"8";"1";"1";""
"202400021755";"155 743 492";"B01";"2";"7";"0";"2";"8";"1";"1";""
"202400021756";"155 743 487";"A01";"1";"7";"0";"0";"9";"0";"1";""
"202400021757";"155 743 486";"A01";"2";"7";"0";"2";"3";"11";"1";""
"202400021757";"155 743 488";"B01";"1";"2";"0";"2";"4";"5";"1";""
"202400021758";"155 743 483";"A01";"1";"7";"0";"2";"2";"15";"1";""
"202400021758";"155 743 485";"B01";"1";"7";"9";"2";"1";"1";"1";""
"202400021759";"155 743 481";"A01";"1";"7";"0";"2";"1";"17";"1";""
"202400021759";"155 743 482";"B01";"2";"7";"0";"2";"1";"0";"1";""
"202400021760";"155 743 480";"A01";"2";"7";"0";"1";"3";"13";"1";""
"202400021761";"155 743 478";"A01";"1";"10";"0";"1";"1";"1";"1";""
"202400021762";"155 743 484";"A01";"1";"7";"0";"1";"3";"15";"1";""
"202400021763";"155 743 477";"B01";"3";"7";"0";"2";"2";"12";"1";""
"202400021763";"155 743 479";"A01";"3";"7";"0";"2";"3";"1";"1";""
"202400021764";"155 743 475";"A01";"2";"3";"8";"0";"2";"1";"1";""
"202400021765";"155 743 473";"A01";"1";"7";"0";"2";"2";"15";"3";""
"202400021765";"155 743 476";"B01";"2";"50";"0";"2";"1";"1";"3";""
"202400021766";"155 743 471";"A01";"0";"7";"0";"2";"6";"15";"1";""
"202400021766";"155 743 474";"B01";"0";"43";"0";"2";"1";"2";"1";""
"202400021767";"155 743 472";"A01";"2";"7";"4";"0";"1";"13";"1";""
"202400021768";"155 743 470";"B01";"3";"10";"0";"1";"1";"26";"1";""
"202400021769";"155 743 468";"A01";"3";"1";"14";"0";"1";"21";"5";""
"202400021770";"155 743 466";"B01";"3";"1";"0";"2";"3";"1";"5";""
"202400021770";"155 743 469";"A01";"3";"7";"0";"2";"8";"9";"1";""
"202400021771";"155 743 465";"A01";"1";"7";"0";"2";"3";"17";"1";""
"202400021771";"155 743 467";"B01";"2";"14";"0";"2";"3";"1";"1";""
"202400021772";"155 743 462";"A01";"3";"7";"0";"2";"6";"15";"1";""
"202400021772";"155 743 464";"B01";"1";"32";"0";"2";"1";"1";"1";""
"202400021773";"155 743 459";"B01";"1";"7";"0";"2";"2";"2";"1";""
"202400021773";"155 743 461";"A01";"1";"10";"0";"2";"1";"15";"1";""
"202400021774";"155 743 458";"A01";"1";"2";"0";"2";"5";"14";"1";""
"202400021774";"155 743 460";"B01";"1";"7";"0";"2";"2";"15";"1";""
"202400021775";"155 743 456";"B01";"1";"43";"0";"2";"3";"1";"1";""
"202400021775";"155 743 463";"A01";"1";"7";"0";"2";"5";"15";"1";""
"202400021776";"155 743 455";"B01";"1";"7";"0";"2";"1";"1";"0";""
"202400021776";"155 743 457";"A01";"2";"3";"0";"2";"3";"13";"0";""
"202400021777";"155 743 454";"A01";"0";"7";"0";"1";"1";"15";"1";""
"202400021778";"155 743 452";"A01";"2";"37";"0";"1";"1";"16";"1";"1"
"202400021779";"155 743 450";"A01";"2";"7";"1";"1";"2";"21";"2";""
"202400021779";"155 743 453";"B01";"2";"10";"0";"0";"6";"23";"1";""
"202400021780";"155 743 449";"B01";"3";"2";"0";"2";"1";"21";"1";""
"202400021780";"155 743 451";"A01";"3";"33";"0";"2";"3";"9";"1";""
"202400021781";"155 743 447";"A01";"3";"7";"0";"1";"2";"0";"1";""
"202400021781";"155 743 448";"B01";"3";"7";"0";"2";"1";"2";"1";""
"202400021782";"155 743 442";"A01";"2";"30";"0";"2";"1";"13";"1";""
"202400021782";"155 743 445";"B01";"1";"7";"0";"2";"8";"1";"1";""
"202400021783";"155 743 441";"A01";"2";"33";"0";"2";"8";"18";"1";""
"202400021783";"155 743 444";"B01";"1";"7";"0";"2";"1";"15";"1";""
"202400021784";"155 743 443";"B01";"2";"2";"0";"2";"1";"19";"1";""
"202400021784";"155 743 446";"A01";"1";"7";"0";"2";"3";"1";"1";""
"202400021785";"155 743 439";"B01";"3";"2";"0";"2";"2";"1";"1";""
"202400021785";"155 743 440";"A01";"2";"7";"0";"2";"8";"9";"1";""
"202400021786";"155 743 438";"A01";"2";"33";"0";"0";"0";"1";"1";""
"202400021787";"155 743 436";"A01";"1";"7";"0";"2";"2";"9";"2";""
"202400021787";"155 743 437";"B01";"1";"7";"0";"2";"6";"23";"3";""
"202400021788";"155 743 435";"A01";"1";"7";"16";"0";"1";"1";"1";""
"202400021789";"155 743 433";"A01";"2";"7";"0";"2";"5";"18";"0";""
"202400021789";"155 743 434";"B01";"2";"50";"0";"2";"1";"1";"3";""
"202400021790";"155 743 429";"A01";"2";"7";"0";"2";"2";"16";"1";""
"202400021790";"155 743 431";"B01";"2";"50";"0";"2";"3";"1";"3";""
"202400021791";"155 743 428";"B01";"0";"10";"0";"2";"4";"15";"1";""
"202400021791";"155 743 432";"A01";"0";"33";"0";"2";"1";"16";"1";""
"202400021792";"155 743 426";"A01";"2";"7";"2";"0";"2";"1";"1";""
"202400021793";"155 743 423";"A01";"2";"7";"0";"2";"1";"2";"1";""
"202400021793";"155 743 425";"B01";"2";"7";"0";"2";"4";"1";"1";""
"202400021794";"155 743 421";"A01";"1";"1";"0";"5";"1";"1";"5";""
"202400021795";"155 743 420";"B01";"1";"33";"0";"2";"7";"1";"1";""
"202400021795";"155 743 424";"A01";"1";"7";"0";"2";"2";"1";"1";""
"202400021796";"155 743 417";"A01";"1";"10";"0";"2";"1";"2";"1";""
"202400021796";"155 743 419";"B01";"1";"7";"0";"2";"4";"2";"1";""
"202400021796";"155 743 422";"C01";"1";"7";"0";"2";"4";"0";"1";""
"202400021796";"155 743 427";"D01";"1";"7";"0";"2";"4";"0";"1";""
"202400021796";"155 743 430";"E01";"1";"7";"0";"0";"4";"0";"1";""
"202400021797";"155 743 416";"A01";"2";"33";"13";"0";"1";"14";"1";""
"202400021798";"155 743 415";"A01";"3";"1";"8";"0";"1";"1";"5";""
"202400021799";"155 743 414";"B01";"3";"37";"0";"2";"1";"1";"1";"1"
"202400021799";"155 743 418";"A01";"3";"50";"0";"2";"8";"15";"3";""
"202400021800";"155 743 413";"A01";"3";"10";"0";"1";"6";"4";"1";""
"202400021801";"155 743 410";"A01";"1";"7";"0";"1";"3";"1";"1";""
"202400021802";"155 743 409";"A01";"1";"7";"2";"0";"1";"1";"1";""
"202400021803";"155 743 411";"A01";"1";"7";"2";"0";"1";"14";"1";""
"202400021804";"155 743 412";"A01";"3";"7";"11";"0";"1";"14";"1";""
"202400021805";"155 743 407";"A01";"2";"31";"4";"0";"3";"17";"1";""
"202400021806";"155 743 404";"B01";"2";"7";"0";"0";"0";"0";"1";""
"202400021806";"155 743 408";"A01";"1";"7";"0";"2";"1";"13";"1";""
"202400021807";"155 743 403";"A01";"2";"33";"0";"2";"1";"12";"1";""
"202400021807";"155 743 406";"B01";"2";"10";"0";"2";"5";"12";"1";""
"202400021808";"155 743 402";"A01";"2";"60";"0";"2";"8";"19";"5";""
"202400021808";"155 743 405";"B01";"1";"7";"0";"9";"2";"1";"1";""
"202400021809";"155 743 401";"A01";"1";"7";"13";"1";"3";"21";"1";""
"202400021810";"155 743 400";"A01";"3";"7";"1";"1";"1";"1";"1";""
"202400021811";"155 743 398";"A01";"2";"7";"2";"0";"3";"0";"1";""
"202400021812";"155 743 397";"A01";"1";"7";"0";"2";"3";"21";"2";""
"202400021812";"155 743 399";"B01";"2";"7";"0";"2";"3";"11";"1";""
"202400021813";"155 743 394";"A01";"1";"7";"0";"0";"0";"1";"1";""
"202400021814";"155 743 395";"B01";"1";"7";"0";"2";"1";"2";"1";""
"202400021814";"155 743 396";"A01";"1";"7";"0";"2";"4";"2";"1";""
"202400021815";"155 743 393";"A01";"1";"7";"13";"0";"2";"1";"1";""
"202400021816";"155 743 392";"A01";"2";"7";"0";"1";"1";"15";"1";""
"202400021817";"155 743 390";"A01";"1";"7";"6";"9";"3";"17";"1";""
"202400021817";"155 743 391";"B01";"2";"1";"0";"2";"1";"1";"5";""
"202400021818";"155 743 388";"A01";"1";"99";"0";"0";"8";"1";"1";""
"202400021819";"155 743 389";"A01";"1";"7";"0";"2";"1";"1";"1";""
"202400021820";"155 743 386";"A01";"2";"33";"12";"0";"8";"1";"1";""
"202400021821";"155 743 385";"A01";"1";"7";"0";"2";"1";"1";"1";""
"202400021821";"155 743 387";"B01";"1";"7";"0";"2";"4";"1";"1";""
"202400021822";"155 743 382";"B01";"1";"33";"0";"2";"1";"1";"1";""
"202400021822";"155 743 384";"A01";"2";"7";"0";"2";"3";"15";"1";""
"202400021823";"155 743 378";"B01";"3";"2";"0";"2";"8";"1";"1";""
"202400021823";"155 743 380";"A01";"3";"7";"0";"2";"3";"15";"1";""
"202400021824";"155 743 376";"A01";"2";"7";"1";"2";"8";"24";"1";""
"202400021824";"155 743 379";"B01";"2";"50";"1";"2";"1";"1";"3";""
"202400021825";"155 743 375";"B01";"1";"7";"0";"2";"3";"15";"1";""
"202400021825";"155 743 377";"A01";"1";"2";"0";"2";"1";"1";"1";""
"202400021826";"155 743 372";"A01";"1";"1";"0";"2";"7";"1";"5";""
"202400021826";"155 743 374";"B01";"2";"7";"0";"9";"1";"1";"1";""
"202400021827";"155 743 373";"A01";"1";"7";"2";"0";"1";"14";"1";""
"202400021828";"155 743 369";"B01";"3";"7";"0";"2";"6";"1";"1";""
"202400021828";"155 743 371";"A01";"3";"7";"0";"2";"1";"15";"1";""
"202400021829";"155 743 367";"A01";"3";"1";"0";"0";"0";"1";"5";""
"202400021830";"155 743 366";"A01";"3";"7";"0";"2";"3";"1";"1";""
"202400021830";"155 743 370";"B01";"3";"50";"0";"2";"1";"19";"3";""
"202400021831";"155 743 365";"A01";"2";"7";"0";"2";"3";"1";"1";""
"202400021831";"155 743 368";"B01";"0";"2";"0";"2";"1";"19";"1";""
"202400021832";"155 743 361";"A01";"1";"31";"0";"2";"9";"17";"1";""
"202400021832";"155 743 364";"B01";"1";"7";"0";"2";"3";"15";"1";""
"202400021833";"155 743 360";"A01";"1";"7";"13";"0";"3";"1";"1";""