"Num_Acc";"id_vehicule";"num_veh";"senc";"catv";"obs";"obsm";"choc";"manv";"motor";"occutc"
"202400022647";"155 741 927";"A01";"1";"14";"0";"2";"1";"1";"1";""
"202400022647";"155 741 929";"B01";"1";"7";"0";"2";"4";"1";"1";""
"202400022648";"155 741 923";"A01";"1";"7";"0";"2";"7";"15";"1";""
"202400022648";"155 741 924";"B01";"2";"10";"0";"2";"1";"1";"1";""
"202400022649";"155 741 919";"A01";"3";"7";"0";"2";"1";"1";"1";""
"202400022649";"155 741 920";"C01";"3";"7";"0";"2";"5";"1";"3";""
"202400022649";"155 741 921";"B01";"3";"7";"0";"2";"4";"1";"1";""
"202400022649";"155 741 922";"D01";"3";"10";"0";"2";"4";"1";"1";""
"202400022650";"155 741 917";"A01";"3";"33";"0";"2";"1";"11";"1";""
"202400022650";"155 741 918";"B01";"3";"7";"0";"2";"6";"0";"3";""
"202400022651";"155 741 915";"A01";"1";"7";"0";"2";"7";"15";"1";""
"202400022651";"155 741 916";"B01";"2";"32";"0";"2";"1";"1";"1";""
"202400022652";"155 741 913";"A01";"1";"30";"0";"2";"1";"26";"1";""
"202400022652";"155 741 914";"B01";"1";"7";"0";"2";"4";"0";"1";""
"202400022653";"155 741 912";"A01";"2";"7";"0";"1";"1";"1";"1";""
"202400022654";"155 741 910";"A01";"3";"50";"0";"2";"3";"13";"3";""
"202400022654";"155 741 911";"B01";"0";"7";"0";"2";"3";"1";"1";""
"202400022655";"155 741 906";"A01";"0";"10";"0";"2";"1";"14";"1";""
"202400022655";"155 741 907";"B01";"0";"7";"0";"2";"3";"23";"1";""
"202400022656";"155 741 902";"A01";"2";"50";"0";"0";"1";"0";"3";""
"202400022657";"155 741 901";"A01";"1";"7";"0";"1";"3";"1";"1";""
"202400022658";"155 741 899";"A01";"3";"7";"0";"2";"2";"9";"1";""
"202400022658";"155 741 900";"B01";"3";"30";"0";"2";"1";"11";"1";""
"202400022659";"155 741 897";"A01";"3";"7";"0";"2";"4";"15";"1";""
"202400022659";"155 741 898";"B01";"3";"14";"0";"2";"1";"2";"1";""
"202400022660";"155 741 895";"A01";"3";"33";"0";"2";"1";"1";"1";""
"202400022660";"155 741 896";"B01";"3";"2";"0";"2";"2";"15";"1";""
"202400022661";"155 741 893";"A01";"2";"31";"0";"2";"1";"17";"1";""
"202400022661";"155 741 894";"B01";"2";"7";"0";"2";"3";"15";"3";""
"202400022662";"155 741 891";"B01";"1";"33";"0";"2";"7";"1";"1";""
"202400022662";"155 741 892";"A01";"1";"33";"0";"2";"6";"11";"1";""
"202400022663";"155 741 890";"A01";"2";"7";"4";"0";"4";"1";"1";""
"202400022664";"155 741 888";"A01";"0";"10";"0";"2";"2";"17";"1";""
"202400022664";"155 741 889";"B01";"0";"50";"0";"2";"8";"1";"3";""
"202400022665";"155 741 886";"Y01";"2";"1";"0";"2";"1";"3";"5";""
"202400022665";"155 741 887";"A01";"1";"7";"0";"2";"3";"15";"1";""
"202400022666";"155 741 884";"A01";"3";"7";"0";"2";"1";"1";"3";""
"202400022666";"155 741 885";"B01";"3";"33";"0";"2";"4";"1";"1";""
"202400022667";"155 741 883";"A01";"2";"60";"12";"0";"1";"1";"5";""
"202400022668";"155 741 881";"A01";"1";"80";"0";"2";"1";"5";"3";""
"202400022668";"155 741 882";"B01";"1";"32";"0";"2";"1";"1";"1";""
"202400022669";"155 741 880";"A01";"1";"7";"0";"1";"3";"1";"2";""
"202400022670";"155 741 879";"A01";"3";"7";"0";"1";"1";"16";"1";""
"202400022671";"155 741 877";"A01";"1";"10";"0";"2";"4";"2";"1";""
"202400022671";"155 741 878";"B01";"1";"7";"0";"2";"1";"2";"1";""
"202400022672";"155 741 875";"A01";"1";"80";"0";"2";"1";"1";"3";""
"202400022672";"155 741 876";"B01";"0";"7";"0";"2";"3";"22";"1";""
"202400022673";"155 741 873";"B01";"2";"1";"0";"0";"1";"5";"5";""
"202400022673";"155 741 874";"A01";"2";"7";"0";"0";"2";"9";"1";""
"202400022674";"155 741 872";"A01";"1";"1";"0";"0";"8";"2";"5";""
"202400022675";"155 741 870";"B01";"2";"80";"0";"2";"3";"2";"3";""
"202400022675";"155 741 871";"A01";"2";"7";"0";"2";"5";"17";"2";""
"202400022676";"155 741 868";"B01";"3";"7";"0";"2";"4";"0";"2";""
"202400022676";"155 741 869";"A01";"3";"7";"0";"2";"1";"26";"2";""
"202400022677";"155 741 866";"A01";"1";"7";"0";"2";"1";"15";"1";""
"202400022677";"155 741 867";"B01";"2";"43";"0";"2";"3";"0";"1";""
"202400022678";"155 741 863";"B01";"1";"7";"0";"2";"6";"2";"1";""
"202400022678";"155 741 864";"C01";"1";"80";"0";"2";"7";"3";"3";""
"202400022678";"155 741 865";"A01";"1";"7";"0";"2";"3";"1";"1";""
"202400022679";"155 741 861";"B01";"2";"33";"0";"2";"2";"0";"1";""
"202400022679";"155 741 862";"A01";"2";"7";"0";"2";"8";"15";"1";""
"202400022680";"155 741 859";"B01";"3";"60";"0";"2";"1";"17";"5";""
"202400022680";"155 741 860";"A01";"3";"7";"0";"9";"2";"26";"2";""
"202400022681";"155 741 858";"A01";"1";"10";"1";"1";"4";"26";"3";""
"202400022682";"155 741 855";"C01";"3";"7";"0";"9";"0";"1";"1";""
"202400022682";"155 741 856";"A01";"1";"7";"0";"2";"2";"1";"1";""
"202400022682";"155 741 857";"B01";"2";"34";"3";"2";"3";"1";"1";""
"202400022683";"155 741 854";"A01";"1";"37";"0";"1";"2";"1";"1";"1"
"202400022684";"155 741 853";"A01";"2";"33";"0";"1";"3";"3";"0";""
"202400022685";"155 741 851";"A01";"0";"50";"0";"2";"1";"1";"3";""
"202400022685";"155 741 852";"B01";"0";"60";"0";"2";"1";"1";"5";""
"202400022686";"155 741 850";"Z01";"2";"50";"0";"1";"1";"25";"3";""
"202400022687";"155 741 849";"A01";"3";"7";"0";"1";"1";"1";"2";""
"202400022688";"155 741 848";"A01";"2";"7";"14";"1";"1";"2";"1";""
"202400022689";"155 741 847";"A01";"1";"7";"0";"1";"7";"1";"1";""
"202400022690";"155 741 845";"B01";"1";"7";"0";"2";"3";"1";"1";""
"202400022690";"155 741 846";"A01";"2";"33";"0";"1";"2";"1";"1";""
"202400022691";"155 741 844";"A01";"1";"50";"0";"1";"1";"1";"3";""
"202400022692";"155 741 842";"B01";"3";"10";"0";"2";"4";"2";"1";""
"202400022692";"155 741 843";"A01";"3";"14";"0";"2";"1";"2";"1";""
"202400022693";"155 741 841";"A01";"2";"32";"0";"1";"1";"2";"1";""
"202400022694";"155 741 840";"A01";"1";"7";"13";"0";"1";"1";"1";""
"202400022695";"155 741 838";"A01";"1";"2";"0";"2";"1";"1";"1";""
"202400022695";"155 741 839";"B01";"1";"10";"0";"0";"6";"26";"1";""
"202400022696";"155 741 837";"A01";"1";"33";"8";"0";"1";"2";"1";""
"202400022697";"155 741 835";"B01";"1";"15";"0";"2";"3";"1";"1";""
"202400022697";"155 741 836";"A01";"2";"7";"0";"2";"3";"13";"1";""
"202400022698";"155 741 833";"A01";"1";"7";"0";"0";"7";"1";"1";""
"202400022698";"155 741 834";"B01";"2";"7";"0";"2";"1";"15";"1";""
"202400022699";"155 741 830";"C01";"1";"7";"0";"0";"1";"1";"1";""
"202400022699";"155 741 831";"A01";"2";"7";"0";"0";"1";"17";"1";""
"202400022699";"155 741 832";"B01";"2";"10";"0";"0";"3";"16";"1";""
"202400022700";"155 741 827";"A01";"2";"7";"3";"2";"1";"5";"1";""
"202400022700";"155 741 828";"B01";"1";"33";"0";"2";"3";"1";"1";""
"202400022700";"155 741 829";"C01";"1";"33";"0";"2";"1";"1";"1";""
"202400022701";"155 741 826";"A01";"1";"7";"2";"0";"3";"1";"1";""
"202400022702";"155 741 824";"B01";"3";"7";"0";"2";"3";"16";"1";""
"202400022702";"155 741 825";"A01";"3";"7";"0";"2";"1";"1";"1";""
"202400022703";"155 741 822";"A01";"1";"7";"0";"2";"1";"1";"1";""
"202400022703";"155 741 823";"B01";"1";"10";"0";"0";"4";"23";"1";""
"202400022704";"155 741 821";"A01";"0";"38";"0";"1";"1";"1";"1";"1"
"202400022705";"155 741 819";"B01";"2";"7";"0";"2";"3";"1";"1";""
"202400022705";"155 741 820";"A01";"1";"2";"0";"2";"1";"13";"1";""
"202400022706";"155 741 817";"B01";"2";"7";"0";"2";"2";"1";"1";""
"202400022706";"155 741 818";"A01";"1";"2";"0";"2";"3";"19";"1";""
"202400022707";"155 741 816";"A01";"1";"7";"6";"0";"1";"14";"1";""
"202400022708";"155 741 814";"A01";"1";"7";"0";"2";"2";"15";"0";""
"202400022708";"155 741 815";"B01";"1";"33";"0";"2";"2";"13";"1";""
"202400022709";"155 741 813";"A01";"2";"7";"0";"1";"2";"1";"1";""
"202400022710";"155 741 810";"A01";"0";"10";"0";"2";"2";"1";"1";""
"202400022710";"155 741 811";"B01";"0";"2";"0";"2";"3";"15";"1";""
"202400022711";"155 741 809";"A01";"0";"7";"5";"0";"1";"1";"3";""
"202400022712";"155 741 807";"A01";"2";"7";"0";"2";"1";"13";"1";""
"202400022712";"155 741 808";"B01";"1";"15";"0";"2";"1";"1";"1";""
"202400022713";"155 741 805";"B01";"1";"7";"11";"2";"1";"1";"1";""
"202400022713";"155 741 806";"A01";"1";"7";"11";"2";"7";"19";"1";""
"202400022714";"155 741 803";"B01";"0";"1";"0";"2";"2";"19";"5";""
"202400022714";"155 741 804";"A01";"0";"7";"0";"0";"5";"26";"1";""
"202400022715";"155 741 801";"B01";"2";"7";"0";"2";"3";"1";"1";""
"202400022715";"155 741 802";"A01";"2";"7";"0";"2";"2";"1";"1";""
"202400022716";"155 741 799";"B01";"2";"1";"0";"2";"1";"1";"5";""
"202400022716";"155 741 800";"A01";"1";"7";"0";"2";"1";"15";"1";""
"202400022717";"155 741 797";"B01";"1";"7";"0";"2";"1";"1";"1";""
"202400022717";"155 741 798";"A01";"2";"7";"0";"0";"3";"16";"1";""
"202400022718";"155 741 795";"B01";"2";"7";"0";"2";"1";"1";"1";""
"202400022718";"155 741 796";"A01";"1";"7";"0";"0";"7";"1";"1";""
"202400022719";"155 741 794";"A01";"1";"7";"2";"0";"3";"1";"1";""
"202400022720";"155 741 793";"A01";"1";"7";"15";"0";"0";"0";"1";""
"202400022721";"155 741 792";"A01";"1";"10";"8";"0";"1";"1";"1";""
"202400022722";"155 741 790";"A01";"0";"32";"0";"2";"1";"14";"1";""
"202400022722";"155 741 791";"B01";"0";"7";"0";"2";"3";"15";"1";""
"202400022723";"155 741 788";"B01";"3";"0";"0";"2";"0";"5";"0";""
"202400022723";"155 741 789";"A01";"3";"33";"6";"2";"3";"1";"1";""
"202400022724";"155 741 786";"A01";"1";"7";"0";"2";"3";"1";"1";""
"202400022724";"155 741 787";"B01";"2";"7";"0";"2";"1";"13";"1";""
"202400022725";"155 741 785";"A01";"1";"33";"0";"6";"1";"1";"1";""
"202400022726";"155 741 784";"A01";"1";"7";"0";"1";"2";"21";"1";""
"202400022727";"155 741 783";"A01";"2";"7";"2";"0";"1";"1";"1";""
"202400022728";"155 741 781";"A01";"3";"7";"0";"2";"1";"15";"2";""
"202400022728";"155 741 782";"B01";"1";"7";"0";"2";"1";"1";"1";""
"202400022729";"155 741 780";"A01";"1";"80";"11";"0";"9";"0";"3";""
"202400022730";"155 741 777";"A01";"3";"7";"0";"2";"7";"13";"1";""
"202400022730";"155 741 778";"B01";"3";"7";"0";"2";"6";"1";"1";""
"202400022730";"155 741 779";"C01";"3";"7";"0";"2";"1";"1";"1";""
"202400022731";"155 741 774";"A01";"3";"10";"16";"0";"9";"0";"1";""
"202400022732";"155 741 773";"A01";"2";"7";"15";"0";"1";"13";"1";""
"202400022733";"155 741 772";"A01";"2";"7";"16";"0";"0";"1";"1";""
"202400022734";"155 741 770";"A01";"1";"33";"0";"2";"1";"17";"1";""
"202400022734";"155 741 771";"B01";"1";"7";"0";"2";"3";"10";"1";""
"202400022735";"155 741 768";"A01";"1";"7";"0";"2";"1";"2";"1";""
"202400022735";"155 741 769";"B01";"1";"7";"13";"0";"4";"1";"1";""
"202400022736";"155 741 766";"A01";"1";"2";"0";"2";"1";"13";"1";""
"202400022736";"155 741 767";"B01";"2";"7";"0";"2";"1";"1";"1";""
"202400022737";"155 741 765";"A01";"2";"7";"0";"1";"4";"4";"1";""
"202400022738";"155 741 763";"A01";"1";"33";"0";"0";"7";"1";"1";""
"202400022738";"155 741 764";"B01";"1";"33";"8";"0";"8";"1";"1";""
"202400022739";"155 741 761";"B01";"1";"7";"0";"2";"5";"15";"1";""
"202400022739";"155 741 762";"A01";"2";"2";"0";"2";"1";"1";"1";""
"202400022740";"155 741 758";"C01";"1";"10";"0";"2";"1";"1";"1";""
"202400022740";"155 741 759";"A01";"2";"7";"0";"2";"2";"13";"1";""
"202400022740";"155 741 760";"B01";"1";"7";"0";"2";"1";"1";"1";""
"202400022741";"155 741 756";"A01";"3";"7";"0";"2";"1";"15";"1";""
"202400022741";"155 741 757";"B01";"1";"80";"0";"0";"8";"15";"3";""
"202400022742";"155 741 751";"E01";"2";"7";"0";"2";"5";"1";"1";""
"202400022742";"155 741 752";"A01";"2";"10";"0";"2";"3";"14";"1";""
"202400022742";"155 741 753";"B01";"2";"17";"0";"2";"5";"1";"1";""
"202400022742";"155 741 754";"C01";"2";"15";"0";"2";"7";"0";"1";""
"202400022742";"155 741 755";"D01";"2";"7";"0";"2";"5";"13";"1";""
"202400022743";"155 741 746";"A01";"1";"7";"0";"2";"6";"1";"1";""
"202400022743";"155 741 747";"Z01";"1";"7";"0";"2";"1";"2";"1";""
"202400022744";"155 741 744";"Z01";"2";"7";"0";"2";"1";"1";"1";""
"202400022744";"155 741 745";"A01";"2";"7";"0";"2";"4";"1";"1";""
"202400022745";"155 741 742";"A01";"1";"7";"0";"2";"4";"23";"1";""
"202400022745";"155 741 743";"Z01";"1";"7";"0";"2";"1";"1";"0";""
"202400022746";"155 741 739";"B01";"2";"7";"0";"2";"3";"11";"1";""
"202400022746";"155 741 740";"A01";"2";"33";"0";"2";"1";"3";"1";""
"202400022746";"155 741 741";"C01";"2";"7";"0";"2";"5";"1";"1";""
"202400022747";"155 741 737";"A01";"2";"7";"0";"2";"1";"1";"1";""
"202400022747";"155 741 738";"B01";"2";"7";"0";"2";"4";"1";"1";""
"202400022748";"155 741 736";"A01";"2";"7";"3";"0";"5";"1";"1";""
"202400022749";"155 741 734";"A01";"1";"33";"3";"2";"1";"16";"1";""
"202400022749";"155 741 735";"B01";"2";"34";"0";"2";"1";"1";"1";""
"202400022750";"155 741 731";"A01";"2";"10";"0";"2";"3";"2";"3";""
"202400022750";"155 741 732";"B01";"2";"7";"0";"2";"4";"1";"1";""
"202400022750";"155 741 733";"C01";"2";"7";"0";"2";"4";"0";"2";""
"202400022751";"155 741 730";"A01";"2";"33";"0";"0";"0";"26";"1";""
"202400022752";"155 741 728";"A01";"2";"34";"0";"2";"1";"3";"1";""
"202400022752";"155 741 729";"B01";"2";"7";"0";"2";"4";"1";"1";""
"202400022753";"155 741 726";"A01";"2";"7";"3";"0";"1";"1";"1";""
"202400022753";"155 741 727";"B01";"2";"7";"13";"0";"0";"1";"2";""
"202400022754";"155 741 724";"A01";"2";"10";"0";"2";"4";"1";"1";""
"202400022754";"155 741 725";"B01";"2";"10";"0";"2";"4";"1";"1";""
"202400022755";"155 741 722";"A01";"2";"7";"0";"2";"1";"15";"1";""
"202400022755";"155 741 723";"B01";"2";"7";"0";"2";"8";"1";"1";""
"202400022756";"155 741 720";"A01";"2";"7";"0";"2";"1";"1";"1";""
"202400022756";"155 741 721";"B01";"2";"7";"0";"2";"4";"1";"2";""
"202400022757";"155 741 719";"A01";"1";"7";"0";"1";"2";"1";"1";""
"202400022758";"155 741 717";"B01";"1";"7";"0";"2";"8";"0";"1";""
"202400022758";"155 741 718";"A01";"1";"15";"0";"2";"1";"12";"1";""
"202400022759";"155 741 715";"B01";"2";"15";"0";"2";"4";"2";"1";""
"202400022759";"155 741 716";"A01";"2";"7";"0";"2";"1";"2";"1";""
"202400022760";"155 741 713";"A01";"1";"1";"0";"2";"1";"0";"5";""
"202400022760";"155 741 714";"B01";"1";"7";"0";"2";"5";"1";"1";""
"202400022761";"155 741 711";"B01";"1";"50";"0";"2";"1";"1";"3";""
"202400022761";"155 741 712";"A01";"2";"7";"0";"2";"0";"1";"1";""
"202400022762";"155 741 709";"A01";"2";"7";"0";"2";"4";"26";"1";""
"202400022762";"155 741 710";"B01";"2";"7";"0";"2";"1";"2";"1";""
"202400022763";"155 741 707";"B01";"1";"7";"0";"2";"4";"16";"0";""
"202400022763";"155 741 708";"A01";"1";"7";"0";"2";"1";"1";"1";""
"202400022764";"155 741 705";"A01";"1";"7";"0";"2";"1";"26";"1";""
"202400022764";"155 741 706";"B01";"1";"33";"0";"2";"4";"2";"1";""
"202400022765";"155 741 702";"C01";"1";"10";"0";"2";"2";"11";"1";""
"202400022765";"155 741 703";"A01";"1";"33";"0";"2";"1";"2";"1";""
"202400022765";"155 741 704";"B01";"1";"7";"0";"2";"4";"2";"1";""
"202400022766";"155 741 700";"A01";"1";"33";"0";"2";"1";"2";"1";""
"202400022766";"155 741 701";"B01";"1";"10";"0";"2";"0";"2";"1";""
"202400022767";"155 741 699";"A01";"3";"30";"0";"0";"1";"1";"1";""
"202400022768";"155 741 697";"A01";"2";"1";"0";"2";"4";"1";"5";""
"202400022768";"155 741 698";"Z01";"1";"7";"0";"2";"1";"14";"0";""
"202400022769";"155 741 695";"B01";"2";"37";"0";"2";"1";"1";"1";"1"
"202400022769";"155 741 696";"A01";"1";"7";"0";"2";"1";"17";"1";""
"202400022770";"155 741 694";"A01";"1";"7";"0";"2";"2";"26";"1";""
"202400022771";"155 741 693";"A01";"1";"32";"0";"1";"1";"0";"1";""
"202400022772";"155 741 692";"A01";"1";"33";"0";"1";"1";"0";"1";""
"202400022773";"155 741 691";"A01";"2";"37";"0";"0";"0";"1";"1";"5"
"202400022774";"155 741 689";"A01";"1";"7";"0";"9";"3";"2";"1";""
"202400022774";"155 741 690";"B01";"2";"50";"0";"2";"1";"5";"3";""
"202400022775";"155 741 688";"A01";"1";"37";"0";"1";"3";"0";"1";"1"
"202400022776";"155 741 686";"A01";"1";"7";"0";"2";"8";"11";"1";""
"202400022776";"155 741 687";"B01";"2";"7";"0";"2";"0";"0";"1";""
"202400022777";"155 741 684";"A01";"1";"7";"6";"0";"3";"0";"1";""
"202400022777";"155 741 685";"B01";"1";"10";"0";"2";"1";"1";"1";""
"202400022778";"155 741 683";"A01";"3";"7";"1";"0";"3";"13";"1";""
"202400022779";"155 741 679";"A01";"3";"7";"0";"2";"2";"1";"0";""
"202400022779";"155 741 680";"B01";"3";"50";"0";"2";"1";"1";"3";""
"202400022780";"155 741 678";"A01";"3";"7";"0";"1";"1";"1";"1";""
"202400022781";"155 741 677";"A01";"3";"7";"3";"0";"9";"13";"1";""
"202400022782";"155 741 676";"A01";"2";"7";"0";"1";"2";"26";"1";""
"202400022783";"155 741 674";"B01";"1";"7";"0";"2";"4";"23";"1";""
"202400022783";"155 741 675";"A01";"1";"7";"0";"2";"1";"0";"1";""
"202400022784";"155 741 673";"A01";"3";"7";"0";"1";"3";"1";"1";""
"202400022785";"155 741 670";"A01";"1";"15";"0";"2";"2";"2";"1";""
"202400022785";"155 741 671";"B01";"1";"10";"0";"2";"4";"2";"1";""
"202400022785";"155 741 672";"C01";"1";"7";"0";"2";"4";"2";"1";""
"202400022786";"155 741 666";"B01";"0";"7";"0";"2";"7";"1";"0";""
"202400022786";"155 741 667";"A01";"0";"7";"0";"0";"0";"0";"0";""
"202400022787";"155 741 665";"A01";"1";"7";"0";"1";"3";"1";"1";""
"202400022788";"155 741 663";"A01";"3";"7";"9";"2";"1";"26";"1";""
"202400022788";"155 741 664";"B01";"3";"7";"9";"2";"1";"1";"1";""
"202400022789";"155 741 661";"A01";"3";"7";"0";"2";"2";"15";"1";""
"202400022789";"155 741 662";"B01";"0";"7";"0";"2";"1";"1";"1";""
"202400022790";"155 741 657";"D01";"1";"7";"0";"2";"4";"2";"1";""
"202400022790";"155 741 658";"A01";"1";"7";"0";"2";"1";"2";"1";""
"202400022790";"155 741 659";"B01";"1";"7";"0";"2";"4";"2";"1";""
"202400022790";"155 741 660";"C01";"1";"7";"0";"2";"4";"2";"1";""
"202400022791";"155 741 655";"A01";"3";"7";"0";"2";"1";"2";"1";""
"202400022791";"155 741 656";"B01";"3";"10";"0";"0";"4";"26";"1";""
"202400022792";"155 741 653";"A01";"2";"7";"0";"2";"1";"1";"1";""
"202400022792";"155 741 654";"B01";"1";"7";"0";"2";"5";"15";"1";""
"202400022793";"155 741 651";"A01";"3";"1";"0";"2";"0";"0";"5";""
"202400022793";"155 741 652";"B01";"3";"50";"0";"2";"0";"0";"3";""
"202400022794";"155 741 649";"A01";"3";"3";"0";"2";"2";"2";"1";""
"202400022794";"155 741 650";"B01";"3";"1";"0";"2";"4";"2";"5";""
"202400022795";"155 741 647";"A01";"1";"7";"0";"1";"1";"1";"1";""
"202400022796";"155 741 645";"A01";"1";"7";"0";"2";"1";"1";"1";""
"202400022796";"155 741 646";"B01";"1";"7";"0";"2";"4";"1";"1";""
"202400022797";"155 741 644";"A01";"1";"7";"0";"1";"1";"1";"1";""
"202400022798";"155 741 642";"A01";"3";"7";"0";"2";"1";"13";"1";""
"202400022798";"155 741 643";"B01";"3";"7";"0";"2";"1";"1";"1";""
"202400022799";"155 741 640";"A01";"1";"7";"6";"2";"1";"9";"1";""
"202400022799";"155 741 641";"B01";"2";"7";"0";"2";"8";"1";"1";""
"202400022800";"155 741 638";"A01";"3";"7";"0";"2";"2";"17";"1";""
"202400022800";"155 741 639";"B01";"3";"7";"0";"2";"6";"1";"1";""
"202400022801";"155 741 636";"A01";"2";"7";"0";"2";"1";"13";"1";""
"202400022801";"155 741 637";"B01";"2";"7";"12";"2";"3";"1";"1";""
"202400022802";"155 741 634";"A01";"1";"7";"0";"2";"3";"1";"1";""
"202400022802";"155 741 635";"B01";"1";"2";"0";"2";"8";"0";"1";""
"202400022803";"155 741 632";"B01";"1";"7";"0";"1";"1";"1";"1";""
"202400022803";"155 741 633";"A01";"1";"7";"0";"2";"1";"1";"1";""
"202400022804";"155 741 630";"B01";"3";"1";"0";"2";"7";"1";"5";""
"202400022804";"155 741 631";"A01";"3";"10";"0";"2";"3";"9";"1";""
"202400022805";"155 741 629";"A01";"2";"30";"0";"0";"8";"16";"3";""
"202400022806";"155 741 627";"A01";"2";"7";"15";"2";"3";"9";"1";""
"202400022806";"155 741 628";"B01";"2";"7";"15";"2";"2";"1";"1";""
"202400022807";"155 741 625";"B01";"1";"33";"0";"2";"8";"1";"1";""
"202400022807";"155 741 626";"A01";"1";"7";"0";"2";"7";"9";"1";""
"202400022808";"155 741 624";"A01";"2";"10";"0";"1";"1";"1";"1";""
"202400022809";"155 741 623";"A01";"1";"10";"0";"1";"4";"4";"1";""
"202400022810";"155 741 621";"B01";"3";"7";"0";"2";"6";"26";"1";""
"202400022810";"155 741 622";"A01";"3";"7";"0";"2";"1";"26";"1";""
"202400022811";"155 741 618";"A01";"3";"43";"0";"2";"2";"2";"1";""
"202400022811";"155 741 619";"B01";"1";"7";"0";"2";"3";"2";"1";""
"202400022812";"155 741 617";"A01";"3";"30";"0";"0";"7";"1";"1";""
"202400022813";"155 741 616";"A01";"2";"7";"6";"0";"1";"14";"1";""
"202400022814";"155 741 614";"B01";"1";"43";"0";"2";"1";"1";"1";""
"202400022814";"155 741 615";"A01";"3";"7";"0";"2";"5";"9";"1";""
"202400022815";"155 741 613";"A01";"2";"7";"10";"0";"1";"14";"1";""
"202400022816";"155 741 611";"A01";"2";"7";"0";"2";"1";"13";"1";""
"202400022816";"155 741 612";"B01";"1";"7";"0";"2";"1";"1";"1";""
"202400022817";"155 741 610";"A01";"1";"33";"0";"1";"1";"1";"1";""
"202400022818";"155 741 608";"A01";"1";"7";"0";"2";"2";"1";"1";""
"202400022818";"155 741 609";"B01";"1";"7";"0";"2";"8";"15";"1";""
"202400022819";"155 741 606";"A01";"1";"7";"0";"2";"7";"17";"1";""
"202400022819";"155 741 607";"B01";"1";"50";"0";"2";"8";"2";"3";""
"202400022820";"155 741 604";"A01";"1";"7";"0";"2";"3";"13";"1";""
"202400022820";"155 741 605";"B01";"2";"7";"0";"2";"3";"1";"1";""
"202400022821";"155 741 602";"B01";"2";"34";"0";"2";"1";"1";"1";""
"202400022821";"155 741 603";"A01";"1";"7";"0";"2";"2";"15";"1";""
"202400022822";"155 741 600";"A01";"1";"33";"1";"2";"9";"2";"1";""
"202400022822";"155 741 601";"B01";"1";"7";"0";"2";"7";"2";"1";""
"202400022823";"155 741 598";"A01";"3";"33";"0";"2";"1";"1";"1";""
"202400022823";"155 741 599";"B01";"3";"7";"0";"2";"5";"1";"2";""
"202400022824";"155 741 593";"A01";"2";"7";"0";"1";"2";"1";"1";""
"202400022825";"155 741 590";"A01";"2";"7";"0";"2";"4";"23";"0";""
"202400022825";"155 741 591";"B01";"2";"7";"0";"2";"4";"23";"0";""
"202400022825";"155 741 592";"C01";"2";"7";"0";"2";"1";"0";"1";""
"202400022826";"155 741 589";"A01";"1";"7";"0";"0";"3";"1";"1";""
"202400022827";"155 741 587";"B01";"3";"1";"0";"2";"1";"9";"5";""
"202400022827";"155 741 588";"A01";"1";"50";"0";"2";"1";"5";"3";""
"202400022828";"155 741 585";"B01";"3";"50";"0";"2";"1";"1";"3";""
"202400022828";"155 741 586";"A01";"1";"7";"0";"2";"3";"9";"1";""
"202400022829";"155 741 584";"A01";"1";"1";"8";"0";"1";"1";"5";""
"202400022830";"155 741 583";"A01";"1";"33";"0";"1";"1";"1";"1";""
"202400022831";"155 741 581";"A01";"3";"7";"0";"2";"1";"5";"1";""
"202400022831";"155 741 582";"B01";"3";"7";"0";"2";"0";"0";"1";""
"202400022832";"155 741 579";"A01";"1";"33";"0";"2";"7";"17";"1";""
"202400022832";"155 741 580";"B01";"1";"7";"0";"2";"8";"15";"1";""
"202400022833";"155 741 578";"Z01";"2";"7";"0";"1";"1";"1";"0";""
"202400022834";"155 741 576";"A01";"1";"7";"0";"2";"6";"15";"1";""
"202400022834";"155 741 577";"B01";"2";"7";"2";"2";"1";"1";"1";""
"202400022835";"155 741 573";"A01";"1";"7";"0";"2";"1";"2";"1";""
"202400022835";"155 741 574";"B01";"1";"7";"0";"2";"4";"2";"1";""
"202400022835";"155 741 575";"C01";"1";"7";"0";"2";"4";"2";"2";""
"202400022836";"155 741 571";"B01";"0";"50";"0";"2";"7";"1";"3";""
"202400022836";"155 741 572";"A01";"0";"7";"0";"2";"1";"1";"1";""
"202400022837";"155 741 570";"Z01";"1";"7";"0";"1";"0";"26";"0";""
"202400022838";"155 741 568";"A01";"0";"7";"0";"2";"8";"6";"1";""
"202400022838";"155 741 569";"B01";"3";"7";"0";"2";"1";"7";"3";""
"202400022839";"155 741 566";"B01";"3";"31";"0";"2";"8";"1";"1";""
"202400022839";"155 741 567";"A01";"3";"7";"0";"2";"8";"15";"1";""
"202400022840";"155 741 564";"A01";"3";"7";"0";"2";"2";"16";"0";""
"202400022840";"155 741 565";"B01";"3";"50";"0";"2";"1";"15";"3";""
"202400022841";"155 741 562";"B01";"1";"7";"0";"2";"3";"1";"1";""
"202400022841";"155 741 563";"A01";"2";"7";"0";"2";"3";"13";"1";""
"202400022842";"155 741 560";"B01";"1";"7";"0";"2";"4";"1";"1";""
"202400022842";"155 741 561";"A01";"1";"10";"0";"2";"1";"1";"1";""
"202400022843";"155 741 558";"A01";"1";"7";"0";"2";"3";"15";"1";""