"Num_Acc";"id_vehicule";"num_veh";"senc";"catv";"obs";"obsm";"choc";"manv";"motor";"occutc"
"202400023045";"155 741 200";"B01";"3";"7";"0";"2";"5";"9";"1";""
"202400023046";"155 741 197";"A01";"3";"7";"0";"2";"7";"12";"1";""
"202400023046";"155 741 198";"B01";"3";"1";"0";"2";"3";"0";"5";""
"202400023047";"155 741 195";"A01";"1";"7";"8";"0";"1";"1";"1";""
"202400023048";"155 741 196";"A01";"1";"33";"6";"0";"3";"13";"1";""
"202400023049";"155 741 190";"A01";"2";"7";"0";"2";"8";"22";"3";""
"202400023049";"155 741 193";"B01";"3";"1";"1";"0";"1";"1";"5";""
"202400023050";"155 741 189";"A01";"1";"7";"0";"2";"1";"5";"1";""
"202400023050";"155 741 192";"B01";"2";"7";"0";"2";"1";"1";"1";""
"202400023050";"155 741 194";"C01";"2";"7";"0";"2";"3";"1";"1";""
"202400023051";"155 741 188";"A01";"1";"7";"0";"2";"3";"0";"3";""
"202400023051";"155 741 191";"B01";"2";"34";"0";"2";"3";"13";"1";""
"202400023052";"155 741 183";"B01";"1";"10";"0";"0";"5";"1";"1";""
"202400023052";"155 741 186";"A01";"1";"32";"0";"2";"1";"2";"1";""
"202400023053";"155 741 181";"B01";"1";"7";"0";"2";"3";"1";"1";""
"202400023053";"155 741 182";"C01";"2";"31";"0";"2";"7";"1";"1";""
"202400023053";"155 741 184";"A01";"2";"7";"0";"2";"3";"13";"1";""
"202400023054";"155 741 180";"A01";"3";"7";"0";"1";"2";"1";"1";""
"202400023055";"155 741 178";"A01";"1";"33";"3";"0";"1";"0";"1";""
"202400023056";"155 741 177";"B01";"2";"17";"0";"2";"3";"1";"1";""
"202400023056";"155 741 179";"A01";"2";"7";"3";"2";"2";"14";"2";""
"202400023057";"155 741 176";"A01";"1";"7";"0";"0";"9";"17";"1";""
"202400023058";"155 741 171";"A01";"2";"7";"0";"2";"2";"16";"1";""
"202400023058";"155 741 174";"B01";"1";"80";"0";"2";"1";"21";"3";""
"202400023059";"155 741 172";"A01";"1";"31";"8";"0";"1";"0";"1";""
"202400023060";"155 741 169";"A01";"1";"7";"0";"0";"4";"1";"1";""
"202400023060";"155 741 170";"B01";"1";"7";"0";"2";"1";"2";"1";""
"202400023060";"155 741 173";"C01";"1";"7";"0";"2";"1";"2";"1";""
"202400023060";"155 741 175";"D01";"1";"7";"0";"2";"1";"2";"2";""
"202400023061";"155 741 164";"A01";"1";"10";"0";"2";"7";"15";"1";""
"202400023061";"155 741 167";"B01";"2";"2";"0";"2";"1";"1";"1";""
"202400023062";"155 741 165";"B01";"3";"33";"0";"2";"1";"1";"1";""
"202400023062";"155 741 168";"A01";"0";"10";"0";"2";"5";"4";"1";""
"202400023063";"155 741 163";"A01";"3";"7";"0";"2";"1";"15";"1";""
"202400023063";"155 741 166";"B01";"3";"7";"0";"2";"2";"1";"1";""
"202400023064";"155 741 162";"A01";"2";"7";"8";"0";"2";"9";"1";""
"202400023065";"155 741 157";"A01";"1";"7";"0";"2";"1";"2";"1";""
"202400023065";"155 741 160";"B01";"1";"7";"0";"2";"4";"1";"0";""
"202400023066";"155 741 156";"A01";"2";"7";"0";"2";"1";"1";"1";""
"202400023066";"155 741 159";"B01";"1";"50";"0";"0";"4";"14";"3";""
"202400023067";"155 741 155";"A01";"1";"7";"0";"2";"4";"15";"1";""
"202400023067";"155 741 158";"B01";"1";"7";"0";"2";"1";"2";"1";""
"202400023067";"155 741 161";"C01";"2";"7";"8";"2";"3";"1";"1";""
"202400023068";"155 741 152";"A01";"2";"7";"0";"2";"3";"2";"1";""
"202400023068";"155 741 153";"B01";"2";"7";"0";"2";"5";"2";"1";""
"202400023069";"155 741 151";"B01";"3";"50";"0";"2";"7";"1";"3";""
"202400023069";"155 741 154";"A01";"2";"7";"0";"2";"3";"9";"1";""
"202400023070";"155 741 150";"A01";"1";"7";"0";"1";"1";"1";"1";""
"202400023071";"155 741 148";"A01";"2";"1";"0";"2";"7";"19";"5";""
"202400023071";"155 741 149";"B01";"2";"7";"0";"2";"1";"16";"1";""
"202400023072";"155 741 147";"A01";"3";"7";"0";"1";"4";"20";"1";""
"202400023073";"155 741 145";"A01";"1";"7";"3";"0";"9";"1";"3";""
"202400023074";"155 741 144";"A01";"1";"7";"0";"2";"1";"13";"1";""
"202400023074";"155 741 146";"B01";"2";"7";"0";"0";"1";"1";"1";""
"202400023075";"155 741 141";"B01";"1";"7";"0";"2";"1";"15";"1";""
"202400023075";"155 741 143";"A01";"1";"50";"0";"2";"1";"25";"3";""
"202400023076";"155 741 137";"A01";"2";"7";"0";"2";"5";"2";"1";""
"202400023076";"155 741 139";"B01";"2";"1";"0";"2";"4";"2";"5";""
"202400023076";"155 741 142";"C01";"2";"1";"0";"2";"4";"2";"5";""
"202400023077";"155 741 138";"A01";"3";"7";"0";"2";"2";"1";"1";""
"202400023077";"155 741 140";"B01";"3";"7";"0";"2";"7";"15";"1";""
"202400023078";"155 741 135";"A01";"3";"50";"0";"2";"4";"11";"3";""
"202400023078";"155 741 136";"B01";"3";"7";"0";"2";"1";"1";"2";""
"202400023079";"155 741 130";"B01";"1";"7";"0";"2";"1";"5";"0";""
"202400023079";"155 741 133";"A01";"2";"7";"0";"2";"1";"1";"1";""
"202400023080";"155 741 129";"A01";"2";"1";"0";"0";"0";"0";"5";""
"202400023081";"155 741 128";"B01";"2";"7";"0";"2";"3";"15";"1";""
"202400023081";"155 741 131";"A01";"1";"3";"0";"2";"2";"1";"3";""
"202400023082";"155 741 127";"A01";"3";"36";"6";"0";"8";"1";"1";""
"202400023083";"155 741 124";"A01";"2";"7";"16";"0";"9";"1";"1";""
"202400023084";"155 741 123";"A01";"1";"7";"0";"2";"3";"17";"3";""
"202400023084";"155 741 125";"B01";"2";"7";"13";"2";"1";"1";"1";""
"202400023084";"155 741 126";"C01";"1";"7";"0";"2";"6";"1";"1";""
"202400023085";"155 741 122";"A01";"3";"7";"1";"0";"4";"23";"1";""
"202400023086";"155 741 118";"B01";"2";"21";"0";"2";"8";"1";"1";""
"202400023086";"155 741 121";"A01";"1";"31";"0";"2";"1";"1";"1";""
"202400023087";"155 741 116";"A01";"3";"7";"0";"2";"4";"2";"1";""
"202400023087";"155 741 117";"B01";"3";"7";"0";"2";"1";"1";"1";""
"202400023087";"155 741 120";"C01";"3";"7";"0";"2";"6";"1";"1";""
"202400023088";"155 741 115";"A01";"2";"33";"6";"0";"1";"1";"1";""
"202400023089";"155 741 114";"A01";"1";"7";"12";"0";"1";"26";"1";""
"202400023090";"155 741 111";"A01";"0";"1";"0";"2";"1";"1";"5";""
"202400023090";"155 741 113";"B01";"3";"10";"0";"9";"8";"1";"1";""
"202400023091";"155 741 110";"A01";"3";"7";"0";"1";"4";"4";"1";""
"202400023092";"155 741 109";"A01";"2";"10";"0";"2";"1";"12";"1";""
"202400023092";"155 741 112";"B01";"2";"7";"0";"2";"0";"1";"1";""
"202400023093";"155 741 108";"A01";"0";"7";"4";"0";"1";"0";"1";""
"202400023094";"155 741 104";"A01";"1";"7";"0";"2";"1";"2";"1";""
"202400023094";"155 741 106";"B01";"1";"7";"0";"2";"4";"1";"1";""
"202400023095";"155 741 105";"B01";"2";"1";"0";"0";"4";"15";"5";""
"202400023095";"155 741 107";"A01";"2";"2";"15";"2";"2";"17";"1";""
"202400023096";"155 741 100";"B01";"1";"10";"0";"2";"1";"2";"1";""
"202400023096";"155 741 103";"A01";"1";"10";"0";"1";"1";"1";"1";""
"202400023097";"155 741 099";"A01";"2";"10";"0";"2";"1";"15";"1";""
"202400023097";"155 741 101";"B01";"1";"33";"0";"2";"1";"1";"1";""
"202400023098";"155 741 096";"C01";"1";"7";"0";"2";"4";"2";"1";""
"202400023098";"155 741 097";"A01";"1";"7";"0";"2";"1";"17";"1";""
"202400023098";"155 741 098";"B01";"1";"7";"0";"2";"8";"13";"1";""
"202400023098";"155 741 102";"D01";"1";"7";"0";"2";"4";"2";"1";""
"202400023099";"155 741 095";"A01";"3";"50";"0";"0";"0";"16";"3";""
"202400023100";"155 741 091";"A01";"2";"7";"0";"2";"7";"2";"1";""
"202400023100";"155 741 094";"B01";"2";"1";"0";"2";"8";"2";"5";""
"202400023101";"155 741 089";"A01";"2";"7";"0";"2";"1";"2";"1";""
"202400023101";"155 741 092";"B01";"2";"2";"0";"2";"4";"2";"1";""
"202400023102";"155 741 088";"B01";"2";"7";"0";"2";"4";"2";"1";""
"202400023102";"155 741 090";"C01";"2";"7";"0";"2";"4";"1";"1";""
"202400023102";"155 741 093";"A01";"2";"7";"0";"2";"4";"2";"1";""
"202400023103";"155 741 087";"A01";"1";"33";"0";"0";"7";"1";"1";""
"202400023104";"155 741 084";"A01";"2";"15";"0";"2";"6";"0";"1";""
"202400023104";"155 741 086";"B01";"2";"15";"0";"2";"2";"2";"1";""
"202400023105";"155 741 083";"A01";"2";"7";"0";"2";"5";"19";"1";""
"202400023105";"155 741 085";"B01";"1";"43";"0";"2";"1";"19";"1";""
"202400023106";"155 741 082";"A01";"1";"7";"1";"0";"3";"0";"1";""
"202400023107";"155 741 078";"B01";"1";"37";"0";"2";"6";"24";"1";"1"
"202400023107";"155 741 080";"A01";"1";"7";"0";"2";"1";"1";"1";""
"202400023108";"155 741 077";"A01";"2";"7";"0";"2";"1";"1";"1";""
"202400023108";"155 741 079";"B01";"2";"7";"0";"0";"8";"10";"1";""
"202400023109";"155 741 074";"A01";"2";"7";"0";"2";"1";"2";"1";""
"202400023109";"155 741 076";"B01";"2";"7";"0";"2";"4";"2";"1";""
"202400023109";"155 741 081";"C01";"2";"7";"0";"2";"4";"2";"1";""
"202400023110";"155 741 073";"A01";"2";"7";"0";"2";"1";"1";"1";""
"202400023110";"155 741 075";"B01";"2";"10";"0";"2";"4";"16";"0";""
"202400023111";"155 741 071";"B01";"1";"33";"0";"2";"1";"3";"1";""
"202400023111";"155 741 072";"A01";"1";"7";"0";"2";"2";"13";"1";""
"202400023112";"155 741 070";"A01";"2";"7";"3";"0";"1";"1";"1";""
"202400023113";"155 741 066";"A01";"1";"7";"0";"2";"3";"2";"1";""
"202400023114";"155 741 065";"A01";"1";"7";"0";"2";"2";"1";"1";""
"202400023114";"155 741 069";"B01";"1";"7";"0";"2";"1";"15";"1";""
"202400023115";"155 741 064";"A01";"1";"10";"0";"2";"4";"1";"1";""
"202400023115";"155 741 067";"B01";"1";"10";"0";"2";"1";"1";"1";""
"202400023115";"155 741 068";"C01";"1";"7";"0";"2";"3";"21";"1";""
"202400023116";"155 741 054";"B01";"1";"7";"0";"9";"2";"1";"1";""
"202400023116";"155 741 056";"C01";"1";"33";"0";"2";"9";"3";"1";""
"202400023116";"155 741 058";"F01";"1";"7";"0";"9";"3";"1";"1";""
"202400023116";"155 741 061";"D01";"1";"7";"0";"2";"5";"1";"1";""
"202400023116";"155 741 062";"E01";"1";"7";"0";"9";"3";"1";"1";""
"202400023116";"155 741 063";"A01";"1";"34";"0";"2";"2";"3";"1";""
"202400023117";"155 741 055";"C01";"1";"7";"0";"0";"4";"1";"1";""
"202400023117";"155 741 057";"A01";"1";"10";"0";"2";"1";"2";"1";""
"202400023117";"155 741 060";"B01";"1";"10";"0";"2";"4";"1";"1";""
"202400023118";"155 741 059";"A01";"3";"10";"0";"1";"1";"15";"1";""
"202400023119";"155 741 052";"A01";"1";"7";"4";"0";"3";"1";"1";""
"202400023120";"155 741 051";"A01";"1";"7";"0";"2";"6";"2";"1";""
"202400023120";"155 741 053";"Z01";"1";"30";"0";"2";"1";"2";"0";""
"202400023121";"155 741 046";"A01";"1";"10";"0";"2";"4";"26";"1";""
"202400023121";"155 741 048";"Z01";"1";"2";"0";"2";"4";"26";"1";""
"202400023122";"155 741 049";"A01";"3";"7";"2";"0";"3";"14";"1";""
"202400023123";"155 741 045";"A01";"1";"7";"0";"2";"4";"1";"1";""
"202400023123";"155 741 047";"B01";"1";"7";"0";"2";"4";"2";"1";""
"202400023123";"155 741 050";"C01";"1";"7";"0";"2";"1";"2";"1";""
"202400023124";"155 741 044";"A01";"3";"7";"8";"0";"4";"26";"1";""
"202400023125";"155 741 037";"B01";"2";"33";"0";"2";"0";"0";"1";""
"202400023125";"155 741 039";"C01";"1";"7";"0";"2";"0";"0";"1";""
"202400023125";"155 741 041";"A01";"1";"7";"0";"2";"3";"13";"1";""
"202400023126";"155 741 038";"A01";"3";"7";"0";"2";"4";"23";"1";""
"202400023126";"155 741 043";"B01";"3";"50";"0";"2";"1";"2";"3";""
"202400023127";"155 741 033";"A01";"1";"7";"0";"2";"1";"2";"2";""
"202400023127";"155 741 035";"B01";"1";"7";"0";"2";"4";"2";"1";""
"202400023127";"155 741 036";"C01";"1";"7";"0";"2";"4";"2";"1";""
"202400023127";"155 741 040";"D01";"1";"7";"0";"2";"4";"2";"1";""
"202400023127";"155 741 042";"E01";"1";"7";"0";"2";"4";"2";"1";""
"202400023128";"155 741 032";"B01";"1";"30";"0";"2";"7";"0";"1";""
"202400023128";"155 741 034";"A01";"2";"7";"0";"2";"1";"15";"1";""
"202400023129";"155 741 029";"A01";"3";"7";"0";"2";"1";"17";"1";""
"202400023129";"155 741 031";"B01";"3";"7";"0";"2";"1";"1";"1";""
"202400023130";"155 741 025";"A01";"3";"10";"0";"2";"2";"1";"1";""
"202400023130";"155 741 027";"B01";"3";"10";"0";"2";"3";"16";"1";""
"202400023131";"155 741 020";"A01";"2";"7";"0";"2";"1";"13";"1";""
"202400023131";"155 741 023";"B01";"1";"7";"0";"2";"3";"1";"1";""
"202400023131";"155 741 026";"C01";"1";"7";"0";"2";"8";"1";"1";""
"202400023131";"155 741 028";"D01";"1";"7";"0";"2";"8";"1";"2";""
"202400023131";"155 741 030";"E01";"1";"7";"0";"2";"3";"1";"1";""
"202400023132";"155 741 018";"A01";"1";"7";"4";"0";"0";"0";"1";""
"202400023132";"155 741 019";"Z01";"1";"7";"0";"0";"0";"18";"1";""
"202400023133";"155 741 016";"A01";"3";"7";"0";"2";"1";"2";"1";""
"202400023133";"155 741 017";"B01";"3";"7";"0";"2";"4";"2";"1";""
"202400023134";"155 741 014";"A01";"1";"7";"0";"2";"1";"1";"1";""
"202400023134";"155 741 015";"B01";"1";"1";"0";"2";"0";"0";"5";""
"202400023135";"155 741 021";"C01";"3";"7";"0";"2";"4";"2";"1";""
"202400023135";"155 741 022";"A01";"3";"10";"0";"2";"1";"2";"1";""
"202400023135";"155 741 024";"B01";"3";"7";"0";"2";"4";"2";"1";""
"202400023136";"155 741 008";"A01";"2";"30";"0";"0";"8";"1";"1";""
"202400023137";"155 741 009";"B01";"2";"7";"0";"2";"4";"0";"1";""
"202400023137";"155 741 011";"C01";"2";"7";"0";"2";"7";"1";"1";""
"202400023137";"155 741 013";"A01";"2";"33";"0";"2";"4";"1";"1";""
"202400023138";"155 741 007";"A01";"1";"7";"15";"0";"9";"14";"1";""
"202400023139";"155 741 005";"B01";"1";"7";"0";"2";"2";"1";"1";""
"202400023139";"155 741 006";"A01";"2";"7";"0";"2";"5";"15";"1";""
"202400023140";"155 741 001";"A01";"3";"7";"0";"2";"1";"1";"1";""
"202400023140";"155 741 003";"B01";"3";"7";"0";"2";"8";"10";"1";""
"202400023141";"155 741 000";"A01";"1";"10";"0";"2";"1";"14";"1";""
"202400023141";"155 741 002";"B01";"1";"15";"0";"2";"2";"1";"1";""
"202400023141";"155 741 004";"C01";"1";"7";"0";"2";"9";"1";"1";""
"202400023142";"155 740 999";"A01";"1";"33";"0";"0";"0";"1";"1";""
"202400023143";"155 740 997";"A01";"1";"30";"0";"2";"3";"16";"1";""
"202400023143";"155 740 998";"B01";"1";"7";"0";"2";"7";"16";"1";""
"202400023144";"155 740 996";"A01";"2";"7";"4";"0";"3";"21";"1";""
"202400023145";"155 740 994";"B01";"1";"7";"0";"2";"4";"1";"1";""
"202400023145";"155 740 995";"A01";"1";"1";"0";"2";"1";"1";"5";""
"202400023146";"155 740 991";"A01";"1";"17";"0";"2";"2";"12";"1";""
"202400023146";"155 740 993";"B01";"1";"7";"0";"2";"6";"1";"1";""
"202400023147";"155 740 990";"B01";"3";"7";"0";"2";"8";"15";"1";""
"202400023147";"155 740 992";"A01";"3";"33";"1";"2";"2";"17";"1";""
"202400023148";"155 740 987";"A01";"2";"7";"0";"2";"1";"2";"1";""
"202400023148";"155 740 989";"B01";"2";"7";"0";"2";"4";"2";"1";""
"202400023149";"155 740 988";"A01";"1";"7";"0";"1";"3";"19";"1";""
"202400023150";"155 740 985";"B01";"1";"7";"0";"2";"4";"1";"1";""
"202400023150";"155 740 986";"A01";"1";"10";"0";"2";"1";"1";"1";""
"202400023151";"155 740 982";"A01";"2";"7";"0";"1";"2";"2";"1";""
"202400023152";"155 740 981";"A01";"2";"7";"0";"2";"3";"13";"3";""
"202400023152";"155 740 983";"B01";"2";"7";"0";"2";"4";"1";"1";""
"202400023152";"155 740 984";"Z01";"2";"7";"0";"2";"2";"3";"1";""
"202400023153";"155 740 979";"A01";"0";"16";"4";"0";"2";"14";"1";""
"202400023154";"155 740 980";"A01";"2";"7";"1";"0";"3";"1";"1";""
"202400023155";"155 740 977";"A01";"2";"32";"0";"2";"4";"2";"1";""
"202400023155";"155 740 978";"B01";"2";"34";"0";"2";"1";"2";"1";""
"202400023156";"155 740 970";"B01";"1";"7";"0";"2";"3";"21";"2";""
"202400023156";"155 740 972";"C01";"1";"7";"0";"2";"8";"1";"1";""
"202400023156";"155 740 975";"D01";"1";"7";"0";"9";"3";"1";"1";""
"202400023156";"155 740 976";"A01";"2";"7";"0";"2";"1";"5";"1";""
"202400023157";"155 740 971";"A01";"1";"7";"0";"2";"1";"9";"1";""
"202400023157";"155 740 974";"B01";"1";"13";"0";"2";"2";"1";"1";""
"202400023158";"155 740 969";"A01";"2";"10";"0";"2";"5";"15";"1";""
"202400023158";"155 740 973";"B01";"1";"32";"0";"2";"1";"1";"1";""
"202400023159";"155 740 966";"B01";"2";"30";"0";"2";"1";"17";"1";""
"202400023159";"155 740 968";"A01";"1";"7";"0";"2";"8";"15";"1";""
"202400023160";"155 740 964";"C01";"1";"7";"0";"2";"4";"1";"1";""
"202400023160";"155 740 965";"B01";"1";"7";"0";"2";"4";"1";"1";""
"202400023160";"155 740 967";"A01";"1";"50";"0";"2";"1";"1";"3";""
"202400023161";"155 740 963";"A01";"3";"7";"0";"1";"4";"24";"1";""
"202400023162";"155 740 961";"A01";"1";"7";"0";"2";"1";"2";"0";""
"202400023162";"155 740 962";"B01";"1";"7";"0";"2";"4";"23";"0";""
"202400023163";"155 740 959";"A01";"2";"33";"0";"1";"1";"1";"1";""
"202400023164";"155 740 958";"B01";"2";"7";"0";"2";"4";"2";"1";""
"202400023164";"155 740 960";"A01";"2";"10";"0";"2";"1";"2";"3";""
"202400023165";"155 740 957";"A01";"2";"7";"0";"1";"0";"1";"1";""
"202400023166";"155 740 955";"A01";"2";"7";"0";"1";"1";"1";"1";""
"202400023167";"155 740 954";"B01";"2";"32";"0";"2";"8";"11";"1";""
"202400023167";"155 740 956";"A01";"2";"32";"0";"2";"1";"3";"1";""
"202400023168";"155 740 952";"B01";"2";"10";"0";"2";"3";"1";"1";""
"202400023168";"155 740 953";"A01";"1";"7";"0";"2";"3";"5";"1";""
"202400023169";"155 740 949";"A01";"0";"7";"0";"9";"1";"15";"1";""
"202400023169";"155 740 951";"B01";"0";"1";"0";"2";"8";"1";"5";""
"202400023170";"155 740 947";"A01";"1";"10";"0";"2";"2";"9";"1";""
"202400023170";"155 740 948";"B01";"2";"50";"0";"2";"1";"1";"3";""
"202400023171";"155 740 944";"A01";"2";"7";"0";"2";"1";"2";"1";""
"202400023171";"155 740 946";"B01";"2";"7";"0";"2";"4";"1";"1";""
"202400023171";"155 740 950";"C01";"2";"7";"0";"2";"4";"2";"1";""
"202400023172";"155 740 942";"B01";"0";"1";"0";"2";"1";"1";"5";""
"202400023172";"155 740 945";"A01";"0";"7";"0";"9";"2";"15";"1";""
"202400023173";"155 740 939";"A01";"1";"7";"8";"2";"1";"5";"1";""
"202400023173";"155 740 943";"B01";"2";"7";"0";"2";"3";"23";"1";""
"202400023174";"155 740 938";"A01";"1";"1";"0";"2";"2";"16";"5";""
"202400023174";"155 740 941";"B01";"1";"7";"0";"9";"1";"9";"1";""
"202400023175";"155 740 937";"B01";"2";"33";"0";"2";"7";"1";"1";""
"202400023175";"155 740 940";"A01";"1";"7";"0";"2";"1";"15";"1";""
"202400023176";"155 740 934";"B01";"2";"10";"0";"2";"6";"21";"1";""
"202400023176";"155 740 935";"C01";"2";"7";"0";"2";"3";"21";"1";""
"202400023176";"155 740 936";"A01";"2";"7";"0";"2";"3";"13";"1";""
"202400023177";"155 740 932";"A01";"1";"7";"0";"1";"1";"1";"1";""
"202400023178";"155 740 933";"A01";"3";"10";"0";"1";"3";"1";"1";""
"202400023179";"155 740 928";"B01";"2";"2";"0";"2";"1";"1";"1";""
"202400023179";"155 740 931";"A01";"2";"7";"0";"2";"1";"15";"1";""
"202400023180";"155 740 929";"A01";"1";"33";"0";"2";"1";"1";"1";""
"202400023180";"155 740 930";"B01";"1";"7";"0";"2";"4";"14";"1";""
"202400023181";"155 740 927";"A01";"1";"10";"0";"1";"1";"1";"0";""
"202400023182";"155 740 925";"B01";"3";"80";"0";"2";"3";"1";"3";""
"202400023182";"155 740 926";"A01";"3";"7";"0";"2";"2";"26";"1";""
"202400023183";"155 740 924";"A01";"3";"7";"0";"1";"2";"1";"1";""
"202400023184";"155 740 922";"A01";"3";"33";"0";"0";"8";"9";"1";""
"202400023185";"155 740 919";"B01";"1";"50";"0";"2";"1";"1";"3";""
"202400023185";"155 740 920";"A01";"2";"7";"0";"2";"1";"15";"1";""
"202400023186";"155 740 921";"A01";"2";"7";"0";"2";"1";"1";"1";""
"202400023186";"155 740 923";"B01";"2";"7";"0";"2";"7";"1";"1";""
"202400023187";"155 740 917";"B01";"0";"7";"0";"2";"3";"15";"1";""
"202400023187";"155 740 918";"A01";"0";"30";"0";"2";"2";"17";"1";""
"202400023188";"155 740 915";"A01";"3";"7";"0";"2";"1";"9";"1";""
"202400023188";"155 740 916";"B01";"3";"1";"0";"2";"7";"1";"5";""
"202400023189";"155 740 914";"A01";"3";"33";"9";"0";"1";"15";"1";""
"202400023190";"155 740 912";"A01";"1";"10";"0";"2";"1";"0";"1";""
"202400023190";"155 740 913";"B01";"2";"7";"0";"2";"1";"0";"1";""
"202400023191";"155 740 911";"A01";"1";"7";"6";"0";"0";"13";"1";""
"202400023192";"155 740 908";"B01";"3";"2";"0";"2";"1";"26";"1";""
"202400023192";"155 740 910";"A01";"1";"7";"0";"2";"2";"21";"1";""
"202400023193";"155 740 907";"A01";"3";"7";"0";"2";"6";"4";"1";""
"202400023193";"155 740 909";"B01";"3";"1";"0";"2";"0";"1";"5";""
"202400023194";"155 740 905";"A01";"3";"7";"0";"1";"7";"1";"1";""
"202400023195";"155 740 904";"A01";"3";"7";"0";"2";"1";"2";"1";""
"202400023195";"155 740 906";"B01";"3";"1";"0";"2";"4";"0";"5";""
"202400023196";"155 740 903";"A01";"1";"30";"0";"2";"0";"1";"1";""
"202400023197";"155 740 901";"A01";"2";"33";"0";"2";"0";"0";"1";""
"202400023197";"155 740 902";"B01";"1";"7";"0";"0";"0";"0";"1";""
"202400023198";"155 740 899";"A01";"1";"7";"0";"2";"1";"2";"1";""
"202400023198";"155 740 900";"B01";"1";"3";"0";"0";"4";"2";"1";""
"202400023199";"155 740 897";"A01";"3";"31";"0";"2";"6";"18";"1";""
"202400023199";"155 740 898";"B01";"3";"7";"0";"2";"5";"15";"1";""
"202400023200";"155 740 896";"A01";"3";"7";"15";"0";"1";"14";"1";""
"202400023201";"155 740 895";"A01";"1";"10";"0";"1";"1";"2";"1";""
"202400023202";"155 740 892";"A01";"1";"32";"0";"9";"8";"1";"3";""
"202400023202";"155 740 894";"Z01";"3";"1";"0";"0";"1";"19";"5";""
"202400023203";"155 740 891";"Z01";"1";"7";"0";"2";"5";"12";"0";""
"202400023203";"155 740 893";"A01";"1";"33";"0";"2";"3";"3";"1";""
"202400023204";"155 740 889";"A01";"1";"1";"0";"0";"3";"13";"5";""
"202400023204";"155 740 890";"B01";"1";"7";"0";"0";"3";"13";"2";""
"202400023205";"155 740 888";"A01";"2";"34";"0";"0";"1";"1";"1";""
"202400023206";"155 740 886";"A01";"1";"10";"0";"1";"2";"1";"1";""
"202400023207";"155 740 885";"A01";"1";"34";"0";"2";"5";"1";"1";""
"202400023207";"155 740 887";"B01";"1";"7";"0";"2";"5";"1";"2";""
"202400023208";"155 740 884";"A01";"1";"7";"9";"0";"1";"1";"1";""
"202400023209";"155 740 881";"A01";"1";"7";"0";"2";"1";"0";"1";""
"202400023209";"155 740 882";"B01";"1";"7";"0";"2";"1";"0";"1";""
"202400023210";"155 740 880";"A01";"3";"7";"0";"2";"2";"10";"1";""
"202400023210";"155 740 883";"B01";"3";"31";"0";"2";"8";"1";"1";""
"202400023211";"155 740 879";"A01";"0";"33";"12";"0";"1";"26";"1";""
"202400023212";"155 740 876";"A01";"1";"50";"0";"2";"7";"1";"3";""
"202400023212";"155 740 878";"B01";"1";"7";"0";"2";"1";"1";"1";""
"202400023213";"155 740 875";"B01";"0";"80";"0";"2";"8";"1";"3";""
"202400023213";"155 740 877";"A01";"0";"7";"0";"2";"2";"16";"1";""
"202400023214";"155 740 871";"A01";"0";"7";"0";"2";"1";"9";"1";""
"202400023214";"155 740 874";"B01";"0";"10";"0";"2";"7";"1";"1";""
"202400023215";"155 740 872";"B01";"1";"2";"0";"2";"8";"1";"1";""
"202400023215";"155 740 873";"Z01";"0";"10";"0";"2";"1";"16";"1";""
"202400023216";"155 740 868";"A01";"3";"7";"0";"2";"1";"1";"1";""
"202400023216";"155 740 870";"B01";"3";"7";"0";"2";"4";"23";"1";""
"202400023217";"155 740 867";"A01";"2";"1";"0";"2";"1";"13";"5";""
"202400023217";"155 740 869";"B01";"1";"1";"0";"2";"1";"1";"5";""
"202400023218";"155 740 864";"A01";"3";"7";"0";"2";"5";"1";"1";""
"202400023218";"155 740 866";"B01";"3";"33";"0";"2";"0";"0";"1";""
"202400023219";"155 740 863";"A01";"0";"1";"0";"2";"1";"1";"5";""
"202400023219";"155 740 865";"B01";"0";"50";"0";"2";"8";"19";"3";""
"202400023220";"155 740 861";"A01";"2";"2";"0";"1";"1";"21";"3";""
"202400023221";"155 740 860";"B01";"2";"7";"0";"2";"1";"1";"1";""
"202400023221";"155 740 862";"A01";"1";"7";"0";"2";"8";"13";"1";""
"202400023222";"155 740 857";"A01";"1";"10";"0";"2";"8";"15";"1";""
"202400023222";"155 740 859";"B01";"1";"32";"0";"2";"1";"17";"1";""
"202400023223";"155 740 856";"B01";"3";"7";"0";"2";"3";"2";"3";""
"202400023223";"155 740 858";"A01";"1";"7";"0";"2";"2";"15";"1";""
"202400023224";"155 740 854";"A01";"1";"30";"0";"2";"8";"16";"1";""
"202400023224";"155 740 855";"B01";"1";"10";"0";"2";"2";"14";"1";""
"202400023225";"155 740 852";"Z01";"2";"0";"0";"2";"0";"0";"0";""
"202400023225";"155 740 853";"A01";"1";"10";"0";"2";"7";"0";"1";""
"202400023226";"155 740 851";"Z01";"2";"7";"0";"1";"1";"0";"0";""
"202400023227";"155 740 850";"A01";"1";"10";"0";"1";"3";"15";"1";""
"202400023228";"155 740 848";"B01";"2";"7";"0";"2";"7";"16";"2";""
"202400023228";"155 740 849";"A01";"2";"2";"0";"2";"8";"16";"1";""
"202400023229";"155 740 846";"A01";"3";"7";"0";"2";"1";"1";"1";""
"202400023229";"155 740 847";"B01";"3";"33";"0";"2";"4";"1";"1";""