"Num_Acc";"id_vehicule";"num_veh";"senc";"catv";"obs";"obsm";"choc";"manv";"motor";"occutc"
"202400023230";"155 740 845";"A01";"3";"13";"0";"1";"4";"4";"0";""
"202400023231";"155 740 844";"A01";"2";"7";"0";"1";"1";"1";"0";""
"202400023232";"155 740 843";"A01";"0";"7";"0";"1";"1";"1";"1";""
"202400023233";"155 740 841";"A01";"0";"50";"0";"2";"1";"19";"3";""
"202400023233";"155 740 842";"B01";"0";"7";"0";"2";"7";"16";"1";""
"202400023234";"155 740 839";"A01";"2";"33";"0";"2";"1";"1";"1";""
"202400023234";"155 740 840";"B01";"1";"1";"0";"2";"2";"15";"5";""
"202400023235";"155 740 837";"A01";"1";"10";"0";"2";"6";"11";"1";""
"202400023235";"155 740 838";"B01";"1";"31";"0";"2";"2";"1";"1";""
"202400023236";"155 740 836";"A01";"3";"7";"9";"0";"2";"26";"1";""
"202400023237";"155 740 832";"A01";"2";"1";"0";"2";"1";"21";"5";""
"202400023237";"155 740 834";"B01";"2";"10";"0";"9";"0";"2";"1";""
"202400023238";"155 740 833";"B01";"1";"33";"0";"2";"7";"17";"1";""
"202400023238";"155 740 835";"A01";"1";"13";"0";"2";"8";"15";"0";""
"202400023239";"155 740 830";"A01";"1";"7";"0";"2";"3";"15";"1";""
"202400023239";"155 740 831";"B01";"1";"37";"0";"2";"2";"1";"1";"1"
"202400023240";"155 740 829";"A01";"1";"1";"0";"1";"1";"1";"5";""
"202400023241";"155 740 827";"A01";"2";"10";"0";"1";"4";"20";"1";""
"202400023242";"155 740 826";"Z01";"3";"1";"0";"2";"7";"1";"5";""
"202400023242";"155 740 828";"A01";"3";"7";"0";"9";"1";"1";"1";""
"202400023243";"155 740 823";"A01";"2";"10";"0";"2";"2";"1";"1";""
"202400023243";"155 740 825";"B01";"2";"1";"0";"2";"1";"9";"5";""
"202400023244";"155 740 822";"A01";"1";"34";"0";"2";"8";"2";"0";""
"202400023244";"155 740 824";"B01";"3";"7";"0";"2";"1";"9";"1";""
"202400023245";"155 740 819";"A01";"3";"7";"0";"1";"0";"15";"1";""
"202400023246";"155 740 816";"A01";"3";"7";"0";"0";"1";"19";"0";""
"202400023247";"155 740 813";"A01";"3";"7";"0";"2";"1";"1";"1";""
"202400023247";"155 740 815";"B01";"3";"50";"0";"2";"8";"1";"3";""
"202400023248";"155 740 814";"A01";"1";"7";"0";"1";"3";"1";"1";""
"202400023249";"155 740 812";"A01";"1";"33";"0";"1";"0";"25";"0";""
"202400023250";"155 740 811";"A01";"2";"60";"0";"1";"1";"5";"5";""
"202400023251";"155 740 808";"A01";"1";"7";"0";"9";"2";"15";"2";""
"202400023251";"155 740 810";"B01";"2";"50";"0";"9";"1";"1";"3";""
"202400023252";"155 740 807";"A01";"2";"7";"0";"2";"7";"23";"2";""
"202400023252";"155 740 809";"B01";"2";"1";"9";"2";"3";"1";"5";""
"202400023253";"155 740 804";"A01";"0";"7";"1";"2";"3";"15";"1";""
"202400023253";"155 740 806";"B01";"0";"32";"1";"2";"1";"1";"3";""
"202400023254";"155 740 803";"B01";"2";"43";"0";"2";"1";"1";"1";""
"202400023254";"155 740 805";"A01";"1";"10";"0";"2";"3";"15";"1";""
"202400023255";"155 740 802";"A01";"2";"7";"2";"0";"1";"0";"1";""
"202400023256";"155 740 800";"A01";"1";"1";"0";"2";"1";"1";"5";""
"202400023256";"155 740 801";"B01";"1";"7";"0";"2";"4";"1";"1";""
"202400023257";"155 740 799";"A01";"3";"7";"8";"0";"1";"0";"1";""
"202400023258";"155 740 796";"B01";"1";"33";"0";"2";"4";"2";"1";""
"202400023258";"155 740 798";"A01";"1";"10";"0";"2";"3";"15";"3";""
"202400023259";"155 740 795";"B01";"2";"33";"4";"2";"3";"3";"1";""
"202400023259";"155 740 797";"A01";"2";"7";"0";"0";"5";"2";"3";""
"202400023260";"155 740 794";"A01";"1";"50";"0";"0";"1";"1";"3";""
"202400023261";"155 740 791";"A01";"1";"7";"0";"2";"1";"13";"1";""
"202400023261";"155 740 792";"C01";"2";"10";"0";"2";"1";"1";"1";""
"202400023261";"155 740 793";"B01";"2";"7";"0";"2";"1";"1";"1";""
"202400023262";"155 740 790";"A01";"2";"1";"0";"1";"1";"1";"5";""
"202400023263";"155 740 789";"A01";"2";"7";"0";"1";"1";"3";"1";""
"202400023264";"155 740 786";"B01";"2";"80";"0";"2";"8";"7";"3";""
"202400023264";"155 740 788";"A01";"2";"37";"0";"2";"5";"7";"2";"1"
"202400023265";"155 740 785";"A01";"1";"7";"0";"2";"1";"9";"1";""
"202400023265";"155 740 787";"B01";"1";"33";"0";"2";"7";"1";"1";""
"202400023266";"155 740 783";"A01";"1";"7";"0";"0";"1";"0";"1";""
"202400023267";"155 740 782";"B01";"3";"10";"0";"2";"6";"23";"1";""
"202400023267";"155 740 784";"A01";"3";"2";"0";"2";"6";"21";"1";""
"202400023268";"155 740 781";"A01";"3";"7";"2";"0";"3";"1";"1";""
"202400023269";"155 740 780";"A01";"1";"31";"0";"1";"5";"21";"1";""
"202400023270";"155 740 779";"A01";"2";"7";"0";"0";"0";"14";"1";""
"202400023271";"155 740 777";"B01";"1";"1";"0";"9";"1";"1";"5";""
"202400023271";"155 740 778";"A01";"1";"7";"0";"9";"2";"16";"1";""
"202400023272";"155 740 776";"A01";"2";"7";"2";"0";"8";"1";"1";""
"202400023273";"155 740 773";"A01";"2";"7";"0";"2";"3";"5";"1";""
"202400023273";"155 740 775";"B01";"1";"7";"0";"2";"3";"1";"1";""
"202400023274";"155 740 772";"B01";"3";"7";"0";"2";"2";"1";"2";""
"202400023274";"155 740 774";"A01";"2";"7";"0";"2";"1";"1";"1";""
"202400023275";"155 740 769";"A01";"1";"10";"0";"2";"2";"15";" -1";""
"202400023275";"155 740 771";"B01";"2";"2";"0";"2";"1";"1";" -1";""
"202400023276";"155 740 768";"B01";"1";"7";"0";"2";"2";"1";"2";""
"202400023276";"155 740 770";"A01";"1";"7";"0";"2";"2";"15";"2";""
"202400023277";"155 740 765";"A01";"1";"50";"1";"0";"1";"17";"3";""
"202400023277";"155 740 766";"B01";"1";"7";"0";"2";"8";"22";"2";""
"202400023278";"155 740 761";"A01";"2";"80";"0";"1";"1";"9";"3";""
"202400023279";"155 740 762";"A01";"1";"7";"0";"2";"3";"13";"1";""
"202400023279";"155 740 763";"B01";"2";"7";"0";"2";"3";"1";"1";""
"202400023279";"155 740 764";"C01";"2";"7";"0";"2";"2";"1";"1";""
"202400023279";"155 740 767";"D01";"2";"7";"0";"2";"3";"1";"1";""
"202400023280";"155 740 760";"A01";"2";"7";"0";"1";"1";"1";"1";""
"202400023281";"155 740 758";"A01";"1";"7";"0";"1";"1";"1";"0";""
"202400023282";"155 740 757";"A01";"2";"7";"0";"2";"6";"23";"1";""
"202400023282";"155 740 759";"B01";"2";"2";"0";"2";"7";"1";"1";""
"202400023283";"155 740 755";"B01";"2";"32";"0";"2";"0";"0";"0";""
"202400023283";"155 740 756";"A01";"2";"7";"0";"2";"0";"20";"1";""
"202400023284";"155 740 752";"A01";"2";"50";"0";"2";"1";"2";"3";""
"202400023284";"155 740 753";"B01";"2";"10";"0";"2";"4";"1";"1";""
"202400023285";"155 740 749";"C01";"1";"7";"0";"2";"1";"1";"1";""
"202400023285";"155 740 750";"A01";"2";"7";"0";"2";"1";"17";"1";""
"202400023285";"155 740 751";"B01";"1";"7";"0";"2";"1";"1";"1";""
"202400023285";"155 740 754";"D01";"2";"7";"0";"2";"6";"1";"1";""
"202400023286";"155 740 748";"A01";"1";"7";"2";"0";"1";"1";"1";""
"202400023287";"155 740 746";"A01";"1";"33";"13";"0";"1";"1";"1";""
"202400023288";"155 740 745";"B01";"2";"32";"0";"2";"1";"1";"1";""
"202400023288";"155 740 747";"A01";"1";"7";"0";"2";"1";"15";"1";""
"202400023289";"155 740 744";"A01";"1";"1";"1";"1";"2";"1";"5";""
"202400023290";"155 740 743";"A01";"1";"7";"13";"0";"8";"1";"1";""
"202400023291";"155 740 742";"A01";"2";"7";"0";"1";"1";"26";"1";""
"202400023292";"155 740 741";"A01";"1";"10";"1";"0";"2";"1";"1";""
"202400023293";"155 740 738";"A01";"1";"10";"0";"2";"1";"1";"0";""
"202400023293";"155 740 740";"B01";"1";"7";"0";"2";"4";"26";"1";""
"202400023294";"155 740 736";"A01";"1";"10";"0";"1";"1";"1";"1";""
"202400023295";"155 740 737";"A01";"1";"7";"0";"2";"1";"1";"1";""
"202400023295";"155 740 739";"B01";"1";"7";"0";"2";"8";"9";"1";""
"202400023296";"155 740 735";"A01";"1";"7";"1";"0";"1";"1";"1";""
"202400023297";"155 740 734";"A01";"2";"7";"13";"0";"2";"0";"1";""
"202400023298";"155 740 729";"A01";"2";"7";"0";"2";"3";"13";"1";""
"202400023298";"155 740 731";"B01";"1";"7";"0";"2";"3";"1";"1";""
"202400023298";"155 740 733";"C01";"1";"7";"0";"2";"1";"1";"1";""
"202400023299";"155 740 730";"A01";"3";"7";"0";"2";"8";"10";"1";""
"202400023299";"155 740 732";"B01";"0";"34";"0";"2";"1";"1";" -1";""
"202400023300";"155 740 728";"A01";"2";"7";"13";"0";"1";"1";"1";""
"202400023301";"155 740 726";"A01";"1";"33";"0";"0";"0";"0";"0";""
"202400023301";"155 740 727";"B01";"1";"7";"0";"0";"0";"0";"0";""
"202400023302";"155 740 723";"A01";"3";"2";"0";"2";"3";"1";"1";""
"202400023302";"155 740 725";"B01";"3";"2";"0";"2";"3";"1";"1";""
"202400023303";"155 740 722";"A01";"1";"30";"0";"2";"3";"10";"1";""
"202400023303";"155 740 724";"B01";"1";"30";"0";"2";"2";"1";"1";""
"202400023304";"155 740 719";"B01";"0";"60";"0";"2";"3";"26";"5";""
"202400023304";"155 740 721";"A01";"1";"7";"0";"2";"1";"1";"1";""
"202400023305";"155 740 718";"B01";"2";"1";"0";"2";"3";"2";"5";""
"202400023305";"155 740 720";"A01";"2";"7";"0";"2";"2";"17";"1";""
"202400023306";"155 740 714";"A01";"2";"7";"0";"2";"3";"9";"1";""
"202400023306";"155 740 716";"B01";"2";"33";"0";"2";"1";"1";"1";""
"202400023307";"155 740 715";"B01";"0";"43";"0";"2";"1";"1";"1";""
"202400023307";"155 740 717";"A01";"0";"7";"0";"2";"1";"15";"1";""
"202400023308";"155 740 712";"A01";"0";"7";"6";"0";"1";"14";"1";""
"202400023309";"155 740 713";"A01";"2";"7";"0";"1";"2";"1";"1";""
"202400023310";"155 740 710";"B01";"1";"32";"0";"2";"7";"1";"1";""
"202400023310";"155 740 711";"A01";"1";"10";"0";"2";"3";"9";"1";""
"202400023311";"155 740 708";"A01";"1";"7";"0";"2";"2";"15";"1";""
"202400023311";"155 740 709";"B01";"2";"2";"0";"2";"8";"1";"1";""
"202400023312";"155 740 706";"A01";"1";"1";"0";"0";"1";"1";"5";""
"202400023313";"155 740 703";"A01";"1";"7";"0";"2";"1";"1";"1";""
"202400023313";"155 740 705";"B01";"1";"7";"4";"0";"4";"1";"1";""
"202400023314";"155 740 704";"A01";"1";"33";"11";"0";"1";"1";"1";""
"202400023315";"155 740 702";"A01";"1";"32";"0";"0";"0";"1";"1";""
"202400023316";"155 740 701";"A01";"1";"32";"12";"0";"1";"0";"1";""
"202400023317";"155 740 697";"A01";"1";"10";"13";"0";"0";"14";"1";""
"202400023318";"155 740 694";"B01";"1";"33";"0";"2";"3";"1";"1";""
"202400023318";"155 740 695";"A01";"1";"7";"0";"2";"7";"15";"3";""
"202400023319";"155 740 691";"A01";"1";"7";"0";"0";"5";"2";"1";""
"202400023319";"155 740 692";"B01";"1";"33";"0";"2";"1";"2";"1";""
"202400023319";"155 740 693";"C01";"1";"7";"0";"2";"1";"2";"1";""
"202400023320";"155 740 689";"A01";"2";"7";"0";"2";"2";"17";"1";""
"202400023320";"155 740 690";"B01";"2";"1";"0";"2";"3";"15";"5";""
"202400023321";"155 740 687";"A01";"1";"7";"0";"2";"2";"1";"1";""
"202400023321";"155 740 688";"B01";"1";"10";"0";"2";"3";"1";"1";""
"202400023322";"155 740 685";"B01";"2";"7";"0";"2";"3";"1";"1";""
"202400023322";"155 740 686";"A01";"1";"33";"0";"2";"1";"13";"1";""
"202400023323";"155 740 684";"A01";"1";"7";"2";"0";"2";"1";"1";""
"202400023324";"155 740 683";"A01";"1";"7";"0";"1";"1";"1";"1";""
"202400023325";"155 740 681";"A01";"2";"7";"0";"2";"3";"1";"1";""
"202400023325";"155 740 682";"B01";"1";"7";"0";"2";"2";"9";"1";""
"202400023326";"155 740 680";"A01";"2";"7";"2";"0";"1";"0";"1";""
"202400023327";"155 740 678";"A01";"3";"7";"0";"2";"1";"1";"1";""
"202400023327";"155 740 679";"B01";"3";"99";"0";"2";"1";"1";"5";""
"202400023328";"155 740 676";"B01";"2";"1";"0";"2";"4";"1";"5";""
"202400023328";"155 740 677";"A01";"2";"7";"0";"2";"2";"1";"1";""
"202400023329";"155 740 675";"A01";"1";"13";"0";"0";"0";"1";"1";""
"202400023330";"155 740 674";"A01";"1";"7";"2";"0";"1";"1";"1";""
"202400023331";"155 740 672";"A01";"2";"7";"0";"2";"2";"1";"1";""
"202400023331";"155 740 673";"B01";"2";"1";"0";"2";"1";"19";"5";""
"202400023332";"155 740 671";"A01";"1";"10";"0";"1";"3";"1";"1";""
"202400023333";"155 740 669";"B01";"2";"7";"0";"2";"7";"17";"1";""
"202400023333";"155 740 670";"A01";"2";"7";"0";"2";"2";"15";"1";""
"202400023334";"155 740 668";"A01";"2";"7";"6";"0";"8";"13";"1";""
"202400023335";"155 740 667";"A01";"2";"7";"0";"0";"3";"13";"1";""
"202400023336";"155 740 666";"A01";"1";"7";"0";"0";"7";"1";"1";""
"202400023337";"155 740 664";"A01";"1";"7";"0";"2";"2";"1";"1";""
"202400023337";"155 740 665";"B01";"2";"7";"0";"2";"1";"1";"1";""
"202400023338";"155 740 662";"A01";"1";"7";"0";"0";"6";"15";"1";""
"202400023338";"155 740 663";"B01";"1";"33";"0";"2";"1";"17";"1";""
"202400023339";"155 740 660";"A01";"1";"7";"0";"2";"2";"2";"1";""
"202400023339";"155 740 661";"B01";"1";"7";"0";"0";"6";"2";"1";""
"202400023340";"155 740 658";"A01";"1";"7";"3";"2";"3";"0";"1";""
"202400023340";"155 740 659";"B01";"1";"10";"0";"2";"3";"2";"1";""
"202400023341";"155 740 656";"B01";"1";"31";"0";"2";"1";"1";"1";""
"202400023341";"155 740 657";"A01";"2";"10";"0";"2";"3";"11";"1";""
"202400023342";"155 740 655";"A01";"1";"7";"4";"0";"3";"1";"1";""
"202400023343";"155 740 653";"A01";"3";"7";"1";"0";"2";"1";"1";""
"202400023343";"155 740 654";"B01";"2";"2";"0";"0";"4";"23";"1";""
"202400023344";"155 740 651";"A01";"1";"7";"0";"2";"1";"16";"1";""
"202400023344";"155 740 652";"B01";"2";"7";"0";"2";"1";"15";"1";""
"202400023345";"155 740 649";"B01";"1";"33";"0";"2";"1";"17";"1";""
"202400023345";"155 740 650";"A01";"1";"7";"0";"2";"8";"10";"1";""
"202400023346";"155 740 647";"A01";"1";"7";"0";"2";"3";"1";"1";""
"202400023346";"155 740 648";"B01";"1";"10";"0";"2";"3";"13";"1";""
"202400023347";"155 740 646";"A01";"1";"7";"2";"0";"2";"17";"1";""
"202400023348";"155 740 645";"A01";"1";"7";"0";"1";"1";"1";"1";""
"202400023349";"155 740 644";"A01";"1";"7";"0";"1";"1";"1";"1";""
"202400023350";"155 740 642";"A01";"0";"2";"0";"2";"5";"1";"3";""
"202400023350";"155 740 643";"B01";"0";"1";"0";"2";"1";"1";"5";""
"202400023351";"155 740 640";"A01";"2";"7";"0";"2";"1";"17";"1";""
"202400023351";"155 740 641";"B01";"1";"7";"0";"2";"1";"1";"1";""
"202400023352";"155 740 638";"B01";"2";"7";"0";"2";"3";"15";"1";""
"202400023352";"155 740 639";"A01";"2";"33";"0";"2";"1";"1";"1";""
"202400023353";"155 740 636";"B01";"1";"7";"0";"0";"0";"5";"0";""
"202400023353";"155 740 637";"A01";"2";"7";"3";"0";"1";"21";"1";""
"202400023354";"155 740 632";"A01";"2";"33";"0";"2";"0";"0";"1";""
"202400023354";"155 740 633";"B01";"1";"7";"0";"0";"8";"1";"1";""
"202400023355";"155 740 629";"A01";"3";"10";"0";"9";"3";"1";"1";""
"202400023355";"155 740 631";"B01";"3";"50";"0";"9";"7";"19";"3";""
"202400023356";"155 740 628";"A01";"2";"10";"0";"2";"4";"2";"1";""
"202400023356";"155 740 630";"B01";"2";"7";"1";"0";"1";"2";"1";""
"202400023357";"155 740 625";"A01";"1";"7";"0";"2";"1";"26";"1";""
"202400023357";"155 740 626";"B01";"1";"7";"0";"2";"1";"1";"1";""
"202400023358";"155 740 623";"A01";"2";"7";"0";"2";"4";"2";"1";""
"202400023358";"155 740 624";"B01";"2";"7";"0";"2";"4";"2";"1";""
"202400023358";"155 740 627";"C01";"2";"7";"0";"2";"1";"2";"1";""
"202400023359";"155 740 621";"A01";"2";"10";"7";"0";"1";"1";"1";""
"202400023360";"155 740 616";"A01";"2";"7";"0";"2";"1";"2";"1";""
"202400023360";"155 740 617";"B01";"2";"7";"0";"2";"9";"2";"1";""
"202400023360";"155 740 618";"C01";"2";"7";"0";"2";"4";"1";"1";""
"202400023361";"155 740 615";"A01";"1";"7";"8";"0";"1";"14";"1";""
"202400023362";"155 740 611";"A01";"2";"7";"0";"2";"8";"11";"1";""
"202400023362";"155 740 612";"B01";"2";"33";"0";"2";"8";"3";"1";""
"202400023362";"155 740 614";"C01";"2";"7";"0";"2";"4";"1";"1";""
"202400023363";"155 740 610";"A01";"1";"7";"0";"1";"2";"1";"1";""
"202400023364";"155 740 608";"A01";"1";"31";"0";"2";"1";"2";"1";""
"202400023364";"155 740 609";"B01";"1";"7";"0";"2";"5";"2";"1";""
"202400023365";"155 740 606";"B01";"0";"7";"0";"2";"3";"13";"0";""
"202400023365";"155 740 607";"A01";"0";"7";"0";"2";"3";"13";"0";""
"202400023366";"155 740 604";"A01";"2";"15";"0";"2";"2";"12";"1";""
"202400023366";"155 740 605";"B01";"2";"7";"0";"0";"0";"0";"1";""
"202400023367";"155 740 603";"A01";"1";"43";"14";"0";"1";"1";"1";""
"202400023368";"155 740 601";"A01";"2";"7";"0";"2";"4";"12";"1";""
"202400023368";"155 740 602";"B01";"2";"33";"0";"2";"1";"3";"1";""
"202400023369";"155 740 599";"A01";"2";"7";"0";"5";"1";"1";"1";""
"202400023370";"155 740 598";"A01";"2";"37";"0";"0";"3";"1";"1";"5"
"202400023370";"155 740 600";"Z01";"2";"7";"0";"2";"1";"15";"0";""
"202400023371";"155 740 597";"A01";"1";"7";"3";"0";"2";"0";"1";""
"202400023372";"155 740 595";"A01";"2";"7";"0";"1";"1";"19";"0";""
"202400023373";"155 740 593";"A01";"2";"32";"0";"2";"9";"3";"1";""
"202400023373";"155 740 594";"B01";"2";"7";"0";"2";"8";"1";"2";""
"202400023373";"155 740 596";"C01";"0";"7";"0";"2";"5";"1";"2";""
"202400023374";"155 740 590";"B01";"2";"10";"0";"2";"4";"1";"0";""
"202400023374";"155 740 591";"A01";"2";"31";"0";"2";"1";"3";"1";""
"202400023375";"155 740 589";"B01";"3";"50";"0";"2";"8";"15";"3";""
"202400023375";"155 740 592";"Z01";"1";"33";"0";"2";"1";"1";"0";""
"202400023376";"155 740 586";"A01";"1";"33";"0";"2";"1";"12";"1";""
"202400023376";"155 740 588";"B01";"1";"7";"0";"2";"4";"1";"1";""
"202400023377";"155 740 585";"B01";"1";"7";"0";"2";"2";"1";"1";""
"202400023377";"155 740 587";"A01";"1";"7";"0";"2";"3";"15";"1";""
"202400023378";"155 740 583";"B01";"1";"7";"0";"2";"4";"2";"1";""
"202400023378";"155 740 584";"A01";"1";"7";"0";"2";"1";"2";"1";""
"202400023379";"155 740 581";"A01";"3";"7";"0";"2";"8";"1";"2";""
"202400023379";"155 740 582";"B01";"3";"1";"0";"2";"1";"19";"5";""
"202400023380";"155 740 579";"A01";"2";"7";"0";"2";"1";"2";"1";""
"202400023380";"155 740 580";"B01";"2";"7";"0";"2";"4";"0";"1";""
"202400023381";"155 740 577";"A01";"3";"3";"0";"0";"3";"16";"1";""
"202400023381";"155 740 578";"B01";"3";"3";"0";"2";"1";"1";"1";""
"202400023382";"155 740 575";"B01";"2";"7";"0";"2";"4";"2";"1";""
"202400023382";"155 740 576";"A01";"2";"32";"0";"2";"1";"2";"1";""
"202400023383";"155 740 573";"B01";"2";"7";"1";"0";"1";"2";"1";""
"202400023383";"155 740 574";"A01";"2";"7";"0";"2";"4";"23";"1";""
"202400023384";"155 740 572";"A01";"3";"34";"0";"1";"2";"1";"1";""
"202400023385";"155 740 571";"A01";"1";"7";"4";"0";"1";"17";"1";""
"202400023386";"155 740 569";"B01";"3";"31";"0";"2";"1";"1";"1";""
"202400023386";"155 740 570";"A01";"3";"10";"0";"2";"3";"15";"1";""
"202400023387";"155 740 566";"B01";"3";"33";"0";"2";"1";"0";"1";""
"202400023387";"155 740 568";"A01";"2";"7";"0";"2";"8";"15";"1";""
"202400023388";"155 740 565";"A01";"1";"7";"0";"2";"3";"15";"1";""
"202400023388";"155 740 567";"B01";"2";"2";"0";"2";"1";"1";"1";""
"202400023389";"155 740 563";"A01";"2";"37";"0";"1";"1";"1";"1";"1"
"202400023390";"155 740 564";"A01";"1";"7";"0";"1";"1";"1";"2";""
"202400023391";"155 740 562";"A01";"2";"7";"0";"1";"2";"1";"1";""
"202400023392";"155 740 560";"B01";"1";"1";"0";"2";"2";"1";"5";""
"202400023392";"155 740 561";"A01";"1";"7";"0";"0";"3";"16";"2";""
"202400023393";"155 740 558";"A01";"3";"7";"0";"2";"8";"7";"1";""
"202400023393";"155 740 559";"B01";"3";"7";"0";"2";"2";"1";"1";""
"202400023394";"155 740 556";"A01";"2";"10";"0";"2";"1";"13";"1";""
"202400023394";"155 740 557";"B01";"1";"7";"0";"2";"1";"1";"1";""
"202400023395";"155 740 553";"B01";"2";"50";"0";"2";"1";"7";"3";""
"202400023395";"155 740 555";"A01";"2";"7";"0";"2";"6";"16";"1";""
"202400023396";"155 740 552";"A01";"1";"7";"0";"2";"1";"15";"1";""
"202400023396";"155 740 554";"B01";"1";"7";"9";"2";"8";"1";"2";""
"202400023397";"155 740 550";"B01";"2";"10";"0";"2";"3";"1";"1";""
"202400023397";"155 740 551";"A01";"1";"32";"14";"0";"1";"1";"1";""
"202400023398";"155 740 546";"A01";"1";"7";"0";"2";"1";"13";"1";""
"202400023398";"155 740 548";"B01";"2";"7";"0";"2";"1";"0";"1";""
"202400023399";"155 740 547";"B01";"1";"80";"1";"0";"1";"13";"3";""
"202400023399";"155 740 549";"A01";"1";"10";"0";"0";"8";"22";"3";""
"202400023400";"155 740 543";"B01";"1";"7";"0";"2";"8";"23";"1";""
"202400023400";"155 740 545";"A01";"1";"32";"0";"2";"1";"3";"3";""
"202400023401";"155 740 544";"A01";"1";"7";"0";"1";"3";"15";"1";""
"202400023402";"155 740 541";"A01";"2";"2";"0";"1";"1";"1";"1";""
"202400023403";"155 740 540";"B01";"2";"14";"0";"2";"4";"1";"1";""
"202400023403";"155 740 542";"A01";"2";"7";"0";"2";"1";"1";"1";""
"202400023404";"155 740 537";"B01";"1";"7";"0";"2";"5";"1";"1";""
"202400023404";"155 740 539";"A01";"1";"33";"0";"2";"1";"18";"1";""
"202400023405";"155 740 536";"B01";"1";"7";"0";"9";"7";"1";"2";""
"202400023405";"155 740 538";"A01";"1";"80";"0";"2";"8";"1";"3";""
"202400023406";"155 740 535";"A01";"1";"7";"0";"1";"0";"1";"1";""
"202400023407";"155 740 534";"A01";"1";"2";"0";"5";"0";"0";"1";""
"202400023408";"155 740 530";"B01";"1";"7";"0";"2";"1";"7";"1";""
"202400023408";"155 740 532";"C01";"1";"7";"0";"2";"4";"0";"1";""
"202400023408";"155 740 533";"A01";"1";"7";"0";"2";"1";"2";"1";""
"202400023409";"155 740 529";"Y01";"1";"80";"0";"2";"1";"1";"3";""
"202400023409";"155 740 531";"A01";"1";"33";"0";"2";"6";"1";"1";""
"202400023410";"155 740 527";"A01";"1";"7";"0";"2";"7";"14";"3";""
"202400023410";"155 740 528";"B01";"1";"33";"0";"2";"8";"14";"1";""
"202400023411";"155 740 526";"A01";"1";"50";"0";"1";"0";"1";"3";""
"202400023412";"155 740 524";"B01";"2";"30";"0";"2";"8";"0";"1";""
"202400023412";"155 740 525";"A01";"1";"7";"0";"2";"1";"15";"1";""
"202400023413";"155 740 522";"A01";"3";"7";"0";"2";"1";"26";"1";""
"202400023413";"155 740 523";"Z01";"3";"7";"0";"2";"0";"0";"1";""
"202400023414";"155 740 520";"A01";"1";"2";"0";"2";"5";"1";"1";""
"202400023414";"155 740 521";"B01";"1";"1";"0";"2";"1";"1";"5";""
"202400023415";"155 740 518";"A01";"2";"15";"0";"2";"4";"0";"1";""
"202400023415";"155 740 519";"B01";"2";"10";"0";"2";"1";"26";"1";""
"202400023416";"155 740 517";"A01";"2";"7";"0";"1";"2";"1";"1";""
"202400023417";"155 740 515";"A01";"1";"32";"0";"2";"2";"17";"1";""
"202400023417";"155 740 516";"B01";"1";"7";"0";"2";"8";"15";"0";""
"202400023418";"155 740 511";"C01";"1";"7";"0";"0";"4";"0";"1";""
"202400023418";"155 740 513";"A01";"1";"10";"0";"2";"1";"2";"3";""
"202400023418";"155 740 514";"B01";"1";"7";"1";"2";"1";"2";"1";""
"202400023419";"155 740 510";"A01";"0";"7";"12";"0";"0";"0";"1";""
"202400023419";"155 740 512";"B01";"0";"7";"1";"0";"0";"0";"1";""
"202400023420";"155 740 509";"A01";"0";"7";"6";"0";"1";"1";"1";""
"202400023421";"155 740 507";"B01";"1";"50";"0";"2";"1";"1";"3";""
"202400023421";"155 740 508";"A01";"1";"33";"0";"2";"1";"1";"1";""
"202400023422";"155 740 505";"B01";"1";"7";"0";"2";"0";"0";"1";""
"202400023422";"155 740 506";"A01";"1";"7";"0";"2";"8";"11";"1";""
"202400023423";"155 740 503";"B01";"2";"30";"0";"2";"3";"1";"1";""
"202400023423";"155 740 504";"A01";"1";"7";"0";"2";"0";"9";"1";""
"202400023424";"155 740 499";"A01";"2";"7";"0";"1";"2";"2";"1";""
"202400023425";"155 740 496";"A01";"1";"33";"0";"2";"2";"26";"1";""
"202400023425";"155 740 497";"B01";"1";"7";"0";"2";"3";"10";"1";""
"202400023426";"155 740 495";"C01";"3";"7";"0";"2";"4";"1";"1";""
"202400023426";"155 740 498";"D01";"3";"7";"0";"2";"4";"1";"1";""
"202400023426";"155 740 500";"E01";"3";"7";"0";"2";"4";"1";"1";""
"202400023426";"155 740 501";"A01";"3";"7";"0";"2";"1";"2";"1";""
"202400023426";"155 740 502";"B01";"3";"7";"0";"2";"4";"1";"1";""
"202400023427";"155 740 493";"A01";"3";"3";"1";"0";"1";"16";"1";""
"202400023427";"155 740 494";"B01";"3";"7";"0";"2";"6";"24";"1";""
"202400023428";"155 740 491";"A01";"0";"10";"0";"0";"0";"0";"0";""
"202400023428";"155 740 492";"B01";"0";"33";"1";"2";"1";"2";"0";""
"202400023429";"155 740 489";"B01";"1";"7";"0";"2";"3";"0";"1";""
"202400023429";"155 740 490";"A01";"1";"7";"0";"2";"1";"9";"2";""
"202400023430";"155 740 488";"A01";"3";"13";"0";"1";"2";"16";"1";""
"202400023431";"155 740 487";"A01";"1";"7";"0";"1";"2";"1";"1";""
"202400023432";"155 740 485";"A01";"3";"7";"0";"2";"1";"2";"1";""
"202400023432";"155 740 486";"B01";"3";"34";"0";"0";"4";"23";"1";""
"202400023433";"155 740 484";"A01";"0";"10";"0";"1";"1";"1";"1";""