"Num_Acc";"id_vehicule";"num_veh";"senc";"catv";"obs";"obsm";"choc";"manv";"motor";"occutc"
"202400024457";"155 738 688";"A01";"1";"10";"0";"2";"0";"1";"1";""
"202400024457";"155 738 689";"B01";"1";"7";"0";"2";"1";"1";"1";""
"202400024458";"155 738 685";"A01";"2";"7";"0";"2";"1";"2";"1";""
"202400024458";"155 738 686";"B01";"2";"7";"0";"2";"3";"2";"1";""
"202400024458";"155 738 687";"C01";"2";"7";"0";"2";"4";"2";"1";""
"202400024459";"155 738 684";"A01";"1";"7";"0";"1";"3";"1";"1";""
"202400024460";"155 738 682";"A01";"3";"1";"0";"2";"1";"15";"5";""
"202400024460";"155 738 683";"B01";"3";"7";"0";"2";"7";"1";"1";""
"202400024461";"155 738 680";"B01";"2";"50";"0";"2";"7";"1";"3";""
"202400024461";"155 738 681";"A01";"2";"7";"0";"2";"1";"1";"1";""
"202400024462";"155 738 678";"B01";"1";"7";"0";"2";"4";"23";"1";""
"202400024462";"155 738 679";"A01";"1";"10";"0";"2";"1";"1";"1";""
"202400024463";"155 738 676";"B01";"0";"31";"0";"2";"7";"16";"1";""
"202400024463";"155 738 677";"A01";"0";"7";"0";"2";"8";"1";"1";""
"202400024464";"155 738 674";"A01";"1";"33";"0";"2";"7";"1";"1";""
"202400024464";"155 738 675";"B01";"2";"7";"0";"2";"1";"1";"1";""
"202400024465";"155 738 671";"B01";"2";"1";"0";"2";"1";"1";"5";""
"202400024465";"155 738 672";"A01";"2";"7";"0";"2";"7";"16";"1";""
"202400024466";"155 738 669";"A01";"0";"7";"0";"2";"5";"16";"1";""
"202400024466";"155 738 670";"B01";"0";"14";"0";"2";"3";"0";"1";""
"202400024467";"155 738 667";"B01";"1";"10";"0";"2";"3";"1";"1";""
"202400024467";"155 738 668";"A01";"2";"7";"0";"2";"1";"1";"1";""
"202400024468";"155 738 665";"B01";"2";"33";"0";"2";"1";"1";"1";""
"202400024468";"155 738 666";"A01";"1";"37";"0";"2";"2";"15";"1";"1"
"202400024469";"155 738 663";"A01";"1";"3";"0";"2";"8";"1";"3";""
"202400024469";"155 738 664";"B01";"1";"0";"0";"2";"0";"0";"0";""
"202400024470";"155 738 661";"B01";"1";"10";"0";"2";"0";"24";"1";""
"202400024470";"155 738 662";"A01";"1";"7";"1";"0";"1";"1";"2";""
"202400024471";"155 738 659";"B01";"2";"7";"0";"2";"1";"26";"1";""
"202400024471";"155 738 660";"A01";"2";"1";"0";"2";"1";"25";"5";""
"202400024472";"155 738 657";"A01";"2";"7";"0";"2";"2";"1";"1";""
"202400024472";"155 738 658";"B01";"2";"50";"0";"2";"1";"1";"3";""
"202400024473";"155 738 655";"A01";"1";"7";"0";"2";"1";"2";"1";""
"202400024473";"155 738 656";"B01";"1";"10";"0";"2";"4";"2";"1";""
"202400024474";"155 738 653";"A01";"1";"7";"0";"2";"3";"13";"1";""
"202400024474";"155 738 654";"B01";"2";"15";"0";"2";"3";"1";"1";""
"202400024475";"155 738 652";"A01";"3";"38";"0";"0";"0";"26";"1";"5"
"202400024476";"155 738 650";"B01";"3";"1";"1";"2";"1";"1";"5";""
"202400024476";"155 738 651";"Z01";"3";"10";"0";"2";"7";"24";"0";""
"202400024477";"155 738 648";"A01";"2";"2";"0";"2";"2";"3";"1";""
"202400024477";"155 738 649";"B01";"2";"14";"0";"2";"3";"1";"1";""
"202400024478";"155 738 646";"A01";"2";"33";"0";"2";"1";"3";"1";""
"202400024478";"155 738 647";"B01";"2";"7";"0";"2";"6";"2";"1";""
"202400024479";"155 738 645";"A01";"3";"7";"13";"0";"3";"13";"1";""
"202400024480";"155 738 642";"C01";"3";"7";"0";"2";"8";"1";"1";""
"202400024480";"155 738 643";"A01";"1";"7";"0";"2";"1";"25";"2";""
"202400024480";"155 738 644";"B01";"1";"10";"0";"2";"1";"26";"1";""
"202400024481";"155 738 640";"B01";"2";"37";"0";"2";"0";"0";"0";"1"
"202400024481";"155 738 641";"A01";"1";"1";"0";"2";"1";"19";"5";""
"202400024482";"155 738 638";"B01";"2";"7";"0";"2";"3";"1";"1";""
"202400024482";"155 738 639";"A01";"1";"2";"0";"2";"1";"19";"1";""
"202400024483";"155 738 637";"A01";"2";"7";"0";"2";"2";"26";"1";""
"202400024484";"155 738 635";"B01";"1";"33";"0";"2";"8";"1";"1";""
"202400024484";"155 738 636";"A01";"0";"7";"0";"2";"8";"15";"1";""
"202400024485";"155 738 633";"A01";"3";"30";"0";"2";"7";"15";"1";""
"202400024485";"155 738 634";"B01";"3";"33";"1";"2";"1";"1";"1";""
"202400024486";"155 738 631";"A01";"1";"7";"0";"2";"4";"2";"1";""
"202400024486";"155 738 632";"B01";"1";"10";"0";"0";"4";"2";"1";""
"202400024487";"155 738 629";"A01";"2";"17";"0";"2";"2";"1";"1";""
"202400024487";"155 738 630";"B01";"1";"7";"0";"2";"3";"1";"1";""
"202400024488";"155 738 627";"A01";"2";"31";"0";"2";"1";"2";"1";""
"202400024488";"155 738 628";"B01";"2";"7";"0";"0";"4";"2";"1";""
"202400024489";"155 738 625";"A01";"2";"33";"0";"2";"1";"3";"1";""
"202400024489";"155 738 626";"B01";"2";"10";"0";"2";"5";"2";"1";""
"202400024490";"155 738 624";"A01";"3";"7";"0";"1";"4";"4";"1";""
"202400024491";"155 738 622";"A01";"2";"7";"0";"2";"5";"1";"1";""
"202400024491";"155 738 623";"B01";"2";"1";"0";"2";"1";"1";"5";""
"202400024492";"155 738 621";"A01";"2";"33";"0";"1";"3";"1";"1";""
"202400024493";"155 738 620";"A01";"1";"50";"0";"1";"8";"1";"3";""
"202400024494";"155 738 619";"A01";"2";"7";"0";"1";"2";"1";"1";""
"202400024495";"155 738 618";"A01";"2";"1";"0";"1";"8";"1";"5";""
"202400024496";"155 738 617";"A01";"1";"7";"9";"2";"1";"1";"1";""
"202400024497";"155 738 616";"A01";"1";"10";"1";"0";"0";"14";"0";""
"202400024498";"155 738 614";"B01";"2";"2";"0";"2";"6";"2";"1";""
"202400024498";"155 738 615";"A01";"2";"7";"0";"2";"2";"2";"2";""
"202400024499";"155 738 613";"A01";"1";"34";"0";"1";"1";"25";"1";""
"202400024500";"155 738 612";"Z01";"1";"30";"0";"1";"1";"0";"1";""
"202400024501";"155 738 610";"A01";"2";"7";"0";"2";"7";"22";"1";""
"202400024501";"155 738 611";"B01";"3";"1";"1";"0";"1";"1";"5";""
"202400024502";"155 738 608";"A01";"2";"7";"0";"2";"6";"13";"1";""
"202400024502";"155 738 609";"B01";"2";"1";"0";"2";"1";"13";"5";""
"202400024503";"155 738 606";"B01";"2";"80";"0";"2";"1";"1";"2";""
"202400024503";"155 738 607";"A01";"2";"7";"0";"2";"7";"16";"1";""
"202400024504";"155 738 605";"A01";"2";"38";"0";"1";"2";"1";"1";"1"
"202400024505";"155 738 604";"A01";"1";"7";"0";"1";"2";"1";"2";""
"202400024506";"155 738 603";"A01";"2";"7";"0";"1";"7";"1";"1";""
"202400024507";"155 738 601";"A01";"2";"7";"0";"2";"7";"17";"2";""
"202400024507";"155 738 602";"B01";"2";"80";"0";"2";"8";"1";"3";""
"202400024508";"155 738 599";"B01";"2";"7";"0";"2";"3";"1";"2";""
"202400024508";"155 738 600";"A01";"1";"1";"0";"2";"2";"15";"5";""
"202400024509";"155 738 597";"A01";"1";"7";"0";"2";"8";"24";"1";""
"202400024509";"155 738 598";"B01";"1";"1";"0";"2";"1";"1";"5";""
"202400024510";"155 738 596";"A01";"1";"14";"0";"1";"1";"1";"1";""
"202400024511";"155 738 595";"A01";"3";"7";"0";"1";"0";"1";"2";""
"202400024512";"155 738 594";"A01";"2";"7";"14";"0";"1";"1";"1";""
"202400024513";"155 738 592";"A01";"3";"7";"0";"1";"1";"1";"1";""
"202400024514";"155 738 591";"B01";"1";"33";"0";"2";"1";"17";"1";""
"202400024514";"155 738 593";"A01";"1";"7";"0";"2";"6";"15";"1";""
"202400024515";"155 738 590";"A01";"3";"7";"4";"0";"3";"14";"1";""
"202400024516";"155 738 589";"A01";"1";"34";"12";"0";"1";"1";"1";""
"202400024517";"155 738 587";"A01";"1";"7";"0";"2";"3";"26";"2";""
"202400024517";"155 738 588";"B01";"2";"7";"0";"2";"2";"1";"1";""
"202400024518";"155 738 586";"A01";"1";"7";"9";"0";"1";"14";"1";""
"202400024519";"155 738 585";"A01";"1";"7";"0";"1";"1";"0";"0";""
"202400024520";"155 738 584";"A01";"1";"7";"0";"1";"1";"1";"1";""
"202400024521";"155 738 582";"A01";"1";"15";"15";"2";"7";"16";"1";""
"202400024521";"155 738 583";"B01";"1";"7";"15";"2";"7";"0";"1";""
"202400024522";"155 738 581";"A01";"1";"50";"0";"0";"0";"15";"3";""
"202400024523";"155 738 579";"A01";"3";"10";"0";"2";"3";"9";"1";""
"202400024523";"155 738 580";"B01";"3";"32";"0";"2";"1";"1";"1";""
"202400024524";"155 738 576";"A01";"1";"7";"0";"2";"1";"1";"2";""
"202400024524";"155 738 578";"B01";"1";"50";"0";"2";"7";"19";"3";""
"202400024525";"155 738 575";"A01";"3";"7";"0";"2";"5";"16";"1";""
"202400024525";"155 738 577";"B01";"3";"80";"0";"2";"8";"1";"3";""
"202400024526";"155 738 573";"B01";"2";"1";"0";"2";"4";"11";"5";""
"202400024526";"155 738 574";"A01";"2";"7";"0";"2";"2";"1";"1";""
"202400024527";"155 738 572";"A01";"0";"7";"12";"1";"3";"17";"1";""
"202400024528";"155 738 570";"B01";"3";"1";"0";"2";"8";"1";"5";""
"202400024528";"155 738 571";"A01";"3";"7";"0";"2";"1";"1";"2";""
"202400024529";"155 738 568";"A01";"3";"7";"0";"2";"1";"2";"1";""
"202400024529";"155 738 569";"B01";"3";"7";"0";"2";"4";"23";"1";""
"202400024530";"155 738 566";"A01";"1";"1";"0";"2";"8";"19";"5";""
"202400024530";"155 738 567";"B01";"1";"7";"0";"2";"1";"1";"0";""
"202400024531";"155 738 563";"B01";"3";"50";"0";"2";"1";"1";"3";""
"202400024531";"155 738 564";"A01";"3";"50";"0";"2";"1";"17";"3";""
"202400024532";"155 738 562";"A01";"2";"7";"13";"0";"1";"19";"1";""
"202400024533";"155 738 561";"A01";"2";"7";"15";"0";"1";"2";"0";""
"202400024534";"155 738 560";"A01";"2";"50";"0";"1";"1";"11";"3";""
"202400024535";"155 738 559";"A01";"1";"7";"3";"0";"1";"1";"1";""
"202400024536";"155 738 555";"A01";"2";"2";"0";"2";"1";"1";"1";""
"202400024536";"155 738 557";"B01";"2";"7";"0";"0";"4";"2";"1";""
"202400024537";"155 738 556";"A01";"3";"10";"0";"2";"1";"1";"1";""
"202400024537";"155 738 558";"B01";"3";"50";"0";"2";"4";"1";"3";""
"202400024538";"155 738 554";"A01";"1";"0";"0";"1";"0";"26";"0";""
"202400024539";"155 738 552";"A01";"3";"7";"0";"2";"1";"1";"1";""
"202400024539";"155 738 553";"B01";"3";"1";"0";"2";"3";"19";"5";""
"202400024540";"155 738 551";"A01";"1";"7";"6";"0";"1";"1";"1";""
"202400024541";"155 738 547";"A01";"1";"15";"0";"2";"1";"2";"1";""
"202400024541";"155 738 549";"B01";"1";"7";"0";"2";"4";"2";"1";""
"202400024542";"155 738 548";"B01";"2";"7";"4";"2";"1";"26";"1";""
"202400024542";"155 738 550";"A01";"1";"7";"4";"2";"1";"13";"3";""
"202400024543";"155 738 545";"A01";"1";"7";"0";"2";"1";"0";"1";""
"202400024543";"155 738 546";"B01";"2";"1";"0";"0";"0";"0";"5";""
"202400024544";"155 738 544";"A01";"2";"7";"17";"0";"2";"1";"1";""
"202400024545";"155 738 541";"A01";"2";"10";"16";"2";"1";"21";"1";""
"202400024545";"155 738 542";"B01";"2";"7";"13";"0";"4";"1";"1";""
"202400024546";"155 738 538";"A01";"2";"7";"0";"2";"1";"2";"1";""
"202400024546";"155 738 539";"B01";"2";"33";"0";"0";"4";"2";"1";""
"202400024547";"155 738 537";"A01";"1";"7";"8";"0";"9";"1";"1";""
"202400024548";"155 738 536";"A01";"1";"7";"0";"1";"1";"0";"1";""
"202400024549";"155 738 534";"B01";"2";"50";"0";"2";"1";"12";"3";""
"202400024549";"155 738 535";"A01";"2";"7";"0";"2";"3";"1";"2";""
"202400024550";"155 738 533";"A01";"2";"7";"0";"1";"2";"1";"1";""
"202400024551";"155 738 531";"A01";"2";"2";"0";"2";"1";"15";"1";""
"202400024551";"155 738 532";"B01";"2";"7";"0";"2";"3";"1";"1";""
"202400024552";"155 738 529";"A01";"2";"33";"3";"0";"2";"0";"1";""
"202400024553";"155 738 528";"B01";"1";"1";"0";"2";"6";"1";"5";""
"202400024553";"155 738 530";"Z01";"1";"7";"0";"2";"2";"1";"0";""
"202400024554";"155 738 527";"A01";"2";"7";"13";"0";"9";"1";"3";""
"202400024555";"155 738 524";"A01";"1";"32";"0";"2";"1";"13";"1";""
"202400024555";"155 738 525";"B01";"2";"7";"0";"2";"2";"1";"1";""
"202400024556";"155 738 521";"A01";"1";"7";"0";"0";"1";"1";"1";""
"202400024557";"155 738 522";"C01";"2";"7";"0";"2";"3";"1";"0";""
"202400024557";"155 738 523";"B01";"1";"7";"0";"2";"4";"15";"2";""
"202400024557";"155 738 526";"Z01";"1";"7";"0";"0";"0";"0";"0";""
"202400024558";"155 738 518";"A01";"1";"7";"0";"2";"3";"15";"1";""
"202400024558";"155 738 520";"B01";"2";"10";"0";"2";"1";"1";"1";""
"202400024559";"155 738 516";"A01";"1";"2";"0";"2";"5";"21";"1";""
"202400024559";"155 738 517";"B01";"2";"7";"0";"2";"2";"3";"1";""
"202400024560";"155 738 515";"B01";"0";"10";"0";"2";"1";"26";"1";""
"202400024560";"155 738 519";"A01";"0";"7";"0";"2";"1";"26";"1";""
"202400024561";"155 738 514";"A01";"3";"10";"2";"0";"2";"1";"1";""
"202400024562";"155 738 513";"A01";"2";"7";"5";"0";"1";"13";"2";""
"202400024563";"155 738 511";"B01";"2";"7";"0";"2";"1";"1";"1";""
"202400024563";"155 738 512";"A01";"1";"10";"0";"2";"3";"9";"1";""
"202400024564";"155 738 509";"A01";"1";"7";"0";"2";"1";"1";"1";""
"202400024564";"155 738 510";"B01";"2";"7";"0";"2";"1";"13";"1";""
"202400024565";"155 738 508";"A01";"0";"7";"0";"1";"1";"1";"1";""
"202400024566";"155 738 506";"A01";"2";"10";"0";"2";"3";"19";"1";""
"202400024566";"155 738 507";"B01";"2";"7";"0";"2";"2";"1";"1";""
"202400024567";"155 738 504";"B01";"3";"7";"0";"2";"2";"0";"1";""
"202400024567";"155 738 505";"A01";"3";"7";"0";"2";"3";"0";"1";""
"202400024568";"155 738 502";"B01";"1";"2";"0";"2";"8";"1";"1";""
"202400024568";"155 738 503";"A01";"2";"7";"0";"2";"2";"1";"1";""
"202400024569";"155 738 501";"A01";"0";"7";"1";"0";"7";"1";"1";""
"202400024570";"155 738 500";"B01";"3";"7";"0";"1";"2";"17";"1";""
"202400024571";"155 738 499";"A01";"2";"7";"13";"0";"0";"17";"1";""
"202400024572";"155 738 498";"A01";"0";"10";"0";"1";"2";"19";"1";""
"202400024573";"155 738 496";"A01";"0";"7";"0";"0";"3";"13";"1";""
"202400024573";"155 738 497";"B01";"0";"7";"0";"0";"3";"23";"1";""
"202400024574";"155 738 493";"A01";"2";"7";"4";"2";"4";"1";"1";""
"202400024574";"155 738 494";"B01";"1";"7";"4";"2";"1";"14";"1";""
"202400024575";"155 738 492";"B01";"0";"7";"0";"2";"2";"1";"1";""
"202400024575";"155 738 495";"A01";"3";"2";"0";"2";"7";"1";"1";""
"202400024576";"155 738 490";"A01";"3";"7";"0";"2";"6";"26";"1";""
"202400024576";"155 738 491";"B01";"3";"1";"0";"2";"0";"1";"5";""
"202400024577";"155 738 488";"B01";"2";"30";"0";"2";"1";"1";"1";""
"202400024577";"155 738 489";"A01";"2";"10";"0";"2";"1";"15";"1";""
"202400024578";"155 738 486";"A01";"1";"7";"0";"2";"4";"23";"1";""
"202400024578";"155 738 487";"Z01";"1";"7";"0";"2";"1";"2";"1";""
"202400024579";"155 738 484";"B01";"1";"30";"0";"2";"1";"0";"1";""
"202400024579";"155 738 485";"A01";"1";"7";"0";"2";"4";"4";"1";""
"202400024580";"155 738 483";"A01";"3";"10";"0";"1";"0";"12";"0";""
"202400024581";"155 738 481";"A01";"2";"7";"0";"2";"4";"23";"1";""
"202400024581";"155 738 482";"B01";"2";"2";"0";"2";"1";"2";"1";""
"202400024582";"155 738 479";"A01";"2";"10";"0";"2";"3";"15";"1";""
"202400024582";"155 738 480";"B01";"2";"1";"0";"2";"1";"1";"5";""
"202400024583";"155 738 477";"B01";"1";"50";"0";"2";"1";"9";"3";""
"202400024583";"155 738 478";"A01";"1";"1";"0";"2";"1";"19";"5";""
"202400024584";"155 738 473";"C01";"0";"7";"0";"2";"4";"23";"1";""
"202400024584";"155 738 474";"A01";"0";"10";"0";"2";"1";"1";"1";""
"202400024584";"155 738 475";"D01";"0";"7";"0";"0";"4";"23";"1";""
"202400024584";"155 738 476";"B01";"0";"7";"0";"2";"4";"23";"2";""
"202400024585";"155 738 471";"A01";"1";"1";"0";"2";"1";"1";"5";""
"202400024585";"155 738 472";"B01";"1";"10";"0";"2";"4";"1";"1";""
"202400024586";"155 738 469";"B01";"1";"7";"0";"2";"8";"13";"2";""
"202400024586";"155 738 470";"A01";"1";"30";"0";"2";"7";"14";"3";""
"202400024587";"155 738 468";"A01";"2";"7";"0";"1";"1";"1";"2";""
"202400024588";"155 738 467";"A01";"2";"7";"0";"1";"3";"1";"2";""
"202400024589";"155 738 465";"A01";"1";"43";"0";"2";"1";"19";"1";""
"202400024589";"155 738 466";"B01";"2";"1";"0";"2";"1";"19";"5";""
"202400024590";"155 738 463";"B01";"1";"10";"0";"2";"1";"19";"1";""
"202400024590";"155 738 464";"A01";"1";"1";"0";"2";"7";"19";"5";""
"202400024591";"155 738 461";"A01";"1";"1";"0";"2";"2";"26";"5";""
"202400024591";"155 738 462";"B01";"2";"7";"0";"2";"3";"1";"2";""
"202400024592";"155 738 460";"A01";"3";"7";"0";"1";"7";"9";"3";""
"202400024593";"155 738 458";"Y01";"1";"50";"0";"2";"1";"0";"3";""
"202400024593";"155 738 459";"A01";"1";"7";"0";"2";"2";"16";"1";""
"202400024594";"155 738 456";"B01";"1";"33";"0";"2";"1";"1";"1";""
"202400024594";"155 738 457";"A01";"2";"7";"0";"2";"2";"15";"1";""
"202400024595";"155 738 455";"A01";"1";"7";"0";"1";"1";"15";"1";""
"202400024596";"155 738 453";"A01";"2";"7";"0";"2";"2";"1";"1";""
"202400024596";"155 738 454";"B01";"1";"7";"0";"2";"3";"1";"1";""
"202400024597";"155 738 451";"A01";"3";"10";"0";"2";"3";"1";"1";""
"202400024597";"155 738 452";"B01";"0";"32";"0";"2";"1";"1";"1";""
"202400024598";"155 738 449";"A01";"1";"13";"0";"2";"7";"9";"0";""
"202400024598";"155 738 450";"B01";"1";"10";"0";"2";"8";"2";"0";""
"202400024599";"155 738 447";"B01";"0";"1";"1";"0";"7";"1";"5";""
"202400024599";"155 738 448";"A01";"0";"7";"14";"0";"1";"1";"3";""
"202400024600";"155 738 445";"B01";"3";"7";"0";"2";"1";"1";"1";""
"202400024600";"155 738 446";"A01";"3";"7";"0";"2";"1";"16";"1";""
"202400024601";"155 738 443";"A01";"2";"7";"0";"2";"3";"16";"1";""
"202400024601";"155 738 444";"B01";"0";"50";"0";"2";"0";"0";"3";""
"202400024602";"155 738 440";"B01";"3";"7";"0";"2";"4";"26";"1";""
"202400024602";"155 738 441";"A01";"3";"7";"0";"2";"1";"2";"1";""
"202400024602";"155 738 442";"C01";"3";"7";"0";"0";"0";"0";"1";""
"202400024603";"155 738 439";"A01";"1";"1";"0";"0";"0";"2";"5";""
"202400024604";"155 738 437";"A01";"3";"7";"0";"2";"1";"1";"1";""
"202400024604";"155 738 438";"B01";"3";"7";"12";"0";"6";"16";"1";""
"202400024605";"155 738 436";"A01";"3";"7";"0";"1";"2";"1";"1";""
"202400024606";"155 738 435";"A01";"2";"31";"0";"1";"1";"1";"1";""
"202400024607";"155 738 433";"A01";"1";"7";"0";"9";"0";"1";"1";""
"202400024607";"155 738 434";"B01";"1";"33";"0";"0";"0";"23";"1";""
"202400024608";"155 738 431";"A01";"2";"33";"0";"2";"3";"1";"1";""
"202400024608";"155 738 432";"B01";"0";"7";"0";"2";"1";"15";"1";""
"202400024609";"155 738 430";"A01";"1";"7";"15";"0";"1";"6";"1";""
"202400024610";"155 738 428";"A01";"2";"2";"0";"2";"3";"1";"1";""
"202400024610";"155 738 429";"B01";"3";"7";"0";"2";"2";"16";"1";""
"202400024611";"155 738 427";"A01";"3";"10";"0";"1";"3";"15";"1";""
"202400024612";"155 738 425";"A01";"2";"7";"0";"2";"1";"2";"1";""
"202400024612";"155 738 426";"B01";"2";"7";"0";"2";"4";"2";"1";""
"202400024613";"155 738 422";"A01";"1";"7";"0";"1";"2";"1";"1";""
"202400024614";"155 738 421";"A01";"1";"10";"14";"0";"2";"1";"1";""
"202400024615";"155 738 419";"A01";"2";"10";"0";"2";"4";"1";"1";""
"202400024615";"155 738 420";"B01";"2";"7";"2";"0";"1";"1";"1";""
"202400024616";"155 738 418";"B01";"1";"7";"1";"0";"1";"1";"1";""
"202400024617";"155 738 416";"A01";"1";"7";"3";"2";"1";"13";"1";""
"202400024617";"155 738 417";"B01";"2";"7";"0";"2";"1";"1";"1";""
"202400024618";"155 738 414";"A01";"2";"7";"0";"2";"1";"11";"1";""
"202400024618";"155 738 415";"B01";"1";"7";"16";"2";"3";"1";"1";""
"202400024619";"155 738 412";"A01";"1";"7";"0";"2";"8";"13";"1";""
"202400024619";"155 738 413";"B01";"2";"7";"0";"2";"1";"1";"2";""
"202400024620";"155 738 410";"A01";"1";"7";"0";"2";"3";"13";"1";""
"202400024620";"155 738 411";"B01";"2";"7";"0";"2";"3";"1";"1";""
"202400024621";"155 738 408";"A01";"3";"33";"0";"2";"1";"1";"1";""
"202400024621";"155 738 409";"B01";"3";"33";"0";"2";"4";"1";"1";""
"202400024622";"155 738 407";"A01";"1";"7";"0";"9";"1";"1";"1";""
"202400024623";"155 738 406";"A01";"1";"7";"0";"1";"8";"1";"1";""
"202400024624";"155 738 404";"A01";"1";"33";"3";"2";"3";"13";"1";""
"202400024624";"155 738 405";"B01";"2";"21";"0";"2";"8";"1";"1";""
"202400024625";"155 738 403";"A01";"1";"33";"0";"0";"0";"9";"1";""
"202400024626";"155 738 401";"A01";"3";"7";"0";"2";"1";"13";"1";""
"202400024626";"155 738 402";"B01";"3";"7";"0";"2";"7";"1";"1";""
"202400024627";"155 738 399";"A01";"1";"7";"0";"2";"3";"1";"1";""
"202400024627";"155 738 400";"B01";"2";"7";"0";"2";"3";"1";"1";""
"202400024628";"155 738 397";"B01";"1";"7";"0";"2";"1";"1";"1";""
"202400024628";"155 738 398";"A01";"1";"10";"0";"2";"8";"19";"1";""
"202400024629";"155 738 395";"B01";"1";"17";"0";"2";"8";"1";"1";""
"202400024629";"155 738 396";"A01";"2";"7";"0";"2";"3";"13";"1";""
"202400024630";"155 738 394";"A01";"2";"2";"12";"0";"7";"16";"1";""
"202400024631";"155 738 393";"A01";"2";"10";"0";"0";"9";"1";"1";""
"202400024632";"155 738 392";"A01";"1";"7";"0";"0";"1";"1";"1";""
"202400024633";"155 738 391";"A01";"3";"7";"2";"0";"1";"0";"1";""
"202400024634";"155 738 390";"A01";"2";"7";"0";"1";"6";"4";"1";""
"202400024635";"155 738 387";"B01";"2";"7";"0";"0";"5";"2";"1";""
"202400024635";"155 738 388";"A01";"2";"33";"0";"2";"3";"2";"1";""
"202400024636";"155 738 386";"A01";"1";"15";"2";"0";"3";"1";"1";""
"202400024637";"155 738 384";"A01";"1";"10";"0";"2";"1";"5";"1";""
"202400024637";"155 738 385";"B01";"2";"15";"0";"2";"1";"1";"1";""
"202400024638";"155 738 382";"B01";"2";"17";"0";"0";"6";"1";"1";""
"202400024638";"155 738 383";"A01";"2";"7";"5";"2";"2";"0";"1";""
"202400024639";"155 738 380";"A01";"1";"7";"0";"2";"1";"13";"1";""
"202400024639";"155 738 381";"B01";"2";"7";"0";"2";"1";"1";"1";""
"202400024640";"155 738 378";"A01";"1";"7";"0";"2";"1";"1";"1";""
"202400024640";"155 738 379";"B01";"2";"7";"0";"2";"1";"1";"1";""
"202400024641";"155 738 376";"A01";"1";"7";"13";"2";"7";"15";"1";""
"202400024641";"155 738 377";"B01";"2";"33";"0";"2";"1";"1";"1";""
"202400024642";"155 738 371";"D01";"2";"7";"0";"2";"1";"2";"1";""
"202400024642";"155 738 372";"E01";"2";"10";"0";"2";"1";"2";"1";""
"202400024642";"155 738 373";"A01";"2";"7";"4";"2";"4";"2";"1";""
"202400024642";"155 738 374";"B01";"2";"7";"0";"2";"8";"1";"1";""
"202400024642";"155 738 375";"C01";"2";"7";"4";"2";"9";"2";"1";""
"202400024643";"155 738 370";"A01";"3";"7";"0";"1";"3";"1";"2";""
"202400024644";"155 738 368";"A01";"1";"10";"0";"2";"1";"2";"1";""
"202400024644";"155 738 369";"B01";"1";"7";"0";"2";"4";"1";"1";""
"202400024645";"155 738 366";"A01";"1";"13";"3";"0";"3";"2";"1";""
"202400024645";"155 738 367";"B01";"2";"7";"0";"2";"0";"11";"1";""
"202400024646";"155 738 364";"B01";"1";"7";"0";"2";"1";"1";"1";""
"202400024646";"155 738 365";"A01";"2";"7";"0";"2";"3";"17";"1";""
"202400024647";"155 738 362";"A01";"3";"7";"0";"0";"0";"15";"1";""
"202400024647";"155 738 363";"B01";"3";"31";"12";"0";"9";"1";"1";""
"202400024648";"155 738 360";"B01";"1";"7";"0";"2";"7";"16";"1";""
"202400024648";"155 738 361";"A01";"1";"2";"0";"2";"3";"25";"1";""
"202400024649";"155 738 359";"A01";"2";"7";"0";"1";"3";"1";"1";""
"202400024650";"155 738 358";"A01";"3";"7";"0";"1";"2";"0";"1";""
"202400024651";"155 738 357";"A01";"2";"7";"13";"0";"3";"13";"1";""
"202400024652";"155 738 355";"B01";"2";"15";"0";"2";"1";"1";"0";""
"202400024652";"155 738 356";"A01";"1";"7";"0";"2";"1";"0";"1";""
"202400024653";"155 738 353";"A01";"1";"7";"0";"2";"1";"17";"1";""
"202400024653";"155 738 354";"B01";"2";"7";"0";"2";"1";"1";"1";""
"202400024654";"155 738 350";"A01";"1";"7";"0";"1";"1";"1";"1";""
"202400024655";"155 738 347";"A01";"1";"7";"0";"2";"1";"2";"1";""
"202400024655";"155 738 348";"B01";"1";"7";"0";"2";"4";"2";"1";""
"202400024655";"155 738 349";"C01";"1";"10";"0";"2";"4";"2";"1";""
"202400024656";"155 738 344";"B01";"1";"7";"4";"2";"6";"24";"1";""
"202400024656";"155 738 345";"A01";"1";"7";"4";"2";"2";"14";"1";""
"202400024656";"155 738 346";"C01";"1";"7";"4";"2";"5";"23";"2";""
"202400024657";"155 738 341";"A01";"2";"7";"0";"2";"4";"1";"1";""
"202400024657";"155 738 342";"B01";"2";"10";"0";"2";"1";"1";"1";""
"202400024657";"155 738 343";"C01";"2";"10";"0";"2";"1";"2";"3";""
"202400024658";"155 738 339";"A01";"3";"7";"0";"2";"3";"1";"1";""
"202400024658";"155 738 340";"B01";"3";"32";"0";"2";"2";"0";"1";""
"202400024659";"155 738 336";"B01";"1";"7";"0";"2";"4";"2";"1";""
"202400024659";"155 738 337";"A01";"1";"7";"0";"2";"1";"2";"1";""
"202400024659";"155 738 338";"C01";"1";"7";"0";"2";"4";"2";"2";""
"202400024660";"155 738 334";"A01";"2";"33";"0";"2";"8";"2";"1";""
"202400024660";"155 738 335";"Z01";"2";"7";"0";"2";"0";"17";"0";""
"202400024661";"155 738 332";"B01";"2";"7";"0";"2";"4";"2";"1";""