"Num_Acc";"id_vehicule";"num_veh";"senc";"catv";"obs";"obsm";"choc";"manv";"motor";"occutc"
"202400025275";"155 737 266";"B01";"2";"7";"0";"2";"0";"0";"1";""
"202400025276";"155 737 262";"A01";"3";"7";"0";"2";"3";"15";"1";""
"202400025276";"155 737 263";"B01";"3";"31";"0";"2";"1";"17";"1";""
"202400025277";"155 737 261";"VA01";"3";"7";"2";"0";"9";"13";"2";""
"202400025278";"155 737 260";"A01";"1";"33";"15";"0";"1";"2";"1";""
"202400025279";"155 737 258";"A01";"2";"7";"0";"2";"3";"15";"1";""
"202400025279";"155 737 259";"B01";"1";"31";"0";"2";"1";"21";"1";""
"202400025280";"155 737 257";"A01";"1";"7";"9";"0";"1";"0";"1";""
"202400025281";"155 737 255";"A01";"1";"7";"0";"2";"3";"15";"1";""
"202400025281";"155 737 256";"B01";"2";"33";"0";"2";"3";"18";"1";""
"202400025282";"155 737 252";"B01";"1";"15";"0";"2";"1";"1";"1";""
"202400025282";"155 737 254";"A01";"2";"7";"0";"2";"1";"5";"1";""
"202400025283";"155 737 251";"B01";"3";"10";"0";"2";"2";"19";"1";""
"202400025283";"155 737 253";"A01";"3";"42";"0";"2";"2";"19";"1";""
"202400025284";"155 737 250";"A01";"2";"7";"2";"0";"1";"13";"1";""
"202400025285";"155 737 248";"A01";"3";"3";"0";"2";"1";"2";"1";""
"202400025285";"155 737 249";"B01";"3";"10";"0";"2";"4";"2";"1";""
"202400025286";"155 737 245";"C01";"1";"7";"0";"2";"1";"21";"1";""
"202400025286";"155 737 246";"B01";"2";"10";"13";"2";"8";"21";"1";""
"202400025286";"155 737 247";"A01";"2";"7";"0";"2";"3";"17";"1";""
"202400025287";"155 737 243";"B01";"1";"40";"0";"2";"3";"1";"3";""
"202400025287";"155 737 244";"A01";"1";"10";"9";"4";"1";"20";"1";""
"202400025288";"155 737 241";"B01";"2";"33";"0";"2";"3";"2";"1";""
"202400025288";"155 737 242";"A01";"3";"33";"0";"2";"5";"1";"1";""
"202400025289";"155 737 240";"A01";"2";"7";"0";"1";"2";"1";"1";""
"202400025290";"155 737 239";"A01";"2";"7";"3";"0";"0";"2";"1";""
"202400025291";"155 737 236";"A01";"1";"7";"0";"2";"3";"0";"1";""
"202400025291";"155 737 238";"B01";"2";"14";"0";"2";"7";"26";"0";""
"202400025292";"155 737 235";"A01";"3";"1";"0";"2";"0";"15";"5";""
"202400025292";"155 737 237";"B01";"3";"31";"0";"2";"0";"1";"1";""
"202400025293";"155 737 232";"A01";"3";"7";"0";"2";"2";"16";"1";""
"202400025293";"155 737 233";"B01";"3";"1";"0";"2";"0";"0";"5";""
"202400025294";"155 737 231";"B01";"1";"1";"0";"2";"1";"15";"5";""
"202400025294";"155 737 234";"A01";"2";"7";"0";"9";"1";"15";"1";""
"202400025295";"155 737 228";"B01";"2";"7";"0";"2";"1";"2";"2";""
"202400025295";"155 737 230";"A01";"1";"7";"1";"0";"2";"1";"1";""
"202400025296";"155 737 227";"B01";"1";"2";"0";"2";"1";"0";"1";""
"202400025296";"155 737 229";"A01";"2";"7";"0";"2";"3";"15";"1";""
"202400025297";"155 737 225";"B01";"1";"37";"0";"2";"2";"1";"1";"1"
"202400025297";"155 737 226";"A01";"1";"50";"0";"2";"1";"1";"3";""
"202400025298";"155 737 221";"B01";"3";"2";"0";"2";"1";"0";"1";""
"202400025298";"155 737 222";"A01";"0";"7";"0";"2";"2";"15";"3";""
"202400025299";"155 737 223";"A01";"2";"2";"0";"2";"1";"1";"1";""
"202400025299";"155 737 224";"B01";"1";"10";"0";"2";"1";"15";"3";""
"202400025300";"155 737 219";"A01";"2";"7";"0";"1";"0";"16";"2";""
"202400025301";"155 737 218";"A01";"1";"1";"0";"0";"4";"2";"5";""
"202400025301";"155 737 220";"B01";"1";"1";"0";"2";"1";"2";"5";""
"202400025302";"155 737 214";"A01";"1";"7";"2";"2";"8";"1";"1";""
"202400025302";"155 737 215";"B01";"2";"7";"2";"2";"8";"1";"1";""
"202400025303";"155 737 210";"D01";"1";"7";"0";"2";"8";"1";"1";""
"202400025303";"155 737 211";"C01";"2";"7";"0";"2";"4";"1";"1";""
"202400025303";"155 737 212";"A01";"1";"7";"16";"2";"1";"5";"1";""
"202400025303";"155 737 213";"B01";"2";"7";"0";"2";"2";"1";"1";""
"202400025304";"155 737 209";"A01";"1";"7";"0";"1";"2";"1";"1";""
"202400025305";"155 737 207";"B01";"1";"1";"0";"2";"8";"1";"5";""
"202400025305";"155 737 208";"A01";"1";"37";"0";"2";"7";"1";"1";"1"
"202400025306";"155 737 204";"A01";"0";"7";"0";"1";"1";"1";"1";""
"202400025307";"155 737 205";"A01";"1";"7";"0";"2";"1";"15";"1";""
"202400025307";"155 737 206";"B01";"2";"7";"0";"2";"1";"1";"1";""
"202400025308";"155 737 203";"A01";"2";"7";"0";"1";"1";"1";"1";""
"202400025309";"155 737 202";"A01";"3";"7";"0";"1";"8";"21";"1";""
"202400025310";"155 737 199";"A01";"1";"7";"0";"2";"3";"19";"1";""
"202400025310";"155 737 201";"B01";"2";"7";"0";"2";"3";"1";"3";""
"202400025311";"155 737 196";"A01";"0";"10";"0";"0";"4";"26";"1";""
"202400025311";"155 737 198";"B01";"0";"7";"0";"2";"4";"26";"1";""
"202400025311";"155 737 200";"C01";"0";"7";"14";"0";"1";"1";"1";""
"202400025312";"155 737 195";"A01";"2";"50";"0";"1";"1";"1";"3";""
"202400025313";"155 737 192";"A01";"0";"7";"0";"0";"3";"15";"1";""
"202400025313";"155 737 194";"B01";"0";"31";"0";"2";"1";"1";"1";""
"202400025314";"155 737 191";"A01";"3";"2";"0";"2";"1";"2";"1";""
"202400025314";"155 737 193";"B01";"3";"43";"0";"2";"1";"1";"1";""
"202400025315";"155 737 188";"A01";"0";"7";"0";"1";"1";"2";"1";""
"202400025316";"155 737 189";"A01";"3";"7";"0";"2";"2";"1";"1";""
"202400025316";"155 737 190";"B01";"3";"1";"0";"2";"0";"19";"5";""
"202400025317";"155 737 185";"B01";"2";"7";"0";"2";"4";"1";"1";""
"202400025317";"155 737 187";"A01";"2";"7";"0";"2";"1";"2";"1";""
"202400025318";"155 737 184";"A01";"1";"10";"0";"2";"7";"1";"1";""
"202400025318";"155 737 186";"B01";"1";"7";"0";"2";"8";"1";"1";""
"202400025319";"155 737 182";"A01";"3";"7";"0";"2";"1";"1";"1";""
"202400025319";"155 737 183";"B01";"3";"2";"0";"2";"7";"15";"1";""
"202400025320";"155 737 179";"A01";"3";"3";"0";"1";"1";"1";"1";""
"202400025321";"155 737 175";"A01";"2";"7";"0";"1";"1";"2";"1";""
"202400025322";"155 737 176";"A01";"1";"7";"0";"2";"1";"1";"1";""
"202400025322";"155 737 177";"B01";"1";"7";"0";"2";"9";"23";"1";""
"202400025322";"155 737 178";"C01";"1";"7";"0";"2";"9";"23";"1";""
"202400025322";"155 737 180";"D01";"1";"7";"0";"2";"4";"23";"1";""
"202400025322";"155 737 181";"E01";"1";"7";"0";"2";"4";"23";"1";""
"202400025323";"155 737 171";"A01";"3";"7";"0";"2";"1";"2";"1";""
"202400025323";"155 737 173";"B01";"3";"7";"0";"2";"1";"1";"1";""
"202400025324";"155 737 169";"A01";"2";"7";"4";"2";"1";"2";"1";""
"202400025324";"155 737 170";"B01";"2";"7";"4";"2";"4";"2";"1";""
"202400025324";"155 737 172";"C01";"2";"7";"4";"2";"4";"2";"1";""
"202400025324";"155 737 174";"D01";"2";"7";"4";"2";"4";"2";"2";""
"202400025325";"155 737 168";"A01";"2";"7";"0";"1";"1";"15";"1";""
"202400025326";"155 737 164";"B01";"1";"33";"0";"2";"1";"0";"0";""
"202400025326";"155 737 166";"A01";"1";"7";"0";"2";"3";"2";"1";""
"202400025327";"155 737 163";"C01";"1";"10";"0";"2";"4";"2";"1";""
"202400025327";"155 737 165";"A01";"1";"7";"0";"2";"1";"2";"1";""
"202400025327";"155 737 167";"B01";"1";"7";"0";"2";"4";"2";"1";""
"202400025328";"155 737 160";"A01";"2";"7";"0";"2";"2";"19";"1";""
"202400025328";"155 737 162";"B01";"2";"33";"0";"2";"1";"26";"1";""
"202400025329";"155 737 159";"A01";"1";"33";"3";"2";"1";"3";"1";""
"202400025329";"155 737 161";"B01";"1";"7";"3";"2";"6";"11";"1";""
"202400025330";"155 737 155";"B01";"2";"10";"0";"2";"2";"21";"1";""
"202400025330";"155 737 157";"C01";"2";"7";"0";"2";"6";"2";"2";""
"202400025330";"155 737 158";"A01";"2";"7";"0";"2";"1";"2";"1";""
"202400025331";"155 737 154";"A01";"2";"7";"0";"2";"6";"11";"2";""
"202400025331";"155 737 156";"B01";"2";"34";"0";"2";"1";"3";"1";""
"202400025332";"155 737 152";"A01";"2";"10";"0";"2";"7";"12";"1";""
"202400025332";"155 737 153";"B01";"2";"33";"0";"2";"3";"1";"1";""
"202400025333";"155 737 148";"A01";"2";"17";"0";"2";"2";"12";"1";""
"202400025333";"155 737 150";"B01";"2";"7";"0";"2";"8";"1";"2";""
"202400025334";"155 737 144";"A01";"2";"1";"0";"2";"1";"1";"5";""
"202400025334";"155 737 146";"B01";"1";"10";"0";"2";"1";"1";"1";""
"202400025335";"155 737 145";"B01";"1";"7";"0";"2";"1";"1";"1";""
"202400025335";"155 737 147";"D01";"1";"7";"0";"2";"6";"1";"1";""
"202400025335";"155 737 149";"C01";"1";"7";"0";"2";"4";"0";"1";""
"202400025335";"155 737 151";"A01";"1";"7";"0";"2";"1";"1";"1";""
"202400025336";"155 737 141";"A01";"2";"1";"0";"2";"1";"2";"5";""
"202400025336";"155 737 143";"B01";"1";"7";"0";"9";"1";"0";"2";""
"202400025337";"155 737 139";"C01";"1";"7";"0";"2";"5";"1";"1";""
"202400025337";"155 737 140";"A01";"1";"33";"0";"2";"2";"3";"1";""
"202400025337";"155 737 142";"B01";"1";"7";"0";"2";"3";"17";"1";""
"202400025338";"155 737 137";"A01";"2";"1";"0";"2";"2";"1";"5";""
"202400025338";"155 737 138";"Z01";"2";"33";"0";"9";"0";"1";"0";""
"202400025339";"155 737 135";"B01";"1";"7";"0";"2";"4";"11";"1";""
"202400025339";"155 737 136";"A01";"1";"33";"0";"2";"1";"3";"1";""
"202400025340";"155 737 133";"A01";"1";"7";"0";"2";"1";"16";"1";""
"202400025340";"155 737 134";"B01";"1";"60";"0";"2";"8";"19";"5";""
"202400025341";"155 737 131";"A01";"2";"31";"0";"2";"1";"3";"1";""
"202400025341";"155 737 132";"B01";"2";"7";"0";"2";"5";"12";"1";""
"202400025342";"155 737 129";"B01";"1";"32";"0";"2";"8";"1";"1";""
"202400025342";"155 737 130";"A01";"2";"37";"0";"2";"2";"21";"3";"1"
"202400025343";"155 737 126";"A01";"1";"10";"0";"2";"1";"2";"1";""
"202400025343";"155 737 127";"C01";"1";"7";"0";"2";"4";"2";"1";""
"202400025343";"155 737 128";"B01";"1";"7";"0";"2";"4";"2";"2";""
"202400025344";"155 737 124";"B01";"1";"7";"0";"2";"1";"1";"2";""
"202400025344";"155 737 125";"A01";"0";"50";"0";"2";"7";"19";"3";""
"202400025345";"155 737 122";"A01";"1";"31";"0";"2";"8";"3";"1";""
"202400025345";"155 737 123";"B01";"1";"7";"0";"2";"3";"14";"1";""
"202400025346";"155 737 121";"A01";"3";"7";"4";"0";"1";"9";"1";""
"202400025347";"155 737 119";"A01";"3";"7";"0";"1";"1";"15";"2";""
"202400025348";"155 737 118";"A01";"2";"33";"0";"2";"1";"3";"1";""
"202400025348";"155 737 120";"B01";"2";"17";"0";"2";"6";"2";"1";""
"202400025349";"155 737 116";"A01";"1";"7";"0";"1";"1";"1";"1";""
"202400025350";"155 737 115";"B01";"1";"33";"0";"2";"2";"1";"1";""
"202400025350";"155 737 117";"A01";"3";"1";"0";"2";"7";"15";"5";""
"202400025351";"155 737 112";"B01";"2";"50";"0";"2";"4";"1";"3";""
"202400025351";"155 737 113";"A01";"2";"7";"0";"2";"1";"1";"0";""
"202400025352";"155 737 111";"B01";"2";"7";"0";"2";"0";"1";"1";""
"202400025352";"155 737 114";"A01";"2";"7";"3";"2";"0";"0";"1";""
"202400025353";"155 737 110";"A01";"2";"10";"0";"1";"1";"19";"3";""
"202400025354";"155 737 107";"A01";"1";"7";"0";"2";"1";"2";"1";""
"202400025354";"155 737 108";"C01";"1";"7";"0";"2";"4";"1";"1";""
"202400025354";"155 737 109";"B01";"1";"7";"0";"2";"1";"2";"1";""
"202400025355";"155 737 104";"A01";"2";"7";"1";"2";"2";"19";"1";""
"202400025355";"155 737 105";"B01";"3";"10";"0";"2";"2";"24";"1";""
"202400025355";"155 737 106";"C01";"2";"7";"0";"2";"3";"1";"1";""
"202400025356";"155 737 102";"B01";"1";"1";"0";"2";"1";"1";"5";""
"202400025356";"155 737 103";"A01";"1";"7";"0";"2";"8";"1";"1";""
"202400025357";"155 737 100";"A01";"1";"1";"0";"0";"0";"0";"5";""
"202400025358";"155 737 099";"A01";"2";"1";"0";"1";"1";"1";"5";""
"202400025359";"155 737 097";"A01";"2";"43";"4";"0";"1";"1";"1";""
"202400025360";"155 737 096";"A01";"1";"7";"0";"2";"0";"1";"1";""
"202400025360";"155 737 098";"B01";"1";"60";"0";"2";"0";"1";"5";""
"202400025361";"155 737 095";"A01";"3";"80";"14";"1";"1";"1";"3";""
"202400025362";"155 737 094";"A01";"1";"2";"0";"0";"8";"0";"1";""
"202400025363";"155 737 093";"A01";"1";"7";"0";"1";"2";"15";"1";""
"202400025364";"155 737 091";"B01";"1";"60";"0";"2";"7";"1";"5";""
"202400025364";"155 737 092";"A01";"2";"7";"0";"2";"0";"0";"1";""
"202400025365";"155 737 090";"A01";"3";"34";"1";"0";"2";"26";"1";""
"202400025366";"155 737 089";"A01";"1";"41";"0";"0";"0";"0";"1";""
"202400025367";"155 737 087";"A01";"0";"37";"1";"0";"0";"0";"1";"5"
"202400025368";"155 737 086";"B01";"2";"50";"0";"2";"0";"1";"3";""
"202400025368";"155 737 088";"A01";"2";"7";"0";"2";"0";"1";"1";""
"202400025369";"155 737 083";"A01";"1";"7";"0";"2";"3";"5";"1";""
"202400025369";"155 737 085";"B01";"2";"30";"0";"2";"3";"21";"1";""
"202400025370";"155 737 082";"A01";"2";"1";"0";"2";"0";"1";"5";""
"202400025370";"155 737 084";"B01";"2";"7";"0";"2";"0";"0";"1";""
"202400025371";"155 737 079";"A01";"1";"30";"0";"2";"8";"15";"1";""
"202400025371";"155 737 081";"B01";"1";"37";"0";"2";"1";"1";"0";"2"
"202400025372";"155 737 078";"B01";"2";"2";"0";"2";"0";"0";"1";""
"202400025372";"155 737 080";"A01";"2";"7";"0";"2";"0";"0";"1";""
"202400025373";"155 737 077";"A01";"3";"7";"0";"1";"8";"0";"1";""
"202400025374";"155 737 074";"A01";"1";"7";"0";"2";"3";"15";"1";""
"202400025374";"155 737 075";"B01";"1";"30";"16";"0";"0";"0";"1";""
"202400025375";"155 737 073";"B01";"3";"7";"0";"2";"2";"1";"1";""
"202400025375";"155 737 076";"A01";"3";"10";"0";"2";"1";"5";"1";""
"202400025376";"155 737 070";"Z01";"0";"7";"0";"2";"1";"0";"0";""
"202400025376";"155 737 071";"A01";"1";"7";"0";"2";"8";"0";"1";""
"202400025377";"155 737 069";"A01";"1";"14";"0";"2";"7";"17";"1";""
"202400025377";"155 737 072";"B01";"1";"80";"0";"2";"8";"1";"3";""
"202400025378";"155 737 066";"A01";"3";"7";"0";"2";"4";"1";"1";""
"202400025378";"155 737 068";"B01";"3";"7";"0";"2";"1";"1";"1";""
"202400025379";"155 737 067";"A01";"1";"34";"1";"1";"9";"1";"1";""
"202400025380";"155 737 065";"A01";"1";"7";"0";"1";"1";"0";"1";""
"202400025381";"155 737 064";"A01";"2";"10";"0";"1";"1";"1";"1";""
"202400025382";"155 737 063";"A01";"0";"7";"0";"1";"2";"1";"1";""
"202400025383";"155 737 062";"A01";"0";"7";"0";"1";"1";"19";"1";""
"202400025384";"155 737 061";"A01";"1";"7";"0";"1";"3";"2";"1";""
"202400025385";"155 737 059";"A01";"0";"7";"0";"1";"1";"1";"2";""
"202400025386";"155 737 058";"B01";"1";"33";"0";"2";"1";"1";"1";""
"202400025386";"155 737 060";"A01";"2";"7";"0";"2";"7";"1";"1";""
"202400025387";"155 737 055";"B01";"1";"1";"0";"2";"8";"2";"5";""
"202400025387";"155 737 056";"A01";"1";"7";"0";"2";"7";"17";"1";""
"202400025388";"155 737 054";"B01";"2";"1";"0";"2";"2";"15";"5";""
"202400025388";"155 737 057";"A01";"1";"7";"0";"2";"1";"1";"1";""
"202400025389";"155 737 052";"A01";"1";"99";"0";"0";"0";"2";"3";""
"202400025390";"155 737 051";"A01";"1";"7";"0";"2";"1";"1";"1";""
"202400025390";"155 737 053";"B01";"1";"10";"10";"0";"4";"2";"1";""
"202400025391";"155 737 050";"A01";"1";"7";"3";"0";"1";"2";"1";""
"202400025392";"155 737 049";"A01";"2";"33";"15";"0";"1";"1";"1";""
"202400025393";"155 737 046";"A01";"1";"7";"0";"2";"3";"15";"1";""
"202400025393";"155 737 048";"B01";"1";"32";"0";"2";"1";"15";"1";""
"202400025394";"155 737 045";"B01";"1";"10";"0";"2";"4";"2";"1";""
"202400025394";"155 737 047";"A01";"1";"7";"0";"2";"1";"1";"3";""
"202400025395";"155 737 044";"A01";"1";"32";"0";"1";"1";"1";"1";""
"202400025396";"155 737 043";"A01";"1";"7";"0";"1";"1";"1";"1";""
"202400025397";"155 737 041";"A01";"1";"7";"0";"2";"2";"15";"1";""
"202400025397";"155 737 042";"B01";"2";"32";"0";"2";"8";"18";"1";""
"202400025398";"155 737 038";"A01";"1";"15";"0";"2";"2";"2";"1";""
"202400025398";"155 737 040";"B01";"1";"7";"0";"2";"4";"16";"1";""
"202400025399";"155 737 037";"A01";"3";"7";"0";"9";"3";"2";"1";""
"202400025399";"155 737 039";"B01";"3";"50";"0";"2";"7";"2";"3";""
"202400025400";"155 737 036";"A01";"2";"10";"0";"1";"1";"2";"1";""
"202400025401";"155 737 035";"A01";"3";"10";"0";"1";"4";"4";"1";""
"202400025402";"155 737 032";"A01";"2";"7";"0";"2";"3";"5";"1";""
"202400025402";"155 737 034";"B01";"1";"7";"0";"2";"3";"1";"1";""
"202400025403";"155 737 033";"B01";"2";"7";"0";"1";"1";"15";"1";""
"202400025404";"155 737 028";"A01";"1";"2";"0";"2";"1";"5";"1";""
"202400025404";"155 737 030";"B01";"1";"14";"0";"2";"8";"15";"1";""
"202400025405";"155 737 027";"A01";"1";"7";"0";"2";"1";"1";"1";""
"202400025405";"155 737 029";"B01";"1";"10";"0";"2";"4";"1";"1";""
"202400025405";"155 737 031";"C01";"1";"7";"0";"2";"4";"1";"1";""
"202400025406";"155 737 025";"A01";"2";"37";"0";"9";"1";"1";"1";"3"
"202400025407";"155 737 024";"A01";"2";"7";"13";"0";"6";"1";"1";""
"202400025408";"155 737 023";"B01";"3";"7";"0";"2";"2";"1";"1";""
"202400025408";"155 737 026";"A01";"3";"7";"0";"2";"1";"19";"1";""
"202400025409";"155 737 021";"A01";"2";"7";"8";"0";"8";"26";"1";""
"202400025410";"155 737 020";"A01";"2";"34";"0";"2";"1";"2";"1";""
"202400025410";"155 737 022";"B01";"2";"7";"0";"2";"4";"2";"1";""
"202400025411";"155 737 018";"A01";"1";"7";"0";"1";"1";"1";"1";""
"202400025412";"155 737 017";"B01";"1";"17";"0";"2";"8";"1";"1";""
"202400025412";"155 737 019";"A01";"3";"31";"0";"2";"1";"19";"1";""
"202400025413";"155 737 015";"A01";"1";"10";"0";"2";"1";"13";"1";""
"202400025413";"155 737 016";"B01";"2";"7";"0";"2";"3";"1";"1";""
"202400025414";"155 737 013";"A01";"3";"7";"0";"2";"1";"15";"1";""
"202400025414";"155 737 014";"B01";"3";"7";"0";"2";"3";"1";"1";""
"202400025415";"155 737 011";"A01";"2";"17";"0";"2";"6";"13";"1";""
"202400025415";"155 737 012";"B01";"2";"7";"0";"2";"2";"17";"1";""
"202400025416";"155 737 008";"A01";"2";"2";"0";"0";"0";"1";"1";""
"202400025416";"155 737 010";"B01";"1";"7";"0";"2";"3";"1";"1";""
"202400025417";"155 737 007";"A01";"2";"7";"0";"2";"4";"1";"1";""
"202400025417";"155 737 009";"B01";"2";"7";"0";"2";"1";"1";"1";""
"202400025418";"155 737 006";"A01";"1";"7";"1";"0";"2";"14";"6";""
"202400025419";"155 737 004";"A01";"3";"7";"0";"2";"2";"16";"1";""
"202400025419";"155 737 005";"B01";"3";"7";"0";"2";"3";"1";"1";""
"202400025420";"155 737 002";"A01";"1";"7";"13";"0";"2";"1";"1";""
"202400025421";"155 737 001";"A01";"2";"7";"0";"2";"2";"1";"1";""
"202400025421";"155 737 003";"B01";"2";"32";"0";"2";"5";"23";"1";""
"202400025422";"155 736 998";"A01";"2";"7";"0";"2";"1";"1";"1";""
"202400025422";"155 737 000";"B01";"1";"10";"0";"2";"1";"1";"1";""
"202400025423";"155 736 997";"A01";"3";"7";"0";"2";"1";"2";"1";""
"202400025423";"155 736 999";"B01";"3";"7";"0";"2";"2";"15";"2";""
"202400025424";"155 736 995";"B01";"2";"7";"0";"2";"3";"13";"1";""
"202400025424";"155 736 996";"A01";"1";"7";"0";"2";"3";"1";"1";""
"202400025425";"155 736 994";"A01";"0";"7";"0";"1";"2";"1";"1";""
"202400025426";"155 736 993";"A01";"1";"7";"8";"0";"1";"1";"1";""
"202400025427";"155 736 991";"A01";"1";"7";"0";"1";"1";"1";"1";""
"202400025428";"155 736 990";"A01";"1";"7";"0";"2";"1";"1";"1";""
"202400025428";"155 736 992";"B01";"2";"7";"0";"2";"7";"1";"1";""
"202400025429";"155 736 987";"A01";"1";"7";"0";"2";"1";"13";"1";""
"202400025429";"155 736 988";"B01";"2";"7";"0";"2";"1";"1";"1";""
"202400025430";"155 736 986";"B01";"3";"50";"0";"2";"2";"1";"3";""
"202400025430";"155 736 989";"A01";"3";"7";"0";"2";"3";"16";"1";""
"202400025431";"155 736 985";"A01";"2";"7";"13";"0";"0";"1";"1";""
"202400025432";"155 736 983";"A01";"1";"7";"0";"2";"3";"2";"1";""
"202400025432";"155 736 984";"B01";"2";"33";"0";"2";"2";"2";"1";""
"202400025433";"155 736 982";"A01";"2";"7";"0";"1";"3";"21";"1";""
"202400025434";"155 736 980";"A01";"2";"7";"0";"2";"3";"0";"1";""
"202400025434";"155 736 981";"B01";"1";"32";"0";"2";"8";"15";"1";""
"202400025435";"155 736 979";"A01";"2";"7";"6";"0";"3";"1";"1";""
"202400025436";"155 736 977";"A01";"1";"32";"0";"2";"1";"9";"0";""
"202400025436";"155 736 978";"B01";"1";"7";"0";"2";"7";"1";"0";""
"202400025437";"155 736 973";"A01";"1";"33";"4";"2";"1";"1";"1";""
"202400025437";"155 736 974";"B01";"2";"7";"0";"2";"3";"1";"1";""
"202400025438";"155 736 972";"A01";"1";"7";"0";"2";"8";"16";"1";""
"202400025438";"155 736 975";"B01";"1";"7";"0";"2";"1";"1";"1";""
"202400025438";"155 736 976";"C01";"2";"15";"0";"2";"8";"1";"1";""
"202400025439";"155 736 971";"A01";"3";"7";"0";"2";"7";"26";"1";""
"202400025440";"155 736 969";"A01";"1";"7";"0";"2";"1";"13";"1";""
"202400025440";"155 736 970";"B01";"2";"7";"0";"2";"1";"1";"1";""
"202400025441";"155 736 968";"A01";"3";"10";"8";"0";"2";"26";"0";""
"202400025442";"155 736 966";"B01";"1";"7";"0";"2";"1";"1";"1";""
"202400025442";"155 736 967";"A01";"1";"7";"0";"2";"1";"9";"1";""
"202400025443";"155 736 965";"A01";"1";"7";"0";"1";"1";"1";"1";""
"202400025444";"155 736 962";"Z01";"1";"15";"0";"2";"0";"0";"0";""
"202400025444";"155 736 964";"B01";"3";"30";"0";"2";"0";"14";"1";""
"202400025445";"155 736 961";"A01";"1";"7";"0";"2";"3";"2";"1";""
"202400025445";"155 736 963";"B01";"2";"7";"0";"2";"3";"1";"1";""
"202400025446";"155 736 960";"A01";"1";"34";"0";"1";"1";"1";"0";""
"202400025447";"155 736 958";"A01";"1";"7";"0";"2";"1";"13";"1";""
"202400025447";"155 736 959";"B01";"2";"7";"0";"2";"1";"1";"2";""
"202400025448";"155 736 956";"B01";"1";"33";"8";"2";"1";"1";"1";""
"202400025448";"155 736 957";"A01";"2";"7";"0";"2";"3";"15";"1";""
"202400025449";"155 736 954";"A01";"1";"7";"0";"2";"1";"13";"1";""
"202400025449";"155 736 955";"B01";"2";"7";"0";"2";"1";"1";"2";""
"202400025450";"155 736 952";"A01";"3";"1";"0";"2";"1";"13";"5";""
"202400025450";"155 736 953";"B01";"3";"7";"0";"2";"3";"15";"1";""
"202400025451";"155 736 950";"A01";"2";"7";"0";"2";"5";"1";"1";""
"202400025451";"155 736 951";"B01";"1";"7";"0";"2";"1";"1";"1";""
"202400025452";"155 736 948";"A01";"2";"7";"0";"0";"2";"14";"1";""
"202400025453";"155 736 947";"A01";"1";"32";"0";"2";"0";"0";"1";""
"202400025453";"155 736 949";"B01";"1";"7";"0";"2";"0";"15";"1";""
"202400025454";"155 736 945";"A01";"1";"7";"0";"2";"1";"1";"1";""
"202400025454";"155 736 946";"B01";"2";"7";"0";"2";"1";"17";"1";""
"202400025455";"155 736 944";"A01";"3";"7";"0";"1";"1";"16";"2";""
"202400025456";"155 736 943";"A01";"2";"7";"2";"0";"9";"1";"1";""
"202400025457";"155 736 939";"A01";"0";"7";"0";"2";"1";"1";"1";""
"202400025457";"155 736 941";"B01";"0";"7";"0";"2";"1";"1";"0";""
"202400025458";"155 736 940";"A01";"0";"7";"0";"2";"0";"9";"1";""
"202400025458";"155 736 942";"B01";"0";"7";"0";"2";"0";"1";"1";""
"202400025459";"155 736 938";"A01";"1";"7";"0";"1";"3";"1";"1";""
"202400025460";"155 736 934";"B01";"3";"7";"0";"2";"1";"1";"1";""
"202400025460";"155 736 936";"A01";"3";"7";"0";"2";"1";"13";"1";""
"202400025461";"155 736 933";"A01";"0";"30";"0";"2";"7";"1";"1";""
"202400025461";"155 736 935";"B01";"0";"7";"0";"2";"1";"1";"1";""
"202400025462";"155 736 930";"B01";"1";"7";"0";"0";"8";"1";"1";""
"202400025462";"155 736 932";"A01";"2";"7";"0";"1";"3";"1";"1";""
"202400025463";"155 736 929";"B01";"3";"7";"0";"2";"4";"1";"1";""
"202400025463";"155 736 931";"A01";"3";"33";"0";"2";"1";"1";"1";""
"202400025464";"155 736 928";"A01";"1";"7";"0";"0";"9";"15";"1";""
"202400025465";"155 736 926";"B01";"1";"7";"0";"2";"2";"17";"1";""
"202400025465";"155 736 927";"A01";"1";"32";"0";"2";"3";"1";"1";""
"202400025466";"155 736 925";"A01";"3";"2";"14";"0";"0";"1";"1";""
"202400025467";"155 736 923";"A01";"1";"7";"2";"0";"7";"1";"1";""
"202400025468";"155 736 924";"A01";"1";"7";"0";"1";"1";"15";"1";""
"202400025469";"155 736 921";"A01";"2";"7";"0";"1";"2";"1";"1";""
"202400025470";"155 736 920";"A01";"1";"7";"0";"0";"3";"0";"1";""
"202400025470";"155 736 922";"B01";"1";"10";"0";"0";"1";"1";"1";""
"202400025471";"155 736 918";"A01";"1";"7";"2";"0";"8";"1";"1";""
"202400025472";"155 736 917";"B01";"1";"33";"12";"2";"1";"1";"1";""
"202400025472";"155 736 919";"A01";"1";"7";"12";"2";"5";"15";"1";""
"202400025473";"155 736 914";"A01";"1";"7";"0";"9";"3";"9";"1";""
"202400025473";"155 736 916";"B01";"2";"80";"0";"2";"7";"2";"3";""
"202400025474";"155 736 913";"A01";"1";"7";"0";"2";"1";"2";"1";""
"202400025474";"155 736 915";"B01";"1";"7";"0";"2";"4";"2";"1";""