"Num_Acc";"id_vehicule";"num_veh";"senc";"catv";"obs";"obsm";"choc";"manv";"motor";"occutc"
"202400025859";"155 736 196";"C01";"1";"7";"0";"2";"4";"2";"1";""
"202400025859";"155 736 198";"A01";"1";"7";"0";"2";"1";"2";"1";""
"202400025859";"155 736 199";"B01";"1";"7";"0";"2";"4";"2";"1";""
"202400025860";"155 736 197";"A01";"1";"7";"0";"2";"1";"1";"1";""
"202400025860";"155 736 201";"B01";"2";"17";"0";"2";"1";"1";"1";""
"202400025861";"155 736 194";"A01";"3";"33";"0";"2";"1";"1";"1";""
"202400025861";"155 736 195";"B01";"3";"7";"0";"2";"3";"19";"1";""
"202400025862";"155 736 193";"A01";"2";"1";"15";"0";"1";"1";"5";""
"202400025863";"155 736 192";"A01";"1";"33";"0";"0";"7";"15";"1";""
"202400025864";"155 736 189";"A01";"2";"7";"0";"2";"1";"1";"1";""
"202400025864";"155 736 190";"B01";"2";"7";"0";"2";"4";"2";"2";""
"202400025865";"155 736 187";"A01";"2";"33";"0";"0";"8";"2";"1";""
"202400025866";"155 736 188";"A01";"2";"33";"0";"2";"1";"2";"1";""
"202400025866";"155 736 191";"B01";"2";"7";"0";"2";"3";"15";"1";""
"202400025867";"155 736 186";"A01";"1";"7";"0";"1";"3";"7";"1";""
"202400025868";"155 736 185";"A01";"3";"7";"15";"0";"1";"21";"1";""
"202400025869";"155 736 181";"A01";"3";"1";"0";"2";"1";"1";"5";""
"202400025869";"155 736 184";"B01";"3";"7";"0";"2";"3";"1";"1";""
"202400025870";"155 736 180";"A01";"2";"10";"0";"2";"6";"14";"1";""
"202400025870";"155 736 183";"B01";"2";"1";"0";"2";"6";"1";"5";""
"202400025871";"155 736 179";"A01";"1";"7";"0";"2";"0";"9";"1";""
"202400025871";"155 736 182";"B01";"3";"50";"0";"9";"0";"26";"3";""
"202400025872";"155 736 178";"A01";"1";"33";"15";"0";"1";"1";"1";""
"202400025873";"155 736 177";"A01";"1";"10";"0";"1";"3";"1";"3";""
"202400025874";"155 736 172";"A01";"2";"7";"0";"9";"2";"26";"1";""
"202400025874";"155 736 174";"B01";"2";"1";"0";"0";"7";"26";"5";""
"202400025875";"155 736 171";"B01";"3";"7";"0";"2";"4";"2";"1";""
"202400025875";"155 736 175";"A01";"3";"7";"0";"2";"1";"2";"1";""
"202400025875";"155 736 176";"C01";"3";"7";"0";"2";"4";"2";"1";""
"202400025876";"155 736 170";"B01";"2";"7";"0";"2";"1";"1";"2";""
"202400025876";"155 736 173";"A01";"1";"1";"0";"2";"1";"13";"5";""
"202400025877";"155 736 169";"A01";"1";"33";"1";"0";"1";"25";"1";""
"202400025878";"155 736 166";"A01";"1";"33";"2";"0";"1";"0";"1";""
"202400025879";"155 736 165";"B01";"1";"1";"1";"0";"8";"1";"5";""
"202400025879";"155 736 168";"A01";"1";"7";"0";"0";"8";"22";"3";""
"202400025880";"155 736 164";"B01";"1";"7";"0";"0";"8";"10";"0";""
"202400025880";"155 736 167";"A01";"1";"14";"0";"2";"1";"2";"0";""
"202400025881";"155 736 163";"A01";"1";"7";"6";"0";"1";"1";"1";""
"202400025882";"155 736 161";"A01";"1";"10";"0";"2";"3";"10";"1";""
"202400025882";"155 736 162";"B01";"1";"33";"0";"2";"2";"1";"1";""
"202400025883";"155 736 159";"A01";"1";"7";"6";"0";"2";"1";"1";""
"202400025884";"155 736 158";"A01";"1";"7";"0";"0";"6";"19";"1";""
"202400025884";"155 736 160";"B01";"2";"33";"0";"2";"1";"1";"1";""
"202400025885";"155 736 156";"B01";"1";"1";"0";"2";"1";"1";"5";""
"202400025885";"155 736 157";"A01";"1";"1";"0";"2";"1";"5";"5";""
"202400025886";"155 736 152";"A01";"2";"7";"0";"1";"1";"1";"1";""
"202400025887";"155 736 150";"A01";"2";"10";"0";"2";"4";"2";"1";""
"202400025887";"155 736 151";"B01";"2";"7";"0";"2";"4";"2";"1";""
"202400025887";"155 736 154";"C01";"2";"7";"0";"2";"4";"2";"1";""
"202400025887";"155 736 155";"D01";"2";"7";"0";"2";"1";"2";"1";""
"202400025888";"155 736 149";"B01";"2";"1";"0";"2";"8";"1";"5";""
"202400025888";"155 736 153";"A01";"2";"14";"0";"2";"2";"1";"1";""
"202400025889";"155 736 143";"A01";"1";"7";"0";"2";"4";"9";"1";""
"202400025889";"155 736 145";"B01";"1";"7";"0";"2";"1";"9";"1";""
"202400025889";"155 736 147";"C01";"1";"7";"0";"2";"1";"9";"1";""
"202400025890";"155 736 146";"A01";"3";"10";"0";"2";"1";"2";"1";""
"202400025890";"155 736 148";"B01";"3";"7";"0";"2";"4";"1";"1";""
"202400025891";"155 736 142";"A01";"0";"7";"0";"2";"3";"15";"1";""
"202400025891";"155 736 144";"B01";"0";"1";"0";"2";"1";"2";"5";""
"202400025892";"155 736 139";"B01";"3";"50";"0";"2";"0";"1";"3";""
"202400025892";"155 736 140";"Z01";"3";"7";"0";"9";"0";"1";"0";""
"202400025893";"155 736 137";"A01";"1";"7";"0";"2";"4";"2";"1";""
"202400025893";"155 736 138";"B01";"1";"7";"0";"2";"1";"2";"1";""
"202400025893";"155 736 141";"C01";"1";"7";"0";"2";"1";"2";"2";""
"202400025894";"155 736 136";"A01";"1";"2";"0";"2";"1";"13";"3";""
"202400025895";"155 736 132";"A01";"3";"10";"0";"1";"4";"4";"1";""
"202400025896";"155 736 133";"A01";"1";"7";"0";"2";"1";"1";"1";""
"202400025896";"155 736 135";"B01";"3";"50";"0";"2";"4";"1";"3";""
"202400025897";"155 736 131";"Z01";"1";"10";"0";"2";"1";"1";"0";""
"202400025897";"155 736 134";"A01";"1";"7";"0";"2";"4";"1";"1";""
"202400025898";"155 736 130";"A01";"1";"7";"3";"0";"1";"9";"1";""
"202400025899";"155 736 129";"A01";"2";"7";"6";"0";"2";"14";"1";""
"202400025900";"155 736 126";"A01";"2";"7";"0";"2";"1";"1";"1";""
"202400025900";"155 736 127";"B01";"2";"7";"0";"2";"9";"23";"1";""
"202400025900";"155 736 128";"C01";"2";"15";"0";"0";"4";"23";"1";""
"202400025901";"155 736 124";"A01";"3";"7";"0";"1";"2";"1";"1";""
"202400025902";"155 736 122";"C01";"2";"7";"0";"2";"4";"2";"1";""
"202400025902";"155 736 123";"A01";"2";"7";"0";"2";"1";"2";"1";""
"202400025902";"155 736 125";"B01";"2";"7";"0";"2";"4";"2";"1";""
"202400025903";"155 736 119";"A01";"2";"7";"0";"2";"5";"12";"1";""
"202400025903";"155 736 121";"B01";"2";"33";"0";"2";"8";"3";"1";""
"202400025904";"155 736 116";"B01";"2";"7";"0";"2";"8";"0";"1";""
"202400025904";"155 736 120";"A01";"2";"7";"1";"2";"2";"0";"1";""
"202400025905";"155 736 115";"A01";"3";"50";"0";"2";"3";"14";"3";""
"202400025905";"155 736 118";"B01";"3";"10";"0";"9";"3";"1";"1";""
"202400025906";"155 736 113";"A01";"1";"3";"0";"2";"4";"0";"1";""
"202400025906";"155 736 114";"B01";"1";"7";"0";"2";"1";"2";"1";""
"202400025906";"155 736 117";"C01";"1";"7";"0";"2";"1";"2";"2";""
"202400025907";"155 736 110";"B01";"3";"34";"1";"0";"1";"1";"3";""
"202400025907";"155 736 112";"A01";"3";"7";"1";"0";"4";"23";"1";""
"202400025908";"155 736 108";"A01";"1";"7";"0";"2";"2";"15";"1";""
"202400025908";"155 736 111";"B01";"1";"7";"0";"2";"3";"9";"1";""
"202400025909";"155 736 106";"B01";"2";"7";"0";"2";"4";"2";"1";""
"202400025909";"155 736 107";"A01";"2";"7";"0";"2";"1";"2";"1";""
"202400025909";"155 736 109";"C01";"2";"7";"0";"2";"4";"2";"1";""
"202400025910";"155 736 104";"A01";"3";"7";"0";"1";"2";"2";"2";""
"202400025911";"155 736 100";"A01";"1";"7";"0";"2";"1";"2";"1";""
"202400025911";"155 736 102";"B01";"1";"7";"0";"2";"4";"1";"1";""
"202400025912";"155 736 101";"C01";"2";"7";"0";"2";"4";"1";"1";""
"202400025912";"155 736 103";"B01";"2";"7";"0";"2";"4";"1";"1";""
"202400025912";"155 736 105";"A01";"2";"7";"0";"2";"1";"1";"1";""
"202400025913";"155 736 096";"A01";"1";"10";"0";"2";"1";"2";"1";""
"202400025913";"155 736 098";"B01";"1";"7";"1";"0";"4";"1";"2";""
"202400025914";"155 736 099";"A01";"1";"7";"0";"1";"8";"1";"1";""
"202400025915";"155 736 095";"A01";"0";"7";"0";"2";"3";"26";"1";""
"202400025915";"155 736 097";"B01";"0";"1";"0";"2";"4";"21";"5";""
"202400025916";"155 736 091";"B01";"2";"10";"0";"2";"6";"2";"1";""
"202400025916";"155 736 093";"C01";"2";"7";"0";"2";"1";"2";"1";""
"202400025916";"155 736 094";"A01";"2";"33";"0";"2";"1";"3";"1";""
"202400025917";"155 736 092";"A01";"1";"13";"0";"1";"5";"4";"1";""
"202400025918";"155 736 090";"A01";"0";"7";"0";"0";"9";"1";"1";""
"202400025919";"155 736 088";"A01";"1";"15";"1";"2";"4";"23";"1";""
"202400025919";"155 736 089";"B01";"1";"7";"0";"2";"1";"0";"1";""
"202400025920";"155 736 086";"A01";"1";"7";"15";"0";"2";"1";"1";""
"202400025921";"155 736 085";"B01";"2";"50";"0";"2";"1";"1";"3";""
"202400025921";"155 736 087";"A01";"1";"7";"0";"2";"2";"15";"1";""
"202400025922";"155 736 084";"A01";"1";"7";"4";"0";"1";"1";"1";""
"202400025923";"155 736 081";"B01";"1";"7";"0";"2";"6";"1";"2";""
"202400025923";"155 736 082";"A01";"1";"33";"0";"2";"1";"26";"1";""
"202400025924";"155 736 080";"A01";"1";"10";"0";"1";"1";"1";"1";""
"202400025925";"155 736 079";"A01";"1";"7";"0";"9";"2";"1";"0";""
"202400025925";"155 736 083";"B01";"2";"50";"0";"2";"1";"1";"3";""
"202400025926";"155 736 078";"A01";"1";"33";"0";"0";"1";"18";"1";""
"202400025927";"155 736 074";"A01";"1";"7";"0";"2";"1";"26";"1";""
"202400025927";"155 736 076";"B01";"1";"7";"0";"2";"4";"1";"1";""
"202400025928";"155 736 071";"A01";"2";"7";"0";"1";"4";"1";"1";""
"202400025929";"155 736 072";"A01";"3";"7";"0";"2";"2";"1";"1";""
"202400025929";"155 736 077";"B01";"2";"7";"0";"2";"1";"1";"1";""
"202400025930";"155 736 067";"B01";"2";"10";"0";"2";"1";"1";"1";""
"202400025930";"155 736 070";"A01";"2";"7";"0";"2";"8";"19";"1";""
"202400025931";"155 736 066";"A01";"1";"7";"0";"1";"0";"26";"0";""
"202400025932";"155 736 063";"A01";"1";"7";"0";"2";"1";"2";"1";""
"202400025932";"155 736 069";"C01";"1";"7";"0";"2";"1";"2";"1";""
"202400025932";"155 736 073";"D01";"1";"7";"0";"2";"4";"2";"1";""
"202400025932";"155 736 075";"B01";"1";"7";"0";"2";"1";"2";"2";""
"202400025933";"155 736 062";"B01";"2";"7";"0";"2";"4";"1";"1";""
"202400025933";"155 736 065";"A01";"1";"7";"0";"2";"6";"9";"1";""
"202400025934";"155 736 061";"C01";"1";"7";"1";"2";"0";"14";"0";""
"202400025934";"155 736 064";"A01";"1";"32";"1";"0";"8";"19";"0";""
"202400025934";"155 736 068";"D01";"1";"7";"1";"2";"4";"23";"1";""
"202400025935";"155 736 059";"A01";"1";"33";"0";"2";"1";"21";"1";""
"202400025935";"155 736 060";"B01";"1";"10";"0";"0";"6";"2";"1";""
"202400025936";"155 736 056";"B01";"1";"10";"0";"2";"2";"1";"1";""
"202400025936";"155 736 058";"A01";"1";"7";"0";"2";"1";"1";"2";""
"202400025937";"155 736 054";"A01";"0";"7";"0";"2";"8";"2";"1";""
"202400025937";"155 736 057";"B01";"0";"33";"0";"2";"7";"3";"1";""
"202400025938";"155 736 052";"B01";"2";"7";"0";"2";"0";"11";"1";""
"202400025938";"155 736 053";"A01";"2";"34";"0";"2";"7";"1";"1";""
"202400025939";"155 736 051";"B01";"3";"7";"0";"2";"4";"2";"1";""
"202400025939";"155 736 055";"A01";"3";"7";"0";"2";"1";"2";"1";""
"202400025940";"155 736 049";"A01";"1";"3";"0";"1";"7";"14";"0";""
"202400025941";"155 736 048";"A01";"2";"7";"1";"0";"2";"14";"1";""
"202400025941";"155 736 050";"C01";"2";"7";"0";"0";"1";"24";"1";""
"202400025942";"155 736 047";"A01";"1";"30";"8";"0";"1";"26";"1";""
"202400025943";"155 736 046";"A01";"2";"7";"1";"1";"4";"4";"2";""
"202400025944";"155 736 043";"B01";"1";"7";"0";"2";"1";"23";"1";""
"202400025944";"155 736 045";"A01";"1";"7";"0";" -1";"4";"0";"1";""
"202400025945";"155 736 041";"A01";"0";"10";"0";"0";"0";"0";"1";""
"202400025945";"155 736 044";"B01";"3";"33";"0";"2";"6";"23";"1";""
"202400025946";"155 736 038";"A01";"1";"7";"13";"2";"4";"1";"1";""
"202400025946";"155 736 040";"B01";"1";"7";"0";"2";"0";"1";"1";""
"202400025947";"155 736 036";"A01";"3";"7";"0";"2";"1";"2";"1";""
"202400025947";"155 736 039";"B01";"3";"7";"0";"2";"4";"1";"1";""
"202400025948";"155 736 033";"A01";"3";"7";"0";"2";"4";"20";"1";""
"202400025948";"155 736 037";"B01";"3";"1";"0";"2";"1";"1";"5";""
"202400025949";"155 736 032";"B01";"1";"7";"0";"2";"4";"23";"1";""
"202400025949";"155 736 035";"A01";"1";"7";"0";"2";"1";"2";"1";""
"202400025950";"155 736 031";"B01";"2";"7";"0";"2";"1";"1";"1";""
"202400025950";"155 736 034";"A01";"1";"7";"0";"2";"1";"5";"1";""
"202400025951";"155 736 029";"A01";"1";"7";"0";"2";"2";"26";"2";""
"202400025951";"155 736 030";"B01";"1";"7";"0";"2";"6";"23";"1";""
"202400025952";"155 736 025";"A01";"2";"33";"0";"0";"8";"13";"1";""
"202400025953";"155 736 026";"A01";"1";"7";"0";"1";"3";"1";"1";""
"202400025954";"155 736 024";"A01";"1";"7";"0";"2";"1";"1";"1";""
"202400025954";"155 736 028";"B01";"1";"33";"0";"2";"4";"1";"1";""
"202400025955";"155 736 023";"B01";"2";"33";"0";"0";"1";"1";"1";""
"202400025955";"155 736 027";"A01";"1";"7";"0";"0";"7";"15";"2";""
"202400025956";"155 736 018";"A01";"2";"7";"0";"1";"2";"15";"1";""
"202400025957";"155 736 016";"A01";"1";"7";"0";"0";"4";"1";"1";""
"202400025957";"155 736 020";"B01";"1";"7";"0";"2";"1";"2";"0";""
"202400025958";"155 736 019";"A01";"1";"7";"0";"2";"2";"19";"1";""
"202400025958";"155 736 022";"B01";"1";"2";"0";"2";"1";"1";"1";""
"202400025959";"155 736 015";"A01";"2";"7";"6";"0";"1";"1";"1";""
"202400025960";"155 736 017";"B01";"1";"7";"0";"2";"1";"1";"1";""
"202400025960";"155 736 021";"A01";"1";"3";"0";"2";"8";"19";"1";""
"202400025961";"155 736 009";"A01";"1";"7";"0";"2";"2";"17";"1";""
"202400025961";"155 736 014";"B01";"1";"7";"0";"2";"8";"15";"1";""
"202400025962";"155 736 005";"A01";"3";"30";"0";"2";"1";"15";"1";""
"202400025962";"155 736 012";"B01";"3";"33";"0";"2";"1";"1";"1";""
"202400025963";"155 736 007";"B01";"3";"7";"0";"2";"2";"1";"2";""
"202400025963";"155 736 013";"A01";"3";"50";"0";"2";"1";"19";"3";""
"202400025964";"155 736 006";"A01";"2";"7";"0";"2";"2";"13";"1";""
"202400025964";"155 736 010";"B01";"1";"7";"0";"2";"2";"13";"1";""
"202400025965";"155 736 004";"A01";"1";"10";"0";"2";"7";"12";"1";""
"202400025965";"155 736 008";"B01";"1";"33";"0";"2";"1";"1";"1";""
"202400025965";"155 736 011";"C01";"1";"7";"0";"2";"6";"1";"1";""
"202400025966";"155 736 002";"B01";"2";"7";"0";"2";"1";"15";"1";""
"202400025966";"155 736 003";"A01";"1";"10";"0";"2";"1";"15";"1";""
"202400025967";"155 735 999";"A01";"1";"1";"0";"1";"1";"1";"5";""
"202400025968";"155 736 001";"A01";"2";"7";"0";"1";"2";"1";"1";""
"202400025969";"155 735 997";"B01";"3";"10";"0";"2";"2";"1";"1";""
"202400025969";"155 736 000";"A01";"3";"10";"0";"2";"8";"26";"1";""
"202400025970";"155 735 995";"A01";"2";"7";"0";"2";"1";"13";"1";""
"202400025970";"155 735 998";"B01";"1";"7";"0";"2";"1";"1";"1";""
"202400025971";"155 735 994";"A01";"2";"2";"0";"2";"1";"1";"1";""
"202400025971";"155 735 996";"B01";"1";"10";"0";"2";"7";"15";"1";""
"202400025972";"155 735 991";"A01";"2";"31";"0";"2";"1";"1";"1";""
"202400025972";"155 735 993";"B01";"2";"7";"0";"2";"8";"15";"2";""
"202400025973";"155 735 990";"A01";"1";"7";"0";"0";"1";"1";"1";""
"202400025974";"155 735 989";"B01";"2";"32";"0";"0";"1";"0";"1";""
"202400025974";"155 735 992";"A01";"2";"7";"0";"2";"6";"1";"2";""
"202400025975";"155 735 987";"A01";"2";"7";"0";"2";"1";"13";"1";""
"202400025975";"155 735 988";"B01";"1";"7";"0";"2";"1";"21";"1";""
"202400025976";"155 735 985";"A01";"1";"10";"15";"0";"1";"1";"1";""
"202400025977";"155 735 984";"A01";"1";"7";"0";"2";"3";"17";"1";""
"202400025977";"155 735 986";"B01";"2";"7";"0";"2";"8";"16";"1";""
"202400025978";"155 735 981";"A01";"1";"7";"0";"2";"1";"1";"1";""
"202400025978";"155 735 983";"B01";"1";"7";"0";"2";"3";"26";"1";""
"202400025979";"155 735 979";"A01";"2";"10";"0";"2";"4";"4";"1";""
"202400025979";"155 735 982";"B01";"2";"33";"0";"0";"1";"23";"1";""
"202400025980";"155 735 977";"A01";"1";"7";"0";"2";"0";"17";"1";""
"202400025980";"155 735 980";"B01";"2";"2";"0";"2";"1";"1";"1";""
"202400025981";"155 735 976";"A01";"2";"7";"0";"2";"7";"1";"1";""
"202400025981";"155 735 978";"B01";"1";"7";"0";"2";"1";"1";"1";""
"202400025982";"155 735 972";"A01";"2";"33";"0";"2";"1";"2";"1";""
"202400025982";"155 735 974";"B01";"2";"33";"0";"2";"4";"2";"1";""
"202400025983";"155 735 970";"A01";"0";"32";"0";"0";"0";"1";"1";""
"202400025984";"155 735 966";"A01";"0";"7";"0";"9";"7";"1";"0";""
"202400025984";"155 735 968";"B01";"0";"32";"0";"2";"8";"2";"0";""
"202400025985";"155 735 967";"A01";"3";"7";"0";"1";"1";"1";"1";""
"202400025986";"155 735 973";"A01";"1";"7";"1";"2";"3";"22";"1";""
"202400025986";"155 735 975";"B01";"1";"1";"1";"0";"3";"17";"5";""
"202400025987";"155 735 965";"A01";"1";"10";"0";"1";"3";"1";"1";""
"202400025988";"155 735 963";"A01";"1";"7";"1";"1";"1";"17";"1";""
"202400025989";"155 735 962";"B01";"2";"7";"3";"0";"1";"1";"1";""
"202400025989";"155 735 964";"A01";"2";"7";"0";"0";"4";"1";"1";""
"202400025990";"155 735 960";"A01";"1";"7";"10";"0";"1";"9";"1";""
"202400025991";"155 735 959";"A01";"2";"10";"0";"1";"2";"1";"1";""
"202400025992";"155 735 957";"A01";"1";"7";"2";"0";"1";"0";"2";""
"202400025993";"155 735 956";"A01";"1";"7";"0";"2";"3";"1";"1";""
"202400025993";"155 735 958";"B01";"2";"32";"0";"2";"1";"21";"1";""
"202400025994";"155 735 951";"A01";"1";"1";"0";"2";"7";"2";"5";""
"202400025994";"155 735 953";"B01";"1";"7";"0";"2";"3";"2";"1";""
"202400025995";"155 735 961";"A01";"2";"2";"0";"0";"8";"15";"1";""
"202400025996";"155 735 950";"A01";"2";"7";"2";"0";"1";"13";"1";""
"202400025996";"155 735 954";"B01";"1";"10";"0";"0";"1";"0";"1";""
"202400025997";"155 735 952";"A01";"2";"7";"0";"2";"1";"15";"1";""
"202400025997";"155 735 955";"B01";"1";"32";"0";"2";"3";"1";"1";""
"202400025998";"155 735 948";"A01";"2";"7";"1";"0";"2";"14";"1";""
"202400025999";"155 735 946";"A01";"1";"7";"0";"2";"2";"13";"1";""
"202400025999";"155 735 949";"B01";"2";"7";"0";"2";"2";"1";"1";""
"202400026000";"155 735 945";"Z01";"1";"7";"0";"1";"1";"8";"1";""
"202400026001";"155 735 943";"A01";"3";"2";"16";"0";"8";"1";"1";""
"202400026002";"155 735 941";"B01";"1";"7";"8";"0";"5";"1";"1";""
"202400026002";"155 735 942";"A01";"1";"7";"0";"2";"2";"19";"1";""
"202400026003";"155 735 938";"C01";"1";"7";"0";"2";"1";"2";"1";""
"202400026003";"155 735 940";"B01";"2";"7";"0";"2";"4";"23";"1";""
"202400026003";"155 735 947";"A01";"2";"2";"0";"2";"1";"2";"3";""
"202400026004";"155 735 937";"B01";"3";"32";"0";"0";"8";"1";"1";""
"202400026004";"155 735 939";"A01";"3";"7";"0";"2";"8";"17";"1";""
"202400026005";"155 735 933";"A01";"2";"2";"0";"2";"1";"1";"1";""
"202400026005";"155 735 936";"B01";"3";"7";"0";"2";"3";"15";"1";""
"202400026006";"155 735 931";"A01";"2";"7";"0";"2";"1";"2";"1";""
"202400026006";"155 735 934";"B01";"2";"7";"0";"2";"4";"2";"1";""
"202400026007";"155 735 929";"A01";"1";"7";"0";"2";"2";"12";"3";""
"202400026007";"155 735 935";"B01";"1";"31";"0";"2";"3";"1";"1";""
"202400026008";"155 735 927";"A01";"1";"7";"0";"2";"1";"17";"1";""
"202400026008";"155 735 928";"B01";"2";"7";"0";"2";"1";"1";"1";""
"202400026009";"155 735 924";"A01";"2";"7";"0";"2";"3";"11";"1";""
"202400026009";"155 735 925";"B01";"1";"50";"0";"2";"1";"1";"3";""
"202400026010";"155 735 922";"A01";"2";"7";"0";"2";"6";"15";"1";""
"202400026010";"155 735 926";"B01";"2";"33";"0";"2";"1";"17";"1";""
"202400026011";"155 735 921";"A01";"1";"7";"6";"0";"1";"1";"1";""
"202400026012";"155 735 919";"A01";"3";"1";"0";"0";"1";"1";"5";""
"202400026013";"155 735 918";"A01";"1";"32";"0";"2";"1";"1";"1";""
"202400026013";"155 735 920";"B01";"1";"10";"0";"2";"6";"1";"1";""
"202400026013";"155 735 923";"C01";"1";"7";"0";"2";"6";"1";"1";""
"202400026014";"155 735 915";"B01";"2";"1";"0";"2";"1";"2";"5";""
"202400026014";"155 735 917";"A01";"2";"10";"0";"0";"4";"23";"1";""
"202400026015";"155 735 914";"A01";"1";"7";"0";"2";"1";"17";"1";""
"202400026015";"155 735 916";"B01";"2";"7";"0";"2";"1";"1";"1";""
"202400026016";"155 735 912";"A01";"3";"7";"12";"0";"3";"13";"1";""
"202400026017";"155 735 911";"A01";"1";"32";"0";"2";"2";"12";"1";""
"202400026017";"155 735 913";"B01";"1";"31";"0";"2";"8";"3";"1";""
"202400026018";"155 735 907";"A01";"1";"7";"3";"0";"1";"1";"2";""
"202400026019";"155 735 908";"A01";"3";"7";"0";"1";"2";"1";"1";""
"202400026020";"155 735 905";"A01";"1";"33";"0";"2";"3";"1";"1";""
"202400026020";"155 735 906";"Z01";"1";"17";"0";"2";"5";"12";"0";""
"202400026021";"155 735 903";"A01";"1";"33";"0";"2";"1";"2";"1";""
"202400026021";"155 735 904";"B01";"1";"7";"0";"0";"4";"2";"1";""
"202400026022";"155 735 900";"A01";"1";"7";"2";"0";"1";"0";"1";""
"202400026023";"155 735 901";"B01";"1";"7";"0";"2";"6";"0";"3";""
"202400026023";"155 735 902";"A01";"1";"33";"0";"2";"2";"1";"1";""
"202400026024";"155 735 898";"A01";"2";"7";"2";"0";"2";"2";"1";""
"202400026025";"155 735 896";"A01";"2";"7";"0";"2";"4";"1";"2";""
"202400026025";"155 735 897";"B01";"2";"7";"0";"2";"4";"1";"1";""
"202400026025";"155 735 899";"Z01";"2";"7";"0";"2";"1";"18";"0";""
"202400026026";"155 735 893";"A01";"1";"7";"0";"1";"1";"1";"1";""
"202400026027";"155 735 894";"A01";"2";"43";"14";"0";"2";"13";"1";""
"202400026028";"155 735 891";"Z01";"2";"33";"0";"1";"2";"1";"0";""
"202400026029";"155 735 889";"A01";"1";"7";"0";"1";"2";"15";"1";""
"202400026030";"155 735 886";"B01";"1";"3";"0";"2";"1";"15";"1";""
"202400026030";"155 735 888";"A01";"2";"7";"0";"2";"3";"1";"1";""
"202400026031";"155 735 883";"C01";"2";"7";"0";"2";"1";"1";"3";""
"202400026031";"155 735 887";"B01";"1";"10";"0";"2";"5";"19";"1";""
"202400026031";"155 735 890";"A01";"2";"7";"0";"2";"1";"19";"6";""
"202400026032";"155 735 884";"A01";"1";"2";"0";"2";"3";"18";"1";""
"202400026032";"155 735 885";"B01";"1";"7";"0";"2";"5";"1";"3";""
"202400026033";"155 735 880";"A01";"3";"1";"0";"1";"1";"15";"5";""
"202400026034";"155 735 881";"A01";"1";"1";"0";"0";"1";"1";"5";""
"202400026035";"155 735 882";"A01";"1";"7";"0";"0";"9";"14";"1";""
"202400026036";"155 735 878";"A01";"2";"7";"0";"2";"4";"1";"2";""
"202400026036";"155 735 879";"B01";"2";"7";"0";"2";"1";"1";"1";""
"202400026037";"155 735 877";"A01";"3";"30";"0";"0";"0";"1";"3";""
"202400026038";"155 735 876";"Z01";"1";"7";"0";"1";"1";"1";"0";""
"202400026039";"155 735 874";"A01";"1";"7";"3";"0";"3";"21";"1";""
"202400026040";"155 735 873";"A01";"1";"7";"0";"2";"1";"15";"1";""
"202400026040";"155 735 875";"B01";"2";"7";"0";"2";"1";"1";"4";""
"202400026041";"155 735 871";"Z01";"1";"10";"0";"1";"1";"16";"0";""
"202400026042";"155 735 869";"A01";"3";"7";"11";"2";"7";"15";"1";""
"202400026042";"155 735 872";"B01";"3";"7";"11";"2";"1";"1";"1";""
"202400026043";"155 735 867";"A01";"1";"7";"0";"2";"1";"1";"1";""
"202400026043";"155 735 870";"B01";"1";"7";"3";"2";"4";"2";"4";""
"202400026044";"155 735 866";"A01";"1";"10";"0";"2";"2";"17";"1";""
"202400026044";"155 735 868";"B01";"1";"1";"13";"2";"8";"1";"5";""
"202400026045";"155 735 862";"A01";"1";"7";"16";"0";"0";"26";"1";""
"202400026046";"155 735 861";"A01";"2";"7";"0";"2";"1";"15";"1";""
"202400026046";"155 735 864";"B01";"1";"30";"0";"2";"7";"26";"1";""
"202400026047";"155 735 860";"A01";"1";"7";"0";"1";"3";"1";"1";""
"202400026048";"155 735 863";"A01";"1";"30";"0";"2";"7";"17";"1";""
"202400026048";"155 735 865";"B01";"1";"1";"0";"2";"8";"15";"5";""
"202400026049";"155 735 857";"A01";"1";"7";"0";"1";"1";"2";"1";""
"202400026050";"155 735 853";"B01";"1";"7";"0";"2";"1";"1";"1";""
"202400026050";"155 735 858";"A01";"1";"7";"0";"2";"3";"15";"1";""
"202400026051";"155 735 852";"B01";"2";"1";"0";"2";"1";"1";"5";""
"202400026051";"155 735 855";"A01";"2";"10";"0";"2";"8";"22";"1";""
"202400026052";"155 735 851";"A01";"2";"7";"0";"2";"9";"2";"1";""
"202400026052";"155 735 854";"C01";"2";"7";"0";"2";"3";"2";"1";""
"202400026052";"155 735 856";"B01";"2";"7";"0";"2";"9";"2";"1";""
"202400026052";"155 735 859";"D01";"2";"7";"0";"2";"4";"2";"1";""
"202400026053";"155 735 849";"B01";"2";"2";"0";"2";"1";"1";"1";""
"202400026053";"155 735 850";"A01";"1";"7";"0";"2";"8";"10";"1";""
"202400026054";"155 735 846";"A01";"1";"7";"0";"1";"2";"1";"1";""
"202400026055";"155 735 843";"B01";"2";"2";"0";"2";"1";"1";"1";""
"202400026055";"155 735 845";"A01";"1";"7";"0";"2";"2";"15";"1";""
"202400026056";"155 735 840";"B01";"1";"50";"14";"0";"1";"26";"3";""
"202400026057";"155 735 841";"C01";"1";"17";"0";"2";"4";"2";"1";""
"202400026057";"155 735 844";"A01";"1";"17";"0";"2";"1";"2";"1";""