"Num_Acc";"id_vehicule";"num_veh";"senc";"catv";"obs";"obsm";"choc";"manv";"motor";"occutc"
"202400026260";"155 735 483";"B01";"3";"50";"0";"2";"7";"1";"3";""
"202400026260";"155 735 486";"A01";"1";"7";"0";"2";"1";"1";"1";""
"202400026261";"155 735 484";"A01";"1";"80";"0";"2";"1";"5";"3";""
"202400026261";"155 735 485";"Z01";"2";"7";"0";"9";"1";"16";"1";""
"202400026262";"155 735 482";"A01";"1";"7";"13";"0";"9";"0";"1";""
"202400026263";"155 735 481";"A01";"3";"7";"0";"1";"3";"19";"1";""
"202400026264";"155 735 479";"A01";"1";"2";"0";"0";"0";"14";"1";""
"202400026265";"155 735 478";"B01";"2";"1";"0";"2";"1";"18";"5";""
"202400026265";"155 735 480";"A01";"2";"7";"0";"2";"5";"22";"2";""
"202400026266";"155 735 473";"B01";"0";"7";"0";"2";"1";"1";"1";""
"202400026266";"155 735 475";"A01";"0";"7";"0";"2";"1";"13";"1";""
"202400026267";"155 735 472";"B01";"1";"32";"0";"2";"1";"1";"1";""
"202400026267";"155 735 474";"A01";"1";"50";"0";"2";"7";"1";"3";""
"202400026268";"155 735 470";"A01";"2";"2";"13";"0";"1";"1";"1";""
"202400026269";"155 735 469";"A01";"1";"14";"0";"2";"2";"21";"1";""
"202400026269";"155 735 471";"B01";"1";"7";"0";"2";"4";"23";"1";""
"202400026270";"155 735 468";"A01";"1";"32";"0";"1";"3";"21";"1";""
"202400026271";"155 735 467";"A01";"3";"7";"2";"0";"1";"1";"1";""
"202400026272";"155 735 464";"A01";"2";"1";"0";"0";"0";"1";"5";""
"202400026273";"155 735 462";"C01";"2";"7";"0";"2";"4";"1";"1";""
"202400026273";"155 735 465";"A01";"2";"15";"0";"2";"1";"2";"1";""
"202400026273";"155 735 466";"B01";"2";"7";"0";"2";"4";"2";"3";""
"202400026274";"155 735 461";"A01";"3";"7";"0";"2";"8";"1";"1";""
"202400026274";"155 735 463";"B01";"2";"33";"0";"2";"1";"1";"1";""
"202400026275";"155 735 458";"B01";"1";"7";"0";"2";"8";"15";"1";""
"202400026275";"155 735 460";"A01";"1";"31";"0";"2";"1";"17";"1";""
"202400026276";"155 735 457";"A01";"2";"7";"0";"2";"1";"1";"1";""
"202400026276";"155 735 459";"B01";"2";"7";"4";"2";"4";"1";"1";""
"202400026277";"155 735 453";"A01";"1";"7";"0";"9";"1";"5";"1";""
"202400026277";"155 735 455";"B01";"2";"80";"0";"2";"1";"1";"3";""
"202400026277";"155 735 456";"C01";"2";"80";"0";"2";"1";"1";"3";""
"202400026278";"155 735 451";"A01";"1";"33";"0";"2";"7";"1";"1";""
"202400026278";"155 735 454";"B01";"2";"7";"0";"2";"3";"15";"1";""
"202400026279";"155 735 450";"B01";"1";"33";"0";"2";"1";"3";"1";""
"202400026279";"155 735 452";"A01";"1";"7";"0";"2";"4";"12";"1";""
"202400026280";"155 735 448";"B01";"3";"10";"0";"2";"1";"1";"1";""
"202400026280";"155 735 449";"A01";"0";"7";"0";"2";"3";"5";"1";""
"202400026281";"155 735 446";"A01";"1";"7";"13";"0";"1";"26";"1";""
"202400026282";"155 735 445";"A01";"1";"7";"0";"2";"7";"12";"1";""
"202400026282";"155 735 447";"B01";"1";"31";"0";"2";"8";"3";"1";""
"202400026283";"155 735 442";"B01";"1";"33";"0";"2";"3";"11";"1";""
"202400026283";"155 735 443";"A01";"1";"33";"0";"2";"2";"1";"1";""
"202400026284";"155 735 441";"A01";"2";"7";"0";"2";"2";"15";"1";""
"202400026284";"155 735 444";"B01";"1";"7";"0";"2";"3";"1";"1";""
"202400026285";"155 735 438";"A01";"2";"2";"0";"6";"1";"21";"1";""
"202400026286";"155 735 437";"B01";" -1";"7";"0";"2";"1";"1";" -1";""
"202400026286";"155 735 439";"A01";"1";"43";"1";"2";"2";"0";"1";""
"202400026287";"155 735 432";"A01";"2";"7";"0";"2";"1";"0";"1";""
"202400026287";"155 735 433";"B01";"2";"7";"0";"2";"9";"23";"1";""
"202400026287";"155 735 440";"C01";"2";"7";"0";"2";"4";"23";"2";""
"202400026288";"155 735 431";"A01";"2";"7";"0";"2";"8";"1";"1";""
"202400026288";"155 735 435";"B01";"1";"7";"0";"2";"1";"1";"1";""
"202400026289";"155 735 429";"A01";"1";"7";"0";"0";"0";"1";"1";""
"202400026289";"155 735 430";"B01";"1";"7";"0";"2";"0";"0";"0";""
"202400026290";"155 735 427";"A01";"1";"33";"3";"0";"1";"0";"1";""
"202400026291";"155 735 426";"A01";"1";"7";"14";"0";"2";"1";"1";""
"202400026291";"155 735 428";"B01";"2";"7";"0";"2";"1";"16";"1";""
"202400026292";"155 735 425";"A01";"1";"7";"0";"1";"2";"1";"1";""
"202400026293";"155 735 422";"A01";"2";"34";"0";"2";"8";"3";"1";""
"202400026293";"155 735 424";"B01";"2";"7";"0";"2";"2";"12";"1";""
"202400026294";"155 735 421";"A01";"3";"7";"13";"0";"1";"1";"1";""
"202400026295";"155 735 420";"A01";"1";"7";"0";"2";"1";"1";"1";""
"202400026295";"155 735 423";"B01";"1";"7";"0";"2";"8";"19";"1";""
"202400026296";"155 735 415";"A01";"1";"7";"0";"2";"4";"10";"2";""
"202400026297";"155 735 413";"A01";"1";"7";"0";"2";"3";"1";"1";""
"202400026297";"155 735 416";"B01";"2";"7";"0";"0";"6";"1";"1";""
"202400026297";"155 735 418";"C01";"2";"33";"0";"2";"1";"2";"1";""
"202400026298";"155 735 411";"A01";"1";"1";"0";"0";"0";"2";"5";""
"202400026299";"155 735 410";"B01";"1";"7";"0";"2";"5";"1";"0";""
"202400026299";"155 735 412";"A01";"1";"7";"0";"2";"3";"1";"0";""
"202400026300";"155 735 409";"A01";"2";"7";"0";"2";"1";"1";"1";""
"202400026300";"155 735 414";"B01";"2";"7";"0";"2";"4";"1";"1";""
"202400026300";"155 735 417";"C01";"2";"7";"0";"2";"4";"1";"1";""
"202400026300";"155 735 419";"D01";"2";"7";"0";"2";"4";"1";"1";""
"202400026301";"155 735 408";"A01";"1";"7";"0";"0";"9";"16";"1";""
"202400026302";"155 735 407";"A01";"1";"1";"8";"0";"1";"25";"5";""
"202400026303";"155 735 406";"A01";"2";"50";"0";"0";"0";"1";"3";""
"202400026304";"155 735 404";"A01";"3";"1";"9";"0";"1";"14";"5";""
"202400026305";"155 735 402";"C01";"2";"7";"0";"2";"8";"0";"1";""
"202400026305";"155 735 403";"B01";"2";"7";"0";"2";"2";"21";"1";""
"202400026305";"155 735 405";"A01";"2";"7";"0";"2";"5";"11";"1";""
"202400026306";"155 735 400";"A01";"2";"50";"0";"1";"0";"1";"3";""
"202400026307";"155 735 401";"A01";"1";"7";"2";"0";"7";"1";"1";""
"202400026308";"155 735 397";"A01";"2";"7";"2";"0";"1";"0";"1";""
"202400026309";"155 735 395";"A01";"1";"7";"0";"2";"5";"1";"3";""
"202400026309";"155 735 398";"B01";"1";"7";"0";"2";"1";"1";"1";""
"202400026309";"155 735 399";"C01";"1";"10";"0";"2";"2";"21";"1";""
"202400026310";"155 735 394";"B01";"2";"10";"0";"2";"1";"2";"0";""
"202400026310";"155 735 396";"A01";"2";"7";"0";"2";"4";"2";"1";""
"202400026311";"155 735 390";"A01";"2";"10";"0";"2";"2";"15";"1";""
"202400026311";"155 735 392";"B01";"1";"33";"0";"2";"1";"1";"1";""
"202400026312";"155 735 389";"B01";"2";"15";"0";"2";"3";"1";"1";""
"202400026312";"155 735 391";"A01";"2";"7";"0";"2";"7";"1";"1";""
"202400026313";"155 735 388";"A01";"2";"7";"0";"2";"2";"1";"1";""
"202400026313";"155 735 393";"B01";"1";"2";"0";"2";"0";"1";"1";""
"202400026314";"155 735 386";"A01";"3";"7";"13";"0";"0";"1";"1";""
"202400026315";"155 735 384";"A01";"3";"7";"0";"2";"3";"1";"1";""
"202400026315";"155 735 387";"B01";"3";"7";"0";"2";"3";"1";"1";""
"202400026316";"155 735 383";"A01";"2";"7";"0";"2";"6";"1";"1";""
"202400026316";"155 735 385";"B01";"2";"7";"4";"2";"2";"2";"1";""
"202400026317";"155 735 381";"B01";"2";"7";"0";"2";"1";"1";"1";""
"202400026317";"155 735 382";"A01";"1";"2";"0";"2";"3";"2";"1";""
"202400026318";"155 735 379";"B01";"1";"43";"0";"2";"1";"17";"1";""
"202400026318";"155 735 380";"A01";"3";"7";"0";"2";"1";"9";"1";""
"202400026319";"155 735 376";"A01";"3";"7";"0";"2";"1";"19";"1";""
"202400026319";"155 735 377";"B01";"1";"7";"0";"0";"7";"1";"1";""
"202400026320";"155 735 375";"A01";"1";"7";"6";"0";"3";"1";"2";""
"202400026321";"155 735 374";"A01";"2";"7";"13";"0";"0";"0";"1";""
"202400026322";"155 735 373";"A01";"1";"7";"8";"0";"1";"1";"1";""
"202400026323";"155 735 370";"A01";"2";"7";"0";"2";"2";"5";"1";""
"202400026323";"155 735 371";"B01";"1";"17";"0";"2";"2";"1";"1";""
"202400026324";"155 735 369";"A01";"2";"7";"0";"2";"1";"5";"1";""
"202400026324";"155 735 372";"B01";"1";"7";"0";"2";"1";"1";"1";""
"202400026325";"155 735 366";"A01";"1";"7";"0";"2";"1";"13";"0";""
"202400026325";"155 735 368";"B01";"2";"15";"0";"2";"1";"1";"1";""
"202400026326";"155 735 365";"A01";"1";"7";"0";"0";"8";"15";"2";""
"202400026326";"155 735 367";"B01";"1";"33";"0";"2";"7";"17";"1";""
"202400026327";"155 735 364";"A01";"2";"7";"0";"0";"2";"14";"1";""
"202400026328";"155 735 362";"A01";"1";"7";"15";"0";"2";"0";"1";""
"202400026329";"155 735 361";"A01";"1";"10";"0";"2";"1";"1";"1";""
"202400026329";"155 735 363";"B01";"2";"7";"0";"2";"1";"13";"1";""
"202400026330";"155 735 358";"A01";"2";"7";"0";"2";"1";"13";"1";""
"202400026330";"155 735 359";"B01";"1";"7";"0";"2";"1";"1";"1";""
"202400026331";"155 735 357";"A01";"1";"7";"1";"0";"1";"2";"1";""
"202400026331";"155 735 360";"B01";"1";"17";"0";"0";"4";"24";"1";""
"202400026332";"155 735 355";"A01";"2";"7";"3";"0";"1";"1";"1";""
"202400026333";"155 735 354";"B01";"1";"7";"0";"2";"1";"21";"3";""
"202400026333";"155 735 356";"A01";"2";"7";"0";"2";"1";"13";"1";""
"202400026334";"155 735 353";"A01";"0";"7";"13";"0";"9";"1";"1";""
"202400026335";"155 735 351";"B01";"1";"7";"0";"2";"1";"1";"1";""
"202400026335";"155 735 352";"A01";"2";"7";"0";"2";"1";"13";"1";""
"202400026336";"155 735 349";"A01";"3";"2";"5";"0";"1";"1";"1";""
"202400026337";"155 735 350";"A01";"0";"80";"12";"0";"1";"15";"3";""
"202400026338";"155 735 347";"B01";"1";"1";"0";"2";"3";"9";"5";""
"202400026338";"155 735 348";"A01";"1";"7";"0";"2";"2";"2";"3";""
"202400026339";"155 735 345";"A01";"1";"7";"0";"9";"2";"16";"1";""
"202400026339";"155 735 346";"B01";"2";"1";"0";"0";"2";"26";"5";""
"202400026340";"155 735 343";"A01";"2";"7";"1";"1";"1";"20";"1";""
"202400026341";"155 735 342";"A01";"1";"10";"0";"2";"1";"1";"1";""
"202400026341";"155 735 344";"B01";"2";"7";"0";"2";"1";"13";"1";""
"202400026342";"155 735 341";"A01";"1";"10";"7";"0";"2";"13";"1";""
"202400026343";"155 735 339";"B01";"2";"1";"0";"2";"1";"18";"5";""
"202400026343";"155 735 340";"A01";"1";"33";"0";"2";"1";"1";"1";""
"202400026344";"155 735 338";"A01";"0";"2";"0";"0";"7";"0";"1";""
"202400026345";"155 735 335";"B01";"1";"7";"0";"2";"3";"15";"1";""
"202400026345";"155 735 337";"A01";"1";"33";"0";"2";"1";"17";"1";""
"202400026346";"155 735 332";"A01";"1";"7";"8";"0";"1";"0";"2";""
"202400026347";"155 735 330";"A01";"1";"7";"0";"2";"1";"5";"1";""
"202400026347";"155 735 331";"B01";"1";"7";"0";"2";"1";"1";"1";""
"202400026347";"155 735 333";"C01";"1";"7";"0";"2";"1";"1";"1";""
"202400026347";"155 735 334";"D01";"1";"7";"0";"2";"3";"1";"1";""
"202400026347";"155 735 336";"E01";"1";"7";"0";"0";"2";"1";"1";""
"202400026348";"155 735 327";"A01";"0";"7";"0";"2";"8";"13";"1";""
"202400026348";"155 735 329";"B01";"0";"33";"0";"2";"7";"1";"1";""
"202400026349";"155 735 326";"A01";"1";"7";"0";"2";"2";"1";"1";""
"202400026349";"155 735 328";"B01";"2";"7";"0";"2";"3";"1";"1";""
"202400026350";"155 735 324";"B01";"2";"7";"0";"2";"2";"1";"1";""
"202400026350";"155 735 325";"A01";"2";"1";"0";"2";"4";"1";"5";""
"202400026351";"155 735 323";"A01";"1";"7";"2";"0";"1";"1";"1";""
"202400026352";"155 735 322";"A01";"1";"31";"13";"0";"9";"14";"1";""
"202400026353";"155 735 318";"A01";"2";"7";"4";"0";"8";"13";"1";""
"202400026354";"155 735 319";"A01";"3";"7";"0";"2";"1";"1";"1";""
"202400026354";"155 735 320";"C01";"3";"7";"0";"2";"4";"2";"1";""
"202400026354";"155 735 321";"B01";"0";"10";"0";"2";"4";"23";"1";""
"202400026355";"155 735 315";"B01";"1";"1";"0";"2";"1";"1";"5";""
"202400026355";"155 735 316";"A01";"1";"7";"0";"2";"2";"15";"1";""
"202400026356";"155 735 314";"B01";"1";"7";"0";"2";"1";"1";"1";""
"202400026356";"155 735 317";"A01";"2";"10";"0";"2";"3";"19";"3";""
"202400026357";"155 735 312";"A01";"1";"7";"17";"0";"3";"11";"1";""
"202400026358";"155 735 313";"A01";"3";"33";"2";"9";"1";"0";"1";""
"202400026359";"155 735 311";"A01";"1";"33";"0";"0";"7";"1";"1";""
"202400026360";"155 735 309";"A01";"1";"7";"0";"2";"3";"1";"1";""
"202400026360";"155 735 310";"B01";"1";"7";"0";"2";"3";"1";"1";""
"202400026361";"155 735 307";"A01";"2";"7";"0";"9";"3";"9";"1";""
"202400026361";"155 735 308";"B01";"2";"50";"0";"9";"7";"0";"3";""
"202400026362";"155 735 304";"A01";"2";"10";"0";"2";"2";"17";"1";""
"202400026362";"155 735 306";"B01";"1";"7";"0";"2";"1";"1";"1";""
"202400026363";"155 735 303";"A01";"1";"7";"0";"2";"1";"17";"1";""
"202400026363";"155 735 305";"B01";"2";"7";"0";"2";"1";"1";"1";""
"202400026364";"155 735 300";"B01";"2";"15";"0";"2";"3";"1";"1";""
"202400026364";"155 735 302";"A01";"2";"7";"7";"2";"1";"1";"3";""
"202400026365";"155 735 299";"A01";"2";"7";"0";"2";"2";"19";"1";""
"202400026365";"155 735 301";"B01";"1";"7";"13";"2";"3";"19";"1";""
"202400026366";"155 735 298";"A01";"1";"99";"4";"0";"3";"13";"1";""
"202400026367";"155 735 294";"A01";"3";"33";"0";"2";"1";"17";"1";""
"202400026367";"155 735 296";"B01";"3";"7";"0";"2";"3";"15";"1";""
"202400026368";"155 735 292";"A01";"2";"7";"0";"2";"1";"13";"1";""
"202400026368";"155 735 293";"B01";"1";"7";"0";"2";"1";"1";"1";""
"202400026368";"155 735 295";"C01";"2";"7";"0";"2";"2";"2";"1";""
"202400026368";"155 735 297";"D01";"1";"7";"0";"2";"1";"23";"1";""
"202400026369";"155 735 291";"A01";"1";"2";"0";"0";"8";"1";"1";""
"202400026370";"155 735 290";"A01";"2";"7";"3";"0";"1";"26";"3";""
"202400026371";"155 735 289";"A01";"3";"7";"0";"1";"3";"15";"1";""
"202400026372";"155 735 286";"A01";"2";"7";"0";"2";"5";"1";"1";""
"202400026372";"155 735 287";"B01";"2";"34";"0";"2";"2";"3";"1";""
"202400026372";"155 735 288";"C01";"2";"7";"0";"2";"3";"11";"1";""
"202400026373";"155 735 284";"A01";"2";"7";"0";"2";"1";"1";"1";""
"202400026373";"155 735 285";"B01";"2";"10";"14";"0";"1";"15";"1";""
"202400026374";"155 735 283";"A01";"1";"7";"16";"0";"3";"26";"1";""
"202400026375";"155 735 280";"A01";"1";"7";"16";"0";"0";"19";"1";""
"202400026376";"155 735 281";"A01";"0";"31";"0";"2";"7";"0";"1";""
"202400026376";"155 735 282";"B01";"0";"7";"0";"2";"2";"1";"1";""
"202400026377";"155 735 279";"A01";"0";"7";"4";"0";"2";"16";"1";""
"202400026378";"155 735 277";"A01";"1";"33";"0";"2";"0";"17";"1";""
"202400026378";"155 735 278";"B01";"2";"7";"0";"0";"3";"1";"1";""
"202400026379";"155 735 276";"A01";"2";"7";"4";"0";"3";"16";"1";""
"202400026380";"155 735 273";"A01";"2";"7";"3";"0";"4";"2";"1";""
"202400026381";"155 735 274";"B01";"2";"33";"0";"2";"1";"1";"1";""
"202400026381";"155 735 275";"A01";"1";"7";"0";"2";"1";"9";"1";""
"202400026382";"155 735 272";"A01";"1";"10";"3";"0";"2";"2";"1";""
"202400026383";"155 735 270";"A01";"1";"7";"0";"2";"1";"17";"1";""
"202400026383";"155 735 271";"B01";"2";"7";"0";"2";"7";"1";"1";""
"202400026384";"155 735 269";"A01";"2";"7";"0";"0";"1";"26";"1";""
"202400026385";"155 735 268";"A01";"3";"10";"1";"1";"1";"26";"1";""
"202400026386";"155 735 266";"A01";"1";"7";"0";"2";"2";"1";"1";""
"202400026386";"155 735 267";"B01";"1";"7";"0";"2";"6";"1";"1";""
"202400026387";"155 735 265";"A01";"3";"7";"0";"1";"3";"20";"1";""
"202400026388";"155 735 263";"A01";"2";"7";"0";"2";"6";"1";"1";""
"202400026388";"155 735 264";"B01";"2";"7";"0";"2";"2";"0";"1";""
"202400026389";"155 735 261";"B01";"2";"7";"0";"2";"1";"1";"1";""
"202400026389";"155 735 262";"A01";"1";"7";"0";"2";"1";"1";"1";""
"202400026390";"155 735 259";"A01";"1";"7";"0";"2";"1";"12";"1";""
"202400026390";"155 735 260";"B01";"1";"7";"0";"2";"4";"0";"1";""
"202400026391";"155 735 257";"B01";"0";"80";"0";"0";"0";"1";"3";""
"202400026391";"155 735 258";"A01";"0";"7";"0";"2";"7";"17";"1";""
"202400026392";"155 735 254";"A01";"2";"33";"0";"0";"0";"1";"1";""
"202400026393";"155 735 255";"A01";"2";"7";"4";"2";"3";"13";"1";""
"202400026393";"155 735 256";"B01";"2";"7";"0";"2";"3";"1";"2";""
"202400026394";"155 735 252";"A01";"2";"7";"4";"0";"3";"1";"1";""
"202400026395";"155 735 250";"A01";"1";"7";"0";"0";"7";"0";"1";""
"202400026396";"155 735 249";"A01";"1";"7";"0";"2";"2";"17";"1";""
"202400026396";"155 735 251";"B01";"1";"7";"0";"2";"6";"1";"1";""
"202400026397";"155 735 247";"A01";"1";"7";"1";"2";"1";"1";"1";""
"202400026397";"155 735 248";"B01";"1";"7";"0";"2";"4";"1";"1";""
"202400026398";"155 735 245";"A01";"2";"33";"0";"2";"1";"5";"1";""
"202400026398";"155 735 246";"B01";"2";"7";"0";"2";"2";"12";"1";""
"202400026399";"155 735 243";"B01";"1";"32";"0";"2";"8";"3";"1";""
"202400026399";"155 735 244";"A01";"1";"7";"0";"2";"2";"11";"1";""
"202400026400";"155 735 241";"A01";"1";"17";"0";"2";"2";"12";"1";""
"202400026400";"155 735 242";"B01";"1";"7";"0";"2";"6";"1";"1";""
"202400026401";"155 735 237";"A01";"1";"7";"0";"2";"4";"13";"1";""
"202400026401";"155 735 239";"C01";"1";"7";"0";"2";"8";"1";"1";""
"202400026401";"155 735 240";"B01";"1";"38";"0";"2";"1";"1";"1";"1"
"202400026402";"155 735 238";"A01";"2";"7";"0";"0";"1";"1";"1";""
"202400026403";"155 735 236";"A01";"1";"7";"4";"0";"3";"1";"1";""
"202400026404";"155 735 234";"A01";"1";"10";"0";"2";"1";"1";"1";""
"202400026404";"155 735 235";"B01";"1";"7";"0";"2";"4";"1";"1";""
"202400026405";"155 735 233";"A01";"2";"33";"0";"0";"0";"1";"1";""
"202400026406";"155 735 232";"A01";"1";"34";"4";"0";"1";"1";"1";""
"202400026407";"155 735 230";"B01";"2";"7";"0";"2";"1";"1";"1";""
"202400026407";"155 735 231";"A01";"2";"10";"0";"2";"4";"1";"1";""
"202400026408";"155 735 226";"A01";"1";"7";"0";"2";"3";"13";"1";""
"202400026408";"155 735 228";"B01";"1";"14";"0";"2";"1";"1";"1";""
"202400026408";"155 735 229";"C01";"1";"7";"4";"2";"7";"1";"1";""
"202400026409";"155 735 224";"A01";"1";"7";"0";"2";"5";"1";"1";""
"202400026409";"155 735 225";"B01";"1";"7";"0";"2";"2";"12";"1";""
"202400026409";"155 735 227";"C01";"1";"33";"0";"2";"3";"3";"1";""
"202400026410";"155 735 222";"A01";"1";"32";"0";"2";"1";"0";"1";""
"202400026410";"155 735 223";"B01";"1";"7";"0";"2";"5";"0";"2";""
"202400026411";"155 735 220";"B01";"1";"10";"0";"2";"1";"1";"1";""
"202400026411";"155 735 221";"A01";"1";"7";"0";"2";"4";"1";"1";""
"202400026412";"155 735 219";"A01";"2";"33";"0";"0";"9";"1";"1";""
"202400026413";"155 735 217";"B01";"1";"10";"0";"0";"4";"1";"1";""
"202400026413";"155 735 218";"A01";"1";"7";"0";"2";"1";"2";"1";""
"202400026414";"155 735 216";"A01";"1";"10";"0";"1";"1";"1";"1";""
"202400026415";"155 735 213";"A01";"1";"7";"0";"2";"1";"15";"1";""
"202400026415";"155 735 214";"B01";"2";"2";"0";"2";"3";"26";"1";""
"202400026416";"155 735 204";"A01";"1";"7";"0";"2";"2";"15";"1";""
"202400026416";"155 735 206";"B01";"2";"31";"0";"2";"0";"0";"1";""
"202400026417";"155 735 203";"A01";"3";"7";"0";"1";"1";"2";"1";""
"202400026418";"155 735 202";"A01";"3";"31";"0";"0";"8";"15";"1";""
"202400026419";"155 735 200";"A01";"3";"7";"0";"2";"2";"15";"1";""
"202400026419";"155 735 201";"B01";"3";"7";"0";"2";"3";"0";"1";""
"202400026420";"155 735 198";"B01";"2";"1";"0";"2";"0";"19";"5";""
"202400026420";"155 735 199";"A01";"1";"10";"0";"2";"0";"1";"1";""
"202400026421";"155 735 195";"A01";"1";"7";"0";"2";"1";"17";"1";""
"202400026421";"155 735 197";"B01";"2";"7";"0";"2";"1";"1";"1";""
"202400026422";"155 735 196";"A01";"2";"7";"0";"1";"8";"1";"1";""
"202400026423";"155 735 192";"B01";"2";"32";"0";"2";"7";"1";"1";""
"202400026423";"155 735 194";"A01";"3";"7";"14";"0";"1";"15";"1";""
"202400026424";"155 735 190";"A01";"1";"7";"0";"2";"1";"2";"6";""
"202400026424";"155 735 191";"B01";"1";"33";"0";"2";"1";"6";"1";""
"202400026424";"155 735 193";"C01";"1";"7";"0";"2";"1";"1";"1";""
"202400026425";"155 735 189";"Z01";"3";"50";"0";"1";"1";"1";"3";""
"202400026426";"155 735 187";"A01";"1";"30";"12";"0";"8";"1";"1";""
"202400026427";"155 735 186";"B01";"2";"7";"0";"2";"7";"1";"1";""
"202400026427";"155 735 188";"A01";"3";"10";"0";"2";"1";"9";"1";""
"202400026428";"155 735 183";"A01";"2";"7";"0";"2";"1";"1";"2";""
"202400026428";"155 735 185";"B01";"2";"1";"0";"2";"8";"16";"0";""
"202400026429";"155 735 182";"B01";"1";"31";"0";"2";"1";"1";"1";""
"202400026429";"155 735 184";"Z01";"1";"7";"0";"2";"4";"1";"1";""
"202400026430";"155 735 179";"A01";"1";"7";"0";"2";"1";"15";"2";""
"202400026430";"155 735 181";"B01";"2";"31";"0";"2";"4";"3";"1";""
"202400026431";"155 735 178";"A01";"1";"7";"0";"2";"2";"15";"1";""
"202400026431";"155 735 180";"B01";"2";"1";"0";"2";"1";"1";"5";""
"202400026432";"155 735 175";"A01";"1";"7";"0";"2";"1";"0";"1";""
"202400026432";"155 735 177";"B01";"2";"30";"0";"2";"1";"0";"3";""
"202400026433";"155 735 174";"B01";"1";"1";"0";"2";"6";"2";"5";""
"202400026433";"155 735 176";"A01";"1";"1";"0";"2";"1";"0";"5";""
"202400026434";"155 735 171";"B01";"1";"7";"0";"2";"1";"1";"1";""
"202400026434";"155 735 173";"A01";"2";"7";"0";"2";"1";"15";"1";""
"202400026435";"155 735 170";"A01";"2";"7";"0";"2";"5";"2";"1";""
"202400026435";"155 735 172";"B01";"1";"32";"0";"2";"1";"2";"1";""
"202400026436";"155 735 169";"A01";"0";"33";"0";"0";"8";"0";"1";""
"202400026437";"155 735 167";"A01";"1";"7";"0";"1";"1";"1";"1";""
"202400026438";"155 735 166";"B01";"1";"7";"0";"2";"4";"1";"1";""
"202400026438";"155 735 168";"A01";"1";"33";"0";"2";"1";"1";"1";""
"202400026439";"155 735 164";"B01";"2";"7";"1";"0";"7";"1";"2";""
"202400026440";"155 735 162";"C01";"1";"7";"0";"2";"4";"2";"1";""
"202400026440";"155 735 163";"A01";"1";"7";"0";"2";"1";"2";"3";""
"202400026440";"155 735 165";"B01";"1";"7";"0";"2";"4";"2";"1";""
"202400026441";"155 735 158";"B01";"1";"7";"0";"2";"4";"2";"1";""
"202400026441";"155 735 160";"A01";"1";"7";"0";"2";"1";"2";"1";""
"202400026442";"155 735 157";"A01";"2";"7";"0";"2";"3";"13";"1";""
"202400026442";"155 735 159";"B01";"1";"7";"0";"2";"8";"1";"1";""
"202400026442";"155 735 161";"C01";"1";"7";"0";"2";"6";"1";"1";""
"202400026443";"155 735 155";"B01";"2";"7";"0";"2";"5";"20";"1";""
"202400026443";"155 735 156";"A01";"1";"10";"0";"2";"2";"2";"1";""
"202400026444";"155 735 153";"A01";"2";"7";"0";"2";"2";"9";"1";""
"202400026444";"155 735 154";"B01";"2";"7";"0";"2";"3";"1";"1";""
"202400026445";"155 735 151";"A01";"2";"30";"0";"0";"0";"26";"3";""
"202400026446";"155 735 149";"C01";"1";"7";"0";"2";"3";"1";"1";""
"202400026446";"155 735 150";"A01";"1";"7";"0";"2";"2";"15";"1";""
"202400026446";"155 735 152";"B01";"1";"7";"0";"2";"8";"1";"1";""
"202400026447";"155 735 148";"A01";"3";"30";"0";"1";"1";"9";"1";""
"202400026448";"155 735 146";"B01";"2";"7";"0";"2";"3";"1";"2";""
"202400026448";"155 735 147";"A01";"3";"2";"0";"2";"1";"1";"6";""
"202400026449";"155 735 145";"A01";"3";"7";"8";"0";"1";"14";"2";""
"202400026450";"155 735 143";"A01";"0";"30";"0";"0";"0";"1";"1";""
"202400026451";"155 735 142";"A01";"0";"7";"0";"2";"5";"16";"1";""
"202400026451";"155 735 144";"B01";"0";"37";"0";"2";"3";"1";"3";"3"
"202400026452";"155 735 141";"A01";"1";"7";"0";"1";"1";"1";"0";""
"202400026453";"155 735 140";"A01";"0";"7";"0";"1";"1";"1";"1";""
"202400026454";"155 735 137";"A01";"1";"7";"0";"2";"0";"26";"1";""
"202400026454";"155 735 139";"B01";"1";"1";"0";"2";"0";"1";"5";""
"202400026455";"155 735 138";"A01";"1";"7";"0";"1";"1";"1";"1";""
"202400026456";"155 735 135";"A01";"1";"50";"12";"0";"1";"1";"3";""
"202400026457";"155 735 134";"B01";"0";"10";"0";"2";"8";"1";"1";""
"202400026457";"155 735 136";"A01";"0";"10";"0";"2";"2";"15";"1";""
"202400026458";"155 735 133";"A01";"1";"30";"0";"1";"1";"25";"1";""
"202400026459";"155 735 131";"A01";"2";"38";"0";"2";"1";"1";"1";"1"
"202400026459";"155 735 132";"B01";"2";"7";"0";"2";"4";"1";"1";""
"202400026460";"155 735 129";"A01";"1";"34";"0";"2";"3";"18";"1";""
"202400026460";"155 735 130";"B01";"3";"7";"0";"2";"2";"16";"1";""
"202400026461";"155 735 126";"A01";"1";"7";"3";"2";"7";"5";"1";""
"202400026461";"155 735 128";"B01";"2";"38";"0";"2";"1";"2";"4";"1"
"202400026462";"155 735 125";"B01";"3";"7";"0";"2";"3";"1";"1";""