"Num_Acc";"id_vehicule";"num_veh";"senc";"catv";"obs";"obsm";"choc";"manv";"motor";"occutc"
"202400027073";"155 734 049";"A01";"2";"7";"0";"2";"1";"13";"1";""
"202400027073";"155 734 050";"B01";"1";"7";"0";"2";"3";"1";"1";""
"202400027074";"155 734 046";"A01";"2";"7";"0";"2";"3";"5";"1";""
"202400027074";"155 734 047";"B01";"1";"7";"0";"2";"1";"1";"1";""
"202400027075";"155 734 045";"A01";"3";"7";"0";"2";"2";"21";"1";""
"202400027075";"155 734 048";"B01";"3";"1";"0";"2";"8";"1";"5";""
"202400027076";"155 734 042";"A01";"1";"7";"0";"0";"1";"1";"1";""
"202400027076";"155 734 044";"B01";"2";"7";"0";"0";"3";"9";"1";""
"202400027077";"155 734 041";"B01";"3";"2";"0";"2";"2";"26";"3";""
"202400027077";"155 734 043";"A01";"3";"7";"0";"2";"3";"9";"1";""
"202400027078";"155 734 040";"A01";"1";"7";"11";"0";"1";"1";"1";""
"202400027079";"155 734 039";"A01";"1";"7";"8";"0";"9";"1";"1";""
"202400027080";"155 734 038";"A01";"2";"30";"0";"0";"8";"1";"1";""
"202400027081";"155 734 034";"C01";"2";"7";"0";"2";"1";"1";"1";""
"202400027081";"155 734 035";"B01";"2";"7";"0";"2";"9";"1";"1";""
"202400027081";"155 734 037";"A01";"1";"7";"0";"2";"9";"6";"1";""
"202400027082";"155 734 031";"A01";"2";"7";"0";"2";"1";"2";"1";""
"202400027082";"155 734 033";"B01";"2";"7";"0";"2";"4";"2";"1";""
"202400027082";"155 734 036";"C01";"2";"7";"0";"2";"4";"2";"1";""
"202400027083";"155 734 030";"B01";"1";"80";"0";"2";"1";"13";"3";""
"202400027083";"155 734 032";"A01";"2";"7";"1";"2";"1";"26";"1";""
"202400027084";"155 734 027";"A01";"3";"7";"0";"2";"1";"16";"1";""
"202400027084";"155 734 029";"B01";"3";"7";"0";"2";"4";"16";"1";""
"202400027085";"155 734 026";"B01";"1";"33";"0";"2";"1";"1";"1";""
"202400027085";"155 734 028";"A01";"2";"7";"0";"2";"2";"15";"1";""
"202400027086";"155 734 024";"A01";"3";"31";"0";"2";"1";"17";"1";""
"202400027086";"155 734 025";"B01";"3";"7";"0";"2";"6";"15";"1";""
"202400027087";"155 734 022";"A01";"2";"1";"0";"2";"7";"0";"5";""
"202400027087";"155 734 023";"Z01";"2";"7";"0";"9";"1";"0";"0";""
"202400027088";"155 734 020";"A01";"2";"7";"0";"2";"1";"1";"1";""
"202400027088";"155 734 021";"B01";"1";"50";"0";"2";"4";"0";"3";""
"202400027089";"155 734 018";"A01";"2";"10";"0";"2";"1";"2";"1";""
"202400027089";"155 734 019";"B01";"2";"7";"0";"2";"4";"1";"1";""
"202400027090";"155 734 016";"A01";"2";"1";"0";"2";"4";"2";"5";""
"202400027090";"155 734 017";"B01";"2";"3";"0";"2";"1";"2";"1";""
"202400027091";"155 734 015";"A01";"3";"1";"0";"0";"0";"0";"5";""
"202400027092";"155 734 014";"A01";"2";"2";"0";"1";"1";"1";"1";""
"202400027093";"155 734 012";"B01";"1";"30";"0";"2";"1";"1";"1";""
"202400027093";"155 734 013";"A01";"2";"10";"0";"2";"7";"1";"1";""
"202400027094";"155 734 011";"A01";"3";"7";"0";"1";"2";"1";"1";""
"202400027095";"155 734 010";"A01";"3";"50";"0";"1";"1";"1";"3";""
"202400027096";"155 734 008";"A01";"3";"7";"0";"2";"1";"1";"0";""
"202400027096";"155 734 009";"B01";"3";"7";"0";"2";"4";"1";"1";""
"202400027097";"155 734 006";"A01";"1";"50";"1";"0";"1";"14";"3";""
"202400027097";"155 734 007";"B01";"1";"7";"0";"2";"4";"26";"1";""
"202400027098";"155 734 005";"A01";"1";"30";"0";"0";"3";"1";"1";""
"202400027099";"155 734 002";"A01";"1";"7";"6";"0";"1";"1";"0";""
"202400027100";"155 733 999";"A01";"2";"33";"4";"0";"7";"14";"1";""
"202400027101";"155 733 997";"A01";"1";"7";"0";"2";"1";"13";"1";""
"202400027101";"155 733 998";"B01";"2";"7";"0";"2";"1";"1";"1";""
"202400027102";"155 733 992";"A01";"1";"7";"4";"2";"1";"1";"1";""
"202400027102";"155 733 994";"B01";"1";"7";"4";"2";"7";"1";"1";""
"202400027102";"155 733 996";"Z01";"1";"7";"0";"2";"1";"26";"0";""
"202400027103";"155 733 988";"A01";"1";"33";"0";"2";"1";"12";"1";""
"202400027103";"155 733 989";"B01";"1";"7";"0";"2";"2";"12";"1";""
"202400027104";"155 733 981";"B01";"3";"7";"0";"2";"4";"2";"1";""
"202400027104";"155 733 984";"C01";"3";"10";"0";"2";"4";"2";"1";""
"202400027104";"155 733 986";"A01";"1";"10";"0";"2";"1";"2";"1";""
"202400027105";"155 733 982";"A01";"2";"7";"0";"2";"1";"2";"1";""
"202400027105";"155 733 983";"B01";"2";"10";"0";"2";"4";"23";"1";""
"202400027105";"155 733 985";"C01";"2";"7";"0";"2";"4";"23";"1";""
"202400027106";"155 733 980";"A01";"3";"7";"15";"0";"9";"1";"1";""
"202400027107";"155 733 977";"A01";"3";"7";"0";"2";"7";"1";"1";""
"202400027107";"155 733 978";"B01";"3";"50";"0";"2";"1";"25";"3";""
"202400027108";"155 733 979";"A01";"0";"10";"0";"1";"1";"16";"3";""
"202400027109";"155 733 974";"A01";"1";"7";"0";"2";"1";"17";"1";""
"202400027109";"155 733 976";"B01";"1";"7";"0";"2";"3";"15";"1";""
"202400027110";"155 733 975";"A01";"2";"7";"0";"1";"6";"1";"1";""
"202400027111";"155 733 971";"A01";"1";"7";"0";"1";"2";"1";"1";""
"202400027112";"155 733 966";"A01";"3";"7";"0";"2";"2";"13";"1";""
"202400027112";"155 733 968";"B01";"3";"7";"0";"2";"2";"1";"1";""
"202400027113";"155 733 967";"Z01";"1";"7";"0";"1";"8";"1";"0";""
"202400027114";"155 733 962";"B01";"2";"1";"0";"2";"3";"1";"5";""
"202400027114";"155 733 964";"A01";"1";"7";"0";"2";"2";"1";"1";""
"202400027115";"155 733 961";"B01";"2";"7";"0";"2";"3";"1";"1";""
"202400027115";"155 733 963";"A01";"1";"7";"0";"2";"3";"1";"1";""
"202400027116";"155 733 958";"A01";"3";"31";"0";"2";"8";"18";"1";""
"202400027116";"155 733 960";"B01";"3";"7";"0";"2";"7";"16";"1";""
"202400027117";"155 733 954";"A01";"2";"33";"0";"2";"1";"17";"1";""
"202400027117";"155 733 955";"B01";"2";"10";"0";"2";"3";"13";"1";""
"202400027118";"155 733 952";"A01";"1";"30";"0";"2";"1";"1";"1";""
"202400027118";"155 733 953";"B01";"1";"7";"0";"2";"1";"1";"1";""
"202400027119";"155 733 951";"A01";"1";"30";"0";"9";"1";"18";"1";""
"202400027120";"155 733 949";"A01";"1";"10";"0";"2";"1";"15";"1";""
"202400027120";"155 733 950";"B01";"1";"34";"0";"2";"1";"1";"1";""
"202400027121";"155 733 948";"B01";"1";"80";"14";"1";"3";"26";"3";""
"202400027122";"155 733 946";"A01";"2";"7";"0";"2";"8";"15";"1";""
"202400027122";"155 733 947";"B01";"2";"33";"0";"2";"1";"1";"1";""
"202400027123";"155 733 943";"B01";"2";"2";"0";"2";"1";"1";"3";""
"202400027123";"155 733 945";"A01";"2";"10";"0";"2";"5";"1";"1";""
"202400027124";"155 733 940";"A01";"3";"7";"0";"2";"2";"16";"1";""
"202400027124";"155 733 942";"B01";"3";"7";"0";"2";"1";"1";"1";""
"202400027125";"155 733 939";"B01";"2";"80";"1";"0";"1";"1";"3";""
"202400027125";"155 733 941";"A01";"2";"7";"0";"2";"3";"22";"1";""
"202400027126";"155 733 936";"B01";"1";"7";"0";"2";"8";"1";"1";""
"202400027126";"155 733 937";"A01";"1";"7";"0";"2";"1";"1";"1";""
"202400027127";"155 733 935";"A01";"2";"50";"12";"2";"1";"1";"3";""
"202400027127";"155 733 938";"B01";"2";"7";"0";"2";"3";"1";"1";""
"202400027128";"155 733 934";"A01";"3";"7";"0";"1";"1";"0";"1";""
"202400027129";"155 733 932";"B01";"1";"7";"0";"2";"8";"0";"1";""
"202400027129";"155 733 933";"A01";"1";"50";"0";"2";"8";"0";"3";""
"202400027130";"155 733 930";"B01";"1";"10";"0";"2";"3";"1";"1";""
"202400027130";"155 733 931";"A01";"2";"7";"0";"2";"7";"9";"1";""
"202400027131";"155 733 929";"A01";"1";"7";"15";"0";"2";"2";"2";""
"202400027132";"155 733 925";"A01";"3";"34";"0";"2";"1";"1";"1";""
"202400027132";"155 733 927";"B01";"3";"7";"0";"2";"1";"9";"1";""
"202400027133";"155 733 924";"B01";"1";"2";"0";"2";"0";"0";"1";""
"202400027133";"155 733 926";"A01";"3";"7";"0";"2";"0";"0";"1";""
"202400027134";"155 733 922";"A01";"1";"33";"0";"2";"3";"17";"1";""
"202400027134";"155 733 923";"B01";"1";"7";"0";"9";"2";"9";"1";""
"202400027135";"155 733 919";"A01";"1";"7";"3";"0";"2";"1";"1";""
"202400027136";"155 733 920";"B01";"0";"10";"0";"2";"0";"0";"1";""
"202400027136";"155 733 921";"A01";"3";"50";"0";"2";"0";"14";"3";""
"202400027137";"155 733 918";"A01";"1";"50";"12";"0";"2";"14";"3";""
"202400027138";"155 733 916";"A01";"3";"7";"0";"1";"7";"1";"1";""
"202400027139";"155 733 914";"A01";"2";"10";"0";"2";"1";"19";"1";""
"202400027139";"155 733 917";"B01";"2";"33";"0";"2";"8";"1";"1";""
"202400027140";"155 733 913";"A01";"2";"2";"0";"2";"1";"26";"3";""
"202400027140";"155 733 915";"B01";"1";"7";"0";"2";"2";"0";"1";""
"202400027141";"155 733 912";"A01";"1";"7";"0";"1";"1";"19";"1";""
"202400027142";"155 733 910";"B01";"2";"2";"0";"2";"1";"1";"1";""
"202400027142";"155 733 911";"A01";"1";"7";"0";"2";"2";"15";"1";""
"202400027143";"155 733 907";"A01";"1";"31";"0";"1";"7";"1";"1";""
"202400027144";"155 733 908";"A01";"1";"7";"1";"0";"6";"15";"1";""
"202400027144";"155 733 909";"B01";"1";"7";"1";"0";"2";"2";"1";""
"202400027145";"155 733 906";"A01";"1";"7";"0";"1";"1";"26";"1";""
"202400027146";"155 733 904";"B01";"0";"31";"0";"0";"0";"0";"0";""
"202400027146";"155 733 905";"A01";"3";"10";"0";"2";"0";"0";"1";""
"202400027147";"155 733 902";"A01";"1";"32";"0";"2";"1";"2";"1";""
"202400027147";"155 733 903";"B01";"1";"7";"0";"2";"3";"15";"1";""
"202400027148";"155 733 901";"A01";"0";"30";"0";"1";"5";"26";"3";""
"202400027149";"155 733 899";"A01";"1";"32";"0";"2";"1";"1";"1";""
"202400027149";"155 733 900";"B01";"2";"7";"0";"2";"3";"9";"1";""
"202400027150";"155 733 897";"A01";"1";"33";"0";"2";"2";"11";"1";""
"202400027150";"155 733 898";"B01";"1";"10";"0";"2";"2";"1";"3";""
"202400027151";"155 733 896";"A01";"1";"7";"3";"1";"1";"1";"1";""
"202400027152";"155 733 894";"A01";"1";"34";"0";"2";"1";"26";"1";""
"202400027152";"155 733 895";"B01";"2";"7";"0";"2";"7";"15";"1";""
"202400027153";"155 733 892";"A01";"2";"32";"0";"2";"1";"3";"1";""
"202400027153";"155 733 893";"B01";"2";"7";"0";"2";"5";"2";"1";""
"202400027154";"155 733 890";"A01";"1";"37";"0";"0";"0";"1";"2";"5"
"202400027155";"155 733 889";"A01";"3";"7";"0";"2";"3";"2";"1";""
"202400027155";"155 733 891";"B01";"3";"32";"0";"2";"1";"17";"1";""
"202400027156";"155 733 888";"A01";"1";"7";"4";"0";"1";"20";"1";""
"202400027157";"155 733 885";"A01";"2";"7";"0";"2";"2";"17";"1";""
"202400027157";"155 733 887";"B01";"2";"7";"0";"2";"3";"1";"1";""
"202400027158";"155 733 884";"A01";"1";"7";"0";"2";"6";"20";"1";""
"202400027158";"155 733 886";"B01";"1";"30";"0";"2";"1";"2";"1";""
"202400027159";"155 733 881";"A01";"1";"7";"0";"1";"2";"16";"1";""
"202400027160";"155 733 879";"C01";"3";"10";"0";"2";"4";"2";"0";""
"202400027160";"155 733 880";"A01";"3";"10";"0";"2";"1";"2";"1";""
"202400027160";"155 733 882";"B01";"3";"10";"0";"2";"4";"2";"1";""
"202400027160";"155 733 883";"D01";"3";"7";"0";"2";"4";"2";"1";""
"202400027161";"155 733 877";"A01";"1";"7";"0";"1";"1";"16";"2";""
"202400027162";"155 733 876";"B01";"2";"2";"1";"0";"2";"1";"3";""
"202400027162";"155 733 878";"A01";"2";"7";"0";"2";"8";"22";"1";""
"202400027163";"155 733 875";"Z01";"3";"7";"1";"1";"4";"0";"1";""
"202400027164";"155 733 871";"A01";"2";"2";"0";"2";"7";"2";"3";""
"202400027164";"155 733 873";"B01";"2";"7";"0";"2";"8";"2";"1";""
"202400027165";"155 733 872";"A01";"1";"2";"0";"2";"7";"1";"1";""
"202400027165";"155 733 874";"B01";"1";"7";"0";"2";"1";"1";"1";""
"202400027166";"155 733 869";"A01";"2";"33";"3";"2";"0";"0";"1";""
"202400027166";"155 733 870";"B01";"2";"7";"0";"2";"2";"1";"1";""
"202400027167";"155 733 867";"A01";"1";"33";"8";"0";"0";"2";"1";""
"202400027168";"155 733 866";"A01";"1";"7";"0";"2";"3";"13";"1";""
"202400027168";"155 733 868";"B01";"2";"10";"0";"2";"3";"1";"1";""
"202400027169";"155 733 864";"B01";"2";"50";"0";"2";"0";"1";"3";""
"202400027169";"155 733 865";"A01";"2";"7";"0";"0";"0";"0";"0";""
"202400027170";"155 733 862";"A01";"1";"7";"0";"1";"1";"1";"1";""
"202400027171";"155 733 863";"A01";"0";"33";"12";"0";"7";"1";"1";""
"202400027172";"155 733 860";"A01";"1";"7";"0";"0";"9";"14";"1";""
"202400027173";"155 733 859";"A01";"2";"7";"0";"1";"1";"1";"1";""
"202400027174";"155 733 856";"A01";"1";"43";"0";"2";"1";"2";"1";""
"202400027174";"155 733 857";"B01";"1";"14";"0";"2";"6";"2";"1";""
"202400027175";"155 733 855";"A01";"2";"7";"0";"2";"3";"9";"1";""
"202400027175";"155 733 858";"B01";"1";"33";"0";"2";"5";"26";"1";""
"202400027176";"155 733 853";"A01";"2";"50";"0";"2";"1";"1";"3";""
"202400027176";"155 733 854";"B01";"2";"7";"0";"9";"7";"1";"1";""
"202400027177";"155 733 850";"A01";"3";"7";"8";"0";"1";"0";"3";""
"202400027178";"155 733 851";"A01";"2";"7";"0";"2";"2";"15";"1";""
"202400027178";"155 733 852";"B01";"1";"2";"0";"2";"1";"17";"1";""
"202400027179";"155 733 847";"B01";"1";"30";"0";"2";"1";"1";"1";""
"202400027179";"155 733 849";"A01";"2";"7";"0";"2";"7";"15";"2";""
"202400027180";"155 733 846";"A01";"0";"32";"14";"0";"0";"13";"1";""
"202400027180";"155 733 848";"B01";"0";"7";"0";"0";"0";"16";"1";""
"202400027181";"155 733 845";"A01";"1";"7";"0";"1";"1";"15";"1";""
"202400027182";"155 733 843";"A01";"1";"7";"0";"2";"8";"1";"1";""
"202400027182";"155 733 844";"B01";"2";"10";"0";"2";"1";"1";"1";""
"202400027183";"155 733 842";"A01";"2";"1";"0";"0";"8";"9";"5";""
"202400027184";"155 733 841";"A01";"1";"7";"0";"1";"2";"1";"1";""
"202400027185";"155 733 839";"B01";"2";"7";"0";"2";"1";"9";"1";""
"202400027185";"155 733 840";"A01";"2";"31";"0";"2";"7";"9";"1";""
"202400027186";"155 733 836";"B01";"3";"14";"0";"2";"2";"1";"1";""
"202400027186";"155 733 838";"A01";"3";"10";"0";"2";"1";"19";"1";""
"202400027187";"155 733 835";"A01";"1";"7";"0";"2";"1";"16";"1";""
"202400027187";"155 733 837";"B01";"0";"1";"0";"2";"8";"1";"5";""
"202400027188";"155 733 833";"A01";"3";"7";"2";"0";"9";"15";"1";""
"202400027189";"155 733 832";"A01";"3";"7";"0";"2";"6";"15";"1";""
"202400027189";"155 733 834";"B01";"2";"7";"0";"2";"1";"1";"1";""
"202400027190";"155 733 829";"A01";"2";"7";"5";"0";"1";"1";"1";""
"202400027191";"155 733 828";"B01";"1";"7";"0";"2";"4";"23";"1";""
"202400027191";"155 733 830";"A01";"1";"7";"0";"2";"1";"2";"1";""
"202400027191";"155 733 831";"C01";"1";"7";"0";"2";"4";"23";"1";""
"202400027192";"155 733 827";"A01";"1";"7";"13";"0";"1";"1";"1";""
"202400027193";"155 733 824";"B01";"3";"32";"0";"2";"1";"1";"1";""
"202400027193";"155 733 826";"A01";"3";"7";"0";"2";"3";"1";"1";""
"202400027194";"155 733 823";"B01";"1";"7";"0";"2";"2";"1";"1";""
"202400027194";"155 733 825";"A01";"1";"7";"0";"0";"7";"19";"1";""
"202400027195";"155 733 822";"A01";"1";"7";"0";"1";"1";"1";"1";""
"202400027196";"155 733 821";"A01";"3";"2";"0";"0";"7";"1";"1";""
"202400027197";"155 733 820";"A01";"2";"7";"4";"0";"8";"11";"1";""
"202400027198";"155 733 817";"A01";"1";"7";"2";"0";"1";"21";"1";""
"202400027199";"155 733 818";"A01";"2";"50";"0";"2";"1";"0";"3";""
"202400027199";"155 733 819";"B01";"1";"50";"0";"9";"0";"0";"3";""
"202400027200";"155 733 816";"A01";"1";"33";"10";"0";"8";"0";"1";""
"202400027201";"155 733 815";"A01";"1";"7";"0";"1";"1";"1";"1";""
"202400027202";"155 733 811";"A01";"1";"7";"6";"0";"7";"1";"1";""
"202400027203";"155 733 810";"B01";"3";"7";"0";"9";"3";"15";"1";""
"202400027203";"155 733 812";"A01";"0";"50";"0";"2";"0";"0";"3";""
"202400027204";"155 733 808";"A01";"1";"7";"0";"2";"2";"15";"1";""
"202400027204";"155 733 809";"B01";"1";"2";"0";"2";"1";"1";"1";""
"202400027205";"155 733 806";"A01";"1";"7";"0";"2";"7";"15";"1";""
"202400027205";"155 733 807";"B01";"2";"31";"0";"2";"1";"1";"1";""
"202400027206";"155 733 804";"B01";"1";"14";"0";"0";"4";"1";"1";""
"202400027206";"155 733 805";"A01";"1";"7";"0";"2";"1";"1";"1";""
"202400027207";"155 733 802";"A01";"2";"30";"0";"2";"1";"2";"1";""
"202400027207";"155 733 803";"B01";"2";"37";"0";"2";"2";"1";"1";"1"
"202400027208";"155 733 800";"B01";"2";"80";"0";"2";"8";"19";"3";""
"202400027208";"155 733 801";"A01";"2";"7";"0";"2";"2";"15";"1";""
"202400027209";"155 733 798";"B01";"3";"7";"0";"2";"3";"1";"1";""
"202400027209";"155 733 799";"A01";"1";"7";"0";"2";"2";"1";"1";""
"202400027210";"155 733 796";"A01";"1";"7";"0";"2";"1";"1";"1";""
"202400027210";"155 733 797";"B01";"1";"15";"0";"2";"4";"11";"1";""
"202400027211";"155 733 794";"A01";"1";"7";"0";"2";"4";"2";"1";""
"202400027211";"155 733 795";"B01";"1";"7";"0";"2";"1";"2";"1";""
"202400027212";"155 733 789";"B01";"1";"50";"0";"2";"8";"19";"3";""
"202400027212";"155 733 790";"A01";"1";"7";"0";"2";"3";"26";"1";""
"202400027213";"155 733 786";"B01";"2";"7";"0";"0";"8";"1";"1";""
"202400027213";"155 733 788";"A01";"2";"10";"0";"2";"1";"1";"1";""
"202400027214";"155 733 783";"A01";"0";"32";"0";"2";"7";"1";"1";""
"202400027214";"155 733 785";"B01";"0";"7";"0";"2";"1";"9";"1";""
"202400027215";"155 733 779";"A01";"2";"33";"4";"2";"4";"5";"1";""
"202400027215";"155 733 780";"B01";"1";"38";"0";"2";"3";"1";"1";"1"
"202400027216";"155 733 778";"A01";"1";"7";"0";"1";"1";"1";"1";""
"202400027217";"155 733 777";"A01";"1";"7";"0";"1";"1";"15";"1";""
"202400027218";"155 733 776";"A01";"2";"33";"11";"0";"1";"17";"1";""
"202400027219";"155 733 774";"B01";"1";"15";"0";"2";"1";"1";"1";""
"202400027219";"155 733 775";"A01";"2";"15";"0";"2";"3";"1";"1";""
"202400027220";"155 733 772";"A01";"2";"7";"0";"2";"1";"2";"1";""
"202400027220";"155 733 773";"B01";"2";"7";"0";"2";"4";"2";"1";""
"202400027221";"155 733 771";"A01";"1";"33";"13";"0";"0";"1";"1";""
"202400027222";"155 733 769";"A01";"3";"37";"14";"0";"3";"1";"1";"1"
"202400027222";"155 733 770";"B01";"3";"7";"0";"2";"7";"1";"1";""
"202400027223";"155 733 768";"A01";"1";"10";"0";"1";"4";"4";"1";""
"202400027224";"155 733 765";"A01";"2";"7";"0";"2";"0";"1";"1";""
"202400027224";"155 733 766";"B01";"2";"15";"0";"0";"4";"0";"1";""
"202400027225";"155 733 767";"A01";"1";"7";"0";"0";"9";"1";"1";""
"202400027226";"155 733 764";"A01";"1";"33";"16";"0";"9";"1";"1";""
"202400027227";"155 733 763";"A01";"0";"7";"0";"1";"1";"1";"1";""
"202400027228";"155 733 761";"A01";"2";"7";"0";"2";"3";"17";"1";""
"202400027228";"155 733 762";"B01";"1";"7";"0";"2";"3";"1";"1";""
"202400027229";"155 733 758";"C01";"3";"7";"0";"2";"1";"9";"1";""
"202400027229";"155 733 760";"B01";"1";"2";"0";"2";"7";"1";"1";""
"202400027230";"155 733 757";"B01";"2";"17";"0";"2";"0";"0";"1";""
"202400027230";"155 733 759";"A01";"2";"7";"0";"2";"6";"9";"1";""
"202400027231";"155 733 756";"A01";"2";"3";"8";"0";"1";"1";"1";""
"202400027232";"155 733 753";"C01";"2";"7";"0";"2";"4";"23";"1";""
"202400027232";"155 733 754";"A01";"2";"7";"0";"2";"1";"2";"1";""
"202400027232";"155 733 755";"B01";"2";"7";"0";"2";"9";"23";"1";""
"202400027233";"155 733 750";"A01";"2";"10";"0";"2";"2";"2";"1";""
"202400027233";"155 733 751";"B01";"2";"7";"0";"2";"6";"2";"1";""
"202400027234";"155 733 749";"A01";"2";"7";"2";"0";"1";"1";"1";""
"202400027235";"155 733 745";"C01";"1";"15";"0";"2";"4";"2";"1";""
"202400027235";"155 733 747";"A01";"1";"10";"0";"2";"3";"2";"1";""
"202400027235";"155 733 748";"B01";"1";"10";"0";"2";"4";"2";"1";""
"202400027236";"155 733 744";"B01";"2";"2";"0";"2";"1";"1";"1";""
"202400027236";"155 733 746";"A01";"1";"7";"0";"2";"3";"1";"1";""
"202400027237";"155 733 742";"A01";"1";"7";"0";"2";"8";"13";"3";""
"202400027237";"155 733 743";"B01";"1";"33";"0";"2";"7";"3";"1";""
"202400027238";"155 733 739";"A01";"1";"7";"3";"0";"1";"21";"1";""
"202400027239";"155 733 740";"B01";"1";"7";"0";"2";"4";"0";"1";""
"202400027239";"155 733 741";"A01";"1";"7";"0";"2";"1";"2";"1";""
"202400027240";"155 733 735";"A01";"3";"7";"0";"2";"1";"1";"1";""
"202400027240";"155 733 737";"B01";"3";"60";"0";"2";"7";"1";"5";""
"202400027241";"155 733 734";"A01";"1";"10";"0";"2";"4";"2";"1";""
"202400027241";"155 733 736";"C01";"1";"7";"0";"2";"4";"0";"1";""
"202400027241";"155 733 738";"B01";"1";"7";"0";"2";"4";"2";"2";""
"202400027242";"155 733 733";"A01";"1";"33";"12";"0";"9";"1";"1";""
"202400027243";"155 733 731";"A01";"3";"7";"0";"2";"6";"16";"1";""
"202400027243";"155 733 732";"B01";"3";"31";"0";"2";"9";"1";"1";""
"202400027244";"155 733 729";"B01";"1";"7";"0";"2";"5";"12";"1";""
"202400027244";"155 733 730";"A01";"1";"33";"0";"2";"1";"3";"1";""
"202400027245";"155 733 727";"A01";"1";"7";"6";"0";"2";"15";"1";""
"202400027246";"155 733 726";"A01";"1";"31";"0";"2";"8";"0";"1";""
"202400027246";"155 733 728";"B01";"1";"7";"0";"0";"2";"23";"1";""
"202400027247";"155 733 724";"A01";"1";"33";"0";"0";"0";"3";"1";""
"202400027248";"155 733 723";"A01";"1";"7";"0";"0";"0";"1";"1";""
"202400027248";"155 733 725";"B01";"3";"1";"0";"2";"7";"19";"5";""
"202400027249";"155 733 721";"A01";"1";"7";"0";"1";"4";"20";"1";""
"202400027250";"155 733 719";"A01";"1";"10";"0";"2";"7";"12";"1";""
"202400027250";"155 733 722";"B01";"1";"33";"0";"2";"8";"3";"1";""
"202400027251";"155 733 718";"C01";"1";"7";"0";"2";"4";"1";"1";""
"202400027251";"155 733 720";"B01";"1";"31";"0";"2";"1";"1";"1";""
"202400027252";"155 733 717";"Z01";"2";"7";"0";"1";"1";"1";"0";""
"202400027253";"155 733 715";"A01";"1";"7";"0";"1";"2";"21";"1";""
"202400027254";"155 733 713";"A01";"1";"10";"0";"2";"1";"2";"1";""
"202400027254";"155 733 714";"B01";"1";"7";"0";"2";"4";"2";"1";""
"202400027254";"155 733 716";"C01";"1";"7";"0";"2";"4";"2";"1";""
"202400027255";"155 733 711";"A01";"1";"10";"0";"1";"2";"0";"0";""
"202400027256";"155 733 710";"A01";"2";"2";"0";"2";"1";"1";"1";""
"202400027256";"155 733 712";"B01";"2";"2";"0";"2";"8";"1";"1";""
"202400027257";"155 733 708";"B01";"1";"1";"0";"2";"0";"1";"5";""
"202400027257";"155 733 709";"A01";"1";"7";"0";"2";"0";"0";"0";""
"202400027258";"155 733 707";"A01";"3";"7";"0";"1";"3";"1";"1";""
"202400027259";"155 733 706";"A01";"1";"7";"0";"1";"8";"1";"0";""
"202400027260";"155 733 705";"A01";"2";"7";"0";"1";"2";"16";"1";""
"202400027261";"155 733 704";"A01";"1";"7";"0";"1";"8";"16";"1";""
"202400027262";"155 733 703";"A01";"3";"10";"0";"1";"6";"4";"1";""
"202400027263";"155 733 701";"A01";"3";"7";"0";"1";"1";"2";"1";""
"202400027264";"155 733 700";"A01";"1";"7";"0";"2";"3";"15";"1";""
"202400027264";"155 733 702";"B01";"2";"7";"0";"2";"2";"1";"1";""
"202400027265";"155 733 699";"A01";"0";"7";"1";"0";"1";"14";"2";""
"202400027266";"155 733 698";"A01";"2";"7";"0";"1";"1";"1";"1";""
"202400027267";"155 733 697";"A01";"3";"7";"0";"1";"2";"1";"1";""
"202400027268";"155 733 694";"A01";"2";"7";"0";"2";"0";"1";"1";""
"202400027268";"155 733 696";"B01";"1";"1";"0";"2";"0";"1";"5";""
"202400027269";"155 733 693";"B01";"1";"7";"0";"2";"3";"0";"1";""
"202400027269";"155 733 695";"A01";"1";"50";"0";"2";"1";"9";"3";""
"202400027270";"155 733 691";"A01";"1";"7";"0";"2";"5";"1";"1";""
"202400027270";"155 733 692";"B01";"1";"1";"0";"2";"2";"2";"5";""
"202400027271";"155 733 690";"A01";"1";"10";"0";"1";"2";"16";"1";""
"202400027272";"155 733 688";"A01";"2";"7";"13";"0";"0";"2";"1";""
"202400027273";"155 733 687";"A01";"3";"50";"0";"2";"2";"9";"3";""
"202400027273";"155 733 689";"B01";"1";"7";"0";"2";"7";"1";"1";""
"202400027274";"155 733 685";"A01";"3";"7";"0";"1";"3";"1";"1";""
"202400027275";"155 733 684";"B01";"1";"33";"0";"2";"1";"21";"1";""
"202400027275";"155 733 686";"A01";"2";"10";"0";"2";"1";"15";"1";""
"202400027276";"155 733 682";"A01";"1";"2";"0";"0";"0";"26";"1";""
"202400027277";"155 733 683";"A01";"3";"7";"12";"1";"3";"1";"0";""
"202400027278";"155 733 681";"A01";"1";"10";"0";"1";"3";"16";"3";""
"202400027279";"155 733 680";"A01";"3";"7";"0";"1";"6";"26";"1";""
"202400027280";"155 733 678";"A01";"1";"33";"0";"2";"1";"2";"1";""
"202400027280";"155 733 679";"B01";"3";"7";"0";"2";"3";"20";"1";""
"202400027281";"155 733 676";"B01";"2";"1";"0";"2";"1";"1";"5";""
"202400027281";"155 733 677";"A01";"1";"7";"0";"2";"3";"15";"1";""
"202400027282";"155 733 674";"B01";"1";"7";"12";"2";"1";"13";"1";""
"202400027282";"155 733 675";"A01";"2";"7";"12";"2";"3";"0";"2";""