"Num_Acc";"id_vehicule";"num_veh";"senc";"catv";"obs";"obsm";"choc";"manv";"motor";"occutc"
"202400027283";"155 733 673";"A01";"2";"7";"15";"0";"1";"14";"1";""
"202400027284";"155 733 668";"A01";"3";"7";"0";"2";"1";"2";"0";""
"202400027284";"155 733 670";"C01";"3";"7";"0";"2";"4";"2";"1";""
"202400027284";"155 733 671";"B01";"3";"7";"0";"2";"4";"2";"1";""
"202400027284";"155 733 672";"D01";"3";"7";"0";"2";"4";"15";"1";""
"202400027285";"155 733 666";"B01";"3";"7";"0";"2";"4";"1";"1";""
"202400027285";"155 733 667";"C01";"3";"7";"0";"2";"4";"1";"1";""
"202400027285";"155 733 669";"A01";"3";"7";"0";"2";"1";"1";"1";""
"202400027286";"155 733 664";"A01";"2";"7";"0";"2";"1";"2";"1";""
"202400027286";"155 733 665";"B01";"2";"7";"0";"2";"4";"23";"1";""
"202400027287";"155 733 663";"A01";"3";"32";"0";"2";"3";"21";"1";""
"202400027288";"155 733 661";"A01";"1";"7";"1";"0";"1";"20";"2";""
"202400027288";"155 733 662";"B01";"3";"7";"1";"0";"0";"0";"1";""
"202400027289";"155 733 659";"A01";"3";"7";"0";"2";"0";"15";"1";""
"202400027289";"155 733 660";"B01";"3";"7";"0";"2";"2";"1";"1";""
"202400027290";"155 733 657";"A01";"2";"7";"0";"2";"3";"9";"1";""
"202400027290";"155 733 658";"B01";"2";"2";"0";"2";"1";"1";"1";""
"202400027291";"155 733 655";"A01";"3";"7";"1";"2";"2";"15";"1";""
"202400027291";"155 733 656";"B01";"3";"1";"1";"2";"3";"1";"5";""
"202400027292";"155 733 654";"A01";"3";"7";"0";"1";"2";"9";"1";""
"202400027293";"155 733 652";"A01";"1";"33";"0";"0";"0";"1";"1";""
"202400027294";"155 733 651";"A01";"1";"7";"0";"2";"3";"15";"1";""
"202400027294";"155 733 653";"B01";"2";"50";"0";"2";"1";"1";"3";""
"202400027295";"155 733 650";"A01";"1";"0";"0";"1";"1";"0";"1";""
"202400027296";"155 733 649";"A01";"1";"7";"0";"1";"3";"1";"2";""
"202400027297";"155 733 646";"A01";"3";"7";"0";"2";"2";"15";"1";""
"202400027297";"155 733 648";"B01";"3";"1";"0";"2";"1";"1";"5";""
"202400027298";"155 733 645";"D01";"2";"33";"0";"2";"1";"9";" -1";""
"202400027298";"155 733 647";"B01";"1";"30";"0";"2";"8";"1";"1";""
"202400027299";"155 733 642";"A01";"3";"7";"0";"2";"3";"19";"1";""
"202400027299";"155 733 644";"B01";"1";"1";"0";"2";"1";"1";"5";""
"202400027300";"155 733 641";"A01";"1";"7";"0";"9";"1";"1";"1";""
"202400027300";"155 733 643";"B01";"1";"1";"0";"2";"1";"1";"5";""
"202400027301";"155 733 638";"A01";"1";"14";"0";"2";"3";"15";"0";""
"202400027301";"155 733 640";"B01";"1";"7";"0";"2";"8";"2";"1";""
"202400027302";"155 733 637";"A01";"3";"7";"0";"2";"3";"16";"1";""
"202400027302";"155 733 639";"B01";"3";"7";"0";"2";"2";"1";"1";""
"202400027303";"155 733 634";"A01";"3";"7";"0";"2";"2";"1";"1";""
"202400027303";"155 733 635";"B01";"3";"80";"0";"0";"8";"19";"3";""
"202400027304";"155 733 633";"B01";"3";"10";"0";"2";"1";"1";"1";""
"202400027304";"155 733 636";"A01";"3";"30";"0";"2";"1";"1";"3";""
"202400027305";"155 733 629";"B01";"2";"10";"0";"1";"3";"1";"1";""
"202400027305";"155 733 631";"A01";"1";"7";"0";"1";"3";"1";"1";""
"202400027306";"155 733 630";"A01";"2";"7";"0";"2";"3";"15";"1";""
"202400027306";"155 733 632";"B01";"1";"2";"0";"2";"8";"1";"1";""
"202400027307";"155 733 625";"B01";"1";"60";"0";"2";"8";"2";"5";""
"202400027307";"155 733 628";"A01";"1";"7";"0";"2";"1";"2";"0";""
"202400027308";"155 733 623";"C01";"2";"33";"0";"2";"1";"1";"1";""
"202400027308";"155 733 626";"A01";"1";"7";"0";"2";"8";"1";"1";""
"202400027308";"155 733 627";"B01";"2";"33";"0";"2";"3";"1";"1";""
"202400027309";"155 733 622";"B01";"1";"2";"1";"2";"2";"1";"1";""
"202400027309";"155 733 624";"A01";"1";"7";"0";"2";"3";"20";"1";""
"202400027310";"155 733 621";"A01";"1";"7";"0";"1";"1";"1";"1";""
"202400027311";"155 733 619";"A01";"2";"7";"9";"0";"6";"26";"2";""
"202400027312";"155 733 618";"B01";"3";"2";"0";"2";"1";"15";"1";""
"202400027312";"155 733 620";"A01";"3";"7";"0";"2";"2";"1";"1";""
"202400027313";"155 733 617";"A01";"3";"30";"0";"0";"8";"21";"1";""
"202400027314";"155 733 614";"B01";"3";"7";"0";"2";"1";"0";"2";""
"202400027314";"155 733 616";"A01";"3";"7";"0";"2";"1";"13";"1";""
"202400027315";"155 733 611";"A01";"1";"7";"0";"2";"7";"15";"1";""
"202400027315";"155 733 613";"B01";"1";"7";"0";"2";"1";"1";"1";""
"202400027316";"155 733 612";"A01";"1";"7";"0";"2";"3";"15";"1";""
"202400027316";"155 733 615";"B01";"2";"2";"0";"2";"2";"1";"1";""
"202400027317";"155 733 610";"A01";"0";"7";"0";"1";"3";"1";"1";""
"202400027318";"155 733 607";"A01";"1";"7";"0";"2";"7";"1";"2";""
"202400027318";"155 733 609";"B01";"2";"50";"0";"2";"1";"9";"3";""
"202400027319";"155 733 606";"A01";"3";"7";"0";"2";"2";"26";"1";""
"202400027319";"155 733 608";"B01";"3";"50";"0";"2";"7";"19";"3";""
"202400027320";"155 733 605";"A01";"1";"2";"3";"0";"1";"26";"1";""
"202400027321";"155 733 604";"A01";"1";"7";"1";"0";"1";"1";"0";""
"202400027322";"155 733 601";"A01";"1";"7";"0";"2";"2";"16";"1";""
"202400027322";"155 733 603";"B01";"1";"1";"0";"2";"1";"2";"0";""
"202400027323";"155 733 600";"A01";"3";"7";"0";"2";"1";"2";"1";""
"202400027323";"155 733 602";"B01";"3";"38";"0";"2";"4";"2";"1";"1"
"202400027324";"155 733 596";"A01";"1";"7";"0";"2";"6";"12";"1";""
"202400027324";"155 733 598";"B01";"1";"1";"0";"2";"1";"2";"0";""
"202400027325";"155 733 597";"A01";"1";"10";"0";"2";"2";"2";"1";""
"202400027325";"155 733 599";"B01";"1";"7";"0";"2";"4";"1";"1";""
"202400027326";"155 733 595";"A01";"1";"7";"13";"0";"0";"13";"1";""
"202400027327";"155 733 592";"A01";"2";"30";"0";"1";"1";"3";"1";""
"202400027328";"155 733 591";"B01";"3";"7";"0";"2";"6";"17";"1";""
"202400027328";"155 733 593";"A01";"3";"7";"0";"2";"1";"1";"1";""
"202400027329";"155 733 590";"B01";"2";"7";"0";"2";"1";"19";"1";""
"202400027329";"155 733 594";"A01";"1";"7";"8";"2";"8";"1";"3";""
"202400027330";"155 733 586";"A01";"2";"7";"1";"2";"1";"1";"1";""
"202400027330";"155 733 588";"B01";"1";"7";"1";"0";"3";"5";"1";""
"202400027331";"155 733 587";"A01";"1";"34";"0";"2";"1";"2";"1";""
"202400027331";"155 733 589";"B01";"1";"7";"0";"2";"4";"2";"1";""
"202400027332";"155 733 584";"A01";"3";"7";"0";"1";"1";"1";"1";""
"202400027332";"155 733 585";"B01";"3";"7";"0";"2";"1";"1";"1";""
"202400027333";"155 733 583";"A01";"1";"7";"0";"1";"3";"16";"1";""
"202400027334";"155 733 582";"A01";"1";"7";"12";"0";"3";"13";"1";""
"202400027335";"155 733 578";"A01";"2";"10";"0";"2";"1";"15";"1";""
"202400027335";"155 733 580";"B01";"1";"33";"0";"2";"1";"1";"1";""
"202400027336";"155 733 577";"A01";"3";"1";"0";"2";"7";"1";"5";""
"202400027336";"155 733 581";"B01";"3";"7";"0";"2";"2";"9";"1";""
"202400027337";"155 733 576";"B01";"2";"99";"0";"0";"0";"0";"0";""
"202400027337";"155 733 579";"A01";"2";"7";"0";"2";"7";"9";"0";""
"202400027338";"155 733 574";"A01";"3";"1";"0";"2";"7";"1";"5";""
"202400027338";"155 733 575";"Z01";"1";"30";"0";"2";"1";"18";"0";""
"202400027339";"155 733 572";"A01";"1";"7";"12";"0";"2";"20";"1";""
"202400027340";"155 733 571";"B01";"3";"7";"0";"2";"1";"2";"1";""
"202400027340";"155 733 573";"A01";"3";"7";"0";"2";"8";"15";"1";""
"202400027341";"155 733 568";"A01";"2";"7";"0";"2";"2";"10";"1";""
"202400027341";"155 733 569";"B01";"2";"7";"0";"2";"3";"23";"1";""
"202400027342";"155 733 567";"B01";"0";"37";"0";"2";"1";"1";"1";"4"
"202400027342";"155 733 570";"A01";"0";"7";"0";"2";"7";"0";"1";""
"202400027343";"155 733 566";"A01";"1";"7";"0";"1";"1";"19";"1";""
"202400027344";"155 733 564";"A01";"0";"7";"0";"1";"1";"23";"1";""
"202400027345";"155 733 563";"A01";"1";"7";"0";"1";"6";"4";"1";""
"202400027346";"155 733 562";"A01";"2";"30";"0";"2";"8";"10";"1";""
"202400027346";"155 733 565";"B01";"1";"7";"0";"2";"1";"1";"1";""
"202400027347";"155 733 559";"A01";"3";"7";"0";"2";"4";"23";"1";""
"202400027347";"155 733 561";"B01";"1";"7";"0";"2";"1";"2";"1";""
"202400027348";"155 733 560";"A01";"3";"37";"0";"1";"2";"15";"2";"1"
"202400027349";"155 733 556";"B01";"1";"60";"0";"2";"1";"19";"5";""
"202400027349";"155 733 557";"A01";"2";"7";"0";"2";"8";"16";"1";""
"202400027350";"155 733 552";"A01";"3";"7";"0";"2";"2";"16";"1";""
"202400027350";"155 733 553";"B01";"3";"50";"0";"2";"1";"1";"3";""
"202400027351";"155 733 551";"C01";"2";"7";"0";"2";"0";"2";"1";""
"202400027351";"155 733 555";"A01";"2";"7";"0";"2";"1";"2";"1";""
"202400027351";"155 733 558";"B01";"2";"7";"0";"2";"4";"2";"1";""
"202400027352";"155 733 550";"B01";"2";"2";"0";"2";"1";"1";"1";""
"202400027352";"155 733 554";"A01";"1";"10";"16";"2";"8";"15";"1";""
"202400027353";"155 733 549";"A01";"1";"33";"12";"1";"1";"1";"1";""
"202400027354";"155 733 547";"Z01";"2";"0";"0";"1";"1";"2";"1";""
"202400027355";"155 733 546";"A01";"1";"39";"0";"1";"1";"26";"2";""
"202400027356";"155 733 544";"B01";"3";"33";"0";"2";"1";"1";"0";""
"202400027356";"155 733 548";"A01";"3";"7";"0";"2";"1";"15";"1";""
"202400027357";"155 733 541";"A01";"1";"7";"2";"0";"1";"1";"1";""
"202400027358";"155 733 538";"A01";"1";"10";"0";"1";"1";"1";"1";""
"202400027359";"155 733 539";"A01";"1";"7";"13";"0";"9";"1";"1";""
"202400027360";"155 733 537";"A01";"1";"7";"0";"2";"4";"1";"1";""
"202400027360";"155 733 540";"C01";"1";"7";"0";"2";"1";"0";"1";""
"202400027360";"155 733 542";"B01";"1";"7";"0";"2";"4";"0";"1";""
"202400027361";"155 733 536";"A01";"1";"3";"0";"1";"2";"13";"3";""
"202400027362";"155 733 534";"A01";"2";"7";"0";"1";"2";"9";"1";""
"202400027363";"155 733 533";"A01";"3";"30";"0";"2";"1";"1";"1";""
"202400027363";"155 733 535";"B01";"3";"7";"0";"2";"8";"1";"1";""
"202400027364";"155 733 531";"A01";"3";"7";"0";"1";"0";"26";"0";""
"202400027365";"155 733 530";"A01";"1";"7";"0";"2";"1";"2";"1";""
"202400027365";"155 733 532";"B01";"1";"7";"0";"2";"4";"2";"1";""
"202400027366";"155 733 529";"A01";"1";"10";"0";"1";"1";"0";"1";""
"202400027367";"155 733 526";"B01";"3";"7";"0";"2";"3";"15";"0";""
"202400027367";"155 733 528";"A01";"1";"32";"0";"2";"3";"1";"1";""
"202400027368";"155 733 525";"A01";"3";"7";"0";"2";"1";"1";"1";""
"202400027368";"155 733 527";"B01";"3";"7";"0";"2";"6";"15";"1";""
"202400027369";"155 733 524";"A01";"3";"7";"0";"9";"1";"15";"1";""
"202400027370";"155 733 522";"A01";"0";"50";"0";"0";"0";"1";"3";""
"202400027371";"155 733 518";"A01";"2";"50";"0";"2";"1";"1";"3";""
"202400027371";"155 733 519";"B01";"2";"7";"0";"2";"6";"23";"1";""
"202400027372";"155 733 516";"B01";"1";"2";"0";"0";"0";"0";"1";""
"202400027372";"155 733 520";"A01";"3";"10";"0";"2";"3";"15";"1";""
"202400027373";"155 733 514";"A01";"1";"7";"0";"1";"5";"17";"1";""
"202400027374";"155 733 512";"A01";"1";"10";"6";"0";"1";"13";"1";""
"202400027375";"155 733 510";"A01";"0";"31";"0";"0";"7";"1";"1";""
"202400027376";"155 733 507";"A01";"3";"50";"0";"9";"4";"0";"3";""
"202400027376";"155 733 509";"B01";"3";"50";"0";"9";"1";"1";"3";""
"202400027377";"155 733 511";"B01";"1";"30";"0";"2";"4";"2";"1";""
"202400027377";"155 733 513";"C01";"1";"7";"0";"2";"4";"2";"1";""
"202400027377";"155 733 515";"E01";"1";"7";"0";"2";"4";"2";"0";""
"202400027377";"155 733 517";"A01";"1";"38";"0";"2";"1";"2";"1";"2"
"202400027377";"155 733 521";"D01";"1";"3";"0";"2";"4";"2";"1";""
"202400027377";"155 733 523";"F01";"1";"7";"0";"2";"4";"2";"1";""
"202400027378";"155 733 506";"A01";"1";"7";"0";"2";"1";"15";"1";""
"202400027378";"155 733 508";"B01";"2";"2";"0";"2";"3";"1";"1";""
"202400027379";"155 733 505";"A01";"0";"7";"0";"1";"1";"1";"1";""
"202400027380";"155 733 500";"A01";"0";"7";"0";"1";"1";"1";"1";""
"202400027381";"155 733 502";"A01";"0";"99";"0";"2";"3";"11";"1";""
"202400027381";"155 733 504";"B01";"1";"7";"0";"2";"1";"1";"1";""
"202400027382";"155 733 501";"A01";"2";"10";"0";"2";"5";"16";"1";""
"202400027383";"155 733 499";"A01";"1";"1";"0";"2";"0";"0";"5";""
"202400027383";"155 733 503";"B01";"2";"7";"0";"2";"5";"0";"1";""
"202400027384";"155 733 496";"A01";"3";"10";"0";"1";"4";"20";"1";""
"202400027385";"155 733 495";"A01";"1";"7";"0";"2";"1";"26";"1";""
"202400027385";"155 733 497";"B01";"2";"7";"0";"2";"2";"1";"1";""
"202400027386";"155 733 494";"A01";"0";"60";"0";"2";"1";"1";"5";""
"202400027386";"155 733 498";"B01";"0";"7";"0";"2";"1";"1";"1";""
"202400027387";"155 733 492";"A01";"3";"7";"0";"2";"1";"15";"1";""
"202400027387";"155 733 493";"B01";"3";"2";"0";"2";"1";"1";"1";""
"202400027388";"155 733 491";"A01";"1";"7";"0";"1";"1";"1";"6";""
"202400027389";"155 733 489";"A01";"1";"7";"0";"1";"4";"20";"1";""
"202400027390";"155 733 486";"A01";"2";"7";"0";"0";"2";"1";"1";""
"202400027390";"155 733 490";"B01";"1";"7";"0";"2";"1";"1";"1";""
"202400027391";"155 733 484";"B01";"1";"2";"0";"2";"8";"1";"1";""
"202400027391";"155 733 487";"A01";"3";"7";"0";"2";"2";"9";"1";""
"202400027392";"155 733 482";"B01";"3";"7";"0";"0";"4";"2";"1";""
"202400027392";"155 733 483";"A01";"3";"33";"0";"2";"1";"2";"1";""
"202400027393";"155 733 479";"A01";"3";"10";"3";"2";"1";"1";"1";""
"202400027393";"155 733 480";"B01";"3";"7";"16";"2";"4";"9";"1";""
"202400027394";"155 733 478";"A01";"2";"7";"0";"2";"1";"15";"1";""
"202400027394";"155 733 481";"B01";"1";"33";"0";"2";"1";"1";"1";""
"202400027395";"155 733 473";"A01";"1";"3";"0";"1";"2";"26";"0";""
"202400027396";"155 733 471";"C01";"1";"7";"0";"0";"0";"0";" -1";""
"202400027396";"155 733 474";"A01";"1";"7";"0";"2";"0";"0";" -1";""
"202400027396";"155 733 477";"B01";"1";"7";"1";"0";"0";"0";" -1";""
"202400027397";"155 733 472";"B01";"1";"31";"0";"2";"1";"18";"1";""
"202400027397";"155 733 475";"A01";"1";"31";"0";"2";"1";"16";"1";""
"202400027398";"155 733 470";"B01";"2";"2";"0";"2";"7";"1";"1";""
"202400027398";"155 733 476";"A01";"1";"7";"0";"2";"2";"15";"1";""
"202400027399";"155 733 465";"A01";"3";"7";"0";"2";"3";"9";"1";""
"202400027399";"155 733 468";"B01";"3";"7";"0";"0";"0";"0";"1";""
"202400027400";"155 733 464";"A01";"3";"7";"0";"2";"3";"0";"1";""
"202400027400";"155 733 469";"B01";"3";"2";"0";"2";"5";"17";"1";""
"202400027401";"155 733 462";"B01";"2";"7";"0";"2";"3";"1";"1";""
"202400027401";"155 733 467";"A01";"1";"1";"0";"2";"1";"1";"5";""
"202400027402";"155 733 463";"A01";"1";"7";"0";"2";"4";"1";"3";""
"202400027402";"155 733 466";"B01";"1";"7";"0";"2";"1";"1";"1";""
"202400027403";"155 733 461";"A01";"3";"7";"0";"1";"1";"1";"1";""
"202400027404";"155 733 457";"A01";"1";"10";"0";"2";"1";"15";"1";""
"202400027404";"155 733 460";"B01";"2";"1";"0";"2";"8";"1";"5";""
"202400027405";"155 733 456";"A01";"2";"7";"0";"2";"3";"15";"1";""
"202400027405";"155 733 459";"B01";"1";"2";"0";"2";"1";"1";"1";""
"202400027406";"155 733 455";"A01";"1";"7";"0";"2";"1";"2";"1";""
"202400027406";"155 733 458";"B01";"1";"10";"0";"2";"4";"1";"1";""
"202400027407";"155 733 454";"A01";"1";"7";"0";"1";"1";"1";"1";""
"202400027408";"155 733 451";"A01";"1";"10";"0";"1";"2";"21";"1";""
"202400027409";"155 733 450";"B01";"0";"2";"0";"2";"1";"1";"1";""
"202400027409";"155 733 452";"A01";"0";"7";"0";"2";"1";"16";"1";""
"202400027410";"155 733 449";"A01";"2";"7";"0";"2";"2";"19";"1";""
"202400027410";"155 733 453";"B01";"1";"1";"0";"2";"1";"1";"5";""
"202400027411";"155 733 448";"A01";"2";"30";"11";"0";"1";"16";"1";""
"202400027412";"155 733 447";"A01";"3";"7";"0";"1";"3";"1";"1";""
"202400027413";"155 733 446";"A01";"3";"7";"0";"1";"8";"2";"1";""
"202400027414";"155 733 444";"A01";"2";"7";"0";"2";"3";"15";"1";""
"202400027414";"155 733 445";"B01";"2";"50";"0";"2";"1";"1";"3";""
"202400027415";"155 733 442";"A01";"3";"33";"5";"0";"1";"1";"1";""
"202400027416";"155 733 440";"A01";"2";"7";"0";"2";"3";"9";"1";""
"202400027416";"155 733 443";"B01";"1";"7";"0";"2";"1";"1";"1";""
"202400027417";"155 733 439";"B01";"3";"7";"0";"2";"4";"2";"1";""
"202400027417";"155 733 441";"A01";"3";"7";"0";"2";"1";"2";"1";""
"202400027418";"155 733 436";"A01";"2";"10";"0";"2";"1";"1";"1";""
"202400027418";"155 733 438";"B01";"2";"7";"0";"2";"4";"1";"1";""
"202400027419";"155 733 435";"B01";"3";"7";"0";"2";"1";"1";"1";""
"202400027419";"155 733 437";"A01";"1";"7";"0";"2";"3";"16";"1";""
"202400027420";"155 733 434";"A01";"3";"7";"0";"1";"3";"1";"1";""
"202400027421";"155 733 430";"A01";"3";"7";"0";"2";"1";"2";"1";""
"202400027421";"155 733 431";"D01";"3";"10";"0";"2";"4";"2";"1";""
"202400027421";"155 733 433";"B01";"3";"7";"0";"2";"4";"2";"1";""
"202400027422";"155 733 429";"A01";"1";"7";"0";"2";"7";"1";"1";""
"202400027422";"155 733 432";"B01";"2";"32";"0";"2";"1";"15";"1";""
"202400027423";"155 733 427";"A01";"0";"7";"0";"1";"1";"1";"1";""
"202400027424";"155 733 426";"A01";"1";"7";"0";"2";"1";"2";"1";""
"202400027424";"155 733 428";"B01";"1";"10";"0";"2";"4";"2";"1";""
"202400027425";"155 733 424";"A01";"1";"10";"0";"1";"1";"2";"1";""
"202400027426";"155 733 421";"A01";"1";"7";"0";"2";"1";"2";"1";""
"202400027426";"155 733 425";"B01";"1";"7";"0";"0";"4";"1";"1";""
"202400027427";"155 733 419";"A01";"1";"7";"0";"2";"5";"1";"1";""
"202400027427";"155 733 422";"Z01";"1";"50";"0";"2";"1";"1";"3";""
"202400027428";"155 733 420";"B01";"2";"7";"0";"2";"1";"1";"3";""
"202400027428";"155 733 423";"A01";"1";"7";"0";"2";"7";"15";"1";""
"202400027429";"155 733 417";"A01";"2";"10";"0";"1";"1";"1";"1";""
"202400027430";"155 733 415";"A01";"2";"7";"0";"2";"1";"0";"1";""
"202400027430";"155 733 416";"B01";"0";"7";"0";"2";"1";"0";"1";""
"202400027431";"155 733 413";"A01";"0";"7";"0";"2";"1";"15";"1";""
"202400027431";"155 733 418";"B01";"0";"7";"0";"2";"3";"1";"1";""
"202400027432";"155 733 412";"B01";"2";"7";"0";"2";"0";"0";"0";""
"202400027432";"155 733 414";"A01";"2";"7";"0";"2";"2";"1";"1";""
"202400027433";"155 733 409";"A01";"3";"7";"2";"0";"1";"9";"1";""
"202400027434";"155 733 408";"A01";"1";"33";"0";"0";"1";"17";"1";""
"202400027435";"155 733 407";"B01";"1";"7";"0";"2";"3";"1";"1";""
"202400027435";"155 733 410";"C01";"1";"7";"0";"2";"3";"1";"1";""
"202400027435";"155 733 411";"A01";"1";"7";"0";"2";"1";"13";"1";""
"202400027436";"155 733 406";"A01";"1";"7";"9";"0";"3";"13";"1";""
"202400027437";"155 733 405";"A01";"1";"33";"14";"0";"1";"16";"1";""
"202400027438";"155 733 402";"A01";"1";"7";"0";"2";"0";"15";"1";""
"202400027438";"155 733 404";"B01";"2";"2";"0";"2";"0";"1";"1";""
"202400027439";"155 733 401";"A01";"1";"7";"0";"2";"2";"9";"3";""
"202400027439";"155 733 403";"B01";"1";"31";"0";"2";"1";"1";"1";""
"202400027440";"155 733 400";"A01";"2";"33";"0";"0";"8";"26";"1";""
"202400027441";"155 733 397";"B01";"1";"7";"0";"2";"5";"4";"1";""
"202400027441";"155 733 398";"A01";"1";"10";"0";"2";"2";"1";"1";""
"202400027442";"155 733 396";"Z01";"1";"10";"0";"1";"1";"1";"6";""
"202400027443";"155 733 399";"A01";"1";"7";"0";"1";"2";"1";"1";""
"202400027444";"155 733 393";"A01";"2";"7";"1";"0";"2";"14";"1";""
"202400027444";"155 733 395";"B01";"3";"7";"0";"0";"8";"24";"1";""
"202400027445";"155 733 389";"B01";"1";"7";"0";"2";"4";"1";"1";""
"202400027445";"155 733 392";"A01";"1";"7";"0";"2";"4";"1";"1";""
"202400027445";"155 733 394";"C01";"1";"7";"0";"2";"1";"1";"1";""
"202400027446";"155 733 388";"A01";"1";"7";"1";"2";"8";"22";"1";""
"202400027446";"155 733 391";"B01";"1";"1";"1";"0";"1";"1";"5";""
"202400027447";"155 733 386";"A01";"3";"7";"0";"2";"3";"19";"1";""
"202400027447";"155 733 390";"B01";"3";"30";"0";"2";"1";"17";"1";""
"202400027448";"155 733 385";"B01";"3";"50";"0";"2";"8";"1";"3";""
"202400027448";"155 733 387";"A01";"3";"7";"0";"9";"7";"16";"0";""
"202400027449";"155 733 383";"A01";"2";"7";"0";"1";"1";"1";"1";""
"202400027450";"155 733 382";"B01";"2";"7";"0";"2";"8";"1";"1";""
"202400027450";"155 733 384";"A01";"2";"7";"0";"2";"1";"1";"1";""
"202400027451";"155 733 380";"A01";"1";"30";"2";"0";"1";"13";"1";""
"202400027452";"155 733 381";"A01";"3";"7";"0";"1";"1";"2";"1";""
"202400027453";"155 733 378";"A01";"1";"7";"0";"1";"2";"1";"1";""
"202400027454";"155 733 376";"A01";"2";"7";"0";"1";"1";"1";"6";""
"202400027455";"155 733 371";"C01";"2";"7";"0";"2";"6";"1";"1";""
"202400027455";"155 733 373";"B01";"1";"32";"0";"2";"1";"17";"1";""
"202400027455";"155 733 375";"Z01";"2";"7";"0";"2";"0";"0";"0";""
"202400027456";"155 733 370";"A01";"3";"7";"0";"2";"1";"2";"1";""
"202400027456";"155 733 374";"B01";"3";"50";"0";"2";"1";"0";"3";""
"202400027457";"155 733 369";"A01";"2";"1";"0";"2";"8";"19";"5";""
"202400027457";"155 733 372";"B01";"1";"7";"0";"2";"1";"2";"1";""
"202400027458";"155 733 365";"A01";"3";"7";"0";"1";"1";"1";"1";""
"202400027459";"155 733 364";"B01";"3";"33";"0";"2";"3";"1";"1";""
"202400027459";"155 733 367";"A01";"3";"7";"0";"2";"2";"15";"1";""
"202400027460";"155 733 366";"B01";"3";"50";"0";"2";"2";"1";"3";""
"202400027460";"155 733 368";"A01";"2";"3";"0";"2";"3";"1";"0";""
"202400027461";"155 733 363";"A01";"1";"7";"0";"1";"1";"1";"1";""
"202400027462";"155 733 361";"A01";"2";"7";"0";"1";"4";"26";"1";""
"202400027463";"155 733 360";"A01";"1";"7";"0";"2";"4";"2";"1";""
"202400027463";"155 733 362";"B01";"1";"7";"0";"2";"1";"2";"1";""
"202400027464";"155 733 357";"A01";"3";"7";"0";"2";"3";"15";"0";""
"202400027464";"155 733 359";"B01";"3";"2";"0";"2";"1";"17";"1";""
"202400027465";"155 733 354";"A01";"1";"7";"1";"2";"1";"1";"1";""
"202400027465";"155 733 356";"B01";"2";"37";"0";"2";"1";"1";"1";"1"
"202400027466";"155 733 358";"A01";"2";"7";"0";"1";"1";"1";"1";""
"202400027467";"155 733 353";"B01";"0";"43";"0";"2";"7";"1";"1";""
"202400027467";"155 733 355";"A01";"3";"7";"0";"2";"1";"15";"2";""
"202400027468";"155 733 349";"A01";"2";"31";"0";"2";"1";"1";"1";""
"202400027468";"155 733 351";"B01";"2";"7";"0";"9";"4";"2";"1";""
"202400027469";"155 733 350";"B01";"2";"7";"0";"2";"0";"0";"0";""
"202400027469";"155 733 352";"A01";"2";"1";"0";"2";"4";"19";"5";""
"202400027470";"155 733 348";"A01";"2";"7";"0";"1";"2";"26";"3";""
"202400027471";"155 733 346";"A01";"3";"32";"12";"0";"2";"14";"1";""
"202400027472";"155 733 347";"A01";"3";"50";"0";"1";"1";"5";"3";""
"202400027473";"155 733 345";"A01";"3";"7";"0";"1";"7";"9";"1";""
"202400027474";"155 733 344";"A01";"3";"30";"1";"0";"1";"26";"1";""
"202400027475";"155 733 342";"B01";"3";"7";"0";"1";"0";"2";"2";""
"202400027476";"155 733 340";"B01";"1";"60";"0";"0";"0";"0";"5";""
"202400027476";"155 733 343";"A01";"1";"7";"0";"2";"0";"0";"1";""
"202400027477";"155 733 341";"A01";"3";"33";"0";"9";"8";"1";"1";""
"202400027478";"155 733 336";"Z01";"1";"7";"0";"2";"1";"2";"1";""
"202400027478";"155 733 339";"B01";"1";"7";"0";"2";"5";"1";"1";""
"202400027479";"155 733 333";"A01";"3";"1";"0";"2";"5";"2";"5";""
"202400027479";"155 733 338";"B01";"3";"7";"0";"2";"2";"1";"1";""
"202400027480";"155 733 332";"A01";"1";"13";"0";"1";"2";"16";"1";""
"202400027481";"155 733 331";"A01";"3";"2";"0";"2";"0";"0";"1";""
"202400027481";"155 733 334";"B01";"3";"10";"0";"2";"0";"0";"1";""
"202400027482";"155 733 330";"Z01";"1";"7";"0";"1";"0";"1";"0";""
"202400027483";"155 733 329";"A01";"1";"7";"0";"1";"7";"1";"1";""
"202400027484";"155 733 326";"A01";"1";"1";"0";"2";"0";"1";"5";""
"202400027484";"155 733 328";"B01";"1";"1";"0";"2";"1";"1";"5";""
"202400027485";"155 733 323";"B01";"3";"50";"0";"2";"1";"1";"3";""
"202400027485";"155 733 325";"A01";"3";"7";"0";"2";"7";"14";"1";""
"202400027486";"155 733 324";"A01";"1";"7";"0";"2";"6";"15";"1";""
"202400027486";"155 733 327";"B01";"2";"7";"1";"2";"3";"1";"0";""
"202400027487";"155 733 321";"B01";"3";"1";"0";"2";"8";"19";"5";""
"202400027487";"155 733 322";"A01";"2";"7";"0";"2";"3";"0";"1";""
"202400027488";"155 733 319";"B01";"1";"7";"0";"1";"2";"1";"2";""
"202400027489";"155 733 317";"A01";"2";"33";"0";"0";"7";"0";"1";""
"202400027490";"155 733 318";"B01";"2";"7";"0";"2";"8";"1";"1";""