"Num_Acc";"id_vehicule";"num_veh";"senc";"catv";"obs";"obsm";"choc";"manv";"motor";"occutc"
"202400027490";"155 733 320";"A01";"1";"7";"0";"2";"8";"13";"1";""
"202400027491";"155 733 315";"A01";"3";"30";"0";"2";"0";"21";"1";""
"202400027491";"155 733 316";"B01";"3";"30";"0";"2";"0";"10";"1";""
"202400027492";"155 733 312";"A01";"1";"2";"0";"2";"1";"7";"1";""
"202400027492";"155 733 314";"B01";"1";"7";"0";"9";"2";"16";"2";""
"202400027493";"155 733 311";"A01";"1";"31";"0";"2";"1";"14";"3";""
"202400027493";"155 733 313";"B01";"1";"7";"0";"2";"5";"1";"2";""
"202400027494";"155 733 310";"A01";"1";"7";"0";"1";"1";"1";"1";""
"202400027495";"155 733 306";"A01";"2";"7";"15";"0";"1";"26";"2";""
"202400027496";"155 733 304";"A01";"1";"33";"0";"2";"3";"2";"1";""
"202400027496";"155 733 307";"B01";"1";"13";"0";"0";"5";"12";" -1";""
"202400027497";"155 733 302";"C01";"3";"7";"0";"2";"4";"23";"1";""
"202400027497";"155 733 305";"Z01";"3";"7";"0";"2";"1";"19";"1";""
"202400027497";"155 733 308";"B01";"3";"7";"0";"2";"3";"23";"1";""
"202400027497";"155 733 309";"A01";"3";"7";"0";"2";"7";"1";"1";""
"202400027498";"155 733 301";"B01";"1";"14";"0";"2";"5";"1";"1";""
"202400027498";"155 733 303";"A01";"1";"10";"0";"2";"3";"2";"1";""
"202400027499";"155 733 300";"A01";"1";"7";"0";"1";"1";"19";"1";""
"202400027500";"155 733 296";"A01";"1";"7";"9";"0";"1";"5";"1";""
"202400027501";"155 733 297";"A01";"2";"2";"0";"2";"7";"1";"1";""
"202400027502";"155 733 295";"B01";"3";"31";"0";"2";"7";"15";"3";""
"202400027502";"155 733 299";"A01";"3";"13";"0";"2";"8";"15";"1";""
"202400027503";"155 733 292";"A01";"1";"7";"0";"2";"3";"1";"1";""
"202400027503";"155 733 294";"B01";"1";"80";"0";"2";"1";"1";"3";""
"202400027504";"155 733 291";"A01";"1";"34";"0";"2";"3";"1";"0";""
"202400027504";"155 733 293";"B01";"3";"7";"0";"2";"2";"1";"1";""
"202400027505";"155 733 290";"A01";"2";"33";"8";"0";"0";"1";"1";""
"202400027506";"155 733 287";"A01";"1";"33";"12";"0";"2";"1";"1";""
"202400027507";"155 733 288";"B01";"3";"33";"0";"2";"1";"2";"1";""
"202400027507";"155 733 289";"A01";"3";"7";"0";"2";"6";"2";"1";""
"202400027508";"155 733 286";"A01";"3";"7";"0";"1";"1";"1";"1";""
"202400027509";"155 733 285";"A01";"1";"7";"0";"1";"1";"0";"1";""
"202400027510";"155 733 282";"A01";"1";"7";"0";"0";"6";"2";"1";""
"202400027510";"155 733 284";"B01";"1";"33";"0";"0";"2";"0";"1";""
"202400027511";"155 733 281";"A01";"1";"31";"0";"2";"1";"1";"1";""
"202400027511";"155 733 283";"B01";"1";"1";"0";"2";"8";"19";"5";""
"202400027512";"155 733 280";"A01";"1";"7";"0";"1";"3";"1";"1";""
"202400027513";"155 733 276";"A01";"3";"32";"0";"2";"1";"1";"1";""
"202400027513";"155 733 278";"B01";"3";"7";"0";"2";"7";"15";"1";""
"202400027514";"155 733 277";"A01";"2";"10";"0";"1";"1";"1";"1";""
"202400027515";"155 733 273";"B01";"0";"2";"0";"2";"1";"13";"1";""
"202400027515";"155 733 275";"A01";"0";"7";"0";"2";"3";"1";"1";""
"202400027516";"155 733 274";"B01";"3";"7";"0";"2";"8";"1";"1";""
"202400027516";"155 733 279";"A01";"3";"7";"0";"2";"1";"0";"1";""
"202400027517";"155 733 270";"A01";"1";"7";"0";"0";"1";"1";"1";""
"202400027518";"155 733 271";"A01";"1";"30";"0";"0";"0";"1";"1";""
"202400027519";"155 733 269";"A01";"1";"10";"0";"1";"7";"1";"0";""
"202400027520";"155 733 268";"A01";"1";"1";"0";"2";"1";"1";"5";""
"202400027520";"155 733 272";"B01";"2";"1";"0";"2";"1";"13";"5";""
"202400027521";"155 733 264";"B01";"3";"10";"0";"2";"4";"1";"1";""
"202400027521";"155 733 267";"A01";"3";"10";"0";"2";"1";"2";"1";""
"202400027522";"155 733 260";"A01";"3";"7";"0";"2";"2";"16";"1";""
"202400027522";"155 733 263";"B01";"3";"1";"0";"2";"6";"1";"5";""
"202400027523";"155 733 262";"B01";"2";"7";"0";"0";"4";"1";"1";""
"202400027523";"155 733 266";"A01";"2";"1";"0";"2";"1";"1";"5";""
"202400027524";"155 733 261";"A01";"2";"7";"0";"0";"8";"9";"0";""
"202400027524";"155 733 265";"B01";"2";"7";"0";"0";"2";"1";"0";""
"202400027525";"155 733 258";"B01";"1";"7";"0";"2";"1";"1";"1";""
"202400027525";"155 733 259";"A01";"2";"10";"0";"2";"1";"13";"1";""
"202400027526";"155 733 257";"A01";"2";"7";"0";"1";"1";"1";"1";""
"202400027527";"155 733 254";"A01";"1";"30";"0";"2";"3";"11";"1";""
"202400027527";"155 733 255";"B01";"1";"7";"0";"2";"2";"1";"1";""
"202400027528";"155 733 256";"A01";"1";"1";"0";"1";"8";"1";"5";""
"202400027529";"155 733 250";"A01";"1";"1";"0";"2";"1";"1";"5";""
"202400027529";"155 733 252";"B01";"2";"1";"0";"2";"1";"1";"5";""
"202400027530";"155 733 249";"B01";"3";"50";"0";"2";"1";"1";"3";""
"202400027530";"155 733 253";"A01";"3";"10";"0";"2";"3";"1";"1";""
"202400027531";"155 733 248";"A01";"1";"1";"0";"2";"1";"1";"5";""
"202400027532";"155 733 247";"B01";"2";"40";"0";"2";"2";"1";"0";""
"202400027532";"155 733 251";"A01";"2";"7";"0";"4";"3";"15";"1";""
"202400027533";"155 733 244";"B01";"0";"30";"0";"2";"2";"17";"1";""
"202400027533";"155 733 246";"A01";"0";"7";"0";"0";"8";"15";"1";""
"202400027534";"155 733 242";"A01";"1";"7";"0";"2";"6";"11";"1";""
"202400027534";"155 733 245";"B01";"1";"33";"0";"2";"1";"2";"1";""
"202400027535";"155 733 243";"A01";"1";"30";"0";"0";"0";"0";"1";""
"202400027536";"155 733 241";"A01";"0";"7";"0";"1";"2";"1";"1";""
"202400027537";"155 733 240";"A01";"2";"7";"4";"0";"2";"1";"1";""
"202400027538";"155 733 239";"A01";"3";"13";"1";"1";"6";"15";"1";""
"202400027539";"155 733 237";"A01";"0";"1";"0";"0";"0";"0";"5";""
"202400027540";"155 733 235";"B01";"2";"34";"0";"2";"7";"1";"1";""
"202400027540";"155 733 238";"A01";"0";"7";"0";"2";"1";"15";"1";""
"202400027541";"155 733 232";"A01";"1";"50";"0";"2";"1";"16";"3";""
"202400027541";"155 733 236";"B01";"0";"7";"0";"9";"3";"15";"2";""
"202400027542";"155 733 230";"B01";"1";"33";"0";"2";"1";"1";"1";""
"202400027542";"155 733 234";"A01";"2";"1";"0";"2";"3";"1";"5";""
"202400027543";"155 733 229";"C01";"0";"7";"0";"2";"4";"1";"1";""
"202400027543";"155 733 231";"B01";"0";"7";"0";"2";"4";"1";"1";""
"202400027543";"155 733 233";"A01";"0";"10";"0";"2";"1";"1";"1";""
"202400027544";"155 733 225";"B01";"2";"1";"0";"9";"8";"11";"5";""
"202400027544";"155 733 227";"A01";"2";"32";"0";"9";"7";"2";"1";""
"202400027545";"155 733 226";"B01";"1";"50";"0";"2";"1";"7";"3";""
"202400027545";"155 733 228";"A01";"1";"7";"0";"2";"7";"16";"2";""
"202400027546";"155 733 224";"A01";"1";"31";"12";"0";"7";"14";"1";""
"202400027547";"155 733 222";"B01";"1";"50";"0";"0";"0";"26";"3";""
"202400027548";"155 733 221";"A01";"3";"13";"0";"2";"1";"16";"1";""
"202400027548";"155 733 223";"B01";"3";"7";"0";"0";"0";"0";"0";""
"202400027549";"155 733 219";"B01";"0";"10";"0";"2";"7";"2";"1";""
"202400027550";"155 733 218";"A01";"2";"50";"0";"0";"0";"1";"3";""
"202400027551";"155 733 217";"A01";"0";"7";"0";"2";"3";"10";"1";""
"202400027551";"155 733 220";"B01";"0";"33";"0";"2";"7";"1";"1";""
"202400027552";"155 733 216";"A01";"1";"7";"15";"0";"1";"12";"1";""
"202400027553";"155 733 211";"A01";"1";"32";"0";"2";"1";"14";"1";""
"202400027553";"155 733 212";"B01";"1";"7";"0";"2";"7";"15";"2";""
"202400027554";"155 733 209";"B01";"0";"10";"0";"2";"3";"1";"1";""
"202400027554";"155 733 213";"A01";"0";"7";"0";"2";"2";"1";"1";""
"202400027555";"155 733 206";"A01";"1";"10";"0";"2";"1";"2";"1";""
"202400027555";"155 733 207";"B01";"2";"7";"0";"2";"4";"1";"1";""
"202400027556";"155 733 205";"A01";"1";"32";"0";"0";"8";"15";"1";""
"202400027557";"155 733 203";"A01";"1";"7";"0";"2";"3";"0";"1";""
"202400027557";"155 733 204";"B01";"2";"7";"0";"2";"2";"9";"1";""
"202400027558";"155 733 200";"A01";"3";"7";"0";"2";"3";"15";"2";""
"202400027558";"155 733 201";"B01";"3";"34";"0";"2";"2";"26";"1";""
"202400027559";"155 733 199";"A01";"1";"30";"0";"2";"7";"1";"1";""
"202400027559";"155 733 202";"B01";"1";"7";"0";"2";"1";"1";"2";""
"202400027560";"155 733 197";"A01";"3";"7";"0";"2";"1";"2";"1";""
"202400027560";"155 733 198";"B01";"3";"10";"0";"1";"1";"23";"1";""
"202400027561";"155 733 195";"A01";"1";"7";"0";"2";"0";"0";"0";""
"202400027561";"155 733 196";"B01";"1";"2";"1";"0";"0";"0";"0";""
"202400027562";"155 733 194";"A01";"0";"7";"0";"1";"1";"15";"1";""
"202400027563";"155 733 192";"A01";"2";"2";"12";"0";"1";"1";"1";""
"202400027564";"155 733 193";"A01";"3";"30";"0";"1";"0";"0";"1";""
"202400027565";"155 733 190";"B01";"3";"7";"0";"2";"8";"1";"1";""
"202400027565";"155 733 191";"A01";"3";"7";"0";"2";"1";"1";"1";""
"202400027566";"155 733 189";"A01";"0";"7";"0";"1";"3";"15";"1";""
"202400027567";"155 733 185";"B01";"1";"7";"0";"2";"3";"9";"3";""
"202400027567";"155 733 187";"A01";"1";"7";"9";"2";"2";"21";"1";""
"202400027568";"155 733 186";"A01";"1";"7";"0";"2";"1";"17";"1";""
"202400027568";"155 733 188";"B01";"2";"1";"0";"2";"1";"0";"5";""
"202400027569";"155 733 183";"A01";"1";"7";"0";"1";"1";"1";"1";""
"202400027570";"155 733 182";"A01";"2";"7";"0";"2";"1";"13";"1";""
"202400027570";"155 733 184";"B01";"1";"7";"0";"2";"1";"1";"1";""
"202400027571";"155 733 179";"A01";"3";"7";"0";"1";"3";"15";"1";""
"202400027572";"155 733 180";"A01";"3";"7";"0";"2";"6";"5";"1";""
"202400027572";"155 733 181";"B01";"2";"7";"0";"2";"1";"1";"1";""
"202400027573";"155 733 175";"A01";"0";"7";"0";"2";"6";"19";"1";""
"202400027573";"155 733 177";"B01";"0";"43";"0";"2";"1";"1";"1";""
"202400027574";"155 733 176";"A01";"2";"7";"4";"2";"2";"1";"1";""
"202400027574";"155 733 178";"B01";"2";"15";"0";"2";"3";"1";"1";""
"202400027575";"155 733 172";"A01";"1";"37";"0";"2";"1";"1";"1";"1"
"202400027575";"155 733 174";"B01";"2";"10";"0";"2";"1";"5";"1";""
"202400027576";"155 733 170";"B01";"1";"43";"0";"2";"4";"26";"1";""
"202400027576";"155 733 173";"A01";"1";"7";"0";"2";"1";"2";"2";""
"202400027577";"155 733 169";"A01";"1";"7";"0";"2";"2";"15";"1";""
"202400027577";"155 733 171";"B01";"2";"7";"0";"2";"1";"1";"1";""
"202400027578";"155 733 167";"A01";"2";"7";"8";"1";"7";"23";"0";""
"202400027579";"155 733 164";"A01";"1";"7";"12";"0";"8";"1";"1";""
"202400027580";"155 733 165";"C01";"2";"7";"0";"2";"4";"2";"1";""
"202400027580";"155 733 166";"A01";"2";"7";"0";"2";"1";"2";"1";""
"202400027580";"155 733 168";"B01";"2";"7";"0";"2";"1";"2";"1";""
"202400027581";"155 733 162";"A01";"2";"33";"0";"1";"3";"1";"1";""
"202400027582";"155 733 160";"B01";"1";"10";"1";"2";"1";"1";"1";""
"202400027582";"155 733 161";"D01";"1";"7";"0";"2";"3";"0";"1";""
"202400027582";"155 733 163";"A01";"3";"10";"0";"2";"6";"9";"1";""
"202400027583";"155 733 158";"A01";"0";"30";"0";"2";"7";"19";"1";""
"202400027583";"155 733 159";"B01";"0";"7";"0";"0";"0";"0";"0";""
"202400027584";"155 733 156";"B01";"1";"7";"0";"2";"3";"1";"1";""
"202400027584";"155 733 157";"A01";"1";"7";"0";"2";"2";"1";"1";""
"202400027585";"155 733 153";"B01";"2";"34";"0";"2";"1";"9";"1";""
"202400027585";"155 733 155";"A01";"2";"1";"0";"2";"4";"14";"5";""
"202400027586";"155 733 150";"A01";"2";"33";"0";"2";"3";"3";"1";""
"202400027586";"155 733 151";"B01";"2";"7";"0";"2";"5";"12";"2";""
"202400027587";"155 733 149";"B01";"1";"7";"0";"2";"0";"0";"0";""
"202400027587";"155 733 152";"A01";"1";"37";"0";"2";"1";"26";"0";"1"
"202400027587";"155 733 154";"C01";"1";"7";"0";"2";"3";"1";"0";""
"202400027588";"155 733 148";"A01";"2";"31";"0";"0";"7";"2";"1";""
"202400027589";"155 733 146";"A01";"2";"37";"0";"2";"2";"1";"1";"1"
"202400027589";"155 733 147";"B01";"2";"1";"0";"0";"0";"0";"5";""
"202400027590";"155 733 144";"A01";"2";"32";"0";"2";"8";"3";"1";""
"202400027590";"155 733 145";"B01";"2";"7";"0";"2";"7";"2";"0";""
"202400027591";"155 733 142";"Z01";"0";"7";"0";"2";"0";"0";" -1";""
"202400027591";"155 733 143";"B01";"1";"50";"0";"2";"8";"0";"3";""
"202400027592";"155 733 139";"A01";"2";"33";"0";"1";"2";"0";"1";""
"202400027593";"155 733 138";"A01";"2";"13";"0";"2";"3";"1";"1";""
"202400027593";"155 733 140";"B01";"2";"7";"0";"2";"4";"1";"1";""
"202400027593";"155 733 141";"C01";"2";"33";"0";"2";"8";"1";"1";""
"202400027594";"155 733 136";"B01";"1";"1";"0";"2";"1";"17";"5";""
"202400027594";"155 733 137";"A01";"1";"7";"0";"9";"8";"10";"1";""
"202400027595";"155 733 134";"A01";"3";"7";"0";"1";"1";"0";"1";""
"202400027596";"155 733 133";"A01";"2";"7";"0";"2";"4";"4";"1";""
"202400027596";"155 733 135";"Y01";"2";"60";"0";"2";"8";"19";"5";""
"202400027597";"155 733 131";"A01";"1";"10";"0";"1";"1";"1";"1";""
"202400027598";"155 733 132";"A01";"1";"10";"0";"1";"3";"15";"1";""
"202400027599";"155 733 129";"A01";"1";"7";"0";"2";"2";"1";"1";""
"202400027599";"155 733 130";"B01";"1";"43";"0";"2";"8";"16";"1";""
"202400027600";"155 733 128";"A01";"2";"10";"0";"1";"2";"11";"1";""
"202400027601";"155 733 127";"A01";"1";"7";"3";"0";"1";"17";"1";""
"202400027602";"155 733 126";"A01";"1";"7";"0";"1";"7";"1";"3";""
"202400027603";"155 733 121";"A01";"2";"32";"0";"2";"1";"3";"1";""
"202400027603";"155 733 123";"B01";"2";"10";"0";"2";"5";"1";"3";""
"202400027604";"155 733 119";"B01";"1";"7";"1";"0";"1";"2";"1";""
"202400027604";"155 733 120";"C01";"1";"7";"1";"0";"1";"1";"1";""
"202400027604";"155 733 122";"D01";"1";"7";"1";"0";"3";"1";"1";""
"202400027604";"155 733 124";"E01";"1";"7";"0";"2";"8";"2";"2";""
"202400027604";"155 733 125";"A01";"1";"7";"4";"0";"1";"6";"1";""
"202400027605";"155 733 117";"A01";"2";"7";"0";"2";"1";"1";"1";""
"202400027605";"155 733 118";"B01";"2";"7";"0";"2";"4";"1";"1";""
"202400027606";"155 733 116";"A01";"2";"1";"0";"0";"0";"1";"5";""
"202400027607";"155 733 115";"A01";"2";"10";"0";"1";"2";"1";"1";""
"202400027608";"155 733 113";"A01";"1";"2";"15";"0";"1";"1";"1";""
"202400027608";"155 733 114";"B01";"1";"7";"0";"0";"3";"15";"1";""
"202400027609";"155 733 109";"B01";"1";"7";"0";"2";"2";"2";"1";""
"202400027609";"155 733 111";"A01";"1";"7";"0";"2";"8";"9";"1";""
"202400027610";"155 733 110";"A01";"1";"20";"0";"2";"2";"20";"3";""
"202400027610";"155 733 112";"B01";"1";"30";"0";"2";"3";"2";"1";""
"202400027611";"155 733 108";"A01";"0";"2";"0";"0";"8";"0";"1";""
"202400027612";"155 733 106";"A01";"3";"7";"0";"0";"8";"16";"1";""
"202400027613";"155 733 107";"A01";"1";"7";"0";"1";"1";"2";"3";""
"202400027614";"155 733 104";"A01";"2";"7";"0";"2";"6";"15";"1";""
"202400027614";"155 733 105";"B01";"2";"33";"0";"2";"1";"17";"1";""
"202400027615";"155 733 101";"A01";"2";"80";"0";"0";"4";"1";"3";""
"202400027615";"155 733 102";"B01";"2";"7";"0";"0";"1";"2";"0";""
"202400027616";"155 733 100";"B01";"1";"32";"0";"2";"8";"9";"1";""
"202400027616";"155 733 103";"A01";"1";"60";"0";"2";"7";"9";"5";""
"202400027617";"155 733 098";"A01";"1";"10";"0";"1";"2";"16";"1";""
"202400027618";"155 733 097";"B01";"3";"1";"0";"2";"1";"26";"5";""
"202400027618";"155 733 099";"A01";"2";"7";"0";"2";"3";"1";"1";""
"202400027619";"155 733 096";"A01";"1";"1";"0";"1";"1";"21";"5";""
"202400027620";"155 733 094";"Z01";"2";"32";"0";"1";"1";"1";"1";""
"202400027621";"155 733 092";"A01";"1";"7";"0";"2";"2";"15";"1";""
"202400027621";"155 733 093";"B01";"2";"7";"0";"2";"1";"1";"1";""
"202400027621";"155 733 095";"C01";"2";"10";"0";"2";"2";"1";"1";""
"202400027622";"155 733 091";"A01";"1";"1";"0";"0";"1";"1";"5";""
"202400027623";"155 733 090";"A01";"1";"7";"1";"0";"1";"0";"1";""
"202400027624";"155 733 086";"A01";"0";"2";"0";"2";"7";"13";"1";""
"202400027624";"155 733 087";"B01";"3";"7";"0";"2";"3";"5";"1";""
"202400027625";"155 733 088";"B01";"1";"7";"0";"2";"1";"9";"1";""
"202400027625";"155 733 089";"A01";"2";"33";"0";"2";"8";"1";"1";""
"202400027626";"155 733 082";"B01";"1";"10";"0";"2";"1";"1";"0";""
"202400027626";"155 733 085";"A01";"1";"32";"0";"2";"7";"1";"1";""
"202400027627";"155 733 083";"A01";"0";"7";"0";"2";"3";"1";"1";""
"202400027627";"155 733 084";"B01";"0";"7";"15";"2";"3";"1";"1";""
"202400027628";"155 733 081";"Z01";"2";"10";"0";"1";"4";"4";"1";""
"202400027629";"155 733 080";"A01";"2";"14";"0";"1";"2";"1";"1";""
"202400027630";"155 733 079";"A01";"2";"7";"0";"1";"1";"1";"1";""
"202400027631";"155 733 078";"A01";"3";"7";"2";"0";"1";"1";"1";""
"202400027632";"155 733 077";"A01";"1";"7";"0";"1";"3";"15";"2";""
"202400027633";"155 733 075";"A01";"2";"7";"13";"0";"7";"14";"1";""
"202400027634";"155 733 074";"A01";"1";"7";"0";"2";"1";"9";"1";""
"202400027634";"155 733 076";"B01";"2";"1";"0";"2";"7";"7";"5";""
"202400027635";"155 733 071";"B01";"1";"15";"0";"0";"4";"23";"1";""
"202400027635";"155 733 073";"A01";"1";"31";"0";"0";"1";"1";"1";""
"202400027636";"155 733 070";"B01";"3";"30";"0";"2";"8";"1";"1";""
"202400027636";"155 733 072";"A01";"3";"7";"0";"2";"2";"15";"1";""
"202400027637";"155 733 067";"A01";"2";"7";"0";"2";"3";"9";"1";""
"202400027637";"155 733 069";"B01";"2";"30";"0";"2";"2";"2";"1";""
"202400027638";"155 733 066";"B01";"2";"33";"0";"2";"8";"1";"1";""
"202400027638";"155 733 068";"A01";"2";"15";"0";"2";"7";"0";"1";""
"202400027639";"155 733 064";"A01";"1";"7";"13";"0";"1";"1";"1";""
"202400027640";"155 733 063";"B01";"2";"7";"0";"2";"4";"1";"1";""
"202400027640";"155 733 065";"A01";"2";"7";"0";"2";"1";"2";"1";""
"202400027641";"155 733 061";"A01";"1";"7";"0";"1";"8";"1";"1";""
"202400027642";"155 733 060";"B01";"1";"7";"0";"2";"1";"2";"1";""
"202400027642";"155 733 062";"A01";"1";"7";"0";"0";"4";"1";"1";""
"202400027643";"155 733 058";"A01";"1";"33";"0";"0";"8";"1";"1";""
"202400027644";"155 733 057";"B01";"1";"2";"0";"2";"1";"1";"1";""
"202400027644";"155 733 059";"A01";"1";"7";"0";"2";"6";"1";"3";""
"202400027645";"155 733 056";"A01";"3";"7";"0";"1";"0";"1";"1";""
"202400027646";"155 733 055";"A01";"2";"7";"0";"1";"2";"16";"1";""
"202400027647";"155 733 054";"A01";"3";"7";"14";"0";"1";"1";"1";""
"202400027648";"155 733 052";"B01";"3";"99";"0";"2";"1";"0";"3";""
"202400027648";"155 733 053";"A01";"1";"7";"0";"2";"2";"1";"1";""
"202400027649";"155 733 051";"A01";"1";"10";"2";"0";"2";"1";"1";""
"202400027650";"155 733 049";"A01";"3";"7";"1";"0";"2";"1";"1";""
"202400027650";"155 733 050";"B01";"3";"15";"0";"2";"0";"0";"1";""
"202400027651";"155 733 047";"A01";"1";"7";"0";"2";"8";"19";"1";""
"202400027651";"155 733 048";"B01";"2";"13";"0";"2";"3";"1";"1";""
"202400027652";"155 733 045";"A01";"3";"32";"0";"2";"1";"17";"1";""
"202400027652";"155 733 046";"B01";"3";"7";"0";"2";"3";"15";"1";""
"202400027653";"155 733 043";"A01";"3";"1";"0";"1";"1";"25";"5";""
"202400027654";"155 733 042";"A01";"2";"7";"0";"2";"2";"17";"1";""
"202400027654";"155 733 044";"B01";"2";"7";"0";"0";"6";"1";"1";""
"202400027655";"155 733 039";"A01";"2";"1";"0";"2";"1";"1";"5";""
"202400027655";"155 733 041";"B01";"1";"7";"0";"2";"6";"1";"1";""
"202400027656";"155 733 037";"A01";"2";"30";"0";"2";"8";"3";"1";""
"202400027656";"155 733 040";"B01";"2";"7";"0";"2";"7";"1";"1";""
"202400027657";"155 733 036";"A01";"2";"7";"0";"2";"2";"11";"1";""
"202400027657";"155 733 038";"B01";"2";"7";"0";"0";"6";"12";"1";""
"202400027658";"155 733 033";"A01";"1";"10";"0";"2";"4";"1";"1";""
"202400027658";"155 733 035";"B01";"1";"7";"0";"2";"1";"1";"1";""
"202400027659";"155 733 029";"C01";"1";"10";"0";"2";"3";"1";"1";""
"202400027659";"155 733 030";"A01";"1";"14";"0";"2";"1";"1";"1";""
"202400027659";"155 733 032";"B01";"1";"43";"0";"2";"4";"1";"1";""
"202400027660";"155 733 028";"B01";"2";"32";"0";"2";"1";"1";"1";""
"202400027660";"155 733 031";"A01";"1";"13";"0";"2";"3";"15";"1";""
"202400027661";"155 733 027";"A01";"1";"7";"0";"2";"6";"1";"1";""
"202400027661";"155 733 034";"B01";"1";"30";"0";"2";"2";"1";"0";""
"202400027662";"155 733 023";"A01";"1";"10";"0";"2";"1";"2";"1";""
"202400027662";"155 733 025";"B01";"1";"7";"0";"2";"4";"2";"1";""
"202400027662";"155 733 026";"C01";"1";"7";"0";"0";"4";"2";"1";""
"202400027663";"155 733 021";"B01";"1";"33";"0";"2";"1";"2";"1";""
"202400027663";"155 733 024";"A01";"1";"7";"0";"2";"6";"15";"1";""
"202400027664";"155 733 022";"A01";"1";"7";"4";"0";"3";"12";"1";""
"202400027665";"155 733 019";"A01";"1";"50";"0";"0";"2";"14";"3";""
"202400027666";"155 733 018";"A01";"1";"10";"0";"2";"0";"22";"1";""
"202400027666";"155 733 020";"B01";"1";"1";"1";"0";"0";"1";"5";""
"202400027667";"155 733 016";"A01";"2";"7";"14";"0";"3";"21";"1";""
"202400027667";"155 733 017";"B01";"2";"7";"3";"0";"3";"23";"1";""
"202400027668";"155 733 013";"B01";"3";"7";"0";"2";"7";"15";"1";""
"202400027668";"155 733 015";"A01";"3";"20";"0";"2";"1";"1";"1";""
"202400027669";"155 733 011";"A01";"1";"7";"0";"1";"0";"0";"1";""
"202400027670";"155 733 010";"A01";"1";"7";"0";"2";"2";"17";"1";""
"202400027670";"155 733 012";"B01";"1";"7";"0";"2";"3";"13";"1";""
"202400027671";"155 733 007";"B01";"1";"7";"0";"2";"2";"2";"0";""
"202400027671";"155 733 009";"A01";"1";"2";"0";"2";"6";"15";"1";""
"202400027672";"155 733 008";"A01";"1";"60";"0";"0";"0";"0";"5";""
"202400027673";"155 733 005";"B01";"0";"40";"14";"0";"0";"26";"3";""
"202400027673";"155 733 014";"A01";"1";"7";"0";"4";"1";"26";"1";""
"202400027674";"155 733 006";"A01";"3";"7";"0";"1";"1";"0";"1";""
"202400027675";"155 733 003";"A01";"3";"36";"12";"0";"2";"2";"1";""
"202400027676";"155 733 002";"A01";"1";"7";"0";"2";"8";"22";"1";""
"202400027676";"155 733 004";"B01";"1";"80";"1";"0";"0";"1";"3";""
"202400027677";"155 733 000";"A01";"2";"7";"6";"0";"1";"14";"1";""
"202400027678";"155 732 995";"A01";"2";"10";"0";"2";"3";"0";"1";""
"202400027678";"155 732 998";"B01";"2";"7";"0";"0";"6";"23";"1";""
"202400027679";"155 732 997";"A01";"2";"7";"0";"2";"5";"17";"1";""
"202400027679";"155 733 001";"B01";"2";"10";"0";"2";"3";"15";"3";""
"202400027680";"155 732 991";"B01";"3";"1";"0";"2";"7";"1";"5";""
"202400027680";"155 732 993";"Z01";"3";"7";"0";"2";"1";"9";"0";""
"202400027681";"155 732 987";"A01";"3";"7";"0";"2";"1";"1";"1";""
"202400027681";"155 732 990";"B01";"3";"34";"0";"2";"3";"1";"1";""
"202400027682";"155 732 988";"A01";"2";"10";"3";"0";"3";"13";"1";""
"202400027682";"155 732 992";"B01";"2";"10";"14";"2";"3";"12";"1";""
"202400027682";"155 732 994";"C01";"2";"7";"0";"2";"6";"2";"1";""
"202400027682";"155 732 996";"D01";"1";"17";"0";"2";"3";"2";"1";""
"202400027682";"155 732 999";"E01";"2";"7";"0";"2";"8";"21";"1";""
"202400027683";"155 732 986";"A01";"2";"7";"0";"2";"3";"1";"1";""
"202400027683";"155 732 989";"B01";"1";"7";"0";"2";"6";"1";"1";""
"202400027684";"155 732 984";"A01";"3";"32";"0";"0";"0";"0";"1";""
"202400027685";"155 732 981";"A01";"2";"1";"0";"2";"0";"1";"5";""
"202400027685";"155 732 983";"B01";"1";"7";"0";"2";"0";"0";"1";""
"202400027686";"155 732 982";"A01";"3";"7";"0";"2";"7";"15";"1";""
"202400027686";"155 732 985";"B01";"3";"7";"0";"2";"1";"1";"1";""
"202400027687";"155 732 980";"A01";"3";"7";"2";"0";"3";"1";"1";""
"202400027688";"155 732 977";"A01";"1";"7";"0";"2";"2";"17";"1";""
"202400027688";"155 732 979";"B01";"1";"33";"0";"2";"6";"11";"1";""
"202400027689";"155 732 978";"A01";"1";"1";"0";"0";"0";"0";"5";""
"202400027690";"155 732 975";"A01";"1";"7";"0";"1";"1";"1";"1";""
"202400027691";"155 732 973";"A01";"2";"33";"0";"2";"8";"1";"1";""
"202400027691";"155 732 976";"B01";"1";"15";"0";"2";"3";"1";"0";""
"202400027692";"155 732 972";"A01";"1";"30";"0";"0";"0";"0";"1";""
"202400027693";"155 732 970";"Z01";"1";"7";"0";"1";"1";"1";"1";""
"202400027694";"155 732 967";"A01";"3";"2";"0";"2";"1";"13";"1";""
"202400027694";"155 732 969";"B01";"3";"21";"0";"2";"1";"1";"1";""
"202400027695";"155 732 966";"A01";"1";"7";"0";"2";"0";"0";"1";""
"202400027695";"155 732 968";"C01";"1";"60";"0";"2";"0";"1";"5";""
"202400027696";"155 732 964";"A01";"2";"33";"0";"0";"1";"1";"1";""
"202400027697";"155 732 961";"A01";"2";"7";"0";"2";"3";"9";"1";""