"Num_Acc";"id_vehicule";"num_veh";"senc";"catv";"obs";"obsm";"choc";"manv";"motor";"occutc"
"202400028104";"155 732 250";"B01";"1";"1";"0";"2";"0";"0";"5";""
"202400028104";"155 732 253";"A01";"1";"7";"0";"2";"8";"26";"1";""
"202400028105";"155 732 246";"A01";"1";"10";"0";"2";"2";"14";"1";""
"202400028105";"155 732 249";"B01";"1";"10";"0";"2";"6";"1";"1";""
"202400028106";"155 732 244";"A01";"1";"50";"0";"2";"3";"9";"3";""
"202400028106";"155 732 247";"B01";"1";"7";"0";"2";"2";"14";"1";""
"202400028107";"155 732 245";"A01";"1";"7";"0";"2";"8";"1";"2";""
"202400028107";"155 732 248";"B01";"2";"33";"0";"2";"3";"13";"1";""
"202400028108";"155 732 241";"A01";"1";"2";"16";"0";"0";"0";"1";""
"202400028109";"155 732 240";"A01";"2";"31";"0";"2";"1";"3";"1";""
"202400028109";"155 732 242";"C01";"2";"7";"0";"2";"6";"1";"1";""
"202400028109";"155 732 243";"B01";"2";"7";"0";"2";"5";"1";"3";""
"202400028110";"155 732 239";"A01";"2";"7";"3";"0";"2";"14";"1";""
"202400028111";"155 732 236";"A01";"2";"7";"0";"2";"1";"2";"1";""
"202400028111";"155 732 238";"B01";"2";"7";"0";"0";"6";"1";"1";""
"202400028112";"155 732 235";"B01";"1";"1";"0";"2";"4";"1";"5";""
"202400028112";"155 732 237";"A01";"1";"10";"0";"2";"2";"1";"1";""
"202400028113";"155 732 232";"A01";"1";"7";"2";"0";"2";"13";"1";""
"202400028114";"155 732 231";"A01";"1";"32";"0";"2";"1";"17";"1";""
"202400028114";"155 732 233";"C01";"1";"7";"0";"2";"1";"1";"1";""
"202400028114";"155 732 234";"B01";"1";"7";"0";"9";"7";"15";"1";""
"202400028115";"155 732 229";"A01";"2";"7";"0";"2";"1";"13";"3";""
"202400028115";"155 732 230";"B01";"1";"7";"0";"2";"1";"1";"1";""
"202400028116";"155 732 227";"A01";"1";"7";"13";"0";"2";"13";"1";""
"202400028117";"155 732 228";"A01";"1";"33";"2";"0";"1";"14";"1";""
"202400028118";"155 732 224";"B01";"3";"33";"0";"2";"8";"21";"1";""
"202400028118";"155 732 226";"A01";"3";"7";"0";"2";"5";"19";"1";""
"202400028119";"155 732 223";"B01";"1";"7";"0";"2";"1";"1";"1";""
"202400028119";"155 732 225";"A01";"2";"7";"0";"2";"1";"13";"1";""
"202400028120";"155 732 222";"A01";"1";"33";"3";"0";"0";"1";"1";""
"202400028121";"155 732 219";"A01";"1";"7";"13";"0";"1";"1";"1";""
"202400028122";"155 732 218";"A01";"3";"7";"0";"0";"1";"15";"1";""
"202400028122";"155 732 220";"B01";"2";"7";"0";"0";"2";"1";"1";""
"202400028123";"155 732 214";"A01";"2";"33";"13";"0";"2";"2";"1";""
"202400028124";"155 732 213";"A01";"2";"33";"0";"2";"7";"17";"1";""
"202400028124";"155 732 215";"B01";"2";"7";"0";"2";"8";"1";"1";""
"202400028124";"155 732 217";"C01";"2";"7";"0";"0";"0";"17";"1";""
"202400028125";"155 732 212";"B01";"1";"31";"0";"2";"1";"1";"1";""
"202400028125";"155 732 216";"A01";"1";"10";"0";"2";"7";"19";"1";""
"202400028126";"155 732 211";"A01";"2";"7";"2";"0";"1";"1";"1";""
"202400028127";"155 732 208";"A01";"1";"10";"0";"0";"1";"1";"1";""
"202400028128";"155 732 209";"A01";"3";"2";"0";"2";"1";"0";"1";""
"202400028128";"155 732 210";"B01";"3";"7";"0";"2";"3";"4";"1";""
"202400028129";"155 732 206";"A01";"1";"7";"0";"2";"1";"13";"1";""
"202400028129";"155 732 207";"B01";"2";"7";"0";"2";"1";"1";"1";""
"202400028130";"155 732 205";"A01";"1";"32";"0";"0";"0";"26";"1";""
"202400028131";"155 732 204";"A01";"3";"34";"0";"1";"3";"1";"1";""
"202400028132";"155 732 202";"A01";"1";"7";"13";"0";"2";"0";"1";""
"202400028133";"155 732 199";"A01";"1";"30";"12";"2";"7";"11";"1";""
"202400028133";"155 732 201";"B01";"2";"7";"0";"2";"2";"21";"0";""
"202400028134";"155 732 200";"B01";"2";"7";"0";"2";"3";"15";"1";""
"202400028134";"155 732 203";"A01";"2";"33";"6";"2";"1";"17";"1";""
"202400028135";"155 732 197";"A01";"2";"7";"0";"0";"1";"1";"1";""
"202400028135";"155 732 198";"B01";"2";"7";"0";"0";"4";"1";"1";""
"202400028136";"155 732 193";"A01";"1";"7";"0";"2";"1";"1";"1";""
"202400028136";"155 732 196";"B01";"1";"99";"0";"2";"4";"0";"3";""
"202400028137";"155 732 194";"B01";"3";"1";"0";"2";"3";"15";"5";""
"202400028137";"155 732 195";"A01";"3";"7";"0";"2";"7";"17";"1";""
"202400028138";"155 732 191";"B01";"2";"10";"0";"2";"3";"17";"0";""
"202400028138";"155 732 192";"A01";"1";"10";"0";"2";"1";"1";"1";""
"202400028139";"155 732 190";"A01";"2";"80";"0";"0";"0";"1";"3";""
"202400028140";"155 732 189";"A01";"1";"37";"0";"1";"2";"16";"1";"1"
"202400028141";"155 732 188";"A01";"1";"7";"12";"0";"2";"1";"1";""
"202400028142";"155 732 187";"A01";"2";"7";"13";"0";"1";"1";"1";""
"202400028143";"155 732 185";"A01";"2";"7";"0";"2";"3";"13";"1";""
"202400028143";"155 732 186";"B01";"1";"7";"0";"2";"3";"0";"1";""
"202400028144";"155 732 181";"A01";"3";"7";"0";"2";"2";"19";"1";""
"202400028144";"155 732 184";"B01";"1";"33";"0";"2";"8";"1";"1";""
"202400028145";"155 732 179";"A01";"1";"32";"0";"2";"0";"0";"1";""
"202400028145";"155 732 182";"B01";"1";"7";"0";"2";"0";"0";"1";""
"202400028146";"155 732 180";"A01";"3";"7";"0";"0";"3";"9";"1";""
"202400028146";"155 732 183";"B01";"1";"31";"0";"0";"6";"1";"1";""
"202400028147";"155 732 177";"A01";"0";"7";"16";"0";"0";"0";"1";""
"202400028148";"155 732 175";"A01";"0";"7";"0";"2";"1";"1";"1";""
"202400028148";"155 732 176";"B01";"0";"7";"0";"2";"4";"23";"1";""
"202400028149";"155 732 174";"A01";"1";"7";"0";"1";"1";"25";"1";""
"202400028150";"155 732 172";"A01";"1";"7";"0";"2";"3";"5";"1";""
"202400028150";"155 732 173";"B01";"2";"7";"0";"2";"3";"1";"1";""
"202400028151";"155 732 170";"A01";"2";"7";"2";"0";"1";"1";"1";""
"202400028152";"155 732 167";"A01";"1";"7";"0";"0";"3";"1";"1";""
"202400028153";"155 732 164";"A01";"3";"7";"0";"9";"3";"1";"1";""
"202400028153";"155 732 166";"B01";"3";"1";"0";"2";"3";"0";"5";""
"202400028154";"155 732 163";"B01";"1";"7";"0";"2";"1";"21";"1";""
"202400028154";"155 732 165";"A01";"1";"33";"0";"0";"4";"0";"1";""
"202400028155";"155 732 161";"A01";"1";"33";"0";"0";"2";"14";"1";""
"202400028156";"155 732 160";"B01";"2";"7";"0";"9";"8";"1";"1";""
"202400028156";"155 732 162";"A01";"1";"1";"0";"2";"8";"13";"5";""
"202400028157";"155 732 159";"A01";"3";"7";"8";"0";"1";"1";"1";""
"202400028158";"155 732 156";"A01";"1";"7";"0";"0";"2";"1";"1";""
"202400028159";"155 732 155";"A01";"3";"7";"0";"2";"3";"1";"1";""
"202400028159";"155 732 157";"B01";"0";"50";"0";"2";"1";"16";"3";""
"202400028160";"155 732 154";"A01";"3";"7";"0";"2";"1";"26";"1";""
"202400028160";"155 732 158";"B01";"3";"50";"0";"2";"4";"1";"3";""
"202400028161";"155 732 152";"A01";"1";"21";"13";"0";"7";"1";"1";""
"202400028162";"155 732 151";"A01";"2";"7";"0";"0";"4";"1";"1";""
"202400028162";"155 732 153";"B01";"2";"33";"0";"2";"1";"2";"1";""
"202400028163";"155 732 149";"A01";"2";"7";"0";"1";"5";"4";"1";""
"202400028164";"155 732 147";"B01";"0";"7";"8";"2";"9";"2";"1";""
"202400028164";"155 732 150";"A01";"3";"7";"8";"2";"1";"2";"1";""
"202400028165";"155 732 145";"B01";"2";"33";"0";"2";"9";"1";"1";""
"202400028165";"155 732 146";"A01";"1";"10";"0";"2";"1";"13";"1";""
"202400028165";"155 732 148";"C01";"2";"43";"0";"2";"1";"1";"1";""
"202400028166";"155 732 144";"A01";"1";"7";"13";"0";"2";"15";"1";""
"202400028167";"155 732 140";"B01";"3";"7";"0";"2";"1";"1";"1";""
"202400028167";"155 732 143";"A01";"3";"7";"0";"2";"7";"1";"1";""
"202400028168";"155 732 139";"A01";"2";"33";"0";"2";"1";"17";"1";""
"202400028168";"155 732 141";"B01";"2";"7";"0";"0";"8";"15";"1";""
"202400028169";"155 732 138";"B01";"2";"33";"0";"2";"1";"26";"1";""
"202400028169";"155 732 142";"A01";"2";"7";"0";"2";"3";"10";"1";""
"202400028170";"155 732 135";"A01";"3";"7";"0";"1";"3";"15";"1";""
"202400028171";"155 732 133";"B01";"3";"50";"0";"2";"2";"26";"3";""
"202400028171";"155 732 137";"A01";"2";"10";"0";"2";"2";"1";"1";""
"202400028172";"155 732 129";"A01";"2";"7";"0";"2";"3";"17";"1";""
"202400028172";"155 732 130";"B01";"2";"15";"0";"2";"8";"1";"1";""
"202400028172";"155 732 131";"C01";"1";"7";"0";"2";"8";"1";"1";""
"202400028172";"155 732 132";"D01";"1";"14";"0";"2";"8";"1";"1";""
"202400028172";"155 732 134";"E01";"1";"17";"0";"2";"8";"1";"1";""
"202400028172";"155 732 136";"F01";"1";"7";"0";"2";"3";"1";"1";""
"202400028173";"155 732 127";"A01";"2";"2";"0";"0";"7";"1";"1";""
"202400028174";"155 732 128";"A01";"3";"7";"0";"1";"2";"1";"1";""
"202400028175";"155 732 126";"A01";"1";"7";"1";"0";"1";"5";"1";""
"202400028176";"155 732 124";"B01";"1";"15";"0";"2";"3";"1";"1";""
"202400028176";"155 732 125";"A01";"2";"7";"0";"2";"3";"13";"1";""
"202400028177";"155 732 121";"A01";"1";"7";"0";"2";"3";"5";"1";""
"202400028177";"155 732 123";"B01";"2";"7";"0";"2";"3";"0";"1";""
"202400028178";"155 732 120";"A01";"2";"33";"4";"0";"4";"0";"1";""
"202400028179";"155 732 119";"B01";"1";"33";"0";"2";"1";"1";"1";""
"202400028179";"155 732 122";"A01";"2";"7";"0";"2";"8";"15";"1";""
"202400028180";"155 732 115";"A01";"2";"7";"0";"2";"1";"14";"1";""
"202400028180";"155 732 118";"B01";"2";"10";"0";"0";"4";"23";"1";""
"202400028181";"155 732 114";"A01";"3";"31";"0";"2";"2";"2";"1";""
"202400028181";"155 732 117";"B01";"3";"7";"0";"2";"6";"2";"1";""
"202400028182";"155 732 113";"B01";"1";"7";"0";"2";"7";"15";"2";""
"202400028182";"155 732 116";"A01";"2";"33";"0";"2";"1";"1";"1";""
"202400028183";"155 732 112";"A01";"1";"7";"15";"0";"1";"26";"1";""
"202400028184";"155 732 109";"A01";"2";"10";"0";"2";"7";"17";"1";""
"202400028184";"155 732 111";"B01";"2";"1";"0";"2";"8";"1";"5";""
"202400028185";"155 732 110";"A01";"0";"7";"0";"1";"3";"15";"1";""
"202400028186";"155 732 106";"B01";"2";"7";"0";"2";"4";"2";"4";""
"202400028186";"155 732 108";"A01";"2";"7";"0";"2";"1";"2";"1";""
"202400028187";"155 732 105";"A01";"1";"99";"0";"2";"5";"17";"1";""
"202400028187";"155 732 107";"B01";"1";"80";"0";"2";"3";"1";"2";""
"202400028188";"155 732 104";"A01";"1";"10";"0";"1";"8";"0";"1";""
"202400028189";"155 732 101";"B01";"1";"7";"0";"2";"3";"1";"0";""
"202400028189";"155 732 103";"A01";"2";"7";"3";"2";"7";"0";"1";""
"202400028190";"155 732 100";"A01";"0";"7";"0";"2";"5";"4";"1";""
"202400028190";"155 732 102";"B01";"1";"1";"0";"2";"1";"1";"5";""
"202400028191";"155 732 097";"A01";"1";"17";"0";"2";"1";"2";"1";""
"202400028191";"155 732 099";"B01";"1";"7";"0";"0";"4";"23";"1";""
"202400028192";"155 732 096";"A01";"1";"7";"0";"2";"1";"9";"1";""
"202400028192";"155 732 098";"B01";"1";"32";"0";"2";"7";"1";"1";""
"202400028193";"155 732 094";"A01";"2";"7";"0";"2";"6";"15";"2";""
"202400028193";"155 732 095";"B01";"2";"30";"0";"2";"1";"17";"1";""
"202400028194";"155 732 091";"B01";"1";"7";"0";"2";"2";"2";"1";""
"202400028194";"155 732 093";"A01";"1";"2";"0";"0";"6";"0";"1";""
"202400028195";"155 732 090";"B01";"2";"33";"0";"2";"8";"1";"1";""
"202400028195";"155 732 092";"A01";"3";"10";"0";"2";"1";"19";"1";""
"202400028196";"155 732 087";"A01";"1";"7";"15";"0";"3";"13";"1";""
"202400028197";"155 732 088";"X01";"2";"10";"0";"2";"1";"15";"0";""
"202400028197";"155 732 089";"B01";"1";"32";"0";"2";"1";"1";"1";""
"202400028198";"155 732 086";"A01";"1";"7";"8";"0";"3";"15";"1";""
"202400028199";"155 732 085";"A01";"1";"7";"2";"0";"1";"1";"1";""
"202400028200";"155 732 083";"A01";"0";"7";"2";"0";"1";"1";"1";""
"202400028201";"155 732 078";"B01";"2";"7";"0";"2";"1";"26";"1";""
"202400028201";"155 732 081";"A01";"1";"7";"0";"2";"5";"15";"1";""
"202400028202";"155 732 080";"A01";"1";"7";"0";"0";"1";"13";"1";""
"202400028202";"155 732 082";"C01";"2";"7";"0";"2";"1";"1";"1";""
"202400028202";"155 732 084";"B01";"2";"10";"0";"2";"8";"1";"1";""
"202400028203";"155 732 077";"A01";"2";"7";"0";"2";"3";"13";"1";""
"202400028203";"155 732 079";"B01";"1";"7";"2";"2";"3";"1";"1";""
"202400028204";"155 732 076";"A01";"2";"50";"0";"0";"0";"1";"3";""
"202400028205";"155 732 073";"A01";"1";"10";"0";"2";"4";"2";"1";""
"202400028205";"155 732 075";"B01";"1";"30";"0";"2";"1";"2";"1";""
"202400028206";"155 732 074";"A01";"2";"32";"12";"0";"1";"17";"1";""
"202400028207";"155 732 071";"A01";"2";"31";"0";"2";"1";"2";"1";""
"202400028207";"155 732 072";"B01";"2";"10";"0";"2";"6";"2";"1";""
"202400028208";"155 732 069";"A01";"1";"7";"13";"0";"1";"0";"1";""
"202400028209";"155 732 068";"A01";"3";"33";"0";"0";" -1";"11";"1";""
"202400028210";"155 732 066";"A01";"2";"7";"0";"2";"1";"13";"1";""
"202400028210";"155 732 067";"C01";"2";"7";"0";"2";"8";"1";"1";""
"202400028210";"155 732 070";"B01";"1";"7";"0";"2";"3";"1";"1";""
"202400028211";"155 732 065";"A01";"2";"7";"6";"0";"1";"2";"1";""
"202400028212";"155 732 064";"A01";"1";"80";"14";"0";"8";"1";"3";""
"202400028213";"155 732 062";"A01";"2";"1";"0";"0";"0";"1";"5";""
"202400028214";"155 732 061";"A01";"1";"1";"1";"0";"1";"1";"5";""
"202400028214";"155 732 063";"B01";"1";"7";"0";"2";"6";"23";"1";""
"202400028215";"155 732 060";"A01";"1";"7";"0";"1";"2";"1";"2";""
"202400028216";"155 732 058";"B01";"2";"10";"0";"2";"1";"0";"1";""
"202400028216";"155 732 059";"A01";"1";"31";"0";"0";"1";"0";"1";""
"202400028217";"155 732 057";"A01";"2";"7";"0";"1";"1";"1";"1";""
"202400028218";"155 732 056";"A01";"0";"33";"0";"0";"1";"1";"1";""
"202400028219";"155 732 051";"B01";"3";"7";"1";"0";"0";"26";"1";""
"202400028219";"155 732 055";"A01";"3";"7";"14";"0";"3";"13";"1";""
"202400028220";"155 732 050";"B01";"1";"7";"0";"0";"4";"1";"1";""
"202400028220";"155 732 053";"A01";"1";"10";"0";"2";"1";"1";"1";""
"202400028221";"155 732 052";"A01";"2";"7";"0";"2";"1";"5";"1";""
"202400028221";"155 732 054";"B01";"1";"7";"0";"2";"1";"1";"1";""
"202400028222";"155 732 049";"A01";"2";"43";"16";"0";"9";"1";"1";""
"202400028223";"155 732 047";"A01";"2";"10";"3";"0";"2";"1";"1";""
"202400028224";"155 732 046";"A01";"1";"33";"0";"2";"4";"13";"1";""
"202400028224";"155 732 048";"B01";"1";"7";"0";"2";"1";"11";"1";""
"202400028225";"155 732 044";"A01";"2";"7";"6";"0";"1";"1";"1";""
"202400028226";"155 732 045";"A01";"2";"7";"16";"0";"9";"15";"1";""
"202400028227";"155 732 042";"A01";"1";"7";"0";"2";"2";"1";"0";""
"202400028227";"155 732 043";"B01";"1";"7";"0";"2";"3";"11";"0";""
"202400028228";"155 732 040";"A01";"0";"31";"12";"0";"0";"1";"1";""
"202400028229";"155 732 037";"A01";"1";"7";"0";"0";"4";"2";"1";""
"202400028229";"155 732 039";"B01";"1";"10";"0";"2";"1";"2";"1";""
"202400028229";"155 732 041";"C01";"1";"10";"0";"2";"1";"2";"1";""
"202400028230";"155 732 036";"B01";"3";"10";"0";"2";"4";"0";"1";""
"202400028230";"155 732 038";"A01";"3";"10";"1";"0";"1";"0";"1";""
"202400028231";"155 732 034";"A01";"3";"7";"0";"1";"5";"20";"1";""
"202400028232";"155 732 033";"A01";"3";"7";"0";"0";"1";"26";"1";""
"202400028233";"155 732 032";"A01";"1";"32";"0";"2";"7";"17";"1";""
"202400028233";"155 732 035";"B01";"1";"7";"0";"9";"2";"19";"1";""
"202400028234";"155 732 030";"A01";"1";"33";"0";"1";"1";"1";"1";""
"202400028235";"155 732 029";"A01";"1";"7";"14";"1";"2";"1";"1";""
"202400028236";"155 732 026";"A01";"2";"33";"0";"2";"1";"2";"1";""
"202400028236";"155 732 028";"C01";"2";"7";"0";"0";"4";"23";"1";""
"202400028236";"155 732 031";"B01";"2";"7";"0";"0";"4";"23";"1";""
"202400028237";"155 732 024";"A01";"3";"7";"0";"2";"1";"5";"2";""
"202400028237";"155 732 025";"B01";"3";"7";"0";"2";"1";"1";"1";""
"202400028237";"155 732 027";"C01";"3";"7";"0";"2";"1";"1";"1";""
"202400028238";"155 732 021";"B01";"2";"1";"0";"2";"1";"1";"5";""
"202400028238";"155 732 023";"A01";"1";"10";"0";"9";"2";"20";"1";""
"202400028239";"155 732 020";"A01";"2";"10";"0";"2";"2";"2";"1";""
"202400028239";"155 732 022";"B01";"2";"7";"0";"0";"6";"1";"1";""
"202400028240";"155 732 018";"A01";"1";"14";"0";"2";"3";"13";"1";""
"202400028240";"155 732 019";"B01";"2";"7";"0";"2";"8";"1";"1";""
"202400028241";"155 732 017";"A01";"0";"50";"0";"0";"0";"1";"3";""
"202400028242";"155 732 014";"A01";"0";"21";"13";"0";"2";"14";"1";""
"202400028243";"155 732 015";"A01";"1";"7";"0";"2";"4";"2";"1";""
"202400028243";"155 732 016";"B01";"1";"10";"0";"2";"1";"2";"1";""
"202400028244";"155 732 012";"A01";"3";"1";"0";"0";"9";"0";"5";""
"202400028245";"155 732 011";"A01";"2";"7";"4";"0";"8";"0";"1";""
"202400028246";"155 732 010";"A01";"1";"7";"0";"2";"3";"1";"1";""
"202400028246";"155 732 013";"B01";"2";"7";"0";"2";"3";"13";"1";""
"202400028247";"155 732 008";"A01";"1";"33";"0";"2";"8";"1";"1";""
"202400028247";"155 732 009";"B01";"1";"7";"0";"2";"3";"1";"1";""
"202400028248";"155 732 007";"A01";"3";"2";"8";"0";"1";"1";"1";""
"202400028249";"155 732 006";"A01";"2";"33";"0";"0";"0";"0";"1";""
"202400028250";"155 732 005";"A01";"1";"7";"6";"0";"9";"0";"1";""
"202400028251";"155 732 003";"A01";"2";"7";"8";"0";"9";"21";"1";""
"202400028252";"155 732 002";"A01";"2";"7";"0";"2";"1";"1";"1";""
"202400028252";"155 732 004";"B01";"1";"7";"0";"2";"1";"13";"1";""
"202400028253";"155 732 000";"A01";"1";"14";"17";"0";"2";"1";"1";""
"202400028254";"155 731 998";"A01";"1";"7";"3";"2";"3";"16";"1";""
"202400028254";"155 732 001";"B01";"1";"15";"0";"0";"5";"0";"1";""
"202400028255";"155 731 997";"B01";"0";"7";"0";"2";"5";"0";"1";""
"202400028255";"155 731 999";"A01";"3";"33";"0";"2";"2";"1";"1";""
"202400028256";"155 731 994";"A01";"2";"2";"0";"2";"1";"17";"1";""
"202400028256";"155 731 995";"B01";"2";"21";"0";"0";"3";"15";"1";""
"202400028257";"155 731 991";"A01";"1";"31";"0";"2";"5";"15";"1";""
"202400028257";"155 731 993";"B01";"2";"7";"0";"2";"1";"9";"1";""
"202400028258";"155 731 990";"A01";"1";"7";"0";"9";"1";"21";"1";""
"202400028258";"155 731 992";"B01";"2";"33";"16";"0";"9";"1";"1";""
"202400028259";"155 731 989";"A01";"0";"7";"6";"0";"2";"1";"1";""
"202400028260";"155 731 988";"A01";"0";"7";"8";"0";"1";"1";"3";""
"202400028261";"155 731 987";"A01";"1";"2";"4";"0";"1";"13";"1";""
"202400028262";"155 731 984";"A01";"2";"7";"0";"2";"2";"1";"1";""
"202400028262";"155 731 986";"B01";"2";"7";"4";"0";"6";"1";"2";""
"202400028263";"155 731 982";"A01";"3";"3";"0";"2";"6";"1";"3";""
"202400028263";"155 731 985";"B01";"0";"7";"0";"2";"2";"15";"2";""
"202400028264";"155 731 979";"A01";"3";"7";"3";"0";"1";"1";"1";""
"202400028265";"155 731 980";"A01";"2";"7";"0";"2";"3";"13";"1";""
"202400028265";"155 731 981";"B01";"1";"7";"0";"2";"3";"1";"1";""
"202400028266";"155 731 977";"B01";"2";"33";"0";"2";"1";"1";"1";""
"202400028266";"155 731 978";"A01";"1";"7";"0";"2";"5";"19";"1";""
"202400028267";"155 731 974";"B01";"2";"31";"0";"2";"1";"1";"1";""
"202400028267";"155 731 976";"A01";"2";"7";"0";"0";"6";"10";"1";""
"202400028268";"155 731 973";"A01";"2";"7";"0";"2";"2";"1";"1";""
"202400028268";"155 731 975";"B01";"2";"7";"0";"2";"2";"9";"1";""
"202400028269";"155 731 969";"B01";"1";"1";"0";"0";"5";"12";"5";""
"202400028269";"155 731 972";"A01";"1";"1";"0";"0";"1";"2";"5";""
"202400028270";"155 731 968";"B01";"1";"38";"0";"0";"3";"24";"1";"1"
"202400028270";"155 731 970";"A01";"1";"38";"1";"1";"5";"15";"1";"1"
"202400028271";"155 731 967";"A01";"1";"7";"0";"9";"1";"2";"1";""
"202400028271";"155 731 971";"B01";"1";"7";"0";"2";"4";"2";"1";""
"202400028272";"155 731 966";"A01";"1";"7";"3";"0";"3";"21";"1";""
"202400028273";"155 731 965";"A01";"2";"2";"0";"0";"0";"1";"1";""
"202400028274";"155 731 963";"A01";"1";"10";"0";"2";"2";"2";"1";""
"202400028274";"155 731 964";"B01";"1";"33";"0";"2";"4";"11";"1";""
"202400028275";"155 731 961";"A01";"2";"7";"2";"0";"8";"14";"1";""
"202400028276";"155 731 960";"A01";"1";"7";"0";"0";"9";"1";"1";""
"202400028277";"155 731 957";"A01";"2";"7";"0";"2";"4";"0";"1";""
"202400028277";"155 731 959";"B01";"2";"7";"0";"2";"3";"1";"1";""
"202400028278";"155 731 956";"B01";"1";"31";"0";"2";"1";"1";"1";""
"202400028278";"155 731 958";"A01";"2";"7";"0";"0";"6";"19";"1";""
"202400028279";"155 731 955";"A01";"1";"33";"0";"0";"8";"1";"1";""
"202400028280";"155 731 953";"A01";"1";"7";"0";"1";"1";"1";"1";""
"202400028281";"155 731 952";"A01";"2";"7";"4";"0";"0";"0";"1";""
"202400028282";"155 731 951";"B01";"2";"10";"0";"2";"3";"24";"1";""
"202400028282";"155 731 954";"A01";"2";"21";"1";"0";"1";"14";"1";""
"202400028283";"155 731 948";"B01";"2";"10";"0";"2";"3";"1";"1";""
"202400028283";"155 731 950";"A01";"2";"7";"0";"2";"3";"0";"1";""
"202400028284";"155 731 949";"A01";"1";"7";"4";"0";"3";"26";"1";""
"202400028285";"155 731 947";"A01";"3";"10";"0";"1";"1";"1";"1";""
"202400028286";"155 731 945";"A01";"2";"7";"4";"0";"2";"1";"1";""
"202400028287";"155 731 944";"A01";"2";"7";"0";"2";"8";"11";"1";""
"202400028287";"155 731 946";"B01";"2";"7";"0";"2";"7";"1";"1";""
"202400028288";"155 731 940";"B01";"1";"7";"16";"0";"1";"1";"1";""
"202400028288";"155 731 943";"A01";"1";"7";"13";"0";"3";"1";"1";""
"202400028289";"155 731 937";"A01";"2";"13";"9";"2";"4";"1";"1";""
"202400028289";"155 731 939";"B01";"2";"10";"0";"2";"1";"1";"1";""
"202400028289";"155 731 942";"C01";"1";"33";"0";"2";"3";"1";"1";""
"202400028290";"155 731 936";"B01";"1";"7";"0";"2";"5";"2";"1";""
"202400028290";"155 731 938";"A01";"1";"7";"0";"2";"1";"2";"1";""
"202400028290";"155 731 941";"C01";"1";"7";"0";"2";"7";"2";"1";""
"202400028291";"155 731 934";"A01";"3";"10";"0";"2";"3";"3";"1";""
"202400028291";"155 731 935";"B01";"3";"7";"0";"2";"3";"1";"1";""
"202400028292";"155 731 928";"A01";"1";"33";"0";"2";"4";"1";"1";""
"202400028292";"155 731 931";"B01";"1";"7";"0";"2";"1";"2";"1";""
"202400028293";"155 731 930";"A01";"3";"33";"2";"0";"1";"26";"1";""
"202400028294";"155 731 929";"A01";"2";"10";"0";"2";"5";"1";"1";""
"202400028294";"155 731 932";"B01";"2";"43";"0";"2";"1";"3";"1";""
"202400028295";"155 731 926";"A01";"3";"2";"0";"0";"0";"1";"1";""
"202400028296";"155 731 924";"A01";"2";"33";"0";"2";"3";"21";"1";""
"202400028296";"155 731 925";"B01";"2";"7";"0";"2";"5";"1";"2";""
"202400028297";"155 731 923";"B01";"3";"2";"0";"2";"1";"15";"1";""
"202400028297";"155 731 927";"A01";"3";"7";"0";"2";"7";"1";"0";""
"202400028298";"155 731 922";"A01";"1";"7";"1";"0";"1";"0";"1";""
"202400028299";"155 731 921";"A01";"3";"2";"5";"0";"2";"1";"1";""
"202400028300";"155 731 919";"B01";"2";"7";"0";"2";"1";"19";"1";""
"202400028300";"155 731 920";"A01";"1";"60";"0";"2";"7";"19";"5";""
"202400028301";"155 731 918";"A01";"1";"33";"0";"0";"8";"1";"1";""
"202400028302";"155 731 915";"A01";"1";"7";"0";"9";"2";"1";"1";""
"202400028302";"155 731 916";"B01";"1";"50";"0";"2";"1";"19";"3";""
"202400028303";"155 731 914";"B01";"1";"1";"0";"2";"1";"1";"5";""
"202400028303";"155 731 917";"A01";"1";"7";"0";"2";"3";"1";"1";""
"202400028304";"155 731 913";"A01";"2";"32";"0";"0";"7";"1";"1";""
"202400028305";"155 731 911";"A01";"1";"7";"2";"0";"1";"1";"1";""
"202400028306";"155 731 910";"B01";"1";"7";"0";"2";"4";"19";"1";""
"202400028306";"155 731 912";"A01";"1";"7";"0";"2";"1";"19";"1";""
"202400028307";"155 731 908";"B01";"3";"99";"0";"2";"6";"26";"6";""
"202400028307";"155 731 909";"A01";"3";"99";"0";"5";"3";"1";"1";""
"202400028308";"155 731 905";"B01";"0";"1";"0";"2";"1";"2";"5";""
"202400028308";"155 731 906";"A01";"3";"7";"0";"9";"1";"15";"1";""
"202400028309";"155 731 904";"B01";"2";"7";"0";"2";"6";"1";"1";""
"202400028309";"155 731 907";"A01";"2";"7";"0";"2";"1";"1";"1";""
"202400028310";"155 731 900";"B01";"2";"33";"0";"2";"1";"1";"1";""
"202400028310";"155 731 903";"A01";"1";"7";"0";"2";"8";"9";"1";""
"202400028311";"155 731 899";"B01";"1";"7";"0";"2";"1";"15";"1";""
"202400028311";"155 731 902";"A01";"2";"1";"0";"2";"1";"5";"5";""
"202400028312";"155 731 896";"A01";"2";"10";"0";"2";"1";"2";"1";""
"202400028312";"155 731 898";"B01";"2";"3";"0";"2";"4";"2";"1";""
"202400028313";"155 731 897";"A01";"0";"32";"12";"0";"1";"13";"1";""
"202400028314";"155 731 893";"A01";"2";"7";"0";"2";"3";"9";"1";""