"Num_Acc";"id_vehicule";"num_veh";"senc";"catv";"obs";"obsm";"choc";"manv";"motor";"occutc"
"202400028516";"155 731 538";"A01";"1";"7";"0";"2";"5";"15";"1";""
"202400028516";"155 731 539";"B01";"1";"7";"0";"2";"3";"1";"1";""
"202400028517";"155 731 537";"A01";"2";"2";"16";"0";"0";"1";"1";""
"202400028518";"155 731 535";"A01";"1";"7";"14";"0";"1";"2";"1";""
"202400028518";"155 731 536";"B01";"1";"7";"0";"0";"4";"23";"1";""
"202400028519";"155 731 532";"A01";"3";"32";"0";"2";"1";"19";"1";""
"202400028519";"155 731 533";"B01";"3";"32";"0";"2";"7";"1";"1";""
"202400028520";"155 731 530";"A01";"3";"7";"0";"2";"0";"15";"1";""
"202400028520";"155 731 531";"B01";"3";"33";"0";"2";"0";"1";"0";""
"202400028521";"155 731 529";"A01";"2";"7";"0";"1";"1";"19";"1";""
"202400028522";"155 731 527";"A01";"2";"7";"0";"2";"5";"12";"2";""
"202400028522";"155 731 528";"B01";"2";"7";"0";"2";"3";"1";"1";""
"202400028523";"155 731 526";"A01";"1";"1";"0";"1";"1";"1";"5";""
"202400028524";"155 731 524";"B01";"2";"1";"0";"2";"5";"20";"5";""
"202400028524";"155 731 525";"A01";"2";"10";"0";"2";"2";"1";"3";""
"202400028525";"155 731 523";"A01";"2";"34";"0";"1";"1";"1";"3";""
"202400028526";"155 731 522";"Z01";"1";"32";"0";"1";"1";"1";"0";""
"202400028527";"155 731 521";"A01";"1";"7";"0";"1";"3";"2";"2";""
"202400028528";"155 731 519";"A01";"1";"34";"0";"2";"7";"1";"1";""
"202400028528";"155 731 520";"B01";"3";"1";"0";"2";"1";"19";"5";""
"202400028529";"155 731 518";"A01";"2";"7";"0";"1";"2";"1";"2";""
"202400028530";"155 731 517";"A01";"1";"7";"0";"1";"1";"15";"1";""
"202400028531";"155 731 515";"B01";"1";"1";"0";"2";"6";"15";"5";""
"202400028531";"155 731 516";"A01";"1";"7";"0";"2";"6";"15";"1";""
"202400028532";"155 731 514";"A01";"3";"7";"1";"0";"2";"14";"1";""
"202400028533";"155 731 512";"A01";"2";"2";"0";"2";"6";"18";"1";""
"202400028533";"155 731 513";"B01";"2";"7";"0";"2";"2";"1";"2";""
"202400028534";"155 731 510";"B01";"0";"7";"0";"0";"3";"24";"1";""
"202400028534";"155 731 511";"A01";"2";"1";"1";"0";"3";"19";"5";""
"202400028535";"155 731 508";"A01";"1";"1";"0";"2";"1";"13";"5";""
"202400028535";"155 731 509";"B01";"3";"10";"1";"0";"3";"24";"1";""
"202400028536";"155 731 507";"A01";"1";"34";"1";"0";"1";"1";"1";""
"202400028537";"155 731 506";"A01";"1";"7";"0";"1";"1";"15";"1";""
"202400028538";"155 731 504";"B01";"1";"2";"0";"2";"7";"12";"1";""
"202400028538";"155 731 505";"A01";"1";"7";"0";"2";"8";"1";"1";""
"202400028539";"155 731 503";"A01";"2";"34";"0";"0";"3";"16";"0";""
"202400028540";"155 731 501";"A01";"1";"7";"1";"0";"4";"2";"1";""
"202400028540";"155 731 502";"B01";"1";"7";"0";"2";"4";"23";"2";""
"202400028541";"155 731 500";"A01";"0";"30";"14";"0";"0";"1";"1";""
"202400028542";"155 731 499";"A01";"3";"7";"0";"1";"1";"26";"2";""
"202400028543";"155 731 497";"A01";"2";"7";"0";"2";"1";"1";"1";""
"202400028543";"155 731 498";"B01";"1";"7";"0";"2";"8";"1";"1";""
"202400028544";"155 731 495";"A01";"1";"33";"1";"2";"4";"1";"1";""
"202400028544";"155 731 496";"B01";"1";"37";"0";"2";"5";"1";"1";"1"
"202400028545";"155 731 493";"A01";"1";"2";"0";"2";"1";"1";"0";""
"202400028545";"155 731 494";"B01";"1";"7";"0";"2";"3";"9";"0";""
"202400028546";"155 731 492";"A01";"3";"1";"16";"0";"1";"1";"5";""
"202400028547";"155 731 491";"A01";"3";"1";"2";"0";"1";"2";"5";""
"202400028548";"155 731 489";"B01";"1";"10";"16";"0";"6";"23";"1";""
"202400028548";"155 731 490";"A01";"1";"7";"1";"0";"1";"1";"1";""
"202400028549";"155 731 486";"A01";"3";"7";"0";"2";"1";"2";"1";""
"202400028549";"155 731 487";"B01";"3";"7";"0";"2";"4";"2";"1";""
"202400028549";"155 731 488";"C01";"3";"7";"0";"2";"4";"2";"1";""
"202400028550";"155 731 485";"A01";"2";"3";"0";"1";"2";"10";"1";""
"202400028551";"155 731 483";"A01";"1";"17";"0";"2";"1";"1";"1";""
"202400028551";"155 731 484";"B01";"0";"7";"0";"2";"5";"19";"1";""
"202400028552";"155 731 482";"A01";"1";"7";"2";"0";"3";"13";"1";""
"202400028553";"155 731 481";"A01";"2";"7";"2";"0";"7";"0";"1";""
"202400028554";"155 731 480";"A01";"1";"7";"6";"0";"3";"1";"1";""
"202400028555";"155 731 478";"B01";"2";"1";"0";"2";"4";"2";"5";""
"202400028555";"155 731 479";"A01";"2";"7";"0";"2";"3";"9";"1";""
"202400028556";"155 731 477";"A01";"2";"34";"16";"0";"0";"0";"1";""
"202400028557";"155 731 476";"A01";"0";"31";"12";"0";"1";"1";"1";""
"202400028558";"155 731 475";"A01";"3";"7";"0";"1";"2";"16";"1";""
"202400028559";"155 731 473";"A01";"1";"7";"0";"2";"1";"13";"1";""
"202400028559";"155 731 474";"B01";"2";"7";"0";"2";"1";"1";"1";""
"202400028560";"155 731 472";"A01";"1";"7";"0";"1";"1";"1";"1";""
"202400028561";"155 731 470";"A01";"2";"7";"0";"2";"1";"2";"1";""
"202400028561";"155 731 471";"B01";"2";"2";"0";"2";"4";"2";"1";""
"202400028562";"155 731 468";"A01";"3";"14";"0";"2";"3";"10";"1";""
"202400028562";"155 731 469";"B01";"3";"2";"0";"2";"1";"1";"1";""
"202400028563";"155 731 466";"B01";"1";"10";"0";"2";"3";"1";"1";""
"202400028563";"155 731 467";"A01";"2";"7";"0";"2";"3";"17";"1";""
"202400028564";"155 731 464";"A01";"2";"7";"0";"2";"2";"1";"1";""
"202400028564";"155 731 465";"B01";"2";"1";"0";"2";"3";"11";"5";""
"202400028565";"155 731 463";"A01";"2";"7";"6";"0";"0";"1";"1";""
"202400028566";"155 731 462";"A01";"2";"7";"2";"0";"1";"1";"1";""
"202400028567";"155 731 461";"A01";"1";"7";"13";"0";"1";"1";"1";""
"202400028568";"155 731 460";"A01";"2";"7";"2";"0";"3";"0";"2";""
"202400028569";"155 731 458";"B01";"1";"10";"0";"2";"2";"0";"1";""
"202400028569";"155 731 459";"A01";"1";"2";"0";"2";"1";"26";"1";""
"202400028570";"155 731 456";"A01";"1";"7";"1";"2";"2";"15";"1";""
"202400028570";"155 731 457";"B01";"2";"7";"0";"2";"1";"21";"1";""
"202400028571";"155 731 454";"B01";"1";"7";"0";"2";"3";"1";"1";""
"202400028571";"155 731 455";"A01";"2";"7";"0";"2";"3";"1";"1";""
"202400028572";"155 731 451";"B01";"2";"2";"0";"2";"3";"1";"1";""
"202400028572";"155 731 452";"A01";"2";"2";"0";"2";"2";"17";"1";""
"202400028572";"155 731 453";"C01";"1";"7";"0";"2";"3";"1";"1";""
"202400028573";"155 731 449";"A01";"1";"7";"0";"2";"2";"15";"1";""
"202400028573";"155 731 450";"B01";"2";"2";"0";"2";"1";"1";"1";""
"202400028574";"155 731 448";"A01";"2";"7";"2";"0";"1";"13";"1";""
"202400028575";"155 731 447";"A01";"1";"2";"0";"0";"7";"1";"1";""
"202400028576";"155 731 445";"A01";"2";"7";"0";"2";"1";"1";"1";""
"202400028576";"155 731 446";"B01";"1";"7";"0";"2";"1";"1";"1";""
"202400028577";"155 731 444";"A01";"2";"7";"1";"1";"3";"5";"1";""
"202400028578";"155 731 443";"A01";"2";"33";"0";"6";"1";"1";"1";""
"202400028579";"155 731 441";"B01";"2";"10";"0";"2";"6";"1";"1";""
"202400028579";"155 731 442";"A01";"1";"7";"0";"2";"3";"17";"3";""
"202400028580";"155 731 440";"A01";"1";"7";"2";"0";"2";"14";"1";""
"202400028581";"155 731 437";"A01";"1";"7";"0";"2";"2";"6";"1";""
"202400028581";"155 731 438";"B01";"2";"7";"0";"2";"1";"1";"1";""
"202400028581";"155 731 439";"C01";"2";"7";"0";"2";"1";"1";"2";""
"202400028582";"155 731 436";"A01";"1";"33";"0";"0";"0";"1";"1";""
"202400028583";"155 731 434";"A01";"1";"7";"0";"2";"1";"1";"1";""
"202400028583";"155 731 435";"B01";"1";"1";"0";"0";"4";"1";"5";""
"202400028584";"155 731 432";"B01";"1";"7";"0";"2";"3";"1";"1";""
"202400028584";"155 731 433";"A01";"1";"10";"0";"2";"1";"9";"1";""
"202400028585";"155 731 430";"A01";"2";"7";"13";"0";"7";"1";"1";""
"202400028585";"155 731 431";"B01";"1";"7";"0";"0";"1";"1";"1";""
"202400028586";"155 731 429";"A01";"2";"7";"2";"0";"1";"0";"1";""
"202400028587";"155 731 428";"A01";"1";"2";"0";"0";"0";"2";"1";""
"202400028588";"155 731 426";"B01";"2";"7";"0";"2";"3";"5";"1";""
"202400028588";"155 731 427";"A01";"1";"7";"0";"2";"3";"1";"1";""
"202400028589";"155 731 425";"A01";"1";"7";"0";"0";"2";"1";"1";""
"202400028590";"155 731 424";"A01";"2";"7";"2";"0";"1";"1";"1";""
"202400028591";"155 731 423";"A01";"3";"7";"2";"0";"1";"17";"1";""
"202400028592";"155 731 421";"B01";"1";"7";"0";"2";"1";"1";"1";""
"202400028592";"155 731 422";"A01";"2";"7";"0";"2";"2";"15";"1";""
"202400028593";"155 731 420";"A01";"0";"50";"0";"0";"0";"0";"3";""
"202400028594";"155 731 419";"A01";"3";"21";"0";"0";"0";"0";"0";""
"202400028595";"155 731 418";"A01";"1";"7";"13";"0";"1";"13";"1";""
"202400028596";"155 731 417";"A01";"1";"7";"8";"0";"2";"14";"1";""
"202400028597";"155 731 415";"B01";"1";"7";"0";"2";"5";"1";"1";""
"202400028597";"155 731 416";"A01";"2";"10";"0";"2";"1";"1";"1";""
"202400028598";"155 731 413";"B01";"2";"99";"0";"2";"3";"21";"1";""
"202400028598";"155 731 414";"A01";"1";"7";"13";"2";"3";"13";"1";""
"202400028599";"155 731 412";"A01";"1";"7";"13";"0";"1";"14";"1";""
"202400028600";"155 731 411";"A01";"1";"7";"16";"0";"1";"1";"0";""
"202400028601";"155 731 409";"A01";"1";"7";"13";"0";"1";"12";"1";""
"202400028601";"155 731 410";"B01";"1";"7";"13";"0";"1";"1";"1";""
"202400028602";"155 731 407";"A01";"1";"7";"0";"2";"0";"9";"1";""
"202400028602";"155 731 408";"B01";"1";"2";"0";"2";"1";"1";"3";""
"202400028603";"155 731 405";"B01";"2";"7";"0";"2";"1";"5";"1";""
"202400028603";"155 731 406";"A01";"2";"7";"0";"2";"1";"21";"1";""
"202400028604";"155 731 404";"A01";"2";"7";"3";"0";"3";"1";"1";""
"202400028605";"155 731 400";"C01";"2";"7";"0";"2";"1";"1";"3";""
"202400028605";"155 731 401";"D01";"2";"7";"0";"2";"4";"1";"2";""
"202400028605";"155 731 402";"B01";"2";"7";"0";"2";"1";"1";"1";""
"202400028605";"155 731 403";"A01";"2";"7";"3";"0";"1";"1";"2";""
"202400028606";"155 731 399";"A01";"1";"7";"2";"0";"1";"13";"1";""
"202400028607";"155 731 398";"A01";"2";"2";"6";"0";"1";"1";"1";""
"202400028608";"155 731 397";"A01";"3";"10";"0";"1";"2";"1";"1";""
"202400028609";"155 731 395";"A01";"0";"7";"0";"2";"8";"11";"1";""
"202400028609";"155 731 396";"B01";"0";"33";"0";"2";"7";"17";"1";""
"202400028610";"155 731 392";"A01";"1";"7";"0";"2";"2";"17";"1";""
"202400028610";"155 731 393";"B01";"2";"7";"0";"2";"1";"1";"1";""
"202400028610";"155 731 394";"C01";"1";"10";"0";"2";"3";"1";"1";""
"202400028611";"155 731 389";"A01";"1";"7";"0";"2";"1";"13";"1";""
"202400028611";"155 731 390";"B01";"2";"10";"0";"2";"1";"1";"1";""
"202400028611";"155 731 391";"C01";"2";"7";"0";"2";"1";"21";"1";""
"202400028612";"155 731 388";"A01";"2";"10";"0";"1";"3";"1";"1";""
"202400028613";"155 731 386";"B01";"1";"10";"0";"2";"1";"1";"1";""
"202400028613";"155 731 387";"A01";"1";"33";"0";"0";"6";"1";"1";""
"202400028614";"155 731 385";"A01";"1";"33";"3";"0";"2";"1";"1";""
"202400028615";"155 731 384";"A01";"2";"34";"0";"0";"0";"0";"1";""
"202400028616";"155 731 382";"B01";"3";"7";"0";"2";"3";"26";"1";""
"202400028616";"155 731 383";"A01";"3";"30";"0";"2";"2";"15";"1";""
"202400028617";"155 731 380";"A01";"2";"7";"0";"2";"3";"13";"1";""
"202400028617";"155 731 381";"B01";"1";"7";"0";"2";"3";"24";"1";""
"202400028618";"155 731 379";"A01";"1";"7";"0";"1";"3";"1";"1";""
"202400028619";"155 731 377";"B01";"1";"7";"0";"2";"3";"2";"1";""
"202400028619";"155 731 378";"A01";"1";"7";"0";"2";"6";"15";"0";""
"202400028620";"155 731 376";"A01";"3";"7";"0";"1";"3";"15";"1";""
"202400028621";"155 731 375";"A01";"2";"7";"0";"1";"8";"1";"2";""
"202400028622";"155 731 373";"A01";"2";"7";"14";"0";"6";"15";"1";""
"202400028622";"155 731 374";"B01";"2";"31";"14";"0";"1";"17";"1";""
"202400028623";"155 731 372";"A01";"2";"7";"0";"1";"2";"1";"1";""
"202400028624";"155 731 370";"A01";"2";"33";"0";"2";"2";"2";"1";""
"202400028624";"155 731 371";"B01";"2";"7";"0";"2";"6";"23";"1";""
"202400028625";"155 731 369";"A01";"1";"1";"12";"0";"1";"14";"5";""
"202400028626";"155 731 368";"A01";"2";"1";"10";"0";"0";"0";"5";""
"202400028627";"155 731 366";"B01";"3";"50";"0";"2";"1";"1";"3";""
"202400028627";"155 731 367";"A01";"3";"10";"0";"2";"3";"9";"1";""
"202400028628";"155 731 364";"A01";"0";"7";"0";"2";"1";"1";"1";""
"202400028628";"155 731 365";"B01";"0";"32";"0";"2";"7";"1";"1";""
"202400028629";"155 731 363";"A01";"3";"30";"0";"0";"0";"1";"1";""
"202400028630";"155 731 361";"B01";"0";"1";"0";"2";"0";"1";"5";""
"202400028630";"155 731 362";"A01";"3";"32";"0";"2";"0";"0";"0";""
"202400028631";"155 731 360";"A01";"0";"50";"0";"0";"0";"0";"3";""
"202400028632";"155 731 358";"A01";"2";"7";"0";"9";"5";"15";"1";""
"202400028632";"155 731 359";"B01";"1";"33";"0";"2";"1";"1";"1";""
"202400028633";"155 731 356";"A01";"2";"7";"0";"2";"3";"1";"1";""
"202400028633";"155 731 357";"B01";"2";"50";"0";"2";"4";"1";"3";""
"202400028634";"155 731 354";"A01";"3";"33";"0";"2";"4";"9";"1";""
"202400028634";"155 731 355";"B01";"3";"7";"0";"2";"1";"1";"2";""
"202400028635";"155 731 353";"A01";"3";"7";"0";"1";"5";"1";"2";""
"202400028636";"155 731 348";"A01";"1";"7";"0";"2";"1";"1";"1";""
"202400028636";"155 731 349";"B01";"1";"50";"0";"2";"7";"19";"3";""
"202400028637";"155 731 346";"A01";"1";"7";"0";"2";"1";"13";"1";""
"202400028637";"155 731 347";"B01";"2";"7";"0";"2";"1";"0";"1";""
"202400028638";"155 731 344";"A01";"0";"7";"0";"9";"2";"15";"1";""
"202400028638";"155 731 345";"B01";"0";"33";"0";"2";"1";"1";"1";""
"202400028639";"155 731 342";"A01";"1";"7";"0";"2";"3";"15";"1";""
"202400028639";"155 731 343";"B01";"2";"1";"0";"2";"1";"1";"5";""
"202400028640";"155 731 340";"A01";"1";"1";"0";"2";"3";"5";"5";""
"202400028640";"155 731 341";"B01";"1";"7";"0";"9";"2";"9";"1";""
"202400028641";"155 731 338";"B01";"1";"7";"0";"2";"4";"2";"1";""
"202400028641";"155 731 339";"A01";"1";"33";"0";"2";"1";"1";"1";""
"202400028642";"155 731 337";"A01";"1";"7";"1";"0";"1";"1";"1";""
"202400028643";"155 731 336";"A01";"1";"31";"0";"0";"0";"2";"1";""
"202400028644";"155 731 335";"A01";"1";"7";"14";"1";"2";"2";"1";""
"202400028645";"155 731 333";"A01";"2";"50";"0";"2";"6";"13";"3";""
"202400028645";"155 731 334";"B01";"2";"7";"0";"2";"2";"1";"1";""
"202400028646";"155 731 331";"A01";"2";"7";"0";"2";"1";"1";"1";""
"202400028646";"155 731 332";"B01";"2";"50";"0";"2";"7";"3";"3";""
"202400028647";"155 731 330";"A01";"3";"7";"0";"1";"0";"15";"1";""
"202400028648";"155 731 329";"A01";"3";"50";"16";"0";"0";"1";"3";""
"202400028649";"155 731 328";"A01";"3";"7";"16";"0";"9";"1";"1";""
"202400028650";"155 731 326";"A01";"0";"7";"0";"2";"7";"15";"1";""
"202400028650";"155 731 327";"B01";"0";"3";"0";"2";"1";"1";"1";""
"202400028651";"155 731 324";"B01";"1";"37";"0";"2";"6";"1";"1";"1"
"202400028651";"155 731 325";"A01";"1";"1";"0";"2";"1";"1";"5";""
"202400028652";"155 731 323";"A01";"3";"33";"12";"0";"0";"1";"1";""
"202400028653";"155 731 322";"A01";"1";"7";"0";"1";"3";"21";"1";""
"202400028654";"155 731 320";"A01";"2";"7";"0";"2";"1";"1";"1";""
"202400028654";"155 731 321";"B01";"2";"10";"0";"0";"4";"1";"1";""
"202400028655";"155 731 315";"A01";"1";"80";"0";"0";"0";"16";"3";""
"202400028656";"155 731 313";"A01";"3";"7";"0";"2";"3";"15";"1";""
"202400028656";"155 731 314";"B01";"2";"33";"0";"2";"2";"1";"1";""
"202400028657";"155 731 312";"A01";"1";"40";"0";"1";"2";"1";"3";""
"202400028658";"155 731 310";"B01";"1";"32";"0";"2";"2";"2";"1";""
"202400028658";"155 731 311";"A01";"1";"10";"0";"2";"3";"2";"2";""
"202400028659";"155 731 308";"B01";"2";"15";"0";"2";"3";"21";"1";""
"202400028659";"155 731 309";"A01";"1";"43";"0";"2";"3";"13";"1";""
"202400028660";"155 731 307";"A01";"3";"7";"0";"1";"1";"2";"1";""
"202400028661";"155 731 305";"A01";"3";"7";"0";"2";"5";"1";"1";""
"202400028661";"155 731 306";"B01";"3";"33";"0";"2";"1";"1";"1";""
"202400028662";"155 731 303";"B01";"1";"50";"0";"2";"1";"1";"3";""
"202400028662";"155 731 304";"A01";"1";"7";"0";"2";"2";"15";"1";""
"202400028663";"155 731 302";"A01";"2";"34";"14";"1";"0";"26";"1";""
"202400028664";"155 731 300";"A01";"2";"7";"0";"2";"3";"9";"0";""
"202400028664";"155 731 301";"B01";"1";"1";"0";"2";"2";"26";"5";""
"202400028665";"155 731 298";"B01";"1";"7";"0";"2";"4";"1";"1";""
"202400028665";"155 731 299";"A01";"1";"7";"0";"2";"1";"26";"1";""
"202400028666";"155 731 297";"A01";"1";"7";"2";"0";"1";"13";"2";""
"202400028667";"155 731 295";"A01";"1";"80";"0";"2";"1";"9";"3";""
"202400028667";"155 731 296";"B01";"1";"7";"0";"0";"3";"1";"1";""
"202400028668";"155 731 293";"B01";"1";"2";"0";"2";"5";"1";"1";""
"202400028668";"155 731 294";"A01";"1";"7";"0";"2";"3";"15";"1";""
"202400028669";"155 731 291";"B01";"2";"33";"0";"2";"8";"1";"1";""
"202400028669";"155 731 292";"A01";"1";"7";"0";"2";"3";"2";"1";""
"202400028670";"155 731 289";"A01";"1";"30";"0";"2";"1";"1";"1";""
"202400028670";"155 731 290";"B01";"1";"13";"0";"2";"7";"16";"1";""
"202400028671";"155 731 287";"B01";"1";"7";"0";"2";"8";"1";"1";""
"202400028671";"155 731 288";"A01";"1";"31";"0";"2";"1";"1";"1";""
"202400028672";"155 731 286";"A01";"3";"10";"0";"1";"2";"15";"1";""
"202400028673";"155 731 285";"A01";"1";"1";"0";"1";"1";"1";"5";""
"202400028674";"155 731 283";"Z01";"1";"7";"0";"2";"1";"2";"1";""
"202400028674";"155 731 284";"A01";"1";"80";"0";"2";"4";"1";"3";""
"202400028675";"155 731 282";"A01";"2";"50";"0";"1";"1";"1";"3";""
"202400028676";"155 731 280";"A01";"2";"7";"0";"2";"2";"1";"1";""
"202400028676";"155 731 281";"B01";"1";"7";"0";"2";"3";"1";"1";""
"202400028677";"155 731 278";"A01";"1";"33";"0";"2";"7";"1";"1";""
"202400028677";"155 731 279";"B01";"2";"7";"0";"2";"1";"1";"1";""
"202400028678";"155 731 276";"B01";"2";"32";"0";"2";"0";"1";"1";""
"202400028678";"155 731 277";"A01";"2";"7";"0";"2";"0";"0";"1";""
"202400028679";"155 731 274";"B01";"1";"7";"0";"2";"4";"1";"0";""
"202400028679";"155 731 275";"A01";"1";"7";"0";"2";"1";"1";"1";""
"202400028680";"155 731 273";"A01";"3";"7";"0";"1";"3";"1";"1";""
"202400028681";"155 731 271";"A01";"1";"7";"0";"2";"1";"15";"2";""
"202400028681";"155 731 272";"B01";"2";"32";"0";"2";"1";"1";"1";""
"202400028682";"155 731 269";"B01";"2";"7";"0";"2";"1";"15";"1";""
"202400028682";"155 731 270";"A01";"1";"32";"0";"2";"1";"1";"1";""
"202400028683";"155 731 267";"B01";"2";"10";"0";"2";"5";"14";"1";""
"202400028683";"155 731 268";"A01";"2";"50";"0";"2";"3";"14";"3";""
"202400028684";"155 731 265";"A01";"1";"10";"12";"0";"1";"0";"0";""
"202400028685";"155 731 264";"A01";"1";"7";"0";"2";"2";"15";"1";""
"202400028685";"155 731 266";"B01";"2";"7";"0";"2";"1";"1";"1";""
"202400028686";"155 731 263";"A01";"1";"7";"0";"1";"1";"1";"1";""
"202400028687";"155 731 261";"B01";"1";"30";"0";"2";"5";"2";"1";""
"202400028687";"155 731 262";"A01";"1";"13";"0";"2";"1";"17";"1";""
"202400028688";"155 731 260";"A01";"2";"7";"11";"0";"1";"1";"1";""
"202400028689";"155 731 259";"A01";"1";"7";"15";"0";"3";"1";"1";""
"202400028690";"155 731 257";"A01";"1";"7";"3";"0";"9";"9";"1";""
"202400028691";"155 731 256";"B01";"0";"31";"0";"2";"1";"1";"1";""
"202400028691";"155 731 258";"A01";"0";"7";"0";"2";"2";"15";"1";""
"202400028692";"155 731 254";"B01";"1";"50";"0";"2";"8";"19";"3";""
"202400028692";"155 731 255";"A01";"1";"10";"0";"2";"1";"1";"1";""
"202400028693";"155 731 251";"B01";"0";"1";"0";"2";"1";"1";"5";""
"202400028693";"155 731 253";"A01";"0";"7";"0";"2";"8";"16";"1";""
"202400028694";"155 731 250";"A01";"1";"7";"0";"2";"7";"16";"1";""
"202400028694";"155 731 252";"B01";"1";"15";"0";"2";"3";"1";"1";""
"202400028695";"155 731 249";"A01";"1";"31";"0";"0";"2";"10";"3";""
"202400028696";"155 731 246";"A01";"2";"7";"0";"2";"1";"2";"1";""
"202400028696";"155 731 248";"B01";"2";"7";"0";"2";"4";"2";"1";""
"202400028697";"155 731 245";"A01";"1";"1";"0";"2";"8";"1";"5";""
"202400028697";"155 731 247";"B01";"1";"7";"0";"2";"1";"1";"1";""
"202400028698";"155 731 243";"A01";"3";"1";"0";"0";"0";"0";"5";""
"202400028699";"155 731 242";"B01";"1";"1";"0";"2";"8";"15";"5";""
"202400028699";"155 731 244";"A01";"1";"1";"0";"2";"1";"1";"5";""
"202400028700";"155 731 239";"A01";"1";"7";"0";"2";"3";"13";"1";""
"202400028700";"155 731 241";"B01";"2";"31";"0";"2";"3";"0";"1";""
"202400028701";"155 731 238";"A01";"1";"7";"0";"2";"2";"1";"1";""
"202400028701";"155 731 240";"B01";"2";"7";"0";"2";"5";"15";"1";""
"202400028702";"155 731 236";"A01";"2";"7";"0";"2";"2";"15";"1";""
"202400028702";"155 731 237";"B01";"2";"33";"0";"2";"1";"1";"1";""
"202400028703";"155 731 235";"A01";"1";"7";"0";"1";"2";"1";"1";""
"202400028704";"155 731 234";"A01";"3";"7";"0";"1";"1";"1";"1";""
"202400028705";"155 731 232";"A01";"1";"34";"8";"0";"1";"1";"1";""
"202400028706";"155 731 233";"A01";"1";"1";"0";"0";"0";"20";"5";""
"202400028707";"155 731 231";"A01";"3";"7";"14";"5";"1";"1";"1";""
"202400028708";"155 731 228";"A01";"2";"7";"0";"2";"6";"1";"1";""
"202400028708";"155 731 230";"B01";"1";"7";"0";"2";"3";"1";"1";""
"202400028709";"155 731 226";"B01";"2";"7";"0";"2";"4";"2";"1";""
"202400028709";"155 731 227";"C01";"2";"7";"0";"2";"4";"23";"2";""
"202400028709";"155 731 229";"A01";"2";"7";"0";"2";"1";"2";"1";""
"202400028710";"155 731 225";"A01";"2";"7";"8";"0";"1";"1";"1";""
"202400028711";"155 731 224";"A01";"3";"7";"0";"1";"3";"15";"1";""
"202400028712";"155 731 222";"A01";"2";"10";"0";"2";"2";"1";"1";""
"202400028712";"155 731 223";"B01";"3";"2";"0";"2";"1";"1";"1";""
"202400028713";"155 731 221";"A01";"1";"33";"13";"0";"7";"0";"1";""
"202400028714";"155 731 219";"A01";"2";"33";"0";"2";"1";"1";"1";""
"202400028714";"155 731 220";"B01";"1";"7";"0";"2";"3";"15";"1";""
"202400028715";"155 731 217";"B01";"2";"7";"0";"2";"4";"2";"1";""
"202400028715";"155 731 218";"A01";"2";"10";"0";"2";"1";"2";"1";""
"202400028716";"155 731 215";"B01";"3";"38";"0";"2";"3";"1";"1";"1"
"202400028716";"155 731 216";"A01";"3";"2";"0";"2";"8";"13";"1";""
"202400028717";"155 731 214";"A01";"2";"7";"0";"1";"1";"2";"1";""
"202400028718";"155 731 212";"A01";"2";"7";"0";"1";"1";"2";"0";""
"202400028719";"155 731 211";"B01";"3";"30";"0";"2";"1";"9";"1";""
"202400028719";"155 731 213";"A01";"2";"33";"0";"0";"8";"14";"1";""
"202400028720";"155 731 208";"B01";"1";"7";"3";"0";"4";"1";"1";""
"202400028720";"155 731 210";"A01";"1";"7";"4";"2";"1";"2";"1";""
"202400028721";"155 731 205";"A01";"1";"1";"0";"2";"1";"1";"5";""
"202400028721";"155 731 206";"B01";"2";"15";"0";"2";"1";"15";"1";""
"202400028722";"155 731 203";"A01";"1";"7";"0";"2";"1";"2";"1";""
"202400028722";"155 731 204";"B01";"1";"7";"0";"2";"4";"1";"2";""
"202400028723";"155 731 202";"A01";"1";"1";"0";"0";"0";"1";"5";""
"202400028724";"155 731 198";"A01";"2";"7";"0";"2";"1";"2";"1";""
"202400028724";"155 731 200";"B01";"2";"50";"0";"2";"4";"1";"3";""
"202400028725";"155 731 199";"B01";"3";"7";"0";"2";"6";"1";"0";""
"202400028725";"155 731 201";"A01";"3";"50";"0";"2";"1";"11";"3";""
"202400028726";"155 731 195";"A01";"3";"43";"0";"2";"2";"3";"1";""
"202400028726";"155 731 196";"B01";"3";"7";"0";"2";"3";"1";"1";""
"202400028727";"155 731 194";"B01";"1";"7";"0";"2";"8";"15";"1";""
"202400028727";"155 731 197";"A01";"1";"7";"0";"2";"1";"17";"1";""
"202400028728";"155 731 191";"A01";"3";"2";"0";"0";"0";"1";"1";""
"202400028729";"155 731 190";"B01";"1";"7";"0";"2";"4";"1";"1";""
"202400028729";"155 731 192";"C01";"1";"7";"0";"2";"4";"1";"1";""
"202400028729";"155 731 193";"A01";"1";"7";"0";"2";"1";"1";"1";""
"202400028730";"155 731 187";"A01";"3";"13";"0";"2";"1";"19";"1";""
"202400028730";"155 731 189";"B01";"1";"10";"13";"2";"7";"1";"1";""
"202400028731";"155 731 186";"A01";"1";"30";"0";"2";"1";"1";"1";""
"202400028731";"155 731 188";"B01";"2";"7";"0";"2";"3";"1";"2";""
"202400028732";"155 731 183";"A01";"1";"30";"0";"2";"1";"17";"1";""
"202400028732";"155 731 185";"B01";"2";"7";"0";"2";"3";"1";"2";""
"202400028733";"155 731 182";"A01";"2";"7";"0";"2";"1";"13";"1";""