"Num_Acc";"id_vehicule";"num_veh";"senc";"catv";"obs";"obsm";"choc";"manv";"motor";"occutc"
"202400029135";"155 730 467";"B01";"2";"10";"0";"2";"0";"26";"1";""
"202400029135";"155 730 469";"A01";"3";"33";"0";"9";"1";"1";"1";""
"202400029136";"155 730 465";"A01";"1";"0";"0";"0";"0";"0";"0";""
"202400029137";"155 730 463";"A01";"2";"31";"0";"0";"0";"1";"1";""
"202400029138";"155 730 461";"A01";"1";"32";"0";"2";"1";"0";"1";""
"202400029138";"155 730 462";"B01";"2";"7";"0";"2";"3";"15";"1";""
"202400029139";"155 730 460";"A01";"2";"10";"1";"0";"1";"0";"1";""
"202400029140";"155 730 459";"A01";"1";"7";"0";"1";"1";"9";"1";""
"202400029141";"155 730 457";"A01";"3";"10";"0";"1";"2";"4";"3";""
"202400029142";"155 730 455";"B01";"2";"10";"0";"2";"4";"2";"1";""
"202400029142";"155 730 456";"C01";"2";"10";"0";"2";"4";"2";"1";""
"202400029142";"155 730 458";"A01";"2";"14";"0";"2";"1";"2";"1";""
"202400029143";"155 730 452";"A01";"3";"13";"0";"9";"0";"2";"1";""
"202400029143";"155 730 454";"B01";"3";"1";"0";"0";"0";"0";"5";""
"202400029144";"155 730 451";"A01";"1";"7";"0";"2";"1";"15";"1";""
"202400029144";"155 730 453";"B01";"2";"2";"0";"2";"1";"1";"1";""
"202400029145";"155 730 448";"B01";"1";"7";"0";"2";"4";"23";"1";""
"202400029145";"155 730 450";"A01";"1";"7";"0";"2";"1";"0";"1";""
"202400029146";"155 730 447";"A01";"1";"3";"0";"0";"5";"1";"3";""
"202400029146";"155 730 449";"B01";"1";"1";"0";"2";"1";"2";"5";""
"202400029147";"155 730 444";"A01";"1";"7";"0";"0";"1";"2";"1";""
"202400029147";"155 730 445";"B01";"1";"7";"0";"2";"4";"1";"1";""
"202400029147";"155 730 446";"C01";"1";"7";"0";"2";"4";"1";"1";""
"202400029148";"155 730 443";"A01";"1";"7";"0";"0";"2";"1";"1";""
"202400029149";"155 730 442";"A01";"2";"7";"0";"5";"0";"3";"1";""
"202400029150";"155 730 441";"A01";"1";"10";"8";"0";"1";"2";"1";""
"202400029151";"155 730 435";"B01";"1";"7";"0";"2";"5";"1";"1";""
"202400029151";"155 730 436";"C01";"1";"7";"0";"2";"8";"1";"1";""
"202400029151";"155 730 438";"A01";"1";"7";"0";"2";"3";"9";"1";""
"202400029152";"155 730 434";"A01";"2";"7";"0";"2";"1";"13";"1";""
"202400029152";"155 730 437";"B01";"1";"15";"0";"2";"1";"0";"1";""
"202400029152";"155 730 439";"D01";"2";"7";"0";"2";"1";"1";"1";""
"202400029152";"155 730 440";"C01";"2";"7";"0";"2";"1";"1";"1";""
"202400029153";"155 730 433";"A01";"3";"7";"0";"1";"7";"16";"1";""
"202400029154";"155 730 432";"A01";"1";"7";"0";"1";"2";"0";"1";""
"202400029155";"155 730 429";"B01";"1";"7";"0";"2";"0";"0";"1";""
"202400029155";"155 730 431";"A01";"2";"10";"0";"2";"8";"0";"1";""
"202400029156";"155 730 430";"A01";"1";"7";"16";"0";"1";"1";"1";""
"202400029157";"155 730 427";"A01";"3";"31";"0";"2";"1";"2";"1";""
"202400029157";"155 730 428";"B01";"3";"33";"0";"2";"5";"2";"1";""
"202400029158";"155 730 424";"A01";"1";"7";"0";"0";"4";"1";"1";""
"202400029158";"155 730 426";"B01";"1";"7";"3";"2";"1";"1";"1";""
"202400029159";"155 730 423";"A01";"2";"7";"0";"2";"1";"9";"1";""
"202400029159";"155 730 425";"B01";"2";"1";"0";"2";"2";"1";"5";""
"202400029160";"155 730 420";"B01";"1";"7";"0";"2";"6";"2";"1";""
"202400029160";"155 730 422";"A01";"1";"14";"0";"2";"2";"2";"1";""
"202400029161";"155 730 419";"B01";"3";"50";"0";"2";"1";"1";"3";""
"202400029161";"155 730 421";"A01";"3";"7";"0";"2";"2";"15";"1";""
"202400029162";"155 730 417";"A01";"2";"7";"0";"1";"3";"1";"1";""
"202400029163";"155 730 416";"A01";"2";"7";"0";"2";"4";"2";"1";""
"202400029163";"155 730 418";"B01";"2";"7";"0";"2";"1";"2";"1";""
"202400029164";"155 730 413";"B01";"2";"10";"0";"2";"1";"9";"0";""
"202400029164";"155 730 415";"A01";"1";"2";"0";"2";"7";"19";"0";""
"202400029165";"155 730 411";"A01";"2";"7";"0";"2";"4";"2";"1";""
"202400029165";"155 730 412";"B01";"2";"7";"0";"2";"4";"2";"1";""
"202400029165";"155 730 414";"C01";"2";"7";"0";"2";"1";"2";"1";""
"202400029166";"155 730 410";"A01";"3";"7";"0";"1";"1";"16";"1";""
"202400029167";"155 730 407";"A01";"2";"7";"0";"1";"1";"1";"1";""
"202400029168";"155 730 406";"A01";"1";"7";"0";"2";"4";"23";"1";""
"202400029168";"155 730 408";"B01";"1";"7";"0";"2";"4";"23";"1";""
"202400029168";"155 730 409";"C01";"1";"7";"0";"2";"1";"1";"1";""
"202400029169";"155 730 404";"B01";"1";"7";"0";"2";"2";"1";"3";""
"202400029169";"155 730 405";"A01";"1";"1";"0";"2";"3";"19";"5";""
"202400029170";"155 730 403";"A01";"1";"7";"3";"0";"1";"13";"1";""
"202400029171";"155 730 402";"A01";"1";"7";"12";"0";"3";"1";"1";""
"202400029172";"155 730 400";"A01";"1";"33";"0";"2";"1";"2";"1";""
"202400029172";"155 730 401";"B01";"1";"7";"0";"2";"5";"23";"1";""
"202400029173";"155 730 398";"B01";"2";"1";"0";"2";"8";"1";"5";""
"202400029173";"155 730 399";"A01";"2";"7";"0";"2";"1";"16";"1";""
"202400029174";"155 730 396";"A01";"1";"10";"0";"1";"0";"1";"0";""
"202400029175";"155 730 395";"B01";"1";"14";"0";"2";"1";"1";"1";""
"202400029175";"155 730 397";"A01";"1";"7";"0";"2";"9";"9";"1";""
"202400029176";"155 730 394";"A01";"1";"7";"0";"1";"1";"1";"1";""
"202400029177";"155 730 392";"B01";"1";"15";"0";"2";"2";"1";"1";""
"202400029177";"155 730 393";"A01";"1";"7";"0";"2";"6";"14";"1";""
"202400029178";"155 730 391";"A01";"1";"17";"0";"1";"1";"23";"1";""
"202400029179";"155 730 387";"A01";"1";"33";"0";"2";"1";"3";"1";""
"202400029179";"155 730 389";"B01";"1";"7";"0";"2";"4";"14";"1";""
"202400029179";"155 730 390";"C01";"1";"7";"0";"2";"2";"1";"1";""
"202400029180";"155 730 386";"A01";"3";"7";"0";"2";"3";"9";"1";""
"202400029180";"155 730 388";"B01";"2";"7";"0";"2";"1";"0";"1";""
"202400029181";"155 730 385";"A01";"1";"41";"0";"0";"0";"0";"1";""
"202400029182";"155 730 383";"B01";"3";"10";"0";"2";"1";"1";"1";""
"202400029182";"155 730 384";"A01";"3";"7";"0";"2";"1";"1";"1";""
"202400029183";"155 730 380";"A01";"2";"7";"0";"1";"7";"1";"1";""
"202400029184";"155 730 379";"C01";"1";"7";"0";"2";"8";"1";"1";""
"202400029184";"155 730 381";"A01";"2";"33";"0";"2";"0";"3";"1";""
"202400029184";"155 730 382";"B01";"2";"7";"0";"2";"8";"1";"1";""
"202400029185";"155 730 377";"A01";"3";"7";"0";"2";"3";"15";"2";""
"202400029185";"155 730 378";"B01";"3";"2";"0";"2";"1";"1";"1";""
"202400029186";"155 730 374";"A01";"3";"10";"0";"2";"4";"4";"1";""
"202400029186";"155 730 375";"B01";"3";"2";"0";"2";"1";"23";"1";""
"202400029187";"155 730 371";"B01";"2";"30";"0";"2";"0";"0";"1";""
"202400029187";"155 730 373";"A01";"2";"7";"0";"2";"0";"0";"1";""
"202400029188";"155 730 372";"B01";"1";"60";"0";"2";"0";"0";"5";""
"202400029188";"155 730 376";"A01";"1";"7";"0";"2";"0";"0";"1";""
"202400029189";"155 730 370";"A01";"1";"7";"4";"0";"3";"13";"1";""
"202400029190";"155 730 368";"A01";"3";"7";"0";"2";"3";"13";"1";""
"202400029190";"155 730 369";"B01";"3";"7";"0";"2";"2";"1";"1";""
"202400029191";"155 730 365";"A01";"1";"7";"0";"2";"1";"2";"3";""
"202400029191";"155 730 366";"C01";"1";"7";"0";"2";"4";"23";"1";""
"202400029191";"155 730 367";"B01";"1";"7";"0";"2";"4";"23";"1";""
"202400029192";"155 730 364";"A01";"3";"7";"0";"1";"8";"1";"0";""
"202400029193";"155 730 363";"A01";"2";"50";"12";"0";"1";"14";"3";""
"202400029194";"155 730 361";"A01";"1";"7";"0";"2";"1";"1";"1";""
"202400029194";"155 730 362";"B01";"2";"33";"0";"2";"7";"1";"1";""
"202400029195";"155 730 360";"A01";"3";"7";"0";"1";"1";"15";"2";""
"202400029196";"155 730 358";"A01";"2";"7";"14";"1";"0";"16";"3";""
"202400029197";"155 730 357";"B01";"1";"50";"0";"2";"0";"0";"3";""
"202400029197";"155 730 359";"A01";"1";"7";"0";"2";"2";"0";"1";""
"202400029198";"155 730 354";"A01";"3";"7";"1";"2";"3";"15";"1";""
"202400029198";"155 730 356";"B01";"1";"32";"0";"2";"1";"1";"1";""
"202400029199";"155 730 353";"B01";"1";"1";"0";"2";"0";"1";"5";""
"202400029199";"155 730 355";"A01";"1";"7";"0";"2";"0";"0";"1";""
"202400029200";"155 730 352";"A01";"1";"7";"0";"1";"0";"26";"1";""
"202400029201";"155 730 349";"B01";"2";"7";"0";"2";"4";"1";"1";""
"202400029201";"155 730 350";"A01";"2";"14";"0";"2";"1";"2";"1";""
"202400029202";"155 730 348";"A01";"1";"7";"0";"2";"1";"12";"1";""
"202400029202";"155 730 351";"B01";"1";"33";"0";"2";"0";"0";"1";""
"202400029203";"155 730 347";"A01";"1";"7";"0";"1";"1";"1";"1";""
"202400029204";"155 730 345";"A01";"1";"7";"0";"2";"7";"1";"1";""
"202400029204";"155 730 346";"B01";"1";"1";"0";"2";"8";"1";"5";""
"202400029205";"155 730 342";"B01";"3";"1";"0";"2";"2";"26";"5";""
"202400029205";"155 730 344";"A01";"3";"7";"0";"2";"8";"1";"1";""
"202400029206";"155 730 341";"B01";"1";"30";"0";"2";"4";"23";"1";""
"202400029206";"155 730 343";"A01";"1";"7";"0";"2";"1";"2";"1";""
"202400029207";"155 730 340";"A01";"1";"10";"0";"1";"1";"17";"1";""
"202400029208";"155 730 339";"A01";"1";"7";"0";"1";"1";"1";"1";""
"202400029209";"155 730 336";"A01";"3";"7";"0";"2";"3";"11";"1";""
"202400029209";"155 730 337";"B01";"3";"33";"0";"2";"1";"0";"1";""
"202400029210";"155 730 330";"B01";"2";"7";"0";"2";"0";"0";"1";""
"202400029210";"155 730 331";"A01";"1";"7";"0";"2";"1";"6";"1";""
"202400029211";"155 730 329";"A01";"1";"7";"0";"2";"3";"26";"3";""
"202400029211";"155 730 332";"B01";"1";"50";"0";"2";"4";"26";"3";""
"202400029212";"155 730 325";"A01";"2";"10";"0";"2";"3";"15";"1";""
"202400029212";"155 730 326";"B01";"1";"2";"0";"2";"1";"1";"1";""
"202400029213";"155 730 327";"A01";"1";"10";"0";"2";"1";"11";"0";""
"202400029213";"155 730 328";"B01";"2";"7";"0";"2";"3";"2";"1";""
"202400029214";"155 730 323";"B01";"2";"50";"0";"2";"1";"5";"3";""
"202400029214";"155 730 324";"A01";"2";"7";"0";"2";"8";"1";"1";""
"202400029215";"155 730 321";"B01";"1";"7";"0";"2";"1";"1";"1";""
"202400029215";"155 730 322";"A01";"2";"10";"0";"2";"1";"15";"1";""
"202400029216";"155 730 316";"B01";"1";"7";"0";"2";"1";"1";"1";""
"202400029216";"155 730 320";"A01";"2";"7";"0";"2";"2";"1";"1";""
"202400029217";"155 730 313";"A01";"2";"7";"0";"2";"8";"15";"1";""
"202400029217";"155 730 315";"B01";"2";"32";"0";"2";"7";"2";"3";""
"202400029218";"155 730 312";"A01";"2";"3";"1";"0";"8";"16";"0";""
"202400029218";"155 730 314";"B01";"2";"34";"0";"0";"1";"1";"1";""
"202400029219";"155 730 310";"A01";"2";"7";"0";"2";"6";"15";"1";""
"202400029219";"155 730 311";"B01";"2";"33";"0";"2";"1";"17";"1";""
"202400029220";"155 730 309";"A01";"0";"7";"0";"1";"1";"9";"1";""
"202400029221";"155 730 308";"A01";"2";"7";"0";"1";"2";"21";"1";""
"202400029222";"155 730 306";"A01";"1";"7";"0";"9";"1";"26";"2";""
"202400029222";"155 730 307";"B01";"1";"50";"0";"2";"7";"1";"3";""
"202400029223";"155 730 304";"A01";"3";"30";"0";"0";"2";"26";"1";""
"202400029224";"155 730 303";"B01";"3";"7";"0";"2";"1";"0";"1";""
"202400029224";"155 730 305";"A01";"3";"99";"0";"2";"1";"13";"0";""
"202400029225";"155 730 301";"B01";"1";"7";"0";"2";"3";"0";"1";""
"202400029225";"155 730 302";"A01";"2";"7";"0";"2";"3";"14";"1";""
"202400029226";"155 730 300";"Z01";"3";"0";"0";"0";"0";"26";"0";""
"202400029227";"155 730 299";"A01";"2";"7";"0";"1";"4";"4";"1";""
"202400029228";"155 730 298";"A01";"2";"7";"0";"1";"1";"16";"1";""
"202400029229";"155 730 296";"A01";"1";"7";"12";"1";"1";"2";"1";""
"202400029230";"155 730 295";"A01";"1";"7";"0";"2";"3";"2";"2";""
"202400029230";"155 730 297";"B01";"1";"33";"0";"2";"1";"17";"1";""
"202400029231";"155 730 292";"A01";"1";"32";"0";"2";"7";"1";"1";""
"202400029231";"155 730 293";"B01";"1";"10";"0";"2";"1";"9";"1";""
"202400029232";"155 730 291";"B01";"0";"99";"0";"0";"0";"0";"5";""
"202400029232";"155 730 294";"A01";"1";"7";"0";"2";"5";"13";"1";""
"202400029233";"155 730 289";"A01";"1";"7";"0";"2";"1";"2";"1";""
"202400029233";"155 730 290";"B01";"1";"7";"0";"2";"4";"2";"3";""
"202400029234";"155 730 288";"A01";"2";"7";"0";"1";"1";"15";"1";""
"202400029235";"155 730 286";"A01";"3";"7";"0";"1";"1";"1";"1";""
"202400029236";"155 730 285";"A01";"1";"10";"0";"2";"2";"1";"1";""
"202400029236";"155 730 287";"B01";"1";"33";"0";"2";"3";"7";"1";""
"202400029237";"155 730 283";"A01";"1";"7";"0";"2";"8";"15";"1";""
"202400029237";"155 730 284";"B01";"2";"1";"0";"2";"8";"1";"5";""
"202400029238";"155 730 281";"A01";"2";"7";"0";"2";"1";"15";"2";""
"202400029238";"155 730 282";"B01";"1";"31";"0";"2";"3";"1";"1";""
"202400029239";"155 730 279";"A01";"1";"7";"0";"2";"1";"26";"1";""
"202400029239";"155 730 280";"B01";"1";"10";"0";"2";"4";"2";"1";""
"202400029240";"155 730 278";"A01";"2";"10";"0";"1";"2";"1";"1";""
"202400029241";"155 730 276";"A01";"2";"10";"0";"2";"3";"1";"1";""
"202400029241";"155 730 277";"B01";"1";"37";"0";"2";"3";"1";"1";"3"
"202400029242";"155 730 272";"B01";"2";"7";"0";"2";"1";"15";"2";""
"202400029242";"155 730 274";"A01";"1";"50";"0";"2";"8";"1";"3";""
"202400029243";"155 730 273";"A01";"3";"32";"0";"2";"1";"15";"1";""
"202400029243";"155 730 275";"B01";"3";"43";"0";"2";"1";"1";"1";""
"202400029244";"155 730 271";"A01";"1";"7";"0";"1";"2";"15";"1";""
"202400029245";"155 730 270";"A01";"2";"33";"0";"1";"2";"1";"1";""
"202400029246";"155 730 269";"A01";"1";"32";"0";"0";"0";"0";"1";""
"202400029247";"155 730 268";"A01";"2";"2";"0";"0";"0";"26";"3";""
"202400029248";"155 730 267";"A01";"3";"7";"4";"0";"8";"26";"1";""
"202400029249";"155 730 266";"A01";"2";"30";"0";"0";"0";"14";"1";""
"202400029250";"155 730 264";"B01";"1";"7";"0";"2";"8";"1";"1";""
"202400029250";"155 730 265";"A01";"1";"31";"0";"2";"2";"17";"1";""
"202400029251";"155 730 262";"B01";"2";"1";"0";"0";"0";"0";"5";""
"202400029251";"155 730 263";"A01";"0";"7";"0";"0";"0";"16";"1";""
"202400029252";"155 730 260";"A01";"1";"10";"0";"2";"4";"1";"6";""
"202400029252";"155 730 261";"B01";"1";"10";"0";"2";"1";"1";"6";""
"202400029253";"155 730 258";"A01";"2";"1";"0";"2";"1";"2";"5";""
"202400029253";"155 730 259";"B01";"2";"7";"0";"2";"4";"16";"1";""
"202400029254";"155 730 256";"A01";"3";"7";"0";"2";"8";"19";"1";""
"202400029254";"155 730 257";"B01";"3";"32";"0";"2";"1";"1";"1";""
"202400029255";"155 730 253";"A01";"2";"7";"0";"2";"7";"14";"1";""
"202400029255";"155 730 255";"B01";"2";"31";"0";"2";"8";"0";"1";""
"202400029256";"155 730 252";"A01";"2";"7";"0";"2";"1";"0";"1";""
"202400029256";"155 730 254";"B01";"1";"7";"0";"2";"1";"1";"1";""
"202400029257";"155 730 250";"A01";"2";"33";"1";"1";"1";"1";"1";""
"202400029258";"155 730 246";"A01";"2";"50";"0";"2";"1";"2";"3";""
"202400029258";"155 730 248";"B01";"3";"31";"0";"2";"1";"16";"1";""
"202400029259";"155 730 245";"B01";"1";"33";"0";"2";"7";"1";"1";""
"202400029259";"155 730 247";"A01";"1";"37";"0";"2";"8";"13";"1";"1"
"202400029260";"155 730 243";"A01";"2";"7";"4";"0";"2";"14";"1";""
"202400029261";"155 730 242";"A01";"0";"7";"0";"2";"1";"16";"2";""
"202400029261";"155 730 244";"B01";"0";"1";"0";"2";"1";"1";"5";""
"202400029262";"155 730 241";"A01";"2";"30";"0";"0";"7";"26";"1";""
"202400029263";"155 730 240";"A01";"2";"50";"1";"0";"1";"1";"3";""
"202400029264";"155 730 239";"A01";"2";"7";"15";"0";"1";"13";"1";""
"202400029265";"155 730 237";"B01";"0";"33";"0";"2";"0";"0";"1";""
"202400029265";"155 730 238";"A01";"3";"7";"0";"2";"0";"0";"1";""
"202400029266";"155 730 234";"A01";"2";"7";"0";"2";"2";"1";"1";""
"202400029266";"155 730 236";"B01";"1";"7";"0";"2";"3";"9";"1";""
"202400029267";"155 730 233";"A01";"3";"33";"0";"2";"2";"1";"1";""
"202400029267";"155 730 235";"B01";"3";"7";"0";"2";"3";"15";"1";""
"202400029268";"155 730 231";"B01";"3";"1";"0";"2";"0";"0";"5";""
"202400029268";"155 730 232";"A01";"1";"7";"0";"2";"0";"26";"1";""
"202400029269";"155 730 230";"A01";"2";"7";"14";"0";"3";"5";"1";""
"202400029270";"155 730 225";"C01";"3";"7";"0";"2";"4";"2";"1";""
"202400029270";"155 730 227";"D01";"3";"7";"0";"2";"4";"2";"1";""
"202400029270";"155 730 228";"B01";"3";"10";"0";"2";"4";"2";"1";""
"202400029270";"155 730 229";"NA01";"3";"7";"0";"2";"1";"2";"1";""
"202400029271";"155 730 224";"A01";"1";"10";"0";"2";"3";"1";"3";""
"202400029271";"155 730 226";"B01";"1";"1";"0";"0";"0";"0";"5";""
"202400029272";"155 730 220";"A01";"1";"10";"0";"2";"1";"0";"1";""
"202400029272";"155 730 222";"B01";"2";"7";"0";"2";"3";"26";"1";""
"202400029273";"155 730 218";"A01";"1";"7";"12";"1";"1";"0";"2";""
"202400029274";"155 730 217";"B01";"3";"7";"0";"2";"1";"15";"1";""
"202400029274";"155 730 219";"A01";"3";"30";"0";"2";"1";"1";"1";""
"202400029275";"155 730 216";"A01";"3";"10";"0";"1";"1";"1";"1";""
"202400029276";"155 730 213";"B01";"3";"37";"0";"2";"1";"1";"1";"1"
"202400029276";"155 730 215";"A01";"3";"7";"0";"2";"7";"1";"1";""
"202400029277";"155 730 212";"B01";"3";"50";"0";"2";"8";"26";"3";""
"202400029277";"155 730 214";"A01";"1";"7";"0";"2";"3";"2";"1";""
"202400029278";"155 730 210";"A01";"3";"10";"0";"2";"1";"15";"1";""
"202400029278";"155 730 211";"B01";"3";"7";"0";"2";"7";"1";"1";""
"202400029279";"155 730 209";"A01";"1";"0";"0";"1";"1";"2";"0";""
"202400029280";"155 730 206";"A01";"3";"7";"0";"2";"1";"2";"1";""
"202400029280";"155 730 208";"B01";"3";"7";"0";"2";"4";"2";"1";""
"202400029281";"155 730 205";"A01";"1";"7";"0";"9";"2";"16";"1";""
"202400029281";"155 730 207";"B01";"1";"50";"0";"2";"1";"1";"3";""
"202400029282";"155 730 204";"A01";"0";"10";"0";"0";"0";"0";"0";""
"202400029283";"155 730 203";"A01";"1";"7";"0";"1";"1";"19";"1";""
"202400029284";"155 730 199";"C01";"1";"33";"0";"2";"1";"5";"1";""
"202400029284";"155 730 200";"A01";"1";"7";"0";"2";"1";"0";"0";""
"202400029284";"155 730 202";"B01";"1";"7";"0";"2";"1";"5";"1";""
"202400029285";"155 730 198";"A01";"1";"7";"0";"1";"1";"26";"1";""
"202400029286";"155 730 196";"B01";"2";"31";"0";"2";"8";"2";"1";""
"202400029286";"155 730 197";"A01";"1";"7";"0";"2";"3";"15";"1";""
"202400029287";"155 730 195";"A01";"3";"7";"0";"1";"1";"1";"1";""
"202400029288";"155 730 194";"A01";"0";"32";"8";"0";"1";"1";"1";""
"202400029289";"155 730 193";"A01";"3";"3";"0";"2";"0";"26";"1";""
"202400029290";"155 730 192";"A01";"2";"33";"1";"1";"8";"17";"1";""
"202400029291";"155 730 190";"A01";"3";"7";"2";"2";"2";"13";"1";""
"202400029291";"155 730 191";"B01";"3";"7";"0";"2";"2";"1";"1";""
"202400029292";"155 730 188";"A01";"1";"34";"0";"2";"2";"17";"1";""
"202400029292";"155 730 189";"B01";"1";"7";"0";"2";"3";"13";"1";""
"202400029293";"155 730 186";"A01";"3";"7";"0";"2";"1";"2";"1";""
"202400029293";"155 730 187";"B01";"3";"7";"0";"2";"4";"2";"1";""
"202400029294";"155 730 185";"A01";"3";"7";"0";"1";"3";"16";"1";""
"202400029295";"155 730 184";"A01";"3";"33";"0";"0";"0";"1";"1";""
"202400029296";"155 730 182";"A01";"0";"7";"0";"2";"5";"9";"2";""
"202400029296";"155 730 183";"B01";"0";"7";"0";"2";"1";"1";"1";""
"202400029297";"155 730 180";"A01";"1";"7";"0";"2";"1";"13";"0";""
"202400029297";"155 730 181";"B01";"2";"7";"0";"2";"1";"1";"0";""
"202400029298";"155 730 178";"A01";"2";"7";"0";"2";"3";"15";"1";""
"202400029298";"155 730 179";"B01";"1";"1";"0";"2";"8";"1";"5";""
"202400029299";"155 730 177";"A01";"1";"37";"0";"0";"1";"14";"3";"3"
"202400029300";"155 730 176";"A01";"3";"1";"0";"0";"0";"1";"5";""
"202400029301";"155 730 175";"A01";"1";"7";"0";"1";"1";"1";"1";""
"202400029302";"155 730 174";"A01";"1";"7";"0";"1";"3";"1";"1";""
"202400029303";"155 730 173";"A01";"3";"2";"0";"0";"0";"1";"1";""
"202400029304";"155 730 172";"A01";"1";"7";"6";"1";"2";"21";"1";""
"202400029305";"155 730 170";"A01";"1";"33";"0";"2";"2";"1";"1";""
"202400029305";"155 730 171";"B01";"1";"10";"0";"2";"3";"1";"1";""
"202400029306";"155 730 168";"A01";"3";"7";"0";"2";"1";"13";"1";""
"202400029306";"155 730 169";"B01";"3";"7";"0";"2";"1";"1";"1";""
"202400029307";"155 730 165";"A01";"1";"31";"0";"2";"8";"21";"1";""
"202400029307";"155 730 167";"B01";"1";"7";"0";"2";"8";"16";"1";""
"202400029308";"155 730 164";"B01";"3";"33";"0";"2";"1";"13";"1";""
"202400029308";"155 730 166";"A01";"3";"7";"0";"2";"1";"1";"3";""
"202400029309";"155 730 161";"A01";"3";"31";"0";"2";"1";"8";"1";""
"202400029309";"155 730 163";"B01";"3";"7";"0";"2";"2";"15";"1";""
"202400029310";"155 730 160";"A01";"1";"7";"0";"2";"1";"6";"1";""
"202400029310";"155 730 162";"B01";"2";"7";"0";"2";"1";"9";"1";""
"202400029311";"155 730 157";"A01";"2";"33";"0";"2";"1";"2";"1";""
"202400029311";"155 730 159";"B01";"1";"7";"0";"2";"4";"2";"0";""
"202400029312";"155 730 156";"B01";"2";"7";"16";"2";"3";"1";"1";""
"202400029312";"155 730 158";"A01";"1";"7";"0";"2";"3";"1";"1";""
"202400029313";"155 730 154";"B01";"1";"33";"0";"2";"1";"1";"1";""
"202400029313";"155 730 155";"A01";"1";"7";"0";"2";"3";"10";"1";""
"202400029314";"155 730 153";"A01";"3";"10";"0";"1";"3";"16";"1";""
"202400029315";"155 730 151";"A01";"1";"7";"16";"0";"0";"0";"1";""
"202400029316";"155 730 150";"B01";"2";"7";"0";"2";"1";"11";"1";""
"202400029316";"155 730 152";"A01";"1";"14";"0";"2";"3";"1";"1";""
"202400029317";"155 730 147";"A01";"3";"7";"0";"9";"2";"0";"1";""
"202400029317";"155 730 149";"B01";"0";"99";"0";"2";"1";"5";"3";""
"202400029318";"155 730 146";"A01";"3";"7";"0";"2";"1";"15";"1";""
"202400029318";"155 730 148";"B01";"3";"7";"0";"2";"8";"0";"1";""
"202400029319";"155 730 143";"A01";"2";"7";"0";"2";"1";"13";"1";""
"202400029319";"155 730 145";"B01";"1";"15";"0";"2";"1";"1";"1";""
"202400029320";"155 730 142";"B01";"0";"37";"0";"2";"2";"0";"1";"1"
"202400029320";"155 730 144";"A01";"0";"7";"0";"0";"0";"0";"1";""
"202400029321";"155 730 138";"B01";"2";"13";"0";"2";"3";"1";"1";""
"202400029321";"155 730 141";"A01";"1";"7";"0";"2";"1";"1";"1";""
"202400029322";"155 730 137";"A01";"2";"10";"0";"2";"3";"2";"1";""
"202400029322";"155 730 140";"B01";"2";"7";"0";"2";"4";"2";"1";""
"202400029323";"155 730 136";"B01";"1";"7";"0";"2";"3";"9";"1";""
"202400029323";"155 730 139";"A01";"1";"2";"0";"2";"2";"1";"1";""
"202400029324";"155 730 133";"A01";"2";"7";"0";"2";"8";"13";"1";""
"202400029324";"155 730 135";"B01";"1";"7";"0";"2";"1";"1";"1";""
"202400029325";"155 730 132";"A01";"2";"30";"0";"0";"0";"0";"1";""
"202400029326";"155 730 129";"A01";"2";"7";"0";"2";"1";"17";"1";""
"202400029326";"155 730 130";"B01";"1";"1";"0";"2";"1";"1";"5";""
"202400029327";"155 730 126";"A01";"1";"10";"0";"2";"1";"16";"1";""
"202400029327";"155 730 128";"B01";"1";"50";"0";"2";"8";"19";"3";""
"202400029328";"155 730 125";"A01";"1";"7";"13";"0";"2";"1";"1";""
"202400029329";"155 730 124";"A01";"3";"7";"0";"2";"4";"23";"2";""
"202400029329";"155 730 127";"B01";"3";"7";"0";"2";"1";"1";"1";""
"202400029330";"155 730 121";"A01";"1";"7";"0";"2";"2";"13";"1";""
"202400029330";"155 730 122";"B01";"2";"7";"0";"2";"1";"1";"2";""
"202400029331";"155 730 120";"A01";"1";"31";"0";"2";"1";"2";"1";""
"202400029331";"155 730 123";"B01";"1";"7";"0";"2";"4";"2";"2";""
"202400029332";"155 730 119";"A01";"2";"7";"0";"1";"2";"2";"1";""
"202400029333";"155 730 118";"A01";"2";"7";"0";"0";"9";"1";"1";""
"202400029334";"155 730 116";"A01";"2";"7";"0";"0";"2";"13";"1";""
"202400029335";"155 730 115";"B01";"1";"50";"0";"2";"1";"1";"3";""
"202400029335";"155 730 117";"A01";"3";"7";"0";"2";"1";"1";"1";""
"202400029336";"155 730 113";"A01";"1";"13";"0";"4";"1";"9";"1";""
"202400029336";"155 730 114";"B01";"1";"40";"0";"2";"3";"1";"0";""
"202400029337";"155 730 112";"A01";"3";"7";"0";"1";"1";"1";"2";""
"202400029338";"155 730 109";"A01";"1";"2";"0";"0";"0";"2";"1";""
"202400029339";"155 730 108";"B01";"2";"31";"0";"2";"3";"15";"1";""
"202400029339";"155 730 111";"A01";"2";"7";"0";"2";"2";"19";"1";""
"202400029340";"155 730 107";"A01";"0";"7";"0";"0";"0";"0";"1";""
"202400029340";"155 730 110";"B01";"0";"7";"0";"0";"0";"0";"1";""
"202400029341";"155 730 105";"A01";"3";"7";"0";"1";"3";"1";"1";""