"Num_Acc";"id_vehicule";"num_veh";"senc";"catv";"obs";"obsm";"choc";"manv";"motor";"occutc"
"202400029538";"155 729 754";"B01";"2";"2";"0";"2";"6";"1";"1";""
"202400029539";"155 729 751";"A01";"1";"2";"0";"0";"0";"0";"1";""
"202400029540";"155 729 750";"A01";"3";"1";"0";"2";"8";"15";"5";""
"202400029540";"155 729 752";"B01";"1";"43";"0";"2";"2";"1";"1";""
"202400029541";"155 729 748";"A01";"1";"7";"3";"0";"1";"1";"1";""
"202400029541";"155 729 749";"B01";"1";"7";"0";"2";"1";"1";"1";""
"202400029542";"155 729 746";"B01";"1";"33";"0";"2";"2";"1";"1";""
"202400029542";"155 729 747";"A01";"1";"2";"0";"2";"3";"11";"1";""
"202400029543";"155 729 741";"A01";"3";"7";"0";"2";"2";"1";"1";""
"202400029543";"155 729 745";"B01";"3";"50";"0";"2";"3";"11";"3";""
"202400029544";"155 729 740";"A01";"1";"7";"15";"0";"3";"17";"1";""
"202400029544";"155 729 743";"B01";"2";"7";"0";"2";"6";"1";"1";""
"202400029544";"155 729 744";"C01";"2";"7";"0";"2";"2";"1";"1";""
"202400029545";"155 729 737";"B01";"1";"31";"0";"2";"1";"17";"1";""
"202400029545";"155 729 738";"A01";"1";"7";"0";"2";"8";"15";"0";""
"202400029546";"155 729 735";"A01";"3";"7";"0";"0";"1";"0";"1";""
"202400029546";"155 729 736";"B01";"3";"7";"0";"0";"1";"0";"1";""
"202400029547";"155 729 733";"A01";"2";"7";"0";"2";"3";"1";"1";""
"202400029547";"155 729 734";"B01";"1";"1";"0";"2";"2";"1";"5";""
"202400029548";"155 729 730";"V01";"1";"80";"0";"2";"1";"1";"3";""
"202400029548";"155 729 732";"A01";"2";"7";"0";"2";"3";"1";"1";""
"202400029549";"155 729 729";"A01";"2";"7";"0";"2";"8";"11";"1";""
"202400029549";"155 729 731";"B01";"2";"32";"0";"2";"7";"1";"1";""
"202400029550";"155 729 727";"A01";"2";"7";"0";"2";"1";"12";"1";""
"202400029550";"155 729 728";"B01";"2";"7";"0";"2";"6";"1";"1";""
"202400029551";"155 729 725";"A01";"3";"7";"4";"0";"1";"1";"1";""
"202400029552";"155 729 724";"A01";"2";"7";"3";"0";"2";"13";"1";""
"202400029553";"155 729 723";"A01";"3";"50";"0";"2";"8";"21";"3";""
"202400029553";"155 729 726";"B01";"3";"7";"0";"2";"1";"1";"1";""
"202400029554";"155 729 719";"A01";"1";"7";"0";"2";"4";"23";"1";""
"202400029554";"155 729 721";"B01";"1";"7";"0";"2";"1";"2";"1";""
"202400029555";"155 729 716";"A01";"2";"10";"0";"2";"1";"2";"1";""
"202400029555";"155 729 718";"B01";"2";"10";"0";"2";"4";"2";"1";""
"202400029555";"155 729 720";"C01";"2";"7";"0";"2";"4";"2";"1";""
"202400029555";"155 729 722";"D01";"2";"7";"0";"2";"4";"2";"2";""
"202400029556";"155 729 715";"B01";"2";"7";"1";"1";"8";"23";"1";""
"202400029556";"155 729 717";"A01";"1";"10";"0";"2";"1";"15";"1";""
"202400029557";"155 729 710";"A01";"1";"7";"0";"2";"9";"1";"1";""
"202400029557";"155 729 713";"B01";"1";"7";"0";"2";"4";"2";"1";""
"202400029557";"155 729 714";"C01";"1";"7";"0";"2";"1";"2";"1";""
"202400029558";"155 729 707";"A01";"2";"7";"0";"2";"1";"2";"1";""
"202400029558";"155 729 709";"B01";"2";"7";"0";"2";"4";"2";"1";""
"202400029558";"155 729 712";"C01";"2";"7";"0";"2";"4";"2";"1";""
"202400029559";"155 729 708";"A01";"2";"33";"0";"2";"6";"20";"1";""
"202400029559";"155 729 711";"B01";"2";"1";"0";"2";"1";"1";"5";""
"202400029560";"155 729 703";"A01";"2";"7";"3";"0";"7";"14";"1";""
"202400029561";"155 729 701";"A01";"2";"10";"0";"2";"3";"26";"1";""
"202400029561";"155 729 704";"B01";"2";"7";"0";"2";"7";"23";"3";""
"202400029561";"155 729 705";"C01";"2";"7";"0";"2";"7";"23";"1";""
"202400029561";"155 729 706";"D01";"2";"7";"0";"2";"5";"23";"3";""
"202400029562";"155 729 700";"A01";"1";"7";"0";"2";"5";"1";"1";""
"202400029562";"155 729 702";"B01";"1";"33";"0";"2";"1";"2";"1";""
"202400029563";"155 729 697";"B01";"1";"7";"0";"2";"4";"2";"1";""
"202400029563";"155 729 699";"A01";"1";"7";"0";"2";"1";"26";"1";""
"202400029564";"155 729 694";"A01";"3";"7";"9";"0";"1";"16";"1";""
"202400029565";"155 729 693";"E01";"2";"7";"14";"0";"1";"1";"1";""
"202400029565";"155 729 695";"A01";"2";"7";"14";"0";"1";"1";"1";""
"202400029565";"155 729 696";"C01";"2";"10";"14";"0";"1";"1";"1";""
"202400029565";"155 729 698";"D01";"2";"38";"14";"0";"1";"1";"1";"1"
"202400029566";"155 729 692";"A01";"2";"7";"0";"1";"8";"1";"1";""
"202400029567";"155 729 690";"A01";"1";"10";"0";"1";"1";"16";"1";""
"202400029568";"155 729 691";"A01";"0";"7";"0";"1";"1";"2";"1";""
"202400029569";"155 729 687";"B01";"2";"7";"0";"2";"4";"2";"1";""
"202400029569";"155 729 689";"A01";"2";"7";"7";"2";"9";"2";"1";""
"202400029570";"155 729 686";"B01";"1";"2";"0";"2";"1";"17";"1";""
"202400029570";"155 729 688";"A01";"1";"10";"0";"2";"0";"0";"1";""
"202400029571";"155 729 685";"A01";"1";"7";"0";"1";"1";"1";"1";""
"202400029572";"155 729 684";"A01";"1";"7";"4";"0";"1";"1";"1";""
"202400029573";"155 729 683";"A01";"3";"30";"0";"9";"1";"26";"3";""
"202400029574";"155 729 681";"A01";"1";"7";"12";"0";"3";"13";"1";""
"202400029575";"155 729 679";"A01";"2";"7";"0";"2";"1";"26";"1";""
"202400029575";"155 729 682";"B01";"2";"10";"0";"2";"4";"2";"1";""
"202400029576";"155 729 677";"A01";"1";"30";"0";"2";"5";"15";"1";""
"202400029576";"155 729 680";"B01";"2";"7";"0";"2";"2";"1";"1";""
"202400029577";"155 729 676";"A01";"1";"7";"0";"2";"3";"13";"1";""
"202400029577";"155 729 678";"B01";"2";"7";"0";"2";"6";"1";"1";""
"202400029578";"155 729 672";"A01";"3";"7";"0";"2";"1";"15";"1";""
"202400029578";"155 729 675";"B01";"3";"50";"0";"2";"1";"1";"3";""
"202400029579";"155 729 671";"A01";"1";"1";"0";"2";"7";"9";"5";""
"202400029579";"155 729 674";"B01";"0";"7";"0";"9";"2";"9";"3";""
"202400029580";"155 729 670";"A01";"3";"7";"0";"2";"3";"1";"1";""
"202400029580";"155 729 673";"B01";"3";"32";"0";"2";"1";"1";"1";""
"202400029581";"155 729 666";"B01";"1";"1";"0";"2";"0";"1";"5";""
"202400029581";"155 729 669";"A01";"1";"7";"0";"2";"7";"20";"1";""
"202400029582";"155 729 665";"A01";"1";"30";"0";"9";"4";"26";"1";""
"202400029582";"155 729 668";"B01";"1";"7";"0";"2";"1";"2";"1";""
"202400029583";"155 729 664";"A01";"2";"7";"0";"2";"5";"12";"1";""
"202400029583";"155 729 667";"B01";"2";"33";"0";"2";"3";"1";"1";""
"202400029584";"155 729 662";"B01";"2";"80";"0";"2";"1";"1";"3";""
"202400029584";"155 729 663";"A01";"1";"33";"0";"2";"1";"26";"1";""
"202400029585";"155 729 659";"A01";"3";"7";"0";"2";"1";"0";"1";""
"202400029585";"155 729 660";"B01";"3";"30";"0";"2";"7";"26";"1";""
"202400029586";"155 729 658";"A01";"1";"33";"0";"2";"8";"1";"1";""
"202400029586";"155 729 661";"Z01";"1";"7";"0";"2";"7";"2";"0";""
"202400029587";"155 729 656";"B01";"1";"2";"14";"2";"3";"1";"1";""
"202400029587";"155 729 657";"A01";"1";"7";"14";"2";"3";"21";"1";""
"202400029588";"155 729 655";"A01";"2";"30";"0";"1";"0";"26";"1";""
"202400029589";"155 729 654";"A01";"1";"10";"0";"1";"2";"16";"3";""
"202400029590";"155 729 652";"A01";"1";"7";"0";"2";"7";"15";"1";""
"202400029590";"155 729 653";"B01";"1";"50";"0";"2";"0";"2";"3";""
"202400029591";"155 729 650";"B01";"1";"7";"0";"2";"1";"1";"1";""
"202400029591";"155 729 651";"A01";"2";"33";"0";"2";"1";"17";"1";""
"202400029592";"155 729 648";"A01";"1";"36";"16";"0";"7";"14";"1";""
"202400029593";"155 729 647";"B01";"1";"33";"0";"2";"7";"0";"1";""
"202400029593";"155 729 649";"A01";"1";"10";"0";"2";"8";"15";"1";""
"202400029594";"155 729 643";"B01";"2";"32";"0";"2";"7";"15";"1";""
"202400029594";"155 729 645";"A01";"2";"7";"0";"2";"3";"15";"1";""
"202400029595";"155 729 644";"B01";"0";"7";"0";"2";"1";"0";"0";""
"202400029595";"155 729 646";"A01";"3";"7";"0";"2";"3";"26";"0";""
"202400029596";"155 729 642";"A01";"3";"33";"0";"1";"1";"1";"1";""
"202400029597";"155 729 640";"A01";"0";"7";"2";"0";"1";"2";"1";""
"202400029598";"155 729 639";"A01";"3";"34";"0";"2";"1";"2";"1";""
"202400029598";"155 729 641";"B01";"3";"7";"0";"2";"4";"2";"1";""
"202400029599";"155 729 636";"A01";"1";"7";"0";"2";"2";"1";"1";""
"202400029599";"155 729 638";"B01";"1";"7";"0";"2";"3";"20";"2";""
"202400029600";"155 729 634";"B01";"2";"3";"0";"2";"2";"20";"1";""
"202400029600";"155 729 635";"A01";"2";"31";"0";"2";"1";"1";"1";""
"202400029601";"155 729 633";"B01";"3";"7";"0";"2";"7";"9";"1";""
"202400029601";"155 729 637";"A01";"1";"7";"0";"2";"1";"1";"1";""
"202400029602";"155 729 630";"B01";"2";"7";"0";"2";"3";"1";"1";""
"202400029602";"155 729 632";"A01";"1";"7";"0";"2";"1";"15";"1";""
"202400029603";"155 729 628";"A01";"3";"80";"0";"1";"1";"1";"3";""
"202400029604";"155 729 625";"A01";"2";"7";"0";"2";"1";"1";"1";""
"202400029604";"155 729 627";"B01";"2";"3";"0";"2";"4";"23";"1";""
"202400029605";"155 729 624";"A01";"2";"7";"0";"2";"2";"13";"1";""
"202400029605";"155 729 626";"B01";"1";"33";"0";"2";"1";"1";"1";""
"202400029606";"155 729 621";"A01";"3";"7";"0";"2";"3";"16";"1";""
"202400029606";"155 729 623";"B01";"3";"1";"0";"2";"1";"19";"5";""
"202400029607";"155 729 619";"A01";"2";"33";"0";"2";"1";"1";"1";""
"202400029607";"155 729 622";"B01";"1";"7";"0";"2";"2";"15";"1";""
"202400029608";"155 729 618";"B01";"3";"7";"0";"2";"6";"16";"1";""
"202400029608";"155 729 620";"A01";"2";"2";"0";"2";"1";"1";"1";""
"202400029609";"155 729 615";"A01";"2";"10";"0";"2";"2";"17";"1";""
"202400029609";"155 729 616";"B01";"2";"1";"0";"0";"8";"15";"5";""
"202400029610";"155 729 614";"B01";"2";"7";"0";"2";"1";"1";"1";""
"202400029610";"155 729 617";"A01";"2";"7";"15";"2";"8";"1";"1";""
"202400029611";"155 729 611";"A01";"2";"30";"0";"2";"1";"13";"1";""
"202400029611";"155 729 613";"B01";"1";"7";"0";"2";"3";"1";"1";""
"202400029612";"155 729 610";"A01";"1";"50";"0";"0";"1";"0";"3";""
"202400029613";"155 729 609";"A01";"1";"7";"0";"2";"8";"10";"1";""
"202400029613";"155 729 612";"B01";"1";"33";"0";"2";"1";"1";"1";""
"202400029614";"155 729 607";"A01";"1";"10";"0";"1";"3";"1";"1";""
"202400029615";"155 729 605";"A01";"2";"7";"0";"2";"2";"14";"1";""
"202400029615";"155 729 608";"B01";"2";"14";"0";"2";"6";"1";"1";""
"202400029616";"155 729 604";"A01";"1";"33";"0";"2";"1";"17";"1";""
"202400029616";"155 729 606";"B01";"1";"7";"0";"2";"3";"2";"2";""
"202400029617";"155 729 603";"A01";"1";"7";"0";"1";"2";"1";"1";""
"202400029618";"155 729 602";"A01";"2";"33";"0";"0";"9";"1";"1";""
"202400029619";"155 729 600";"B01";"1";"1";"0";"2";"6";"1";"5";""
"202400029619";"155 729 601";"A01";"1";"7";"0";"2";"2";"9";"1";""
"202400029620";"155 729 598";"A01";"1";"7";"9";"0";"3";"14";"1";""
"202400029621";"155 729 597";"A01";"1";"7";"6";"0";"4";"1";"1";""
"202400029622";"155 729 595";"A01";"1";"2";"0";"2";"1";"17";"1";""
"202400029622";"155 729 596";"B01";"1";"7";"0";"2";"6";"19";"1";""
"202400029623";"155 729 599";"A01";"3";"7";"1";"1";"0";"26";"1";""
"202400029624";"155 729 594";"A01";"1";"7";"8";"0";"1";"2";"1";""
"202400029625";"155 729 591";"A01";"3";"7";"0";"1";"2";"21";"1";""
"202400029626";"155 729 590";"B01";"2";"14";"0";"0";"0";"15";"1";""
"202400029626";"155 729 592";"A01";"2";"33";"13";"0";"3";"26";"1";""
"202400029627";"155 729 589";"A01";"1";"7";"0";"2";"3";"1";"1";""
"202400029627";"155 729 593";"B01";"3";"50";"0";"2";"7";"19";"3";""
"202400029628";"155 729 587";"B01";"2";"7";"0";"2";"4";"2";"1";""
"202400029628";"155 729 588";"A01";"2";"7";"0";"2";"1";"2";"1";""
"202400029629";"155 729 585";"A01";"1";"7";"16";"0";"9";"16";"1";""
"202400029630";"155 729 584";"A01";"1";"7";"0";"2";"1";"11";"1";""
"202400029630";"155 729 586";"B01";"2";"7";"0";"2";"1";"1";"1";""
"202400029631";"155 729 579";"A01";"0";"10";"0";"2";"4";"2";"1";""
"202400029631";"155 729 581";"B01";"2";"31";"0";"2";"1";"2";"1";""
"202400029632";"155 729 577";"A01";"1";"7";"0";"1";"8";"1";"1";""
"202400029633";"155 729 578";"B01";"1";"7";"0";"2";"3";"15";"1";""
"202400029633";"155 729 580";"A01";"2";"33";"0";"2";"1";"17";"1";""
"202400029634";"155 729 576";"A01";"0";"7";"0";"1";"4";"4";"1";""
"202400029635";"155 729 575";"A01";"3";"7";"1";"0";"1";"1";"1";""
"202400029636";"155 729 574";"A01";"1";"7";"6";"0";"3";"13";"1";""
"202400029637";"155 729 570";"A01";"1";"33";"1";"2";"1";"1";"1";""
"202400029637";"155 729 572";"B01";"1";"7";"0";"2";"5";"0";"2";""
"202400029638";"155 729 569";"B01";"1";"7";"0";"2";"4";"2";"1";""
"202400029638";"155 729 571";"A01";"1";"7";"0";"2";"1";"2";"1";""
"202400029639";"155 729 568";"A01";"1";"3";"0";"2";"0";"13";"1";""
"202400029639";"155 729 573";"B01";"2";"15";"0";"2";"3";"1";"1";""
"202400029640";"155 729 567";"A01";"2";"7";"1";"0";"2";"14";"1";""
"202400029641";"155 729 564";"A01";"3";"7";"0";"2";"1";"15";"2";""
"202400029641";"155 729 566";"B01";"3";"32";"0";"2";"1";"1";"3";""
"202400029642";"155 729 561";"B01";"1";"7";"0";"2";"7";"1";"1";""
"202400029642";"155 729 563";"A01";"1";"7";"0";"2";"3";"11";"1";""
"202400029643";"155 729 559";"A01";"1";"7";"1";"2";"3";"2";"1";""
"202400029643";"155 729 562";"B01";"2";"33";"0";"2";"1";"13";"1";""
"202400029643";"155 729 565";"C01";"2";"33";"0";"2";"0";"13";"1";""
"202400029644";"155 729 558";"A01";"1";"30";"0";"2";"8";"14";"3";""
"202400029644";"155 729 560";"B01";"1";"30";"0";"2";"8";"18";"3";""
"202400029645";"155 729 557";"A01";"1";"7";"0";"1";"1";"1";"2";""
"202400029646";"155 729 554";"A01";"2";"7";"0";"2";"1";"2";"1";""
"202400029646";"155 729 556";"B01";"2";"7";"0";"2";"4";"2";"1";""
"202400029647";"155 729 555";"A01";"2";"14";"0";"0";"0";"1";"1";""
"202400029648";"155 729 552";"A01";"3";"2";"0";"0";"7";"26";"1";""
"202400029649";"155 729 551";"A01";"3";"10";"0";"2";"3";"19";"1";""
"202400029649";"155 729 553";"B01";"3";"33";"0";"2";"1";"17";"1";""
"202400029650";"155 729 546";"A01";"1";"7";"0";"2";"2";"1";"1";""
"202400029650";"155 729 549";"B01";"1";"7";"0";"0";"4";"16";"1";""
"202400029651";"155 729 548";"A01";"2";"33";"0";"2";"3";"13";"1";""
"202400029651";"155 729 550";"B01";"2";"7";"0";"2";"2";"1";"1";""
"202400029652";"155 729 544";"A01";"2";"33";"0";"2";"2";"1";"1";""
"202400029652";"155 729 547";"B01";"1";"33";"0";"2";"3";"1";"1";""
"202400029653";"155 729 543";"A01";"1";"17";"10";"0";"1";"13";"1";""
"202400029654";"155 729 541";"A01";"3";"7";"12";"1";"0";"0";"0";""
"202400029655";"155 729 542";"Z01";"2";"7";"0";"9";"4";"9";"1";""
"202400029655";"155 729 545";"A01";"3";"50";"0";"0";"0";"1";"3";""
"202400029656";"155 729 539";"A01";"3";"7";"8";"0";"1";"0";"1";""
"202400029657";"155 729 537";"A01";"1";"7";"0";"2";"3";"1";"1";""
"202400029657";"155 729 540";"B01";"2";"2";"0";"2";"3";"0";"1";""
"202400029658";"155 729 535";"A01";"2";"10";"0";"2";"2";"12";"1";""
"202400029658";"155 729 538";"B01";"2";"43";"0";"2";"8";"1";"1";""
"202400029659";"155 729 533";"A01";"2";"7";"13";"0";"1";"1";"1";""
"202400029660";"155 729 532";"A01";"2";"50";"0";"2";"2";"1";"3";""
"202400029660";"155 729 534";"B01";"1";"7";"0";"2";"1";"1";"1";""
"202400029661";"155 729 531";"A01";"1";"30";"0";"2";"0";"5";"3";""
"202400029662";"155 729 530";"A01";"1";"33";"2";"0";"9";"14";"1";""
"202400029663";"155 729 528";"B01";"1";"50";"0";"0";"7";"0";"3";""
"202400029663";"155 729 529";"A01";"2";"7";"0";"2";"1";"0";"1";""
"202400029664";"155 729 526";"A01";"1";"33";"0";"6";"1";"1";"1";""
"202400029665";"155 729 527";"A01";"2";"2";"0";"0";"8";"1";"3";""
"202400029666";"155 729 521";"A01";"2";"7";"0";"0";"7";"15";"1";""
"202400029666";"155 729 524";"B01";"1";"33";"0";"0";"1";"1";"1";""
"202400029667";"155 729 520";"A01";"3";"7";"0";"2";"1";"26";"1";""
"202400029667";"155 729 525";"B01";"3";"7";"15";"2";"1";"1";"1";""
"202400029668";"155 729 519";"B01";"2";"7";"0";"2";"1";"1";"2";""
"202400029668";"155 729 522";"A01";"1";"2";"0";"2";"1";"17";"3";""
"202400029669";"155 729 523";"A01";"3";"7";"0";"2";"2";"12";"1";""
"202400029669";"155 729 536";"B01";"3";"33";"0";"2";"3";"1";"1";""
"202400029670";"155 729 518";"A01";"3";"33";"0";"0";"0";"26";"1";""
"202400029671";"155 729 515";"A01";"1";"7";"0";"2";"3";"15";"1";""
"202400029671";"155 729 517";"B01";"2";"33";"0";"2";"1";"1";"1";""
"202400029672";"155 729 513";"B01";"2";"32";"0";"2";"1";"1";"1";""
"202400029672";"155 729 516";"A01";"1";"7";"0";"2";"8";"10";"2";""
"202400029673";"155 729 511";"A01";"1";"3";"0";"2";"3";"1";"2";""
"202400029673";"155 729 512";"B01";"2";"1";"0";"2";"1";"21";"5";""
"202400029674";"155 729 508";"A01";"2";"7";"0";"1";"1";"20";"2";""
"202400029675";"155 729 507";"A01";"1";"7";"0";"0";"8";"15";"1";""
"202400029675";"155 729 509";"B01";"1";"33";"0";"2";"1";"1";"1";""
"202400029676";"155 729 506";"A01";"1";"7";"0";"1";"2";"1";"1";""
"202400029677";"155 729 503";"A01";"3";"30";"0";"0";"7";"1";"1";""
"202400029678";"155 729 510";"A01";"3";"7";"0";"2";"2";"1";"1";""
"202400029678";"155 729 514";"B01";"3";"1";"0";"2";"4";"1";"5";""
"202400029679";"155 729 501";"B01";"1";"7";"0";"2";"3";"1";"1";""
"202400029679";"155 729 505";"A01";"1";"2";"0";"2";"1";"11";"1";""
"202400029680";"155 729 502";"B01";"1";"7";"0";"2";"7";"16";"2";""
"202400029680";"155 729 504";"A01";"1";"30";"0";"2";"8";"17";"3";""
"202400029681";"155 729 500";"A01";"1";"7";"1";"0";"1";"1";"3";""
"202400029682";"155 729 497";"A01";"1";"33";"1";"2";"4";"23";"1";""
"202400029682";"155 729 499";"B01";"1";"7";"0";"2";"8";"15";"1";""
"202400029683";"155 729 496";"A01";"1";"7";"0";"2";"3";"15";"1";""
"202400029683";"155 729 498";"B01";"1";"1";"0";"2";"7";"1";"5";""
"202400029684";"155 729 494";"A01";"3";"7";"12";"0";"1";"14";"2";""
"202400029685";"155 729 490";"B01";"3";"1";"0";"2";"4";"2";"5";""
"202400029685";"155 729 492";"A01";"3";"7";"0";"2";"2";"2";"1";""
"202400029686";"155 729 489";"B01";"3";"50";"0";"2";"3";"19";"3";""
"202400029686";"155 729 491";"A01";"2";"7";"0";"2";"2";"1";"2";""
"202400029687";"155 729 488";"B01";"3";"7";"0";"2";"4";"1";"1";""
"202400029687";"155 729 493";"A01";"3";"7";"0";"2";"1";"1";"1";""
"202400029688";"155 729 487";"A01";"2";"7";"0";"2";"3";"16";"1";""
"202400029688";"155 729 495";"B01";"2";"33";"0";"2";"5";"1";"1";""
"202400029689";"155 729 485";"A01";"1";"7";"0";"1";"2";"26";"1";""
"202400029690";"155 729 484";"A01";"2";"7";"12";"0";"2";"1";"1";""
"202400029691";"155 729 483";"B01";"1";"7";"0";"2";"1";"1";"1";""
"202400029691";"155 729 486";"A01";"2";"7";"0";"2";"1";"1";"1";""
"202400029692";"155 729 480";"A01";"2";"7";"16";"1";"3";"9";"2";""
"202400029693";"155 729 479";"B01";"2";"7";"0";"9";"4";"2";"1";""
"202400029693";"155 729 482";"A01";"2";"10";"0";"2";"1";"1";"1";""
"202400029694";"155 729 478";"A01";"1";"10";"0";"2";"1";"1";"1";""
"202400029694";"155 729 481";"B01";"1";"10";"0";"2";"3";"19";"1";""
"202400029695";"155 729 476";"B01";"0";"32";"0";"2";"3";"1";"0";""
"202400029695";"155 729 477";"A01";"0";"7";"0";"2";"0";"15";"0";""
"202400029696";"155 729 472";"A01";"1";"33";"0";"2";"1";"17";"1";""
"202400029696";"155 729 474";"B01";"1";"7";"0";"2";"3";"15";"1";""
"202400029697";"155 729 469";"A01";"3";"30";"0";"2";"7";"2";"1";""
"202400029697";"155 729 473";"B01";"3";"10";"0";"2";"8";"2";"1";""
"202400029698";"155 729 470";"B01";"1";"80";"0";"2";"4";"1";"3";""
"202400029698";"155 729 475";"Z01";"3";"7";"0";"2";"1";"1";"1";""
"202400029699";"155 729 468";"B01";"1";"50";"0";"2";"1";"21";"3";""
"202400029699";"155 729 471";"A01";"1";"7";"0";"2";"5";"23";"2";""
"202400029700";"155 729 466";"B01";"3";"7";"0";"2";"3";"1";"1";""
"202400029700";"155 729 467";"A01";"3";"7";"0";"2";"3";"13";"1";""
"202400029701";"155 729 465";"A01";"3";"33";"8";"0";"1";"2";"1";""
"202400029702";"155 729 461";"A01";"2";"7";"0";"2";"1";"0";"1";""
"202400029702";"155 729 463";"B01";"1";"15";"7";"2";"3";"1";"1";""
"202400029703";"155 729 457";"A01";"1";"33";"4";"0";"3";"1";"1";""
"202400029704";"155 729 458";"A01";"2";"7";"11";"2";"1";"6";"1";""
"202400029704";"155 729 459";"B01";"1";"7";"0";"2";"1";"1";"3";""
"202400029705";"155 729 456";"C01";"2";"7";"0";"2";"1";"1";"1";""
"202400029705";"155 729 460";"A01";"1";"7";"0";"2";"2";"1";"1";""
"202400029705";"155 729 464";"B01";"1";"7";"0";"2";"1";"15";"1";""
"202400029706";"155 729 455";"A01";"2";"7";"0";"2";"1";"1";"1";""
"202400029706";"155 729 462";"B01";"1";"7";"0";"2";"8";"1";"1";""
"202400029707";"155 729 451";"B01";"2";"33";"0";"2";"1";"3";"1";""
"202400029707";"155 729 454";"A01";"1";"7";"0";"2";"3";"9";"1";""
"202400029708";"155 729 450";"A01";"2";"7";"1";"1";"3";"13";"1";""
"202400029708";"155 729 453";"B01";"3";"7";"12";"2";"7";"24";"1";""
"202400029709";"155 729 446";"B01";"0";"1";" -1";" -1";" -1";"0";"5";""
"202400029709";"155 729 447";"A01";"0";"7";"0";"2";"0";"0";" -1";""
"202400029710";"155 729 445";"A01";"2";"7";"4";"0";"4";"1";"1";""
"202400029710";"155 729 448";"B01";"2";"10";"0";"2";"1";"2";"1";""
"202400029711";"155 729 449";"B01";"2";"7";"0";"9";"4";"1";"1";""
"202400029711";"155 729 452";"A01";"2";"33";"0";"2";"1";"1";"1";""
"202400029712";"155 729 443";"A01";"2";"7";"0";"2";"1";"1";"1";""
"202400029712";"155 729 444";"B01";"2";"7";"0";"0";"4";"11";"1";""
"202400029713";"155 729 439";"A01";"3";"7";"0";"2";"1";"15";"6";""
"202400029713";"155 729 440";"B01";"2";"7";"0";"2";"3";"1";"1";""
"202400029714";"155 729 436";"B01";"2";"7";"0";"2";"8";"1";"2";""
"202400029714";"155 729 441";"A01";"1";"7";"0";"2";"1";"1";"2";""
"202400029715";"155 729 435";"A01";"3";"10";"0";"2";"3";"10";"0";""
"202400029715";"155 729 438";"B01";"1";"32";"0";"2";"1";"1";"1";""
"202400029716";"155 729 434";"A01";"2";"7";"0";"2";"2";"23";"1";""
"202400029716";"155 729 437";"B01";"3";"1";"0";"2";"1";"15";"5";""
"202400029716";"155 729 442";"C01";"1";"7";"0";"2";"3";"1";"1";""
"202400029717";"155 729 430";"A01";"3";"10";"9";"0";"9";"2";"1";""
"202400029718";"155 729 432";"A01";"1";"7";"0";"2";"3";"13";"1";""
"202400029718";"155 729 433";"B01";"2";"80";"0";"2";"1";"0";"3";""
"202400029719";"155 729 429";"A01";"1";"50";"0";"1";"1";"0";"3";""
"202400029720";"155 729 428";"B01";"2";"1";"0";"2";"1";"1";"5";""
"202400029720";"155 729 431";"A01";"2";"7";"0";"2";"0";"16";"1";""
"202400029721";"155 729 426";"B01";"1";"33";"0";"2";"8";"0";"1";""
"202400029721";"155 729 427";"A01";"2";"7";"0";"2";"2";"0";"1";""
"202400029722";"155 729 425";"A01";"3";"21";"0";"1";"2";"21";"1";""
"202400029723";"155 729 422";"A01";"0";"7";"0";"0";"0";"0";"0";""
"202400029724";"155 729 421";"A01";"2";"7";"0";"2";"1";"2";"1";""
"202400029724";"155 729 424";"B01";"2";"7";"0";"2";"4";"2";"1";""
"202400029725";"155 729 420";"A01";"2";"30";"0";"2";"4";"23";"1";""
"202400029725";"155 729 423";"B01";"2";"7";"0";"2";"3";"0";"1";""
"202400029726";"155 729 418";"A01";"1";"33";"2";"2";"8";"17";"1";""
"202400029726";"155 729 419";"B01";"2";"7";"0";"0";"8";"1";"1";""
"202400029727";"155 729 417";"A01";"1";"7";"4";"0";"1";"1";"1";""
"202400029728";"155 729 408";"A01";"2";"33";"0";"2";"8";"2";"1";""
"202400029728";"155 729 411";"B01";"2";"7";"0";"2";"7";"2";"1";""
"202400029729";"155 729 413";"A01";"1";"7";"4";"0";"3";"13";"1";""
"202400029730";"155 729 406";"A01";"1";"33";"0";"0";"2";"1";"1";""
"202400029731";"155 729 404";"A01";"1";"7";"0";"2";"1";"2";"2";""
"202400029731";"155 729 405";"B01";"1";"7";"0";"2";"4";"2";"1";""
"202400029732";"155 729 402";"B01";"1";"60";"8";"2";"7";"19";"5";""
"202400029732";"155 729 403";"A01";"1";"7";"0";"2";"2";"1";"1";""
"202400029733";"155 729 401";"A01";"0";"33";"8";"0";"0";"0";"1";""
"202400029734";"155 729 398";"A01";"2";"33";"0";"2";"1";"3";"1";""
"202400029734";"155 729 399";"B01";"2";"7";"0";"2";"6";"11";"1";""
"202400029735";"155 729 397";"A01";"3";"7";"13";"0";"2";"1";"1";""
"202400029736";"155 729 395";"A01";"2";"33";"0";"2";"2";"17";"1";""
"202400029736";"155 729 396";"B01";"2";"7";"0";"0";"6";"14";"1";""
"202400029737";"155 729 391";"A01";"1";"7";"0";"2";"5";"15";"1";""
"202400029737";"155 729 393";"B01";"2";"33";"0";"2";"1";"1";"1";""