"Num_Acc";"id_vehicule";"num_veh";"senc";"catv";"obs";"obsm";"choc";"manv";"motor";"occutc"
"202400030348";"155 728 318";"B01";"2";"7";"7";"2";"3";"1";"1";""
"202400030349";"155 728 316";"A01";"1";"10";"13";"0";"2";"1";"1";""
"202400030350";"155 728 314";"A01";"2";"7";"0";"2";"1";"17";"1";""
"202400030350";"155 728 315";"B01";"1";"7";"0";"2";"1";"1";"1";""
"202400030351";"155 728 312";"B01";"1";"7";"6";"2";"7";"21";"1";""
"202400030351";"155 728 313";"A01";"1";"7";"6";"2";"1";"17";"1";""
"202400030352";"155 728 311";"A01";"1";"7";"8";"0";"2";"15";"1";""
"202400030353";"155 728 309";"A01";"1";"33";"13";"0";"1";"1";"1";""
"202400030354";"155 728 308";"A01";"2";"7";"0";"2";"3";"15";"1";""
"202400030354";"155 728 310";"B01";"2";"31";"0";"2";"2";"1";"0";""
"202400030355";"155 728 305";"A01";"1";"31";"0";"2";"1";"2";"0";""
"202400030355";"155 728 307";"B01";"1";"7";"0";"0";"6";"2";"1";""
"202400030356";"155 728 304";"A01";"2";"7";"0";"1";"3";"1";"1";""
"202400030357";"155 728 303";"A01";"2";"7";"0";"2";"3";"15";"1";""
"202400030357";"155 728 306";"B01";"1";"7";"0";"2";"3";"1";"1";""
"202400030358";"155 728 300";"A01";"2";"10";"0";"2";"3";"14";"1";""
"202400030358";"155 728 302";"B01";"1";"7";"0";"2";"3";"13";"1";""
"202400030359";"155 728 299";"A01";"1";"7";"6";"0";"2";"1";"1";""
"202400030360";"155 728 298";"A01";"1";"7";"0";"1";"1";"1";"1";""
"202400030361";"155 728 297";"A01";"1";"7";"7";"0";"2";"1";"1";""
"202400030362";"155 728 296";"A01";"1";"33";"7";"0";"1";"1";"1";""
"202400030363";"155 728 291";"A01";"2";"7";"0";"2";"8";"10";"2";""
"202400030363";"155 728 292";"C01";"2";"43";"0";"2";"1";"1";"1";""
"202400030363";"155 728 293";"B01";"2";"33";"0";"2";"1";"1";"1";""
"202400030364";"155 728 290";"A01";"1";"7";"8";"0";"9";"13";"1";""
"202400030365";"155 728 287";"C01";"1";"7";"0";"2";"7";"1";"1";""
"202400030365";"155 728 288";"B01";"2";"33";"0";"2";"8";"1";"1";""
"202400030365";"155 728 289";"A01";"1";"7";"6";"2";"3";"5";"1";""
"202400030366";"155 728 285";"A01";"1";"7";"0";"2";"8";"1";"1";""
"202400030366";"155 728 286";"B01";"1";"10";"0";"2";"1";"1";"1";""
"202400030367";"155 728 284";"A01";"1";"7";"0";"1";"3";"1";"1";""
"202400030368";"155 728 282";"A01";"1";"7";"0";"2";"1";"9";"1";""
"202400030368";"155 728 283";"B01";"1";"2";"0";"2";"7";"1";"1";""
"202400030369";"155 728 280";"A01";"2";"7";"0";"2";"3";"13";"1";""
"202400030369";"155 728 281";"B01";"1";"15";"0";"2";"3";"1";"1";""
"202400030370";"155 728 279";"A01";"1";"7";"2";"0";"1";"1";"1";""
"202400030371";"155 728 277";"B01";"1";"7";"0";"2";"1";"1";"1";""
"202400030371";"155 728 278";"A01";"3";"7";"0";"2";"7";"1";"1";""
"202400030372";"155 728 275";"B01";"2";"7";"0";"0";"2";"1";"1";""
"202400030372";"155 728 276";"A01";"2";"7";"0";"2";"1";"19";"1";""
"202400030373";"155 728 274";"A01";"0";"1";"12";"0";"0";"1";"5";""
"202400030374";"155 728 273";"A01";"1";"7";"8";"0";"2";"1";"1";""
"202400030375";"155 728 271";"B01";"2";"33";"0";"0";"2";"17";"1";""
"202400030375";"155 728 272";"A01";"2";"7";"0";"2";"6";"15";"1";""
"202400030376";"155 728 269";"A01";"1";"7";"0";"2";"2";"1";"1";""
"202400030376";"155 728 270";"B01";"1";"7";"0";"2";"1";"26";"1";""
"202400030377";"155 728 268";"A01";"1";"7";"3";"0";"1";"0";"1";""
"202400030378";"155 728 267";"A01";"1";"7";"0";"1";"3";"1";"1";""
"202400030379";"155 728 264";"A01";"1";"7";"0";"2";"4";"1";"1";""
"202400030379";"155 728 265";"B01";"1";"7";"0";"2";"1";"2";"1";""
"202400030379";"155 728 266";"C01";"1";"7";"0";"2";"2";"2";"1";""
"202400030380";"155 728 262";"A01";"1";"7";"6";"2";"2";"12";"1";""
"202400030380";"155 728 263";"B01";"1";"7";"6";"2";"6";"1";"3";""
"202400030381";"155 728 261";"A01";"1";"7";"4";"0";"1";"26";"1";""
"202400030382";"155 728 260";"A01";"2";"7";"4";"0";"1";"1";"1";""
"202400030383";"155 728 258";"A01";"2";"7";"0";"2";"1";"2";"1";""
"202400030383";"155 728 259";"B01";"2";"7";"0";"2";"4";"1";"1";""
"202400030384";"155 728 255";"A01";"2";"7";"4";"2";"1";"1";"3";""
"202400030384";"155 728 256";"B01";"2";"7";"0";"2";"4";"1";"0";""
"202400030384";"155 728 257";"C01";"2";"7";"0";"2";"1";"1";"1";""
"202400030385";"155 728 254";"A01";"1";"31";"14";"0";"1";"26";"1";""
"202400030386";"155 728 252";"A01";"2";"7";"0";"0";"1";"1";"1";""
"202400030386";"155 728 253";"B01";"2";"10";"0";"0";"4";"1";"1";""
"202400030387";"155 728 249";"C01";"2";"7";"0";"2";"2";"1";"1";""
"202400030387";"155 728 250";"A01";"2";"7";"0";"2";"3";"11";"2";""
"202400030387";"155 728 251";"B01";"2";"10";"0";"2";"5";"1";"1";""
"202400030388";"155 728 248";"A01";"2";"7";"4";"0";"1";"17";"1";""
"202400030389";"155 728 246";"A01";"2";"33";"0";"2";"1";"5";"1";""
"202400030389";"155 728 247";"B01";"1";"33";"0";"2";"1";"1";"1";""
"202400030390";"155 728 245";"A01";"1";"33";"8";"0";"8";"15";"1";""
"202400030391";"155 728 244";"A01";"2";"21";"0";"0";"0";"1";"1";""
"202400030392";"155 728 241";"A01";"1";"33";"0";"2";"8";"1";"1";""
"202400030392";"155 728 242";"B01";"2";"7";"0";"2";"3";"1";"1";""
"202400030392";"155 728 243";"C01";"1";"33";"0";"2";"1";"13";"1";""
"202400030393";"155 728 239";"B01";"1";"33";"0";"0";"3";"1";"1";""
"202400030393";"155 728 240";"A01";"2";"7";"0";"2";"1";"15";"1";""
"202400030394";"155 728 235";"A01";"3";"7";"0";"2";"1";"2";"1";""
"202400030394";"155 728 236";"B01";"3";"7";"0";"2";"4";"1";"1";""
"202400030394";"155 728 237";"C01";"3";"7";"0";"2";"4";"2";"1";""
"202400030394";"155 728 238";"D01";"3";"7";"0";"2";"4";"2";"1";""
"202400030395";"155 728 234";"A01";"3";"10";"0";"1";"4";"4";"1";""
"202400030396";"155 728 232";"A01";"1";"2";"0";"2";"1";"5";"1";""
"202400030396";"155 728 233";"B01";"2";"10";"0";"2";"3";"1";"3";""
"202400030397";"155 728 230";"A01";"3";"7";"0";"9";"1";"16";"1";""
"202400030397";"155 728 231";"B01";"3";"80";"0";"2";"4";"1";"3";""
"202400030398";"155 728 228";"A01";"3";"7";"0";"2";"3";"11";"1";""
"202400030398";"155 728 229";"B01";"3";"33";"0";"2";"2";"17";"1";""
"202400030399";"155 728 226";"A01";"1";"7";"0";"2";"3";"13";"1";""
"202400030399";"155 728 227";"B01";"2";"7";"0";"2";"3";"1";"1";""
"202400030400";"155 728 224";"A01";"2";"10";"15";"0";"8";"19";"1";""
"202400030400";"155 728 225";"B01";"1";"7";"0";"0";"0";"0";"1";""
"202400030401";"155 728 223";"A01";"3";"80";"0";"0";"0";"0";"3";""
"202400030402";"155 728 221";"A01";"2";"7";"0";"2";"7";"16";"1";""
"202400030402";"155 728 222";"B01";"2";"33";"6";"2";"8";"18";"1";""
"202400030403";"155 728 219";"A01";"2";"7";"0";"9";"1";"3";"1";""
"202400030403";"155 728 220";"B01";"3";"1";"0";"2";"7";"3";"5";""
"202400030404";"155 728 218";"A01";"1";"7";"13";"0";"3";"13";"1";""
"202400030405";"155 728 217";"A01";"2";"30";"0";"1";"1";"17";"1";""
"202400030406";"155 728 216";"A01";"1";"7";"0";"1";"2";"1";"1";""
"202400030407";"155 728 214";"A01";"0";"33";"0";"2";"1";"19";"1";""
"202400030407";"155 728 215";"B01";"0";"7";"0";"2";"1";"26";"1";""
"202400030408";"155 728 210";"B01";"1";"7";"0";"2";"3";"1";"1";""
"202400030408";"155 728 211";"C01";"1";"7";"0";"2";"3";"1";"2";""
"202400030408";"155 728 212";"D01";"1";"7";"0";"2";"3";"1";"1";""
"202400030408";"155 728 213";"A01";"2";"33";"0";"2";"8";"1";"1";""
"202400030409";"155 728 208";"A01";"2";"7";"0";"9";"5";"15";"1";""
"202400030409";"155 728 209";"B01";"2";"1";"0";"2";"1";"1";"5";""
"202400030410";"155 728 206";"A01";"1";"7";"0";"2";"2";"14";"2";""
"202400030410";"155 728 207";"B01";"1";"7";"3";"0";"6";"2";"1";""
"202400030411";"155 728 204";"A01";"2";"7";"0";"2";"1";"1";"2";""
"202400030411";"155 728 205";"B01";"1";"7";"0";"2";"1";"5";"1";""
"202400030412";"155 728 203";"A01";"3";"7";"16";"0";"9";"1";"1";""
"202400030413";"155 728 201";"A01";"1";"33";"0";"2";"8";"1";"1";""
"202400030413";"155 728 202";"B01";"2";"14";"0";"2";"6";"1";"1";""
"202400030414";"155 728 199";"A01";"3";"7";"0";"2";"6";"0";"1";""
"202400030414";"155 728 200";"B01";"0";"50";"0";"2";"1";"0";"3";""
"202400030415";"155 728 198";"A01";"1";"7";"2";"0";"8";"1";"3";""
"202400030416";"155 728 196";"A01";"1";"7";"0";"0";"3";"14";"1";""
"202400030416";"155 728 197";"B01";"2";"2";"0";"2";"1";"13";"1";""
"202400030417";"155 728 195";"A01";"3";"21";"0";"0";"9";"0";"1";""
"202400030418";"155 728 193";"A01";"1";"7";"0";"2";"1";"16";"1";""
"202400030418";"155 728 194";"B01";"1";"50";"0";"2";"4";"16";"3";""
"202400030419";"155 728 191";"B01";"2";"10";"0";"2";"4";"0";"1";""
"202400030419";"155 728 192";"A01";"2";"10";"0";"2";"1";"0";"1";""
"202400030420";"155 728 190";"A01";"2";"7";"0";"1";"3";"1";"1";""
"202400030421";"155 728 188";"A01";"2";"7";"0";"9";"2";"0";"1";""
"202400030421";"155 728 189";"B01";"1";"50";"0";"2";"7";"0";"3";""
"202400030422";"155 728 186";"A01";"1";"7";"0";"2";"7";"15";"1";""
"202400030422";"155 728 187";"B01";"2";"2";"0";"2";"1";"1";"1";""
"202400030423";"155 728 184";"A01";"1";"7";"0";"2";"1";"15";"0";""
"202400030423";"155 728 185";"B01";"1";"50";"0";"2";"0";"0";"3";""
"202400030424";"155 728 183";"A01";"1";"7";"0";"1";"4";"4";"1";""
"202400030425";"155 728 182";"A01";"1";"7";"0";"0";"0";"1";"1";""
"202400030426";"155 728 180";"A01";"2";"10";"0";"2";"1";"15";"1";""
"202400030426";"155 728 181";"B01";"1";"2";"0";"2";"1";"1";"1";""
"202400030427";"155 728 179";"A01";"3";"7";"0";"1";"1";"16";"1";""
"202400030428";"155 728 177";"B01";"3";"2";"0";"2";"8";"1";"1";""
"202400030428";"155 728 178";"A01";"3";"7";"0";"2";"2";"12";"0";""
"202400030429";"155 728 175";"A01";"1";"7";"0";"2";"1";"2";"1";""
"202400030429";"155 728 176";"B01";"1";"31";"0";"2";"4";"1";"1";""
"202400030430";"155 728 173";"A01";"1";"7";"0";"2";"2";"15";"1";""
"202400030430";"155 728 174";"B01";"2";"31";"0";"2";"1";"1";"1";""
"202400030431";"155 728 171";"A01";"3";"7";"0";"2";"4";"23";"1";""
"202400030431";"155 728 172";"B01";"3";"1";"0";"2";"1";"15";"5";""
"202400030432";"155 728 167";"B01";"1";"7";"0";"2";"2";"2";"0";""
"202400030432";"155 728 168";"A01";"3";"7";"0";"2";"1";"2";"0";""
"202400030433";"155 728 166";"A01";"2";"43";"8";"0";"2";"1";"1";""
"202400030434";"155 728 165";"A01";"1";"7";"0";"1";"2";"1";"1";""
"202400030435";"155 728 163";"A01";"1";"50";"0";"2";"1";"5";"3";""
"202400030435";"155 728 164";"B01";"2";"10";"0";"9";"2";"23";"1";""
"202400030436";"155 728 162";"A01";"2";"7";"14";"0";"1";"26";"1";""
"202400030437";"155 728 160";"A01";"1";"7";"0";"2";"3";"15";"1";""
"202400030437";"155 728 161";"B01";"2";"30";"0";"2";"1";"1";"1";""
"202400030438";"155 728 158";"A01";"1";"7";"0";"2";"1";"2";"1";""
"202400030438";"155 728 159";"B01";"1";"7";"0";"2";"4";"2";"1";""
"202400030439";"155 728 156";"A01";"2";"80";"0";"2";"1";"2";"3";""
"202400030439";"155 728 157";"B01";"2";"7";"0";"2";"4";"23";"1";""
"202400030440";"155 728 153";"B01";"1";"7";"0";"2";"4";"2";"1";""
"202400030440";"155 728 154";"C01";"1";"7";"0";"2";"4";"2";"1";""
"202400030440";"155 728 155";"A01";"1";"7";"0";"2";"1";"2";"1";""
"202400030441";"155 728 152";"A01";"2";"3";"8";"0";"1";"1";"1";""
"202400030442";"155 728 151";"A01";"1";"7";"0";"1";"2";"1";"2";""
"202400030443";"155 728 149";"A01";"1";"7";"1";"0";"1";"14";"1";""
"202400030444";"155 728 147";"B01";"1";"1";"0";"2";"1";"1";"5";""
"202400030444";"155 728 148";"A01";"2";"30";"0";"2";"1";"14";"1";""
"202400030445";"155 728 145";"A01";"1";"1";"0";"2";"1";"19";"5";""
"202400030445";"155 728 146";"B01";"2";"7";"0";"2";"1";"26";"1";""
"202400030446";"155 728 143";"A01";"1";"1";"0";"2";"1";"2";"5";""
"202400030446";"155 728 144";"B01";"1";"1";"0";"2";"4";"1";"5";""
"202400030447";"155 728 141";"B01";"3";"7";"0";"2";"4";"1";"1";""
"202400030447";"155 728 142";"A01";"3";"7";"0";"2";"1";"1";"1";""
"202400030448";"155 728 139";"B01";"2";"7";"0";"2";"1";"1";"6";""
"202400030448";"155 728 140";"A01";"1";"7";"14";"0";"1";"13";"1";""
"202400030449";"155 728 138";"A01";"3";"7";"0";"1";"3";"16";"2";""
"202400030450";"155 728 136";"B01";"2";"7";"0";"2";"8";"1";"1";""
"202400030450";"155 728 137";"A01";"1";"7";"0";"2";"0";"1";"1";""
"202400030451";"155 728 134";"A01";"0";"1";"0";"2";"0";"19";"5";""
"202400030451";"155 728 135";"B01";"2";"50";"0";"2";"0";"1";"3";""
"202400030452";"155 728 132";"B01";"2";"7";"0";"2";"1";"1";"1";""
"202400030452";"155 728 133";"A01";"1";"30";"0";"2";"1";"15";"1";""
"202400030453";"155 728 129";"C01";"1";"7";"0";"2";"3";"1";"1";""
"202400030453";"155 728 130";"A01";"2";"32";"0";"2";"1";"17";"1";""
"202400030453";"155 728 131";"B01";"2";"30";"0";"2";"4";"15";"1";""
"202400030454";"155 728 128";"A01";"3";"33";"0";"1";"1";"1";"1";""
"202400030455";"155 728 126";"B01";"1";"7";"0";"2";"4";"1";"1";""
"202400030455";"155 728 127";"A01";"1";"10";"0";"2";"1";"2";"1";""
"202400030456";"155 728 125";"A01";"1";"3";"0";"2";"0";"9";"0";""
"202400030457";"155 728 123";"A01";"2";"7";"0";"2";"4";"1";"1";""
"202400030457";"155 728 124";"B01";"2";"7";"0";"2";"1";"1";"1";""
"202400030458";"155 728 121";"A01";"3";"10";"0";"2";"1";"1";"1";""
"202400030458";"155 728 122";"B01";"3";"2";"0";"2";"7";"1";"1";""
"202400030459";"155 728 119";"B01";"3";"10";"0";"2";"3";"9";"1";""
"202400030459";"155 728 120";"A01";"3";"50";"0";"2";"1";"1";"3";""
"202400030460";"155 728 117";"A01";"1";"2";"0";"2";"2";"9";"1";""
"202400030460";"155 728 118";"B01";"2";"7";"0";"2";"3";"16";"1";""
"202400030461";"155 728 115";"A01";"2";"10";"0";"2";"2";"16";"1";""
"202400030461";"155 728 116";"B01";"2";"7";"12";"2";"8";"1";"1";""
"202400030462";"155 728 113";"A01";"1";"7";"0";"2";"1";"13";"1";""
"202400030462";"155 728 114";"B01";"2";"7";"0";"2";"3";"1";"1";""
"202400030463";"155 728 111";"A01";"1";"7";"0";"2";"5";"15";"1";""
"202400030463";"155 728 112";"B01";"2";"7";"0";"2";"1";"1";"1";""
"202400030464";"155 728 109";"A01";"1";"7";"0";"2";"1";"2";"1";""
"202400030464";"155 728 110";"B01";"1";"7";"0";"2";"4";"2";"1";""
"202400030465";"155 728 107";"B01";"1";"15";"0";"2";"2";"2";"1";""
"202400030465";"155 728 108";"A01";"1";"7";"0";"2";"6";"11";"2";""
"202400030466";"155 728 106";"A01";"1";"7";"1";"0";"1";"1";"2";""
"202400030467";"155 728 104";"AB01";"0";"1";"0";"2";"4";"1";"5";""
"202400030467";"155 728 105";"Z01";"1";"7";"0";"2";"2";"16";"1";""
"202400030468";"155 728 103";"A01";"2";"7";"0";"1";"1";"1";"1";""
"202400030469";"155 728 101";"B01";"1";"7";"0";"2";"4";"1";"1";""
"202400030469";"155 728 102";"A01";"1";"30";"0";"2";"1";"2";"3";""
"202400030470";"155 728 100";"A01";"2";"80";"0";"0";"1";"1";"3";""
"202400030471";"155 728 098";"A01";"1";"80";"0";"2";"1";"5";"3";""
"202400030471";"155 728 099";"B01";"0";"7";"0";"2";"1";"1";"2";""
"202400030472";"155 728 097";"A01";"2";"7";"0";"1";"0";"0";"1";""
"202400030473";"155 728 096";"A01";"1";"7";"0";"1";"1";"15";"1";""
"202400030474";"155 728 094";"A01";"3";"10";"0";"2";"1";"15";"1";""
"202400030474";"155 728 095";"B01";"3";"1";"0";"2";"1";"1";"5";""
"202400030475";"155 728 092";"B01";"2";"37";"0";"2";"1";"0";"1";"3"
"202400030475";"155 728 093";"A01";"2";"1";"0";"2";"4";"2";"5";""
"202400030476";"155 728 091";"A01";"1";"7";"0";"1";"3";"15";"1";""
"202400030477";"155 728 090";"A01";"3";"33";"4";"0";"2";"14";"1";""
"202400030478";"155 728 088";"A01";"3";"7";"0";"2";"4";"2";"1";""
"202400030478";"155 728 089";"B01";"3";"7";"0";"2";"1";"2";"1";""
"202400030479";"155 728 086";"A01";"1";"7";"0";"2";"1";"1";"1";""
"202400030479";"155 728 087";"B01";"1";"7";"0";"2";"1";"1";"1";""
"202400030480";"155 728 084";"B01";"2";"7";"0";"2";"8";"0";"2";""
"202400030480";"155 728 085";"A01";"1";"34";"0";"2";"1";"0";"1";""
"202400030481";"155 728 082";"B01";"1";"7";"0";"2";"1";"0";"1";""
"202400030481";"155 728 083";"A01";"1";"34";"0";"2";"1";"1";"1";""
"202400030482";"155 728 079";"A01";"1";"33";"0";"2";"2";"1";"1";""
"202400030482";"155 728 080";"B01";"1";"10";"0";"2";"2";"20";"1";""
"202400030483";"155 728 077";"A01";"1";"7";"0";"2";"1";"15";"0";""
"202400030483";"155 728 078";"B01";"1";"31";"0";"2";"3";"0";"6";""
"202400030484";"155 728 075";"A01";"1";"7";"0";"2";"0";"0";"1";""
"202400030484";"155 728 076";"B01";"1";"33";"0";"2";"0";"0";"1";""
"202400030485";"155 728 074";"A01";"1";"7";"0";"2";"2";"2";"2";""
"202400030486";"155 728 073";"A01";"2";"7";"15";"0";"1";"14";"1";""
"202400030487";"155 728 071";"B01";"0";"30";"0";"2";"1";"1";"1";""
"202400030487";"155 728 072";"A01";"0";"30";"0";"0";"8";"1";"1";""
"202400030488";"155 728 069";"B01";"1";"7";"0";"2";"3";"1";"1";""
"202400030488";"155 728 070";"A01";"2";"7";"0";"2";"3";"1";"1";""
"202400030489";"155 728 066";"B01";"1";"7";"0";"2";"4";"2";"1";""
"202400030489";"155 728 067";"C01";"2";"7";"0";"2";"1";"1";"1";""
"202400030489";"155 728 068";"A01";"1";"10";"0";"2";"1";"2";"1";""
"202400030490";"155 728 064";"B01";"1";"7";"0";"2";"0";"5";"0";""
"202400030490";"155 728 065";"A01";"2";"2";"0";"0";"1";"1";"1";""
"202400030491";"155 728 063";"A01";"2";"7";"0";"1";"1";"19";"1";""
"202400030492";"155 728 062";"A01";"0";"33";"0";"0";"0";"1";"1";""
"202400030493";"155 728 061";"A01";"1";"33";"0";"0";"0";"1";"1";""
"202400030494";"155 728 059";"A01";"1";"7";"13";"0";"3";"1";"1";""
"202400030495";"155 728 057";"A01";"1";"33";"0";"0";"1";"2";"1";""
"202400030495";"155 728 058";"B01";"1";"7";"0";"2";"6";"9";"1";""
"202400030496";"155 728 055";"A01";"1";"33";"0";"2";"1";"17";"1";""
"202400030496";"155 728 056";"B01";"1";"10";"0";"2";"3";"15";"1";""
"202400030497";"155 728 054";"A01";"2";"33";"0";"0";"0";"14";"1";""
"202400030498";"155 728 053";"A01";"3";"50";"0";"0";"0";"1";"3";""
"202400030499";"155 728 051";"A01";"2";"34";"0";"2";"7";"17";"1";""
"202400030499";"155 728 052";"B01";"2";"7";"0";"2";"8";"15";"1";""
"202400030500";"155 728 050";"A01";"1";"7";"13";"0";"9";"1";"1";""
"202400030501";"155 728 049";"A01";"1";"2";"0";"0";"9";"1";"1";""
"202400030502";"155 728 047";"B01";"1";"7";"0";"2";"3";"1";"1";""
"202400030502";"155 728 048";"A01";"2";"2";"0";"2";"1";"1";"1";""
"202400030503";"155 728 045";"B01";"1";"7";"0";"2";"3";"1";"1";""
"202400030503";"155 728 046";"A01";"2";"7";"0";"2";"3";"13";"1";""
"202400030504";"155 728 041";"B01";"1";"33";"0";"2";"1";"1";"0";""
"202400030504";"155 728 042";"A01";"1";"7";"0";"2";"8";"9";"0";""
"202400030505";"155 728 039";"A01";"0";"2";"0";"2";"3";"11";"0";""
"202400030505";"155 728 040";"B01";"0";"10";"0";"2";"3";"11";"1";""
"202400030506";"155 728 038";"A01";"2";"33";"13";"0";"3";"1";"1";""
"202400030507";"155 728 037";"A01";"1";"7";"16";"0";"9";"14";"1";""
"202400030508";"155 728 036";"A01";"1";"7";"13";"0";"1";"1";"1";""
"202400030509";"155 728 034";"B01";"2";"21";"0";"2";"8";"1";"1";""
"202400030509";"155 728 035";"A01";"1";"7";"0";"2";"3";"1";"1";""
"202400030510";"155 728 032";"B01";"1";"1";"0";"2";"5";"1";"5";""
"202400030510";"155 728 033";"A01";"0";"7";"0";"2";"3";"16";"1";""
"202400030511";"155 728 030";"A01";"1";"7";"0";"2";"2";"1";"1";""
"202400030511";"155 728 031";"B01";"2";"7";"0";"2";"3";"19";"1";""
"202400030512";"155 728 029";"A01";"1";"7";"0";"1";"2";"1";"1";""
"202400030513";"155 728 028";"A01";"1";"7";"6";"0";"1";"1";"1";""
"202400030514";"155 728 027";"A01";"2";"7";"2";"0";"3";"0";"1";""
"202400030515";"155 728 026";"A01";"2";"7";"15";"0";"2";"1";"1";""
"202400030516";"155 728 025";"A01";"2";"7";"0";"0";"0";"14";"1";""
"202400030517";"155 728 023";"A01";"3";"2";"0";"2";"1";"13";"1";""
"202400030517";"155 728 024";"B01";"3";"7";"0";"2";"2";"1";"1";""
"202400030518";"155 728 021";"B01";"1";"7";"0";"2";"3";"1";"1";""
"202400030518";"155 728 022";"A01";"2";"7";"0";"2";"2";"15";"1";""
"202400030519";"155 728 019";"B01";"2";"7";"0";"2";"3";"1";"1";""
"202400030519";"155 728 020";"A01";"2";"7";"0";"2";"3";"1";"1";""
"202400030520";"155 728 017";"B01";"2";"7";"0";"0";"6";"13";"1";""
"202400030520";"155 728 018";"A01";"2";"33";"0";"2";"1";"1";"1";""
"202400030521";"155 728 016";"A01";"1";"7";"2";"0";"3";"1";"1";""
"202400030522";"155 728 014";"B01";"2";"2";"0";"2";"1";"17";"1";""
"202400030522";"155 728 015";"A01";"2";"7";"8";"0";"3";"15";"1";""
"202400030523";"155 728 012";"A01";"1";"7";"0";"2";"3";"13";"1";""
"202400030523";"155 728 013";"B01";"2";"10";"0";"2";"3";"1";"1";""
"202400030524";"155 728 010";"B01";"1";"1";"0";"2";"1";"1";"5";""
"202400030524";"155 728 011";"A01";"2";"33";"4";"2";"8";"13";"1";""
"202400030525";"155 728 008";"B01";"0";"1";"0";"2";"4";"2";"5";""
"202400030525";"155 728 009";"A01";"0";"7";"0";"0";"1";"2";"1";""
"202400030526";"155 728 007";"A01";"3";"7";"2";"0";"3";"2";"1";""
"202400030527";"155 728 006";"A01";"1";"7";"0";"0";"0";"13";"1";""
"202400030528";"155 728 005";"A01";"1";"7";"2";"0";"1";"1";"1";""
"202400030529";"155 728 004";"A01";"1";"1";"12";"0";"0";"1";"5";""
"202400030530";"155 728 003";"A01";"1";"7";"7";"0";"1";"1";"1";""
"202400030531";"155 728 001";"B01";"1";"33";"0";"2";"1";"1";"1";""
"202400030531";"155 728 002";"A01";"1";"7";"0";"2";"8";"17";"1";""
"202400030532";"155 727 999";"A01";"2";"7";"0";"2";"1";"13";"1";""
"202400030532";"155 728 000";"B01";"1";"7";"0";"2";"1";"1";"1";""
"202400030533";"155 727 998";"A01";"0";"7";"0";"1";"3";"9";"2";""
"202400030534";"155 727 997";"A01";"3";"7";"0";"1";"0";"15";"1";""
"202400030535";"155 727 996";"A01";"1";"10";"7";"0";"9";"14";"1";""
"202400030536";"155 727 995";"A01";"1";"10";"3";"0";"1";"1";"1";""
"202400030537";"155 727 994";"A01";"1";"32";"6";"0";"1";"0";"1";""
"202400030538";"155 727 993";"A01";"2";"33";"0";"0";"7";"1";"1";""
"202400030539";"155 727 992";"A01";"2";"7";"3";"0";"3";"1";"1";""
"202400030540";"155 727 988";"A01";"3";"7";"13";"0";"2";"14";"1";""
"202400030541";"155 727 986";"A01";"2";"33";"0";"2";"7";"17";"1";""
"202400030541";"155 727 987";"B01";"2";"7";"0";"2";"8";"15";"1";""
"202400030542";"155 727 985";"A01";"0";"36";"12";"0";"2";"1";"1";""
"202400030543";"155 727 984";"A01";"2";"33";"13";"0";"1";"1";"1";""
"202400030544";"155 727 981";"B01";"1";"7";"0";"2";"8";"13";"1";""
"202400030544";"155 727 982";"C01";"2";"7";"0";"2";"1";"1";"1";""
"202400030544";"155 727 983";"A01";"1";"31";"4";"2";"7";"17";"1";""
"202400030545";"155 727 978";"A01";"1";"7";"0";"2";"1";"2";"1";""
"202400030545";"155 727 979";"C01";"1";"7";"0";"2";"4";"1";"1";""
"202400030545";"155 727 980";"B01";"1";"15";"0";"0";"4";"2";"1";""
"202400030546";"155 727 976";"B01";"1";"7";"0";"2";"1";"1";"1";""
"202400030546";"155 727 977";"A01";"2";"7";"0";"2";"1";"13";"1";""
"202400030547";"155 727 974";"A01";"3";"7";"0";"2";"2";"16";"3";""
"202400030547";"155 727 975";"B01";"3";"50";"0";"2";"8";"1";"3";""
"202400030548";"155 727 972";"A01";"1";"7";"0";"2";"3";"9";"1";""
"202400030548";"155 727 973";"B01";"2";"2";"0";"2";"1";"1";"1";""
"202400030549";"155 727 971";"A01";"1";"34";"0";"2";"7";"17";"1";""
"202400030550";"155 727 970";"A01";"1";"7";"15";"0";"1";"2";"1";""
"202400030551";"155 727 969";"A01";"2";"7";"8";"0";"3";"13";"1";""
"202400030552";"155 727 967";"B01";"1";"7";"0";"2";"2";"16";"1";""
"202400030552";"155 727 968";"A01";"1";"50";"0";"2";"1";"18";"3";""
"202400030553";"155 727 965";"A01";"1";"7";"0";"2";"7";"1";"1";""
"202400030553";"155 727 966";"B01";"1";"32";"0";"2";"1";"1";"1";""
"202400030554";"155 727 963";"A01";"1";"42";"14";"0";"2";"17";"1";""
"202400030554";"155 727 964";"B01";"1";"7";"0";"2";"3";"1";"1";""
"202400030555";"155 727 961";"A01";"2";"33";"0";"2";"1";"2";"1";""
"202400030555";"155 727 962";"B01";"2";"7";"0";"2";"5";"2";"2";""
"202400030556";"155 727 960";"A01";"1";"7";"0";"1";"3";"1";"1";""
"202400030557";"155 727 959";"A01";"1";"1";"0";"1";"2";"1";"5";""
"202400030558";"155 727 956";"A01";"1";"30";"0";"1";"1";"3";"3";""
"202400030558";"155 727 957";"B01";"1";"7";"0";"2";"2";"2";"2";""