"Num_Acc";"id_vehicule";"num_veh";"senc";"catv";"obs";"obsm";"choc";"manv";"motor";"occutc"
"202400030558";"155 727 958";"C01";"1";"7";"0";"2";"3";"2";"2";""
"202400030559";"155 727 954";"B01";"0";"33";"0";"2";"2";"1";"1";""
"202400030559";"155 727 955";"A01";"0";"7";"0";"2";"3";"10";"2";""
"202400030560";"155 727 952";"A01";"1";"7";"12";"2";"2";"2";"1";""
"202400030560";"155 727 953";"B01";"1";"30";"12";"2";"4";"2";"1";""
"202400030561";"155 727 950";"B01";"2";"7";"0";"2";"0";"0";"1";""
"202400030561";"155 727 951";"A01";"3";"50";"0";"2";"1";"1";"3";""
"202400030562";"155 727 948";"A01";"2";"7";"0";"2";"1";"2";"1";""
"202400030562";"155 727 949";"B01";"2";"7";"0";"2";"4";"23";"1";""
"202400030563";"155 727 946";"B01";"1";"7";"0";"2";"3";"6";"1";""
"202400030563";"155 727 947";"A01";"0";"33";"0";"2";"1";"17";"1";""
"202400030564";"155 727 945";"A01";"3";"7";"0";"1";"2";"20";"1";""
"202400030565";"155 727 943";"A01";"2";"2";"0";"2";"7";"1";"1";""
"202400030565";"155 727 944";"B01";"3";"7";"0";"2";"2";"1";"1";""
"202400030566";"155 727 942";"A01";"1";"34";"12";"0";"9";"1";"1";""
"202400030567";"155 727 940";"A01";"1";"7";"0";"2";"8";"9";"2";""
"202400030567";"155 727 941";"B01";"1";"31";"0";"2";"1";"1";"1";""
"202400030568";"155 727 939";"A01";"1";"7";"12";"0";"1";"20";"1";""
"202400030569";"155 727 938";"A01";"1";"33";"0";"0";"7";"1";"1";""
"202400030570";"155 727 937";"A01";"2";"33";"13";"0";"1";"17";"1";""
"202400030571";"155 727 935";"B01";"1";"7";"0";"2";"1";"1";"1";""
"202400030571";"155 727 936";"A01";"3";"7";"15";"0";"7";"19";"1";""
"202400030572";"155 727 933";"B01";"1";"33";"0";"2";"1";"1";"1";""
"202400030572";"155 727 934";"A01";"2";"7";"0";"2";"7";"19";"1";""
"202400030573";"155 727 932";"A01";"1";"7";"8";"0";"9";"13";"1";""
"202400030574";"155 727 930";"A01";"1";"7";"0";"2";"1";"5";"1";""
"202400030574";"155 727 931";"B01";"2";"7";"0";"2";"1";"1";"1";""
"202400030575";"155 727 929";"A01";"0";"7";"0";"0";"0";"0";"1";""
"202400030576";"155 727 928";"A01";"1";"33";"0";"0";"1";"1";"1";""
"202400030577";"155 727 924";"A01";"2";"7";"0";"2";"1";"1";"1";""
"202400030577";"155 727 925";"B01";"2";"7";"3";"2";"4";"1";"0";""
"202400030577";"155 727 926";"D01";"2";"7";"0";"2";"6";"1";"1";""
"202400030577";"155 727 927";"C01";"2";"7";"0";"2";"1";"1";"2";""
"202400030578";"155 727 922";"A01";"1";"33";"2";"2";"1";"13";"1";""
"202400030578";"155 727 923";"B01";"2";"10";"0";"2";"1";"1";"1";""
"202400030579";"155 727 920";"A01";"2";"7";"0";"2";"3";"13";"1";""
"202400030579";"155 727 921";"B01";"1";"7";"0";"2";"2";"1";"1";""
"202400030580";"155 727 919";"A01";"2";"33";"13";"0";"1";"17";"1";""
"202400030581";"155 727 918";"A01";"1";"7";"8";"0";"3";"13";"1";""
"202400030582";"155 727 917";"A01";"3";"33";"0";"0";"0";"1";"1";""
"202400030583";"155 727 915";"A01";"3";"7";"0";"2";"3";"15";"2";""
"202400030583";"155 727 916";"B01";"1";"7";"0";"2";"1";"1";"1";""
"202400030584";"155 727 914";"A01";"2";"33";"0";"0";"0";"1";"1";""
"202400030585";"155 727 913";"A01";"1";"10";"15";"0";"2";"14";"1";""
"202400030586";"155 727 912";"A01";"1";"7";"0";"0";"2";"14";"1";""
"202400030587";"155 727 910";"A01";"1";"33";"0";"2";"1";"2";"1";""
"202400030587";"155 727 911";"B01";"1";"7";"0";"2";"3";"15";"1";""
"202400030588";"155 727 909";"A01";"1";"33";"0";"0";"9";"1";"1";""
"202400030589";"155 727 908";"A01";"1";"7";"13";"0";"7";"14";"1";""
"202400030590";"155 727 907";"A01";"3";"7";"0";"0";"2";"1";"1";""
"202400030591";"155 727 906";"A01";"2";"7";"6";"0";"1";"1";"1";""
"202400030592";"155 727 904";"B01";"2";"15";"0";"2";"1";"1";"1";""
"202400030592";"155 727 905";"A01";"1";"7";"0";"2";"1";"1";"1";""
"202400030593";"155 727 903";"A01";"1";"33";"0";"0";"7";"26";"1";""
"202400030594";"155 727 902";"A01";"2";"33";"9";"0";"2";"1";"1";""
"202400030595";"155 727 901";"A01";"2";"33";"0";"0";"8";"1";"1";""
"202400030596";"155 727 899";"B01";"1";"33";"0";"2";"1";"1";"1";""
"202400030596";"155 727 900";"A01";"2";"7";"0";"2";"3";"17";"1";""
"202400030597";"155 727 897";"A01";"2";"33";"0";"0";"1";"2";"1";""
"202400030597";"155 727 898";"B01";"2";"33";"0";"0";"4";"2";"1";""
"202400030598";"155 727 896";"A01";"3";"10";"0";"1";"7";"16";"1";""
"202400030599";"155 727 894";"A01";"1";"7";"0";"2";"2";"19";"1";""
"202400030599";"155 727 895";"B01";"1";"7";"0";"2";"1";"1";"1";""
"202400030600";"155 727 892";"A01";"2";"7";"0";"2";"1";"19";"1";""
"202400030600";"155 727 893";"B01";"1";"7";"0";"2";"6";"1";"1";""
"202400030601";"155 727 891";"A01";"2";"7";"14";"0";"1";"1";"1";""
"202400030602";"155 727 890";"A01";"1";"7";"10";"0";"3";"1";"1";""
"202400030603";"155 727 888";"A01";"2";"15";"0";"2";"2";"9";"1";""
"202400030603";"155 727 889";"B01";"1";"7";"4";"0";"8";"1";"1";""
"202400030604";"155 727 887";"A01";"2";"33";"0";"0";"4";"1";"1";""
"202400030605";"155 727 885";"A01";"1";"17";"1";"0";"2";"14";"1";""
"202400030605";"155 727 886";"B01";"1";"10";"0";"0";"6";"23";"1";""
"202400030606";"155 727 884";"A01";"2";"7";"16";"0";"1";"1";"1";""
"202400030607";"155 727 882";"A01";"3";"2";"0";"2";"1";"1";"1";""
"202400030607";"155 727 883";"B01";"3";"7";"0";"0";"2";"20";"2";""
"202400030608";"155 727 880";"A01";"1";"7";"2";"0";"7";"1";"1";""
"202400030609";"155 727 878";"A01";"2";"7";"0";"2";"1";"2";"1";""
"202400030609";"155 727 879";"B01";"2";"7";"3";"0";"4";"2";"1";""
"202400030609";"155 727 881";"C01";"2";"7";"14";"0";"0";"2";"1";""
"202400030610";"155 727 877";"A01";"1";"1";"0";"5";"7";"1";"5";""
"202400030611";"155 727 876";"A01";"1";"10";"3";"0";"1";"1";"1";""
"202400030612";"155 727 874";"A01";"3";"1";"0";"2";"7";"1";"5";""
"202400030612";"155 727 875";"B01";"1";"7";"0";"2";"3";"9";"1";""
"202400030613";"155 727 873";"A01";"1";"2";"0";"0";"7";"1";"6";""
"202400030614";"155 727 872";"A01";"1";"1";"6";"0";"1";"1";"5";""
"202400030615";"155 727 870";"A01";"2";"7";"0";"2";"1";"11";"1";""
"202400030615";"155 727 871";"B01";"1";"7";"0";"2";"1";"1";"1";""
"202400030616";"155 727 868";"A01";"2";"33";"16";"2";"4";"11";"1";""
"202400030616";"155 727 869";"B01";"2";"7";"2";"2";"1";"17";"1";""
"202400030617";"155 727 866";"A01";"1";"7";"0";"2";"1";"1";"1";""
"202400030617";"155 727 867";"B01";"3";"7";"0";"2";"8";"19";"1";""
"202400030618";"155 727 865";"A01";"0";"7";"6";"0";"1";"1";"1";""
"202400030619";"155 727 863";"A01";"1";"7";"0";"2";"6";"1";"1";""
"202400030619";"155 727 864";"B01";"1";"33";"0";"2";"8";"26";"1";""
"202400030620";"155 727 861";"A01";"2";"7";"0";"2";"1";"5";"1";""
"202400030620";"155 727 862";"B01";"1";"10";"0";"2";"1";"1";"1";""
"202400030621";"155 727 859";"A01";"2";"33";"0";"2";"1";"2";"1";""
"202400030621";"155 727 860";"B01";"2";"33";"0";"2";"1";"1";"1";""
"202400030622";"155 727 858";"A01";"1";"33";"8";"0";"2";"1";"1";""
"202400030623";"155 727 855";"A01";"0";"33";"13";"0";"1";"0";"0";""
"202400030624";"155 727 852";"B01";"2";"2";"0";"2";"1";"1";"1";""
"202400030624";"155 727 854";"A01";"1";"10";"0";"2";"1";"15";"1";""
"202400030625";"155 727 851";"A01";"3";"7";"0";"2";"3";"16";"1";""
"202400030625";"155 727 853";"B01";"2";"33";"0";"0";"7";"1";"1";""
"202400030626";"155 727 849";"A01";"1";"33";"14";"0";"2";"17";"1";""
"202400030626";"155 727 850";"B01";"1";"7";"0";"2";"3";"23";"1";""
"202400030627";"155 727 848";"A01";"2";"33";"16";"0";"1";"1";"1";""
"202400030628";"155 727 847";"A01";"1";"33";"0";"0";"9";"10";"1";""
"202400030629";"155 727 846";"A01";"3";"7";"2";"0";"9";"1";"1";""
"202400030630";"155 727 844";"A01";"1";"1";"0";"0";"6";"16";"5";""
"202400030630";"155 727 845";"B01";"2";"7";"0";"9";"0";"1";"0";""
"202400030631";"155 727 843";"A01";"1";"10";"4";"0";"1";"1";"1";""
"202400030632";"155 727 841";"B01";"1";"7";"0";"2";"6";"16";"1";""
"202400030632";"155 727 842";"A01";"1";"33";"0";"2";"2";"1";"1";""
"202400030633";"155 727 840";"A01";"1";"14";"13";"0";"9";"1";"1";""
"202400030634";"155 727 837";"A01";"2";"13";"3";"0";"4";"1";"1";""
"202400030634";"155 727 839";"B01";"2";"15";"13";"0";"1";"1";"1";""
"202400030635";"155 727 836";"A01";"1";"17";"0";"2";"3";"13";"1";""
"202400030635";"155 727 838";"B01";"2";"10";"0";"2";"3";"1";"1";""
"202400030636";"155 727 835";"A01";"1";"10";"2";"0";"2";"1";"1";""
"202400030637";"155 727 831";"A01";"1";"7";"0";"0";"4";"1";"1";""
"202400030637";"155 727 832";"B01";"1";"10";"0";"2";"1";"1";"1";""
"202400030638";"155 727 830";"A01";"1";"13";"3";"0";"2";"26";"1";""
"202400030639";"155 727 828";"A01";"1";"7";"0";"9";"1";"9";"1";""
"202400030639";"155 727 829";"B01";"1";"1";"0";"0";"4";"2";"5";""
"202400030640";"155 727 826";"A01";"2";"7";"0";"0";"4";"1";"1";""
"202400030640";"155 727 827";"B01";"1";"7";"0";"2";"1";"0";"1";""
"202400030641";"155 727 824";"A01";"2";"30";"0";"2";"1";"2";"1";""
"202400030641";"155 727 825";"B01";"2";"21";"0";"0";"4";"15";"1";""
"202400030642";"155 727 822";"A01";"1";"10";"0";"2";"5";"15";"4";""
"202400030642";"155 727 823";"B01";"2";"1";"0";"2";"1";"25";"5";""
"202400030643";"155 727 819";"C01";"2";"10";"0";"2";"1";"1";"1";""
"202400030643";"155 727 820";"A01";"2";"7";"0";"2";"4";"1";"1";""
"202400030643";"155 727 821";"B01";"2";"7";"0";"2";"4";"1";"1";""
"202400030644";"155 727 815";"A01";"1";"7";"1";"0";"8";"23";"1";""
"202400030644";"155 727 817";"B01";"1";"33";"1";"0";"9";"3";"1";""
"202400030645";"155 727 812";"D01";"1";"7";"0";"0";"4";"21";"1";""
"202400030645";"155 727 813";"C01";"1";"7";"4";"2";"3";"21";"2";""
"202400030645";"155 727 814";"A01";"1";"7";"0";"2";"1";"21";"2";""
"202400030645";"155 727 816";"B01";"1";"7";"4";"2";"6";"23";"2";""
"202400030645";"155 727 818";"E01";"1";"7";"0";"2";"2";"21";"2";""
"202400030646";"155 727 811";"A01";"2";"7";"4";"0";"1";"16";"1";""
"202400030647";"155 727 810";"A01";"1";"10";"0";"1";"7";"14";"1";""
"202400030648";"155 727 808";"A01";"2";"7";"0";"2";"1";"1";"1";""
"202400030648";"155 727 809";"B01";"2";"7";"0";"2";"4";"1";"1";""
"202400030649";"155 727 806";"A01";"2";"7";"0";"2";"2";"0";"1";""
"202400030649";"155 727 807";"B01";"1";"7";"0";"2";"1";"0";"1";""
"202400030650";"155 727 805";"A01";"1";"7";"4";"0";"3";"26";"1";""
"202400030651";"155 727 804";"A01";"1";"7";"6";"0";"1";"13";"1";""
"202400030652";"155 727 802";"B01";"1";"7";"0";"2";"4";"2";"1";""
"202400030652";"155 727 803";"A01";"1";"33";"0";"2";"1";"2";"1";""
"202400030653";"155 727 800";"A01";"1";"7";"4";"0";"2";"1";"1";""
"202400030654";"155 727 801";"A01";"2";"1";"9";"0";"1";"0";"5";""
"202400030655";"155 727 798";"B01";"2";"7";"0";"2";"1";"1";"1";""
"202400030655";"155 727 799";"A01";"2";"0";"0";"2";"4";"2";"0";""
"202400030656";"155 727 797";"A01";"2";"7";"0";"1";"1";"16";"1";""
"202400030657";"155 727 793";"B01";"2";"7";"0";"2";"4";"23";"1";""
"202400030657";"155 727 795";"A01";"2";"10";"1";"0";"1";"2";"1";""
"202400030658";"155 727 792";"A01";"1";"7";"0";"2";"3";"11";"1";""
"202400030658";"155 727 794";"B01";"1";"7";"4";"2";"5";"1";"1";""
"202400030658";"155 727 796";"C01";"1";"7";"0";"2";"6";"0";"1";""
"202400030659";"155 727 791";"A01";"2";"7";"13";"0";"3";"1";"1";""
"202400030660";"155 727 786";"A01";"1";"7";"0";"2";"1";"2";"1";""
"202400030660";"155 727 787";"B01";"1";"7";"0";"2";"4";"2";"1";""
"202400030660";"155 727 789";"C01";"1";"7";"0";"2";"4";"2";"1";""
"202400030660";"155 727 790";"D01";"1";"7";"0";"2";"4";"2";"1";""
"202400030661";"155 727 785";"A01";"1";"7";"0";"2";"1";"1";"1";""
"202400030661";"155 727 788";"B01";"2";"33";"0";"0";"0";"16";"1";""
"202400030662";"155 727 783";"A01";"1";"7";"0";"2";"1";"1";"1";""
"202400030662";"155 727 784";"B01";"1";"7";"0";"2";"4";"2";"1";""
"202400030663";"155 727 781";"A01";"1";"7";"4";"0";"1";"1";"1";""
"202400030664";"155 727 779";"A01";"2";"33";"0";"0";"3";"1";"1";""
"202400030665";"155 727 780";"A01";"2";"7";"0";"2";"1";"13";"3";""
"202400030665";"155 727 782";"B01";"1";"7";"0";"2";"1";"1";"1";""
"202400030666";"155 727 776";"A01";"2";"7";"0";"2";"2";"1";"1";""
"202400030666";"155 727 778";"B01";"2";"7";"0";"2";"8";"1";"1";""
"202400030667";"155 727 775";"A01";"2";"7";"0";"2";"7";"17";"3";""
"202400030667";"155 727 777";"B01";"2";"10";"0";"2";"8";"1";"1";""
"202400030668";"155 727 774";"A01";"2";"33";"4";"0";"8";"13";"1";""
"202400030669";"155 727 773";"A01";"2";"10";"2";"0";"3";"1";"1";""
"202400030670";"155 727 771";"B01";"2";"7";"0";"0";"5";"2";"1";""
"202400030670";"155 727 772";"A01";"2";"31";"0";"2";"1";"3";"1";""
"202400030671";"155 727 770";"A01";"1";"7";"2";"0";"8";"1";"1";""
"202400030672";"155 727 768";"A01";"2";"7";"4";"0";"2";"11";"1";""
"202400030673";"155 727 767";"A01";"2";"7";"13";"2";"2";"21";"2";""
"202400030673";"155 727 769";"B01";"1";"7";"13";"2";"0";"0";"1";""
"202400030674";"155 727 764";"A01";"2";"10";"0";"2";"1";"1";"1";""
"202400030674";"155 727 766";"B01";"2";"7";"0";"2";"4";"1";"1";""
"202400030675";"155 727 762";"C01";"1";"7";"3";"2";"4";"2";"1";""
"202400030675";"155 727 763";"A01";"1";"10";"0";"2";"1";"2";"1";""
"202400030675";"155 727 765";"B01";"1";"7";"3";"2";"4";"2";"1";""
"202400030676";"155 727 761";"BA01";"0";"32";"0";"5";"9";"21";"1";""
"202400030677";"155 727 759";"A01";"1";"33";"0";"2";"4";"23";"1";""
"202400030677";"155 727 760";"B01";"1";"7";"0";"2";"1";"1";"1";""
"202400030678";"155 727 758";"A01";"1";"30";"0";"0";"7";"1";"1";""
"202400030679";"155 727 757";"A01";"1";"7";"1";"1";"2";"2";"1";""
"202400030680";"155 727 756";"A01";"1";"50";"0";"0";"0";"1";"3";""
"202400030681";"155 727 754";"B01";"1";"33";"0";"2";"7";"1";"1";""
"202400030681";"155 727 755";"A01";"1";"7";"0";"2";"8";"11";"1";""
"202400030682";"155 727 752";"A01";"1";"7";"0";"2";"1";"2";"1";""
"202400030682";"155 727 753";"B01";"1";"7";"0";"2";"4";"2";"1";""
"202400030683";"155 727 749";"A01";"1";"0";"0";"1";"1";"26";"1";""
"202400030684";"155 727 748";"A01";"2";"7";"0";"2";"1";"1";"1";""
"202400030684";"155 727 750";"B01";"2";"7";"0";"2";"4";"23";"2";""
"202400030684";"155 727 751";"C01";"2";"7";"0";"2";"4";"23";"1";""
"202400030685";"155 727 746";"A01";"1";"7";"0";"2";"7";"15";"1";""
"202400030685";"155 727 747";"B01";"2";"33";"0";"2";"1";"1";"1";""
"202400030686";"155 727 744";"Z01";"3";"7";"0";"1";"4";"24";"1";""
"202400030687";"155 727 745";"A01";"2";"7";"4";"0";"3";"1";"1";""
"202400030688";"155 727 742";"B01";"1";"33";"0";"2";"1";"0";"1";""
"202400030688";"155 727 743";"A01";"2";"7";"0";"2";"1";"15";"2";""
"202400030689";"155 727 741";"A01";"1";"7";"13";"0";"9";"13";"1";""
"202400030690";"155 727 740";"A01";"1";"7";"0";"1";"6";"26";"1";""
"202400030691";"155 727 738";"A01";"1";"7";"0";"1";"3";"1";"1";""
"202400030692";"155 727 737";"A01";"2";"7";"0";"0";"2";"2";"1";""
"202400030692";"155 727 739";"B01";"2";"7";"13";"0";"0";"0";"1";""
"202400030693";"155 727 735";"A01";"2";"1";"0";"0";"0";"0";"5";""
"202400030694";"155 727 734";"B01";"3";"7";"0";"2";"3";"1";"1";""
"202400030694";"155 727 736";"A01";"3";"7";"6";"2";"1";"1";"1";""
"202400030695";"155 727 733";"A01";"1";"2";"0";"0";"0";"0";"1";""
"202400030696";"155 727 727";"A01";"2";"7";"0";"2";"2";"2";"1";""
"202400030696";"155 727 729";"B01";"2";"7";"0";"0";"6";"1";"1";""
"202400030697";"155 727 728";"A01";"2";"7";"0";"2";"7";"15";"1";""
"202400030697";"155 727 730";"B01";"1";"7";"0";"2";"1";"1";"1";""
"202400030698";"155 727 723";"A01";"1";"1";"0";"2";"1";"1";"5";""
"202400030698";"155 727 725";"B01";"2";"2";"0";"2";"1";"5";"1";""
"202400030699";"155 727 722";"A01";"3";"2";"9";"0";"0";"1";"1";""
"202400030700";"155 727 724";"A01";"2";"7";"12";"2";"3";"5";"1";""
"202400030700";"155 727 726";"B01";"1";"14";"0";"2";"2";"1";"1";""
"202400030701";"155 727 721";"A01";"1";"33";"15";"0";"1";"14";"1";""
"202400030702";"155 727 719";"B01";"2";"7";"0";"2";"1";"1";"1";""
"202400030702";"155 727 720";"A01";"1";"10";"8";"2";"1";"13";"1";""
"202400030703";"155 727 716";"A01";"2";"7";"13";"2";"1";"1";"1";""
"202400030703";"155 727 718";"B01";"1";"7";"0";"0";"7";"1";"1";""
"202400030704";"155 727 715";"B01";"2";"33";"0";"2";"8";"1";"1";""
"202400030704";"155 727 717";"Z01";"1";"7";"0";"2";"1";"26";"1";""
"202400030705";"155 727 712";"B01";"3";"7";"0";"2";"1";"0";" -1";""
"202400030705";"155 727 714";"A01";"1";"7";"1";"0";"3";"21";"1";""
"202400030706";"155 727 713";"A01";"2";"15";"9";"0";"1";"16";"1";""
"202400030707";"155 727 711";"A01";"0";"7";"1";"0";"7";"14";"1";""
"202400030708";"155 727 710";"A01";"3";"7";"1";"0";"3";"26";"1";""
"202400030709";"155 727 709";"A01";"3";"7";"1";"0";"1";"1";"1";""
"202400030710";"155 727 706";"A01";"3";"31";"15";"0";"0";"0";"0";""
"202400030711";"155 727 705";"C01";"1";"7";"0";"2";"1";"1";"1";""
"202400030711";"155 727 707";"B01";"1";"7";"0";"2";"6";"1";"2";""
"202400030711";"155 727 708";"A01";"2";"7";"0";"2";"1";"14";"1";""
"202400030712";"155 727 704";"A01";"3";"7";"15";"0";"1";"1";"1";""
"202400030713";"155 727 700";"A01";"2";"7";"0";"9";"7";"15";"1";""
"202400030713";"155 727 703";"B01";"1";"1";"0";"2";"1";"1";"5";""
"202400030714";"155 727 699";"B01";"1";"7";"0";"2";"5";"0";"1";""
"202400030714";"155 727 701";"A01";"1";"7";"0";"2";"3";"1";"1";""
"202400030714";"155 727 702";"C01";"1";"30";"0";"2";"0";"0";"0";""
"202400030715";"155 727 697";"A01";"0";"31";"1";"0";"1";"1";"1";""
"202400030716";"155 727 696";"B01";"1";"7";"0";"2";"5";"1";"1";""
"202400030716";"155 727 698";"A01";"1";"7";"0";"2";"3";"2";"1";""
"202400030717";"155 727 695";"A01";"2";"7";"13";"0";"1";"0";"2";""
"202400030718";"155 727 694";"A01";"3";"7";"0";"1";"4";"4";"2";""
"202400030719";"155 727 692";"A01";"2";"10";"15";"0";"1";"14";"1";""
"202400030720";"155 727 691";"B01";"0";"1";"0";"2";"0";"0";"5";""
"202400030720";"155 727 693";"A01";"0";"7";"0";"2";"0";"1";"2";""
"202400030721";"155 727 687";"A01";"1";"7";"0";"2";"5";"23";"2";""
"202400030721";"155 727 688";"B01";"1";"7";"0";"2";"3";"1";"1";""
"202400030722";"155 727 685";"A01";"2";"34";"0";"2";"1";"16";"1";""
"202400030722";"155 727 686";"B01";"2";"7";"0";"2";"1";"1";"1";""
"202400030723";"155 727 682";"A01";"1";"31";"0";"0";"1";"2";"1";""
"202400030723";"155 727 683";"B01";"1";"7";"0";"2";"4";"1";"1";""
"202400030724";"155 727 679";"A01";"2";"7";"6";"2";"1";"13";"1";""
"202400030724";"155 727 680";"B01";"1";"10";"0";"2";"1";"1";"1";""
"202400030724";"155 727 681";"C01";"1";"7";"0";"2";"1";"1";"1";""
"202400030724";"155 727 684";"D01";"1";"7";"0";"2";"1";"1";"1";""
"202400030725";"155 727 677";"B01";"3";"7";"0";"2";"1";"1";"1";""
"202400030725";"155 727 678";"A01";"3";"2";"0";"2";"5";"19";"1";""
"202400030726";"155 727 675";"A01";"1";"7";"0";"1";"3";"15";"1";""
"202400030727";"155 727 674";"B01";"1";"7";"0";"2";"6";"11";"1";""
"202400030727";"155 727 676";"A01";"1";"34";"0";"2";"2";"11";"1";""
"202400030728";"155 727 672";"A01";"1";"50";"0";"2";"1";"13";"3";""
"202400030728";"155 727 673";"B01";"2";"7";"0";"2";"1";"1";"1";""
"202400030729";"155 727 670";"A01";"3";"7";"0";"2";"2";"14";"1";""
"202400030729";"155 727 671";"B01";"3";"7";"0";"2";"6";"2";"1";""
"202400030730";"155 727 668";"A01";"3";"7";"0";"2";"8";"1";"1";""
"202400030730";"155 727 669";"B01";"3";"7";"0";"2";"1";"1";"1";""
"202400030731";"155 727 667";"A01";"3";"33";"0";"0";"0";"1";"1";""
"202400030732";"155 727 663";"A01";"1";"7";"0";"2";"4";"20";"2";""
"202400030732";"155 727 665";"B01";"1";"7";"0";"2";"2";"2";"3";""
"202400030733";"155 727 664";"B01";"1";"7";"0";"2";"8";"15";"1";""
"202400030733";"155 727 666";"A01";"1";"7";"0";"2";"1";"1";"1";""
"202400030734";"155 727 658";"B01";"0";"50";"0";"2";"0";"26";"3";""
"202400030734";"155 727 660";"A01";"3";"7";"0";"2";"3";"15";"1";""
"202400030735";"155 727 656";"B01";"2";"7";"0";"2";"4";"23";"1";""
"202400030735";"155 727 657";"C01";"2";"7";"0";"2";"4";"23";"1";""
"202400030735";"155 727 659";"D01";"1";"7";"0";"2";"4";"23";"1";""
"202400030735";"155 727 661";"E01";"2";"7";"0";"2";"4";"23";"1";""
"202400030735";"155 727 662";"A01";"2";"7";"1";"0";"1";"2";"1";""
"202400030736";"155 727 654";"A01";"3";"7";"0";"0";"0";"1";"1";""
"202400030737";"155 727 653";"A01";"2";"7";"0";"2";"8";"10";"2";""
"202400030737";"155 727 655";"B01";"2";"33";"0";"2";"1";"1";"1";""
"202400030738";"155 727 649";"A01";"2";"7";"6";"0";"1";"1";"1";""
"202400030739";"155 727 648";"B01";"2";"1";"0";"2";"1";"1";"5";""
"202400030739";"155 727 650";"A01";"1";"10";"0";"2";"1";"15";"1";""
"202400030740";"155 727 647";"A01";"3";"7";"13";"0";"0";"0";"1";""
"202400030741";"155 727 646";"A01";"3";"7";"1";"0";"2";"1";"1";""
"202400030742";"155 727 643";"B01";"2";"7";"0";"2";"0";"15";"1";""
"202400030742";"155 727 645";"A01";"1";"33";"0";"2";"7";"1";"1";""
"202400030743";"155 727 642";"A01";"3";"7";"0";"1";"3";"1";"0";""
"202400030744";"155 727 641";"A01";"1";"7";"8";"2";"3";"26";"1";""
"202400030744";"155 727 644";"B01";"1";"7";"0";"2";"1";"19";"1";""
"202400030745";"155 727 640";"A01";"3";"7";"0";"0";"3";"1";"1";""
"202400030746";"155 727 639";"A01";"1";"7";"0";"1";"1";"1";"1";""
"202400030747";"155 727 636";"A01";"1";"7";"0";"2";"1";"2";"1";""
"202400030747";"155 727 638";"B01";"1";"7";"0";"2";"4";"2";"1";""
"202400030748";"155 727 632";"B01";"2";"10";"0";"2";"1";"1";"0";""
"202400030748";"155 727 634";"A01";"1";"7";"0";"2";"1";"1";"1";""
"202400030749";"155 727 633";"B01";"3";"10";"0";"2";"1";"2";"2";""
"202400030749";"155 727 635";"C01";"3";"10";"0";"2";"4";"2";"1";""
"202400030749";"155 727 637";"A01";"3";"10";"0";"2";"1";"2";"1";""
"202400030750";"155 727 630";"B01";"2";"50";"0";"2";"8";"1";"3";""
"202400030750";"155 727 631";"A01";"1";"7";"0";"2";"1";"15";"1";""
"202400030751";"155 727 628";"A01";"1";"7";"5";"0";"1";"3";"1";""
"202400030752";"155 727 627";"A01";"3";"10";"0";"2";"7";"15";"1";""
"202400030752";"155 727 629";"B01";"3";"2";"0";"2";"1";"1";"1";""
"202400030753";"155 727 625";"B01";"3";"7";"0";"2";"8";"1";"1";""
"202400030753";"155 727 626";"A01";"3";"35";"0";"2";"2";"1";"1";""
"202400030754";"155 727 623";"A01";"3";"7";"6";"0";"1";"5";"1";""
"202400030755";"155 727 622";"A01";"1";"7";"6";"2";"2";"17";"1";""
"202400030755";"155 727 624";"B01";"1";"7";"9";"2";"8";"15";"1";""
"202400030756";"155 727 620";"B01";"1";"7";"0";"2";"1";"1";"1";""
"202400030756";"155 727 621";"A01";"2";"7";"0";"2";"7";"15";"1";""
"202400030757";"155 727 618";"A01";"1";"7";"1";"0";"2";"14";"1";""
"202400030758";"155 727 614";"A01";"3";"7";"0";"2";"6";"1";"1";""
"202400030758";"155 727 615";"B01";"3";"1";"0";"2";"1";"1";"5";""
"202400030759";"155 727 616";"A01";"1";"7";"0";"2";"1";"1";"1";""
"202400030759";"155 727 617";"B01";"3";"7";"0";"2";"4";"23";"1";""
"202400030759";"155 727 619";"C01";"3";"7";"0";"0";"4";"23";"1";""
"202400030760";"155 727 613";"A01";"2";"7";"0";"1";"1";"15";"1";""
"202400030761";"155 727 610";"B01";"3";"7";"0";"2";"6";"2";"0";""
"202400030761";"155 727 612";"A01";"3";"41";"0";"2";"1";"2";"0";""
"202400030762";"155 727 607";"A01";"1";"7";"0";"2";"1";"1";"1";""
"202400030762";"155 727 608";"B01";"1";"7";"9";"2";"8";"15";"1";""
"202400030763";"155 727 604";"A01";"1";"7";"0";"2";"3";"10";"1";""
"202400030763";"155 727 605";"B01";"1";"30";"0";"0";"1";"0";"1";""
"202400030764";"155 727 603";"A01";"3";"7";"0";"2";"3";"1";"1";""
"202400030764";"155 727 606";"B01";"3";"32";"0";"2";"9";"5";"1";""
"202400030765";"155 727 600";"B01";"2";"7";"0";"2";"3";"1";"1";""
"202400030765";"155 727 601";"C01";"2";"7";"0";"2";"3";"1";"1";""
"202400030765";"155 727 602";"A01";"1";"7";"0";"2";"3";"13";"1";""
"202400030766";"155 727 597";"B01";"3";"7";"0";"2";"1";"2";"1";""
"202400030766";"155 727 599";"A01";"3";"7";"0";"2";"1";"5";"1";""