"Num_Acc";"id_vehicule";"num_veh";"senc";"catv";"obs";"obsm";"choc";"manv";"motor";"occutc"
"202400030767";"155 727 598";"A01";"1";"7";"2";"0";"3";"1";"1";""
"202400030768";"155 727 594";"C01";"2";"10";"0";"2";"7";"23";"1";""
"202400030768";"155 727 595";"A01";"2";"7";"0";"2";"3";"23";"1";""
"202400030768";"155 727 596";"B01";"2";"34";"0";"2";"2";"3";"1";""
"202400030769";"155 727 593";"A01";"3";"7";"8";"0";"1";"14";"1";""
"202400030770";"155 727 592";"A01";"3";"50";"0";"0";"0";"26";"3";""
"202400030771";"155 727 591";"A01";"3";"30";"12";"0";"3";"0";"1";""
"202400030772";"155 727 588";"A01";"3";"7";"0";"2";"3";"1";"1";""
"202400030772";"155 727 589";"B01";"3";"50";"0";"2";"8";"0";"3";""
"202400030773";"155 727 587";"A01";"2";"7";"0";"2";"1";"1";"1";""
"202400030773";"155 727 590";"B01";"2";"10";"8";"2";"2";"1";"1";""
"202400030774";"155 727 585";"A01";"2";"7";"0";"2";"1";"12";"1";""
"202400030774";"155 727 586";"B01";"2";"7";"0";"2";"4";"1";"1";""
"202400030775";"155 727 583";"A01";"3";"10";"0";"1";"2";"15";"1";""
"202400030776";"155 727 584";"A01";"2";"7";"0";"1";"2";"17";"1";""
"202400030777";"155 727 581";"A01";"3";"2";"0";"2";"1";"1";"3";""
"202400030777";"155 727 582";"Z01";"3";"32";"0";"2";"4";"23";"0";""
"202400030778";"155 727 579";"B01";"2";"1";"0";"2";"2";"1";"5";""
"202400030778";"155 727 580";"A01";"1";"7";"0";"9";"3";"19";"2";""
"202400030779";"155 727 575";"B01";"2";"1";"0";"0";"0";"0";"5";""
"202400030779";"155 727 577";"A01";"2";"7";"0";"2";"5";"1";"1";""
"202400030780";"155 727 576";"A01";"1";"10";"0";"2";"3";"9";"1";""
"202400030780";"155 727 578";"B01";"1";"1";"0";"0";"0";"0";"5";""
"202400030781";"155 727 574";"Z01";"1";"1";"0";"1";"0";"0";"5";""
"202400030782";"155 727 572";"B01";"2";"7";"0";"2";"3";"23";"1";""
"202400030782";"155 727 573";"A01";"1";"30";"0";"2";"3";"11";"1";""
"202400030783";"155 727 570";"A01";"1";"7";"1";"0";"6";"1";"1";""
"202400030784";"155 727 569";"A01";"2";"1";"0";"0";"0";"0";"5";""
"202400030784";"155 727 571";"Z01";"2";"32";"0";"0";"0";"0";"1";""
"202400030785";"155 727 568";"A01";"3";"7";"0";"1";"3";"15";"0";""
"202400030786";"155 727 566";"A01";"1";"80";"0";"2";"1";"1";"3";""
"202400030786";"155 727 567";"B01";"1";"80";"0";"2";"6";"1";"3";""
"202400030787";"155 727 563";"A01";"2";"7";"0";"2";"8";"15";"1";""
"202400030787";"155 727 564";"B01";"2";"33";"0";"2";"2";"17";"1";""
"202400030788";"155 727 562";"A01";"3";"7";"2";"0";"1";"1";"1";""
"202400030789";"155 727 560";"A01";"2";"31";"0";"2";"0";"1";"3";""
"202400030789";"155 727 561";"B01";"2";"1";"5";"0";"0";"11";"5";""
"202400030790";"155 727 557";"A01";"2";"31";"0";"2";"1";"2";"1";""
"202400030790";"155 727 559";"B01";"1";"7";"0";"2";"8";"1";"1";""
"202400030791";"155 727 558";"A01";"3";"7";"2";"0";"1";"15";"1";""
"202400030792";"155 727 555";"B01";"1";"1";"0";"9";"1";"2";"5";""
"202400030792";"155 727 556";"A01";"1";"30";"1";"0";"4";"2";"1";""
"202400030793";"155 727 552";"Z01";"3";"7";"0";"2";"0";"0";"0";""
"202400030793";"155 727 553";"A01";"3";"30";"0";"2";"1";"1";"1";""
"202400030794";"155 727 549";"A01";"3";"7";"0";"2";"1";"0";"0";""
"202400030794";"155 727 551";"B01";"3";"10";"0";"2";"4";"0";"0";""
"202400030795";"155 727 550";"A01";"1";"30";"0";"2";"8";"26";"1";""
"202400030795";"155 727 554";"Z01";"1";"7";"0";"2";"8";"26";"1";""
"202400030796";"155 727 548";"A01";"0";"10";"8";"1";"0";"20";"0";""
"202400030797";"155 727 545";"B01";"3";"7";"0";"2";"3";"1";"2";""
"202400030797";"155 727 546";"A01";"3";"7";"0";"2";"3";"1";"1";""
"202400030798";"155 727 547";"A01";"1";"7";"6";"0";"1";"1";"1";""
"202400030799";"155 727 544";"A01";"3";"32";"1";"0";"2";"15";"1";""
"202400030800";"155 727 543";"A01";"1";"7";"4";"0";"9";"1";"1";""
"202400030801";"155 727 540";"A01";"2";"31";"0";"2";"3";"1";"1";""
"202400030801";"155 727 541";"B01";"1";"7";"0";"2";"3";"1";"1";""
"202400030802";"155 727 537";"A01";"0";"7";"0";"2";"6";"15";"1";""
"202400030802";"155 727 538";"B01";"0";"33";"0";"2";"2";"0";"1";""
"202400030803";"155 727 539";"A01";"3";"33";"0";"2";"2";"2";"1";""
"202400030803";"155 727 542";"B01";"0";"7";"0";"2";"3";"2";"1";""
"202400030804";"155 727 536";"A01";"3";"7";"0";"1";"1";"13";"0";""
"202400030805";"155 727 534";"A01";"1";"30";"0";"2";"7";"1";"0";""
"202400030805";"155 727 535";"B01";"2";"7";"0";"2";"1";"1";"2";""
"202400030806";"155 727 532";"A01";"3";"7";"14";"0";"9";"26";"2";""
"202400030807";"155 727 528";"A01";"1";"30";"0";"2";"3";"9";"1";""
"202400030807";"155 727 529";"B01";"1";"30";"0";"2";"2";"1";"1";""
"202400030808";"155 727 526";"A01";"1";"31";"1";"0";"0";"0";"1";""
"202400030809";"155 727 525";"A01";"0";"7";"0";"1";"1";"16";"1";""
"202400030810";"155 727 521";"A01";"1";"32";"0";"2";"1";"26";"1";""
"202400030810";"155 727 524";"B01";"1";"7";"0";"2";"2";"1";"1";""
"202400030811";"155 727 522";"A01";"1";"33";"0";"2";"1";"9";"1";""
"202400030811";"155 727 523";"B01";"1";"10";"0";"2";"4";"1";"1";""
"202400030812";"155 727 520";"A01";"1";"31";"0";"1";"1";"1";"1";""
"202400030813";"155 727 517";"A01";"1";"7";"6";"0";"8";"1";"1";""
"202400030814";"155 727 518";"Z01";"2";"7";"0";"2";"2";"16";"0";""
"202400030814";"155 727 519";"A01";"2";"50";"0";"2";"8";"1";"3";""
"202400030815";"155 727 516";"A01";"1";"7";"13";"0";"3";"1";"1";""
"202400030816";"155 727 515";"A01";"1";"7";"11";"0";"1";"1";"1";""
"202400030817";"155 727 513";"A01";"1";"7";"0";"2";"3";"1";"1";""
"202400030817";"155 727 514";"B01";"2";"7";"8";"2";"3";"13";"2";""
"202400030818";"155 727 510";"A01";"0";"0";"1";"0";"1";"0";"0";""
"202400030819";"155 727 511";"B01";"2";"1";"0";"2";"1";"1";"5";""
"202400030819";"155 727 512";"A01";"2";"7";"0";"2";"3";"22";"1";""
"202400030820";"155 727 508";"B01";"1";"7";"0";"2";"1";"26";"1";""
"202400030820";"155 727 509";"A01";"2";"7";"0";"2";"1";"13";"1";""
"202400030821";"155 727 506";"A01";"2";"7";"13";"0";"2";"1";"1";""
"202400030822";"155 727 505";"A01";"2";"7";"0";"2";"7";"16";"1";""
"202400030822";"155 727 507";"B01";"2";"1";"0";"2";"3";"1";"5";""
"202400030823";"155 727 503";"A01";"2";"7";"0";"2";"6";"1";"1";""
"202400030823";"155 727 504";"B01";"2";"2";"0";"2";"3";"1";"1";""
"202400030824";"155 727 502";"A01";"3";"7";"2";"0";"1";"14";"1";""
"202400030825";"155 727 501";"A01";"2";"50";"0";"1";"0";"1";"3";""
"202400030826";"155 727 498";"A01";"2";"10";"0";"2";"1";"0";"1";""
"202400030826";"155 727 499";"B01";"2";"10";"0";"2";"4";"0";"1";""
"202400030826";"155 727 500";"C01";"2";"10";"0";"0";"4";"0";"1";""
"202400030827";"155 727 497";"A01";"1";"32";"14";"0";"8";"13";"1";""
"202400030828";"155 727 493";"Z01";"2";"7";"0";"2";"1";"1";"0";""
"202400030828";"155 727 494";"A01";"2";"7";"0";"2";"4";"23";"1";""
"202400030829";"155 727 495";"A01";"2";"2";"0";"0";"4";"1";"3";""
"202400030829";"155 727 496";"B01";"2";"80";"0";"2";"1";"2";"3";""
"202400030830";"155 727 491";"A01";"1";"7";"13";"0";"1";"0";"1";""
"202400030831";"155 727 490";"A01";"1";"1";"0";"2";"8";"1";"5";""
"202400030831";"155 727 492";"B01";"1";"7";"0";"2";"8";"22";"0";""
"202400030832";"155 727 488";"A01";"2";"33";"4";"2";"1";"2";"1";""
"202400030832";"155 727 489";"B01";"2";"7";"0";"0";"6";"1";"1";""
"202400030833";"155 727 486";"A01";"2";"7";"0";"2";"3";"15";"1";""
"202400030833";"155 727 487";"B01";"2";"2";"0";"2";"2";"15";"1";""
"202400030834";"155 727 485";"A01";"1";"7";"0";"1";"1";"14";"1";""
"202400030835";"155 727 482";"B01";"2";"1";"0";"2";"4";"1";"5";""
"202400030835";"155 727 484";"A01";"2";"1";"0";"2";"1";"2";"5";""
"202400030836";"155 727 481";"A01";"1";"34";"0";"2";"1";"17";"1";""
"202400030836";"155 727 483";"B01";"1";"7";"0";"2";"6";"15";"1";""
"202400030837";"155 727 478";"A01";"2";"7";"0";"2";"1";"1";"1";""
"202400030837";"155 727 480";"B01";"1";"7";"0";"2";"3";"1";"1";""
"202400030838";"155 727 477";"B01";"3";"33";"0";"2";"1";"1";"1";""
"202400030838";"155 727 479";"A01";"3";"7";"0";"2";"2";"15";"2";""
"202400030839";"155 727 476";"A01";"1";"33";"13";"0";"1";"1";"1";""
"202400030840";"155 727 475";"A01";"2";"7";"0";"2";"2";"1";"1";""
"202400030841";"155 727 474";"A01";"2";"7";"0";"0";"9";"1";"1";""
"202400030842";"155 727 471";"B01";"3";"33";"0";"2";"6";"1";"1";""
"202400030842";"155 727 472";"A01";"3";"33";"0";"2";"9";"17";"1";""
"202400030842";"155 727 473";"C01";"3";"10";"0";"2";"1";"1";"1";""
"202400030843";"155 727 468";"A01";"2";"33";"0";"2";"7";"1";"1";""
"202400030843";"155 727 469";"B01";"2";"14";"0";"2";"8";"11";"1";""
"202400030844";"155 727 467";"A01";"2";"7";"0";"2";"7";"0";"1";""
"202400030844";"155 727 470";"B01";"2";"37";"0";"2";"1";"0";"1";"1"
"202400030845";"155 727 465";"A01";"3";"7";"0";"2";"1";"13";"1";""
"202400030845";"155 727 466";"B01";"3";"7";"0";"2";"3";"1";"2";""
"202400030846";"155 727 463";"B01";"1";"1";"0";"2";"1";"1";"5";""
"202400030846";"155 727 464";"A01";"1";"32";"0";"2";"7";"16";"1";""
"202400030847";"155 727 461";"A01";"2";"7";"0";"2";"3";"1";"2";""
"202400030847";"155 727 462";"B01";"2";"7";"0";"2";"2";"14";"1";""
"202400030848";"155 727 460";"Z01";"2";"7";"0";"1";"2";"1";"0";""
"202400030849";"155 727 458";"B01";"1";"7";"0";"2";"3";"1";"1";""
"202400030849";"155 727 459";"A01";"1";"7";"4";"2";"2";"17";"1";""
"202400030850";"155 727 456";"A01";"2";"7";"0";"1";"2";"1";"1";""
"202400030851";"155 727 455";"A01";"1";"7";"0";"2";"2";"15";"2";""
"202400030851";"155 727 457";"B01";"2";"31";"0";"2";"1";"1";"1";""
"202400030852";"155 727 452";"A01";"3";"2";"0";"2";"7";"26";"1";""
"202400030852";"155 727 454";"B01";"3";"7";"0";"2";"1";"9";"1";""
"202400030853";"155 727 451";"A01";"1";"30";"0";"2";"1";"17";"3";""
"202400030853";"155 727 453";"B01";"1";"50";"0";"2";"4";"2";"3";""
"202400030854";"155 727 449";"A01";"1";"7";"8";"0";"1";"2";"1";""
"202400030855";"155 727 448";"B01";"0";"7";"0";"0";"4";"16";"1";""
"202400030855";"155 727 450";"A01";"1";"43";"0";"2";"1";"26";"1";""
"202400030856";"155 727 447";"A01";"1";"7";"0";"1";"1";"1";"1";""
"202400030857";"155 727 444";"A01";"2";"2";"0";"2";"8";"17";"1";""
"202400030857";"155 727 446";"B01";"2";"7";"0";"2";"5";"1";"1";""
"202400030858";"155 727 441";"A01";"1";"7";"0";"0";"4";"1";"1";""
"202400030858";"155 727 443";"B01";"1";"7";"0";"2";"4";"1";"1";""
"202400030858";"155 727 445";"C01";"1";"10";"0";"2";"1";"1";"1";""
"202400030859";"155 727 440";"A01";"2";"7";"0";"2";"1";"5";"1";""
"202400030859";"155 727 442";"B01";"1";"7";"0";"2";"1";"1";"2";""
"202400030860";"155 727 439";"A01";"1";"7";"3";"0";"1";"0";"1";""
"202400030861";"155 727 438";"A01";"2";"10";"0";"1";"1";"1";"1";""
"202400030862";"155 727 436";"C01";"3";"2";"0";"2";"1";"26";"1";""
"202400030862";"155 727 437";"A01";"3";"7";"0";"2";"3";"0";"1";""
"202400030863";"155 727 435";"A01";"1";"7";"13";"0";"2";"14";"1";""
"202400030864";"155 727 434";"A01";"2";"7";"6";"0";"1";"1";"1";""
"202400030865";"155 727 433";"A01";"1";"7";"0";"1";"3";"19";"2";""
"202400030866";"155 727 431";"A01";"2";"7";"0";"2";"1";"1";"1";""
"202400030866";"155 727 432";"B01";"1";"7";"0";"2";"1";"1";"2";""
"202400030867";"155 727 430";"A01";"1";"7";"0";"1";"2";"1";"1";""
"202400030868";"155 727 429";"A01";"1";"7";"13";"0";"9";"6";"1";""
"202400030869";"155 727 428";"A01";"1";"7";"2";"0";"1";"1";"1";""
"202400030870";"155 727 427";"A01";"2";"7";"0";"1";"3";"1";"1";""
"202400030871";"155 727 425";"A01";"1";"7";"0";"2";"1";"5";"1";""
"202400030871";"155 727 426";"B01";"2";"7";"0";"2";"1";"1";"1";""
"202400030872";"155 727 423";"A01";"2";"32";"0";"0";"0";"1";"1";""
"202400030873";"155 727 421";"A01";"1";"13";"15";"0";"7";"1";"1";""
"202400030874";"155 727 419";"A01";"2";"7";"3";"2";"1";"1";"1";""
"202400030874";"155 727 420";"B01";"2";"10";"0";"2";"6";"11";"1";""
"202400030875";"155 727 422";"A01";"1";"7";"0";"2";"3";"15";"1";""
"202400030875";"155 727 424";"B01";"1";"7";"0";"2";"6";"15";"1";""
"202400030876";"155 727 417";"A01";"3";"33";"12";"0";"2";"1";"6";""
"202400030877";"155 727 413";"D01";"1";"10";"0";"2";"1";"1";"1";""
"202400030877";"155 727 415";"C01";"1";"10";"0";"2";"7";"1";"1";""
"202400030877";"155 727 416";"A01";"1";"7";"0";"2";"5";"12";"1";""
"202400030877";"155 727 418";"B01";"1";"14";"0";"2";"3";"1";"1";""
"202400030878";"155 727 412";"A01";"1";"38";"0";"2";"1";"2";"1";"4"
"202400030878";"155 727 414";"B01";"1";"15";"0";"2";"4";"2";"1";""
"202400030879";"155 727 410";"B01";"2";"7";"0";"2";"4";"2";"1";""
"202400030879";"155 727 411";"A01";"2";"10";"0";"2";"1";"2";"1";""
"202400030880";"155 727 409";"A01";"3";"36";"0";"0";"8";"0";"1";""
"202400030881";"155 727 405";"A01";"0";"50";"12";"0";"1";"16";"3";""
"202400030882";"155 727 404";"A01";"2";"10";"0";"2";"1";"2";"1";""
"202400030882";"155 727 406";"B01";"2";"10";"0";"2";"4";"1";"1";""
"202400030882";"155 727 407";"C01";"2";"7";"0";"2";"4";"2";"1";""
"202400030882";"155 727 408";"D01";"2";"7";"0";"2";"4";"2";"1";""
"202400030883";"155 727 402";"A01";"1";"7";"0";"1";"1";"1";"1";""
"202400030884";"155 727 403";"A01";"1";"7";"2";"0";"7";"14";"1";""
"202400030885";"155 727 400";"B01";"2";"33";"0";"2";"8";"3";"1";""
"202400030885";"155 727 401";"A01";"2";"10";"0";"2";"7";"12";"1";""
"202400030886";"155 727 399";"A01";"1";"10";"0";"1";"4";"4";"1";""
"202400030887";"155 727 397";"A01";"1";"7";"0";"0";"2";"26";"1";""
"202400030888";"155 727 394";"C01";"2";"7";"0";"2";"2";"1";"1";""
"202400030888";"155 727 395";"D01";"2";"33";"0";"2";"6";"3";"1";""
"202400030888";"155 727 396";"B01";"2";"37";"0";"2";"2";"1";"1";"2"
"202400030888";"155 727 398";"A01";"2";"7";"0";"2";"8";"21";"1";""
"202400030889";"155 727 391";"A01";"2";"7";"0";"2";"4";"1";"1";""
"202400030889";"155 727 393";"B01";"2";"7";"0";"2";"1";"2";"1";""
"202400030890";"155 727 390";"B01";"1";"15";"0";"2";"4";"1";"1";""
"202400030890";"155 727 392";"A01";"1";"7";"0";"2";"1";"21";"1";""
"202400030891";"155 727 387";"A01";"2";"7";"0";"2";"2";"2";"3";""
"202400030891";"155 727 389";"B01";"1";"7";"14";"0";"0";"0";"1";""
"202400030892";"155 727 386";"B01";"2";"7";"0";"2";"4";"2";"1";""
"202400030892";"155 727 388";"A01";"2";"10";"0";"2";"1";"2";"1";""
"202400030893";"155 727 384";"A01";"2";"7";"4";"2";"9";"26";"1";""
"202400030893";"155 727 385";"B01";"2";"7";"0";"2";"7";"1";"1";""
"202400030894";"155 727 382";"A01";"2";"7";"0";"2";"5";"12";"1";""
"202400030894";"155 727 383";"B01";"2";"33";"0";"2";"1";"1";"1";""
"202400030895";"155 727 381";"A01";"2";"7";"3";"0";"2";"1";"1";""
"202400030896";"155 727 379";"B01";"2";"7";"0";"2";"0";"0";"1";""
"202400030896";"155 727 380";"A01";"2";"7";"0";"2";"1";"2";"1";""
"202400030897";"155 727 377";"A01";"1";"31";"0";"2";"9";"3";"1";""
"202400030897";"155 727 378";"B01";"1";"7";"0";"2";"5";"1";"3";""
"202400030898";"155 727 374";"A01";"1";"7";"0";"2";"7";"2";"1";""
"202400030898";"155 727 375";"B01";"1";"31";"0";"2";"8";"0";"1";""
"202400030899";"155 727 373";"A01";"2";"7";"0";"2";"1";"2";"1";""
"202400030899";"155 727 376";"B01";"2";"7";"0";"2";"4";"2";"2";""
"202400030900";"155 727 370";"A01";"1";"15";"0";"1";"5";"20";"1";""
"202400030900";"155 727 372";"B01";"1";"15";"0";"0";"0";"0";"1";""
"202400030901";"155 727 369";"A01";"1";"33";"0";"2";"1";"2";"1";""
"202400030901";"155 727 371";"B01";"1";"7";"0";"2";"5";"2";"1";""
"202400030902";"155 727 367";"A01";"1";"7";"0";"2";"1";"2";"1";""
"202400030902";"155 727 368";"B01";"1";"7";"0";"2";"4";"2";"1";""
"202400030903";"155 727 363";"A01";"2";"7";"0";"2";"2";"21";"1";""
"202400030903";"155 727 365";"B01";"2";"7";"0";"2";"8";"1";"1";""
"202400030903";"155 727 366";"C01";"2";"7";"0";"2";"5";"1";"1";""
"202400030904";"155 727 362";"A01";"2";"7";"0";"2";"7";"12";"1";""
"202400030904";"155 727 364";"B01";"2";"33";"0";"2";"1";"1";"1";""
"202400030905";"155 727 360";"A01";"2";"7";"4";"0";"1";"21";"1";""
"202400030906";"155 727 359";"Z01";"1";"7";"0";"2";"8";"11";"0";""
"202400030906";"155 727 361";"A01";"1";"33";"0";"2";"7";"1";"1";""
"202400030907";"155 727 356";"B01";"1";"10";"0";"2";"4";"1";"1";""
"202400030907";"155 727 357";"A01";"1";"10";"0";"2";"1";"1";"1";""
"202400030908";"155 727 354";"T01";"2";"7";"0";"2";"0";"2";"1";""
"202400030908";"155 727 355";"A01";"2";"7";"0";"2";"1";"2";"1";""
"202400030908";"155 727 358";"B01";"2";"7";"0";"2";"1";"2";"1";""
"202400030909";"155 727 350";"B01";"1";"7";"0";"2";"4";"12";"1";""
"202400030909";"155 727 352";"C01";"1";"13";"0";"2";"6";"1";"1";""
"202400030909";"155 727 353";"A01";"1";"7";"0";"2";"2";"1";"1";""
"202400030910";"155 727 349";"B01";"1";"7";"0";"2";"4";"2";"3";""
"202400030910";"155 727 351";"A01";"1";"7";"0";"2";"1";"2";"1";""
"202400030911";"155 727 348";"A01";"1";"30";"6";"0";"2";"20";"1";""
"202400030912";"155 727 346";"A01";"1";"7";"0";"2";"1";"1";"1";""
"202400030912";"155 727 347";"B01";"1";"7";"0";"2";"4";"2";"2";""
"202400030913";"155 727 345";"A01";"1";"80";"1";"0";"4";"1";"3";""
"202400030914";"155 727 344";"A01";"1";"7";"4";"2";"1";"9";"1";""
"202400030915";"155 727 341";"B01";"3";"7";"0";"2";"1";"2";"1";""
"202400030915";"155 727 343";"A01";"3";"7";"0";"2";"4";"1";"2";""
"202400030916";"155 727 342";"A01";"2";"10";"4";"0";"0";"0";"1";""
"202400030917";"155 727 338";"A01";"2";"10";"0";"2";"1";"15";"1";""
"202400030917";"155 727 340";"B01";"1";"10";"0";"2";"1";"1";"1";""
"202400030918";"155 727 336";"B01";"1";"7";"0";"2";"1";"1";" -1";""
"202400030918";"155 727 337";"A01";"2";"7";"0";"2";"3";"15";"1";""
"202400030918";"155 727 339";"B01";"2";"7";"0";"2";"1";"1";"1";""
"202400030919";"155 727 335";"A01";"3";"30";"0";"0";"0";"19";"1";""
"202400030920";"155 727 334";"A01";"2";"33";"0";"5";"1";"1";"1";""
"202400030921";"155 727 331";"A01";"2";"7";"0";"2";"4";"26";"1";""
"202400030921";"155 727 332";"B01";"2";"7";"0";"2";"1";"26";"1";""
"202400030922";"155 727 330";"A01";"1";"33";"0";"2";"5";"19";"1";""
"202400030922";"155 727 333";"B01";"1";"7";"0";"2";"1";"1";"1";""
"202400030923";"155 727 327";"A01";"1";"7";"0";"2";"3";"15";"1";""
"202400030923";"155 727 329";"B01";"1";"33";"0";"2";"1";"26";"1";""
"202400030924";"155 727 326";"A01";"1";"7";"12";"2";"1";"19";"1";""
"202400030924";"155 727 328";"B01";"1";"30";"0";"2";"3";"1";"1";""
"202400030925";"155 727 323";"B01";"2";"1";"1";"0";"1";"1";"5";""
"202400030925";"155 727 324";"A01";"2";"7";"0";"2";"8";"22";"2";""
"202400030926";"155 727 322";"B01";"1";"50";"0";"2";"1";"21";"3";""
"202400030926";"155 727 325";"A01";"1";"7";"0";"9";"3";"21";"1";""
"202400030927";"155 727 320";"A01";"2";"32";"0";"1";"8";"21";"1";""
"202400030928";"155 727 319";"B01";"1";"10";"0";"2";"3";"1";"0";""
"202400030928";"155 727 321";"A01";"1";"7";"0";"2";"1";"19";"2";""
"202400030929";"155 727 317";"B01";"1";"10";"0";"0";"5";"23";"1";""
"202400030929";"155 727 318";"A01";"1";"7";"0";"2";"3";"1";"1";""
"202400030930";"155 727 315";"B01";"1";"7";"0";"2";"1";"1";"1";""
"202400030930";"155 727 316";"A01";"1";"50";"0";"2";"1";"1";"3";""
"202400030931";"155 727 313";"A01";"1";"50";"0";"2";"1";"5";"3";""
"202400030931";"155 727 314";"B01";"2";"80";"0";"2";"2";"9";"3";""
"202400030932";"155 727 310";"B01";"1";"7";"0";"2";"5";"2";"2";""
"202400030932";"155 727 311";"A01";"1";"30";"0";"2";"3";"14";"3";""
"202400030933";"155 727 309";"A01";"1";"7";"0";"2";"0";"0";"2";""
"202400030933";"155 727 312";"B01";"1";"7";"0";"2";"0";"0";"0";""
"202400030934";"155 727 305";"Z01";"0";"7";"0";"0";"0";"16";"1";""
"202400030934";"155 727 308";"A01";"0";"43";"0";"2";"8";"1";"1";""
"202400030935";"155 727 304";"A01";"1";"7";"0";"2";"1";"1";"1";""
"202400030935";"155 727 306";"B01";"1";"7";"0";"2";"4";"1";"1";""
"202400030935";"155 727 307";"C01";"1";"7";"0";"2";"4";"1";"1";""
"202400030936";"155 727 301";"A01";"3";"7";"0";"2";"4";"2";"1";""
"202400030936";"155 727 303";"B01";"3";"2";"0";"2";"1";"2";"1";""
"202400030937";"155 727 300";"A01";"3";"10";"0";"2";"6";"9";"1";""
"202400030937";"155 727 302";"B01";"3";"7";"0";"2";"3";"1";"1";""
"202400030938";"155 727 298";"B01";"1";"7";"0";"2";"1";"1";"1";""
"202400030938";"155 727 299";"A01";"2";"7";"0";"2";"1";"13";"3";""
"202400030939";"155 727 296";"A01";"2";"10";"6";"2";"1";"17";"1";""
"202400030939";"155 727 297";"B01";"2";"2";"0";"2";"1";"1";"1";""
"202400030940";"155 727 294";"B01";"2";"50";"0";"2";"1";"1";"3";""
"202400030940";"155 727 295";"A01";"2";"7";"0";"2";"1";"15";"1";""
"202400030941";"155 727 293";"A01";"3";"7";"4";"0";"1";"14";"1";""
"202400030942";"155 727 291";"B01";"2";"7";"0";"2";"1";"15";" -1";""
"202400030942";"155 727 292";"A01";"2";"2";"0";"2";"0";"19";"6";""
"202400030943";"155 727 288";"A01";"1";"7";"0";"2";"5";"16";"1";""
"202400030943";"155 727 290";"B01";"1";"1";"0";"2";"1";"1";"5";""
"202400030944";"155 727 287";"B01";"2";"33";"0";"2";"1";"1";"1";""
"202400030944";"155 727 289";"A01";"1";"7";"0";"2";"7";"1";"1";""
"202400030945";"155 727 285";"A01";"0";"7";"9";"0";"2";"14";"1";""
"202400030946";"155 727 284";"A01";"3";"7";"0";"2";"3";"16";"2";""
"202400030946";"155 727 286";"B01";"1";"99";"0";"2";"3";"11";"6";""
"202400030947";"155 727 282";"A01";"0";"7";"0";"2";"1";"2";"1";""
"202400030947";"155 727 283";"B01";"0";"7";"0";"2";"4";"2";"1";""
"202400030948";"155 727 281";"A01";"1";"7";"3";"0";"0";"0";"1";""
"202400030949";"155 727 279";"A01";"3";"7";"16";"0";"3";"19";"1";""
"202400030950";"155 727 276";"A01";"1";"7";"0";"2";"1";"9";"1";""
"202400030950";"155 727 277";"C01";"2";"50";"0";"2";"0";"5";"3";""
"202400030950";"155 727 278";"B01";"2";"50";"0";"2";"1";"5";"3";""
"202400030950";"155 727 280";"D01";"2";"50";"0";"2";"0";"5";"3";""
"202400030951";"155 727 275";"A01";"3";"7";"14";"0";"1";"11";"1";""
"202400030952";"155 727 272";"A01";"1";"37";"0";"2";"0";"1";"2";"1"
"202400030952";"155 727 273";"B01";"1";"1";"0";"2";"0";"1";"5";""
"202400030953";"155 727 271";"B01";"3";"7";"0";"2";"7";"1";"0";""
"202400030953";"155 727 274";"A01";"3";"7";"0";"2";"1";"9";"0";""
"202400030954";"155 727 269";"B01";"2";"32";"1";"2";"1";"1";"0";""
"202400030954";"155 727 270";"A01";"2";"7";"0";"2";"2";"26";"0";""
"202400030955";"155 727 268";"A01";"1";"7";"0";"1";"2";"15";"1";""
"202400030956";"155 727 266";"A01";"2";"34";"14";"0";"1";"0";"1";""
"202400030957";"155 727 265";"B01";"1";"7";"0";"2";"8";"1";"2";""
"202400030957";"155 727 267";"A01";"1";"33";"0";"2";"1";"1";"1";""
"202400030958";"155 727 264";"A01";"1";"7";"0";"1";"2";"1";"1";""
"202400030959";"155 727 263";"A01";"2";"7";"8";"0";"1";"0";"1";""
"202400030960";"155 727 262";"A01";"3";"7";"0";"1";"3";"15";"1";""
"202400030961";"155 727 261";"A01";"2";"7";"0";"1";"2";"14";"1";""
"202400030962";"155 727 259";"A01";"1";"7";"0";"9";"1";"9";"1";""
"202400030962";"155 727 260";"B01";"2";"30";"0";"2";"7";"1";"3";""
"202400030963";"155 727 257";"A01";"1";"7";"0";"2";"2";"9";"1";""
"202400030963";"155 727 258";"B01";"1";"7";"4";"2";"8";"1";"1";""
"202400030964";"155 727 256";"A01";"2";"7";"0";"1";"6";"1";"6";""
"202400030965";"155 727 255";"A01";"3";"7";"11";"0";"0";"0";"1";""
"202400030966";"155 727 254";"A01";"2";"7";"3";"0";"3";"14";"1";""
"202400030967";"155 727 251";"A01";"2";"7";"0";"2";"1";"2";"1";""
"202400030967";"155 727 252";"B01";"2";"7";"0";"2";"9";"2";"3";""
"202400030967";"155 727 253";"C01";"2";"7";"0";"2";"4";"2";"1";""
"202400030968";"155 727 249";"B01";"1";"10";"0";"2";"1";"2";"1";""
"202400030968";"155 727 250";"A01";"1";"7";"0";"0";"4";"15";"1";""
"202400030969";"155 727 247";"A01";"2";"7";"0";"2";"3";"15";"1";""
"202400030969";"155 727 248";"B01";"1";"32";"0";"2";"1";"1";"1";""
"202400030970";"155 727 246";"A01";"1";"7";"2";"0";"2";"1";"1";""