"Num_Acc";"id_vehicule";"num_veh";"senc";"catv";"obs";"obsm";"choc";"manv";"motor";"occutc"
"202400031364";"155 726 529";"B01";"1";"7";"0";"2";"2";"10";"1";""
"202400031365";"155 726 523";"A01";"3";"10";"0";"1";"4";"4";"1";""
"202400031366";"155 726 522";"B01";"1";"7";"0";"2";"4";"2";"1";""
"202400031366";"155 726 525";"A01";"1";"7";"0";"2";"1";"2";"1";""
"202400031367";"155 726 520";"A01";"0";"30";"0";"2";"1";"5";"1";""
"202400031367";"155 726 524";"B01";"0";"7";"0";"2";"1";"1";"1";""
"202400031368";"155 726 519";"A01";"2";"7";"0";"2";"7";"16";"1";""
"202400031368";"155 726 521";"B01";"2";"1";"0";"2";"8";"2";"5";""
"202400031369";"155 726 517";"A01";"2";"7";"0";"1";"1";"26";"1";""
"202400031370";"155 726 516";"A01";"2";"7";"0";"2";"4";"23";"1";""
"202400031370";"155 726 518";"B01";"2";"7";"0";"2";"1";"1";"1";""
"202400031371";"155 726 514";"B01";"2";"7";"0";"2";"4";"2";"3";""
"202400031371";"155 726 515";"A01";"2";"7";"0";"2";"1";"2";"1";""
"202400031372";"155 726 511";"A01";"3";"50";"0";"1";"1";"25";"3";""
"202400031373";"155 726 509";"B01";"1";"7";"0";"2";"1";"1";"0";""
"202400031373";"155 726 512";"A01";"1";"7";"0";"2";"8";"15";"0";""
"202400031374";"155 726 507";"A01";"3";"7";"0";"2";"1";"1";"1";""
"202400031374";"155 726 510";"B01";"3";"10";"0";"2";"4";"23";"1";""
"202400031374";"155 726 513";"C01";"3";"7";"0";"2";"4";"0";"1";""
"202400031375";"155 726 504";"A01";"3";"7";"0";"2";"1";"13";"1";""
"202400031375";"155 726 506";"B01";"3";"7";"0";"2";"1";"2";"1";""
"202400031376";"155 726 505";"B01";"1";"2";"0";"2";"7";"17";"1";""
"202400031376";"155 726 508";"A01";"1";"7";"0";"2";"3";"13";"1";""
"202400031377";"155 726 501";"A01";"1";"7";"0";"2";"1";"8";"1";""
"202400031377";"155 726 503";"B01";"2";"37";"0";"2";"3";"24";"1";"1"
"202400031378";"155 726 499";"A01";"2";"30";"0";"2";"1";"1";"1";""
"202400031378";"155 726 502";"B01";"2";"7";"0";"2";"6";"26";"1";""
"202400031379";"155 726 498";"A01";"1";"7";"0";"2";"1";"2";"1";""
"202400031379";"155 726 500";"B01";"1";"7";"0";"2";"4";"2";"1";""
"202400031380";"155 726 497";"A01";"1";"7";"4";"0";"0";"16";"1";""
"202400031381";"155 726 494";"B01";"2";"50";"0";"2";"1";"1";"3";""
"202400031381";"155 726 496";"A01";"1";"80";"0";"2";"1";"5";"3";""
"202400031382";"155 726 495";"A01";"1";"7";"0";"1";"1";"15";"2";""
"202400031383";"155 726 488";"A01";"2";"7";"0";"2";"3";"13";"1";""
"202400031383";"155 726 491";"B01";"1";"7";"0";"2";"3";"1";"1";""
"202400031384";"155 726 492";"A01";"3";"34";"0";"2";"1";"26";"1";""
"202400031384";"155 726 493";"B01";"3";"10";"0";"2";"3";"19";"1";""
"202400031385";"155 726 487";"A01";"2";"33";"0";"0";"7";"1";"1";""
"202400031385";"155 726 489";"B01";"2";"7";"0";"2";"1";"1";"2";""
"202400031386";"155 726 486";"A01";"1";"37";"0";"1";"2";"1";"1";"1"
"202400031387";"155 726 485";"A01";"2";"32";"0";"1";"1";"1";"1";""
"202400031388";"155 726 483";"A01";"2";"7";"8";"0";"2";"14";"1";""
"202400031389";"155 726 484";"A01";"1";"7";"0";"1";"1";"16";"1";""
"202400031390";"155 726 482";"A01";"3";"7";"0";"1";"1";"0";"1";""
"202400031391";"155 726 480";"A01";"0";"7";"0";"1";"1";"20";"0";""
"202400031392";"155 726 481";"A01";"1";"7";"0";"1";"0";"1";"1";""
"202400031393";"155 726 476";"B01";"1";"34";"0";"2";"4";"26";"1";""
"202400031393";"155 726 478";"A01";"1";"7";"0";"2";"1";"0";"1";""
"202400031394";"155 726 474";"B01";"1";"7";"0";"2";"4";"0";"1";""
"202400031394";"155 726 475";"A01";"0";"10";"0";"2";"1";"1";"1";""
"202400031395";"155 726 473";"B01";"2";"7";"0";"2";"4";"1";"1";""
"202400031395";"155 726 477";"C01";"1";"7";"0";"2";"4";"1";"1";""
"202400031395";"155 726 479";"A01";"2";"7";"0";"2";"1";"1";"1";""
"202400031396";"155 726 472";"A01";"2";"7";"0";"1";"3";"15";"1";""
"202400031397";"155 726 471";"A01";"2";"7";"0";"1";"1";"1";"1";""
"202400031398";"155 726 470";"A01";"2";"7";"0";"1";"2";"15";"2";""
"202400031399";"155 726 469";"A01";"1";"1";"0";"9";"8";"0";"5";""
"202400031400";"155 726 467";"A01";"1";"7";"0";"2";"1";"2";"1";""
"202400031400";"155 726 468";"B01";"1";"7";"0";"2";"4";"2";"1";""
"202400031401";"155 726 463";"B01";"2";"7";"0";"2";"4";"2";"1";""
"202400031401";"155 726 465";"A01";"2";"7";"0";"2";"1";"2";"1";""
"202400031402";"155 726 462";"B01";"1";"7";"2";"2";"1";"21";"1";""
"202400031402";"155 726 466";"A01";"3";"7";"0";"2";"2";"15";"3";""
"202400031403";"155 726 459";"A01";"1";"7";"0";"2";"3";"1";"1";""
"202400031403";"155 726 461";"B01";"1";"33";"0";"2";"4";"1";"1";""
"202400031404";"155 726 458";"B01";"2";"33";"0";"2";"1";"1";"1";""
"202400031404";"155 726 460";"C01";"2";"34";"0";"2";"1";"1";"1";""
"202400031404";"155 726 464";"A01";"2";"1";"0";"2";"4";"15";"5";""
"202400031405";"155 726 456";"A01";"3";"7";"0";"2";"3";"5";"1";""
"202400031405";"155 726 457";"B01";"3";"7";"0";"2";"3";"1";"1";""
"202400031406";"155 726 455";"A01";"2";"7";"6";"0";"1";"26";"1";""
"202400031407";"155 726 454";"A01";"2";"7";"2";"0";"7";"1";"1";""
"202400031408";"155 726 451";"A01";"3";"7";"0";"1";"4";"26";"1";""
"202400031409";"155 726 453";"A01";"3";"7";"0";"1";"8";"15";"3";""
"202400031410";"155 726 450";"A01";"3";"7";"0";"2";"2";"15";"3";""
"202400031410";"155 726 452";"B01";"3";"33";"0";"2";"1";"1";"1";""
"202400031411";"155 726 449";"A01";"1";"7";"2";"0";"1";"1";"1";""
"202400031412";"155 726 446";"A01";"1";"7";"1";"2";"3";"13";"1";""
"202400031412";"155 726 448";"B01";"1";"32";"1";"2";"1";"1";"1";""
"202400031413";"155 726 443";"B01";"1";"7";"0";"2";"6";"23";"1";""
"202400031413";"155 726 447";"A01";"1";"33";"0";"2";"1";"16";"1";""
"202400031414";"155 726 442";"A01";"2";"80";"0";"2";"6";"1";"3";""
"202400031414";"155 726 445";"Z01";"2";"1";"0";"2";"1";"17";"5";""
"202400031415";"155 726 441";"A01";"1";"33";"0";"2";"3";"5";"1";""
"202400031415";"155 726 444";"B01";"2";"33";"0";"2";"3";"1";"1";""
"202400031416";"155 726 439";"A01";"2";"7";"0";"2";"1";"2";"1";""
"202400031416";"155 726 440";"B01";"2";"7";"0";"2";"4";"2";"1";""
"202400031417";"155 726 433";"B01";"1";"7";"0";"2";"5";"12";"1";""
"202400031417";"155 726 435";"C01";"1";"15";"0";"2";"3";"1";"1";""
"202400031417";"155 726 438";"A01";"1";"33";"0";"2";"3";"3";"1";""
"202400031418";"155 726 434";"A01";"1";"7";"12";"2";"3";"13";"2";""
"202400031418";"155 726 436";"B01";"2";"7";"0";"2";"0";"0";"0";""
"202400031419";"155 726 437";"A01";"1";"7";"2";"0";"3";"13";"2";""
"202400031420";"155 726 430";"A01";"2";"7";"0";"2";"1";"1";"1";""
"202400031420";"155 726 432";"B01";"2";"7";"0";"2";"4";"1";"2";""
"202400031421";"155 726 428";"A01";"1";"7";"0";"1";"4";"4";"2";""
"202400031422";"155 726 427";"A01";"1";"7";"16";"0";"9";"17";"1";""
"202400031423";"155 726 426";"A01";"1";"33";"0";"2";"1";"12";"1";""
"202400031423";"155 726 429";"B01";"1";"7";"0";"2";"6";"1";"1";""
"202400031423";"155 726 431";"C01";"1";"7";"0";"2";"2";"1";"3";""
"202400031424";"155 726 425";"A01";"2";"7";"0";"1";"1";"1";"1";""
"202400031425";"155 726 422";"A01";"1";"3";"0";"0";"9";"0";"1";""
"202400031426";"155 726 420";"B01";"3";"7";"0";"2";"4";"2";"1";""
"202400031426";"155 726 424";"A01";"1";"7";"0";"2";"1";"2";"1";""
"202400031427";"155 726 416";"A01";"1";"7";"0";"1";"2";"1";"1";""
"202400031428";"155 726 417";"D01";"1";"10";"0";"2";"4";"23";"1";""
"202400031428";"155 726 418";"B01";"1";"7";"0";"2";"4";"23";"1";""
"202400031428";"155 726 421";"C01";"1";"7";"0";"2";"4";"23";"1";""
"202400031428";"155 726 423";"A01";"1";"10";"0";"2";"1";"2";"1";""
"202400031429";"155 726 414";"A01";"0";"7";"1";"0";"0";"0";"1";""
"202400031430";"155 726 413";"A01";"2";"33";"0";"2";"1";"2";"1";""
"202400031430";"155 726 415";"B01";"2";"7";"0";"2";"5";"2";"1";""
"202400031431";"155 726 410";"A01";"2";"1";"0";"2";"4";"1";"5";""
"202400031431";"155 726 412";"Z01";"2";"7";"0";"2";"1";"1";"0";""
"202400031432";"155 726 409";"A01";"1";"33";"0";"2";"8";"17";"1";""
"202400031432";"155 726 411";"B01";"2";"7";"0";"2";"8";"1";"2";""
"202400031433";"155 726 407";"A01";"2";"37";"0";"1";"2";"1";"1";"1"
"202400031434";"155 726 404";"A01";"2";"7";"0";"1";"4";"4";"1";""
"202400031435";"155 726 405";"A01";"1";"2";"0";"2";"3";"24";"3";""
"202400031435";"155 726 408";"Z01";"1";"7";"1";"0";"2";"1";"1";""
"202400031436";"155 726 403";"A01";"1";"7";"0";"2";"3";"1";"1";""
"202400031436";"155 726 406";"B01";"2";"7";"0";"2";"3";"1";"2";""
"202400031437";"155 726 401";"A01";"1";"15";"4";"0";"2";"1";"1";""
"202400031438";"155 726 397";"A01";"0";"7";"0";"1";"1";"15";"1";""
"202400031439";"155 726 398";"B01";"1";"32";"0";"2";"8";"1";"1";""
"202400031439";"155 726 400";"A01";"1";"7";"0";"2";"1";"9";"1";""
"202400031440";"155 726 399";"A01";"1";"7";"0";"2";"3";"1";"1";""
"202400031440";"155 726 402";"B01";"2";"80";"0";"2";"0";"1";"3";""
"202400031441";"155 726 395";"A01";"2";"7";"0";"2";"1";"5";"1";""
"202400031441";"155 726 396";"B01";"1";"7";"0";"2";"1";"1";"1";""
"202400031442";"155 726 393";"A01";"0";"7";"0";"1";"1";"1";"0";""
"202400031443";"155 726 391";"A01";"1";"7";"0";"1";"1";"1";"1";""
"202400031444";"155 726 390";"A01";"1";"7";"0";"2";"1";"19";"2";""
"202400031444";"155 726 394";"B01";"1";"7";"0";"2";"7";"1";"1";""
"202400031445";"155 726 392";"A01";"2";"40";"0";"1";"2";"1";"3";""
"202400031446";"155 726 388";"A01";"0";"1";"7";"0";"1";"17";"5";""
"202400031447";"155 726 386";"A01";"1";"31";"0";"2";"1";"21";"1";""
"202400031447";"155 726 387";"B01";"2";"7";"0";"2";"1";"23";"1";""
"202400031448";"155 726 385";"B01";"0";"7";"0";"2";"1";"15";"1";""
"202400031448";"155 726 389";"A01";"3";"43";"0";"2";"3";"1";"1";""
"202400031449";"155 726 384";"A01";"2";"7";"0";"1";"2";"1";"1";""
"202400031450";"155 726 381";"A01";"2";"1";"0";"2";"4";"2";"5";""
"202400031450";"155 726 383";"B01";"2";"7";"0";"2";"4";"2";"2";""
"202400031451";"155 726 379";"A01";"1";"50";"0";"2";"8";"18";"3";""
"202400031451";"155 726 382";"B01";"1";"7";"0";"9";"7";"16";"1";""
"202400031452";"155 726 377";"B01";"2";"10";"0";"2";"8";"21";"1";""
"202400031452";"155 726 380";"A01";"1";"7";"0";"2";"8";"13";"1";""
"202400031453";"155 726 376";"B01";"3";"1";"0";"2";"1";"16";"5";""
"202400031453";"155 726 378";"A01";"3";"7";"0";"2";"5";"16";"1";""
"202400031454";"155 726 374";"A01";"1";"7";"0";"1";"2";"15";"1";""
"202400031455";"155 726 372";"A01";"0";"1";"0";"2";"4";"26";"5";""
"202400031455";"155 726 375";"B01";"0";"2";"0";"2";"1";"1";"1";""
"202400031456";"155 726 370";"A01";"1";"7";"0";"2";"1";"15";"1";""
"202400031456";"155 726 373";"B01";"2";"7";"0";"2";"1";"1";"1";""
"202400031457";"155 726 369";"A01";"1";"31";"0";"0";"0";"1";"1";""
"202400031458";"155 726 368";"A01";"1";"7";"14";"0";"4";"23";"1";""
"202400031458";"155 726 371";"Z01";"1";"7";"0";"2";"1";"1";"1";""
"202400031459";"155 726 366";"A01";"0";"7";"0";"1";"1";"1";"2";""
"202400031460";"155 726 362";"B01";"2";"2";"0";"2";"8";"1";"1";""
"202400031460";"155 726 367";"A01";"1";"7";"0";"2";"6";"17";"1";""
"202400031461";"155 726 361";"A01";"1";"30";"0";"2";"1";"17";"1";""
"202400031461";"155 726 364";"B01";"0";"7";"0";"2";"1";"1";"2";""
"202400031462";"155 726 360";"C01";"1";"7";"0";"2";"4";"2";"3";""
"202400031462";"155 726 363";"A01";"2";"7";"0";"2";"1";"2";"1";""
"202400031462";"155 726 365";"B01";"1";"7";"0";"2";"9";"2";"1";""
"202400031463";"155 726 357";"A01";"2";"7";"0";"0";"9";"13";"1";""
"202400031464";"155 726 355";"A01";"2";"7";"0";"0";"3";"22";"2";""
"202400031464";"155 726 358";"B01";"2";"1";"0";"2";"1";"2";"5";""
"202400031465";"155 726 356";"A01";"2";"33";"0";"2";"1";"2";"1";""
"202400031465";"155 726 359";"B01";"2";"33";"0";"2";"4";"23";"1";""
"202400031466";"155 726 352";"A01";"2";"7";"17";"0";"1";"1";"1";""
"202400031467";"155 726 353";"A01";"2";"1";"0";"2";"1";"1";"5";""
"202400031467";"155 726 354";"B01";"2";"7";"0";"2";"4";"1";"2";""
"202400031468";"155 726 349";"B01";"1";"1";"1";"0";"1";"1";"5";""
"202400031468";"155 726 351";"Z01";"1";"7";"0";"9";"5";"23";"1";""
"202400031469";"155 726 348";"A01";"1";"7";"0";"2";"8";"15";"2";""
"202400031469";"155 726 350";"B01";"2";"7";"0";"2";"1";"1";"1";""
"202400031470";"155 726 347";"A01";"1";"31";"7";"0";"8";"1";"1";""
"202400031471";"155 726 343";"A01";"3";"7";"8";"0";"1";"1";"1";""
"202400031472";"155 726 344";"A01";"1";"1";"0";"2";"1";"1";"5";""
"202400031472";"155 726 346";"B01";"1";"7";"0";"2";"2";"1";"1";""
"202400031473";"155 726 341";"B01";"2";"7";"0";"2";"8";"1";"2";""
"202400031473";"155 726 345";"A01";"1";"7";"0";"2";"1";"1";"1";""
"202400031474";"155 726 338";"C01";"1";"10";"0";"9";"4";"1";"1";""
"202400031474";"155 726 340";"A01";"1";"7";"0";"2";"5";"12";"1";""
"202400031474";"155 726 342";"B01";"1";"33";"0";"2";"1";"3";"1";""
"202400031475";"155 726 334";"A01";"1";"7";"0";"2";"2";"1";"1";""
"202400031475";"155 726 337";"B01";"1";"7";"3";"2";"6";"1";"1";""
"202400031476";"155 726 336";"A01";"3";"1";"14";"1";"1";"1";"5";""
"202400031477";"155 726 333";"C01";"1";"1";"0";"2";"2";"1";"5";""
"202400031477";"155 726 335";"B01";"1";"7";"0";"2";"5";"1";"2";""
"202400031477";"155 726 339";"A01";"2";"7";"8";"0";"1";"1";"1";""
"202400031478";"155 726 331";"A01";"2";"7";"3";"0";"5";"1";"1";""
"202400031478";"155 726 332";"B01";"2";"7";"0";"2";"1";"0";"2";""
"202400031479";"155 726 330";"A01";"1";"33";"0";"1";"3";"2";"1";""
"202400031480";"155 726 329";"A01";"1";"7";"15";"0";"2";"1";"1";""
"202400031481";"155 726 325";"A01";"2";"50";"0";"0";"0";"1";"3";""
"202400031482";"155 726 323";"B01";"1";"7";"0";"2";"1";"1";"0";""
"202400031482";"155 726 326";"C01";"2";"7";"0";"2";"3";"1";"0";""
"202400031482";"155 726 328";"A01";"2";"7";"0";"2";"3";"13";"0";""
"202400031483";"155 726 321";"A01";"1";"10";"0";"2";"1";"1";"1";""
"202400031483";"155 726 324";"B01";"1";"3";"0";"2";"3";"1";"1";""
"202400031484";"155 726 322";"A01";"0";"7";"0";"2";"1";"15";"1";""
"202400031484";"155 726 327";"B01";"0";"7";"0";"2";"1";"1";"1";""
"202400031485";"155 726 319";"A01";"2";"32";"15";"0";"1";"0";"1";""
"202400031486";"155 726 316";"A01";"2";"7";"13";"0";"1";"1";"1";""
"202400031487";"155 726 315";"A01";"1";"10";"0";"2";"1";"5";"1";""
"202400031487";"155 726 318";"B01";"2";"7";"0";"2";"8";"1";"1";""
"202400031487";"155 726 320";"C01";"2";"7";"0";"2";"1";"1";"1";""
"202400031488";"155 726 314";"A01";"2";"20";"0";"2";"3";"17";"0";""
"202400031488";"155 726 317";"B01";"2";"7";"0";"2";"2";"1";"1";""
"202400031489";"155 726 312";"A01";"2";"34";"0";"2";"0";"15";"1";""
"202400031489";"155 726 313";"B01";"1";"7";"0";"0";"1";"2";"1";""
"202400031490";"155 726 308";"A01";"1";"7";"13";"0";"1";"16";"1";""
"202400031491";"155 726 310";"A01";"3";"7";"0";"1";"3";"1";"1";""
"202400031492";"155 726 309";"A01";"2";"7";"0";"2";"1";"13";"1";""
"202400031492";"155 726 311";"B01";"1";"7";"0";"2";"2";"1";"1";""
"202400031493";"155 726 307";"A01";"1";"33";"11";"0";"0";"6";"1";""
"202400031494";"155 726 303";"A01";"2";"7";"0";"2";"3";"1";"1";""
"202400031494";"155 726 305";"B01";"1";"33";"0";"2";"3";"13";"1";""
"202400031495";"155 726 302";"A01";"2";"7";"0";"2";"1";"10";"1";""
"202400031495";"155 726 304";"B01";"1";"2";"0";"2";"1";"1";"1";""
"202400031496";"155 726 301";"A01";"1";"33";"0";"2";"1";"1";"1";""
"202400031496";"155 726 306";"B01";"2";"7";"0";"2";"3";"23";"1";""
"202400031497";"155 726 300";"A01";"2";"33";"0";"0";"3";"1";"1";""
"202400031498";"155 726 298";"A01";"1";"7";"15";"0";"7";"1";"1";""
"202400031499";"155 726 297";"A01";"3";"7";"1";"0";"2";"2";"1";""
"202400031500";"155 726 295";"B01";"1";"7";"0";"2";"4";"16";"1";""
"202400031500";"155 726 299";"Z01";"1";"7";"0";"2";"1";"1";"1";""
"202400031501";"155 726 292";"A01";"2";"1";"0";"2";"4";"2";"5";""
"202400031501";"155 726 294";"B01";"3";"7";"0";"2";"2";"26";"1";""
"202400031502";"155 726 293";"A01";"1";"7";"8";"0";"3";"1";"1";""
"202400031503";"155 726 288";"A01";"3";"7";"14";"0";"1";"1";"0";""
"202400031504";"155 726 289";"A01";"2";"7";"0";"2";"4";"23";"1";""
"202400031504";"155 726 291";"B01";"2";"7";"0";"2";"1";"2";"1";""
"202400031505";"155 726 287";"A01";"1";"33";"13";"0";"1";"1";"1";""
"202400031506";"155 726 286";"A01";"2";"7";"0";"2";"1";"2";"1";""
"202400031506";"155 726 290";"B01";"2";"7";"0";"0";"5";"2";"1";""
"202400031507";"155 726 282";"A01";"2";"7";"0";"2";"3";"26";"1";""
"202400031507";"155 726 285";"Y01";"3";"50";"0";"2";"3";"19";"3";""
"202400031508";"155 726 280";"B01";"1";"21";"0";"2";"1";"21";"0";""
"202400031508";"155 726 284";"A01";"1";"7";"0";"2";"1";"13";"0";""
"202400031509";"155 726 279";"A01";"2";"7";"0";"2";"3";"5";"3";""
"202400031509";"155 726 283";"B01";"1";"10";"0";"2";"3";"0";"1";""
"202400031510";"155 726 278";"B01";"2";"80";"0";"0";"4";"13";"3";""
"202400031510";"155 726 281";"A01";"2";"31";"0";"2";"7";"2";"1";""
"202400031511";"155 726 277";"A01";"2";"7";"2";"0";"3";"1";"1";""
"202400031512";"155 726 273";"B01";"2";"7";"0";"2";"3";"15";"1";""
"202400031512";"155 726 275";"A01";"2";"30";"0";"2";"2";"1";"3";""
"202400031513";"155 726 271";"A01";"2";"7";"0";"2";"1";"1";"1";""
"202400031513";"155 726 276";"B01";"2";"7";"0";"0";"5";"1";"1";""
"202400031514";"155 726 269";"A01";"1";"7";"6";"0";"1";"1";"2";""
"202400031515";"155 726 263";"B01";"0";"7";"0";"2";"8";"1";"0";""
"202400031515";"155 726 267";"A01";"0";"7";"0";"2";"1";"1";"0";""
"202400031516";"155 726 258";"A01";"2";"33";"0";"0";"8";"1";"1";""
"202400031517";"155 726 259";"B01";"1";"7";"0";"0";"1";"1";"1";""
"202400031517";"155 726 262";"A01";"2";"7";"0";"2";"2";"15";"2";""
"202400031517";"155 726 266";"C01";"2";"10";"0";"2";"6";"1";"1";""
"202400031518";"155 726 255";"E01";"2";"7";"0";"9";"1";"1";"1";""
"202400031518";"155 726 256";"F01";"2";"10";"14";"0";"1";"1";"1";""
"202400031518";"155 726 260";"A01";"2";"17";"4";"0";"0";"1";"1";""
"202400031518";"155 726 261";"B01";"2";"7";"14";"0";"1";"1";"1";""
"202400031518";"155 726 265";"C01";"2";"7";"14";"0";"1";"1";"1";""
"202400031518";"155 726 268";"D01";"2";"7";"14";"0";"1";"1";"1";""
"202400031518";"155 726 270";"G01";"2";"7";"14";"0";"1";"1";"1";""
"202400031519";"155 726 254";"A01";"0";"7";"0";"2";"1";"1";"1";""
"202400031519";"155 726 257";"B01";"0";"7";"0";"2";"4";"1";"2";""
"202400031520";"155 726 252";"A01";"2";"7";"2";"0";"1";"2";"1";""
"202400031521";"155 726 248";"A01";"1";"7";"0";"2";"3";"13";"1";""
"202400031521";"155 726 251";"B01";"2";"7";"0";"2";"3";"1";"1";""
"202400031522";"155 726 247";"Y01";"3";"60";"0";"2";"3";"19";"5";""
"202400031522";"155 726 250";"A01";"3";"32";"0";"2";"8";"1";"1";""
"202400031523";"155 726 245";"B01";"1";"33";"0";"2";"1";"1";"1";""
"202400031523";"155 726 249";"A01";"2";"7";"0";"2";"2";"15";"1";""
"202400031524";"155 726 243";"A01";"2";"2";"0";"5";"0";"1";"1";""
"202400031525";"155 726 241";"A01";"1";"33";"0";"2";"1";"2";"1";""
"202400031525";"155 726 244";"B01";"1";"7";"0";"0";"4";"2";"1";""
"202400031526";"155 726 240";"A01";"2";"33";"0";"0";"0";"0";"0";""
"202400031527";"155 726 237";"A01";"1";"7";"17";"0";"1";"1";"1";""
"202400031528";"155 726 239";"A01";"3";"7";"0";"2";"2";"19";"1";""
"202400031528";"155 726 242";"B01";"3";"7";"0";"2";"3";"1";"1";""
"202400031529";"155 726 236";"B01";"3";"1";"0";"2";"1";"26";"5";""
"202400031529";"155 726 238";"A01";"3";"7";"0";"9";"8";"15";"1";""
"202400031530";"155 726 233";"B01";"2";"7";"3";"0";"4";"2";"1";""
"202400031530";"155 726 235";"A01";"2";"7";"0";"2";"1";"2";"1";""
"202400031531";"155 726 232";"B01";"1";"7";"0";"2";"4";"2";"3";""
"202400031531";"155 726 234";"A01";"1";"7";"3";"2";"1";"2";"3";""
"202400031532";"155 726 227";"B01";"1";"10";"0";"0";"5";"1";"1";""
"202400031532";"155 726 230";"A01";"1";"33";"0";"2";"3";"13";"1";""
"202400031533";"155 726 226";"B01";"2";"7";"1";"2";"3";"1";"1";""
"202400031533";"155 726 228";"A01";"1";"7";"0";"2";"3";"17";"1";""
"202400031534";"155 726 225";"A01";"2";"7";"0";"2";"8";"26";"1";""
"202400031534";"155 726 229";"B01";"1";"7";"0";"2";"3";"1";"1";""
"202400031535";"155 726 224";"A01";"2";"7";"0";"2";"2";"19";"1";""
"202400031535";"155 726 231";"B01";"1";"7";"0";"2";"1";"1";"1";""
"202400031536";"155 726 221";"A01";"1";"7";"0";"2";"7";"15";"1";""
"202400031536";"155 726 223";"B01";"2";"2";"0";"2";"1";"1";"1";""
"202400031537";"155 726 220";"A01";"2";"7";"13";"0";"2";"14";"1";""
"202400031538";"155 726 219";"B01";"2";"99";"0";"9";"2";"17";"1";""
"202400031538";"155 726 222";"A01";"2";"21";"2";"0";"6";"1";"0";""
"202400031539";"155 726 217";"A01";"1";"7";"1";"0";"1";"14";"1";""
"202400031540";"155 726 215";"B01";"2";"7";"0";"2";"3";"1";"1";""
"202400031540";"155 726 218";"A01";"1";"7";"0";"2";"1";"13";"1";""
"202400031541";"155 726 213";"A01";"1";"7";"0";"2";"4";"1";"1";""
"202400031541";"155 726 216";"B01";"1";"7";"0";"2";"1";"12";"1";""
"202400031542";"155 726 211";"A01";"0";"7";"1";"0";"1";"1";"1";""
"202400031543";"155 726 212";"A01";"2";"7";"0";"9";"0";"16";"1";""
"202400031543";"155 726 214";"B01";"2";"1";"0";"2";"0";"16";"5";""
"202400031544";"155 726 210";"A01";"3";"2";"15";"0";"0";"1";"1";""
"202400031545";"155 726 208";"A01";"2";"7";"15";"0";"2";"1";"1";""
"202400031546";"155 726 207";"B01";"1";"2";"0";"2";"1";"17";"1";""
"202400031546";"155 726 209";"A01";"1";"7";"0";"2";"3";"15";"1";""
"202400031547";"155 726 205";"A01";"1";"2";"0";"0";"0";"1";"1";""
"202400031548";"155 726 204";"A01";"3";"10";"0";"2";"1";"15";"1";""
"202400031548";"155 726 206";"B01";"3";"2";"0";"2";"1";"1";"1";""
"202400031549";"155 726 201";"A01";"1";"7";"0";"2";"3";"13";"1";""
"202400031549";"155 726 202";"B01";"2";"31";"0";"2";"1";"1";"1";""
"202400031550";"155 726 200";"A01";"2";"7";"0";"2";"2";"17";"1";""
"202400031550";"155 726 203";"B01";"2";"38";"0";"2";"6";"1";"1";"1"
"202400031551";"155 726 199";"A01";"2";"7";"3";"1";"2";"1";"1";""
"202400031552";"155 726 196";"A01";"2";"10";"0";"2";"3";"15";"1";""
"202400031552";"155 726 198";"B01";"1";"7";"0";"2";"1";"1";"1";""
"202400031553";"155 726 194";"A01";"1";"7";"3";"0";"1";"9";"1";""
"202400031553";"155 726 197";"B01";"1";"7";"4";"2";"1";"1";"1";""
"202400031554";"155 726 193";"A01";"2";"7";"0";"2";"8";"13";"1";""
"202400031554";"155 726 195";"B01";"1";"15";"0";"2";"3";"1";"1";""
"202400031555";"155 726 191";"A01";"2";"7";"0";"2";"6";"15";"1";""
"202400031555";"155 726 192";"B01";"2";"33";"0";"2";"1";"17";"1";""
"202400031556";"155 726 186";"B01";"2";"7";"0";"2";"4";"1";"1";""
"202400031556";"155 726 188";"C01";"2";"7";"0";"2";"1";"1";"1";""
"202400031556";"155 726 190";"A01";"2";"7";"0";"2";"5";"1";"1";""
"202400031557";"155 726 185";"A01";"1";"7";"0";"2";"1";"20";"1";""
"202400031557";"155 726 187";"B01";"3";"2";"0";"2";"1";"1";"1";""
"202400031558";"155 726 184";"A01";"2";"7";"0";"2";"4";"2";"1";""
"202400031558";"155 726 189";"B01";"2";"7";"0";"2";"2";"2";"1";""
"202400031559";"155 726 182";"A01";"2";"33";"0";"0";"3";"14";"1";""
"202400031560";"155 726 181";"A01";"1";"7";"0";"2";"1";"14";"1";""
"202400031560";"155 726 183";"B01";"1";"7";"4";"2";"2";"1";"1";""
"202400031561";"155 726 178";"A01";"2";"7";"0";"2";"8";"1";"1";""
"202400031561";"155 726 180";"B01";"2";"15";"0";"2";"2";"12";"1";""
"202400031562";"155 726 176";"A01";"2";"15";"0";"2";"6";"1";"1";""
"202400031562";"155 726 177";"B01";"2";"7";"4";"2";"8";"2";"1";""
"202400031563";"155 726 175";"A01";"1";"7";"6";"0";"1";"13";"1";""
"202400031564";"155 726 174";"A01";"3";"7";"0";"1";"7";"1";"1";""
"202400031565";"155 726 173";"A01";"1";"15";"13";"0";"8";"2";"1";""
"202400031566";"155 726 172";"A01";"3";"21";"0";"0";"0";"15";"1";""
"202400031567";"155 726 168";"B01";"3";"2";"0";"2";"1";"1";"3";""
"202400031567";"155 726 170";"A01";"3";"31";"0";"2";"6";"15";"1";""