"Num_Acc";"id_vehicule";"num_veh";"senc";"catv";"obs";"obsm";"choc";"manv";"motor";"occutc"
"202400031568";"155 726 167";"A01";"2";"7";"0";"2";"1";"2";"1";""
"202400031568";"155 726 169";"B01";"2";"7";"0";"2";"4";"2";"2";""
"202400031568";"155 726 171";"C01";"2";"7";"0";"0";"4";"2";"2";""
"202400031569";"155 726 165";"A01";"1";"33";"0";"2";"1";"1";"1";""
"202400031569";"155 726 166";"B01";"2";"7";"0";"2";"2";"15";"1";""
"202400031570";"155 726 163";"A01";"1";"1";"0";"2";"1";"13";"5";""
"202400031570";"155 726 164";"B01";"2";"50";"0";"2";"1";"23";"3";""
"202400031571";"155 726 160";"A01";"2";"33";"0";"2";"1";"16";"1";""
"202400031571";"155 726 162";"B01";"1";"7";"0";"2";"1";"15";"1";""
"202400031572";"155 726 159";"A01";"2";"7";"0";"2";"5";"13";"1";""
"202400031572";"155 726 161";"B01";"1";"2";"0";"2";"8";"16";"1";""
"202400031573";"155 726 158";"A01";"1";"7";"16";"0";"0";"14";"1";""
"202400031574";"155 726 157";"A01";"1";"7";"13";"0";"2";"0";"1";""
"202400031575";"155 726 154";"A01";"2";"3";"0";"2";"8";"15";"3";""
"202400031575";"155 726 155";"B01";"2";"33";"0";"2";"1";"17";"1";""
"202400031576";"155 726 152";"A01";"1";"7";"0";"2";"8";"19";"1";""
"202400031576";"155 726 156";"B01";"1";"7";"0";"2";"1";"1";"1";""
"202400031577";"155 726 151";"A01";"2";"15";"0";"0";"5";"26";"1";""
"202400031577";"155 726 153";"B01";"2";"7";"0";"2";"1";"1";"1";""
"202400031578";"155 726 150";"A01";"1";"7";"15";"0";"0";"1";"1";""
"202400031579";"155 726 149";"A01";"2";"32";"0";"0";"1";"26";"1";""
"202400031580";"155 726 147";"A01";"1";"7";"0";"1";"2";"1";"1";""
"202400031581";"155 726 146";"A01";"2";"7";"0";"2";"3";"15";"1";""
"202400031581";"155 726 148";"B01";"1";"33";"0";"2";"1";"1";"1";""
"202400031582";"155 726 144";"B01";"1";"7";"0";"2";"3";"15";"1";""
"202400031582";"155 726 145";"A01";"1";"32";"0";"2";"2";"17";"1";""
"202400031583";"155 726 142";"A01";"0";"2";"0";"2";"1";"13";"1";""
"202400031583";"155 726 143";"B01";"0";"10";"0";"2";"1";"0";"1";""
"202400031584";"155 726 141";"A01";"3";"10";"0";"1";"1";"26";"1";""
"202400031585";"155 726 140";"A01";"1";"7";"6";"0";"2";"14";"1";""
"202400031586";"155 726 137";"A01";"2";"7";"15";"0";"1";"1";"1";""
"202400031587";"155 726 135";"A01";"1";"7";"0";"2";"3";"1";"1";""
"202400031587";"155 726 138";"B01";"2";"7";"0";"2";"1";"1";"1";""
"202400031588";"155 726 136";"A01";"3";"1";"0";"2";"1";"15";"5";""
"202400031588";"155 726 139";"B01";"3";"2";"0";"2";"1";"1";"3";""
"202400031589";"155 726 131";"A01";"2";"7";"0";"2";"1";"13";"1";""
"202400031589";"155 726 134";"B01";"1";"7";"0";"2";"3";"1";"1";""
"202400031590";"155 726 133";"A01";"1";"33";"3";"0";"0";"1";"1";""
"202400031591";"155 726 130";"B01";"1";"7";"0";"2";"2";"0";"2";""
"202400031591";"155 726 132";"A01";"1";"10";"0";"2";"1";"0";"1";""
"202400031592";"155 726 128";"A01";"3";"7";"0";"1";"2";"9";"0";""
"202400031593";"155 726 125";"A01";"3";"7";"0";"0";"0";"1";"1";""
"202400031594";"155 726 126";"C01";"3";"7";"0";"9";"8";"15";"1";""
"202400031594";"155 726 129";"B01";"1";"2";"0";"0";"1";"1";"1";""
"202400031595";"155 726 124";"A01";"2";"10";"0";"2";"2";"19";"1";""
"202400031595";"155 726 127";"B01";"2";"34";"0";"2";"5";"1";"1";""
"202400031596";"155 726 123";"A01";"0";"7";"0";"1";"1";"1";"1";""
"202400031597";"155 726 122";"A01";"1";"33";"0";"0";"0";"1";"1";""
"202400031598";"155 726 120";"A01";"2";"7";"0";"1";"3";"1";"1";""
"202400031599";"155 726 119";"A01";"2";"7";"0";"2";"3";"9";"1";""
"202400031599";"155 726 121";"B01";"1";"33";"13";"2";"1";"0";"1";""
"202400031600";"155 726 116";"A01";"2";"7";"3";"0";"1";"14";"1";""
"202400031601";"155 726 114";"A01";"1";"7";"0";"2";"3";"13";"1";""
"202400031601";"155 726 115";"B01";"2";"10";"0";"2";"3";"1";"1";""
"202400031602";"155 726 111";"A01";"3";"7";"1";"0";"3";"1";"1";""
"202400031603";"155 726 110";"A01";"1";"7";"0";"1";"3";"16";"1";""
"202400031604";"155 726 109";"B01";"2";"33";"0";"2";"1";"1";"1";""
"202400031604";"155 726 112";"A01";"2";"7";"0";"2";"4";"15";"1";""
"202400031605";"155 726 108";"A01";"1";"7";"15";"0";"1";"13";"1";""
"202400031606";"155 726 107";"A01";"0";"7";"0";"1";"2";"1";"1";""
"202400031607";"155 726 102";"A01";"2";"7";"0";"2";"1";"15";"1";""
"202400031607";"155 726 104";"B01";"1";"7";"0";"2";"1";"1";"1";""
"202400031608";"155 726 103";"B01";"2";"7";"0";"2";"5";"1";"1";""
"202400031608";"155 726 106";"A01";"2";"33";"0";"2";"1";"3";"1";""
"202400031609";"155 726 101";"A01";"2";"7";"0";"2";"1";"15";"1";""
"202400031609";"155 726 105";"B01";"1";"33";"0";"2";"8";"18";"1";""
"202400031610";"155 726 098";"A01";"1";"7";"0";"2";"2";"2";"1";""
"202400031610";"155 726 100";"B01";"1";"1";"0";"2";"4";"1";"5";""
"202400031611";"155 726 097";"A01";"2";"10";"0";"2";"1";"1";"1";""
"202400031611";"155 726 099";"B01";"2";"15";"0";"2";"4";"23";"1";""
"202400031612";"155 726 096";"A01";"1";"7";"4";"0";"3";"11";"1";""
"202400031613";"155 726 095";"A01";"2";"7";"0";"1";"2";"1";"1";""
"202400031614";"155 726 090";"A01";"2";"7";"0";"0";"9";"1";"1";""
"202400031615";"155 726 091";"A01";"1";"7";"0";"2";"1";"1";"1";""
"202400031615";"155 726 093";"B01";"1";"2";"0";"0";"4";"1";"1";""
"202400031616";"155 726 089";"A01";"2";"7";"0";"2";"1";"2";"1";""
"202400031616";"155 726 092";"B01";"2";"7";"0";"2";"4";"2";"1";""
"202400031616";"155 726 094";"C01";"2";"7";"0";"2";"4";"2";"1";""
"202400031617";"155 726 085";"B01";"1";"7";"0";"2";"6";"1";"1";""
"202400031617";"155 726 088";"A01";"1";"7";"0";"2";"2";"14";"1";""
"202400031618";"155 726 084";"A01";"2";"33";"0";"2";"1";"3";"1";""
"202400031618";"155 726 087";"B01";"2";"7";"0";"2";"4";"11";"1";""
"202400031619";"155 726 083";"B01";"1";"7";"0";"0";"8";"5";"1";""
"202400031619";"155 726 086";"A01";"2";"10";"0";"0";"0";"5";"1";""
"202400031620";"155 726 080";"A01";"2";"7";"0";"2";"8";"10";"1";""
"202400031620";"155 726 082";"B01";"2";"37";"0";"2";"2";"1";"0";"3"
"202400031621";"155 726 079";"B01";"2";"7";"0";"2";"2";"12";"1";""
"202400031621";"155 726 081";"A01";"2";"33";"0";"2";"8";"3";"1";""
"202400031622";"155 726 077";"A01";"2";"7";"0";"0";"1";"1";"1";""
"202400031622";"155 726 078";"B01";"1";"7";"0";"0";"1";"0";"1";""
"202400031623";"155 726 075";"A01";"2";"33";"0";"0";"7";"1";"1";""
"202400031624";"155 726 074";"A01";"2";"7";"0";"2";"3";"16";"1";""
"202400031624";"155 726 076";"B01";"0";"1";"0";"2";"8";"1";"0";""
"202400031625";"155 726 072";"A01";"3";"7";"0";"0";"6";"9";"0";""
"202400031625";"155 726 073";"B01";"3";"33";"0";"2";"1";"1";"1";""
"202400031626";"155 726 069";"A01";"1";"7";"0";"2";"7";"12";"1";""
"202400031626";"155 726 070";"B01";"1";"7";"0";"2";"3";"1";"1";""
"202400031627";"155 726 068";"B01";"2";"7";"0";"2";"4";"2";"1";""
"202400031627";"155 726 071";"A01";"2";"7";"0";"2";"1";"2";"1";""
"202400031628";"155 726 065";"A01";"1";"7";"0";"2";"1";"5";"1";""
"202400031628";"155 726 067";"B01";"2";"7";"0";"2";"1";"1";"1";""
"202400031629";"155 726 064";"B01";"1";"15";"0";"2";"4";"2";"1";""
"202400031629";"155 726 066";"A01";"1";"33";"0";"2";"1";"2";"1";""
"202400031630";"155 726 063";"A01";"2";"7";"0";"1";"0";"1";"0";""
"202400031631";"155 726 062";"A01";"2";"7";"8";"0";"3";"1";"1";""
"202400031632";"155 726 061";"A01";"2";"33";"0";"2";"0";"3";"1";""
"202400031633";"155 726 060";"A01";"3";"7";"0";"1";"1";"16";"1";""
"202400031634";"155 726 056";"A01";"1";"7";"2";"0";"2";"1";"1";""
"202400031635";"155 726 057";"A01";"2";"7";"0";"2";"1";"1";"1";""
"202400031635";"155 726 059";"B01";"1";"7";"0";"2";"5";"15";"1";""
"202400031636";"155 726 055";"B01";"1";"13";"0";"2";"2";"12";"1";""
"202400031636";"155 726 058";"A01";"1";"7";"0";"2";"6";"1";"1";""
"202400031637";"155 726 053";"A01";"2";"7";"0";"1";"1";"1";"1";""
"202400031638";"155 726 049";"A01";"1";"7";"3";"0";"2";"14";"1";""
"202400031639";"155 726 051";"B01";"3";"80";"0";"2";"7";"15";"3";""
"202400031639";"155 726 054";"A01";"2";"7";"0";"2";"3";"9";"1";""
"202400031640";"155 726 047";"A01";"1";"33";"0";"0";"0";"9";"1";""
"202400031641";"155 726 045";"B01";"1";"2";"0";"2";"7";"17";"3";""
"202400031641";"155 726 048";"A01";"3";"7";"0";"2";"5";"15";"1";""
"202400031642";"155 726 044";"A01";"2";"7";"2";"0";"8";"0";"1";""
"202400031643";"155 726 043";"A01";"1";"7";"0";"2";"2";"1";"1";""
"202400031643";"155 726 046";"B01";"1";"7";"0";"2";"3";"15";"1";""
"202400031644";"155 726 040";"A01";"1";"7";"0";"1";"3";"1";"1";""
"202400031645";"155 726 036";"C01";"3";"7";"0";"2";"0";"0";"0";""
"202400031645";"155 726 039";"A01";"3";"7";"0";"2";"1";"1";"1";""
"202400031645";"155 726 042";"B01";"1";"7";"0";"2";"1";"1";"1";""
"202400031646";"155 726 035";"A01";"2";"33";"11";"0";"1";"1";"1";""
"202400031647";"155 726 034";"C01";"3";"7";"0";"2";"4";"2";"1";""
"202400031647";"155 726 037";"D01";"3";"7";"0";"2";"4";"2";"1";""
"202400031647";"155 726 038";"A01";"3";"7";"0";"2";"1";"2";"1";""
"202400031647";"155 726 041";"B01";"3";"7";"0";"2";"4";"2";"1";""
"202400031648";"155 726 033";"A01";"1";"7";"1";"0";"3";"1";"1";""
"202400031649";"155 726 030";"A01";"1";"7";"0";"2";"2";"12";"1";""
"202400031649";"155 726 032";"B01";"1";"32";"0";"2";"6";"1";"1";""
"202400031650";"155 726 029";"A01";"1";"10";"0";"2";"1";"26";"1";""
"202400031650";"155 726 031";"B01";"2";"50";"0";"2";"1";"1";"3";""
"202400031651";"155 726 027";"B01";"2";"31";"0";"2";"1";"1";"1";""
"202400031651";"155 726 028";"A01";"1";"7";"0";"2";"2";"15";"2";""
"202400031652";"155 726 025";"B01";"1";"7";"0";"2";"1";"1";"1";""
"202400031652";"155 726 026";"A01";"1";"7";"0";"2";"5";"1";"1";""
"202400031653";"155 726 023";"A01";"0";"7";"0";"2";"1";"2";"0";""
"202400031653";"155 726 024";"B01";"3";"7";"0";"2";"0";"0";"0";""
"202400031654";"155 726 022";"A01";"3";"10";"0";"1";"2";"2";"1";""
"202400031655";"155 726 021";"A01";"1";"30";"0";"0";"7";"1";"1";""
"202400031656";"155 726 018";"A01";"2";"31";"0";"1";"1";"1";"1";""
"202400031657";"155 726 019";"A01";"1";"7";"7";"0";"1";"0";"1";""
"202400031658";"155 726 017";"B01";"2";"33";"0";"2";"1";"1";"1";""
"202400031658";"155 726 020";"A01";"1";"7";"0";"2";"6";"15";"1";""
"202400031659";"155 726 015";"A01";"1";"7";"0";"2";"2";"1";"1";""
"202400031659";"155 726 016";"B01";"2";"7";"0";"2";"3";"16";"1";""
"202400031660";"155 726 014";"A01";"2";"10";"0";"1";"1";"15";"1";""
"202400031661";"155 726 012";"A01";"1";"1";"0";"2";"7";"15";"5";""
"202400031661";"155 726 013";"B01";"2";"7";"0";"2";"1";"1";"1";""
"202400031662";"155 726 011";"A01";"1";"43";"0";"0";"0";"1";"1";""
"202400031663";"155 726 009";"A01";"1";"7";"0";"2";"5";"1";"1";""
"202400031663";"155 726 010";"B01";"1";"1";"0";"2";"8";"1";"5";""
"202400031664";"155 726 006";"A01";"2";"7";"0";"2";"1";"2";"1";""
"202400031664";"155 726 008";"B01";"2";"7";"0";"2";"4";"2";"1";""
"202400031665";"155 726 005";"A01";"1";"7";"0";"2";"4";"23";"1";""
"202400031665";"155 726 007";"B01";"1";"7";"0";"2";"1";"2";"1";""
"202400031666";"155 726 004";"A01";"2";"7";"0";"1";"1";"16";"1";""
"202400031667";"155 725 999";"A01";"1";"7";"0";"2";"3";"1";"1";""
"202400031667";"155 726 002";"B01";"1";"7";"0";"2";"2";"15";"1";""
"202400031668";"155 725 997";"A01";"1";"7";"0";"2";"1";"1";"1";""
"202400031668";"155 725 998";"C01";"1";"7";"0";"2";"4";"1";"1";""
"202400031668";"155 726 000";"B01";"1";"7";"0";"2";"9";"1";"1";""
"202400031669";"155 726 001";"A01";"1";"10";"0";"2";"8";"11";"1";""
"202400031669";"155 726 003";"B01";"1";"34";"0";"2";"1";"1";"1";""
"202400031670";"155 725 995";"B01";"1";"7";"0";"2";"1";"1";"1";""
"202400031670";"155 725 996";"A01";"2";"10";"12";"2";"1";"13";"1";""
"202400031671";"155 725 994";"A01";"2";"7";"0";"1";"1";"16";"3";""
"202400031672";"155 725 990";"A01";"1";"7";"0";"2";"8";"11";"1";""
"202400031672";"155 725 992";"B01";"1";"33";"0";"2";"2";"1";"1";""
"202400031673";"155 725 991";"B01";"2";"7";"0";"2";"4";"12";"1";""
"202400031673";"155 725 993";"A01";"2";"30";"0";"2";"1";"3";"1";""
"202400031674";"155 725 988";"A01";"3";"7";"0";"2";"1";"2";"1";""
"202400031674";"155 725 989";"B01";"3";"7";"0";"2";"4";"2";"1";""
"202400031675";"155 725 987";"A01";"1";"7";"4";"0";"4";"13";"1";""
"202400031676";"155 725 980";"B01";"3";"10";"0";"2";"4";"1";"0";""
"202400031676";"155 725 983";"A01";"3";"7";"0";"2";"2";"26";"1";""
"202400031676";"155 725 985";"C01";"3";"7";"0";"2";"3";"24";"1";""
"202400031676";"155 725 986";"D01";"3";"7";"1";"2";"1";"5";"1";""
"202400031677";"155 725 981";"A01";"2";"7";"0";"2";"3";"15";"1";""
"202400031677";"155 725 984";"B01";"1";"31";"0";"2";"3";"1";"1";""
"202400031678";"155 725 978";"A01";"1";"7";"0";"1";"1";"0";"0";""
"202400031679";"155 725 976";"A01";"2";"37";"0";"1";"7";"1";"1";"1"
"202400031680";"155 725 975";"C01";"1";"7";"0";"2";"4";"2";"1";""
"202400031680";"155 725 977";"A01";"1";"7";"0";"2";"1";"2";"1";""
"202400031680";"155 725 979";"B01";"1";"7";"0";"2";"9";"2";"1";""
"202400031681";"155 725 971";"E01";"1";"7";"1";"0";"4";"20";"1";""
"202400031681";"155 725 973";"A01";"1";"7";"1";"0";"1";"1";"1";""
"202400031682";"155 725 968";"A01";"1";"7";"7";"2";"1";"2";"1";""
"202400031682";"155 725 972";"B01";"1";"10";"0";"2";"4";"2";"1";""
"202400031683";"155 725 963";"A01";"2";"7";"0";"2";"4";"23";"1";""
"202400031683";"155 725 965";"B01";"2";"7";"0";"2";"4";"1";"1";""
"202400031683";"155 725 967";"C01";"2";"7";"0";"2";"7";"1";"1";""
"202400031683";"155 725 970";"D01";"2";"7";"0";"2";"2";"1";"1";""
"202400031684";"155 725 961";"B01";"1";"50";"1";"0";"2";"1";"3";""
"202400031684";"155 725 962";"A01";"1";"7";"1";"9";"6";"22";"1";""
"202400031685";"155 725 960";"A01";"2";"33";"0";"2";"1";"18";"1";""
"202400031685";"155 725 964";"B01";"2";"50";"0";"2";"4";"1";"3";""
"202400031686";"155 725 966";"A01";"2";"7";"0";"2";"5";"15";"1";""
"202400031686";"155 725 969";"B01";"2";"7";"0";"2";"6";"15";"1";""
"202400031686";"155 725 974";"C01";"1";"33";"0";"2";"1";"1";"1";""
"202400031687";"155 725 958";"A01";"1";"7";"0";"2";"2";"1";"1";""
"202400031687";"155 725 959";"B01";"1";"10";"0";"2";"6";"13";"1";""
"202400031688";"155 725 957";"A01";"3";"2";"0";"0";"3";"26";"1";""
"202400031689";"155 725 955";"A01";"3";"7";"0";"2";"8";"1";"1";""
"202400031689";"155 725 956";"B01";"3";"99";"0";"2";"2";"17";"0";""
"202400031690";"155 725 953";"A01";"2";"7";"4";"2";"1";"1";"1";""
"202400031690";"155 725 954";"B01";"1";"7";"0";"2";"4";"2";"1";""
"202400031691";"155 725 949";"B01";"1";"7";"0";"2";"1";"12";"1";""
"202400031691";"155 725 952";"A01";"1";"13";"0";"2";"1";"1";"1";""
"202400031692";"155 725 946";"B01";"3";"7";"0";"2";"1";"0";"0";""
"202400031692";"155 725 951";"A01";"3";"7";"0";"2";"1";"0";"1";""
"202400031693";"155 725 945";"B01";"2";"7";"0";"2";"4";"23";"1";""
"202400031693";"155 725 947";"A01";"2";"7";"14";"0";"1";"1";"2";""
"202400031694";"155 725 944";"A01";"3";"7";"0";"1";"1";"16";"1";""
"202400031695";"155 725 948";"B01";"1";"31";"0";"2";"1";"1";"1";""
"202400031695";"155 725 950";"A01";"2";"7";"0";"2";"6";"9";"2";""
"202400031696";"155 725 943";"A01";"1";"7";"6";"0";"8";"13";"1";""
"202400031697";"155 725 942";"A01";"2";"7";"0";"1";"1";"15";"1";""
"202400031698";"155 725 937";"A01";"1";"32";"1";"0";"1";"0";"1";""
"202400031698";"155 725 939";"B01";"3";"37";"0";"2";"4";"23";"1";"1"
"202400031699";"155 725 936";"C01";"1";"7";"0";"2";"1";"1";"1";""
"202400031699";"155 725 938";"A01";"2";"7";"0";"2";"1";"13";"2";""
"202400031700";"155 725 934";"B01";"1";"7";"0";"2";"8";"1";"1";""
"202400031700";"155 725 935";"A01";"2";"7";"5";"2";"1";"6";"1";""
"202400031701";"155 725 932";"B01";"1";"33";"1";"0";"1";"1";"1";""
"202400031702";"155 725 930";"A01";"3";"7";"7";"0";"3";"13";"1";""
"202400031703";"155 725 931";"Z01";"0";"7";"0";"1";"4";"4";"0";""
"202400031704";"155 725 933";"B01";"2";"33";"0";"2";"2";"2";"1";""
"202400031704";"155 725 940";"C01";"3";"21";"0";"0";"4";"15";"1";""
"202400031705";"155 725 928";"B01";"3";"7";"6";"2";"4";"20";"1";""
"202400031705";"155 725 929";"A01";"3";"33";"6";"2";"1";"1";"1";""
"202400031706";"155 725 927";"A01";"2";"10";"0";"1";"1";"15";"1";""
"202400031707";"155 725 926";"A01";"3";"7";"0";"1";"1";"1";"1";""
"202400031708";"155 725 924";"A01";"3";"7";"0";"1";"5";"11";"1";""
"202400031709";"155 725 925";"A01";"1";"7";"2";"0";"1";"0";"1";""
"202400031710";"155 725 919";"A01";"1";"7";"8";"2";"1";"26";"0";""
"202400031710";"155 725 922";"B01";"1";"7";"0";"2";"1";"26";"0";""
"202400031711";"155 725 921";"A01";"1";"7";"0";"2";"0";"0";"0";""
"202400031711";"155 725 923";"B01";"1";"7";"0";"2";"4";"2";"1";""
"202400031712";"155 725 917";"B01";"1";"7";"0";"2";"3";"1";"1";""
"202400031712";"155 725 920";"A01";"1";"7";"0";"2";"1";"1";"1";""
"202400031713";"155 725 914";"B01";"1";"7";"0";"2";"2";"0";"1";""
"202400031713";"155 725 918";"A01";"1";"7";"0";"2";"3";"26";"1";""
"202400031714";"155 725 911";"A01";"1";"2";"0";"0";"8";"0";"1";""
"202400031715";"155 725 909";"A01";"2";"7";"0";"2";"2";"13";"1";""
"202400031715";"155 725 912";"C01";"2";"7";"0";"2";"1";"1";"1";""
"202400031715";"155 725 913";"B01";"2";"10";"0";"2";"4";"1";"1";""
"202400031715";"155 725 915";"D01";"2";"7";"0";"2";"1";"0";"1";""
"202400031716";"155 725 908";"B01";"0";"0";"0";"2";"0";"0";"0";""
"202400031716";"155 725 910";"A01";"0";"33";"0";"2";"7";"0";"0";""
"202400031717";"155 725 905";"A01";"2";"7";"0";"0";"0";"1";"1";""
"202400031718";"155 725 906";"A01";"3";"1";"0";"0";"7";"1";"5";""
"202400031719";"155 725 904";"A01";"0";"7";"0";"2";"2";"21";"1";""
"202400031720";"155 725 903";"B01";"0";"7";"0";"2";"1";"1";"1";""
"202400031720";"155 725 907";"A01";"2";"7";"0";"2";"1";"1";"1";""
"202400031721";"155 725 899";"B01";"0";"7";"0";"2";"2";"1";"1";""
"202400031721";"155 725 902";"A01";"0";"80";"0";"2";"1";"1";"3";""
"202400031722";"155 725 898";"B01";"1";"7";"0";"2";"3";"1";"2";""
"202400031722";"155 725 900";"A01";"1";"7";"0";"2";"1";"1";"1";""
"202400031723";"155 725 896";"B01";"2";"7";"0";"2";"3";"21";"1";""
"202400031723";"155 725 901";"A01";"3";"43";"0";"2";"1";"5";"1";""
"202400031724";"155 725 895";"A01";"1";"7";"1";"0";"3";"13";"1";""
"202400031725";"155 725 894";"B01";"2";"30";"0";"2";"1";"1";"1";""
"202400031725";"155 725 897";"A01";"0";"30";"0";"2";"1";"16";"1";""
"202400031726";"155 725 893";"A01";"3";"7";"6";"0";"1";"0";"1";""
"202400031727";"155 725 889";"A01";"3";"7";"0";"1";"7";"1";"1";""
"202400031728";"155 725 883";"C01";"3";"7";"0";"2";"3";"24";"1";""
"202400031728";"155 725 885";"D01";"3";"7";"0";"2";"3";"24";"1";""
"202400031728";"155 725 888";"A01";"2";"7";"1";"2";"3";"13";"1";""
"202400031728";"155 725 891";"B01";"1";"32";"0";"2";"1";"1";"1";""
"202400031729";"155 725 884";"D01";"3";"7";"0";"2";"0";"1";"1";""
"202400031729";"155 725 886";"A01";"3";"7";"9";"2";"9";"19";"1";""
"202400031729";"155 725 887";"B01";"3";"7";"0";"2";"9";"1";"1";""
"202400031729";"155 725 890";"C01";"3";"7";"0";"2";"0";"1";"2";""
"202400031730";"155 725 881";"A01";"2";"7";"1";"1";"2";"1";"1";""
"202400031731";"155 725 882";"A01";"2";"21";"0";"2";"7";"1";"1";""
"202400031731";"155 725 892";"B01";"2";"21";"0";"2";"1";"19";"1";""
"202400031732";"155 725 877";"B01";"1";"7";"0";"2";"1";"9";"1";""
"202400031732";"155 725 880";"A01";"1";"7";"0";"2";"6";"13";"1";""
"202400031733";"155 725 876";"B01";"2";"50";"0";"2";"2";"19";"3";""
"202400031733";"155 725 879";"A01";"2";"7";"0";"2";"1";"1";"1";""
"202400031734";"155 725 875";"A01";"2";"32";"0";"2";"2";"17";"1";""
"202400031734";"155 725 878";"B01";"3";"7";"0";"2";"3";"15";"1";""
"202400031735";"155 725 868";"A01";"1";"7";"0";"2";"8";"9";"1";""
"202400031735";"155 725 872";"B01";"2";"30";"0";"2";"7";"1";"1";""
"202400031736";"155 725 867";"Z01";"2";"13";"0";"2";"5";"2";"1";""
"202400031736";"155 725 871";"A01";"2";"7";"0";"2";"3";"2";"2";""
"202400031737";"155 725 869";"A01";"2";"2";"0";"2";"3";"21";"3";""
"202400031737";"155 725 873";"B01";"2";"7";"0";"2";"7";"16";"2";""
"202400031738";"155 725 866";"C01";"1";"7";"0";"2";"1";"1";"1";""
"202400031738";"155 725 870";"A01";"2";"10";"0";"2";"1";"21";"1";""
"202400031738";"155 725 874";"B01";"2";"7";"0";"2";"3";"1";"1";""
"202400031739";"155 725 863";"A01";"2";"10";"0";"2";"7";"12";"3";""
"202400031739";"155 725 865";"B01";"2";"2";"0";"2";"8";"3";"1";""
"202400031740";"155 725 861";"A01";"1";"7";"4";"0";"1";"9";"1";""
"202400031741";"155 725 860";"A01";"2";"7";"0";"2";"1";"2";"1";""
"202400031741";"155 725 862";"B01";"2";"7";"0";"2";"9";"0";"1";""
"202400031741";"155 725 864";"C01";"2";"7";"0";"2";"0";"0";"2";""
"202400031742";"155 725 857";"B01";"1";"2";"0";"2";"1";"1";"1";""
"202400031742";"155 725 858";"A01";"2";"7";"0";"0";"2";"15";"1";""
"202400031743";"155 725 854";"B01";"1";"7";"0";"2";"1";"1";"1";""
"202400031743";"155 725 856";"A01";"1";"7";"0";"2";"4";"23";"1";""
"202400031744";"155 725 853";"B01";"2";"33";"0";"2";"2";"2";"1";""
"202400031744";"155 725 855";"A01";"2";"7";"0";"2";"3";"20";"0";""
"202400031745";"155 725 859";"A01";"2";"33";"0";"0";"8";"23";"1";""
"202400031746";"155 725 852";"A01";"2";"1";"0";"0";"3";"1";"5";""
"202400031747";"155 725 850";"A01";"1";"37";"0";"1";"7";"1";"1";"1"
"202400031748";"155 725 851";"Z01";"1";"7";"0";"1";"0";"1";"0";""
"202400031749";"155 725 847";"A01";"1";"7";"0";"2";"5";"12";"3";""
"202400031749";"155 725 849";"B01";"1";"31";"0";"2";"3";"1";"1";""
"202400031750";"155 725 844";"A01";"1";"7";"0";"2";"8";"15";"2";""
"202400031750";"155 725 848";"B01";"1";"7";"0";"2";"2";"1";"1";""
"202400031751";"155 725 845";"A01";"3";"30";"0";"2";"1";"1";"1";""
"202400031751";"155 725 846";"B01";"3";"7";"0";"2";"3";"9";"1";""
"202400031752";"155 725 841";"A01";"2";"1";"0";"2";"7";"18";"5";""
"202400031752";"155 725 842";"B01";"2";"37";"0";"2";"7";"1";"2";"1"
"202400031753";"155 725 839";"B01";"1";"2";"0";"2";"8";"15";"1";""
"202400031753";"155 725 843";"A01";"1";"7";"0";"2";"2";"17";"1";""
"202400031754";"155 725 838";"B01";"2";"7";"0";"2";"1";"15";"1";""
"202400031754";"155 725 840";"A01";"1";"2";"0";"2";"8";"2";"3";""
"202400031755";"155 725 837";"A01";"1";"7";"0";"1";"1";"15";"1";""
"202400031756";"155 725 832";"A01";"1";"1";"14";"0";"1";"1";"5";""
"202400031756";"155 725 836";"Z01";"2";"80";"0";"2";"1";"26";"3";""
"202400031757";"155 725 829";"A01";"1";"10";"0";"2";"3";"16";"0";""
"202400031757";"155 725 833";"B01";"1";"50";"0";"2";"1";"0";"3";""
"202400031758";"155 725 831";"A01";"1";"10";"0";"2";"0";"20";"1";""
"202400031758";"155 725 834";"B01";"1";"1";"0";"2";"0";"1";"5";""
"202400031759";"155 725 828";"A01";"1";"7";"0";"1";"3";"19";"1";""
"202400031760";"155 725 826";"A01";"1";"7";"0";"1";"2";"1";"1";""
"202400031761";"155 725 830";"A01";"2";"7";"0";"2";"3";"13";"1";""
"202400031761";"155 725 835";"B01";"1";"7";"13";"2";"3";"1";"1";""
"202400031762";"155 725 827";"A01";"1";"7";"0";"1";"2";"0";"1";""
"202400031763";"155 725 825";"A01";"3";"99";"0";"1";"1";"1";"0";""
"202400031764";"155 725 818";"A01";"2";"1";"0";"2";"6";"13";"5";""
"202400031764";"155 725 821";"B01";"2";"43";"0";"2";"1";"17";"1";""
"202400031765";"155 725 817";"A01";"2";"7";"4";"2";"9";"14";"1";""
"202400031765";"155 725 820";"B01";"2";"7";"0";"2";"1";"1";"1";""
"202400031766";"155 725 819";"B01";"2";"7";"0";"2";"3";"1";"1";""
"202400031766";"155 725 822";"A01";"1";"2";"0";"2";"1";"5";"1";""
"202400031767";"155 725 815";"A01";"1";"7";"0";"2";"1";"26";"1";""
"202400031767";"155 725 816";"B01";"1";"7";"0";"2";"1";"0";"1";""
"202400031767";"155 725 823";"C01";"1";"7";"0";"2";"1";"0";"1";""
"202400031767";"155 725 824";"D01";"1";"7";"0";"2";"4";"0";"1";""