"Num_Acc";"id_vehicule";"num_veh";"senc";"catv";"obs";"obsm";"choc";"manv";"motor";"occutc"
"202400031768";"155 725 812";"A01";"1";"7";"0";"2";"2";"1";"1";""
"202400031768";"155 725 814";"B01";"1";"7";"0";"2";"3";"20";"1";""
"202400031769";"155 725 811";"B01";"2";"7";"15";"2";"1";"17";"0";""
"202400031769";"155 725 813";"A01";"2";"10";"0";"2";"3";"15";"1";""
"202400031770";"155 725 805";"A01";"1";"7";"0";"2";"7";"15";"1";""
"202400031770";"155 725 807";"B01";"2";"50";"0";"2";"1";"1";"3";""
"202400031771";"155 725 809";"B01";"2";"33";"0";"0";"0";"0";"1";""
"202400031771";"155 725 810";"A01";"1";"7";"0";"2";"3";"11";"1";""
"202400031772";"155 725 804";"A01";"3";"37";"0";"2";"1";"1";"2";"1"
"202400031772";"155 725 806";"B01";"3";"1";"0";"2";"8";"19";"5";""
"202400031773";"155 725 802";"A01";"2";"7";"0";"1";"1";"1";"1";""
"202400031774";"155 725 799";"A01";"1";"50";"0";"1";"1";"25";"3";""
"202400031775";"155 725 798";"A01";"0";"50";"0";"2";"0";"0";"3";""
"202400031775";"155 725 801";"B01";"2";"7";"0";"2";"1";"0";"1";""
"202400031776";"155 725 800";"B01";"1";"7";"0";"2";"1";"1";"1";""
"202400031776";"155 725 803";"C01";"1";"33";"0";"2";"1";"1";"1";""
"202400031776";"155 725 808";"A01";"1";"7";"0";"0";"6";"9";"1";""
"202400031777";"155 725 795";"B01";"3";"37";"0";"0";"6";"1";"1";"1"
"202400031777";"155 725 797";"A01";"3";"32";"0";"2";"7";"1";"1";""
"202400031778";"155 725 793";"A01";"1";"50";"0";"2";"1";"5";"3";""
"202400031778";"155 725 796";"B01";"1";"7";"0";"2";"1";"15";"1";""
"202400031779";"155 725 792";"B01";"1";"50";"12";"2";"1";"26";"3";""
"202400031779";"155 725 794";"A01";"1";"7";"0";"2";"6";"23";"1";""
"202400031780";"155 725 791";"A01";"3";"7";"0";"0";"1";"1";"1";""
"202400031781";"155 725 789";"A01";"1";"7";"0";"1";"3";"1";"1";""
"202400031782";"155 725 788";"A01";"3";"7";"0";"2";"3";"13";"1";""
"202400031782";"155 725 790";"B01";"3";"7";"13";"2";"3";"1";"1";""
"202400031783";"155 725 785";"A01";"3";"30";"0";"1";"8";"13";"1";""
"202400031784";"155 725 786";"A01";"3";"7";"0";"1";"0";"0";"0";""
"202400031785";"155 725 784";"A01";"3";"7";"0";"2";"7";"26";"1";""
"202400031785";"155 725 787";"B01";"3";"7";"0";"2";"1";"26";"1";""
"202400031786";"155 725 775";"A01";"3";"7";"0";"2";"3";"1";"1";""
"202400031786";"155 725 780";"B01";"3";"7";"0";"2";"2";"15";"1";""
"202400031787";"155 725 776";"A01";"1";"30";"0";"0";"0";"0";"1";""
"202400031787";"155 725 778";"B01";"1";"7";"0";"0";"0";"0";"1";""
"202400031788";"155 725 779";"A01";"2";"7";"0";"2";"3";"19";"1";""
"202400031788";"155 725 783";"B01";"1";"1";"0";"2";"7";"1";"5";""
"202400031789";"155 725 774";"A01";"3";"33";"15";"2";"1";"1";"1";""
"202400031789";"155 725 777";"B01";"3";"15";"0";"2";"2";"1";"1";""
"202400031790";"155 725 770";"A01";"2";"10";"0";"2";"1";"15";"1";""
"202400031790";"155 725 772";"B01";"1";"50";"0";"2";"8";"1";"3";""
"202400031791";"155 725 766";"A01";"3";"7";"0";"2";"1";"1";"1";""
"202400031791";"155 725 768";"B01";"3";"7";"0";"2";"4";"1";"1";""
"202400031792";"155 725 769";"B01";"1";"7";"2";"2";"3";"1";"1";""
"202400031792";"155 725 773";"A01";"2";"7";"0";"2";"2";"13";"1";""
"202400031793";"155 725 763";"A01";"0";"50";"0";"2";"0";"0";"3";""
"202400031793";"155 725 767";"B01";"0";"7";"0";"2";"3";"0";"1";""
"202400031794";"155 725 765";"A01";"2";"31";"0";"2";"8";"19";"1";""
"202400031794";"155 725 771";"B01";"1";"7";"0";"2";"2";"1";"1";""
"202400031795";"155 725 761";"B01";"3";"15";"0";"2";"1";"1";"1";""
"202400031795";"155 725 764";"A01";"3";"10";"0";"2";"1";"5";"1";""
"202400031796";"155 725 760";"A01";"0";"7";"0";"9";"1";"1";"1";""
"202400031796";"155 725 762";"B01";"0";"1";"0";"2";"4";"1";"5";""
"202400031797";"155 725 757";"A01";"1";"7";"0";"1";"1";"1";"1";""
"202400031798";"155 725 755";"A01";"1";"7";"0";"2";"8";"13";"1";""
"202400031798";"155 725 758";"B01";"2";"2";"0";"2";"8";"13";"1";""
"202400031799";"155 725 754";"B01";"2";"50";"0";"2";"1";"1";"3";""
"202400031799";"155 725 759";"A01";"1";"7";"0";"2";"3";"9";"2";""
"202400031800";"155 725 752";"A01";"3";"7";"0";"1";"1";"1";"1";""
"202400031801";"155 725 750";"B01";"1";"13";"0";"2";"1";"23";"1";""
"202400031801";"155 725 751";"A01";"1";"7";"0";"2";"1";"1";"1";""
"202400031802";"155 725 749";"A01";"3";"33";"2";"0";"8";"1";"1";""
"202400031803";"155 725 748";"A01";"0";"7";"0";"1";"1";"1";"1";""
"202400031804";"155 725 747";"A01";"2";"7";"0";"1";"1";"1";"1";""
"202400031805";"155 725 745";"A01";"1";"7";"0";"2";"1";"15";"1";""
"202400031805";"155 725 746";"B01";"2";"2";"0";"2";"1";"1";"1";""
"202400031806";"155 725 742";"A01";"1";"7";"0";"1";"3";"1";"2";""
"202400031807";"155 725 741";"A01";"2";"7";"0";"2";"1";"1";"1";""
"202400031807";"155 725 744";"B01";"2";"2";"0";"2";"4";"1";"1";""
"202400031808";"155 725 735";"A01";"1";"7";"0";"1";"2";"1";"1";""
"202400031809";"155 725 739";"B01";"1";"7";"0";"2";"2";"26";"1";""
"202400031809";"155 725 743";"A01";"1";"50";"0";"2";"0";"0";"3";""
"202400031810";"155 725 736";"A01";"1";"7";"0";"0";"4";"2";"1";""
"202400031810";"155 725 738";"B01";"1";"31";"0";"2";"1";"1";"1";""
"202400031811";"155 725 734";"A01";"2";"7";"0";"2";"3";"1";"1";""
"202400031811";"155 725 737";"B01";"2";"7";"0";"2";"6";"1";"1";""
"202400031812";"155 725 732";"B01";"1";"7";"0";"2";"4";"23";"1";""
"202400031812";"155 725 733";"A01";"1";"1";"0";"2";"1";"1";"5";""
"202400031813";"155 725 728";"B01";"1";"80";"0";"2";"3";"5";"3";""
"202400031813";"155 725 731";"A01";"2";"7";"0";"2";"2";"16";"1";""
"202400031814";"155 725 727";"B01";"1";"7";"0";"2";"1";"15";"1";""
"202400031814";"155 725 730";"A01";"2";"33";"0";"2";"1";"26";"1";""
"202400031815";"155 725 725";"A01";"1";"7";"0";"1";"3";"1";"1";""
"202400031816";"155 725 721";"A01";"2";"7";"0";"1";"2";"1";"1";""
"202400031817";"155 725 720";"A01";"2";"7";"0";"2";"1";"15";"1";""
"202400031817";"155 725 723";"B01";"1";"7";"0";"2";"8";"1";"1";""
"202400031818";"155 725 718";"A01";"1";"10";"0";"0";"5";"1";"1";""
"202400031818";"155 725 722";"B01";"1";"33";"0";"2";"5";"14";"1";""
"202400031819";"155 725 715";"A01";"1";"7";"0";"2";"1";"19";"1";""
"202400031819";"155 725 717";"C01";"2";"7";"0";"2";"1";"23";"1";""
"202400031819";"155 725 724";"B01";"2";"10";"0";"2";"1";"1";"1";""
"202400031820";"155 725 711";"A01";"2";"7";"0";"2";"3";"0";"1";""
"202400031820";"155 725 713";"B01";"1";"7";"0";"2";"3";"0";"1";""
"202400031821";"155 725 707";"C01";"1";"7";"0";"2";"3";"23";"1";""
"202400031821";"155 725 709";"A01";"1";"7";"0";"2";"1";"1";"1";""
"202400031821";"155 725 712";"B01";"2";"7";"0";"2";"3";"15";"1";""
"202400031822";"155 725 708";"B01";"1";"33";"0";"2";"2";"17";"1";""
"202400031822";"155 725 710";"A01";"1";"7";"0";"2";"5";"16";"1";""
"202400031823";"155 725 705";"A01";"2";"10";"0";"2";"2";"17";"1";""
"202400031823";"155 725 706";"B01";"2";"21";"0";"2";"8";"1";"1";""
"202400031824";"155 725 714";"A01";"2";"30";"0";"0";"2";"1";"1";""
"202400031825";"155 725 701";"A01";"3";"7";"0";"1";"1";"15";"1";""
"202400031826";"155 725 702";"B01";"1";"50";"0";"2";"1";"1";"3";""
"202400031826";"155 725 704";"A01";"1";"7";"0";"2";"5";"12";"1";""
"202400031827";"155 725 703";"A01";"1";"3";"8";"0";"2";"1";"1";""
"202400031828";"155 725 699";"A01";"2";"7";"0";"2";"3";"1";"1";""
"202400031828";"155 725 700";"B01";"1";"7";"0";"0";"0";"0";"1";""
"202400031829";"155 725 695";"A01";"0";"7";"0";"2";"2";"17";"1";""
"202400031829";"155 725 698";"B01";"0";"7";"0";"2";"3";"14";"1";""
"202400031830";"155 725 693";"A01";"2";"30";"0";"1";"1";"1";"1";""
"202400031831";"155 725 692";"A01";"3";"10";"0";"2";"8";"14";"1";""
"202400031831";"155 725 694";"B01";"3";"33";"0";"2";"1";"17";"1";""
"202400031831";"155 725 697";"C01";"3";"17";"0";"2";"8";"5";"1";""
"202400031832";"155 725 688";"A01";"2";"7";"0";"0";"4";"1";"1";""
"202400031832";"155 725 690";"B01";"2";"7";"0";"2";"1";"1";"1";""
"202400031833";"155 725 689";"A01";"2";"7";"0";"2";"7";"17";"1";""
"202400031833";"155 725 691";"B01";"2";"1";"0";"2";"8";"1";"5";""
"202400031834";"155 725 687";"B01";"2";"7";"0";"2";"1";"1";"1";""
"202400031834";"155 725 696";"A01";"1";"1";"0";"2";"1";"13";"5";""
"202400031835";"155 725 685";"A01";"1";"80";"0";"0";"0";"26";"2";""
"202400031836";"155 725 684";"A01";"3";"1";"0";"2";"1";"1";"5";""
"202400031836";"155 725 686";"B01";"3";"50";"0";"2";"1";"1";"3";""
"202400031837";"155 725 682";"A01";"1";"7";"0";"2";"1";"13";"1";""
"202400031837";"155 725 683";"B01";"2";"7";"0";"2";"1";"1";"1";""
"202400031838";"155 725 681";"A01";"2";"7";"0";"1";"3";"15";"1";""
"202400031839";"155 725 679";"A01";"2";"33";"2";"0";"1";"1";"1";""
"202400031840";"155 725 678";"B01";"1";"14";"0";"2";"3";"1";"1";""
"202400031840";"155 725 680";"A01";"2";"33";"0";"2";"1";"13";"1";""
"202400031841";"155 725 677";"A01";"3";"7";"0";"1";"1";"17";"1";""
"202400031842";"155 725 675";"A01";"2";"7";"0";"2";"1";"13";"1";""
"202400031842";"155 725 676";"B01";"1";"7";"0";"2";"1";"1";"1";""
"202400031843";"155 725 672";"A01";"3";"7";"0";"2";"3";"0";"1";""
"202400031843";"155 725 674";"B01";"3";"33";"0";"2";"1";"0";"1";""
"202400031844";"155 725 671";"A01";"1";"7";"0";"1";"3";"1";"1";""
"202400031845";"155 725 670";"A01";"2";"21";"0";"2";"3";"21";"1";""
"202400031845";"155 725 673";"B01";"1";"33";"0";"2";"3";"21";"1";""
"202400031846";"155 725 667";"A01";"1";"10";"0";"2";"1";"1";"1";""
"202400031846";"155 725 669";"B01";"1";"10";"0";"2";"4";"1";"1";""
"202400031847";"155 725 665";"B01";"0";"50";"0";"2";"1";"1";"3";""
"202400031847";"155 725 668";"A01";"0";"7";"0";"2";"6";"1";"1";""
"202400031848";"155 725 664";"A01";"2";"10";"0";"2";"3";"16";"1";""
"202400031848";"155 725 666";"B01";"2";"50";"0";"2";"2";"9";"3";""
"202400031849";"155 725 663";"A01";"2";"7";"3";"0";"1";"13";"1";""
"202400031850";"155 725 658";"B01";"2";"15";"0";"0";"0";"11";"1";""
"202400031850";"155 725 661";"A01";"2";"7";"0";"9";"2";"1";"1";""
"202400031851";"155 725 657";"B01";"3";"7";"0";"2";"1";"1";"1";""
"202400031851";"155 725 662";"A01";"3";"7";"0";"2";"8";"15";"1";""
"202400031852";"155 725 654";"A01";"1";"3";"0";"2";"3";"10";"1";""
"202400031852";"155 725 659";"B01";"1";"33";"0";"2";"7";"21";"1";""
"202400031853";"155 725 655";"B01";"1";"7";"0";"2";"2";"15";"1";""
"202400031853";"155 725 660";"A01";"1";"33";"0";"2";"1";"17";"1";""
"202400031854";"155 725 653";"A01";"2";"33";"4";"0";"8";"17";"1";""
"202400031854";"155 725 656";"B01";"1";"7";"0";"9";"1";"17";"1";""
"202400031855";"155 725 652";"A01";"1";"30";"6";"0";"1";"1";"1";""
"202400031856";"155 725 651";"A01";"1";"7";"0";"1";"1";"1";"1";""
"202400031857";"155 725 650";"A01";"1";"7";"3";"0";"0";"1";"1";""
"202400031858";"155 725 648";"B01";"1";"7";"0";"2";"3";"1";"1";""
"202400031858";"155 725 649";"A01";"2";"7";"0";"2";"3";"1";"1";""
"202400031859";"155 725 647";"A01";"1";"7";"0";"1";"2";"1";"1";""
"202400031860";"155 725 643";"A01";"0";"33";"0";"2";"7";"21";"1";""
"202400031861";"155 725 640";"A01";"3";"7";"0";"2";"3";"9";"1";""
"202400031861";"155 725 645";"B01";"2";"33";"0";"2";"1";"1";"1";""
"202400031862";"155 725 641";"A01";"1";"7";"3";"2";"5";"13";"1";""
"202400031862";"155 725 646";"B01";"2";"7";"0";"2";"2";"1";"1";""
"202400031863";"155 725 639";"A01";"2";"7";"15";"0";"2";"1";"1";""
"202400031864";"155 725 638";"A01";"1";"7";"0";"1";"1";"1";"2";""
"202400031865";"155 725 637";"A01";"1";"33";"0";"0";"8";"1";"1";""
"202400031866";"155 725 634";"A01";"2";"7";"0";"2";"3";"1";"2";""
"202400031866";"155 725 636";"B01";"2";"1";"0";"2";"7";"19";"5";""
"202400031867";"155 725 633";"B01";"2";"2";"0";"2";"1";"1";"1";""
"202400031867";"155 725 635";"A01";"1";"7";"0";"2";"1";"15";"1";""
"202400031868";"155 725 629";"B01";"2";"1";"0";"2";"0";"1";"5";""
"202400031868";"155 725 631";"A01";"2";"7";"0";"2";"2";"16";"1";""
"202400031869";"155 725 625";"A01";"2";"7";"0";"2";"3";"15";"1";""
"202400031869";"155 725 628";"B01";"1";"33";"0";"2";"1";"1";"1";""
"202400031870";"155 725 624";"A01";"1";"7";"0";"2";"1";"13";"1";""
"202400031870";"155 725 630";"B01";"2";"7";"0";"2";"1";"1";"1";""
"202400031871";"155 725 626";"A01";"1";"32";"0";"2";"8";"15";"1";""
"202400031871";"155 725 632";"B01";"1";"7";"0";"2";"8";"1";"1";""
"202400031872";"155 725 621";"B01";"1";"7";"0";"2";"7";"15";"1";""
"202400031872";"155 725 622";"D01";"1";"7";"0";"2";"4";"15";"1";""
"202400031872";"155 725 623";"A01";"1";"7";"0";"2";"1";"11";"1";""
"202400031872";"155 725 627";"C01";"1";"7";"0";"2";"2";"15";"1";""
"202400031873";"155 725 620";"A01";"0";"7";"3";"0";"0";"26";"1";""
"202400031874";"155 725 619";"A01";"2";"7";"8";"0";"0";"0";"1";""
"202400031875";"155 725 618";"A01";"0";"7";"6";"0";"1";"1";"3";""
"202400031876";"155 725 615";"A01";"1";"7";"0";"2";"3";"9";"1";""
"202400031876";"155 725 617";"B01";"1";"7";"0";"2";"5";"2";"1";""
"202400031877";"155 725 612";"A01";"2";"7";"0";"2";"7";"1";"1";""
"202400031877";"155 725 614";"B01";"2";"2";"13";"2";"0";"1";"1";""
"202400031878";"155 725 611";"A01";"1";"14";"0";"2";"4";"15";"1";""
"202400031878";"155 725 613";"B01";"1";"1";"0";"2";"1";"1";"5";""
"202400031879";"155 725 607";"B01";"1";"1";"14";"2";"1";"2";"5";""
"202400031879";"155 725 610";"A01";"1";"7";"0";"2";"5";"23";"1";""
"202400031880";"155 725 608";"A01";"1";"7";"0";"1";"3";"1";"0";""
"202400031881";"155 725 604";"A01";"1";"7";"0";"0";"0";"1";"1";""
"202400031882";"155 725 603";"B01";"3";"10";"0";"2";"1";"1";"1";""
"202400031882";"155 725 605";"A01";"3";"7";"0";"2";"1";"13";"2";""
"202400031883";"155 725 602";"A01";"1";"7";"2";"0";"1";"0";"1";""
"202400031884";"155 725 600";"A01";"2";"7";"0";"1";"1";"1";"1";""
"202400031885";"155 725 599";"A01";"1";"7";"0";"2";"3";"1";"1";""
"202400031885";"155 725 601";"B01";"2";"7";"0";"2";"3";"13";"1";""
"202400031886";"155 725 596";"A01";"2";"7";"0";"2";"8";"15";"1";""
"202400031886";"155 725 598";"B01";"2";"34";"0";"2";"1";"17";"1";""
"202400031887";"155 725 595";"A01";"2";"7";"11";"2";"1";"13";"1";""
"202400031887";"155 725 597";"B01";"1";"10";"0";"2";"2";"1";"1";""
"202400031888";"155 725 594";"A01";"3";"10";"2";"0";"1";"6";"1";""
"202400031889";"155 725 590";"B01";"1";"21";"0";"0";"5";"15";"0";""
"202400031889";"155 725 592";"A01";"1";"7";"0";"2";"1";"1";"1";""
"202400031890";"155 725 591";"A01";"2";"7";"0";"2";"8";"13";"1";""
"202400031890";"155 725 593";"B01";"1";"1";"0";"2";"8";"1";"5";""
"202400031891";"155 725 586";"A01";"3";"7";"0";"2";"1";"1";"1";""
"202400031891";"155 725 589";"B01";"3";"7";"0";"2";"5";"1";"1";""
"202400031892";"155 725 584";"A01";"2";"7";"0";"2";"3";"5";"1";""
"202400031892";"155 725 588";"B01";"2";"7";"0";"2";"1";"1";"3";""
"202400031893";"155 725 585";"B01";"2";"10";"0";"2";"1";"0";"1";""
"202400031893";"155 725 587";"A01";"1";"7";"0";"2";"1";"13";"1";""
"202400031894";"155 725 583";"A01";"2";"50";"0";"0";"1";"1";"3";""
"202400031895";"155 725 582";"A01";"3";"7";"15";"1";"1";"16";"1";""
"202400031896";"155 725 580";"A01";"2";"7";"16";"0";"3";"1";"1";""
"202400031897";"155 725 578";"A01";"3";"7";"0";"2";"1";"1";"1";""
"202400031897";"155 725 581";"B01";"2";"7";"0";"2";"6";"23";"1";""
"202400031898";"155 725 575";"A01";"1";"7";"0";"0";"3";"1";"1";""
"202400031899";"155 725 576";"A01";"1";"7";"14";"0";"2";"1";"1";""
"202400031900";"155 725 573";"A01";"1";"50";"9";"0";"2";"25";"3";""
"202400031901";"155 725 574";"B01";"3";"2";"0";"2";"1";"1";"1";""
"202400031901";"155 725 579";"A01";"1";"10";"0";"0";"6";"15";"1";""
"202400031902";"155 725 569";"A01";"1";"7";"0";"2";"7";"17";"1";""
"202400031902";"155 725 572";"B01";"1";"15";"0";"2";"8";"13";"0";""
"202400031903";"155 725 567";"B01";"1";"7";"0";"2";"1";"1";"1";""
"202400031903";"155 725 571";"A01";"2";"7";"0";"2";"1";"5";"1";""
"202400031904";"155 725 566";"A01";"3";"1";"0";"2";"7";"26";"5";""
"202400031904";"155 725 568";"Z01";"2";"7";"0";"9";"1";"1";"0";""
"202400031905";"155 725 564";"B01";"2";"7";"0";"2";"1";"1";"1";""
"202400031905";"155 725 570";"A01";"1";"7";"0";"2";"1";"5";"1";""
"202400031906";"155 725 563";"A01";"1";"31";"0";"2";"1";"2";"1";""
"202400031906";"155 725 565";"B01";"1";"10";"0";"2";"6";"2";"1";""
"202400031907";"155 725 559";"A01";"0";"1";"0";"2";"2";"19";"5";""
"202400031907";"155 725 562";"B01";"0";"7";"0";"9";"3";"17";"1";""
"202400031908";"155 725 558";"A01";"2";"7";"0";"2";"1";"15";"1";""
"202400031908";"155 725 561";"B01";"1";"10";"0";"2";"2";"1";"1";""
"202400031909";"155 725 556";"A01";"1";"7";"0";"2";"1";"2";"1";""
"202400031909";"155 725 557";"B01";"1";"2";"0";"0";"4";"2";"1";""
"202400031910";"155 725 552";"A01";"1";"7";"0";"2";"2";"2";"1";""
"202400031910";"155 725 555";"B01";"1";"7";"9";"2";"6";"2";"1";""
"202400031911";"155 725 553";"B01";"1";"7";"0";"2";"2";"1";"1";""
"202400031911";"155 725 560";"A01";"2";"7";"0";"2";"3";"15";"1";""
"202400031912";"155 725 550";"A01";"1";"7";"0";"2";"7";"19";"1";""
"202400031912";"155 725 554";"B01";"2";"7";"0";"2";"1";"1";"2";""
"202400031913";"155 725 548";"A01";"1";"7";"0";"9";"1";"16";"1";""
"202400031913";"155 725 551";"B01";"1";"1";"0";"2";"7";"1";"5";""
"202400031914";"155 725 544";"A01";"1";"7";"0";"2";"2";"1";"1";""
"202400031914";"155 725 547";"B01";"2";"7";"0";"2";"3";"1";"1";""
"202400031914";"155 725 549";"C01";"1";"7";"16";"2";"6";"2";"1";""
"202400031915";"155 725 539";"A01";"1";"2";"1";"0";"1";"0";"1";""
"202400031916";"155 725 540";"B01";"1";"7";"0";"2";"1";"9";"1";""
"202400031916";"155 725 545";"A01";"2";"33";"0";"2";"1";"1";"1";""
"202400031917";"155 725 542";"A01";"2";"21";"6";"0";"3";"13";"1";""
"202400031918";"155 725 543";"B01";"2";"33";"0";"2";"1";"1";"1";""
"202400031918";"155 725 546";"A01";"1";"10";"0";"2";"3";"9";"1";""
"202400031919";"155 725 538";"A01";"2";"7";"0";"2";"3";"15";"1";""
"202400031919";"155 725 541";"B01";"2";"43";"0";"2";"1";"17";"1";""
"202400031920";"155 725 534";"B01";"1";"1";"0";"2";"0";"5";"5";""
"202400031920";"155 725 537";"A01";"2";"7";"0";"9";"1";"1";"1";""
"202400031921";"155 725 532";"A01";"0";"2";"0";"2";"1";"13";"1";""
"202400031921";"155 725 536";"B01";"0";"7";"0";"0";"2";"1";"1";""
"202400031922";"155 725 531";"A01";"1";"7";"0";"2";"2";"1";"1";""
"202400031922";"155 725 533";"B01";"1";"7";"0";"2";"2";"23";"1";""
"202400031923";"155 725 530";"A01";"0";"7";"0";"2";"3";"9";"1";""
"202400031923";"155 725 535";"B01";"0";"2";"0";"2";"6";"1";"1";""
"202400031924";"155 725 528";"A01";"2";"7";"0";"2";"1";"5";"1";""
"202400031924";"155 725 529";"B01";"1";"15";"0";"2";"1";"1";"1";""
"202400031925";"155 725 524";"A01";"1";"80";"1";"0";"1";"1";"3";""
"202400031926";"155 725 522";"B01";"3";"7";"0";"2";"2";"1";"1";""
"202400031926";"155 725 527";"A01";"3";"7";"0";"2";"1";"9";"1";""
"202400031927";"155 725 520";"A01";"3";"32";"0";"2";"1";"17";"1";""
"202400031927";"155 725 523";"B01";"3";"7";"0";"2";"3";"2";"1";""
"202400031927";"155 725 526";"C01";"3";"7";"0";"2";"3";"1";"1";""
"202400031928";"155 725 518";"A01";"1";"7";"16";"0";"1";"2";"6";""
"202400031928";"155 725 521";"B01";"1";"7";"0";"0";"7";"26";"1";""
"202400031929";"155 725 514";"A01";"3";"37";"0";"2";"1";"2";"1";"9"
"202400031929";"155 725 525";"B01";"1";"37";"0";"0";"4";"2";"1";"9"
"202400031930";"155 725 513";"A01";"1";"7";"0";"2";"1";"1";"1";""
"202400031930";"155 725 516";"B01";"2";"10";"0";"2";"4";"15";"1";""
"202400031930";"155 725 519";"C01";"2";"7";"0";"2";"1";"1";"1";""
"202400031931";"155 725 510";"A01";"2";"33";"0";"2";"1";"15";"1";""
"202400031931";"155 725 511";"B01";"2";"10";"0";"2";"3";"9";"1";""
"202400031932";"155 725 506";"A01";"1";"7";"6";"0";"1";"2";"1";""
"202400031933";"155 725 507";"A01";"2";"1";"0";"0";"1";"1";"5";""
"202400031934";"155 725 504";"B01";"2";"7";"0";"0";"4";"24";"1";""
"202400031934";"155 725 512";"A01";"2";"10";"1";"0";"1";"1";"1";""
"202400031935";"155 725 503";"A01";"0";"7";"0";"9";"8";"26";"1";""
"202400031935";"155 725 505";"B01";"0";"1";"0";"2";"1";"1";"5";""
"202400031936";"155 725 500";"A01";"1";"7";"2";"2";"2";"21";"1";""
"202400031937";"155 725 499";"A01";"1";"7";"0";"1";"1";"26";"1";""
"202400031938";"155 725 497";"A01";"1";"7";"0";"0";"9";"1";"1";""
"202400031939";"155 725 496";"A01";"3";"7";"0";"2";"1";"1";"1";""
"202400031939";"155 725 498";"B01";"3";"7";"0";"0";"7";"15";"1";""
"202400031939";"155 725 501";"C01";"3";"7";"0";"0";"3";"0";"1";""
"202400031939";"155 725 502";"D01";"3";"7";"0";"0";"3";"1";"1";""
"202400031940";"155 725 494";"A01";"2";"33";"0";"2";"1";"2";"1";""
"202400031940";"155 725 495";"B01";"2";"7";"0";"2";"4";"2";"1";""
"202400031941";"155 725 488";"B01";"2";"10";"3";"2";"6";"1";"1";""
"202400031941";"155 725 491";"A01";"2";"10";"0";"2";"2";"1";"1";""
"202400031942";"155 725 486";"A01";"1";"33";"0";"2";"1";"17";"1";""
"202400031942";"155 725 490";"B01";"2";"7";"0";"2";"1";"1";"1";""
"202400031942";"155 725 493";"C01";"1";"7";"0";"2";"3";"1";"1";""
"202400031943";"155 725 487";"B01";"2";"15";"0";"2";"1";"1";"1";""
"202400031943";"155 725 492";"A01";"2";"7";"0";"2";"8";"19";"1";""
"202400031944";"155 725 485";"A01";"2";"10";"0";"2";"3";"11";"1";""
"202400031944";"155 725 489";"B01";"2";"33";"0";"2";"7";"3";"1";""
"202400031945";"155 725 484";"A01";"1";"33";"0";"6";"1";"1";"1";""
"202400031946";"155 725 482";"A01";"1";"33";"3";"0";"2";"2";"1";""
"202400031947";"155 725 479";"A01";"2";"7";"0";"2";"1";"2";"1";""
"202400031947";"155 725 481";"B01";"2";"7";"0";"0";"4";"2";"2";""
"202400031948";"155 725 478";"C01";"1";"10";"4";"2";"1";"1";"1";""
"202400031948";"155 725 480";"A01";"1";"7";"4";"2";"4";"11";"1";""
"202400031948";"155 725 483";"B01";"1";"10";"0";"2";"1";"1";"1";""
"202400031949";"155 725 475";"B01";"2";"15";"0";"2";"8";"1";"1";""
"202400031949";"155 725 477";"A01";"1";"7";"0";"2";"1";"1";"1";""
"202400031950";"155 725 474";"A01";"1";"17";"4";"0";"3";"26";"1";""
"202400031951";"155 725 471";"B01";"2";"7";"0";"2";"3";"13";"1";""
"202400031951";"155 725 472";"A01";"1";"33";"14";"2";"1";"26";"1";""
"202400031952";"155 725 469";"A01";"2";"32";"0";"2";"1";"3";"1";""
"202400031952";"155 725 470";"B01";"2";"7";"0";"2";"5";"1";"2";""
"202400031953";"155 725 468";"A01";"1";"7";"0";"2";"1";"2";"1";""
"202400031953";"155 725 473";"B01";"1";"7";"0";"0";"4";"1";"1";""
"202400031953";"155 725 476";"C01";"1";"7";"0";"9";"8";"2";"1";""
"202400031954";"155 725 467";"A01";"2";"7";"0";"1";"3";"1";"1";""
"202400031955";"155 725 463";"A01";"2";"33";"0";"2";"1";"3";"1";""
"202400031955";"155 725 464";"C01";"2";"10";"0";"2";"7";"1";"1";""
"202400031955";"155 725 466";"B01";"2";"43";"0";"2";"5";"2";"1";""
"202400031956";"155 725 462";"A01";"1";"7";"0";"2";"1";"2";"1";""
"202400031956";"155 725 465";"B01";"1";"7";"0";"0";"4";"2";"1";""
"202400031957";"155 725 460";"B01";"0";"7";"0";"2";"8";"0";"0";""
"202400031957";"155 725 461";"A01";"0";"7";"0";"2";"0";"0";"1";""
"202400031958";"155 725 458";"A01";"2";"33";"0";"2";"3";"3";"1";""
"202400031958";"155 725 459";"B01";"2";"7";"0";"2";"2";"12";"1";""
"202400031959";"155 725 454";"A01";"1";"33";"0";"0";"7";"0";"1";""
"202400031960";"155 725 453";"A01";"1";"7";"0";"2";"3";"15";"1";""
"202400031960";"155 725 456";"B01";"1";"33";"0";"2";"1";"0";"1";""
"202400031961";"155 725 455";"A01";"2";"7";"0";"2";"2";"15";"1";""
"202400031961";"155 725 457";"B01";"1";"33";"0";"2";"1";"1";"1";""
"202400031962";"155 725 451";"B01";"3";"32";"0";"2";"1";"1";"1";""
"202400031962";"155 725 452";"A01";"0";"7";"0";"2";"0";"5";"0";""
"202400031963";"155 725 450";"A01";"2";"7";"0";"1";"2";"0";"1";""
"202400031964";"155 725 447";"A01";"0";"7";"0";"2";"2";"15";"1";""