"Num_Acc";"id_vehicule";"num_veh";"senc";"catv";"obs";"obsm";"choc";"manv";"motor";"occutc"
"202400032157";"155 725 092";"A01";"1";"7";"15";"2";"1";"6";"1";""
"202400032157";"155 725 094";"B01";"2";"7";"0";"2";"6";"9";"1";""
"202400032158";"155 725 089";"A01";"2";"31";"0";"2";"4";"23";"3";""
"202400032158";"155 725 091";"Z01";"2";"7";"0";"2";"1";"1";"1";""
"202400032159";"155 725 087";"A01";"1";"7";"0";"2";"4";"1";"1";""
"202400032159";"155 725 088";"C01";"1";"7";"0";"2";"1";"2";"1";""
"202400032159";"155 725 090";"B01";"1";"30";"0";"2";"1";"1";"1";""
"202400032160";"155 725 086";"A01";"2";"31";"0";"0";"2";"1";"3";""
"202400032161";"155 725 085";"A01";"1";"33";"0";"1";"1";"11";"1";""
"202400032162";"155 725 083";"A01";"2";"33";"0";"1";"1";"1";"1";""
"202400032163";"155 725 082";"A01";"2";"7";"0";"2";"3";"1";"1";""
"202400032163";"155 725 084";"B01";"2";"31";"0";"2";"1";"9";"1";""
"202400032164";"155 725 081";"A01";"0";"7";"16";"0";"1";"13";"1";""
"202400032165";"155 725 077";"C01";"1";"10";"0";"2";"1";"1";"1";""
"202400032165";"155 725 079";"B01";"1";"7";"0";"2";"4";"1";"1";""
"202400032165";"155 725 080";"A01";"1";"7";"0";"2";"1";"1";"1";""
"202400032166";"155 725 076";"A01";"0";"10";"0";"2";"0";"0";"1";""
"202400032166";"155 725 078";"B01";"0";"50";"0";"2";"1";"1";"3";""
"202400032167";"155 725 073";"B01";"2";"7";"0";"2";"4";"2";"1";""
"202400032167";"155 725 075";"A01";"2";"10";"0";"2";"1";"2";"1";""
"202400032168";"155 725 072";"A01";"1";"7";"0";"2";"4";"23";"1";""
"202400032168";"155 725 074";"B01";"1";"15";"0";"2";"1";"1";"1";""
"202400032169";"155 725 070";"A01";"3";"7";"0";"2";"3";"0";"1";""
"202400032169";"155 725 071";"B01";"3";"33";"0";"2";"7";"0";"1";""
"202400032170";"155 725 068";"A01";"3";"7";"1";"0";"2";"1";"1";""
"202400032170";"155 725 069";"B01";"3";"7";"0";"2";"1";"23";"1";""
"202400032171";"155 725 066";"B01";"0";"50";"0";"2";"8";"1";"3";""
"202400032171";"155 725 067";"A01";"2";"34";"0";"2";"1";"1";"3";""
"202400032172";"155 725 060";"A01";"1";"7";"0";"2";"7";"22";"3";""
"202400032172";"155 725 063";"B01";"1";"1";"1";"0";"6";"1";"5";""
"202400032173";"155 725 059";"A01";"3";"13";"0";"2";"1";"1";"1";""
"202400032173";"155 725 061";"E01";"3";"7";"0";"2";"4";"23";"1";""
"202400032173";"155 725 062";"D01";"3";"7";"0";"2";"4";"23";"1";""
"202400032173";"155 725 064";"C01";"3";"7";"0";"2";"4";"23";"1";""
"202400032173";"155 725 065";"B01";"3";"10";"0";"2";"4";"23";"1";""
"202400032174";"155 725 056";"B01";"3";"37";"0";"2";"7";"1";"1";"1"
"202400032174";"155 725 057";"A01";"3";"37";"0";"2";"3";"9";"1";"1"
"202400032175";"155 725 055";"B01";"1";"7";"0";"2";"4";"2";"1";""
"202400032175";"155 725 058";"A01";"1";"1";"0";"2";"1";"2";"5";""
"202400032176";"155 725 053";"A01";"1";"7";"0";"1";"1";"24";"1";""
"202400032177";"155 725 052";"A01";"1";"7";"0";"2";"2";"3";"1";""
"202400032177";"155 725 054";"B01";"1";"7";"0";"2";"6";"16";"2";""
"202400032178";"155 725 050";"A01";"1";"7";"0";"2";"3";"15";"1";""
"202400032178";"155 725 051";"B01";"3";"33";"0";"0";"0";"0";"1";""
"202400032179";"155 725 049";"A01";"3";"7";"1";"0";"1";"16";"0";""
"202400032180";"155 725 047";"A01";"1";"7";"0";"1";"0";"26";"3";""
"202400032181";"155 725 046";"A01";"1";"33";"1";"2";"2";"17";"1";""
"202400032181";"155 725 048";"B01";"1";"7";"0";"2";"3";"15";"1";""
"202400032182";"155 725 044";"A01";"2";"7";"0";"2";"7";"1";"2";""
"202400032182";"155 725 045";"B01";"2";"7";"0";"2";"2";"1";"2";""
"202400032183";"155 725 042";"A01";"2";"7";"0";"2";"2";"1";"1";""
"202400032183";"155 725 043";"B01";"3";"7";"0";"2";"3";"9";"1";""
"202400032184";"155 725 039";"A01";"0";"31";"0";"0";"3";"0";"1";""
"202400032184";"155 725 040";"B01";"1";"7";"0";"0";"6";"0";"0";""
"202400032185";"155 725 038";"B01";"2";"99";"0";"2";"6";"9";"1";""
"202400032185";"155 725 041";"A01";"2";"37";"0";"2";"1";"2";"1";"1"
"202400032186";"155 725 036";"A01";"1";"7";"0";"1";"1";"1";"0";""
"202400032187";"155 725 035";"A01";"3";"7";"0";"2";"0";"12";"1";""
"202400032187";"155 725 037";"B01";"3";"32";"0";"2";"2";"1";"1";""
"202400032188";"155 725 032";"A01";"1";"7";"0";"2";"3";"15";"1";""
"202400032188";"155 725 034";"B01";"1";"1";"14";"2";"1";"5";"5";""
"202400032189";"155 725 031";"B01";"3";"32";"0";"2";"2";"0";"1";""
"202400032189";"155 725 033";"A01";"3";"7";"0";"2";"1";"0";"1";""
"202400032190";"155 725 029";"A01";"3";"30";"8";"0";"0";"0";"1";""
"202400032191";"155 725 028";"A01";"3";"10";"0";"2";"3";"1";"1";""
"202400032191";"155 725 030";"B01";"3";"50";"0";"2";"7";"19";"3";""
"202400032192";"155 725 025";"B01";"1";"7";"0";"2";"4";"1";"2";""
"202400032192";"155 725 027";"A01";"1";"7";"0";"2";"1";"1";"3";""
"202400032193";"155 725 026";"A01";"1";"32";"0";"1";"8";"1";"1";""
"202400032194";"155 725 024";"A01";"1";"80";"0";"0";"0";"1";"3";""
"202400032195";"155 725 023";"Z01";"1";"7";"0";"1";"1";"0";"0";""
"202400032196";"155 725 021";"B01";"2";"32";"0";"9";"1";"1";"1";""
"202400032196";"155 725 022";"A01";"1";"50";"0";"2";"1";"12";"3";""
"202400032197";"155 725 019";"B01";"2";"50";"0";"2";"1";"25";"3";""
"202400032197";"155 725 020";"A01";"2";"7";"0";"2";"2";"26";"1";""
"202400032198";"155 725 018";"A01";"1";"10";"0";"1";"1";"1";"1";""
"202400032199";"155 725 015";"A01";"1";"7";"0";"2";"6";"2";"1";""
"202400032199";"155 725 016";"B01";"1";"33";"0";"2";"1";"2";"1";""
"202400032200";"155 725 013";"A01";"0";"30";"0";"0";"0";"0";"3";""
"202400032201";"155 725 014";"A01";"1";"7";"0";"9";"3";"24";"1";""
"202400032201";"155 725 017";"B01";"1";"1";"1";"0";"2";"2";"5";""
"202400032202";"155 725 012";"A01";"2";"7";"0";"1";"2";"21";"1";""
"202400032203";"155 725 010";"A01";"3";"7";"0";"2";"0";"0";"1";""
"202400032203";"155 725 011";"B01";"1";"7";"0";"2";"0";"0";"1";""
"202400032204";"155 725 007";"B01";"1";"7";"0";"2";"6";"1";"1";""
"202400032204";"155 725 009";"A01";"3";"2";"0";"2";"1";"2";"1";""
"202400032205";"155 725 006";"A01";"1";"7";"0";"2";"1";"2";"1";""
"202400032205";"155 725 008";"B01";"1";"33";"0";"0";"0";"0";"1";""
"202400032206";"155 725 002";"B01";"1";"7";"1";"2";"2";"2";"1";""
"202400032206";"155 725 004";"C01";"2";"7";"0";"2";"3";"2";"1";""
"202400032206";"155 725 005";"A01";"2";"7";"0";"2";"2";"20";"1";""
"202400032207";"155 725 001";"A01";"1";"2";"0";"2";"0";"1";"1";""
"202400032207";"155 725 003";"B01";"2";"7";"0";"2";"3";"1";"0";""
"202400032208";"155 724 998";"A01";"2";"33";"13";"2";"2";"17";"1";""
"202400032208";"155 724 999";"B01";"2";"7";"0";"2";"3";"2";"2";""
"202400032209";"155 724 997";"Z01";"3";"30";"0";"2";"0";"0";"0";""
"202400032209";"155 725 000";"B01";"3";"30";"0";"2";"0";"0";"1";""
"202400032210";"155 724 995";"A01";"2";"13";"0";"9";"2";"12";"1";""
"202400032210";"155 724 996";"B01";"2";"1";"0";"2";"3";"1";"5";""
"202400032211";"155 724 993";"A01";"3";"7";"0";"2";"3";"16";"1";""
"202400032211";"155 724 994";"B01";"2";"7";"13";"2";"3";"1";"1";""
"202400032212";"155 724 990";"A01";"1";"7";"13";"0";"9";"1";"1";""
"202400032213";"155 724 986";"B01";"2";"1";"0";"2";"1";"1";"5";""
"202400032213";"155 724 988";"A01";"1";"10";"0";"2";"8";"1";"1";""
"202400032214";"155 724 987";"A01";"2";"7";"0";"2";"1";"2";"1";""
"202400032214";"155 724 989";"B01";"2";"2";"0";"0";"4";"2";"1";""
"202400032215";"155 724 985";"A01";"2";"1";"1";"0";"1";"14";"5";""
"202400032216";"155 724 984";"A01";"3";"7";"0";"1";"3";"1";"1";""
"202400032217";"155 724 981";"A01";"2";"10";"6";"2";"7";"2";"1";""
"202400032217";"155 724 983";"B01";"1";"7";"0";"2";"1";"2";"1";""
"202400032218";"155 724 980";"B01";"1";"32";"0";"2";"1";"1";"1";""
"202400032218";"155 724 982";"A01";"1";"10";"0";"0";"4";"1";"1";""
"202400032219";"155 724 977";"A01";"1";"7";"0";"2";"1";"2";"1";""
"202400032219";"155 724 979";"B01";"1";"15";"0";"0";"5";"2";"1";""
"202400032220";"155 724 976";"B01";"1";"10";"0";"2";"3";"1";"0";""
"202400032220";"155 724 978";"A01";"2";"7";"0";"2";"3";"1";"1";""
"202400032221";"155 724 975";"A01";"2";"2";"10";"0";"1";"0";"3";""
"202400032222";"155 724 971";"A01";"2";"33";"3";"0";"1";"1";"1";""
"202400032223";"155 724 972";"A01";"1";"10";"0";"2";"2";"2";"1";""
"202400032223";"155 724 973";"C01";"1";"15";"0";"2";"4";"23";"1";""
"202400032223";"155 724 974";"B01";"1";"10";"0";"2";"6";"23";"1";""
"202400032224";"155 724 969";"A01";"3";"7";"4";"0";"2";"1";"1";""
"202400032225";"155 724 968";"A01";"1";"7";"0";"2";"6";"13";"1";""
"202400032225";"155 724 970";"B01";"1";"2";"0";"2";"1";"17";"1";""
"202400032226";"155 724 965";"A01";"2";"7";"0";"0";"1";"2";"1";""
"202400032226";"155 724 967";"B01";"1";"7";"0";"0";"4";"15";"1";""
"202400032227";"155 724 964";"A01";"2";"10";"0";"2";"3";"13";"1";""
"202400032227";"155 724 966";"B01";"1";"10";"0";"2";"3";"1";"1";""
"202400032228";"155 724 963";"A01";"1";"10";"13";"0";"1";"1";"1";""
"202400032229";"155 724 961";"A01";"1";"7";"13";"2";"5";"26";"1";""
"202400032229";"155 724 962";"B01";"2";"7";"0";"2";"1";"21";"1";""
"202400032230";"155 724 960";"A01";"0";"7";"0";"0";"9";"1";"1";""
"202400032231";"155 724 957";"A01";"1";"10";"0";"2";"3";"13";"1";""
"202400032231";"155 724 959";"B01";"2";"17";"0";"2";"3";"1";"1";""
"202400032232";"155 724 955";"A01";"2";"7";"0";"2";"1";"0";"1";""
"202400032232";"155 724 956";"B01";"2";"7";"0";"2";"3";"1";"1";""
"202400032232";"155 724 958";"C01";"2";"17";"0";"2";"4";"2";"1";""
"202400032233";"155 724 953";"A01";"2";"33";"0";"0";"2";"1";"1";""
"202400032234";"155 724 952";"A01";"2";"7";"0";"2";"3";"1";"1";""
"202400032234";"155 724 954";"B01";"1";"10";"0";"2";"3";"1";"1";""
"202400032235";"155 724 950";"A01";"1";"7";"0";"1";"2";"2";"1";""
"202400032236";"155 724 949";"A01";"1";"7";"0";"2";"3";"1";"1";""
"202400032236";"155 724 951";"B01";"1";"7";"0";"0";"6";"23";"1";""
"202400032237";"155 724 948";"A01";"3";"7";"0";"1";"1";"1";"1";""
"202400032238";"155 724 947";"A01";"2";"33";"13";"6";"1";"13";"1";""
"202400032239";"155 724 946";"A01";"1";"7";"2";"0";"1";"14";"1";""
"202400032240";"155 724 944";"A01";"1";"36";"0";"2";"1";"13";"1";""
"202400032240";"155 724 945";"B01";"2";"1";"0";"2";"1";"21";"5";""
"202400032241";"155 724 942";"A01";"3";"2";"0";"2";"8";"13";"1";""
"202400032241";"155 724 943";"B01";"3";"7";"0";"2";"1";"1";"1";""
"202400032242";"155 724 941";"A01";"2";"31";"3";"0";"7";"14";"1";""
"202400032243";"155 724 939";"A01";"1";"7";"0";"2";"2";"9";"1";""
"202400032243";"155 724 940";"B01";"1";"34";"0";"2";"8";"9";"1";""
"202400032244";"155 724 938";"A01";"1";"7";"0";"1";"1";"1";"1";""
"202400032245";"155 724 935";"A01";"2";"7";"0";"2";"2";"1";"1";""
"202400032245";"155 724 937";"B01";"1";"7";"0";"2";"3";"1";"1";""
"202400032246";"155 724 936";"A01";"2";"7";"16";"0";"2";"1";"1";""
"202400032247";"155 724 934";"A01";"2";"31";"0";"0";"0";"1";"1";""
"202400032248";"155 724 932";"B01";"2";"2";"0";"2";"1";"1";"1";""
"202400032248";"155 724 933";"A01";"2";"7";"0";"2";"2";"19";"1";""
"202400032249";"155 724 929";"A01";"0";"7";"0";"2";"6";"1";"1";""
"202400032249";"155 724 931";"B01";"0";"31";"0";"2";"1";"1";"1";""
"202400032250";"155 724 928";"A01";"1";"10";"0";"2";"1";"0";"1";""
"202400032250";"155 724 930";"B01";"1";"7";"0";"2";"8";"15";"3";""
"202400032251";"155 724 926";"A01";"2";"7";"0";"0";"0";"0";"1";""
"202400032252";"155 724 925";"B01";"1";"33";"0";"2";"1";"1";"1";""
"202400032252";"155 724 927";"A01";"1";"7";"0";"2";"5";"1";"1";""
"202400032253";"155 724 923";"A01";"0";"1";"0";"0";"0";"0";"5";""
"202400032254";"155 724 922";"A01";"1";"10";"0";"2";"2";"15";"1";""
"202400032254";"155 724 924";"B01";"2";"33";"0";"2";"7";"1";"1";""
"202400032255";"155 724 920";"A01";"1";"7";"0";"2";"5";"19";"1";""
"202400032255";"155 724 921";"B01";"2";"33";"0";"2";"1";"1";"1";""
"202400032256";"155 724 919";"A01";"1";"31";"0";"0";"0";"0";"1";""
"202400032257";"155 724 917";"A01";"2";"10";"0";"0";"0";"21";"1";""
"202400032257";"155 724 918";"B01";"2";"1";"13";"0";"0";"21";"5";""
"202400032258";"155 724 914";"A01";"2";"7";"5";"0";"9";"17";"1";""
"202400032259";"155 724 915";"A01";"1";"7";"0";"2";"3";"5";"1";""
"202400032259";"155 724 916";"B01";"2";"7";"0";"2";"1";"1";"1";""
"202400032260";"155 724 911";"B01";"1";"33";"3";"2";"1";"18";"1";""
"202400032260";"155 724 913";"A01";"1";"10";"0";"2";"5";"2";"1";""
"202400032261";"155 724 910";"A01";"2";"7";"0";"2";"2";"16";"1";""
"202400032261";"155 724 912";"B01";"1";"7";"0";"2";"7";"26";"1";""
"202400032262";"155 724 909";"A01";"2";"33";"13";"0";"1";"0";"1";""
"202400032263";"155 724 908";"A01";"1";"31";"12";"0";"0";"1";"1";""
"202400032264";"155 724 906";"A01";"0";"2";"0";"2";"2";"1";"1";""
"202400032264";"155 724 907";"B01";"0";"7";"0";"0";"3";"15";"1";""
"202400032265";"155 724 905";"A01";"2";"7";"13";"0";"2";"14";"1";""
"202400032266";"155 724 904";"A01";"1";"7";"0";"1";"2";"1";"1";""
"202400032267";"155 724 903";"A01";"3";"7";"0";"1";"3";"0";"1";""
"202400032268";"155 724 902";"A01";"3";"7";"0";"1";"3";"15";"1";""
"202400032269";"155 724 900";"A01";"3";"36";"0";"0";"0";"1";"1";""
"202400032270";"155 724 899";"A01";"1";"7";"0";"2";"8";"15";"1";""
"202400032270";"155 724 901";"B01";"1";"33";"0";"2";"1";"17";"1";""
"202400032271";"155 724 897";"A01";"2";"7";"2";"0";"1";"0";"1";""
"202400032272";"155 724 896";"A01";"1";"21";"0";"2";"3";"15";"1";""
"202400032272";"155 724 898";"B01";"2";"33";"0";"2";"1";"1";"1";""
"202400032273";"155 724 891";"D01";"2";"7";"0";"0";"4";"23";"1";""
"202400032273";"155 724 892";"A01";"2";"10";"3";"0";"1";"2";"1";""
"202400032273";"155 724 894";"B01";"2";"7";"0";"0";"4";"23";"1";""
"202400032273";"155 724 895";"C01";"2";"7";"3";"0";"4";"23";"2";""
"202400032274";"155 724 890";"A01";"1";"7";"0";"2";"4";"15";"1";""
"202400032274";"155 724 893";"B01";"1";"7";"0";"2";"1";"1";"1";""
"202400032275";"155 724 888";"A01";"3";"7";"0";"2";"2";"26";"1";""
"202400032275";"155 724 889";"B01";"3";"31";"0";"2";"3";"1";"1";""
"202400032276";"155 724 885";"A01";"2";"38";"0";"2";"3";"1";"1";"1"
"202400032276";"155 724 887";"B01";"1";"10";"0";"2";"3";"13";"1";""
"202400032277";"155 724 884";"A01";"3";"7";"0";"2";"1";"13";"1";""
"202400032277";"155 724 886";"B01";"3";"2";"0";"2";"1";"1";"1";""
"202400032278";"155 724 882";"A01";"1";"14";"0";"2";"2";"15";"1";""
"202400032278";"155 724 883";"B01";"2";"33";"0";"2";"1";"1";"1";""
"202400032279";"155 724 878";"A01";"2";"7";"13";"0";"9";"26";"1";""
"202400032280";"155 724 877";"A01";"3";"7";"0";"0";"0";"0";"1";""
"202400032281";"155 724 875";"A01";"2";"7";"0";"2";"2";"6";"1";""
"202400032281";"155 724 876";"B01";"1";"2";"0";"2";"1";"1";"1";""
"202400032282";"155 724 873";"A01";"1";"32";"0";"2";"1";"17";"1";""
"202400032282";"155 724 874";"B01";"1";"1";"0";"2";"8";"19";"5";""
"202400032283";"155 724 872";"A01";"1";"34";"11";"0";"9";"1";"1";""
"202400032284";"155 724 869";"A01";"2";"7";"0";"2";"3";"13";"1";""
"202400032284";"155 724 870";"B01";"2";"7";"0";"2";"1";"13";"1";""
"202400032284";"155 724 871";"C01";"1";"7";"0";"2";"3";"1";"1";""
"202400032285";"155 724 868";"A01";"1";"7";"0";"1";"4";"4";"1";""
"202400032286";"155 724 866";"B01";"1";"33";"0";"2";"8";"1";"1";""
"202400032286";"155 724 867";"A01";"3";"7";"0";"2";"1";"9";"1";""
"202400032287";"155 724 865";"A01";"2";"33";"8";"0";"2";"0";"1";""
"202400032288";"155 724 864";"A01";"3";"7";"0";"1";"5";"20";"1";""
"202400032289";"155 724 862";"B01";"1";"33";"0";"2";"1";"1";"1";""
"202400032289";"155 724 863";"A01";"0";"10";"0";"2";"8";"1";"1";""
"202400032290";"155 724 860";"A01";"1";"3";"0";"2";"2";"9";"3";""
"202400032290";"155 724 861";"B01";"2";"30";"0";"2";"1";"1";"0";""
"202400032291";"155 724 858";"A01";"2";"2";"0";"2";"3";"19";"1";""
"202400032291";"155 724 859";"B01";"1";"7";"0";"2";"2";"1";"1";""
"202400032292";"155 724 857";"A01";"3";"36";"0";"0";"0";"1";"1";""
"202400032293";"155 724 854";"A01";"2";"7";"3";"2";"1";"2";"1";""
"202400032293";"155 724 855";"C01";"2";"7";"0";"2";"5";"2";"1";""
"202400032293";"155 724 856";"B01";"2";"99";"3";"2";"4";"1";"1";""
"202400032294";"155 724 853";"A01";"1";"33";"3";"0";"7";"17";"1";""
"202400032295";"155 724 852";"A01";"0";"7";"2";"0";"0";"1";"2";""
"202400032296";"155 724 850";"A01";"0";"7";"0";"2";"3";"19";"1";""
"202400032296";"155 724 851";"B01";"1";"33";"0";"2";"1";"3";"1";""
"202400032297";"155 724 848";"A01";"2";"7";"0";"2";"7";"15";"1";""
"202400032297";"155 724 849";"B01";"1";"33";"0";"2";"2";"1";"1";""
"202400032298";"155 724 847";"A01";"1";"33";"0";"0";"0";"15";"1";""
"202400032299";"155 724 845";"B01";"2";"33";"0";"2";"1";"1";"1";""
"202400032299";"155 724 846";"A01";"2";"7";"0";"0";"7";"19";"2";""
"202400032300";"155 724 843";"A01";"2";"7";"0";"9";"2";"15";"1";""
"202400032300";"155 724 844";"B01";"1";"50";"0";"2";"1";"1";"3";""
"202400032301";"155 724 841";"A01";"2";"7";"0";"2";"3";"1";"1";""
"202400032301";"155 724 842";"B01";"1";"7";"0";"2";"3";"1";"1";""
"202400032302";"155 724 839";"A01";"2";"7";"3";"2";"4";"12";"1";""
"202400032302";"155 724 840";"B01";"2";"7";"0";"2";"1";"1";"1";""
"202400032303";"155 724 837";"B01";"3";"7";"0";"2";"8";"15";"1";""
"202400032303";"155 724 838";"A01";"1";"2";"0";"2";"1";"1";"1";""
"202400032304";"155 724 835";"B01";"2";"33";"0";"2";"1";"1";"1";""
"202400032304";"155 724 836";"A01";"2";"7";"0";"0";"3";"11";"1";""
"202400032305";"155 724 834";"A01";"0";"7";"0";"1";"2";"1";"1";""
"202400032306";"155 724 832";"A01";"1";"33";"0";"2";"1";"13";"1";""
"202400032306";"155 724 833";"B01";"2";"7";"0";"2";"8";"21";"1";""
"202400032307";"155 724 831";"A01";"2";"7";"0";"1";"1";"13";"1";""
"202400032308";"155 724 830";"A01";"3";"7";"2";"0";"1";"1";"0";""
"202400032309";"155 724 828";"A01";"2";"7";"0";"2";"1";"1";"1";""
"202400032309";"155 724 829";"B01";"2";"7";"0";"2";"4";"1";"1";""
"202400032310";"155 724 825";"B01";"1";"7";"0";"2";"2";"2";"1";""
"202400032310";"155 724 826";"A01";"1";"7";"0";"2";"6";"1";"1";""
"202400032311";"155 724 823";"A01";"2";"7";"0";"2";"1";"2";"1";""
"202400032311";"155 724 824";"B01";"2";"7";"0";"2";"4";"2";"1";""
"202400032312";"155 724 821";"B01";"2";"17";"4";"2";"8";"1";"1";""
"202400032312";"155 724 822";"A01";"2";"7";"0";"2";"1";"1";"1";""
"202400032313";"155 724 819";"A01";"1";"37";"1";"0";"2";"21";"1";"1"
"202400032313";"155 724 820";"B01";"1";"10";"0";"2";"6";"23";"1";""
"202400032314";"155 724 815";"A01";"2";"7";"4";"2";"3";"3";"1";""
"202400032314";"155 724 816";"D01";"2";"7";"4";"2";"3";"2";"1";""
"202400032314";"155 724 817";"B01";"2";"7";"4";"2";"3";"2";"1";""
"202400032314";"155 724 818";"C01";"2";"7";"4";"2";"5";"2";"1";""
"202400032315";"155 724 813";"A01";"1";"7";"0";"2";"1";"2";"2";""
"202400032315";"155 724 814";"B01";"1";"15";"0";"2";"4";"2";"1";""
"202400032316";"155 724 811";"A01";"2";"7";"0";"2";"1";"2";"1";""
"202400032316";"155 724 812";"B01";"2";"7";"0";"2";"4";"2";"2";""
"202400032317";"155 724 809";"A01";"2";"7";"0";"2";"1";"2";"1";""
"202400032317";"155 724 810";"B01";"2";"7";"0";"2";"4";"1";"1";""
"202400032318";"155 724 807";"A01";"1";"7";"1";"0";"2";"21";"1";""
"202400032318";"155 724 808";"B01";"1";"7";"0";"6";"6";"23";"1";""
"202400032319";"155 724 805";"A01";"2";"32";"0";"2";"2";"13";"1";""
"202400032319";"155 724 806";"B01";"2";"7";"0";"2";"6";"1";"1";""
"202400032320";"155 724 801";"C01";"2";"33";"0";"2";"1";"3";"1";""
"202400032320";"155 724 802";"D01";"2";"7";"0";"2";"7";"1";"1";""
"202400032320";"155 724 803";"A01";"2";"7";"0";"2";"1";"2";"1";""
"202400032320";"155 724 804";"B01";"2";"7";"0";"2";"4";"2";"1";""
"202400032321";"155 724 800";"A01";"2";"33";"0";"2";"1";"1";"1";""
"202400032322";"155 724 798";"A01";"2";"33";"0";"2";"1";"1";"1";""
"202400032322";"155 724 799";"B01";"2";"7";"0";"2";"6";"11";"1";""
"202400032323";"155 724 794";"B01";"2";"7";"0";"2";"1";"2";"1";""
"202400032323";"155 724 795";"D01";"2";"14";"0";"2";"3";"1";"1";""
"202400032323";"155 724 796";"A01";"2";"7";"0";"2";"4";"2";"1";""
"202400032323";"155 724 797";"C01";"2";"10";"0";"2";"1";"1";"1";""
"202400032324";"155 724 792";"A01";"2";"34";"0";"2";"1";"1";"1";""
"202400032324";"155 724 793";"B01";"1";"7";"0";"2";"7";"15";"2";""
"202400032325";"155 724 790";"A01";"2";"7";"1";"0";"2";"14";"1";""
"202400032325";"155 724 791";"B01";"2";"7";"0";"2";"8";"24";"1";""
"202400032326";"155 724 788";"A01";"2";"33";"0";"2";"5";"2";"1";""
"202400032326";"155 724 789";"B01";"2";"10";"0";"2";"5";"2";"1";""
"202400032327";"155 724 786";"A01";"1";"7";"0";"9";"7";"16";"1";""
"202400032327";"155 724 787";"B01";"1";"2";"0";"2";"1";"1";"1";""
"202400032328";"155 724 784";"A01";"2";"7";"0";"2";"1";"5";"1";""
"202400032328";"155 724 785";"B01";"1";"7";"0";"2";"1";"1";"1";""
"202400032329";"155 724 783";"A01";"2";"7";"1";"0";"1";"1";"1";""
"202400032330";"155 724 781";"A01";"1";"10";"0";"2";"7";"2";"1";""
"202400032330";"155 724 782";"B01";"1";"1";"0";"2";"8";"2";"5";""
"202400032331";"155 724 779";"B01";"2";"7";"0";"2";"1";"10";"1";""
"202400032331";"155 724 780";"A01";"2";"7";"0";"2";"3";"1";"1";""
"202400032332";"155 724 777";"B01";"2";"33";"0";"2";"1";"2";"1";""
"202400032332";"155 724 778";"A01";"2";"7";"0";"2";"8";"10";"1";""
"202400032333";"155 724 776";"A01";"1";"10";"0";"1";"2";"1";"1";""
"202400032334";"155 724 775";"A01";"1";"2";"0";"1";"1";"1";"3";""
"202400032335";"155 724 773";"C01";"3";"50";"0";"2";"3";" -1";"3";""
"202400032335";"155 724 774";"B01";"3";"7";"0";"2";"3";"15";"1";""
"202400032336";"155 724 771";"B01";"2";"50";"0";"2";"0";"14";"3";""
"202400032336";"155 724 772";"A01";"1";"7";"0";"2";"0";"15";"1";""
"202400032337";"155 724 770";"A01";"1";"30";"0";"0";"7";"1";"1";""
"202400032338";"155 724 768";"B01";"2";"7";"0";"2";"1";"1";"1";""
"202400032338";"155 724 769";"A01";"1";"7";"0";"2";"1";"5";"1";""
"202400032339";"155 724 766";"B01";"3";"7";"0";"2";"3";"15";"1";""
"202400032339";"155 724 767";"A01";"3";"33";"0";"2";"1";"5";"1";""
"202400032340";"155 724 765";"A01";"2";"7";"4";"0";"3";"13";"1";""
"202400032341";"155 724 763";"A01";"3";"7";"0";"2";"1";"9";"1";""
"202400032341";"155 724 764";"B01";"1";"1";"0";"2";"7";"1";"5";""
"202400032342";"155 724 761";"A01";"3";"7";"0";"2";"1";"2";"1";""
"202400032342";"155 724 762";"B01";"3";"7";"0";"2";"4";"1";"1";""
"202400032343";"155 724 759";"A01";"3";"37";"0";"2";"1";"2";"3";"1"
"202400032343";"155 724 760";"B01";"3";"7";"0";"2";"4";"1";"1";""
"202400032344";"155 724 757";"A01";"0";"7";"0";"2";"3";"1";"1";""
"202400032344";"155 724 758";"B01";"0";"7";"0";"2";"3";"1";"1";""
"202400032345";"155 724 755";"A01";"1";"7";"0";"2";"3";"13";"1";""
"202400032345";"155 724 756";"B01";"1";"34";"0";"2";"2";"0";"1";""
"202400032346";"155 724 754";"A01";"2";"7";"13";"0";"2";"0";"1";""
"202400032347";"155 724 753";"A01";"3";"7";"0";"1";"2";"1";"1";""
"202400032348";"155 724 751";"B01";"1";"7";"1";"0";"8";"24";"1";""
"202400032348";"155 724 752";"A01";"1";"7";"1";"1";"3";"21";"1";""
"202400032349";"155 724 750";"A01";"2";"7";"0";"1";"1";"15";"1";""
"202400032350";"155 724 748";"B01";"0";"7";"0";"2";"3";"1";"1";""
"202400032350";"155 724 749";"A01";"3";"50";"0";"2";"1";"1";"3";""
"202400032351";"155 724 745";"A01";"3";"10";"0";"2";"1";"2";"1";""
"202400032351";"155 724 746";"C01";"3";"7";"0";"2";"2";"2";"1";""
"202400032351";"155 724 747";"B01";"3";"7";"0";"2";"6";"2";"1";""
"202400032352";"155 724 743";"B01";"3";"50";"0";"2";"1";"1";"3";""
"202400032352";"155 724 744";"A01";"3";"7";"0";"2";"2";"26";"1";""
"202400032353";"155 724 742";"A01";"3";"33";"0";"1";"1";"9";"1";""