"Num_Acc";"id_vehicule";"num_veh";"senc";"catv";"obs";"obsm";"choc";"manv";"motor";"occutc"
"202400032354";"155 724 741";"A01";"1";"7";"16";"0";"9";"15";"1";""
"202400032355";"155 724 739";"B01";"2";"50";"0";"2";"1";"1";"3";""
"202400032355";"155 724 740";"A01";"1";"7";"0";"2";"3";"15";"1";""
"202400032356";"155 724 738";"A01";"3";"7";"12";"0";"9";"1";"1";""
"202400032357";"155 724 737";"B01";"3";"7";"0";"1";"2";"1";"1";""
"202400032358";"155 724 735";"B01";"3";"7";"0";"2";"2";"1";"1";""
"202400032358";"155 724 736";"A01";"3";"7";"0";"2";"7";"15";"1";""
"202400032359";"155 724 733";"B01";"2";"7";"0";"2";"1";"1";"1";""
"202400032359";"155 724 734";"A01";"1";"7";"0";"2";"1";"13";"1";""
"202400032360";"155 724 732";"A01";"2";"80";"12";"0";"1";"1";"2";""
"202400032361";"155 724 730";"A01";"3";"30";"0";"2";"4";"2";"1";""
"202400032361";"155 724 731";"B01";"3";"7";"0";"2";"4";"2";"1";""
"202400032362";"155 724 729";"A01";"3";"7";"0";"1";"1";"2";"0";""
"202400032363";"155 724 727";"B01";"1";"7";"0";"2";"0";"0";"1";""
"202400032363";"155 724 728";"A01";"1";"30";"0";"2";"2";"26";"1";""
"202400032364";"155 724 725";"A01";"1";"31";"0";"2";"1";"1";"1";""
"202400032364";"155 724 726";"B01";"1";"10";"0";"2";"3";"23";"1";""
"202400032365";"155 724 724";"A01";"3";"7";"0";"1";"1";"15";"1";""
"202400032366";"155 724 722";"B01";"3";"50";"0";"2";"8";"1";"3";""
"202400032366";"155 724 723";"A01";"3";"33";"0";"2";"1";"26";"1";""
"202400032367";"155 724 720";"A01";"2";"7";"1";"2";"9";"17";"1";""
"202400032367";"155 724 721";"B01";"1";"7";"0";"2";"6";"1";"1";""
"202400032368";"155 724 718";"A01";"3";"7";"0";"2";"3";"10";"2";""
"202400032368";"155 724 719";"B01";"2";"1";"0";"2";"1";"1";"5";""
"202400032369";"155 724 716";"B01";"1";"7";"0";"2";"7";"1";"1";""
"202400032369";"155 724 717";"A01";"3";"10";"0";"2";"2";"15";"1";""
"202400032370";"155 724 715";"A01";"3";"7";"0";"1";"4";"20";"3";""
"202400032371";"155 724 713";"A01";"2";"7";"0";"2";"3";"9";"1";""
"202400032371";"155 724 714";"B01";"3";"32";"0";"2";"2";"15";"1";""
"202400032372";"155 724 711";"A01";"0";"7";"0";"2";"3";"13";"1";""
"202400032372";"155 724 712";"B01";"0";"7";"0";"2";"1";"1";"1";""
"202400032373";"155 724 709";"B01";"1";"7";"0";"2";"1";"1";"1";""
"202400032373";"155 724 710";"A01";"1";"7";"0";"2";"3";"1";"1";""
"202400032374";"155 724 707";"B01";"3";"37";"0";"2";"2";"1";"1";"1"
"202400032374";"155 724 708";"A01";"3";"7";"0";"2";"7";"16";"1";""
"202400032375";"155 724 705";"A01";"1";"30";"0";"2";"3";"2";"1";""
"202400032375";"155 724 706";"B01";"1";"7";"0";"2";"3";"0";"1";""
"202400032376";"155 724 704";"A01";"1";"50";"0";"1";"2";"5";"3";""
"202400032377";"155 724 703";"A01";"3";"50";"1";"2";"1";"21";"3";""
"202400032378";"155 724 701";"B01";"1";"7";"0";"0";"0";"0";"1";""
"202400032378";"155 724 702";"A01";"1";"7";"0";"2";"1";"1";"1";""
"202400032379";"155 724 699";"A01";"1";"7";"0";"2";"1";"1";"1";""
"202400032379";"155 724 700";"B01";"1";"7";"0";"2";"7";"1";"1";""
"202400032380";"155 724 697";"B01";"3";"30";"0";"2";"4";"1";"1";""
"202400032380";"155 724 698";"A01";"3";"7";"0";"2";"1";"1";"2";""
"202400032381";"155 724 695";"A01";"0";"99";"0";"2";"0";"1";"6";""
"202400032381";"155 724 696";"B01";"3";"7";"0";"2";"1";"26";"1";""
"202400032382";"155 724 693";"A01";"3";"7";"0";"2";"1";"1";"1";""
"202400032382";"155 724 694";"B01";"3";"7";"0";"2";"8";"1";"1";""
"202400032383";"155 724 692";"A01";"3";"7";"0";"1";"2";"15";"1";""
"202400032384";"155 724 690";"B01";"1";"30";"0";"2";"2";"17";"1";""
"202400032384";"155 724 691";"A01";"1";"7";"0";"2";"8";"15";"1";""
"202400032385";"155 724 688";"B01";"2";"80";"0";"2";"1";"5";"3";""
"202400032385";"155 724 689";"A01";"1";"1";"0";"2";"1";"2";"5";""
"202400032386";"155 724 686";"A01";"1";"7";"0";"2";"3";"15";"1";""
"202400032386";"155 724 687";"B01";"3";"50";"0";"2";"0";"1";"3";""
"202400032387";"155 724 685";"A01";"1";"7";"0";"1";"3";"19";"1";""
"202400032388";"155 724 683";"A01";"3";"7";"0";"2";"3";"15";" -1";""
"202400032388";"155 724 684";"B01";"3";"33";"0";"2";"2";"16";" -1";""
"202400032389";"155 724 681";"A01";"3";"7";"0";"2";"5";"15";"1";""
"202400032389";"155 724 682";"B01";"2";"7";"0";"2";"1";"1";"1";""
"202400032390";"155 724 680";"A01";"1";"30";"0";"0";"8";"0";"1";""
"202400032391";"155 724 678";"A01";"2";"7";"0";"2";"3";"15";"1";""
"202400032391";"155 724 679";"B01";"1";"30";"0";"2";"2";"3";"1";""
"202400032392";"155 724 675";"C01";"2";"7";"0";"2";"1";"1";"1";""
"202400032392";"155 724 676";"B01";"2";"7";"0";"2";"4";"1";"1";""
"202400032392";"155 724 677";"A01";"2";"7";"0";"2";"4";"1";"1";""
"202400032393";"155 724 673";"B01";"1";"10";"0";"2";"3";"11";"1";""
"202400032393";"155 724 674";"A01";"1";"33";"0";"2";"5";"1";"1";""
"202400032394";"155 724 671";"A01";"1";"7";"0";"2";"1";"2";"1";""
"202400032394";"155 724 672";"B01";"1";"7";"0";"2";"4";"2";"1";""
"202400032395";"155 724 669";"Z01";"3";"7";"0";"2";"2";"2";"0";""
"202400032395";"155 724 670";"A01";"3";"1";"0";"2";"4";"1";"5";""
"202400032396";"155 724 667";"A01";"2";"1";"0";"2";"7";"1";"5";""
"202400032396";"155 724 668";"X01";"1";"10";"0";"2";"1";"0";"1";""
"202400032397";"155 724 665";"B01";"3";"7";"0";"2";"1";"1";"1";""
"202400032397";"155 724 666";"A01";"3";"30";"0";"2";"1";"5";"1";""
"202400032398";"155 724 663";"A01";"1";"7";"0";"9";"1";"15";"1";""
"202400032398";"155 724 664";"B01";"3";"50";"0";"2";"0";"0";"3";""
"202400032399";"155 724 661";"A01";"3";"7";"0";"2";"2";"15";"1";""
"202400032399";"155 724 662";"B01";"3";"33";"8";"2";"1";"1";"1";""
"202400032400";"155 724 660";"A01";"3";"10";"0";"1";"2";"1";"1";""
"202400032401";"155 724 658";"A01";"1";"33";"0";"2";"1";"17";"1";""
"202400032401";"155 724 659";"B01";"1";"7";"0";"2";"0";"0";"1";""
"202400032402";"155 724 657";"A01";"3";"33";"12";"0";"2";"0";"1";""
"202400032403";"155 724 655";"B01";"0";"50";"0";"9";"7";"16";"3";""
"202400032403";"155 724 656";"A01";"0";"7";"0";"9";"6";"15";"1";""
"202400032404";"155 724 652";"A01";"2";"7";"0";"2";"1";"2";"1";""
"202400032404";"155 724 653";"B01";"1";"7";"0";"2";"4";"2";"1";""
"202400032405";"155 724 650";"B01";"1";"34";"0";"2";"1";"1";"1";""
"202400032405";"155 724 651";"A01";"2";"7";"0";"2";"2";"15";"2";""
"202400032406";"155 724 648";"A01";"2";"7";"0";"2";"4";"23";"1";""
"202400032406";"155 724 649";"B01";"2";"7";"0";"2";"1";"2";"1";""
"202400032407";"155 724 646";"A01";"3";"50";"0";"2";"1";"1";"3";""
"202400032407";"155 724 647";"B01";"0";"10";"0";"2";"6";"1";"1";""
"202400032408";"155 724 645";"A01";"1";"7";"0";"1";"3";"15";"1";""
"202400032409";"155 724 643";"B01";"1";"31";"0";"2";"1";"1";"1";""
"202400032409";"155 724 644";"A01";"2";"7";"0";"2";"3";"19";"1";""
"202400032410";"155 724 642";"A01";"2";"10";"0";"9";"2";"1";"1";""
"202400032411";"155 724 640";"A01";"2";"7";"0";"2";"3";"19";"1";""
"202400032411";"155 724 641";"B01";"2";"7";"0";"2";"2";"1";"1";""
"202400032412";"155 724 638";"B01";"2";"38";"0";"2";"6";"1";"1";"1"
"202400032412";"155 724 639";"A01";"1";"30";"0";"2";"8";"1";"1";""
"202400032413";"155 724 637";"A01";"3";"33";"14";"0";"1";"26";"1";""
"202400032414";"155 724 636";"A01";"3";"33";"7";"0";"7";"26";"1";""
"202400032415";"155 724 634";"A01";"1";"7";"0";"0";"2";"14";"1";""
"202400032415";"155 724 635";"B01";"1";"33";"0";"0";"2";"1";"1";""
"202400032416";"155 724 633";"A01";"2";"50";"1";"0";"1";"17";"3";""
"202400032417";"155 724 631";"B01";"0";"1";"0";"2";"1";"1";"5";""
"202400032417";"155 724 632";"A01";"2";"7";"0";"2";"5";"1";"1";""
"202400032418";"155 724 630";"A01";"2";"33";"0";"1";"3";"1";"1";""
"202400032419";"155 724 628";"A01";"1";"30";"0";"2";"1";"18";"1";""
"202400032419";"155 724 629";"B01";"1";"10";"0";"2";"7";"16";"1";""
"202400032420";"155 724 626";"Z01";"1";"7";"0";"2";"6";"24";"0";""
"202400032420";"155 724 627";"A01";"1";"80";"0";"2";"8";"11";"3";""
"202400032421";"155 724 624";"B01";"1";"7";"0";"2";"5";"24";"2";""
"202400032421";"155 724 625";"A01";"1";"1";"0";"2";"1";"22";"5";""
"202400032422";"155 724 622";"A01";"1";"30";"0";"2";"1";"21";"1";""
"202400032422";"155 724 623";"B01";"1";"10";"0";"2";"5";"16";"1";""
"202400032423";"155 724 620";"A01";"1";"50";"0";"2";"6";"15";"3";""
"202400032423";"155 724 621";"B01";"1";"32";"0";"2";"1";"1";"1";""
"202400032424";"155 724 618";"A01";"1";"50";"0";"2";"1";"5";"3";""
"202400032424";"155 724 619";"B01";"2";"33";"0";"2";"1";"13";"1";""
"202400032425";"155 724 616";"B01";"0";"7";"0";"2";"1";"1";"1";""
"202400032425";"155 724 617";"A01";"0";"10";"0";"2";"2";"15";"1";""
"202400032426";"155 724 614";"A01";"3";"7";"0";"2";"1";"16";"1";""
"202400032426";"155 724 615";"B01";"3";"1";"0";"2";"7";"19";"5";""
"202400032427";"155 724 612";"B01";"2";"33";"0";"2";"1";"1";"1";""
"202400032427";"155 724 613";"A01";"1";"7";"0";"2";"3";"2";"1";""
"202400032428";"155 724 610";"B01";"1";"50";"0";"2";"3";"2";"3";""
"202400032428";"155 724 611";"A01";"1";"32";"0";"2";"1";"15";"1";""
"202400032429";"155 724 608";"A01";"3";"21";"0";"2";"1";"16";"1";""
"202400032429";"155 724 609";"B01";"0";"7";"0";"2";"2";"1";"0";""
"202400032430";"155 724 606";"B01";"1";"7";"0";"2";"7";"14";"1";""
"202400032430";"155 724 607";"A01";"1";"37";"0";"2";"8";"1";"2";"3"
"202400032431";"155 724 604";"A01";"1";"33";"0";"2";"1";"1";"1";""
"202400032431";"155 724 605";"B01";"0";"1";"0";"2";"5";"16";"5";""
"202400032432";"155 724 602";"A01";"1";"7";"0";"2";"1";"1";"1";""
"202400032432";"155 724 603";"B01";"1";"50";"0";"2";"1";"16";"3";""
"202400032433";"155 724 600";"A01";"1";"30";"0";"2";"3";"1";"1";""
"202400032433";"155 724 601";"B01";"2";"50";"0";"2";"1";"15";"3";""
"202400032434";"155 724 599";"A01";"3";"7";"0";"1";"2";"1";"2";""
"202400032435";"155 724 598";"A01";"0";"0";"0";"1";"1";"1";"0";""
"202400032436";"155 724 596";"A01";"1";"10";"0";"2";"3";"17";"1";""
"202400032436";"155 724 597";"B01";"0";"33";"0";"2";"2";"1";"1";""
"202400032437";"155 724 595";"A01";"2";"50";"1";"0";"3";"13";"3";""
"202400032438";"155 724 593";"B01";"3";"7";"0";"2";"3";"1";"1";""
"202400032438";"155 724 594";"A01";"3";"7";"0";"2";"2";"1";"1";""
"202400032439";"155 724 591";"B01";"2";"34";"1";"2";"6";"1";"1";""
"202400032439";"155 724 592";"A01";"0";"7";"0";"0";"0";"0";"0";""
"202400032440";"155 724 589";"A01";"3";"30";"0";"2";"7";"15";"1";""
"202400032440";"155 724 590";"B01";"3";"7";"0";"2";"1";"1";"2";""
"202400032441";"155 724 587";"A01";"3";"7";"0";"2";"1";"1";"1";""
"202400032441";"155 724 588";"B01";"3";"37";"0";"0";"5";"2";"4";"4"
"202400032442";"155 724 586";"A01";"3";"1";"12";"0";"2";"26";"5";""
"202400032443";"155 724 585";"A01";"3";"50";"14";"0";"1";"1";"3";""
"202400032444";"155 724 584";"A01";"2";"33";"0";"1";"1";"3";"1";""
"202400032445";"155 724 583";"A01";"2";"7";"2";"0";"3";"13";"1";""
"202400032446";"155 724 581";"A01";"1";"7";"4";"2";"8";"14";"1";""
"202400032446";"155 724 582";"B01";"1";"7";"0";"2";"8";"0";"1";""
"202400032447";"155 724 579";"B01";"2";"1";"0";"0";"4";"0";"5";""
"202400032447";"155 724 580";"A01";"2";"7";"0";"0";"2";"0";"1";""
"202400032448";"155 724 578";"A01";"1";"33";"0";"0";"7";"0";"0";""
"202400032449";"155 724 577";"A01";"2";"7";"13";"0";"3";"1";"0";""
"202400032450";"155 724 575";"A01";"1";"7";"0";"2";"1";"13";"1";""
"202400032450";"155 724 576";"B01";"2";"7";"0";"2";"1";"1";"2";""
"202400032451";"155 724 574";"A01";"1";"7";"0";"0";"1";"1";"1";""
"202400032452";"155 724 573";"A01";"1";"33";"0";"0";"8";"1";"1";""
"202400032453";"155 724 571";"B01";"1";"7";"0";"2";"3";"1";"1";""
"202400032453";"155 724 572";"A01";"2";"7";"0";"2";"1";"13";"1";""
"202400032454";"155 724 570";"A01";"2";"7";"13";"0";"3";"13";"1";""
"202400032455";"155 724 568";"A01";"2";"3";"0";"2";"3";"13";"1";""
"202400032455";"155 724 569";"B01";"1";"7";"0";"2";"6";"1";"1";""
"202400032456";"155 724 567";"A01";"2";"7";"13";"0";"1";"1";"1";""
"202400032457";"155 724 565";"A01";"3";"7";"0";"2";"8";"19";"1";""
"202400032457";"155 724 566";"B01";"2";"14";"0";"2";"1";"1";"1";""
"202400032458";"155 724 564";"A01";"1";"33";"0";"0";"9";"13";"1";""
"202400032459";"155 724 563";"A01";"2";"33";"0";"0";"0";"14";"1";""
"202400032460";"155 724 561";"B01";"1";"7";"0";"0";"8";"15";"1";""
"202400032460";"155 724 562";"A01";"1";"33";"0";"2";"2";"17";"1";""
"202400032461";"155 724 559";"A01";"1";"7";"0";"2";"7";"19";"1";""
"202400032461";"155 724 560";"B01";"1";"7";"0";"2";"1";"1";"1";""
"202400032462";"155 724 557";"A01";"2";"31";"0";"2";"1";"1";"1";""
"202400032462";"155 724 558";"B01";"1";"2";"0";"2";"0";"0";"0";""
"202400032463";"155 724 556";"A01";"2";"7";"13";"0";"2";"1";"1";""
"202400032464";"155 724 554";"A01";"2";"2";"0";"2";"2";"1";"1";""
"202400032464";"155 724 555";"B01";"2";"7";"0";"2";"3";"20";"1";""
"202400032465";"155 724 553";"A01";"2";"7";"2";"0";"1";"1";"1";""
"202400032466";"155 724 551";"A01";"0";"7";"0";"2";"3";"9";"2";""
"202400032466";"155 724 552";"B01";"1";"32";"0";"2";"1";"1";"1";""
"202400032467";"155 724 549";"A01";"2";"7";"0";"2";"1";"16";"1";""
"202400032467";"155 724 550";"B01";"2";"2";"0";"2";"8";"18";"1";""
"202400032468";"155 724 547";"A01";"2";"10";"3";"2";"1";"5";"1";""
"202400032468";"155 724 548";"B01";"1";"7";"0";"2";"1";"17";"1";""
"202400032469";"155 724 545";"A01";"2";"7";"0";"2";"1";"1";"0";""
"202400032469";"155 724 546";"B01";"2";"17";"0";"0";"5";"1";"0";""
"202400032470";"155 724 543";"A01";"1";"7";"3";"0";"2";"2";"1";""
"202400032471";"155 724 541";"A01";"0";"7";"0";"2";"6";"15";"1";""
"202400032471";"155 724 542";"B01";"1";"33";"0";"2";"2";"2";"1";""
"202400032472";"155 724 539";"A01";"1";"7";"3";"2";"8";"13";"1";""
"202400032472";"155 724 540";"B01";"2";"7";"3";"2";"8";"13";"1";""
"202400032473";"155 724 536";"A01";"1";"7";"0";"2";"1";"1";"1";""
"202400032473";"155 724 537";"B01";"1";"10";"4";"2";"6";"11";"1";""
"202400032473";"155 724 538";"C01";"1";"7";"4";"2";"8";"1";"1";""
"202400032474";"155 724 533";"B01";"1";"7";"0";"2";"4";"2";"1";""
"202400032474";"155 724 534";"A01";"1";"7";"0";"2";"1";"2";"1";""
"202400032474";"155 724 535";"C01";"1";"7";"0";"2";"4";"2";"1";""
"202400032475";"155 724 531";"B01";"2";"15";"0";"2";"3";"1";"1";""
"202400032475";"155 724 532";"A01";"2";"7";"0";"2";"1";"5";"1";""
"202400032476";"155 724 529";"A01";"1";"7";"4";"2";"8";"11";"1";""
"202400032476";"155 724 530";"B01";"1";"7";"0";"2";"7";"1";"1";""
"202400032477";"155 724 527";"A01";"2";"32";"0";"2";"1";"3";"1";""
"202400032477";"155 724 528";"B01";"2";"7";"0";"2";"0";"0";"1";""
"202400032478";"155 724 526";"A01";"2";"33";"4";"0";"1";"0";"1";""
"202400032479";"155 724 524";"A01";"1";"33";"0";"2";"1";"2";"1";""
"202400032479";"155 724 525";"B01";"1";"10";"0";"2";"5";"2";"1";""
"202400032480";"155 724 522";"A01";"1";"7";"0";"2";"1";"13";"1";""
"202400032480";"155 724 523";"B01";"1";"10";"0";"2";"4";"2";"1";""
"202400032481";"155 724 520";"B01";"1";"31";"0";"2";"1";"2";"1";""
"202400032481";"155 724 521";"A01";"1";"7";"0";"2";"6";"2";"1";""
"202400032482";"155 724 517";"A01";"1";"7";"0";"2";"5";"0";"1";""
"202400032482";"155 724 518";"B01";"1";"7";"0";"2";"3";"2";"1";""
"202400032482";"155 724 519";"C01";"1";"7";"0";"2";"1";"0";"1";""
"202400032483";"155 724 515";"A01";"1";"17";"0";"2";"2";"2";"1";""
"202400032483";"155 724 516";"B01";"1";"7";"0";"2";"8";"2";"1";""
"202400032484";"155 724 513";"A01";"2";"7";"0";"2";"6";"18";"1";""
"202400032484";"155 724 514";"B01";"2";"10";"0";"2";"2";"2";"1";""
"202400032485";"155 724 511";"A01";"2";"7";"0";"2";"1";"2";"1";""
"202400032485";"155 724 512";"B01";"1";"7";"0";"2";"4";"2";"1";""
"202400032486";"155 724 509";"A01";"2";"7";"0";"2";"3";"1";"1";""
"202400032486";"155 724 510";"B01";"2";"33";"0";"2";"2";"1";"1";""
"202400032487";"155 724 507";"A01";"2";"7";"0";"2";"7";"16";"1";""
"202400032487";"155 724 508";"B01";"2";"2";"0";"2";"1";"1";"1";""
"202400032488";"155 724 504";"A01";"1";"30";"0";"2";"3";"1";"3";""
"202400032488";"155 724 505";"B01";"1";"7";"0";"2";"2";"14";"1";""
"202400032488";"155 724 506";"C01";"1";"7";"0";"2";"8";"0";"1";""
"202400032489";"155 724 502";"A01";"2";"7";"0";"2";"7";"12";"1";""
"202400032489";"155 724 503";"B01";"2";"2";"0";"2";"8";"1";"1";""
"202400032490";"155 724 500";"A01";"1";"7";"0";"2";"3";"1";"1";""
"202400032490";"155 724 501";"B01";"2";"32";"0";"2";"1";"1";"1";""
"202400032491";"155 724 499";"A01";"1";"7";"2";"0";"1";"13";"1";""
"202400032492";"155 724 498";"A01";"1";"7";"13";"0";"1";"13";"1";""
"202400032493";"155 724 497";"A01";"3";"21";"0";"0";"9";"1";"1";""
"202400032494";"155 724 496";"A01";"3";"7";"8";"0";"0";"2";"1";""
"202400032495";"155 724 495";"A01";"1";"7";"0";"1";"2";"1";"0";""
"202400032496";"155 724 494";"A01";"3";"7";"1";"1";"2";"26";"1";""
"202400032497";"155 724 492";"B01";"2";"33";"0";"2";"1";"1";"1";""
"202400032497";"155 724 493";"A01";"1";"10";"0";"2";"2";"15";"1";""
"202400032498";"155 724 491";"A01";"1";"7";"0";"1";"1";"1";"1";""
"202400032499";"155 724 489";"B01";"0";"7";"0";"2";"1";"1";"2";""
"202400032499";"155 724 490";"A01";"3";"1";"0";"2";"1";"13";"5";""
"202400032500";"155 724 487";"A01";"0";"14";"14";"2";"6";"1";"1";""
"202400032500";"155 724 488";"B01";"0";"33";"0";"2";"0";"1";"1";""
"202400032501";"155 724 484";"A01";"1";"10";"0";"0";"3";"9";"1";""
"202400032501";"155 724 485";"B01";"2";"7";"0";"2";"1";"1";"3";""
"202400032501";"155 724 486";"C01";"2";"7";"0";"2";"3";"1";"1";""
"202400032502";"155 724 481";"A01";"2";"1";"0";"2";"4";"1";"5";""
"202400032502";"155 724 482";"B01";"2";"99";"0";"2";"5";"14";"1";""
"202400032502";"155 724 483";"C01";"1";"7";"0";"2";"3";"1";"1";""
"202400032503";"155 724 480";"A01";"2";"7";"0";"1";"3";"15";"1";""
"202400032504";"155 724 479";"A01";"1";"7";"13";"0";"9";"1";"1";""
"202400032505";"155 724 478";"A01";"2";"31";"2";"0";"1";"1";"1";""
"202400032506";"155 724 476";"A01";"3";"1";"0";"2";"8";"1";"5";""
"202400032506";"155 724 477";"B01";"3";"33";"0";"2";"8";"1";"1";""
"202400032507";"155 724 475";"A01";"2";"7";"13";"0";"1";"1";"1";""
"202400032508";"155 724 473";"A01";"1";"7";"0";"9";"2";"15";"1";""
"202400032508";"155 724 474";"B01";"2";"1";"0";"2";"1";"1";"5";""
"202400032509";"155 724 472";"A01";"1";"31";"7";"0";"1";"1";"1";""
"202400032510";"155 724 471";"A01";"1";"7";"2";"0";"1";"1";"1";""
"202400032511";"155 724 470";"A01";"1";"7";"2";"0";"1";"0";"1";""
"202400032512";"155 724 469";"A01";"1";"7";"11";"0";"1";"2";"1";""
"202400032513";"155 724 467";"A01";"3";"7";"0";"2";"1";"1";"1";""
"202400032513";"155 724 468";"B01";"1";"7";"0";"2";"1";"1";"1";""
"202400032514";"155 724 466";"A01";"1";"33";"2";"0";"0";"2";"1";""
"202400032515";"155 724 464";"A01";"1";"10";"0";"0";"2";"1";"1";""
"202400032515";"155 724 465";"B01";"1";"7";"0";"0";"3";"9";"1";""
"202400032516";"155 724 463";"A01";"1";"0";"0";"1";"2";"1";"0";""
"202400032517";"155 724 462";"A01";"1";"7";"3";"0";"1";"2";"2";""
"202400032518";"155 724 461";"A01";"1";"33";"4";"0";"7";"1";"1";""
"202400032519";"155 724 458";"A01";"2";"33";"0";"0";"0";"0";"1";""
"202400032520";"155 724 456";"B01";"1";"7";"0";"2";"3";"15";"1";""
"202400032520";"155 724 457";"A01";"2";"33";"0";"2";"1";"1";"1";""
"202400032521";"155 724 454";"B01";"2";"7";"0";"2";"2";"1";"1";""
"202400032521";"155 724 455";"A01";"1";"10";"0";"2";"1";"13";"1";""
"202400032522";"155 724 452";"A01";"1";"7";"0";"2";"3";"13";"1";""
"202400032522";"155 724 453";"B01";"2";"7";"0";"2";"8";"1";"1";""
"202400032523";"155 724 450";"A01";"2";"2";"0";"2";"1";"17";"1";""
"202400032523";"155 724 451";"B01";"0";"7";"0";"0";"2";"15";"1";""
"202400032524";"155 724 448";"B01";"1";"33";"0";"2";"9";"1";"0";""
"202400032524";"155 724 449";"A01";"1";"7";"0";"2";"8";"11";"1";""
"202400032525";"155 724 446";"B01";"2";"2";"0";"0";"4";"2";"1";""
"202400032525";"155 724 447";"A01";"2";"7";"0";"2";"1";"2";"1";""
"202400032526";"155 724 444";"B01";"1";"2";"0";"0";"5";"16";"1";""
"202400032526";"155 724 445";"A01";"1";"7";"0";"2";"1";"1";"1";""
"202400032527";"155 724 442";"A01";"2";"7";"16";"2";"2";"13";"1";""
"202400032527";"155 724 443";"B01";"2";"7";"0";"0";"6";"23";"1";""
"202400032528";"155 724 440";"B01";"2";"7";"3";"2";"7";"1";"1";""
"202400032528";"155 724 441";"A01";"2";"7";"0";"2";"3";"15";"1";""
"202400032529";"155 724 438";"A01";"3";"7";"0";"2";"1";"16";"1";""
"202400032529";"155 724 439";"B01";"2";"7";"0";"0";"7";"1";"1";""
"202400032530";"155 724 435";"C01";"0";"7";"5";"2";"8";"1";"1";""
"202400032530";"155 724 436";"A01";"1";"7";"0";"2";"1";"13";"1";""
"202400032530";"155 724 437";"B01";"1";"10";"0";"2";"1";"1";"1";""
"202400032531";"155 724 434";"A01";"1";"7";"5";"0";"1";"14";"1";""
"202400032532";"155 724 433";"A01";"2";"32";"0";"0";"9";"23";"1";""
"202400032533";"155 724 431";"A01";"3";"7";"0";"2";"2";"26";"1";""
"202400032533";"155 724 432";"B01";"3";"33";"0";"2";"2";"1";"1";""
"202400032534";"155 724 429";"A01";"1";"7";"0";"2";"5";"13";"1";""
"202400032534";"155 724 430";"B01";"2";"7";"0";"2";"3";"1";"1";""
"202400032535";"155 724 426";"B01";"2";"2";"0";"0";"4";"2";"1";""
"202400032535";"155 724 427";"A01";"1";"7";"0";"2";"2";"2";"1";""
"202400032536";"155 724 424";"B01";"1";"33";"0";"2";"3";"3";"1";""
"202400032536";"155 724 425";"A01";"1";"7";"0";"2";"5";"12";"1";""
"202400032537";"155 724 422";"A01";"1";"7";"0";"2";"1";"1";"1";""
"202400032537";"155 724 423";"B01";"1";"7";"0";"2";"4";"1";"1";""
"202400032538";"155 724 420";"A01";"2";"7";"0";"2";"1";"2";"1";""
"202400032538";"155 724 421";"B01";"2";"7";"0";"2";"3";"0";"1";""
"202400032539";"155 724 418";"A01";"1";"33";"0";"2";"1";"9";"1";""
"202400032539";"155 724 419";"B01";"1";"7";"0";"2";"1";"1";"1";""
"202400032540";"155 724 416";"A01";"1";"7";"0";"2";"1";"1";"1";""
"202400032540";"155 724 417";"B01";"1";"7";"0";"2";"4";"1";"1";""
"202400032541";"155 724 414";"A01";"1";"7";"0";"2";"1";"9";"1";""
"202400032541";"155 724 415";"B01";"1";"15";"0";"2";"2";"1";"1";""
"202400032542";"155 724 412";"A01";"1";"7";"0";"2";"1";"1";"1";""
"202400032542";"155 724 413";"B01";"1";"7";"0";"2";"4";"1";"1";""
"202400032543";"155 724 410";"A01";"1";"7";"4";"2";"1";"1";"1";""
"202400032543";"155 724 411";"B01";"1";"7";"0";"2";"6";"2";"2";""
"202400032544";"155 724 408";"A01";"3";"7";"0";"2";"1";"2";"1";""
"202400032544";"155 724 409";"B01";"3";"1";"0";"2";"4";"2";"5";""
"202400032545";"155 724 407";"A01";"1";"50";"14";"0";"1";"1";"3";""
"202400032546";"155 724 405";"A01";"3";"32";"0";"2";"1";"1";"1";""
"202400032546";"155 724 406";"B01";"0";"7";"0";"2";"3";"15";"1";""
"202400032547";"155 724 404";"A01";"1";"30";"0";"0";"0";"1";"1";""
"202400032548";"155 724 402";"B01";"1";"7";"0";"2";"8";"19";"1";""
"202400032548";"155 724 403";"A01";"3";"7";"0";"2";"1";"19";"1";""
"202400032549";"155 724 400";"B01";"1";"80";"0";"2";"8";"1";"3";""
"202400032549";"155 724 401";"A01";"1";"10";"0";"2";"7";"16";"1";""
"202400032550";"155 724 398";"A01";"2";"80";"0";"2";"4";"15";"3";""
"202400032550";"155 724 399";"Z01";"2";"30";"0";"2";"1";"17";"0";""
"202400032551";"155 724 396";"A01";"2";"7";"0";"2";"4";"10";"1";""
"202400032551";"155 724 397";"B01";"2";"1";"0";"2";"1";"1";"0";""
"202400032552";"155 724 392";"A01";"2";"7";"0";"2";"2";"17";"1";""
"202400032552";"155 724 393";"B01";"2";"7";"0";"2";"1";"17";"1";""
"202400032552";"155 724 394";"C01";"2";"7";"0";"2";"8";"1";"1";""
"202400032552";"155 724 395";"D01";"2";"7";"0";"2";"6";"1";"2";""
"202400032553";"155 724 390";"A01";"2";"7";"0";"2";"1";"26";"1";""
"202400032553";"155 724 391";"B01";"3";"7";"0";"2";"2";"26";"1";""