"Num_Acc";"id_vehicule";"num_veh";"senc";"catv";"obs";"obsm";"choc";"manv";"motor";"occutc"
"202400032554";"155 724 387";"C01";"1";"10";"0";"2";"1";"2";"1";""
"202400032554";"155 724 388";"A01";"1";"10";"0";"2";"4";"23";"1";""
"202400032554";"155 724 389";"B01";"1";"7";"0";"2";"1";"2";"1";""
"202400032555";"155 724 385";"A01";"2";"32";"0";"2";"1";"17";"1";""
"202400032555";"155 724 386";"B01";"2";"13";"0";"2";"3";"4";"1";""
"202400032556";"155 724 383";"A01";"2";"10";"0";"2";"2";"2";"1";""
"202400032556";"155 724 384";"B01";"2";"7";"0";"2";"6";"12";"1";""
"202400032557";"155 724 382";"A01";"3";"7";"0";"1";"1";"26";"1";""
"202400032558";"155 724 380";"B01";"1";"10";"0";"2";"5";"1";"2";""
"202400032558";"155 724 381";"A01";"1";"7";"0";"2";"3";"13";"1";""
"202400032559";"155 724 378";"A01";"3";"50";"0";"2";"0";"0";"3";""
"202400032559";"155 724 379";"B01";"0";"7";"0";"2";"1";"0";" -1";""
"202400032560";"155 724 377";"A01";"3";"30";"0";"1";"1";"2";"1";""
"202400032561";"155 724 376";"Z01";"0";"10";"0";"1";"4";"4";"0";""
"202400032562";"155 724 375";"A01";"3";"7";"4";"0";"1";"1";"1";""
"202400032563";"155 724 371";"A01";"3";"7";"9";"0";"1";"9";"1";""
"202400032564";"155 724 370";"A01";"2";"7";"9";"1";"1";"15";"1";""
"202400032565";"155 724 367";"A01";"3";"7";"0";"2";"1";"0";"0";""
"202400032565";"155 724 369";"B01";"3";"10";"0";"2";"1";"1";"1";""
"202400032566";"155 724 366";"A01";"3";"7";"0";"2";"1";"13";"1";""
"202400032566";"155 724 368";"B01";"3";"33";"0";"2";"1";"1";"1";""
"202400032567";"155 724 364";"A01";"0";"7";"0";"1";"4";"20";"1";""
"202400032568";"155 724 363";"B01";"2";"7";"0";"2";"3";"13";"1";""
"202400032568";"155 724 365";"A01";"2";"7";"0";"2";"8";"1";"1";""
"202400032569";"155 724 362";"B01";"2";"30";"0";"1";"1";"2";"1";""
"202400032570";"155 724 360";"A01";"0";"1";"0";"2";"0";"18";"5";""
"202400032570";"155 724 361";"B01";"0";"10";"0";"2";"2";"23";"1";""
"202400032571";"155 724 358";"B01";"1";"7";"0";"2";"1";"5";"1";""
"202400032571";"155 724 359";"A01";"3";"7";"0";"2";"1";"1";"1";""
"202400032572";"155 724 357";"A01";"3";"10";"0";"1";"1";"15";"0";""
"202400032573";"155 724 356";"A01";"2";"34";"0";"1";"1";"1";"1";""
"202400032574";"155 724 355";"A01";"3";"1";"1";"0";"0";"0";"5";""
"202400032575";"155 724 354";"A01";"2";"7";"0";"1";"2";"2";"1";""
"202400032576";"155 724 352";"A01";"1";"7";"0";"2";"3";"15";"1";""
"202400032576";"155 724 353";"B01";"2";"2";"0";"2";"3";"1";"2";""
"202400032577";"155 724 350";"A01";"1";"14";"0";"2";"3";"9";"1";""
"202400032577";"155 724 351";"B01";"1";"7";"0";"2";"1";"0";"3";""
"202400032578";"155 724 349";"A01";"1";"7";"3";"0";"3";"1";"1";""
"202400032579";"155 724 347";"A01";"2";"7";"0";"2";"8";"10";"0";""
"202400032579";"155 724 348";"B01";"2";"33";"0";"2";"2";"2";"0";""
"202400032580";"155 724 345";"A01";"0";"2";"0";"0";"0";"26";"3";""
"202400032581";"155 724 343";"B01";"1";"7";"0";"2";"1";"1";"1";""
"202400032581";"155 724 344";"A01";"1";"7";"0";"2";"7";"1";"1";""
"202400032582";"155 724 342";"A01";"2";"7";"0";"1";"2";"1";"1";""
"202400032583";"155 724 339";"A01";"0";"7";"0";"2";"1";"1";"1";""
"202400032583";"155 724 340";"B01";"0";"50";"0";"2";"3";"19";"3";""
"202400032584";"155 724 338";"A01";"3";"7";"0";"0";"4";"1";"1";""
"202400032584";"155 724 341";"B01";"3";"7";"0";"2";"1";"1";"1";""
"202400032585";"155 724 335";"A01";"3";"7";"0";"0";"5";"15";"1";""
"202400032585";"155 724 336";"B01";"3";"1";"0";"2";"1";"1";"5";""
"202400032586";"155 724 334";"A01";"1";"7";"0";"2";"1";"1";"1";""
"202400032586";"155 724 337";"B01";"2";"7";"0";"2";"5";"26";"1";""
"202400032587";"155 724 332";"B01";"3";"80";"0";"2";"1";"1";"3";""
"202400032587";"155 724 333";"A01";"3";"7";"0";"2";"5";"24";"3";""
"202400032588";"155 724 331";"A01";"3";"7";"0";"1";"3";"1";"1";""
"202400032589";"155 724 329";"A01";"3";"7";"0";"2";"1";"2";"1";""
"202400032589";"155 724 330";"B01";"3";"7";"0";"2";"4";"1";"1";""
"202400032590";"155 724 327";"A01";"3";"7";"0";"2";"3";"1";"1";""
"202400032590";"155 724 328";"B01";"3";"10";"0";"2";"3";"1";"1";""
"202400032591";"155 724 325";"A01";"1";"2";"0";"1";"1";"3";"1";""
"202400032592";"155 724 324";"B01";"3";"7";"0";"2";"2";"1";"1";""
"202400032592";"155 724 326";"A01";"3";"50";"0";"2";"8";"9";"3";""
"202400032593";"155 724 323";"A01";"3";"2";"0";"0";"7";"1";"1";""
"202400032594";"155 724 319";"A01";"3";"7";"0";"2";"8";"15";"1";""
"202400032594";"155 724 321";"B01";"2";"7";"0";"2";"3";"1";"1";""
"202400032595";"155 724 320";"A01";"3";"2";"0";"2";"0";"5";"1";""
"202400032595";"155 724 322";"B01";"3";"7";"0";"2";"1";"15";"1";""
"202400032596";"155 724 318";"A01";"1";"7";"13";"0";"1";"26";"2";""
"202400032597";"155 724 316";"A01";"1";"7";"13";"0";"9";"1";"1";""
"202400032598";"155 724 315";"B01";"1";"7";"0";"2";"7";"1";"1";""
"202400032598";"155 724 317";"A01";"1";"30";"0";"2";"1";"26";"1";""
"202400032599";"155 724 312";"B01";"2";"33";"0";"2";"7";"17";"1";""
"202400032599";"155 724 314";"A01";"2";"7";"0";"2";"3";"15";"1";""
"202400032600";"155 724 310";"A01";"3";"7";"0";"2";"1";"2";"1";""
"202400032600";"155 724 311";"B01";"3";"10";"0";"2";"1";"2";"1";""
"202400032600";"155 724 313";"C01";"3";"7";"0";"2";"4";"2";"2";""
"202400032601";"155 724 309";"A01";"2";"7";"0";"1";"2";"1";"1";""
"202400032602";"155 724 307";"A01";"3";"50";"0";"2";"4";"26";"3";""
"202400032602";"155 724 308";"B01";"3";"7";"0";"2";"3";"1";"1";""
"202400032603";"155 724 306";"A01";"2";"7";"2";"0";"1";"1";"1";""
"202400032604";"155 724 303";"A01";"1";"30";"0";"2";"1";"0";"1";""
"202400032604";"155 724 305";"B01";"1";"7";"0";"2";"5";"16";"1";""
"202400032605";"155 724 304";"A01";"2";"7";"0";"1";"2";"15";"1";""
"202400032606";"155 724 302";"A01";"1";"30";"12";"0";"1";"14";"1";""
"202400032607";"155 724 300";"B01";"1";"1";"0";"2";"7";"1";"5";""
"202400032607";"155 724 301";"A01";"1";"7";"0";"2";"1";"16";"1";""
"202400032608";"155 724 299";"A01";"2";"30";"0";"0";"8";"1";"1";""
"202400032609";"155 724 298";"A01";"1";"7";"2";"0";"9";"1";"1";""
"202400032610";"155 724 297";"A01";"1";"7";"0";"0";"0";"1";"1";""
"202400032611";"155 724 296";"A01";"0";"3";"0";"0";"4";"10";"1";""
"202400032612";"155 724 294";"A01";"2";"33";"0";"6";"1";"1";"1";""
"202400032613";"155 724 293";"A01";"3";"7";"0";"2";"5";"1";"1";""
"202400032613";"155 724 295";"B01";"3";"7";"0";"2";"1";"1";"2";""
"202400032614";"155 724 291";"B01";"1";"1";"0";"2";"4";"1";"5";""
"202400032614";"155 724 292";"A01";"1";"1";"0";"2";"1";"1";"5";""
"202400032615";"155 724 289";"A01";"1";"7";"0";"2";"1";"1";"1";""
"202400032615";"155 724 290";"B01";"3";"50";"0";"2";"8";"1";"3";""
"202400032616";"155 724 288";"A01";"2";"7";"13";"0";"9";"0";"1";""
"202400032617";"155 724 286";"B01";"1";"1";"0";"2";"4";"19";"5";""
"202400032617";"155 724 287";"A01";"1";"7";"0";"2";"1";"21";"1";""
"202400032618";"155 724 285";"A01";"2";"33";"2";"0";"0";"0";"1";""
"202400032619";"155 724 282";"B01";"1";"1";"1";"0";"4";"7";"5";""
"202400032619";"155 724 284";"A01";"1";"10";"0";"9";"4";"1";"3";""
"202400032620";"155 724 280";"C01";"2";"10";"0";"0";"3";"24";"0";""
"202400032620";"155 724 281";"A01";"1";"33";"1";"1";"3";"1";"1";""
"202400032620";"155 724 283";"B01";"1";"7";"0";"0";"9";"1";"1";""
"202400032621";"155 724 278";"A01";"2";"10";"13";"0";"1";"13";"1";""
"202400032622";"155 724 277";"A01";"1";"7";"0";"2";"3";"15";"1";""
"202400032622";"155 724 279";"B01";"2";"7";"0";"2";"3";"1";"1";""
"202400032623";"155 724 276";"A01";"1";"2";"6";"0";"1";"1";"1";""
"202400032624";"155 724 274";"A01";"2";"80";"0";"2";"1";"1";"3";""
"202400032624";"155 724 275";"B01";"1";"1";"0";"2";"1";"1";"5";""
"202400032625";"155 724 273";"A01";"3";"7";"2";"0";"2";"1";"1";""
"202400032626";"155 724 271";"A01";"1";"7";"13";"0";"1";"1";"1";""
"202400032627";"155 724 269";"A01";"2";"7";"0";"2";"1";"1";"1";""
"202400032627";"155 724 270";"B01";"2";"7";"0";"2";"4";"23";"1";""
"202400032627";"155 724 272";"C01";"2";"7";"0";"2";"4";"0";"1";""
"202400032628";"155 724 268";"A01";"2";"33";"0";"0";"0";"1";"1";""
"202400032629";"155 724 267";"A01";"3";"7";"15";"0";"6";"26";"1";""
"202400032630";"155 724 266";"A01";"3";"50";"0";"0";"0";"0";"3";""
"202400032631";"155 724 261";"A01";"1";"7";"6";"2";"1";"1";"1";""
"202400032631";"155 724 262";"B01";"1";"7";"0";"2";"4";"1";"1";""
"202400032631";"155 724 265";"C01";"2";"7";"6";"2";"1";"1";"1";""
"202400032632";"155 724 260";"A01";"1";"37";"0";"1";"2";"1";"2";"1"
"202400032633";"155 724 259";"A01";"3";"36";"13";"0";"3";"16";"1";""
"202400032634";"155 724 257";"A01";"2";"7";"0";"2";"1";"2";"1";""
"202400032634";"155 724 258";"B01";"2";"50";"0";"2";"8";"2";"3";""
"202400032635";"155 724 256";"A01";"1";"7";"1";"1";"1";"1";"1";""
"202400032636";"155 724 253";"A01";"3";"3";"0";"1";"1";"1";"1";""
"202400032637";"155 724 254";"A01";"2";"33";"0";"2";"1";"1";"1";""
"202400032637";"155 724 255";"B01";"1";"10";"0";"2";"6";"1";"1";""
"202400032638";"155 724 252";"A01";"0";"33";"0";"5";"8";"1";"1";""
"202400032639";"155 724 250";"A01";"2";"7";"0";"2";"5";"1";"1";""
"202400032639";"155 724 251";"B01";"2";"50";"0";"2";"0";"1";"3";""
"202400032640";"155 724 248";"A01";"2";"7";"0";"2";"1";"5";"1";""
"202400032640";"155 724 249";"B01";"1";"7";"3";"2";"1";"1";"1";""
"202400032641";"155 724 246";"A01";"1";"7";"0";"2";"1";"16";"1";""
"202400032641";"155 724 247";"B01";"3";"50";"0";"2";"8";"19";"3";""
"202400032642";"155 724 245";"A01";"3";"7";"0";"1";"1";"1";"0";""
"202400032643";"155 724 243";"A01";"1";"7";"0";"2";"1";"2";"1";""
"202400032643";"155 724 244";"B01";"1";"7";"0";"2";"4";"1";"1";""
"202400032644";"155 724 242";"A01";"0";"7";"0";"1";"2";"1";"3";""
"202400032645";"155 724 241";"A01";"1";"7";"0";"1";"2";"1";"1";""
"202400032646";"155 724 239";"A01";"2";"2";"0";"2";"8";"1";"1";""
"202400032646";"155 724 240";"B01";"1";"7";"0";"2";"1";"15";"1";""
"202400032647";"155 724 238";"A01";"3";"7";"8";"0";"3";"1";"1";""
"202400032648";"155 724 234";"A01";"1";"30";"0";"2";"1";"1";"1";""
"202400032648";"155 724 236";"B01";"2";"99";"0";"0";"8";"1";"1";""
"202400032649";"155 724 231";"B01";"1";"7";"0";"2";"3";"15";"1";""
"202400032649";"155 724 233";"A01";"1";"32";"0";"2";"1";"2";"1";""
"202400032650";"155 724 230";"C01";"1";"10";"0";"0";"0";"15";"1";""
"202400032650";"155 724 232";"B01";"1";"7";"0";"2";"3";"23";"1";""
"202400032650";"155 724 235";"A01";"1";"7";"0";"2";"5";"1";"1";""
"202400032651";"155 724 228";"A01";"1";"7";"13";"0";"9";"1";"1";""
"202400032652";"155 724 227";"B01";"0";"50";"0";"2";"1";"19";"3";""
"202400032652";"155 724 229";"A01";"0";"7";"0";"2";"2";"17";"1";""
"202400032653";"155 724 226";"A01";"1";"7";"4";"0";"3";"1";"1";""
"202400032654";"155 724 225";"A01";"3";"30";"0";"0";"0";"26";"1";""
"202400032655";"155 724 224";"A01";"2";"7";"8";"0";"1";"1";"1";""
"202400032656";"155 724 222";"A01";"1";"7";"0";"2";"3";"13";"1";""
"202400032656";"155 724 223";"B01";"1";"7";"0";"2";"3";"1";"3";""
"202400032657";"155 724 220";"A01";"0";"1";"0";"0";"4";"1";"5";""
"202400032657";"155 724 221";"B01";"0";"7";"0";"2";"1";"9";"1";""
"202400032658";"155 724 218";"A01";"1";"7";"0";"2";"1";"15";"1";""
"202400032658";"155 724 219";"B01";"3";"7";"0";"2";"1";"1";"1";""
"202400032659";"155 724 215";"A01";"0";"7";"0";"1";"0";"20";"1";""
"202400032660";"155 724 216";"A01";"1";"7";"0";"2";"3";"0";"1";""
"202400032660";"155 724 217";"B01";"2";"7";"0";"2";"3";"0";"1";""
"202400032661";"155 724 212";"A01";"1";"7";"0";"2";"3";"2";"1";""
"202400032661";"155 724 214";"B01";"1";"2";"0";"2";"0";"0";"1";""
"202400032662";"155 724 209";"A01";"1";"2";"0";"0";"0";"1";"1";""
"202400032663";"155 724 208";"D01";"2";"7";"0";"9";"1";"0";"1";""
"202400032663";"155 724 210";"A01";"2";"7";"0";"2";"4";"0";"1";""
"202400032663";"155 724 211";"B01";"2";"7";"0";"2";"1";"0";"1";""
"202400032663";"155 724 213";"C01";"2";"7";"0";"2";"1";"0";"1";""
"202400032664";"155 724 207";"A01";"1";"13";"3";"1";"7";"1";"6";""
"202400032665";"155 724 205";"A01";"1";"33";"0";"2";"2";"0";"1";""
"202400032665";"155 724 206";"Z01";"1";"7";"0";"2";"3";"0";"0";""
"202400032666";"155 724 201";"B01";"2";"7";"0";"2";"1";"1";"1";""
"202400032666";"155 724 203";"C01";"2";"7";"0";"2";"8";"1";"1";""
"202400032666";"155 724 204";"A01";"2";"7";"0";"2";"1";"5";"2";""
"202400032667";"155 724 200";"B01";"2";"7";"1";"0";"6";"1";"1";""
"202400032667";"155 724 202";"Z01";"2";"7";"0";"2";"6";"1";"6";""
"202400032668";"155 724 199";"A01";"1";"7";"4";"0";"2";"1";"1";""
"202400032669";"155 724 197";"B01";"2";"7";"0";"2";"1";"19";"1";""
"202400032669";"155 724 198";"A01";"2";"7";"0";"2";"3";"19";"1";""
"202400032670";"155 724 194";"A01";"1";"7";"0";"2";"3";"2";"1";""
"202400032670";"155 724 196";"B01";"1";"33";"8";"2";"1";"16";"1";""
"202400032671";"155 724 193";"A01";"1";"7";"0";"2";"2";"17";"1";""
"202400032671";"155 724 195";"B01";"1";"7";"13";"0";"6";"1";"2";""
"202400032672";"155 724 190";"B01";"2";"7";"0";"2";"3";"1";"1";""
"202400032672";"155 724 191";"A01";"1";"31";"0";"2";"1";"13";"1";""
"202400032673";"155 724 188";"A01";"1";"7";"0";"2";"8";"15";"1";""
"202400032673";"155 724 189";"B01";"1";"33";"0";"2";"2";"17";"1";""
"202400032673";"155 724 192";"C01";"1";"33";"0";"2";"2";"17";"1";""
"202400032674";"155 724 186";"B01";"2";"33";"0";"2";"1";"13";"1";""
"202400032674";"155 724 187";"A01";"1";"7";"0";"2";"2";"0";"2";""
"202400032675";"155 724 185";"A01";"1";"30";"0";"0";"0";"1";"1";""
"202400032676";"155 724 184";"A01";"3";"2";"5";"0";"7";"1";"1";""
"202400032677";"155 724 180";"D01";"3";"7";"0";"2";"6";"24";"1";""
"202400032677";"155 724 182";"A01";"2";"33";"1";"2";"1";"1";"1";""
"202400032677";"155 724 183";"B01";"2";"7";"0";"2";"3";"1";"1";""
"202400032678";"155 724 181";"A01";"3";"7";"0";"1";"1";"19";"1";""
"202400032679";"155 724 178";"A01";"1";"50";"0";"0";"0";"1";"3";""
"202400032680";"155 724 176";"A01";"1";"37";"0";"2";"1";"1";"2";"1"
"202400032680";"155 724 177";"B01";"1";"7";"0";"2";"9";"1";"1";""
"202400032680";"155 724 179";"C01";"1";"7";"0";"2";"4";"1";"1";""
"202400032681";"155 724 175";"A01";"2";"7";"3";"0";"2";"1";"1";""
"202400032682";"155 724 173";"Z01";"2";"80";"0";"1";"2";"1";"3";""
"202400032683";"155 724 172";"A01";"1";"7";"0";"1";"5";"11";"0";""
"202400032684";"155 724 170";"A01";"1";"14";"0";"2";"1";"2";"1";""
"202400032684";"155 724 171";"B01";"1";"2";"0";"0";"4";"23";"3";""
"202400032685";"155 724 168";"A01";"3";"33";"0";"2";"1";"13";"1";""
"202400032685";"155 724 169";"B01";"3";"7";"0";"0";"3";"1";"3";""
"202400032686";"155 724 167";"A01";"1";"33";"0";"1";"1";"1";"1";""
"202400032687";"155 724 165";"A01";"1";"7";"0";"2";"3";"0";"1";""
"202400032687";"155 724 166";"B01";"1";"2";"0";"0";"4";"1";"1";""
"202400032688";"155 724 163";"A01";"3";"7";"15";"0";"1";"14";"1";""
"202400032689";"155 724 162";"B01";"2";"1";"0";"2";"3";"1";"5";""
"202400032689";"155 724 164";"A01";"3";"7";"0";"2";"2";"1";"1";""
"202400032690";"155 724 161";"A01";"1";"33";"0";"0";"1";"1";"1";""
"202400032691";"155 724 160";"A01";"2";"1";"0";"2";"8";"21";"5";""
"202400032692";"155 724 159";"A01";"2";"10";"1";"0";"2";"1";"1";""
"202400032693";"155 724 158";"A01";"1";"7";"0";"1";"2";"1";"2";""
"202400032694";"155 724 155";"B01";"3";"33";"0";"2";"2";"1";"1";""
"202400032694";"155 724 156";"A01";"3";"7";"0";"2";"0";"10";"1";""
"202400032695";"155 724 154";"A01";"3";"7";"2";"0";"1";"0";"1";""
"202400032696";"155 724 153";"A01";"2";"1";"0";"1";"2";"1";"5";""
"202400032697";"155 724 151";"B01";"2";"7";"0";"2";"8";"1";"1";""
"202400032697";"155 724 152";"Z01";"2";"17";"0";"0";"0";"0";"0";""
"202400032698";"155 724 150";"A01";"0";"1";"0";"0";"8";"2";"5";""
"202400032699";"155 724 147";"A01";"2";"7";"0";"2";"1";"2";"1";""
"202400032699";"155 724 148";"B01";"2";"7";"0";"2";"4";"2";"1";""
"202400032699";"155 724 149";"C01";"2";"7";"0";"2";"4";"2";"1";""
"202400032700";"155 724 145";"B01";"1";"50";"0";"2";"2";"17";"3";""
"202400032700";"155 724 146";"A01";"1";"1";"0";"2";"3";"1";"5";""
"202400032701";"155 724 143";"A01";"1";"7";"0";"2";"2";"1";"1";""
"202400032701";"155 724 144";"B01";"1";"10";"0";"2";"6";"2";"1";""
"202400032702";"155 724 142";"A01";"1";"30";"14";"0";"7";"8";"1";""
"202400032703";"155 724 140";"B01";"1";"7";"0";"2";"2";"1";"1";""
"202400032703";"155 724 141";"A01";"1";"7";"3";"2";"1";"13";"1";""
"202400032704";"155 724 137";"C01";"3";"1";"0";"2";"8";"0";"5";""
"202400032704";"155 724 138";"B01";"3";"33";"0";"2";"8";"0";"1";""
"202400032704";"155 724 139";"A01";"3";"7";"0";"2";"3";"13";"1";""
"202400032705";"155 724 136";"A01";"2";"7";"4";"0";"1";"18";"1";""
"202400032706";"155 724 133";"A01";"2";"7";"0";"2";"2";"1";"1";""
"202400032706";"155 724 135";"B01";"2";"30";"0";"2";"3";"15";"1";""
"202400032707";"155 724 131";"B01";"2";"7";"0";"2";"8";"1";"2";""
"202400032707";"155 724 132";"A01";"2";"7";"0";"2";"1";"5";"1";""
"202400032707";"155 724 134";"C01";"1";"7";"0";"2";"1";"1";"1";""
"202400032708";"155 724 129";"A01";"2";"7";"0";"2";"1";"17";"1";""
"202400032708";"155 724 130";"B01";"1";"7";"0";"2";"1";"1";"1";""
"202400032709";"155 724 127";"B01";"2";"7";"0";"2";"3";"9";"1";""
"202400032709";"155 724 128";"A01";"2";"30";"0";"2";"2";"13";"1";""
"202400032710";"155 724 123";"A01";"1";"99";"0";"9";"1";"26";"0";""
"202400032710";"155 724 124";"B01";"2";"99";"0";"9";"1";"0";"0";""
"202400032711";"155 724 125";"A01";"0";"7";"0";"2";"2";"15";"3";""
"202400032711";"155 724 126";"B01";"0";"33";"0";"2";"1";"2";"1";""
"202400032712";"155 724 119";"B01";"1";"7";"0";"2";"2";"1";"1";""
"202400032712";"155 724 121";"A01";"1";"7";"0";"2";"3";"13";"1";""
"202400032713";"155 724 118";"A01";"0";"7";"0";"2";"3";"17";"1";""
"202400032713";"155 724 120";"B01";"1";"31";"0";"2";"7";"3";"1";""
"202400032714";"155 724 117";"B01";"1";"7";"8";"2";"8";"1";"1";""
"202400032714";"155 724 122";"A01";"1";"7";"8";"2";"1";"9";"1";""
"202400032715";"155 724 115";"A01";"1";"7";"10";"0";"2";"14";"1";""
"202400032716";"155 724 113";"A01";"3";"7";"0";"2";"8";"9";"1";""
"202400032716";"155 724 116";"B01";"1";"7";"0";"2";"1";"1";"1";""
"202400032717";"155 724 112";"A01";"1";"10";"0";"2";"3";"15";"1";""
"202400032717";"155 724 114";"B01";"1";"32";"0";"1";"1";"1";"1";""
"202400032718";"155 724 111";"A01";"0";"7";"0";"1";"3";"15";"1";""
"202400032719";"155 724 108";"Z01";"2";"7";"0";"2";"0";"0";"0";""
"202400032719";"155 724 109";"A01";"2";"50";"0";"2";"0";"0";"3";""
"202400032720";"155 724 107";"B01";"3";"10";"0";"2";"1";"0";"1";""
"202400032720";"155 724 110";"A01";"3";"7";"0";"2";"7";"1";"1";""
"202400032721";"155 724 105";"A01";"2";"7";"0";"2";"1";"13";"1";""
"202400032721";"155 724 106";"B01";"1";"7";"0";"2";"1";"1";"1";""
"202400032722";"155 724 103";"A01";"1";"7";"1";"0";"0";"22";"1";""
"202400032722";"155 724 104";"B01";"1";"2";"0";"2";"8";"22";"1";""
"202400032723";"155 724 101";"A01";"1";"7";"0";"0";"0";"0";"1";""
"202400032724";"155 724 100";"A01";"1";"2";"0";"0";"0";"1";"1";""
"202400032725";"155 724 099";"A01";"1";"32";"0";"2";"1";"1";"1";""
"202400032725";"155 724 102";"B01";"2";"10";"16";"2";"0";"15";"1";""
"202400032726";"155 724 098";"A01";"2";"7";"13";"0";"1";"5";"1";""
"202400032727";"155 724 097";"A01";"1";"30";"0";"0";"7";"26";"1";""
"202400032728";"155 724 094";"A01";"2";"33";"13";"0";"9";"1";"1";""
"202400032729";"155 724 093";"B01";"3";"7";"0";"2";"0";"13";"2";""
"202400032729";"155 724 096";"A01";"2";"33";"0";"2";"3";"17";"1";""
"202400032730";"155 724 095";"A01";"3";"31";"0";"0";"8";"1";"1";""
"202400032731";"155 724 092";"A01";"2";"33";"0";"0";"0";"0";"1";""
"202400032732";"155 724 090";"B01";"3";"34";"0";"2";"7";"1";"1";""
"202400032732";"155 724 091";"A01";"3";"7";"0";"2";"1";"1";"2";""
"202400032733";"155 724 089";"A01";"1";"7";"6";"0";"1";"26";"1";""
"202400032734";"155 724 088";"A01";"1";"7";"2";"0";"1";"6";"1";""
"202400032735";"155 724 086";"A01";"1";"7";"6";"0";"1";"1";"1";""
"202400032736";"155 724 083";"C01";"1";"7";"0";"2";"4";"2";"1";""
"202400032736";"155 724 084";"A01";"2";"7";"0";"2";"1";"1";"1";""
"202400032736";"155 724 087";"B01";"1";"7";"0";"2";"4";"2";"2";""
"202400032737";"155 724 082";"B01";"2";"2";"0";"2";"8";"1";"1";""
"202400032737";"155 724 085";"A01";"1";"7";"0";"2";"2";"1";"1";""
"202400032738";"155 724 081";"A01";"1";"7";"13";"0";"2";"1";"1";""
"202400032739";"155 724 079";"B01";"0";"50";"0";"2";"1";"1";"3";""
"202400032739";"155 724 080";"A01";"0";"7";"0";"9";"2";"9";"1";""
"202400032740";"155 724 076";"B01";"1";"33";"0";"2";"1";"1";"1";""
"202400032740";"155 724 078";"A01";"2";"7";"0";"2";"2";"15";"1";""
"202400032741";"155 724 075";"B01";"1";"7";"0";"0";"1";"26";"0";""
"202400032741";"155 724 077";"A01";"1";"7";"0";"2";"4";"0";"0";""
"202400032742";"155 724 074";"A01";"1";"7";"0";"1";"1";"1";"2";""
"202400032743";"155 724 073";"A01";"0";"31";"0";"0";"1";"0";"1";""
"202400032744";"155 724 068";"A01";"2";"7";"13";"0";"1";"1";"1";""
"202400032745";"155 724 069";"B01";"3";"7";"0";"2";"8";"15";"1";""
"202400032745";"155 724 072";"A01";"2";"30";"0";"2";"1";"17";"1";""
"202400032746";"155 724 070";"A01";"3";"7";"0";"2";"1";"9";"2";""
"202400032746";"155 724 071";"B01";"0";"7";"0";"2";"3";"1";"1";""
"202400032747";"155 724 066";"A01";"1";"10";"0";"1";"4";"4";"3";""
"202400032748";"155 724 064";"A01";"2";"7";"0";"2";"3";"17";"1";""
"202400032748";"155 724 067";"B01";"1";"7";"0";"2";"3";"1";"1";""
"202400032749";"155 724 063";"A01";"1";"7";"0";"2";"2";"15";"1";""
"202400032749";"155 724 065";"B01";"2";"2";"0";"2";"1";"1";"1";""
"202400032750";"155 724 061";"A01";"1";"33";"2";"0";"0";"2";"1";""
"202400032751";"155 724 060";"A01";"1";"50";"0";"2";"8";"1";"3";""
"202400032751";"155 724 062";"B01";"2";"10";"0";"2";"2";"1";"1";""
"202400032752";"155 724 058";"B01";"3";"7";"0";"1";"0";"0";"0";""
"202400032753";"155 724 057";"B01";"2";"38";"0";"0";"5";"15";"1";"1"
"202400032753";"155 724 059";"A01";"1";"2";"0";"2";"1";"1";"1";""
"202400032754";"155 724 054";"B01";" -1";"0";"0";"2";" -1";"0";" -1";""
"202400032754";"155 724 056";"A01";"1";"31";"0";"2";"7";"16";"1";""
"202400032755";"155 724 053";"A01";"1";"1";"0";"2";"3";"1";"5";""
"202400032755";"155 724 055";"B01";"1";"7";"0";"2";"3";"15";"1";""
"202400032756";"155 724 052";"A01";"1";"10";"0";"1";"2";"1";"1";""
"202400032757";"155 724 048";"B01";"0";"10";"0";"2";"3";"9";"1";""
"202400032757";"155 724 050";"A01";"2";"10";"0";"2";"1";"26";"1";""
"202400032758";"155 724 049";"A01";"2";"7";"0";"2";"2";"15";"1";""
"202400032758";"155 724 051";"B01";"1";"7";"0";"2";"1";"1";"1";""
"202400032759";"155 724 046";"A01";"1";"7";"0";"2";"4";"2";"1";""
"202400032759";"155 724 047";"B01";"1";"13";"0";"2";"1";"2";"1";""
"202400032760";"155 724 044";"A01";"3";"7";"0";"2";"1";"2";"1";""
"202400032760";"155 724 045";"B01";"3";"30";"0";"2";"4";"0";"3";""
"202400032761";"155 724 043";"A01";"1";"7";"13";"0";"1";"13";"1";""
"202400032762";"155 724 042";"A01";"2";"7";"0";"1";"3";"1";"1";""
"202400032763";"155 724 041";"A01";"1";"10";"1";"0";"2";"1";"0";""
"202400032764";"155 724 040";"A01";"2";"7";"2";"0";"1";"1";"1";""
"202400032765";"155 724 035";"A01";"1";"7";"0";"2";"1";"2";"2";""
"202400032765";"155 724 038";"B01";"1";"7";"0";"2";"4";"1";"1";""
"202400032766";"155 724 036";"A01";"1";"7";"0";"2";"3";"9";"1";""
"202400032766";"155 724 039";"B01";"1";"1";"0";"2";"1";"1";"5";""
"202400032767";"155 724 037";"A01";"3";"7";"2";"0";"3";"1";"1";""
"202400032768";"155 724 031";"B01";"1";"7";"0";"2";"7";"1";"1";""
"202400032768";"155 724 034";"A01";"3";"50";"0";"2";"1";"1";"3";""