"Num_Acc";"id_vehicule";"num_veh";"senc";"catv";"obs";"obsm";"choc";"manv";"motor";"occutc"
"202400032769";"155 724 030";"A01";"0";"34";"0";"2";"3";"13";"1";""
"202400032769";"155 724 032";"B01";"3";"7";"0";"2";"3";"1";"1";""
"202400032770";"155 724 029";"A01";"3";"7";"0";"2";"7";"15";"1";""
"202400032770";"155 724 033";"B01";"3";"7";"8";"2";"1";"1";"1";""
"202400032771";"155 724 028";"A01";"1";"7";"1";"0";"3";"13";"2";""
"202400032772";"155 724 026";"A01";"3";"7";"1";"0";"1";"14";"1";""
"202400032773";"155 724 025";"B01";"2";"7";"3";"0";"4";"2";"1";""
"202400032773";"155 724 027";"A01";"2";"10";"0";"2";"1";"2";"1";""
"202400032774";"155 724 024";"A01";"2";"31";"0";"0";"1";"0";"1";""
"202400032775";"155 724 020";"A01";"1";"1";"0";"0";"0";"26";"5";""
"202400032776";"155 724 019";"A01";"3";"7";"0";"2";"1";"2";"1";""
"202400032776";"155 724 023";"B01";"3";"7";"0";"2";"4";"23";"1";""
"202400032777";"155 724 018";"A01";"1";"10";"0";"2";"1";"2";"1";""
"202400032777";"155 724 021";"B01";"1";"7";"0";"2";"4";"2";"1";""
"202400032777";"155 724 022";"C01";"1";"15";"0";"0";"4";"11";"1";""
"202400032778";"155 724 015";"A01";"2";"7";"0";"2";"2";"13";"1";""
"202400032778";"155 724 017";"B01";"1";"7";"0";"2";"1";"1";"1";""
"202400032779";"155 724 014";"A01";"1";"10";"0";"1";"2";"1";"1";""
"202400032780";"155 724 013";"A01";"3";"7";"0";"2";"7";"19";"1";""
"202400032780";"155 724 016";"B01";"1";"33";"0";"2";"1";"1";"1";""
"202400032781";"155 724 009";"A01";"1";"7";"0";"2";"2";"26";"1";""
"202400032781";"155 724 010";"B01";"1";"7";"0";"2";"6";"1";"1";""
"202400032781";"155 724 012";"C01";"1";"7";"0";"2";"4";"1";"1";""
"202400032782";"155 724 007";"A01";"1";"10";"3";"0";"8";"1";"1";""
"202400032783";"155 724 008";"A01";"2";"7";"0";"2";"6";"15";"1";""
"202400032783";"155 724 011";"B01";"2";"2";"0";"2";"1";"0";"1";""
"202400032784";"155 724 005";"B01";"1";"7";"0";"2";"7";"0";"1";""
"202400032784";"155 724 006";"A01";"1";"31";"0";"2";"8";"9";"3";""
"202400032785";"155 724 002";"A01";"1";"7";"0";"2";"1";"0";"1";""
"202400032785";"155 724 004";"B01";"2";"7";"0";"2";"3";"0";"1";""
"202400032786";"155 724 001";"B01";"2";"31";"0";"2";"1";"3";"1";""
"202400032786";"155 724 003";"A01";"2";"7";"0";"2";"3";"15";"1";""
"202400032787";"155 724 000";"A01";"1";"33";"0";"0";"0";"0";"0";""
"202400032788";"155 723 998";"A01";"1";"33";"0";"0";"0";"0";"1";""
"202400032789";"155 723 997";"A01";"0";"33";"1";"0";"1";"14";"1";""
"202400032789";"155 723 999";"B01";"0";"7";"0";"2";"2";"23";"1";""
"202400032790";"155 723 995";"B01";"0";"50";"0";"2";"1";"1";"3";""
"202400032790";"155 723 996";"A01";"0";"7";"0";"2";"3";"26";"1";""
"202400032791";"155 723 993";"A01";"3";"36";"0";"0";"1";"14";"1";""
"202400032792";"155 723 992";"A01";"1";"2";"0";"2";"2";"17";"1";""
"202400032792";"155 723 994";"B01";"1";"7";"4";"2";"0";"13";"1";""
"202400032793";"155 723 988";"A01";"3";"10";"0";"2";"1";"1";"1";""
"202400032793";"155 723 990";"B01";"2";"7";"0";"2";"3";"1";"1";""
"202400032794";"155 723 986";"A01";"1";"10";"0";"2";"6";"15";"1";""
"202400032794";"155 723 987";"B01";"1";"33";"0";"2";"1";"17";"1";""
"202400032795";"155 723 984";"A01";"0";"2";"6";"0";"1";"0";"1";""
"202400032796";"155 723 983";"A01";"1";"7";"0";"1";"3";"19";"1";""
"202400032797";"155 723 980";"A01";"1";"7";"0";"2";"2";"21";"1";""
"202400032797";"155 723 982";"B01";"2";"10";"0";"2";"3";"21";"1";""
"202400032798";"155 723 979";"A01";"3";"17";"0";"2";"0";"1";"1";""
"202400032798";"155 723 981";"B01";"3";"1";"0";"2";"0";"1";"5";""
"202400032799";"155 723 976";"A01";"1";"10";"6";"0";"1";"1";"1";""
"202400032800";"155 723 973";"A01";"1";"36";"0";"2";"1";"26";"1";""
"202400032800";"155 723 975";"B01";"1";"7";"0";"2";"2";"1";"1";""
"202400032801";"155 723 971";"A01";"2";"7";"0";"2";"1";"17";"1";""
"202400032801";"155 723 972";"B01";"1";"7";"0";"2";"1";"1";"1";""
"202400032801";"155 723 974";"C01";"1";"7";"0";"2";"6";"1";"1";""
"202400032801";"155 723 977";"D01";"1";"7";"0";"2";"4";"1";"1";""
"202400032802";"155 723 969";"A01";"2";"7";"2";"0";"1";"1";"0";""
"202400032803";"155 723 968";"A01";"0";"7";"0";"2";"8";"1";"1";""
"202400032803";"155 723 970";"B01";"0";"2";"0";"2";"1";"1";"1";""
"202400032804";"155 723 966";"A01";"2";"7";"0";"2";"1";"13";"1";""
"202400032804";"155 723 967";"B01";"1";"7";"0";"2";"3";"1";"1";""
"202400032805";"155 723 965";"A01";"1";"2";"6";"0";"1";"1";"1";""
"202400032806";"155 723 964";"A01";"1";"7";"2";"0";"3";"0";"2";""
"202400032807";"155 723 963";"A01";"2";"7";"8";"0";"8";"1";"1";""
"202400032808";"155 723 962";"A01";"2";"7";"0";"0";"1";"1";"1";""
"202400032809";"155 723 961";"A01";"3";"7";"0";"1";"1";"1";"1";""
"202400032810";"155 723 960";"A01";"1";"7";"8";"0";"1";"1";"1";""
"202400032811";"155 723 956";"A01";"1";"33";"0";"2";"7";"17";"1";""
"202400032811";"155 723 959";"B01";"1";"7";"0";"2";"3";"15";"1";""
"202400032812";"155 723 955";"A01";"1";"7";"0";"2";"1";"2";"1";""
"202400032812";"155 723 958";"B01";"1";"7";"0";"2";"4";"2";"1";""
"202400032813";"155 723 954";"A01";"1";"7";"0";"2";"2";"13";"1";""
"202400032813";"155 723 957";"B01";"2";"7";"0";"2";"1";"1";"2";""
"202400032814";"155 723 953";"A01";"1";"7";"0";"0";"0";"1";"1";""
"202400032815";"155 723 951";"B01";"1";"10";"4";"2";"3";"1";"0";""
"202400032815";"155 723 952";"A01";"1";"37";"0";"2";"3";"1";"1";"1"
"202400032816";"155 723 950";"A01";"2";"7";"0";"1";"1";"0";"1";""
"202400032817";"155 723 949";"A01";"3";"10";"0";"1";"1";"26";"1";""
"202400032818";"155 723 945";"A01";"2";"7";"2";"0";"5";"13";"1";""
"202400032819";"155 723 944";"A01";"2";"7";"0";"2";"1";"1";"1";""
"202400032819";"155 723 947";"B01";"1";"1";"0";"2";"8";"19";"5";""
"202400032820";"155 723 946";"A01";"1";"7";"0";"2";"3";"16";"1";""
"202400032820";"155 723 948";"B01";"2";"7";"0";"2";"3";"1";"1";""
"202400032821";"155 723 940";"B01";"1";"7";"0";"0";"8";"1";"1";""
"202400032821";"155 723 943";"A01";"2";"7";"0";"2";"3";"13";"1";""
"202400032822";"155 723 941";"A01";"1";"30";"0";"0";"8";"1";"1";""
"202400032823";"155 723 939";"B01";"2";"2";"0";"2";"2";"1";"1";""
"202400032823";"155 723 942";"A01";"1";"7";"0";"2";"8";"15";"1";""
"202400032824";"155 723 935";"B01";"1";"7";"0";"2";"1";"1";"1";""
"202400032824";"155 723 938";"A01";"1";"7";"0";"2";"1";"13";"1";""
"202400032825";"155 723 933";"A01";"3";"2";"0";"2";"8";"19";"1";""
"202400032825";"155 723 937";"B01";"2";"7";"0";"2";"3";"1";"1";""
"202400032826";"155 723 934";"B01";"1";"1";"0";"2";"1";"0";"5";""
"202400032826";"155 723 936";"A01";"2";"7";"0";"2";"1";"1";"2";""
"202400032827";"155 723 932";"A01";"0";"7";"0";"1";"2";"1";"1";""
"202400032828";"155 723 930";"A01";"1";"7";"13";"0";"9";"1";"1";""
"202400032828";"155 723 931";"B01";"2";"7";"0";"0";"0";"5";"0";""
"202400032829";"155 723 929";"A01";"2";"7";"0";"1";"1";"1";"1";""
"202400032830";"155 723 926";"A01";"1";"7";"0";"2";"8";"1";"1";""
"202400032830";"155 723 928";"B01";"1";"7";"0";"2";"1";"1";"1";""
"202400032831";"155 723 923";"B01";"1";"7";"0";"2";"1";"1";"1";""
"202400032831";"155 723 925";"A01";"2";"7";"0";"2";"1";"15";"1";""
"202400032831";"155 723 927";"C01";"1";"38";"0";"2";"8";"1";"1";"1"
"202400032832";"155 723 922";"B01";"3";"7";"0";"2";"1";"1";"1";""
"202400032832";"155 723 924";"A01";"3";"50";"0";"2";"1";"1";"3";""
"202400032833";"155 723 920";"A01";"2";"99";"0";"2";"8";"1";"3";""
"202400032833";"155 723 921";"B01";"1";"7";"0";"2";"3";"15";"1";""
"202400032834";"155 723 919";"A01";"1";"7";"16";"0";"0";"13";"1";""
"202400032835";"155 723 915";"A01";"2";"3";"15";"0";"3";"0";"1";""
"202400032836";"155 723 917";"A01";"2";"7";"0";"2";"1";"15";"1";""
"202400032836";"155 723 918";"B01";"1";"1";"0";"2";"8";"1";"5";""
"202400032837";"155 723 914";"A01";"2";"7";"3";"0";"1";"0";"1";""
"202400032838";"155 723 912";"A01";"1";"7";"4";"0";"1";"1";"1";""
"202400032839";"155 723 911";"A01";"3";"7";"0";"2";"1";"19";"1";""
"202400032839";"155 723 913";"B01";"3";"50";"0";"2";"1";"19";"3";""
"202400032840";"155 723 908";"A01";"1";"7";"0";"2";"3";"13";"1";""
"202400032840";"155 723 910";"B01";"2";"33";"0";"2";"1";"1";"1";""
"202400032841";"155 723 907";"B01";"2";"7";"0";"2";"3";"1";"1";""
"202400032841";"155 723 909";"A01";"2";"7";"0";"2";"4";"14";"1";""
"202400032842";"155 723 905";"A01";"3";"7";"0";"2";"2";"15";"1";""
"202400032842";"155 723 906";"B01";"3";"30";"0";"2";"6";"1";"1";""
"202400032843";"155 723 901";"B01";"2";"7";"0";"2";"4";"1";"1";""
"202400032843";"155 723 902";"A01";"2";"33";"0";"2";"1";"2";"1";""
"202400032844";"155 723 900";"A01";"1";"7";"0";"2";"2";"15";"1";""
"202400032844";"155 723 903";"B01";"2";"7";"0";"2";"1";"1";"1";""
"202400032845";"155 723 898";"B01";"1";"7";"0";"2";"0";"0";"1";""
"202400032845";"155 723 899";"A01";"1";"7";"0";"2";"4";"26";"1";""
"202400032846";"155 723 904";"A01";"1";"7";"2";"0";"3";"1";"1";""
"202400032847";"155 723 895";"A01";"1";"7";"0";"2";"1";"13";"1";""
"202400032847";"155 723 896";"B01";"2";"7";"0";"2";"6";"21";"1";""
"202400032847";"155 723 897";"C01";"2";"7";"0";"2";"1";"1";"1";""
"202400032848";"155 723 894";"A01";"2";"7";"3";"0";"9";"1";"1";""
"202400032849";"155 723 892";"A01";"2";"7";"0";"2";"1";"2";"1";""
"202400032849";"155 723 893";"B01";"2";"7";"0";"2";"4";"2";"1";""
"202400032850";"155 723 887";"A01";"1";"7";"0";"2";"3";"15";"1";""
"202400032850";"155 723 891";"B01";"1";"33";"0";"0";"5";"1";"1";""
"202400032851";"155 723 888";"B01";"2";"50";"0";"2";"2";"9";"3";""
"202400032851";"155 723 890";"A01";"2";"7";"0";"2";"2";"1";"1";""
"202400032852";"155 723 886";"A01";"1";"7";"0";"2";"1";"2";"1";""
"202400032852";"155 723 889";"B01";"1";"10";"0";"2";"4";"1";"1";""
"202400032853";"155 723 885";"A01";"1";"7";"4";"0";"3";"1";"1";""
"202400032854";"155 723 883";"A01";"1";"31";"16";"0";"7";"26";"1";""
"202400032855";"155 723 882";"B01";"1";"31";"0";"2";"1";"1";"1";""
"202400032855";"155 723 884";"A01";"1";"10";"0";"2";"8";"9";"1";""
"202400032856";"155 723 878";"B01";"2";"2";"0";"2";"3";"15";"1";""
"202400032856";"155 723 881";"A01";"2";"10";"0";"2";"2";"17";"1";""
"202400032857";"155 723 877";"A01";"2";"30";"0";"2";"8";"1";"1";""
"202400032857";"155 723 879";"B01";"2";"7";"0";"9";"5";"1";"1";""
"202400032858";"155 723 875";"A01";"1";"7";"0";"2";"1";"2";"1";""
"202400032858";"155 723 876";"B01";"1";"7";"1";"2";"4";"2";"1";""
"202400032858";"155 723 880";"C01";"1";"7";"0";"2";"4";"2";"1";""
"202400032859";"155 723 873";"A01";"2";"7";"0";"0";"0";"15";"1";""
"202400032859";"155 723 874";"B01";"1";"31";"13";"0";"7";"0";"1";""
"202400032860";"155 723 872";"A01";"2";"7";"3";"0";"2";"12";"1";""
"202400032861";"155 723 870";"A01";"2";"7";"0";"2";"1";"2";"1";""
"202400032861";"155 723 871";"B01";"2";"7";"0";"2";"4";"0";"1";""
"202400032862";"155 723 866";"A01";"1";"7";"0";"2";"4";"1";"1";""
"202400032862";"155 723 868";"B01";"1";"7";"0";"2";"4";"2";"1";""
"202400032862";"155 723 869";"C01";"1";"7";"0";"2";"1";"2";"1";""
"202400032863";"155 723 865";"A01";"2";"7";"0";"2";"5";"15";"1";""
"202400032863";"155 723 867";"B01";"1";"34";"0";"2";"1";"1";"1";""
"202400032864";"155 723 861";"A01";"1";"31";"0";"2";"2";"17";"1";""
"202400032864";"155 723 863";"B01";"1";"7";"0";"2";"3";"15";"1";""
"202400032865";"155 723 860";"A01";"1";"7";"0";"2";"3";"13";"1";""
"202400032865";"155 723 862";"C01";"1";"10";"0";"2";"6";"0";"1";""
"202400032865";"155 723 864";"B01";"1";"7";"0";"2";"2";"1";"2";""
"202400032866";"155 723 857";"A01";"1";"7";"0";"2";"3";"15";"1";""
"202400032866";"155 723 859";"B01";"1";"33";"0";"2";"1";"17";"1";""
"202400032867";"155 723 856";"B01";"2";"7";"0";"2";"0";"12";"1";""
"202400032867";"155 723 858";"A01";"2";"33";"0";"2";"7";"3";"1";""
"202400032868";"155 723 853";"A01";"1";"7";"0";"2";"1";"0";"1";""
"202400032868";"155 723 855";"B01";"1";"80";"0";"2";"4";"1";"3";""
"202400032869";"155 723 852";"B01";"1";"7";"4";"2";"4";"1";"1";""
"202400032869";"155 723 854";"A01";"1";"7";"0";"2";"1";"1";"1";""
"202400032870";"155 723 849";"B01";"1";"1";"0";"2";"1";"1";"5";""
"202400032870";"155 723 851";"A01";"1";"7";"0";"2";"3";"0";"1";""
"202400032871";"155 723 848";"A01";"1";"33";"0";"2";"1";"2";"1";""
"202400032871";"155 723 850";"B01";"1";"7";"0";"2";"4";"0";"1";""
"202400032872";"155 723 847";"A01";"3";"37";"0";"1";"2";"15";"1";"1"
"202400032873";"155 723 845";"B01";"3";"50";"0";"2";"6";"0";"3";""
"202400032873";"155 723 846";"A01";"3";"32";"0";"2";"2";"21";"1";""
"202400032874";"155 723 842";"A01";"2";"33";"4";"0";"9";"26";"1";""
"202400032875";"155 723 843";"A01";"3";"7";"0";"2";"5";"2";"1";""
"202400032875";"155 723 844";"B01";"3";"7";"0";"2";"5";"2";"1";""
"202400032876";"155 723 839";"A01";"2";"7";"0";"2";"1";"5";"1";""
"202400032876";"155 723 841";"B01";"1";"7";"0";"2";"1";"1";"1";""
"202400032877";"155 723 838";"A01";"3";"7";"0";"2";"7";"15";"1";""
"202400032877";"155 723 840";"B01";"3";"7";"0";"2";"2";"1";"1";""
"202400032878";"155 723 835";"A01";"2";"7";"0";"2";"3";"10";"1";""
"202400032878";"155 723 836";"B01";"1";"31";"0";"2";"8";"1";"1";""
"202400032879";"155 723 834";"B01";"1";"33";"12";"0";"0";"1";"1";""
"202400032879";"155 723 837";"A01";"3";"3";"0";"2";"0";"15";"0";""
"202400032880";"155 723 833";"A01";"3";"7";"0";"1";"2";"1";"1";""
"202400032881";"155 723 831";"A01";"1";"32";"0";"2";"7";"15";"1";""
"202400032881";"155 723 832";"B01";"2";"10";"0";"2";"7";"1";"1";""
"202400032882";"155 723 830";"A01";"2";"7";"0";"1";"7";"1";"1";""
"202400032883";"155 723 829";"A01";"3";"33";"0";"0";"7";"1";"1";""
"202400032884";"155 723 827";"A01";"1";"7";"6";"0";"1";"0";"1";""
"202400032885";"155 723 826";"A01";"3";"50";"0";"2";"8";"19";"3";""
"202400032885";"155 723 828";"B01";"3";"7";"0";"9";"3";"2";"1";""
"202400032886";"155 723 824";"A01";"1";"33";"0";"2";"1";"0";"1";""
"202400032886";"155 723 825";"B01";"1";"7";"0";"0";"0";"0";"0";""
"202400032887";"155 723 821";"A01";"1";"7";"0";"2";"3";"1";"1";""
"202400032887";"155 723 823";"B01";"2";"2";"0";"2";"1";"1";"1";""
"202400032888";"155 723 820";"A01";"2";"7";"0";"2";"7";"14";"1";""
"202400032888";"155 723 822";"B01";"3";"37";"0";"2";"8";"7";"0";"3"
"202400032889";"155 723 817";"A01";"2";"7";"0";"2";"2";"2";"1";""
"202400032889";"155 723 819";"B01";"2";"7";"0";"2";"4";"2";"1";""
"202400032890";"155 723 816";"B01";"0";"7";"0";"2";"0";"26";" -1";""
"202400032890";"155 723 818";"A01";"2";"1";"0";"2";"1";"25";"5";""
"202400032891";"155 723 813";"A01";"2";"7";"0";"2";"2";"16";"1";""
"202400032891";"155 723 815";"B01";"2";"43";"0";"2";"3";"16";"1";""
"202400032892";"155 723 812";"A01";"2";"7";"0";"2";"3";"26";"1";""
"202400032892";"155 723 814";"B01";"1";"10";"0";"2";"3";"26";"1";""
"202400032893";"155 723 811";"A01";"0";"3";"0";"1";"1";"1";"0";""
"202400032894";"155 723 808";"A01";"1";"7";"0";"2";"1";"1";"0";""
"202400032894";"155 723 809";"B01";"1";"7";"0";"2";"1";"1";"1";""
"202400032894";"155 723 810";"C01";"1";"7";"0";"2";"1";"1";"1";""
"202400032895";"155 723 806";"A01";"0";"10";"0";"2";"7";"16";"1";""
"202400032895";"155 723 807";"B01";"0";"13";"0";"2";"1";"1";"0";""
"202400032896";"155 723 805";"A01";"2";"30";"0";"1";"1";"1";"3";""
"202400032897";"155 723 802";"B01";"1";"1";"0";"2";"1";"1";"5";""
"202400032897";"155 723 804";"A01";"2";"7";"0";"2";"2";"15";"1";""
"202400032898";"155 723 801";"A01";"1";"7";"0";"2";"1";"1";"1";""
"202400032898";"155 723 803";"B01";"2";"7";"0";"2";"3";"15";"1";""
"202400032899";"155 723 799";"B01";"1";"7";"0";"2";"4";"1";"1";""
"202400032899";"155 723 800";"A01";"1";"10";"0";"2";"1";"2";"1";""
"202400032900";"155 723 797";"A01";"3";"30";"0";"1";"7";"16";"1";""
"202400032901";"155 723 796";"B01";"2";"7";"0";"2";"1";"15";"1";""
"202400032901";"155 723 798";"A01";"1";"33";"0";"2";"1";"3";"1";""
"202400032902";"155 723 794";"B01";"3";"50";"0";"2";"7";"19";"3";""
"202400032902";"155 723 795";"A01";"3";"7";"0";"0";"7";"16";"0";""
"202400032903";"155 723 793";"A01";"3";"32";"0";"0";"0";"0";"1";""
"202400032904";"155 723 791";"A01";"2";"2";"0";"2";"3";"1";"1";""
"202400032904";"155 723 792";"B01";"1";"7";"0";"2";"2";"15";"3";""
"202400032905";"155 723 790";"A01";"1";"7";"0";"1";"3";"1";"1";""
"202400032906";"155 723 789";"A01";"1";"7";"0";"1";"3";"0";"3";""
"202400032907";"155 723 787";"A01";"2";"7";"0";"2";"3";"13";"1";""
"202400032907";"155 723 788";"B01";"1";"7";"0";"2";"3";"1";"1";""
"202400032908";"155 723 786";"A01";"1";"7";"0";"1";"1";"15";"2";""
"202400032909";"155 723 783";"A01";"3";"7";"1";"0";"4";"1";"1";""
"202400032909";"155 723 785";"B01";"3";"7";"0";"2";"1";"1";"1";""
"202400032910";"155 723 782";"A01";"1";"7";"0";"2";"7";"15";"1";""
"202400032910";"155 723 784";"B01";"2";"33";"0";"2";"1";"1";"1";""
"202400032911";"155 723 781";"Z01";"1";"10";"0";"1";"1";"26";"1";""
"202400032912";"155 723 778";"C01";"2";"7";"0";"2";"4";"1";"1";""
"202400032912";"155 723 779";"A01";"2";"7";"0";"2";"1";"1";"1";""
"202400032912";"155 723 780";"B01";"2";"10";"0";"2";"4";"1";"1";""
"202400032913";"155 723 777";"A01";"2";"7";"1";"0";"2";"14";"1";""
"202400032914";"155 723 775";"A01";"2";"7";"0";"9";"3";"20";"1";""
"202400032914";"155 723 776";"B01";"2";"50";"0";"2";"2";"0";"3";""
"202400032915";"155 723 773";"A01";"1";"7";"0";"9";"2";"1";"1";""
"202400032915";"155 723 774";"B01";"2";"50";"0";"2";"3";"26";"3";""
"202400032916";"155 723 771";"A01";"2";"33";"0";"2";"1";"1";"1";""
"202400032916";"155 723 772";"B01";"1";"7";"0";"9";"1";"15";"1";""
"202400032917";"155 723 769";"A01";"3";"7";"0";"2";"3";"13";"1";""
"202400032917";"155 723 770";"B01";"3";"10";"0";"2";"3";"1";"1";""
"202400032918";"155 723 768";"A01";"3";"7";"0";"1";"1";"1";"1";""
"202400032919";"155 723 767";"A01";"3";"50";"0";"0";"0";"1";"3";""
"202400032920";"155 723 765";"A01";"1";"7";"0";"2";"1";"15";"1";""
"202400032920";"155 723 766";"B01";"1";"33";"0";"2";"2";"1";"1";""
"202400032921";"155 723 764";"A01";"2";"7";"0";"1";"2";"2";"1";""
"202400032922";"155 723 762";"A01";"0";"7";"1";"2";"1";"1";"1";""
"202400032922";"155 723 763";"B01";"0";"7";"0";"2";"4";"20";"1";""
"202400032923";"155 723 760";"A01";"3";"30";"0";"2";"8";"9";"1";""
"202400032923";"155 723 761";"B01";"3";"7";"0";"2";"2";"1";"1";""
"202400032924";"155 723 759";"A01";"2";"7";"0";"1";"5";"26";"2";""
"202400032925";"155 723 756";"B01";"2";"32";"0";"2";"1";"1";"1";""
"202400032925";"155 723 758";"A01";"1";"10";"0";"2";"0";"15";"0";""
"202400032926";"155 723 754";"C01";"1";"7";"0";"2";"3";"0";"1";""
"202400032926";"155 723 755";"A01";"1";"7";"0";"2";"3";"1";"1";""
"202400032926";"155 723 757";"B01";"1";"7";"0";"2";"5";"0";"1";""
"202400032927";"155 723 752";"A01";"3";"50";"0";"1";"1";"2";"3";""
"202400032928";"155 723 751";"A01";"3";"7";"0";"2";"2";"15";"1";""
"202400032928";"155 723 753";"B01";"3";"50";"0";"2";"1";"1";"3";""
"202400032929";"155 723 748";"A01";"1";"50";"0";"2";"1";"3";"3";""
"202400032929";"155 723 750";"B01";"2";"7";"0";"2";"3";"0";"1";""
"202400032930";"155 723 744";"E01";"1";"7";"0";"2";"1";"2";"1";""
"202400032930";"155 723 745";"D01";"1";"7";"0";"2";"1";"2";"1";""
"202400032930";"155 723 746";"A01";"1";"7";"0";"2";"4";"2";"1";""
"202400032930";"155 723 747";"B01";"1";"7";"0";"2";"1";"2";"1";""
"202400032930";"155 723 749";"C01";"1";"7";"0";"2";"1";"2";"1";""
"202400032931";"155 723 742";"A01";"1";"7";"0";"2";"8";"15";"1";""
"202400032931";"155 723 743";"B01";"1";"32";"0";"2";"7";"17";"1";""
"202400032932";"155 723 740";"B01";"3";"7";"1";"2";"3";"1";"1";""
"202400032932";"155 723 741";"A01";"3";"7";"0";"2";"3";"13";"1";""
"202400032933";"155 723 738";"A01";"3";"7";"0";"2";"1";"2";"1";""
"202400032933";"155 723 739";"B01";"3";"10";"0";"2";"4";"2";"1";""
"202400032934";"155 723 736";"A01";"0";"7";"0";"2";"2";"17";"0";""
"202400032934";"155 723 737";"B01";"0";"7";"0";"2";"6";"1";"1";""
"202400032935";"155 723 735";"A01";"1";"7";"0";"1";"2";"1";"1";""
"202400032936";"155 723 733";"B01";"3";"50";"0";"2";"1";"1";"3";""
"202400032936";"155 723 734";"A01";"3";"7";"0";"2";"2";"15";"1";""
"202400032937";"155 723 730";"A01";"0";"10";"0";"2";"1";"1";"1";""
"202400032937";"155 723 731";"B01";"3";"7";"0";"2";"4";"1";"1";""
"202400032938";"155 723 729";"A01";"0";"7";"0";"9";"2";"9";"1";""
"202400032938";"155 723 732";"B01";"0";"1";"0";"2";"8";"1";"5";""
"202400032939";"155 723 728";"A01";"1";"10";"0";"1";"5";"4";"1";""
"202400032940";"155 723 726";"A01";"2";"7";"0";"2";"3";"18";"1";""
"202400032940";"155 723 727";"B01";"2";"7";"0";"2";"7";"1";"1";""
"202400032941";"155 723 724";"A01";"2";"7";"0";"2";"2";"15";"1";""
"202400032941";"155 723 725";"B01";"2";"2";"0";"2";"1";"1";"1";""
"202400032942";"155 723 723";"A01";"3";"7";"0";"0";"3";"26";"1";""
"202400032943";"155 723 721";"A01";"2";"7";"0";"2";"1";"15";"1";""
"202400032943";"155 723 722";"B01";"1";"33";"0";"2";"8";"1";"1";""
"202400032944";"155 723 719";"A01";"1";"7";"0";"2";"2";"16";"1";""
"202400032944";"155 723 720";"B01";"1";"50";"0";"2";"1";"25";"3";""
"202400032945";"155 723 716";"A01";"3";"7";"0";"2";"3";"15";"1";""
"202400032945";"155 723 717";"B01";"3";"33";"0";"2";"1";"17";"1";""
"202400032946";"155 723 715";"B01";"2";"34";"0";"2";"1";"1";"1";""
"202400032946";"155 723 718";"A01";"1";"7";"0";"2";"5";"19";"2";""
"202400032947";"155 723 713";"A01";"2";"32";"14";"0";"1";"17";"1";""
"202400032948";"155 723 712";"A01";"0";"7";"0";"2";"1";"1";"1";""
"202400032948";"155 723 714";"B01";"0";"7";"0";"0";"4";"1";"1";""
"202400032949";"155 723 709";"A01";"3";"10";"0";"1";"4";"20";"1";""
"202400032950";"155 723 710";"A01";"3";"7";"0";"9";"3";"19";"1";""
"202400032950";"155 723 711";"B01";"3";"50";"0";"2";"2";"19";"3";""
"202400032951";"155 723 708";"A01";"1";"80";"0";"0";"1";"1";"3";""
"202400032952";"155 723 703";"A01";"1";"7";"0";"2";"3";"15";"1";""
"202400032952";"155 723 705";"B01";"2";"30";"0";"2";"1";"1";"1";""
"202400032953";"155 723 702";"A01";"1";"7";"0";"2";"6";"3";"1";""
"202400032953";"155 723 704";"B01";"1";"7";"0";"2";"6";"1";"1";""
"202400032954";"155 723 698";"A01";"3";"7";"0";"1";"8";"1";"3";""
"202400032955";"155 723 697";"A01";"1";"7";"0";"2";"1";"0";"2";""
"202400032955";"155 723 699";"C01";"2";"7";"0";"2";"9";"1";"1";""
"202400032955";"155 723 700";"D01";"2";"10";"0";"2";"4";"2";"1";""
"202400032955";"155 723 701";"B01";"2";"7";"0";"2";"1";"1";"1";""
"202400032956";"155 723 696";"A01";"3";"7";"13";"0";"1";"9";"1";""
"202400032957";"155 723 694";"A01";"1";"7";"0";"9";"1";"13";"1";""
"202400032957";"155 723 695";"B01";"2";"50";"0";"2";"1";"1";"3";""
"202400032958";"155 723 692";"B01";"2";"50";"0";"2";"1";"1";"3";""
"202400032958";"155 723 693";"A01";"2";"7";"0";"2";"3";"1";"1";""
"202400032959";"155 723 689";"A01";"3";"7";"2";"0";"8";"0";"1";""
"202400032960";"155 723 690";"A01";"2";"32";"0";"2";"2";"21";"1";""
"202400032960";"155 723 691";"B01";"2";"33";"0";"2";"6";"1";"1";""
"202400032961";"155 723 688";"A01";"1";"10";"0";"1";"1";"1";"1";""
"202400032962";"155 723 686";"A01";"1";"33";"0";"2";"1";"2";"1";""
"202400032962";"155 723 687";"B01";"1";"7";"0";"2";"5";"2";"1";""
"202400032963";"155 723 685";"A01";"3";"34";"0";"0";"0";"0";"1";""
"202400032964";"155 723 684";"A01";"1";"1";"0";"1";"1";"1";"5";""
"202400032965";"155 723 683";"A01";"3";"7";"1";"1";"4";"4";"2";""
"202400032966";"155 723 682";"A01";"2";"1";"0";"1";"1";"1";"5";""
"202400032967";"155 723 680";"A01";"0";"7";"0";"2";"1";"2";"1";""
"202400032967";"155 723 681";"B01";"0";"7";"0";"2";"4";"1";"1";""
"202400032968";"155 723 676";"C01";"1";"1";"0";"2";"7";"3";"5";""