"Num_Acc";"id_vehicule";"num_veh";"senc";"catv";"obs";"obsm";"choc";"manv";"motor";"occutc"
"202400032968";"155 723 678";"A01";"1";"14";"0";"2";"5";"15";"1";""
"202400032968";"155 723 679";"B01";"1";"7";"0";"2";"8";"16";"1";""
"202400032969";"155 723 675";"B01";"1";"50";"0";"2";"1";"19";"3";""
"202400032969";"155 723 677";"A01";"1";"7";"0";"9";"1";"2";"1";""
"202400032970";"155 723 673";"B01";"1";"80";"0";"2";"8";"1";"3";""
"202400032970";"155 723 674";"Z01";"1";"7";"0";"2";"7";"1";"1";""
"202400032971";"155 723 672";"A01";"1";"7";"0";"1";"1";"15";"2";""
"202400032972";"155 723 670";"A01";"2";"7";"8";"0";"8";"0";"1";""
"202400032973";"155 723 669";"Z01";"3";"7";"0";"2";"1";"5";"1";""
"202400032973";"155 723 671";"A01";"3";"30";"0";"2";"1";"1";"1";""
"202400032974";"155 723 667";"B01";"1";"33";"0";"2";"1";"1";"1";""
"202400032974";"155 723 668";"A01";"2";"10";"0";"2";"7";"15";"1";""
"202400032975";"155 723 666";"A01";"2";"7";"0";"1";"1";"16";"2";""
"202400032976";"155 723 663";"B01";"0";"7";"0";"2";"2";"26";"1";""
"202400032976";"155 723 665";"A01";"0";"7";"0";"2";"3";"26";"1";""
"202400032977";"155 723 662";"A01";"1";"32";"0";"2";"7";"3";"1";""
"202400032977";"155 723 664";"B01";"1";"7";"0";"2";"1";"15";"1";""
"202400032978";"155 723 660";"B01";"1";"1";"1";"0";"4";"14";"5";""
"202400032978";"155 723 661";"A01";"1";"7";"1";"0";"4";"13";"1";""
"202400032979";"155 723 659";"A01";"1";"80";"0";"0";"8";"21";"3";""
"202400032980";"155 723 657";"B01";"1";"33";"0";"2";"4";"1";"1";""
"202400032980";"155 723 658";"A01";"1";"7";"0";"2";"1";"1";"2";""
"202400032981";"155 723 656";"A01";"1";"7";"0";"1";"3";"1";"1";""
"202400032982";"155 723 654";"A01";"2";"7";"0";"2";"2";"16";"3";""
"202400032982";"155 723 655";"B01";"2";"50";"0";"2";"8";"1";"3";""
"202400032983";"155 723 649";"B01";"2";"2";"0";"2";"8";"1";"1";""
"202400032983";"155 723 652";"A01";"2";"7";"0";"2";"1";"1";"1";""
"202400032984";"155 723 650";"A01";"1";"10";"0";"2";"2";"10";"1";""
"202400032984";"155 723 651";"B01";"1";"34";"0";"2";"3";"1";"1";""
"202400032985";"155 723 647";"A01";"2";"13";"0";"2";"2";"15";"1";""
"202400032985";"155 723 648";"B01";"1";"33";"0";"2";"1";"1";"1";""
"202400032986";"155 723 646";"A01";"1";"1";"0";"1";"1";"5";"5";""
"202400032987";"155 723 643";"A01";"2";"7";"0";"2";"6";"1";"1";""
"202400032987";"155 723 645";"B01";"2";"10";"0";"2";"2";"2";"1";""
"202400032988";"155 723 642";"A01";"1";"7";"0";"2";"3";"15";"1";""
"202400032988";"155 723 644";"B01";"2";"1";"0";"2";"1";"1";"5";""
"202400032989";"155 723 640";"A01";"1";"1";"0";"1";"1";"1";"5";""
"202400032990";"155 723 639";"B01";"1";"7";"0";"2";"3";"15";"1";""
"202400032990";"155 723 641";"A01";"2";"1";"0";"2";"1";"17";"5";""
"202400032991";"155 723 637";"A01";"2";"33";"0";"2";"3";"1";"1";""
"202400032991";"155 723 638";"B01";"2";"7";"0";"2";"2";"12";"1";""
"202400032992";"155 723 635";"A01";"1";"7";"0";"2";"2";"15";"2";""
"202400032992";"155 723 636";"B01";"1";"2";"0";"2";"1";"1";"1";""
"202400032993";"155 723 633";"A01";"2";"34";"0";"2";"2";"3";"1";""
"202400032993";"155 723 634";"B01";"2";"7";"0";"2";"3";"1";"2";""
"202400032994";"155 723 631";"B01";"2";"10";"0";"2";"4";"16";"1";""
"202400032994";"155 723 632";"A01";"2";"1";"0";"2";"1";"1";"5";""
"202400032995";"155 723 628";"A01";"2";"10";"0";"2";"8";"24";"1";""
"202400032995";"155 723 630";"B01";"2";"60";"1";"0";"1";"14";"5";""
"202400032996";"155 723 627";"A01";"1";"7";"0";"2";"2";"10";"1";""
"202400032996";"155 723 629";"B01";"1";"32";"0";"2";"3";"1";"1";""
"202400032997";"155 723 626";"A01";"2";"2";"12";"0";"1";"1";"3";""
"202400032998";"155 723 624";"A01";"2";"33";"0";"2";"7";"17";"1";""
"202400032998";"155 723 625";"B01";"0";"7";"0";"2";"3";"15";"1";""
"202400032999";"155 723 623";"A01";"2";"7";"8";"1";"3";"13";"2";""
"202400033000";"155 723 621";"B01";"1";"50";"0";"2";"1";"1";"3";""
"202400033000";"155 723 622";"A01";"1";"7";"0";"9";"1";"1";"1";""
"202400033001";"155 723 618";"B01";"2";"50";"0";"0";"1";"25";"3";""
"202400033001";"155 723 620";"A01";"1";"7";"0";"9";"3";"1";"1";""
"202400033002";"155 723 619";"A01";"1";"33";"0";"1";"3";"1";"1";""
"202400033003";"155 723 616";"A01";"1";"7";"0";"0";"4";"1";"1";""
"202400033003";"155 723 617";"B01";"1";"34";"0";"0";"0";"0";"1";""
"202400033004";"155 723 614";"Z01";"1";"7";"0";"1";"1";"1";"1";""
"202400033005";"155 723 611";"A01";"2";"7";"0";"2";"1";"1";"1";""
"202400033005";"155 723 612";"B01";"1";"7";"0";"2";"2";"15";"1";""
"202400033006";"155 723 613";"A01";"1";"7";"0";"9";"1";"1";"1";""
"202400033006";"155 723 615";"B01";"1";"1";"0";"2";"8";"1";"5";""
"202400033007";"155 723 610";"A01";"1";"7";"0";"1";"3";"1";"2";""
"202400033008";"155 723 609";"A01";"2";"7";"0";"1";"2";"16";"1";""
"202400033009";"155 723 607";"B01";"2";"50";"0";"2";"8";"26";"3";""
"202400033009";"155 723 608";"A01";"2";"7";"0";"2";"1";"11";"1";""
"202400033010";"155 723 605";"A01";"3";"7";"0";"2";"1";"5";"0";""
"202400033010";"155 723 606";"B01";"2";"7";"0";"2";"1";"1";"0";""
"202400033011";"155 723 603";"A01";"1";"33";"0";"2";"7";"1";"1";""
"202400033011";"155 723 604";"B01";"1";"7";"0";"2";"3";"11";"3";""
"202400033012";"155 723 601";"A01";"2";"7";"0";"2";"3";"13";"1";""
"202400033012";"155 723 602";"B01";"1";"7";"0";"2";"3";"1";"1";""
"202400033013";"155 723 599";"B01";"2";"2";"0";"2";"1";"5";"0";""
"202400033013";"155 723 600";"A01";"0";"7";"0";"2";"3";"2";"0";""
"202400033014";"155 723 598";"A01";"3";"30";"0";"1";"1";"1";"1";""
"202400033015";"155 723 597";"A01";"3";"7";"0";"1";"1";"1";"1";""
"202400033016";"155 723 596";"A01";"2";"7";"9";"0";"1";"16";"1";""
"202400033017";"155 723 595";"A01";"2";"7";"0";"1";"2";"21";"1";""
"202400033018";"155 723 593";"A01";"2";"7";"0";"1";"5";"2";"1";""
"202400033018";"155 723 594";"B01";"2";"7";"0";"2";"1";"1";"1";""
"202400033019";"155 723 592";"A01";"2";"30";"0";"0";"8";"1";"1";""
"202400033020";"155 723 591";"A01";"3";"7";"1";"0";"3";"1";"1";""
"202400033021";"155 723 589";"A01";"2";"7";"0";"2";"8";"15";"1";""
"202400033021";"155 723 590";"B01";"2";"33";"0";"2";"1";"1";"1";""
"202400033022";"155 723 587";"A01";"2";"7";"0";"0";"0";"0";"1";""
"202400033022";"155 723 588";"B01";"2";"7";"9";"2";"1";"0";"1";""
"202400033023";"155 723 585";"B01";"1";"33";"0";"2";"1";"1";"1";""
"202400033023";"155 723 586";"A01";"2";"7";"0";"2";"5";"15";"1";""
"202400033024";"155 723 584";"A01";"3";"10";"1";"0";"1";"21";"1";""
"202400033025";"155 723 583";"A01";"2";"43";"0";"1";"1";"1";"1";""
"202400033026";"155 723 581";"A01";"2";"34";"0";"2";"2";"15";"1";""
"202400033026";"155 723 582";"B01";"2";"30";"0";"2";"3";"1";"1";""
"202400033027";"155 723 579";"B01";"3";"32";"0";"2";"7";"1";"1";""
"202400033027";"155 723 580";"A01";"3";"7";"0";"2";"8";"10";"1";""
"202400033028";"155 723 577";"B01";"1";"7";"0";"2";"8";"1";"1";""
"202400033028";"155 723 578";"A01";"2";"7";"0";"2";"3";"19";"1";""
"202400033029";"155 723 576";"A01";"3";"33";"15";"0";"7";"14";"1";""
"202400033030";"155 723 575";"A01";"1";"7";"15";"0";"1";"1";"1";""
"202400033031";"155 723 572";"A01";"1";"7";"3";"6";"1";"1";"1";""
"202400033031";"155 723 573";"B01";"1";"7";"3";"2";"5";"23";"2";""
"202400033031";"155 723 574";"C01";"1";"7";"1";"0";"3";"2";"1";""
"202400033032";"155 723 570";"B01";"2";"7";"0";"2";"3";"0";"1";""
"202400033032";"155 723 571";"A01";"3";"1";"0";"2";"0";"19";"5";""
"202400033033";"155 723 569";"A01";"1";"7";"13";"0";"1";"14";"1";""
"202400033034";"155 723 568";"A01";"1";"7";"2";"0";"7";"0";"1";""
"202400033035";"155 723 566";"A01";"1";"7";"13";"2";"8";"13";"1";""
"202400033035";"155 723 567";"B01";"2";"7";"13";"2";"8";"13";"1";""
"202400033036";"155 723 565";"A01";"1";"1";"0";"0";"8";"11";"5";""
"202400033037";"155 723 563";"A01";"2";"10";"0";"2";"1";"9";"1";""
"202400033037";"155 723 564";"B01";"2";"1";"0";"2";"7";"15";"5";""
"202400033038";"155 723 561";"B01";"2";"80";"0";"2";"1";"1";"3";""
"202400033038";"155 723 562";"A01";"2";"7";"0";"2";"2";"19";"1";""
"202400033039";"155 723 560";"A01";"1";"31";"0";"0";"8";"1";"1";""
"202400033040";"155 723 559";"A01";"1";"7";"13";"0";"7";"14";"1";""
"202400033041";"155 723 557";"A01";"0";"2";"0";"2";"1";"13";"1";""
"202400033041";"155 723 558";"B01";"0";"10";"0";"2";"1";"1";"1";""
"202400033042";"155 723 555";"A01";"1";"7";"0";"2";"1";"1";"1";""
"202400033042";"155 723 556";"B01";"2";"7";"0";"2";"1";"13";"1";""
"202400033043";"155 723 554";"A01";"1";"7";"8";"0";"3";"1";"1";""
"202400033044";"155 723 553";"A01";"1";"7";"0";"0";"1";"1";"1";""
"202400033045";"155 723 551";"A01";"1";"7";"0";"2";"1";"13";"1";""
"202400033045";"155 723 552";"B01";"2";"7";"0";"2";"1";"1";"1";""
"202400033046";"155 723 549";"A01";"1";"7";"0";"2";"1";"0";"1";""
"202400033046";"155 723 550";"B01";"2";"7";"0";"2";"1";"0";"1";""
"202400033047";"155 723 547";"A01";"1";"7";"0";"2";"1";"1";"1";""
"202400033047";"155 723 548";"B01";"2";"7";"0";"2";"1";"5";"1";""
"202400033048";"155 723 546";"A01";"2";"7";"2";"0";"1";"1";"1";""
"202400033049";"155 723 544";"A01";"1";"2";"0";"2";"1";"0";"1";""
"202400033049";"155 723 545";"B01";"2";"7";"6";"2";"3";"1";"1";""
"202400033050";"155 723 542";"B01";"2";"17";"0";"0";"6";"1";"1";""
"202400033050";"155 723 543";"A01";"2";"7";"0";"2";"2";"1";"1";""
"202400033051";"155 723 541";"A01";"2";"7";"6";"0";"2";"1";"1";""
"202400033052";"155 723 539";"A01";"1";"7";"0";"2";"1";"2";"1";""
"202400033052";"155 723 540";"B01";"1";"7";"0";"0";"4";"1";"1";""
"202400033053";"155 723 537";"A01";"1";"7";"0";"2";"7";"13";"1";""
"202400033053";"155 723 538";"B01";"1";"7";"0";"2";"1";"1";"1";""
"202400033054";"155 723 535";"A01";"3";"7";"0";"2";"4";"23";"1";""
"202400033054";"155 723 536";"B01";"0";"10";"0";"2";"1";"2";"1";""
"202400033055";"155 723 533";"A01";"3";"34";"0";"2";"7";"5";"1";""
"202400033055";"155 723 534";"B01";"0";"7";"0";"2";"3";"9";"1";""
"202400033056";"155 723 531";"A01";"2";"7";"0";"2";"7";"1";"1";""
"202400033056";"155 723 532";"B01";"1";"7";"0";"2";"1";"1";"1";""
"202400033057";"155 723 529";"B01";"2";"7";"0";"2";"1";"1";"1";""
"202400033057";"155 723 530";"A01";"1";"7";"0";"2";"1";"17";"1";""
"202400033058";"155 723 528";"A01";"2";"2";"0";"0";"0";"1";"0";""
"202400033059";"155 723 526";"B01";"3";"7";"0";"2";"6";"5";"1";""
"202400033059";"155 723 527";"A01";"3";"43";"0";"2";"3";"1";"1";""
"202400033060";"155 723 525";"A01";"1";"7";"13";"0";"3";"2";"1";""
"202400033061";"155 723 524";"A01";"1";"7";"8";"0";"1";"1";"1";""
"202400033062";"155 723 523";"A01";"0";"7";"15";"0";"1";"5";"1";""
"202400033063";"155 723 521";"B01";"1";"7";"0";"2";"3";"13";"1";""
"202400033063";"155 723 522";"A01";"2";"7";"0";"2";"3";"1";"1";""
"202400033064";"155 723 520";"A01";"1";"33";"3";"0";"2";"1";"1";""
"202400033065";"155 723 519";"A01";"1";"7";"2";"0";"1";"13";"1";""
"202400033066";"155 723 517";"B01";"0";"30";"0";"2";"1";"1";"1";""
"202400033066";"155 723 518";"A01";"3";"7";"0";"2";"7";"19";"1";""
"202400033067";"155 723 514";"A01";"2";"7";"3";"2";"0";"5";"1";""
"202400033067";"155 723 515";"C01";"1";"7";"0";"2";"3";"1";"1";""
"202400033067";"155 723 516";"B01";"1";"7";"0";"2";"3";"17";"3";""
"202400033068";"155 723 513";"A01";"2";"7";"4";"0";"1";"1";"1";""
"202400033069";"155 723 510";"A01";"2";"7";"0";"2";"1";"2";"1";""
"202400033069";"155 723 511";"B01";"2";"10";"0";"2";"7";"2";"1";""
"202400033069";"155 723 512";"C01";"2";"33";"0";"2";"1";"1";"1";""
"202400033070";"155 723 508";"A01";"2";"33";"0";"2";"0";"26";"1";""
"202400033070";"155 723 509";"B01";"2";"7";"3";"0";"4";"0";"1";""
"202400033071";"155 723 505";"C01";"1";"7";"0";"2";"1";"2";"3";""
"202400033071";"155 723 506";"B01";"1";"7";"0";"2";"4";"2";"1";""
"202400033071";"155 723 507";"A01";"1";"7";"0";"2";"1";"2";"2";""
"202400033072";"155 723 502";"C01";"1";"7";"0";"2";"6";"1";"2";""
"202400033072";"155 723 503";"A01";"1";"7";"0";"2";"2";"17";"1";""
"202400033072";"155 723 504";"B01";"1";"7";"0";"2";"6";"1";"1";""
"202400033073";"155 723 501";"A01";"2";"7";"0";"2";"1";"2";"1";""
"202400033074";"155 723 499";"B01";"1";"7";"0";"2";"2";"1";"1";""
"202400033074";"155 723 500";"A01";"1";"34";"0";"2";"1";"3";"1";""
"202400033075";"155 723 496";"A01";"2";"7";"0";"2";"3";"2";"1";""
"202400033075";"155 723 497";"C01";"2";"7";"0";"2";"4";"2";"1";""
"202400033075";"155 723 498";"B01";"2";"7";"0";"2";"4";"2";"2";""
"202400033076";"155 723 495";"A01";"1";"7";"3";"0";"1";"26";"1";""
"202400033077";"155 723 493";"A01";"3";"10";"0";"2";"2";"19";"1";""
"202400033077";"155 723 494";"B01";"1";"10";"0";"0";"7";"1";"1";""
"202400033078";"155 723 491";"B01";"1";"7";"7";"0";"1";"0";"1";""
"202400033078";"155 723 492";"A01";"2";"7";"0";"0";"0";"1";"1";""
"202400033079";"155 723 488";"A01";"1";"37";"0";"0";"0";"14";"1";"51"
"202400033080";"155 723 486";"A01";"2";"7";"0";"2";"1";"17";"1";""
"202400033080";"155 723 487";"B01";"2";"7";"0";"0";"8";"23";"1";""
"202400033081";"155 723 484";"A01";"1";"7";"0";"2";"1";"5";"1";""
"202400033081";"155 723 485";"B01";"1";"7";"0";"2";"3";"1";"1";""
"202400033082";"155 723 482";"B01";"2";"33";"0";"2";"1";"18";"1";""
"202400033082";"155 723 483";"A01";"2";"10";"0";"2";"2";"16";"1";""
"202400033083";"155 723 480";"A01";"3";"10";"0";"2";"3";"1";"1";""
"202400033083";"155 723 481";"B01";"3";"33";"0";"2";"3";"1";"1";""
"202400033084";"155 723 478";"A01";"2";"7";"0";"2";"1";"0";"1";""
"202400033084";"155 723 479";"B01";"1";"7";"0";"2";"1";"1";"1";""
"202400033085";"155 723 477";"A01";"2";"7";"8";"0";"1";"0";"1";""
"202400033086";"155 723 475";"B01";"2";"7";"0";"2";"5";"19";"1";""
"202400033086";"155 723 476";"A01";"1";"33";"0";"2";"1";"1";"1";""
"202400033087";"155 723 472";"B01";"2";"7";"0";"2";"1";"17";"1";""
"202400033087";"155 723 473";"A01";"1";"7";"0";"2";"1";"21";"1";""
"202400033088";"155 723 470";"A01";"0";"33";"0";"2";"3";"0";"1";""
"202400033088";"155 723 471";"B01";"1";"7";"0";"2";"3";"0";"2";""
"202400033089";"155 723 469";"A01";"1";"7";"16";"0";"9";"0";"1";""
"202400033090";"155 723 467";"B01";"1";"2";"0";"0";"3";"1";"1";""
"202400033090";"155 723 468";"A01";"2";"7";"0";"0";"3";"15";"1";""
"202400033091";"155 723 466";"A01";"2";"33";"3";"0";"0";"16";"1";""
"202400033092";"155 723 465";"A01";"1";"33";"13";"0";"1";"0";"1";""
"202400033093";"155 723 463";"A01";"1";"7";"0";"2";"3";"1";"1";""
"202400033093";"155 723 464";"B01";"2";"7";"0";"2";"3";"13";"1";""
"202400033094";"155 723 462";"A01";"2";"31";"0";"0";"3";"1";"1";""
"202400033095";"155 723 460";"A01";"1";"7";"0";"2";"3";"13";"1";""
"202400033095";"155 723 461";"B01";"2";"7";"0";"2";"1";"1";"1";""
"202400033096";"155 723 459";"A01";"1";"7";"6";"0";"2";"2";"1";""
"202400033097";"155 723 458";"A01";"2";"1";"12";"0";"0";"1";"5";""
"202400033098";"155 723 457";"A01";"1";"2";"0";"6";"1";"0";"1";""
"202400033099";"155 723 456";"A01";"0";"7";"0";"0";"1";"1";"1";""
"202400033100";"155 723 455";"A01";"1";"7";"3";"0";"3";"1";"2";""
"202400033101";"155 723 453";"A01";"2";"7";"0";"2";"8";"10";"1";""
"202400033101";"155 723 454";"B01";"2";"14";"0";"2";"2";"2";"1";""
"202400033102";"155 723 452";"A01";"3";"32";"17";"0";"1";"13";"1";""
"202400033103";"155 723 451";"A01";"1";"7";"2";"0";"7";"1";"1";""
"202400033104";"155 723 449";"A01";"1";"7";"5";"0";"1";"0";"1";""
"202400033105";"155 723 445";"B01";"2";"7";"0";"2";"4";"1";"1";""
"202400033105";"155 723 447";"A01";"2";"7";"0";"2";"2";"2";"1";""
"202400033106";"155 723 444";"A01";"1";"7";"0";"2";"3";"16";"3";""
"202400033106";"155 723 446";"B01";"1";"33";"0";"2";"1";"21";"1";""
"202400033107";"155 723 441";"A01";"3";"30";"0";"0";"0";"0";"1";""
"202400033107";"155 723 442";"Z01";"3";"0";"0";"2";"1";"0";"0";""
"202400033108";"155 723 439";"A01";"1";"7";"0";"9";"2";"1";"1";""
"202400033108";"155 723 440";"B01";"0";"1";"0";"2";"0";"15";"5";""
"202400033109";"155 723 437";"A01";"2";"33";"16";"0";"3";"1";"1";""
"202400033110";"155 723 436";"A01";"0";"7";"0";"2";"2";"15";"1";""
"202400033110";"155 723 438";"B01";"0";"30";"0";"2";"1";"1";"1";""
"202400033111";"155 723 434";"A01";"1";"7";"0";"2";"2";"1";"1";""
"202400033111";"155 723 435";"B01";"2";"33";"0";"2";"2";"5";"1";""
"202400033112";"155 723 433";"A01";"1";"0";"0";"1";"0";"0";"0";""
"202400033113";"155 723 432";"A01";"2";"7";"15";"0";"1";"2";"1";""
"202400033114";"155 723 430";"A01";"3";"7";"0";"2";"1";"1";"1";""
"202400033114";"155 723 431";"B01";"0";"2";"0";"2";"1";"1";"1";""
"202400033115";"155 723 427";"A01";"3";"50";"0";"1";"1";"25";"3";""
"202400033116";"155 723 428";"A01";"1";"7";"0";"2";"2";"15";"1";""
"202400033116";"155 723 429";"B01";"2";"32";"0";"2";"1";"0";"3";""
"202400033117";"155 723 426";"A01";"2";"7";"0";"0";"9";"1";"1";""
"202400033118";"155 723 425";"A01";"2";"32";"0";"1";"1";"1";"1";""
"202400033119";"155 723 423";"A01";"2";"7";"0";"2";"3";"13";"1";""
"202400033119";"155 723 424";"B01";"1";"7";"0";"2";"3";"1";"1";""
"202400033120";"155 723 420";"A01";"1";"7";"0";"2";"8";"26";"1";""
"202400033120";"155 723 422";"B01";"1";"32";"0";"2";"1";"26";"1";""
"202400033121";"155 723 416";"A01";"1";"7";"13";"2";"7";"13";"1";""
"202400033121";"155 723 417";"B01";"2";"7";"0";"2";"1";"1";"1";""
"202400033122";"155 723 415";"A01";"1";"7";"0";"9";"2";"16";"1";""
"202400033122";"155 723 418";"B01";"1";"50";"14";"2";"1";"25";"3";""
"202400033123";"155 723 412";"A01";"1";"10";"0";"2";"1";"15";"1";""
"202400033123";"155 723 414";"B01";"1";"1";"0";"2";"7";"1";"5";""
"202400033124";"155 723 410";"A01";"2";"7";"0";"2";"1";"15";"1";""
"202400033124";"155 723 411";"B01";"1";"33";"0";"2";"8";"1";"1";""
"202400033124";"155 723 413";"C01";"1";"33";"0";"2";"7";"1";"1";""
"202400033125";"155 723 407";"B01";"0";"33";"0";"2";"1";"1";"1";""
"202400033125";"155 723 409";"A01";"0";"7";"0";"2";"2";"11";"1";""
"202400033126";"155 723 406";"A01";"1";"7";"0";"2";"2";"12";"1";""
"202400033126";"155 723 408";"B01";"1";"33";"0";"2";"3";"3";"1";""
"202400033127";"155 723 402";"A01";"1";"31";"0";"2";"6";"3";"1";""
"202400033127";"155 723 404";"C01";"1";"7";"0";"2";"6";"1";"1";""
"202400033127";"155 723 405";"B01";"1";"31";"0";"2";"5";"3";"3";""
"202400033128";"155 723 401";"A01";"0";"7";"0";"2";"2";"1";"1";""
"202400033128";"155 723 403";"B01";"0";"7";"8";"2";"3";"19";"1";""
"202400033129";"155 723 397";"C01";"2";"7";"0";"2";"7";"2";"1";""
"202400033129";"155 723 399";"B01";"2";"7";"0";"2";"6";"23";"1";""
"202400033129";"155 723 400";"A01";"2";"7";"0";"2";"1";"2";"2";""
"202400033130";"155 723 396";"A01";"1";"7";"7";"0";"1";"1";"1";""
"202400033131";"155 723 395";"A01";"1";"7";"14";"0";"3";"2";"2";""
"202400033132";"155 723 394";"A01";"1";"3";"1";"0";"1";"14";"1";""
"202400033133";"155 723 391";"A01";"1";"31";"0";"2";"1";"21";"1";""
"202400033133";"155 723 392";"B01";"1";"7";"0";"2";"6";"1";"2";""
"202400033134";"155 723 390";"A01";"2";"7";"0";"2";"1";"2";"1";""
"202400033134";"155 723 393";"B01";"2";"7";"0";"2";"4";"1";"1";""
"202400033135";"155 723 388";"A01";"2";"7";"0";"1";"5";"1";"1";""
"202400033136";"155 723 386";"A01";"2";"7";"0";"2";"1";"1";"1";""
"202400033136";"155 723 387";"C01";"2";"10";"0";"2";"4";"2";"1";""
"202400033136";"155 723 389";"B01";"2";"7";"0";"2";"4";"2";"1";""
"202400033137";"155 723 384";"A01";"1";"7";"4";"0";"9";"17";"1";""
"202400033138";"155 723 383";"A01";"3";"2";"0";"2";"3";"2";"1";""
"202400033138";"155 723 385";"B01";"3";"10";"0";"2";"2";"18";"1";""
"202400033139";"155 723 378";"B01";"2";"10";"0";"2";"3";"9";"1";""
"202400033139";"155 723 380";"A01";"2";"31";"0";"2";"2";"1";"1";""
"202400033140";"155 723 377";"A01";"2";"7";"0";"2";"1";"1";"1";""
"202400033140";"155 723 379";"B01";"2";"10";"0";"2";"4";"2";"1";""
"202400033140";"155 723 381";"C01";"2";"7";"0";"2";"4";"2";"1";""
"202400033140";"155 723 382";"D01";"2";"7";"0";"2";"4";"2";"1";""
"202400033141";"155 723 376";"A01";"1";"2";"0";"1";"1";"1";"1";""
"202400033142";"155 723 372";"A01";"1";"7";"0";"2";"3";"5";"1";""
"202400033142";"155 723 374";"B01";"2";"7";"0";"2";"3";"1";"2";""
"202400033143";"155 723 373";"A01";"2";"7";"0";"2";"4";"2";"1";""
"202400033143";"155 723 375";"B01";"2";"7";"0";"2";"1";"2";"1";""
"202400033144";"155 723 370";"A01";"3";"7";"8";"0";"1";"0";"1";""
"202400033145";"155 723 371";"A01";"2";"50";"0";"0";"0";"0";"3";""
"202400033146";"155 723 368";"A01";"2";"33";"0";"2";"2";"3";"1";""
"202400033146";"155 723 369";"B01";"2";"7";"0";"2";"6";"11";"1";""
"202400033147";"155 723 365";"A01";"1";"7";"0";"2";"3";"13";"1";""
"202400033147";"155 723 366";"B01";"2";"7";"0";"2";"3";"1";"2";""
"202400033148";"155 723 364";"A01";"1";"7";"0";"2";"2";"1";"1";""
"202400033148";"155 723 367";"B01";"2";"32";"0";"2";"3";"0";"1";""
"202400033149";"155 723 362";"A01";"1";"7";"0";"2";"1";"1";"1";""
"202400033149";"155 723 363";"B01";"1";"14";"0";"2";"4";"1";"1";""
"202400033150";"155 723 359";"A01";"2";"15";"3";"2";"1";"2";"1";""
"202400033150";"155 723 361";"B01";"2";"17";"0";"0";"5";"2";"1";""
"202400033151";"155 723 360";"A01";"2";"7";"0";"1";"3";"1";"2";""
"202400033152";"155 723 357";"A01";"3";"14";"0";"9";"2";"1";"0";""
"202400033152";"155 723 358";"B01";"3";"1";"15";"2";"4";"25";"5";""
"202400033153";"155 723 356";"A01";"1";"7";"0";"1";"1";"15";"1";""
"202400033154";"155 723 355";"A01";"2";"33";"1";"1";"1";"1";"1";""
"202400033155";"155 723 353";"A01";"3";"7";"0";"2";"1";"15";"1";""
"202400033155";"155 723 354";"B01";"0";"50";"0";"2";"1";"1";"3";""
"202400033156";"155 723 352";"A01";"0";"7";"0";"1";"4";"20";"1";""
"202400033157";"155 723 351";"A01";"2";"7";"0";"0";"8";"13";"1";""
"202400033158";"155 723 346";"C01";"2";"10";"0";"2";"1";"2";"1";""
"202400033158";"155 723 347";"A01";"2";"7";"0";"2";"4";"23";"1";""
"202400033158";"155 723 349";"B01";"2";"7";"0";"2";"6";"23";"1";""
"202400033159";"155 723 345";"A01";"3";"10";"0";"1";"1";"1";"1";""
"202400033160";"155 723 344";"B01";"2";"7";"0";"1";"4";"23";"2";""
"202400033160";"155 723 348";"C01";"2";"7";"0";"2";"4";"2";"1";""
"202400033160";"155 723 350";"A01";"2";"99";"0";"2";"1";"2";"2";""
"202400033161";"155 723 341";"A01";"1";"10";"0";"2";"1";"2";"1";""
"202400033161";"155 723 343";"B01";"1";"7";"0";"2";"4";"1";"1";""
"202400033162";"155 723 339";"A01";"3";"10";"0";"2";"3";"15";"1";""
"202400033162";"155 723 342";"B01";"3";"33";"0";"2";"2";"1";"1";""
"202400033163";"155 723 336";"A01";"1";"30";"0";"0";"0";"14";"1";""
"202400033164";"155 723 335";"A01";"1";"32";"0";"2";"3";"3";"1";""
"202400033164";"155 723 337";"B01";"1";"7";"0";"2";"5";"1";"2";""
"202400033165";"155 723 338";"A01";"2";"7";"0";"2";"2";"1";"1";""
"202400033165";"155 723 340";"B01";"2";"1";"0";"2";"1";"1";"5";""
"202400033166";"155 723 332";"A01";"1";"30";"0";"9";"1";"9";"1";""
"202400033167";"155 723 329";"B01";"2";"7";"0";"2";"1";"1";"1";""
"202400033167";"155 723 333";"A01";"3";"7";"1";"2";"2";"1";"1";""
"202400033168";"155 723 327";"A01";"2";"10";"0";"2";"4";"20";"3";""
"202400033168";"155 723 330";"B01";"2";"1";"0";"2";"1";"1";"5";""
"202400033169";"155 723 326";"C01";"2";"7";"0";"2";"4";"26";"1";""
"202400033169";"155 723 331";"A01";"2";"7";"0";"2";"1";"2";"1";""
"202400033169";"155 723 334";"B01";"2";"7";"0";"2";"7";"2";"1";""
"202400033170";"155 723 325";"A01";"1";"7";"0";"2";"5";"15";"1";""
"202400033170";"155 723 328";"B01";"2";"33";"0";"2";"1";"1";"1";""
"202400033171";"155 723 322";"B01";"2";"7";"0";"2";"4";"1";"1";""
"202400033171";"155 723 323";"A01";"2";"10";"0";"2";"1";"1";"1";""
"202400033171";"155 723 324";"C01";"2";"7";"0";"2";"4";"1";"1";""