"Num_Acc";"id_vehicule";"num_veh";"senc";"catv";"obs";"obsm";"choc";"manv";"motor";"occutc"
"202400033172";"155 723 321";"A01";"1";"80";"12";"0";"7";"14";"3";""
"202400033173";"155 723 317";"B01";"2";"7";"0";"2";"3";"16";"1";""
"202400033173";"155 723 319";"A01";"1";"10";"0";"2";"1";"10";"1";""
"202400033174";"155 723 315";"A01";"2";"7";"0";"2";"1";"2";"1";""
"202400033174";"155 723 318";"B01";"2";"7";"0";"0";"4";"1";"1";""
"202400033175";"155 723 314";"A01";"1";"7";"0";"4";"3";"9";"0";""
"202400033175";"155 723 320";"B01";"2";"40";"0";"2";"1";"0";"3";""
"202400033176";"155 723 313";"B01";"2";"7";"0";"2";"0";"0";"2";""
"202400033176";"155 723 316";"A01";"2";"33";"0";"2";"3";"3";"1";""
"202400033177";"155 723 312";"A01";"1";"7";"0";"1";"1";"16";"1";""
"202400033178";"155 723 310";"A01";"1";"7";"0";"0";"0";"9";"2";""
"202400033179";"155 723 309";"B01";"1";"7";"0";"2";"6";"23";"1";""
"202400033179";"155 723 311";"A01";"1";"7";"0";"2";"2";"1";"1";""
"202400033180";"155 723 308";"A01";"3";"1";"12";"0";"0";"2";"5";""
"202400033181";"155 723 307";"A01";"1";"7";"1";"0";"1";"21";"1";""
"202400033182";"155 723 303";"A01";"2";"7";"0";"2";"3";"13";"1";""
"202400033182";"155 723 306";"B01";"1";"7";"0";"2";"8";"1";"1";""
"202400033183";"155 723 304";"A01";"2";"80";"9";"0";"1";"1";"3";""
"202400033184";"155 723 302";"B01";"2";"7";"0";"2";"6";"1";"1";""
"202400033184";"155 723 305";"A01";"2";"14";"0";"2";"2";"12";"1";""
"202400033185";"155 723 301";"A01";"2";"7";"0";"1";"1";"15";"1";""
"202400033186";"155 723 295";"A01";"0";"1";"0";"0";"0";"25";"5";""
"202400033187";"155 723 296";"A01";"1";"7";"3";"2";"3";"1";"2";""
"202400033187";"155 723 298";"B01";"1";"7";"3";"2";"2";"12";"1";""
"202400033188";"155 723 294";"A01";"1";"7";"0";"2";"3";"13";"1";""
"202400033188";"155 723 299";"B01";"2";"38";"0";"2";"3";"14";"1";"2"
"202400033189";"155 723 297";"A01";"1";"7";"0";"2";"8";"13";"6";""
"202400033189";"155 723 300";"B01";"1";"30";"0";"2";"2";"1";"0";""
"202400033190";"155 723 292";"A01";"2";"7";"4";"0";"2";"1";"1";""
"202400033191";"155 723 289";"A01";"1";"10";"0";"2";"3";"1";"1";""
"202400033191";"155 723 293";"B01";"1";"7";"0";"2";"3";"15";"1";""
"202400033192";"155 723 288";"A01";"1";"7";"0";"2";"2";"15";"1";""
"202400033192";"155 723 291";"B01";"2";"2";"0";"2";"1";"1";"1";""
"202400033193";"155 723 290";"A01";"2";"7";"0";"1";"2";"16";"1";""
"202400033194";"155 723 286";"B01";"2";"7";"1";"0";"1";"2";"1";""
"202400033194";"155 723 287";"A01";"2";"14";"0";"2";"4";"23";"1";""
"202400033195";"155 723 282";"A01";"2";"7";"0";"2";"2";"15";"1";""
"202400033195";"155 723 285";"B01";"1";"32";"0";"2";"1";"1";"1";""
"202400033196";"155 723 279";"A01";"1";"10";"2";"1";"2";"1";"1";""
"202400033197";"155 723 280";"B01";"1";"10";"0";"2";"7";"13";"1";""
"202400033197";"155 723 283";"A01";"2";"31";"0";"2";"3";"10";"1";""
"202400033198";"155 723 281";"A01";"1";"7";"0";"2";"2";"15";"1";""
"202400033198";"155 723 284";"B01";"1";"30";"0";"2";"1";"1";"1";""
"202400033199";"155 723 277";"A01";"1";"7";"0";"2";"1";"0";"1";""
"202400033199";"155 723 278";"B01";"1";"7";"0";"2";"4";"2";"1";""
"202400033200";"155 723 276";"A01";"2";"7";"3";"0";"1";"26";"1";""
"202400033201";"155 723 275";"A01";"3";"7";"1";"1";"3";"1";"1";""
"202400033202";"155 723 273";"A01";"3";"7";"8";"0";"1";"1";"1";""
"202400033203";"155 723 274";"A01";"1";"7";"0";"1";"1";"1";"0";""
"202400033204";"155 723 268";"A01";"1";"7";"15";"2";"2";"12";"1";""
"202400033204";"155 723 272";"B01";"1";"7";"15";"2";"3";"1";"1";""
"202400033205";"155 723 269";"A01";"1";"7";"0";"2";"7";"1";"1";""
"202400033205";"155 723 271";"B01";"1";"7";"0";"2";"1";"24";"1";""
"202400033206";"155 723 267";"B01";"1";"99";"1";"0";"0";"0";"0";""
"202400033206";"155 723 270";"A01";"1";"99";"0";"9";"1";"16";"6";""
"202400033207";"155 723 261";"B01";"0";"31";"0";"0";"0";"0";"1";""
"202400033207";"155 723 263";"A01";"1";"7";"0";"2";"5";"15";"2";""
"202400033208";"155 723 259";"A01";"2";"38";"0";"2";"3";"26";"1";"1"
"202400033208";"155 723 264";"B01";"2";"7";"0";"2";"4";"1";"1";""
"202400033209";"155 723 260";"B01";"1";"7";"0";"2";"1";"0";"1";""
"202400033209";"155 723 262";"A01";"1";"31";"0";"2";"7";"0";"3";""
"202400033210";"155 723 257";"B01";"3";"7";"0";"2";"2";"15";"1";""
"202400033210";"155 723 258";"A01";"3";"32";"0";"2";"1";"2";"3";""
"202400033211";"155 723 255";"A01";"1";"7";"0";"1";"2";"1";"1";""
"202400033212";"155 723 254";"A01";"1";"7";"0";"2";"4";"26";"0";""
"202400033212";"155 723 256";"B01";"1";"1";"0";"2";"4";"26";"5";""
"202400033213";"155 723 253";"A01";"3";"7";"0";"1";"1";"1";"1";""
"202400033214";"155 723 252";"A01";"3";"7";"0";"1";"1";"15";"1";""
"202400033215";"155 723 248";"A01";"2";"33";"12";"0";"1";"1";"0";""
"202400033216";"155 723 247";"A01";"2";"33";"0";"2";"0";"17";"1";""
"202400033216";"155 723 250";"B01";"2";"7";"0";"2";"3";"15";"2";""
"202400033217";"155 723 246";"B01";"1";"7";"0";"2";"1";"15";"1";""
"202400033217";"155 723 249";"A01";"2";"7";"0";"2";"1";"8";"1";""
"202400033217";"155 723 251";"C01";"2";"7";"0";"2";"5";"1";"1";""
"202400033218";"155 723 244";"B01";"1";"7";"0";"0";"6";"23";"1";""
"202400033218";"155 723 245";"A01";"1";"34";"14";"0";"1";"17";"1";""
"202400033219";"155 723 242";"A01";"2";"7";"0";"1";"3";"1";"1";""
"202400033220";"155 723 241";"A01";"1";"7";"0";"2";"3";"13";"1";""
"202400033220";"155 723 243";"B01";"2";"10";"0";"2";"3";"1";"1";""
"202400033221";"155 723 238";"B01";"3";"7";"6";"2";"8";"1";"1";""
"202400033221";"155 723 240";"A01";"3";"7";"0";"2";"1";"1";"1";""
"202400033222";"155 723 237";"A01";"2";"10";"0";"1";"2";"19";"1";""
"202400033223";"155 723 235";"A01";"2";"7";"0";"2";"1";"1";"2";""
"202400033223";"155 723 239";"B01";"3";"37";"0";"2";"3";"1";"1";"2"
"202400033224";"155 723 233";"A01";"1";"33";"1";"0";"6";"2";"1";""
"202400033225";"155 723 234";"B01";"2";"1";"0";"2";"7";"26";"5";""
"202400033225";"155 723 236";"A01";"2";"7";"0";"2";"1";"9";"1";""
"202400033226";"155 723 231";"A01";"2";"7";"0";"2";"1";"2";"1";""
"202400033226";"155 723 232";"B01";"2";"7";"0";"2";"5";"2";"1";""
"202400033227";"155 723 228";"A01";"3";"7";"4";"0";"1";"15";"1";""
"202400033228";"155 723 226";"B01";"1";"10";"0";"2";"6";"1";"1";""
"202400033228";"155 723 230";"A01";"1";"7";"0";"2";"0";"0";"0";""
"202400033229";"155 723 225";"A01";"1";"7";"0";"2";"1";"2";"1";""
"202400033229";"155 723 227";"B01";"1";"7";"0";"2";"4";"2";"1";""
"202400033230";"155 723 224";"A01";"2";"7";"0";"2";"1";"1";"1";""
"202400033230";"155 723 229";"B01";"3";"50";"0";"0";"0";"0";"3";""
"202400033231";"155 723 222";"A01";"3";"7";"0";"1";"4";"19";"1";""
"202400033232";"155 723 220";"A01";"1";"7";"0";"2";"8";"23";"1";""
"202400033232";"155 723 223";"B01";"1";"50";"0";"2";"7";"2";"3";""
"202400033233";"155 723 219";"A01";"1";"10";"0";"2";"4";"2";"1";""
"202400033233";"155 723 221";"B01";"1";"37";"0";"2";"1";"2";"1";"1"
"202400033234";"155 723 215";"A01";"0";"7";"0";"2";"8";"1";"3";""
"202400033234";"155 723 217";"B01";"0";"2";"0";"0";"0";"0";"4";""
"202400033235";"155 723 216";"A01";"1";"7";"0";"2";"1";"13";"1";""
"202400033235";"155 723 218";"B01";"2";"7";"0";"2";"1";"1";"1";""
"202400033236";"155 723 213";"B01";"2";"10";"0";"2";"7";"15";"0";""
"202400033236";"155 723 214";"A01";"1";"33";"0";"2";"1";"1";"1";""
"202400033237";"155 723 208";"A01";"1";"7";"0";"2";"1";"2";"1";""
"202400033237";"155 723 211";"B01";"1";"7";"0";"2";"4";"2";"1";""
"202400033237";"155 723 212";"C01";"1";"7";"0";"2";"4";"2";"1";""
"202400033238";"155 723 206";"B01";"1";"33";"0";"2";"2";"15";"1";""
"202400033238";"155 723 210";"A01";"1";"7";"0";"2";"1";"15";"1";""
"202400033239";"155 723 204";"A01";"1";"7";"0";"2";"2";"15";"1";""
"202400033239";"155 723 207";"B01";"1";"80";"0";"2";"8";"1";"3";""
"202400033240";"155 723 203";"C01";"2";"7";"0";"2";"6";"1";"1";""
"202400033240";"155 723 205";"A01";"2";"34";"0";"2";"1";"18";"1";""
"202400033240";"155 723 209";"B01";"2";"7";"0";"2";"2";"16";"2";""
"202400033241";"155 723 201";"A01";"1";"7";"0";"1";"1";"19";"2";""
"202400033242";"155 723 200";"A01";"1";"7";"0";"2";"2";"0";"1";""
"202400033242";"155 723 202";"B01";"1";"3";"0";"2";"7";"0";"1";""
"202400033243";"155 723 197";"A01";"1";"7";"0";"2";"3";"20";"3";""
"202400033243";"155 723 199";"B01";"1";"50";"0";"2";"1";"2";"3";""
"202400033244";"155 723 196";"A01";"2";"33";"0";"2";"1";"1";"1";""
"202400033244";"155 723 198";"B01";"1";"10";"0";"2";"2";"1";"1";""
"202400033245";"155 723 194";"A01";"3";"7";"0";"1";"1";"15";"1";""
"202400033246";"155 723 192";"C01";"2";"7";"1";"0";"6";"24";"2";""
"202400033246";"155 723 193";"A01";"2";"7";"1";"0";"2";"1";"1";""
"202400033246";"155 723 195";"B01";"2";"7";"1";"0";"0";"1";"0";""
"202400033247";"155 723 188";"B01";"2";"1";"0";"2";"3";"1";"5";""
"202400033247";"155 723 191";"A01";"1";"10";"0";"9";"3";"17";"1";""
"202400033248";"155 723 186";"B01";"1";"30";"14";"2";"1";"1";"0";""
"202400033248";"155 723 190";"A01";"1";"7";"16";"2";"3";"15";"0";""
"202400033249";"155 723 185";"A01";"1";"34";"0";"2";"7";"26";"1";""
"202400033250";"155 723 187";"B01";"1";"33";"0";"2";"1";"1";"1";""
"202400033250";"155 723 189";"A01";"2";"14";"0";"2";"3";"15";"1";""
"202400033251";"155 723 182";"A01";"1";"30";"0";"0";"0";"1";"1";""
"202400033252";"155 723 181";"B01";"1";"7";"0";"2";"4";"1";"0";""
"202400033252";"155 723 184";"A01";"1";"30";"0";"2";"1";"1";"1";""
"202400033253";"155 723 180";"B01";"1";"10";"0";"2";"1";"16";"1";""
"202400033253";"155 723 183";"A01";"1";"33";"8";"2";"8";"18";"1";""
"202400033254";"155 723 176";"B01";"1";"7";"0";"2";"2";"1";"1";""
"202400033254";"155 723 179";"A01";"1";"7";"0";"2";"8";"10";"1";""
"202400033255";"155 723 175";"B01";"2";"2";"0";"2";"4";"1";"1";""
"202400033255";"155 723 178";"A01";"2";"7";"0";"2";"1";"1";"1";""
"202400033256";"155 723 173";"B01";"1";"32";"0";"2";"2";"1";"1";""
"202400033256";"155 723 177";"A01";"1";"7";"1";"2";"3";"9";"1";""
"202400033257";"155 723 172";"B01";"1";"7";"0";"2";"1";"15";"1";""
"202400033257";"155 723 174";"A01";"1";"33";"0";"2";"1";"3";"1";""
"202400033258";"155 723 170";"A01";"0";"7";"0";"1";"2";"1";"1";""
"202400033259";"155 723 168";"B01";"3";"50";"0";"2";"8";"19";"3";""
"202400033259";"155 723 171";"A01";"3";"7";"0";"2";"2";"1";"2";""
"202400033260";"155 723 165";"A01";"0";"33";"0";"2";"3";"26";"0";""
"202400033260";"155 723 167";"B01";"0";"7";"0";"2";"2";"19";"1";""
"202400033261";"155 723 166";"B01";"3";"1";"0";"2";"1";"1";"5";""
"202400033261";"155 723 169";"A01";"3";"7";"0";"2";"2";"15";"1";""
"202400033262";"155 723 162";"A01";"0";"7";"0";"2";"3";"9";"1";""
"202400033262";"155 723 164";"B01";"0";"50";"0";"2";"2";"1";"3";""
"202400033263";"155 723 160";"A01";"1";"33";"3";"0";"8";"1";"1";""
"202400033264";"155 723 158";"B01";"1";"50";"0";"0";"1";"0";"3";""
"202400033264";"155 723 161";"A01";"1";"7";"0";"0";"3";"13";"2";""
"202400033265";"155 723 159";"A01";"1";"7";"0";"2";"2";"15";"1";""
"202400033265";"155 723 163";"B01";"2";"32";"0";"2";"1";"1";"1";""
"202400033266";"155 723 154";"B01";"1";"7";"0";"2";"9";"2";"1";""
"202400033266";"155 723 156";"C01";"1";"7";"0";"2";"4";"2";"1";""
"202400033266";"155 723 157";"A01";"1";"7";"0";"2";"1";"2";"1";""
"202400033267";"155 723 152";"A01";"1";"37";"0";"2";"3";"9";"0";"3"
"202400033267";"155 723 155";"B01";"1";"7";"0";"2";"5";"9";"1";""
"202400033268";"155 723 150";"A01";"3";"7";"0";"2";"5";"1";"1";""
"202400033268";"155 723 153";"B01";"2";"2";"0";"2";"1";"1";"1";""
"202400033269";"155 723 149";"A01";"1";"7";"0";"2";"1";"1";"1";""
"202400033269";"155 723 151";"B01";"2";"43";"0";"2";"1";"1";"1";""
"202400033270";"155 723 147";"A01";"2";"7";"0";"1";"1";"1";"1";""
"202400033271";"155 723 146";"A01";"1";"7";"0";"2";"1";"1";"1";""
"202400033271";"155 723 148";"B01";"1";"7";"0";"0";"7";"10";"1";""
"202400033272";"155 723 144";"A01";"1";"7";"0";"2";"2";"15";"1";""
"202400033272";"155 723 145";"B01";"2";"50";"0";"2";"3";"25";"3";""
"202400033273";"155 723 143";"A01";"2";"7";"0";"1";"3";"15";"1";""
"202400033274";"155 723 140";"A01";"2";"15";"8";"0";"3";"1";"1";""
"202400033274";"155 723 142";"B01";"1";"7";"13";"0";"3";"13";"1";""
"202400033275";"155 723 138";"B01";"2";"34";"0";"2";"1";"13";"0";""
"202400033275";"155 723 141";"A01";"1";"7";"0";"2";"2";"1";"1";""
"202400033276";"155 723 136";"B01";"1";"7";"0";"2";"3";"24";"1";""
"202400033276";"155 723 139";"A01";"1";"7";"1";"0";"7";"1";"1";""
"202400033277";"155 723 134";"A01";"1";"7";"0";"2";"2";"15";"1";""
"202400033277";"155 723 137";"B01";"2";"7";"0";"2";"7";"1";"1";""
"202400033278";"155 723 131";"A01";"1";"7";"0";"0";"2";"1";"1";""
"202400033278";"155 723 135";"B01";"2";"50";"0";"0";"1";"5";"3";""
"202400033279";"155 723 132";"A01";"2";"7";"4";"0";"3";"13";"1";""
"202400033280";"155 723 129";"A01";"1";"40";"0";"1";"1";"1";"3";""
"202400033281";"155 723 127";"A01";"2";"2";"0";"2";"2";"1";"1";""
"202400033281";"155 723 130";"B01";"2";"7";"0";"2";"6";"1";"1";""
"202400033281";"155 723 133";"C01";"1";"7";"0";"2";"1";"1";"1";""
"202400033282";"155 723 126";"A01";"2";"3";"0";"0";"3";"1";"1";""
"202400033283";"155 723 125";"A01";"3";"7";"0";"2";"1";"16";"1";""
"202400033283";"155 723 128";"B01";"3";"7";"0";"2";"3";"1";"1";""
"202400033284";"155 723 122";"B01";"1";"7";"0";"2";"2";"1";" -1";""
"202400033284";"155 723 124";"A01";"1";"30";"0";"2";"2";"16";"1";""
"202400033285";"155 723 121";"A01";"3";"1";"0";"0";"1";"1";"5";""
"202400033286";"155 723 119";"A01";"3";"7";"0";"2";"9";"2";"1";""
"202400033286";"155 723 120";"B01";"3";"7";"0";"2";"4";"2";"1";""
"202400033287";"155 723 117";"A01";"1";"7";"4";"2";"9";"1";"1";""
"202400033287";"155 723 123";"B01";"1";"14";"1";"0";"0";"1";"1";""
"202400033288";"155 723 115";"B01";"1";"32";"0";"2";"1";"2";"1";""
"202400033288";"155 723 118";"A01";"1";"10";"0";"2";"6";"9";"1";""
"202400033289";"155 723 114";"A01";"1";"7";"0";"2";"6";"11";"1";""
"202400033289";"155 723 116";"B01";"1";"33";"0";"2";"2";"3";"1";""
"202400033290";"155 723 109";"A01";"2";"7";"0";"0";"1";"1";"1";""
"202400033290";"155 723 112";"B01";"1";"7";"0";"2";"1";"17";"1";""
"202400033291";"155 723 108";"A01";"1";"31";"0";"2";"1";"9";"1";""
"202400033291";"155 723 113";"B01";"1";"7";"0";"2";"7";"1";"1";""
"202400033292";"155 723 107";"A01";"2";"7";"0";"2";"8";"15";"1";""
"202400033292";"155 723 110";"B01";"2";"7";"0";"2";"2";"1";"1";""
"202400033293";"155 723 106";"B01";"1";"7";"0";"0";"6";"1";"1";""
"202400033293";"155 723 111";"A01";"1";"34";"0";"2";"1";"2";"1";""
"202400033294";"155 723 101";"A01";"1";"7";"15";"0";"2";"1";"1";""
"202400033295";"155 723 102";"B01";"2";"33";"13";"0";"0";"1";"1";""
"202400033295";"155 723 105";"A01";"1";"7";"0";"0";"3";"1";"2";""
"202400033296";"155 723 100";"A01";"1";"7";"0";"2";"1";"9";"1";""
"202400033296";"155 723 104";"B01";"1";"1";"0";"2";"8";"1";"5";""
"202400033297";"155 723 099";"A01";"1";"7";"0";"2";"8";"1";"1";""
"202400033297";"155 723 103";"B01";"2";"7";"0";"2";"1";"19";"1";""
"202400033298";"155 723 096";"A01";"2";"7";"1";"0";"2";"2";"1";""
"202400033299";"155 723 095";"A01";"1";"7";"1";"2";"3";"16";"1";""
"202400033299";"155 723 098";"B01";"2";"7";"0";"2";"8";"1";"1";""
"202400033300";"155 723 094";"B01";"0";"7";"0";"2";"1";"15";"1";""
"202400033300";"155 723 097";"A01";"1";"7";"0";"2";"1";"15";"1";""
"202400033301";"155 723 091";"B01";"2";"7";"0";"2";"1";"1";"1";""
"202400033301";"155 723 092";"A01";"1";"7";"0";"2";"1";"13";"1";""
"202400033302";"155 723 093";"A01";"2";"7";"16";"0";"0";"17";"1";""
"202400033303";"155 723 090";"A01";"3";"10";"8";"0";"1";"1";"0";""
"202400033304";"155 723 087";"A01";"2";"7";"0";"2";"6";"13";"1";""
"202400033304";"155 723 089";"B01";"1";"7";"0";"2";"3";"1";"1";""
"202400033305";"155 723 086";"A01";"1";"32";"0";"2";"1";"3";"1";""
"202400033305";"155 723 088";"B01";"1";"7";"0";"2";"8";"10";"1";""
"202400033306";"155 723 084";"A01";"1";"32";"13";"0";"2";"1";"1";""
"202400033307";"155 723 083";"A01";"0";"7";"0";"2";"1";"1";"1";""
"202400033307";"155 723 085";"B01";"0";"7";"0";"2";"4";"1";"1";""
"202400033308";"155 723 082";"A01";"2";"7";"0";"1";"1";"1";"1";""
"202400033309";"155 723 081";"A01";"1";"7";"6";"0";"9";"13";"1";""
"202400033310";"155 723 079";"B01";"3";"7";"0";"9";"1";"2";"1";""
"202400033310";"155 723 080";"A01";"3";"1";"0";"0";"2";"0";"5";""
"202400033311";"155 723 077";"A01";"1";"7";"13";"0";"3";"13";"1";""
"202400033312";"155 723 075";"A01";"1";"10";"0";"2";"2";"17";"3";""
"202400033312";"155 723 078";"B01";"1";"1";"0";"2";"8";"1";"5";""
"202400033313";"155 723 074";"A01";"1";"7";"0";"2";"2";"15";"1";""
"202400033313";"155 723 076";"B01";"2";"7";"0";"2";"1";"1";"1";""
"202400033314";"155 723 073";"A01";"2";"33";"13";"0";"7";"1";"1";""
"202400033315";"155 723 070";"A01";"1";"7";"0";"2";"3";"13";"1";""
"202400033315";"155 723 072";"B01";"2";"14";"0";"2";"3";"1";"1";""
"202400033316";"155 723 069";"A01";"2";"30";"0";"2";"8";"21";"1";""
"202400033316";"155 723 071";"B01";"2";"7";"0";"2";"4";"20";"1";""
"202400033317";"155 723 066";"B01";"2";"7";"0";"2";"1";"13";"1";""
"202400033317";"155 723 068";"A01";"1";"33";"0";"2";"1";"1";"1";""
"202400033318";"155 723 067";"A01";"2";"10";"0";"1";"2";"16";"1";""
"202400033319";"155 723 064";"A01";"2";"7";"13";"0";"2";"1";"1";""
"202400033320";"155 723 061";"A01";"1";"7";"3";"0";"9";"17";"1";""
"202400033321";"155 723 062";"A01";"2";"7";"0";"2";"1";"16";"1";""
"202400033321";"155 723 065";"B01";"2";"1";"0";"2";"7";"19";"5";""
"202400033322";"155 723 063";"A01";"3";"7";"0";"1";"1";"26";"1";""
"202400033323";"155 723 060";"A01";"3";"2";"13";"0";"1";"1";"1";""
"202400033324";"155 723 056";"A01";"0";"7";"0";"1";"1";"16";"1";""
"202400033325";"155 723 054";"C01";"2";"1";"0";"2";"4";"1";"5";""
"202400033325";"155 723 057";"A01";"2";"10";"0";"9";"1";"1";"1";""
"202400033325";"155 723 059";"B01";"2";"1";"0";"2";"4";"1";"5";""
"202400033326";"155 723 053";"B01";"2";"7";"0";"2";"8";"1";"1";""
"202400033326";"155 723 058";"A01";"1";"7";"0";"2";"2";"1";"1";""
"202400033327";"155 723 052";"A01";"2";"7";"0";"2";"6";"15";"1";""
"202400033327";"155 723 055";"B01";"1";"2";"0";"2";"1";"2";"1";""
"202400033328";"155 723 049";"A01";"1";"7";"2";"0";"7";"1";"1";""
"202400033329";"155 723 048";"A01";"1";"7";"8";"2";"6";"16";"1";""
"202400033329";"155 723 051";"B01";"2";"10";"0";"2";"3";"2";"1";""
"202400033330";"155 723 046";"A01";"0";"7";"11";"2";"1";"1";"1";""
"202400033330";"155 723 047";"B01";"0";"7";"0";"2";"1";"15";"1";""
"202400033331";"155 723 044";"A01";"1";"33";"0";"0";"2";"1";"1";""
"202400033332";"155 723 042";"A01";"3";"7";"0";"2";"3";"13";"1";""
"202400033332";"155 723 045";"B01";"3";"7";"0";"2";"3";"0";"1";""
"202400033333";"155 723 041";"A01";"2";"7";"0";"2";"1";"1";"1";""
"202400033333";"155 723 043";"B01";"1";"33";"0";"2";"3";"1";"1";""
"202400033334";"155 723 040";"A01";"1";"7";"0";"1";"1";"1";"1";""
"202400033335";"155 723 036";"A01";"2";"33";"0";"6";"1";"26";"1";""
"202400033336";"155 723 035";"B01";"2";"7";"0";"2";"3";"15";"1";""
"202400033336";"155 723 038";"A01";"1";"32";"0";"2";"1";"1";"1";""
"202400033337";"155 723 034";"A01";"1";"7";"0";"2";"1";"1";"1";""
"202400033337";"155 723 037";"B01";"1";"7";"0";"2";"4";"1";"1";""
"202400033337";"155 723 039";"C01";"1";"7";"0";"0";"4";"1";"1";""
"202400033338";"155 723 033";"A01";"3";"7";"1";"1";"1";"20";"1";""
"202400033339";"155 723 032";"A01";"2";"7";"2";"0";"3";"1";"1";""
"202400033340";"155 723 031";"A01";"0";"1";"0";"0";"0";"25";"5";""
"202400033341";"155 723 027";"A01";"3";"14";"0";"9";"2";"16";"1";""
"202400033341";"155 723 029";"B01";"3";"1";"0";"2";"1";"1";"5";""
"202400033342";"155 723 028";"A01";"2";"33";"1";"0";"1";"13";"1";""
"202400033342";"155 723 030";"B01";"2";"10";"0";"0";"4";"23";"1";""
"202400033343";"155 723 023";"B01";"1";"2";"0";"2";"1";"19";"1";""
"202400033343";"155 723 025";"A01";"2";"7";"0";"2";"2";"1";"1";""
"202400033344";"155 723 024";"B01";"0";"2";"0";"2";"1";"1";"1";""
"202400033344";"155 723 026";"A01";"3";"7";"0";"2";"2";"15";"1";""
"202400033345";"155 723 020";"B01";"2";"7";"0";"2";"6";"2";"1";""
"202400033345";"155 723 022";"A01";"2";"33";"0";"2";"1";"2";"1";""
"202400033346";"155 723 019";"B01";"1";"7";"0";"2";"1";"11";"1";""
"202400033346";"155 723 021";"A01";"2";"50";"0";"2";"1";"1";"3";""
"202400033347";"155 723 017";"B01";"3";"50";"0";"2";"1";"19";"3";""
"202400033347";"155 723 018";"A01";"0";"7";"0";"9";"2";"1";"1";""
"202400033348";"155 723 015";"A01";"1";"10";"0";"2";"5";"13";"1";""
"202400033348";"155 723 016";"B01";"2";"7";"0";"2";"2";"21";"1";""
"202400033349";"155 723 010";"A01";"2";"10";"8";"2";"8";"10";"1";""
"202400033349";"155 723 013";"B01";"2";"7";"0";"2";"1";"1";"1";""
"202400033350";"155 723 012";"B01";"2";"7";"0";"2";"3";"15";"1";""
"202400033350";"155 723 014";"A01";"2";"30";"0";"2";"7";"17";"1";""
"202400033351";"155 723 007";"A01";"2";"7";"7";"0";"2";"14";"1";""
"202400033352";"155 723 005";"B01";"1";"7";"0";"2";"1";"2";"1";""
"202400033352";"155 723 008";"A01";"1";"15";"0";"0";"6";"2";"1";""
"202400033353";"155 723 009";"A01";"1";"7";"0";"2";"4";"2";"1";""
"202400033353";"155 723 011";"B01";"1";"33";"0";"2";"1";"2";"1";""
"202400033354";"155 723 003";"A01";"1";"7";"6";"0";"2";"13";"1";""
"202400033355";"155 723 001";"B01";"1";"1";"0";"2";"4";"1";"5";""
"202400033355";"155 723 002";"A01";"1";"7";"0";"2";"2";"1";"1";""
"202400033356";"155 722 998";"A01";"2";"7";"0";"2";"2";"2";"1";""
"202400033356";"155 723 000";"B01";"2";"7";"0";"2";"6";"20";"1";""
"202400033357";"155 722 996";"A01";"2";"7";"0";"2";"1";"5";"1";""
"202400033357";"155 722 997";"B01";"1";"7";"0";"0";"1";"1";"1";""
"202400033358";"155 722 994";"A01";"1";"7";"0";"2";"1";"1";"1";""
"202400033358";"155 722 999";"B01";"1";"7";"0";"2";"8";"1";"1";""
"202400033359";"155 722 993";"A01";"1";"38";"0";"2";"1";"1";"1";"1"
"202400033359";"155 722 995";"B01";"2";"7";"0";"2";"3";"15";"1";""
"202400033360";"155 722 991";"A01";"1";"33";"0";"0";"7";"1";"1";""
"202400033361";"155 722 990";"A01";"0";"7";"0";"2";"7";"10";"1";""
"202400033361";"155 722 992";"B01";"0";"2";"0";"2";"1";"2";"1";""
"202400033362";"155 722 988";"A01";"2";"33";"7";"0";"3";"13";"1";""
"202400033363";"155 722 983";"A01";"3";"7";"6";"0";"3";"13";"1";""
"202400033364";"155 722 984";"A01";"3";"7";"0";"2";"8";"16";"1";""
"202400033364";"155 722 986";"B01";"3";"7";"0";"2";"1";"1";"1";""
"202400033365";"155 722 982";"A01";"1";"7";"6";"0";"1";"5";"1";""
"202400033366";"155 722 981";"A01";"0";"7";"0";"2";"3";"1";"1";""
"202400033366";"155 722 985";"B01";"0";"1";"0";"2";"1";"1";"5";""
"202400033367";"155 722 979";"A01";"1";"10";"0";"1";"3";"15";"1";""
"202400033368";"155 722 976";"A01";"3";"7";"0";"2";"1";"15";"1";""
"202400033368";"155 722 978";"B01";"3";"33";"0";"2";"7";"0";"1";""
"202400033369";"155 722 974";"A01";"2";"7";"0";"2";"3";"13";"1";""
"202400033369";"155 722 975";"B01";"1";"7";"0";"2";"3";"1";"1";""
"202400033370";"155 722 971";"A01";"1";"7";"2";"0";"1";"1";"1";""
"202400033371";"155 722 972";"A01";"2";"7";"0";"1";"1";"16";"1";""
"202400033372";"155 722 970";"A01";"1";"7";"2";"0";"2";"19";"1";""
"202400033373";"155 722 969";"B01";"3";"7";"0";"2";"8";"26";"1";""
"202400033373";"155 722 973";"A01";"2";"7";"0";"2";"1";"1";"1";""
"202400033374";"155 722 968";"A01";"2";"7";"3";"0";"8";"0";"1";""
"202400033375";"155 722 967";"A01";"2";"7";"0";"1";"1";"1";"1";""
"202400033376";"155 722 965";"B01";"1";"33";"0";"2";"2";"17";"1";""