"Num_Acc";"id_vehicule";"num_veh";"senc";"catv";"obs";"obsm";"choc";"manv";"motor";"occutc"
"202400033376";"155 722 966";"A01";"1";"7";"0";"2";"3";"2";"1";""
"202400033377";"155 722 961";"A01";"1";"2";"0";"2";"0";"13";"1";""
"202400033378";"155 722 960";"A01";"3";"7";"0";"2";"3";"9";"1";""
"202400033378";"155 722 963";"B01";"3";"7";"0";"2";"1";"1";"1";""
"202400033379";"155 722 959";"A01";"2";"2";"10";"0";"8";"1";"1";""
"202400033380";"155 722 958";"C01";"2";"7";"0";"2";"4";"1";"1";""
"202400033380";"155 722 962";"A01";"2";"7";"0";"2";"1";"1";"1";""
"202400033380";"155 722 964";"B01";"2";"7";"0";"2";"9";"1";"1";""
"202400033381";"155 722 953";"B01";"1";"7";"0";"0";"5";"1";"1";""
"202400033381";"155 722 956";"A01";"1";"1";"0";"0";"3";"21";"5";""
"202400033382";"155 722 950";"B01";"3";"7";"0";"2";"8";"16";"1";""
"202400033382";"155 722 955";"A01";"3";"31";"0";"2";"2";"1";"1";""
"202400033383";"155 722 951";"A01";"3";"33";"0";"2";"1";"1";"1";""
"202400033383";"155 722 954";"B01";"3";"7";"0";"0";"4";"1";"1";""
"202400033384";"155 722 949";"C01";"1";"37";"0";"2";"1";"1";"1";"1"
"202400033384";"155 722 952";"B01";"3";"7";"0";"2";"0";"0";"1";""
"202400033384";"155 722 957";"A01";"3";"3";"0";"2";"0";"0";"1";""
"202400033385";"155 722 947";"A01";"2";"33";"0";"2";"1";"1";"1";""
"202400033385";"155 722 948";"B01";"2";"7";"0";"2";"6";"13";"1";""
"202400033386";"155 722 944";"B01";"0";"7";"0";"1";"1";"1";"1";""
"202400033387";"155 722 943";"A01";"1";"7";"0";"2";"5";"15";"1";""
"202400033387";"155 722 946";"B01";"2";"33";"0";"2";"1";"1";"1";""
"202400033388";"155 722 940";"A01";"3";"15";"0";"1";"5";"15";"1";""
"202400033389";"155 722 939";"A01";"1";"7";"4";"2";"9";"12";"1";""
"202400033389";"155 722 942";"B01";"1";"7";"4";"2";"7";"1";"1";""
"202400033390";"155 722 941";"A01";"2";"10";"13";"0";"3";"21";"1";""
"202400033391";"155 722 938";"A01";"2";"7";"8";"0";"1";"1";"1";""
"202400033392";"155 722 934";"A01";"2";"33";"0";"2";"7";"1";"1";""
"202400033392";"155 722 937";"Z01";"2";"7";"0";"2";"0";"11";"0";""
"202400033393";"155 722 932";"B01";"1";"33";"0";"2";"1";"18";"1";""
"202400033393";"155 722 936";"A01";"1";"10";"0";"2";"2";"20";"1";""
"202400033394";"155 722 931";"A01";"1";"33";"0";"2";"8";"18";"1";""
"202400033394";"155 722 935";"B01";"1";"7";"0";"2";"7";"2";"1";""
"202400033395";"155 722 930";"B01";"2";"7";"0";"2";"1";"19";"1";""
"202400033395";"155 722 933";"A01";"1";"33";"0";"2";"5";"1";"1";""
"202400033396";"155 722 925";"A01";"1";"7";"0";"2";"2";"9";"1";""
"202400033396";"155 722 929";"B01";"1";"7";"0";"2";"8";"1";"3";""
"202400033397";"155 722 924";"B01";"2";"14";"0";"2";"4";"26";"1";""
"202400033397";"155 722 927";"C01";"2";"2";"0";"2";"7";"26";"1";""
"202400033398";"155 722 922";"A01";"2";"7";"0";"2";"3";"15";"1";""
"202400033398";"155 722 928";"C01";"1";"33";"0";"2";"1";"21";"1";""
"202400033399";"155 722 923";"A01";"2";"7";"0";"2";"1";"2";"1";""
"202400033399";"155 722 926";"B01";"2";"10";"0";"2";"4";"23";"1";""
"202400033400";"155 722 921";"A01";"1";"43";"4";"0";"7";"1";"1";""
"202400033401";"155 722 920";"A01";"2";"7";"2";"0";"7";"0";"1";""
"202400033402";"155 722 916";"A01";"2";"33";"0";"2";"8";"3";"1";""
"202400033402";"155 722 918";"B01";"2";"7";"0";"2";"7";"12";"1";""
"202400033403";"155 722 914";"A01";"2";"7";"0";"2";"7";"22";"1";""
"202400033403";"155 722 917";"B01";"2";"32";"0";"2";"1";"18";"3";""
"202400033404";"155 722 913";"A01";"1";"7";"13";"0";"3";"13";"1";""
"202400033405";"155 722 912";"A01";"1";"7";"4";"0";"7";"1";"1";""
"202400033406";"155 722 915";"A01";"2";"30";"0";"2";"8";"7";"1";""
"202400033406";"155 722 919";"B01";"1";"0";"0";"0";"0";"0";"0";""
"202400033407";"155 722 907";"A01";"2";"7";"0";"2";"4";"12";"1";""
"202400033407";"155 722 910";"B01";"2";"33";"0";"2";"1";"3";"1";""
"202400033408";"155 722 906";"A01";"1";"7";"0";"2";"2";"15";"1";""
"202400033408";"155 722 911";"B01";"1";"34";"0";"2";"1";"1";"1";""
"202400033409";"155 722 905";"B01";"0";"1";"0";"2";"1";"17";"5";""
"202400033409";"155 722 908";"A01";"0";"7";"0";"2";"8";"15";"1";""
"202400033410";"155 722 899";"C01";"1";"7";"0";"2";"6";"26";"1";""
"202400033410";"155 722 901";"A01";"1";"7";"0";"2";"5";"12";"1";""
"202400033410";"155 722 903";"B01";"1";"7";"0";"2";"1";"3";"1";""
"202400033411";"155 722 900";"A01";"2";"7";"0";"2";"8";"10";"1";""
"202400033411";"155 722 902";"B01";"2";"32";"0";"2";"1";"1";"1";""
"202400033412";"155 722 898";"A01";"1";"7";"13";"0";"9";"1";"1";""
"202400033413";"155 722 897";"A01";"3";"7";"9";"0";"1";"14";"1";""
"202400033414";"155 722 895";"A01";"1";"43";"14";"0";"2";"1";"1";""
"202400033415";"155 722 894";"A01";"2";"7";"3";"0";"1";"1";"1";""
"202400033416";"155 722 892";"C01";"1";"7";"0";"2";"2";"0";"1";""
"202400033416";"155 722 893";"A01";"1";"7";"0";"2";"8";"13";"1";""
"202400033416";"155 722 896";"B01";"1";"33";"0";"2";"5";"0";"1";""
"202400033417";"155 722 891";"A01";"1";"10";"0";"1";"1";"1";"1";""
"202400033418";"155 722 889";"A01";"1";"7";"0";"1";"1";"9";"2";""
"202400033419";"155 722 885";"A01";"2";"7";"0";"2";"1";"11";"1";""
"202400033419";"155 722 888";"B01";"2";"7";"0";"2";"4";"1";"1";""
"202400033420";"155 722 884";"A01";"2";"33";"0";"2";"1";"1";"1";""
"202400033420";"155 722 887";"B01";"2";"33";"0";"2";"4";"21";"1";""
"202400033420";"155 722 890";"C01";"2";"7";"0";"2";"5";"1";"1";""
"202400033421";"155 722 883";"B01";"1";"1";"0";"2";"4";"1";"5";""
"202400033421";"155 722 886";"A01";"1";"7";"0";"2";"0";"1";"0";""
"202400033422";"155 722 882";"A01";"1";"31";"12";"0";"8";"17";"1";""
"202400033423";"155 722 880";"A01";"2";"7";"0";"2";"1";"2";"1";""
"202400033423";"155 722 881";"B01";"2";"7";"0";"2";"4";"23";"1";""
"202400033424";"155 722 875";"B01";"3";"1";"0";"2";"1";"1";"5";""
"202400033424";"155 722 878";"A01";"3";"7";"0";"2";"3";"9";"1";""
"202400033425";"155 722 876";"A01";"1";"7";"0";"1";"3";"15";"1";""
"202400033426";"155 722 873";"A01";"2";"7";"0";"2";"3";"13";"1";""
"202400033426";"155 722 877";"B01";"1";"7";"0";"2";"3";"1";"1";""
"202400033426";"155 722 879";"C01";"1";"10";"0";"2";"1";"1";"1";""
"202400033427";"155 722 872";"A01";"2";"15";"0";"2";"2";"1";"1";""
"202400033427";"155 722 874";"B01";"2";"7";"0";"2";"1";"11";"1";""
"202400033428";"155 722 871";"A01";"3";"33";"13";"0";"1";"5";"1";""
"202400033429";"155 722 870";"A01";"3";"30";"0";"1";"1";"1";"1";""
"202400033430";"155 722 865";"B01";"2";"33";"0";"2";"2";"1";"1";""
"202400033430";"155 722 869";"A01";"2";"7";"0";"2";"8";"11";"1";""
"202400033431";"155 722 862";"B01";"3";"7";"0";"2";"8";"1";"1";""
"202400033431";"155 722 866";"A01";"3";"13";"14";"2";"7";"2";"1";""
"202400033432";"155 722 864";"A01";"0";"37";"0";"2";"0";"0";"0";"1"
"202400033432";"155 722 868";"B01";"0";"7";"0";"2";"0";"0";"1";""
"202400033433";"155 722 863";"B01";"1";"33";"0";"2";"1";"0";"1";""
"202400033433";"155 722 867";"A01";"2";"33";"0";"2";"1";"0";"1";""
"202400033434";"155 722 858";"A01";"3";"7";"0";"1";"1";"15";"1";""
"202400033435";"155 722 856";"A01";"1";"33";"0";"2";"1";"1";"1";""
"202400033435";"155 722 861";"B01";"1";"7";"0";"2";"6";"9";"1";""
"202400033436";"155 722 854";"D01";"2";"7";"0";"2";"3";"1";"1";""
"202400033436";"155 722 855";"C01";"1";"7";"0";"2";"4";"1";"1";""
"202400033436";"155 722 857";"B01";"1";"7";"0";"2";"4";"1";"1";""
"202400033436";"155 722 859";"A01";"1";"7";"0";"2";"1";"13";"1";""
"202400033437";"155 722 851";"A01";" -1";"10";"0";"1";"4";"4";"0";""
"202400033438";"155 722 850";"B01";"1";"7";"0";"2";"1";"1";"1";""
"202400033438";"155 722 852";"A01";"1";"7";"0";"2";"3";"1";"1";""
"202400033439";"155 722 849";"A01";"1";"2";"0";"1";"1";"3";"1";""
"202400033440";"155 722 844";"B01";"1";"7";"0";"2";"1";"2";"1";""
"202400033440";"155 722 847";"A01";"2";"7";"1";"2";"3";"11";"1";""
"202400033441";"155 722 843";"A01";"1";"33";"0";"2";"8";"3";"1";""
"202400033441";"155 722 846";"Z01";"1";"10";"0";"2";"7";"12";"0";""
"202400033442";"155 722 842";"A01";"1";"10";"0";"2";"6";"16";"1";""
"202400033442";"155 722 845";"B01";"1";"7";"0";"2";"2";"1";"1";""
"202400033443";"155 722 840";"A01";"2";"7";"0";"1";"1";"15";"1";""
"202400033444";"155 722 841";"C01";"1";"10";"0";"2";"1";"1";"1";""
"202400033444";"155 722 848";"A01";"1";"7";"0";"2";"6";"1";"1";""
"202400033444";"155 722 853";"B01";"1";"14";"0";"2";"2";"12";"1";""
"202400033444";"155 722 860";"D01";"1";"10";"0";"2";"1";"1";"1";""
"202400033445";"155 722 839";"A01";"2";"7";"6";"0";"1";"1";"1";""
"202400033446";"155 722 838";"A01";"1";"7";"2";"0";"2";"1";"1";""
"202400033447";"155 722 837";"A01";"0";"32";"0";"0";"7";"1";"3";""
"202400033448";"155 722 835";"A01";"1";"7";"6";"0";"2";"1";"1";""
"202400033449";"155 722 831";"C01";"1";"7";"0";"2";"1";"1";"1";""
"202400033449";"155 722 834";"A01";"1";"7";"0";"2";"1";"1";"1";""
"202400033449";"155 722 836";"B01";"1";"7";"0";"2";"4";"1";"1";""
"202400033450";"155 722 833";"A01";"2";"33";"0";"0";"8";"3";"1";""
"202400033451";"155 722 828";"B01";"0";"7";"0";"2";"1";"0";"2";""
"202400033451";"155 722 832";"A01";"0";"7";"0";"1";"7";"1";"1";""
"202400033452";"155 722 829";"B01";"3";"7";"0";"2";"3";"1";"1";""
"202400033452";"155 722 830";"A01";"3";"7";"0";"2";"1";"9";"1";""
"202400033453";"155 722 826";"A01";"1";"31";"0";"2";"3";"3";"3";""
"202400033453";"155 722 827";"B01";"1";"7";"0";"2";"5";"1";"1";""
"202400033454";"155 722 825";"A01";"1";"37";"0";"1";"1";"23";"3";"1"
"202400033455";"155 722 820";"A01";"1";"32";"0";"0";"2";"23";"1";""
"202400033456";"155 722 821";"A01";"1";"7";"0";"2";"1";"0";"1";""
"202400033456";"155 722 824";"B01";"2";"7";"0";"2";"1";"0";"1";""
"202400033457";"155 722 819";"A01";"1";"50";"0";"2";"1";"16";"3";""
"202400033457";"155 722 823";"B01";"2";"1";"0";"2";"1";"1";"5";""
"202400033458";"155 722 817";"A01";"1";"7";"1";"0";"1";"13";"1";""
"202400033459";"155 722 815";"A01";"1";"7";"12";"2";"1";"13";"1";""
"202400033459";"155 722 816";"B01";"1";"7";"0";"2";"3";"0";"1";""
"202400033460";"155 722 814";"A01";"1";"7";"0";"1";"2";"1";"1";""
"202400033461";"155 722 813";"A01";"2";"7";"2";"0";"2";"13";"1";""
"202400033462";"155 722 818";"B01";"1";"10";"0";"2";"2";"12";"1";""
"202400033462";"155 722 822";"A01";"1";"33";"0";"2";"1";"3";"1";""
"202400033463";"155 722 811";"A01";"2";"50";"0";"2";"1";"19";"3";""
"202400033463";"155 722 812";"B01";"1";"7";"0";"2";"7";"23";"1";""
"202400033464";"155 722 808";"A01";"0";"7";"0";"2";"1";"0";"1";""
"202400033464";"155 722 810";"B01";"3";"1";"0";"2";"1";"1";"5";""
"202400033465";"155 722 807";"A01";"2";"7";"13";"0";"7";"1";"1";""
"202400033466";"155 722 802";"A01";"2";"7";"0";"2";"6";"11";"1";""
"202400033466";"155 722 804";"B01";"2";"34";"0";"2";"2";"3";"1";""
"202400033467";"155 722 803";"X01";"2";"30";"0";"1";"1";"18";"1";""
"202400033468";"155 722 800";"B01";"1";"7";"0";"2";"6";"1";"1";""
"202400033468";"155 722 806";"A01";"1";"10";"0";"2";"2";"14";"1";""
"202400033469";"155 722 797";"B01";"1";"7";"0";"9";"1";"1";"1";""
"202400033469";"155 722 799";"A01";"1";"7";"4";"0";"1";"18";"1";""
"202400033470";"155 722 795";"A01";"1";"7";"0";"2";"6";"2";"1";""
"202400033470";"155 722 798";"C01";"1";"10";"0";"2";"1";"1";"1";""
"202400033470";"155 722 801";"B01";"1";"33";"0";"2";"1";"2";"1";""
"202400033471";"155 722 792";"A01";"1";"7";"0";"1";"3";"1";"1";""
"202400033472";"155 722 796";"A01";"1";"7";"0";"1";"7";"2";"1";""
"202400033473";"155 722 791";"A01";"1";"10";"0";"2";"3";"1";"1";""
"202400033473";"155 722 794";"B01";"2";"10";"0";"2";"2";"1";"1";""
"202400033474";"155 722 790";"A01";"1";"7";"0";"2";"1";"1";"1";""
"202400033474";"155 722 793";"B01";"1";"7";"0";"2";"4";"23";"1";""
"202400033475";"155 722 788";"B01";"2";"10";"1";"0";"1";"1";"1";""
"202400033475";"155 722 789";"A01";"2";"7";"0";"0";"4";"23";"1";""
"202400033476";"155 722 787";"A01";"1";"7";"0";"1";"2";"15";"1";""
"202400033477";"155 722 783";"A01";"1";"16";"0";"2";"2";"12";"1";""
"202400033477";"155 722 785";"B01";"1";"7";"0";"2";"8";"1";"1";""
"202400033478";"155 722 780";"A01";"1";"7";"0";"0";"4";"12";"1";""
"202400033478";"155 722 784";"B01";"1";"7";"0";"2";"1";"12";"1";""
"202400033479";"155 722 779";"A01";"2";"7";"3";"0";"1";"1";"1";""
"202400033480";"155 722 777";"A01";"1";"7";"2";"0";"2";"14";"1";""
"202400033481";"155 722 776";"B01";"3";"1";"0";"0";"4";"24";"5";""
"202400033481";"155 722 782";"Z01";"1";"7";"1";"0";"1";"0";"0";""
"202400033481";"155 722 786";"C01";"2";"80";"0";"0";"0";"0";"3";""
"202400033482";"155 722 778";"B01";"2";"50";"0";"2";"7";"1";"3";""
"202400033482";"155 722 781";"A01";"1";"7";"0";"2";"2";"26";"1";""
"202400033483";"155 722 773";"A01";"1";"7";"0";"1";"2";"16";"2";""
"202400033484";"155 722 771";"B01";"1";"7";"0";"2";"3";"1";"1";""
"202400033484";"155 722 774";"A01";"2";"7";"0";"2";"1";"15";"1";""
"202400033485";"155 722 770";"C01";"1";"10";"0";"2";"4";"23";"1";""
"202400033485";"155 722 772";"A01";"1";"7";"0";"2";"1";"1";"1";""
"202400033485";"155 722 775";"B01";"1";"7";"0";"2";"9";"2";"1";""
"202400033486";"155 722 769";"A01";"1";"10";"0";"1";"4";"4";"1";""
"202400033487";"155 722 766";"A01";"1";"10";"0";"1";"1";"16";"1";""
"202400033488";"155 722 765";"A01";"1";"7";"0";"2";"1";"2";"1";""
"202400033488";"155 722 768";"B01";"1";"7";"0";"2";"4";"2";"2";""
"202400033489";"155 722 764";"A01";"2";"10";"0";"1";"6";"15";"1";""
"202400033490";"155 722 762";"A01";"1";"33";"0";"0";"9";"1";"1";""
"202400033491";"155 722 767";"A01";"1";"7";"0";"1";"1";"0";"1";""
"202400033492";"155 722 761";"A01";"1";"30";"0";"2";"2";"15";"3";""
"202400033492";"155 722 763";"B01";"0";"31";"0";"2";"1";"1";"1";""
"202400033493";"155 722 759";"B01";"2";"17";"0";"2";"2";"1";"1";""
"202400033493";"155 722 760";"A01";"1";"7";"7";"2";"3";"13";"1";""
"202400033494";"155 722 754";"A01";"2";"7";"0";"2";"1";"2";"1";""
"202400033494";"155 722 756";"B01";"2";"7";"0";"2";"4";"23";"1";""
"202400033494";"155 722 758";"C01";"2";"7";"0";"2";"4";"23";"1";""
"202400033495";"155 722 752";"B01";"2";"80";"0";"2";"1";"1";"3";""
"202400033495";"155 722 755";"A01";"2";"7";"0";"2";"2";"16";"1";""
"202400033496";"155 722 750";"A01";"2";"7";"0";"2";"8";"19";"1";""
"202400033496";"155 722 753";"B01";"1";"10";"0";"2";"1";"1";"1";""
"202400033497";"155 722 748";"A01";"2";"33";"0";"2";"3";"3";"1";""
"202400033497";"155 722 749";"B01";"2";"7";"0";"2";"5";"2";"1";""
"202400033498";"155 722 751";"B01";"1";"7";"0";"2";"4";"1";"1";""
"202400033498";"155 722 757";"A01";"2";"7";"0";"2";"1";"2";"1";""
"202400033499";"155 722 745";"A01";"1";"7";"0";"1";"4";"1";"1";""
"202400033500";"155 722 744";"A01";"2";"7";"0";"2";"1";"1";"1";""
"202400033500";"155 722 746";"B01";"2";"10";"0";"2";"4";"1";"1";""
"202400033501";"155 722 742";"A01";"1";"33";"0";"2";"1";"2";"1";""
"202400033501";"155 722 743";"B01";"1";"7";"0";"2";"4";"2";"1";""
"202400033502";"155 722 737";"A01";"2";"33";"0";"2";"4";"17";"1";""
"202400033502";"155 722 738";"B01";"2";"33";"0";"2";"1";"17";"1";""
"202400033503";"155 722 735";"A01";"1";"7";"0";"1";"2";"1";"1";""
"202400033504";"155 722 733";"A01";"1";"33";"0";"0";"8";"3";"1";""
"202400033505";"155 722 732";"A01";"1";"7";"7";"2";"1";"13";"1";""
"202400033505";"155 722 736";"B01";"1";"7";"0";"2";"1";"1";"1";""
"202400033506";"155 722 731";"A01";"1";"38";"0";"1";"2";"21";"1";"1"
"202400033507";"155 722 726";"C01";"2";"7";"0";"2";"4";"1";"2";""
"202400033507";"155 722 728";"A01";"2";"43";"0";"2";"0";"3";"1";""
"202400033507";"155 722 730";"B01";"2";"7";"0";"2";"2";"14";"1";""
"202400033508";"155 722 724";"A01";"1";"1";"0";"2";"6";"26";"5";""
"202400033508";"155 722 729";"B01";"1";"13";"0";"0";"6";"1";"1";""
"202400033509";"155 722 723";"B01";"1";"7";"0";"2";"1";"1";"1";""
"202400033509";"155 722 725";"A01";"1";"7";"0";"0";"8";"19";"1";""
"202400033510";"155 722 727";"B01";"3";"7";"0";"2";"6";"23";"1";""
"202400033510";"155 722 734";"C01";"3";"7";"0";"2";"4";"23";"0";""
"202400033510";"155 722 740";"A01";"3";"7";"1";"0";"1";"2";"1";""
"202400033511";"155 722 720";"B01";"1";"32";"0";"2";"4";"3";"1";""
"202400033511";"155 722 722";"A01";"1";"7";"0";"2";"3";"11";"1";""
"202400033512";"155 722 721";"A01";"1";"7";"1";"0";"2";"1";"1";""
"202400033513";"155 722 718";"A01";"1";"7";"0";"2";"1";"9";"1";""
"202400033513";"155 722 719";"B01";"2";"33";"0";"2";"7";"1";"1";""
"202400033514";"155 722 715";"A01";"1";"7";"4";"2";"3";"17";"1";""
"202400033514";"155 722 717";"B01";"1";"7";"4";"2";"5";"1";"1";""
"202400033515";"155 722 714";"A01";"2";"7";"0";"1";"1";"1";"1";""
"202400033516";"155 722 716";"A01";"2";"7";"0";"1";"3";"15";"1";""
"202400033517";"155 722 709";"A01";"1";"14";"0";"2";"2";"21";"1";""
"202400033517";"155 722 712";"B01";"1";"10";"0";"2";"8";"2";"1";""
"202400033518";"155 722 713";"A01";"1";"7";"0";"0";"0";"26";"1";""
"202400033519";"155 722 708";"A01";"2";"7";"0";"2";"2";"2";"1";""
"202400033519";"155 722 711";"B01";"2";"7";"0";"2";"6";"2";"1";""
"202400033520";"155 722 707";"B01";"2";"30";"0";"2";"1";"1";"3";""
"202400033520";"155 722 710";"A01";"1";"7";"0";"2";"3";"15";"1";""
"202400033521";"155 722 705";"A01";"3";"7";"0";"1";"4";"20";"1";""
"202400033522";"155 722 700";"B01";"1";"7";"16";"2";"3";"1";"1";""
"202400033522";"155 722 702";"C01";"2";"7";"0";"2";"1";"1";"1";""
"202400033522";"155 722 704";"D01";"2";"7";"0";"2";"4";"1";"1";""
"202400033522";"155 722 706";"A01";"2";"7";"7";"2";"8";"6";"1";""
"202400033523";"155 722 699";"A01";"1";"7";"0";"1";"2";"16";"1";""
"202400033524";"155 722 697";"A01";"1";"7";"0";"2";"1";"1";"1";""
"202400033524";"155 722 701";"C01";"1";"7";"0";"2";"0";"1";"1";""
"202400033524";"155 722 703";"D01";"1";"7";"14";"0";"0";"1";"1";""
"202400033525";"155 722 693";"A01";"1";"21";"0";"9";"0";"1";"1";""
"202400033525";"155 722 695";"C01";"2";"1";"0";"9";"0";"1";"5";""
"202400033525";"155 722 696";"B01";"2";"1";"0";"9";"0";"1";"5";""
"202400033526";"155 722 694";"A01";"2";"7";"13";"0";"1";"14";"1";""
"202400033527";"155 722 691";"A01";"1";"7";"0";"2";"3";"2";"1";""
"202400033527";"155 722 692";"B01";"1";"7";"1";"2";"6";"0";"1";""
"202400033528";"155 722 698";"A01";"1";"7";"12";"0";"3";"13";"1";""
"202400033529";"155 722 689";"A01";"1";"7";"2";"0";"1";"14";"1";""
"202400033530";"155 722 690";"A01";"3";"7";"0";"0";"0";"1";"1";""
"202400033531";"155 722 688";"A01";"1";"7";"0";"1";"7";"16";"1";""
"202400033532";"155 722 686";"A01";"2";"7";"0";"1";"1";"15";"1";""
"202400033533";"155 722 684";"A01";"2";"30";"0";"2";"1";"1";"1";""
"202400033533";"155 722 687";"B01";"1";"7";"0";"2";"3";"19";"1";""
"202400033534";"155 722 683";"A01";"1";"10";"0";"2";"1";"1";"1";""
"202400033534";"155 722 685";"B01";"1";"17";"0";"2";"4";"1";"6";""
"202400033535";"155 722 677";"A01";"0";"21";"0";"0";"9";"1";"1";""
"202400033536";"155 722 678";"A01";"1";"50";"0";"2";"1";"5";"3";""
"202400033536";"155 722 681";"B01";"2";"7";"0";"2";"2";"23";"1";""
"202400033537";"155 722 679";"B01";"3";"37";"0";"2";"8";"1";"1";"4"
"202400033537";"155 722 682";"A01";"3";"15";"0";"2";"1";"9";"1";""
"202400033538";"155 722 676";"A01";"1";"7";"0";"2";"1";"26";"2";""
"202400033538";"155 722 680";"B01";"1";"7";"0";"2";"2";"0";"1";""
"202400033539";"155 722 672";"A01";"2";"7";"0";"2";"1";"17";"0";""
"202400033539";"155 722 675";"B01";"2";"1";"0";"2";"1";"1";"0";""
"202400033540";"155 722 671";"A01";"2";"7";"0";"1";"3";"2";"1";""
"202400033541";"155 722 673";"A01";"2";"7";"0";"1";"1";"16";"1";""
"202400033542";"155 722 670";"Z01";"3";"7";"0";"2";"3";"15";"0";""
"202400033542";"155 722 674";"A01";"3";"50";"0";"2";"1";"1";"3";""
"202400033543";"155 722 665";"B01";"0";"7";"0";"2";"1";"0";"1";""
"202400033543";"155 722 668";"A01";"0";"7";"0";"2";"4";"1";"0";""
"202400033544";"155 722 663";"A01";" -1";"33";"12";"2";"0";"1";"1";""
"202400033544";"155 722 666";"B01";"3";"34";"0";"0";"0";"0";"1";""
"202400033545";"155 722 664";"B01";"1";"7";"0";"2";"5";"1";"1";""
"202400033545";"155 722 669";"A01";"1";"7";"0";"2";"1";"1";"1";""
"202400033546";"155 722 662";"A01";"3";"7";"0";"2";"1";"2";"1";""
"202400033546";"155 722 667";"B01";"3";"36";"0";"2";"1";"1";"1";""
"202400033547";"155 722 658";"A01";"2";"7";"0";"1";"3";"1";"1";""
"202400033548";"155 722 660";"A01";"1";"1";"0";"1";"1";"19";"5";""
"202400033549";"155 722 657";"A01";"2";"7";"0";"2";"3";"1";"0";""
"202400033549";"155 722 661";"B01";"2";"7";"0";"2";"1";"13";"1";""
"202400033550";"155 722 656";"Z01";"2";"7";"0";"2";"1";"15";"1";""
"202400033550";"155 722 659";"B01";"1";"50";"0";"2";"1";"15";"3";""
"202400033551";"155 722 654";"A01";"3";"7";"0";"1";"3";"1";"1";""
"202400033552";"155 722 649";"A01";"1";"7";"0";"2";"3";"13";"1";""
"202400033552";"155 722 652";"B01";"2";"7";"0";"2";"3";"1";"1";""
"202400033553";"155 722 651";"A01";"0";"7";"0";"2";"1";"1";"1";""
"202400033553";"155 722 655";"B01";"0";"7";"0";"2";"4";"26";"1";""
"202400033554";"155 722 650";"A01";"3";"10";"0";"2";"2";"9";"1";""
"202400033554";"155 722 653";"B01";"2";"10";"0";"2";"0";"0";"1";""
"202400033555";"155 722 648";"A01";"1";"7";"0";"6";"1";"1";"1";""
"202400033556";"155 722 646";"A01";"1";"7";"3";"0";"2";"0";"1";""
"202400033557";"155 722 645";"A01";"3";"30";"0";"1";"1";"1";"1";""
"202400033558";"155 722 643";"C01";"1";"7";"0";"2";"4";"2";"1";""
"202400033558";"155 722 644";"A01";"1";"7";"0";"2";"1";"2";"1";""
"202400033558";"155 722 647";"B01";"1";"7";"0";"2";"4";"2";"1";""
"202400033559";"155 722 641";"A01";"1";"32";"3";"0";"7";"1";"1";""
"202400033560";"155 722 640";"B01";"2";"7";"0";"2";"1";"19";"1";""
"202400033560";"155 722 642";"A01";"2";"7";"0";"2";"8";"19";"1";""
"202400033561";"155 722 639";"A01";"3";"7";"0";"1";"1";"16";"1";""
"202400033562";"155 722 637";"A01";"2";"7";"0";"2";"5";"1";"1";""
"202400033562";"155 722 638";"Z01";"2";"7";"0";"2";"3";"26";"0";""
"202400033563";"155 722 633";"A01";"2";"32";"0";"2";"1";"17";"1";""
"202400033563";"155 722 635";"B01";"2";"7";"0";"2";"3";"15";"1";""
"202400033564";"155 722 629";"B01";"1";"7";"0";"0";"4";"1";"1";""
"202400033564";"155 722 630";"A01";"1";"7";"0";"2";"1";"1";"1";""
"202400033565";"155 722 625";"A01";"2";"7";"0";"2";"1";"2";"1";""
"202400033565";"155 722 627";"B01";"2";"33";"0";"2";"4";"11";"1";""
"202400033566";"155 722 626";"A01";"1";"7";"0";"2";"3";"1";"1";""
"202400033566";"155 722 628";"B01";"1";"30";"0";"2";"1";"1";"1";""
"202400033567";"155 722 624";"A01";"3";"7";"0";"1";"1";"15";"1";""
"202400033568";"155 722 632";"A01";"3";"7";"0";"1";"3";"1";"1";""
"202400033569";"155 722 622";"C01";"2";"7";"0";"2";"1";"1";"1";""
"202400033569";"155 722 631";"D01";"2";"7";"0";"2";"1";"2";"1";""
"202400033569";"155 722 634";"A01";"2";"7";"3";"2";"2";"17";"1";""
"202400033569";"155 722 636";"B01";"2";"15";"0";"2";"3";"1";"1";""
"202400033570";"155 722 620";"A01";"1";"50";"0";"0";"0";"1";"3";""
"202400033571";"155 722 619";"A01";"2";"7";"0";"2";"1";"15";"1";""
"202400033571";"155 722 623";"B01";"1";"30";"0";"2";"1";"1";"1";""
"202400033572";"155 722 618";"A01";"0";"7";"0";"9";"1";"16";"1";""
"202400033572";"155 722 621";"B01";"0";"1";"0";"2";"1";"1";"5";""
"202400033573";"155 722 617";"A01";"2";"7";"0";"1";"2";"1";"0";""
"202400033574";"155 722 612";"B01";"1";"99";"0";"2";"2";"1";"1";""
"202400033574";"155 722 616";"A01";"1";"10";"0";"2";"2";"13";"1";""
"202400033575";"155 722 611";"B01";"1";"50";"9";"0";"1";"1";"3";""
"202400033575";"155 722 615";"A01";"0";"1";"9";"0";"1";"15";"5";""
"202400033576";"155 722 610";"A01";"2";"7";"0";"2";"1";"5";"1";""
"202400033576";"155 722 613";"B01";"1";"33";"0";"2";"1";"1";"1";""