"Num_Acc";"id_vehicule";"num_veh";"senc";"catv";"obs";"obsm";"choc";"manv";"motor";"occutc"
"202400033794";"155 722 250";"A01";"1";"33";"0";"2";"2";"17";"1";""
"202400033795";"155 722 249";"A01";"1";"2";"0";"2";"0";"11";"1";""
"202400033795";"155 722 251";"Z01";"1";"33";"0";"2";"1";"1";"1";""
"202400033796";"155 722 246";"A01";"2";"80";"0";"1";"1";"1";"3";""
"202400033797";"155 722 242";"A01";"2";"43";"0";"1";"1";"17";"1";""
"202400033798";"155 722 241";"B01";"2";"7";"0";"2";"4";"2";"1";""
"202400033798";"155 722 245";"A01";"2";"33";"0";"2";"1";"1";"1";""
"202400033799";"155 722 240";"A01";"2";"7";"0";"2";"1";"1";"2";""
"202400033799";"155 722 244";"B01";"2";"1";"0";"2";"7";"1";"5";""
"202400033800";"155 722 239";"B01";"1";"30";"0";"2";"5";"15";"1";""
"202400033800";"155 722 243";"A01";"2";"7";"0";"2";"3";"9";"1";""
"202400033801";"155 722 237";"Z01";"1";"7";"0";"2";"0";"0";"0";""
"202400033801";"155 722 238";"B01";"1";"80";"0";"2";"0";"1";"3";""
"202400033802";"155 722 236";"A01";"2";"7";"0";"1";"1";"1";"1";""
"202400033803";"155 722 235";"A01";"1";"14";"0";"1";"2";"1";"1";""
"202400033804";"155 722 232";"A01";"3";"7";"0";"1";"2";"1";"1";""
"202400033805";"155 722 230";"B01";"3";"7";"0";"2";"3";"15";"0";""
"202400033805";"155 722 234";"A01";"3";"33";"0";"2";"1";"17";"1";""
"202400033806";"155 722 231";"A01";"2";"7";"0";"2";"3";"15";"2";""
"202400033806";"155 722 233";"B01";"2";"2";"0";"2";"2";"17";"1";""
"202400033807";"155 722 228";"A01";"3";"7";"0";"2";"3";"13";"1";""
"202400033807";"155 722 229";"B01";"3";"7";"0";"2";"3";"1";"1";""
"202400033808";"155 722 224";"Z01";"1";"50";"0";"1";"0";"1";"3";""
"202400033809";"155 722 225";"A01";"1";"7";"0";"2";"8";"24";"1";""
"202400033809";"155 722 227";"B01";"1";"50";"0";"2";"7";"1";"3";""
"202400033810";"155 722 223";"A01";"1";"7";"0";"2";"1";"2";"1";""
"202400033810";"155 722 226";"B01";"1";"7";"0";"2";"4";"2";"1";""
"202400033811";"155 722 222";"A01";"1";"7";"0";"1";"3";"15";"1";""
"202400033812";"155 722 218";"A01";"2";"50";"0";"0";" -1";"1";"3";""
"202400033813";"155 722 219";"A01";"2";"33";"0";"2";"2";"10";"1";""
"202400033813";"155 722 221";"B01";"1";"33";"0";"2";"1";"1";"1";""
"202400033814";"155 722 217";"A01";"1";"33";"0";"2";"2";"12";"1";""
"202400033814";"155 722 220";"B01";"1";"10";"0";"0";"6";"1";"1";""
"202400033815";"155 722 215";"A01";"1";"7";"0";"2";"1";"1";"1";""
"202400033815";"155 722 216";"B01";"1";"1";"0";"2";"4";"1";"5";""
"202400033816";"155 722 212";"A01";"2";"1";"0";"1";"1";"1";"5";""
"202400033817";"155 722 211";"A01";"1";"7";"0";"2";"3";"13";"1";""
"202400033817";"155 722 213";"B01";"1";"15";"0";"2";"2";"1";"1";""
"202400033818";"155 722 209";"A01";"1";"7";"0";"1";"1";"0";"1";""
"202400033819";"155 722 206";"A01";"2";"7";"0";"2";"1";"1";"2";""
"202400033819";"155 722 208";"B01";"2";"50";"0";"2";"8";"1";"3";""
"202400033820";"155 722 210";"A01";"1";"7";"0";"2";"3";"15";"1";""
"202400033820";"155 722 214";"B01";"1";"33";"0";"2";"7";"1";"1";""
"202400033821";"155 722 203";"A01";"1";"50";"0";"2";"2";"1";"3";""
"202400033821";"155 722 205";"B01";"1";"7";"0";"2";"1";"1";"3";""
"202400033822";"155 722 202";"C01";"2";"7";"0";"2";"1";"2";"1";""
"202400033822";"155 722 204";"B01";"2";"10";"0";"2";"5";"12";"1";""
"202400033822";"155 722 207";"A01";"2";"33";"0";"2";"1";"3";"1";""
"202400033823";"155 722 199";"B01";"1";"33";"0";"2";"6";"3";"1";""
"202400033823";"155 722 201";"A01";"2";"7";"0";"2";"2";"2";"1";""
"202400033824";"155 722 195";"A01";"0";"37";"0";"2";"3";"26";"1";"1"
"202400033824";"155 722 197";"C01";"0";"7";"0";"2";"4";"23";"1";""
"202400033824";"155 722 200";"B01";"0";"7";"0";"2";"4";"23";"2";""
"202400033825";"155 722 194";"A01";"2";"7";"4";"0";"9";"2";"1";""
"202400033826";"155 722 193";"B01";"3";"7";"0";"2";"3";"1";"1";""
"202400033826";"155 722 196";"C01";"3";"7";"0";"2";"3";"23";"0";""
"202400033826";"155 722 198";"A01";"3";"1";"0";"2";"8";"19";"5";""
"202400033827";"155 722 191";"A01";"1";"7";"0";"0";"7";"1";"1";""
"202400033828";"155 722 190";"A01";"2";"13";"0";"2";"3";"13";"1";""
"202400033828";"155 722 192";"B01";"2";"7";"0";"2";"2";"1";"1";""
"202400033829";"155 722 189";"A01";"1";"7";"0";"1";"1";"0";"0";""
"202400033830";"155 722 185";"A01";"2";"43";"0";"1";"3";"1";"1";""
"202400033831";"155 722 182";"C01";"1";"10";"0";"2";"4";"2";"1";""
"202400033831";"155 722 186";"A01";"1";"7";"0";"2";"1";"2";"2";""
"202400033831";"155 722 188";"B01";"1";"10";"0";"2";"4";"2";"2";""
"202400033832";"155 722 181";"Z01";"2";"7";"0";"2";"1";"1";"1";""
"202400033832";"155 722 184";"B01";"2";"1";"0";"2";"8";"19";"5";""
"202400033833";"155 722 180";"A01";"1";"7";"14";"0";"1";"1";"0";""
"202400033834";"155 722 178";"A01";"1";"7";"13";"0";"1";"1";"1";""
"202400033835";"155 722 183";"Z01";"1";"7";"0";"2";"1";"1";"1";""
"202400033835";"155 722 187";"ZZ01";"1";"2";"0";"1";"1";"1";"1";""
"202400033836";"155 722 179";"A01";"2";"31";"0";"0";"0";"1";"1";""
"202400033837";"155 722 176";"B01";"2";"32";"1";"2";"1";"1";"1";""
"202400033837";"155 722 177";"A01";"2";"7";"1";"2";"3";"9";"1";""
"202400033838";"155 722 173";"A01";"2";"7";"4";"2";"2";"12";"1";""
"202400033838";"155 722 175";"B01";"2";"7";"0";"2";"9";"1";"1";""
"202400033839";"155 722 172";"A01";"3";"7";"1";"0";"4";"20";"1";""
"202400033840";"155 722 171";"A01";"1";"37";"0";"1";"1";"1";"1";"2"
"202400033841";"155 722 167";"A01";"2";"33";"0";"2";"1";"3";"1";""
"202400033841";"155 722 170";"B01";"2";"7";"0";"2";"4";"11";"1";""
"202400033842";"155 722 164";"A01";"1";"33";"0";"2";"7";"15";"1";""
"202400033842";"155 722 166";"B01";"2";"7";"0";"2";"3";"1";"1";""
"202400033843";"155 722 169";"A01";"1";"7";"0";"2";"1";"2";"1";""
"202400033843";"155 722 174";"B01";"1";"7";"0";"2";"4";"2";"1";""
"202400033844";"155 722 158";"B01";"3";"31";"0";"2";"2";"0";"1";""
"202400033844";"155 722 161";"A01";"1";"7";"0";"2";"8";"15";"1";""
"202400033845";"155 722 156";"A01";"2";"7";"0";"2";"1";"12";"1";""
"202400033845";"155 722 160";"B01";"2";"7";"0";"2";"4";"1";"3";""
"202400033845";"155 722 163";"C01";"2";"10";"0";"2";"4";"1";"1";""
"202400033846";"155 722 154";"A01";"2";"7";"0";"2";"3";"15";"1";""
"202400033846";"155 722 159";"B01";"1";"1";"0";"2";"1";"1";"5";""
"202400033846";"155 722 162";"C01";"2";"7";"0";"2";"1";"1";"1";""
"202400033847";"155 722 155";"A01";"3";"7";"0";"2";"1";"1";"1";""
"202400033847";"155 722 157";"B01";"3";"7";"0";"2";"4";"2";"1";""
"202400033848";"155 722 153";"A01";"2";"37";"1";"1";"0";"0";"1";"1"
"202400033849";"155 722 152";"A01";"3";"33";"4";"0";"1";"16";"1";""
"202400033850";"155 722 150";"A01";"2";"7";"0";"1";"1";"1";"1";""
"202400033851";"155 722 147";"A01";"1";"1";"0";"2";"2";"1";"5";""
"202400033851";"155 722 151";"B01";"2";"7";"0";"2";"3";"1";"1";""
"202400033852";"155 722 145";"A01";"1";"10";"0";"2";"4";"1";"1";""
"202400033852";"155 722 148";"B01";"1";"99";"0";"2";"1";"1";"1";""
"202400033853";"155 722 144";"A01";"1";"7";"0";"2";"4";"1";"1";""
"202400033853";"155 722 146";"B01";"1";"7";"0";"2";"3";"0";"1";""
"202400033853";"155 722 149";"C01";"1";"33";"0";"2";"7";"3";"1";""
"202400033854";"155 722 141";"B01";"1";"1";"1";"2";"1";"1";"5";""
"202400033854";"155 722 143";"A01";"1";"10";"0";"2";"6";"24";"1";""
"202400033855";"155 722 140";"A01";"2";"15";"0";"1";"2";"2";"1";""
"202400033856";"155 722 139";"B01";"3";"1";"0";"2";"0";"0";"5";""
"202400033856";"155 722 142";"A01";"3";"7";"0";"2";"4";"16";"1";""
"202400033857";"155 722 138";"A01";"1";"10";"2";"0";"2";"1";"1";""
"202400033858";"155 722 136";"A01";"1";"7";"0";"1";"1";"1";"1";""
"202400033859";"155 722 135";"A01";"1";"7";"2";"0";"2";"1";"1";""
"202400033860";"155 722 134";"B01";"2";"10";"15";"2";"7";"1";"1";""
"202400033860";"155 722 137";"A01";"2";"7";"0";"2";"1";"1";"1";""
"202400033861";"155 722 133";"A01";"3";"7";"0";"1";"1";"15";"1";""
"202400033862";"155 722 130";"A01";"1";"7";"0";"1";"3";"1";"1";""
"202400033863";"155 722 131";"A01";"3";"7";"0";"1";"2";"17";"1";""
"202400033864";"155 722 129";"B01";"1";"30";"0";"2";"1";"5";"1";""
"202400033864";"155 722 132";"A01";"2";"7";"0";"2";"1";"2";"1";""
"202400033865";"155 722 128";"A01";"2";"2";"13";"0";"9";"0";"1";""
"202400033866";"155 722 125";"A01";"3";"7";"0";"2";"1";"26";"1";""
"202400033866";"155 722 127";"B01";"3";"33";"0";"2";"1";"1";"1";""
"202400033867";"155 722 124";"Z01";"1";"7";"1";"2";"3";"13";"3";""
"202400033867";"155 722 126";"B01";"0";"1";"1";"2";"0";"1";"5";""
"202400033868";"155 722 120";"B01";"1";"2";"0";"2";"0";"0";"1";""
"202400033868";"155 722 123";"A01";"2";"7";"0";"2";"1";"0";"1";""
"202400033869";"155 722 121";"A01";"1";"7";"0";"2";"3";"1";"1";""
"202400033869";"155 722 122";"B01";"2";"33";"0";"2";"1";"1";"1";""
"202400033870";"155 722 114";"A01";"2";"7";"0";"2";"4";"23";"1";""
"202400033870";"155 722 117";"B01";"2";"7";"0";"2";"1";"1";"1";""
"202400033871";"155 722 113";"A01";"3";"7";"0";"2";"1";"5";"1";""
"202400033871";"155 722 116";"C01";"3";"7";"0";"2";"1";"1";"1";""
"202400033871";"155 722 118";"D01";"3";"7";"0";"2";"6";"24";"1";""
"202400033871";"155 722 119";"B01";"3";"7";"0";"2";"8";"1";"2";""
"202400033872";"155 722 112";"A01";"2";"10";"0";"2";"1";"1";"1";""
"202400033872";"155 722 115";"B01";"2";"37";"0";"2";"4";"1";"1";"1"
"202400033873";"155 722 111";"A01";"2";"7";"6";"0";"1";"2";"1";""
"202400033874";"155 722 106";"B01";"0";"32";"0";"2";"4";"23";"1";""
"202400033874";"155 722 110";"A01";"0";"7";"0";"2";"1";"2";"1";""
"202400033875";"155 722 105";"A01";"1";"7";"0";"2";"1";"13";"1";""
"202400033875";"155 722 108";"B01";"2";"10";"0";"2";"1";"13";"3";""
"202400033876";"155 722 103";"A01";"1";"7";"0";"9";"2";"15";"1";""
"202400033876";"155 722 107";"B01";"2";"1";"0";"2";"1";"1";"5";""
"202400033877";"155 722 104";"B01";"1";"15";"0";"2";"6";"1";"1";""
"202400033877";"155 722 109";"A01";"2";"17";"0";"2";"3";"14";"1";""
"202400033878";"155 722 102";"A01";"2";"34";"1";"0";"1";"0";"1";""
"202400033879";"155 722 098";"A01";"1";"17";"0";"0";"6";"2";"1";""
"202400033879";"155 722 101";"B01";"1";"7";"0";"2";"2";"2";"1";""
"202400033880";"155 722 099";"A01";"3";"2";"1";"0";"1";"25";"1";""
"202400033881";"155 722 097";"A01";"1";"50";"0";"2";"1";"16";"3";""
"202400033881";"155 722 100";"B01";"1";"7";"0";"2";"1";"1";"1";""
"202400033882";"155 722 094";"A01";"2";"7";"6";"1";"1";"20";"1";""
"202400033883";"155 722 092";"A01";"1";"2";"0";"2";"1";"2";"1";""
"202400033883";"155 722 096";"B01";"1";"7";"0";"2";"4";"16";"1";""
"202400033884";"155 722 091";"A01";"2";"33";"2";"0";"1";"2";"1";""
"202400033885";"155 722 090";"A01";"1";"7";"0";"2";"1";"13";"1";""
"202400033885";"155 722 093";"B01";"2";"7";"0";"2";"6";"1";"4";""
"202400033885";"155 722 095";"C01";"2";"10";"0";"2";"3";"1";"1";""
"202400033886";"155 722 089";"A01";"2";"7";"15";"0";"1";"0";"1";""
"202400033887";"155 722 088";"A01";"3";"7";"0";"1";"2";"15";"0";""
"202400033888";"155 722 086";"B01";"2";"30";"0";"2";"1";"1";"3";""
"202400033888";"155 722 087";"A01";"1";"7";"0";"2";"8";"19";"3";""
"202400033889";"155 722 085";"A01";"2";"7";"6";"0";"1";"1";"1";""
"202400033890";"155 722 083";"A01";"2";"33";"0";"2";"4";"26";"1";""
"202400033890";"155 722 084";"B01";"2";"30";"0";"0";"5";"13";"1";""
"202400033891";"155 722 081";"B01";"1";"13";"0";"2";"3";"0";"1";""
"202400033891";"155 722 082";"A01";"3";"33";"0";"2";"0";"0";"1";""
"202400033892";"155 722 080";"A01";"2";"7";"9";"2";"1";"13";"1";""
"202400033893";"155 722 079";"A01";"1";"7";"0";"1";"1";"21";"2";""
"202400033894";"155 722 077";"A01";"2";"2";"12";"2";"7";"1";"3";""
"202400033895";"155 722 076";"A01";"2";"7";"0";"2";"2";"16";"1";""
"202400033895";"155 722 078";"B01";"0";"1";"0";"2";"1";"18";"5";""
"202400033896";"155 722 073";"A01";"2";"34";"0";"2";"4";"23";"1";""
"202400033896";"155 722 075";"B01";"2";"7";"0";"2";"1";"2";"1";""
"202400033897";"155 722 072";"B01";"3";"7";"0";"2";"5";"1";" -1";""
"202400033897";"155 722 074";"A01";"1";"30";"0";"2";"1";"2";"1";""
"202400033898";"155 722 071";"A01";"2";"30";"0";"0";"0";"26";"3";""
"202400033899";"155 722 068";"B01";"0";"7";"0";"2";"3";"0";"1";""
"202400033899";"155 722 070";"A01";"0";"38";"0";"2";"2";"1";"1";"1"
"202400033900";"155 722 067";"A01";"1";"7";"0";"2";"5";"15";"1";""
"202400033900";"155 722 069";"B01";"2";"32";"0";"2";"1";"1";"1";""
"202400033901";"155 722 062";"A01";"3";"10";"0";"2";"1";"12";"1";""
"202400033901";"155 722 064";"B01";"3";"31";"0";"2";"6";"1";"3";""
"202400033901";"155 722 066";"C01";"3";"7";"0";"2";"6";"2";"1";""
"202400033902";"155 722 063";"A01";"1";"10";"0";"2";"3";"9";"1";""
"202400033902";"155 722 065";"B01";"1";"33";"0";"2";"2";"1";"1";""
"202400033903";"155 722 061";"A01";"2";"33";"0";"0";"9";"1";"1";""
"202400033904";"155 722 059";"A01";"1";"10";"12";"0";"1";"5";"0";""
"202400033904";"155 722 060";"B01";"2";"31";"12";"2";"1";"1";"0";""
"202400033905";"155 722 056";"A01";"1";"33";"0";"2";"3";"17";"1";""
"202400033905";"155 722 058";"B01";"2";"7";"0";"2";"3";"1";"1";""
"202400033906";"155 722 057";"A01";"1";"33";"1";"0";"7";"1";"1";""
"202400033907";"155 722 055";"A01";"2";"33";"0";"0";"0";"26";"1";""
"202400033908";"155 722 053";"A01";"1";"7";"0";"2";"1";"19";"2";""
"202400033908";"155 722 054";"B01";"2";"7";"0";"2";"8";"1";"1";""
"202400033909";"155 722 052";"A01";"1";"2";"0";"0";"3";"1";"1";""
"202400033910";"155 722 047";"A01";"2";"7";"0";"2";"1";"13";"1";""
"202400033910";"155 722 049";"B01";"1";"7";"0";"2";"3";"1";"1";""
"202400033911";"155 722 046";"B01";"1";"7";"0";"2";"8";"1";"1";""
"202400033911";"155 722 048";"A01";"2";"7";"0";"2";"3";"13";"1";""
"202400033911";"155 722 050";"C01";"1";"7";"0";"2";"3";"1";"1";""
"202400033911";"155 722 051";"D01";"2";"7";"0";"2";"1";"21";"1";""
"202400033912";"155 722 044";"A01";"1";"7";"4";"0";"1";"1";"1";""
"202400033913";"155 722 043";"A01";"2";"7";"0";"2";"2";"17";"1";""
"202400033913";"155 722 045";"B01";"2";"7";"0";"2";"8";"15";"1";""
"202400033914";"155 722 041";"A01";"2";"7";"0";"2";"4";"10";"1";""
"202400033914";"155 722 042";"B01";"2";"33";"0";"2";"1";"1";"1";""
"202400033915";"155 722 040";"A01";"1";"7";"0";"0";"2";"1";"1";""
"202400033916";"155 722 036";"A01";"2";"2";"0";"0";"0";"1";"1";""
"202400033917";"155 722 037";"B01";"2";"7";"0";"2";"4";"1";"1";""
"202400033917";"155 722 039";"A01";"2";"15";"0";"2";"1";"1";"1";""
"202400033918";"155 722 035";"A01";"1";"7";"0";"2";"0";"17";"1";""
"202400033918";"155 722 038";"B01";"2";"50";"0";"2";"2";"26";"3";""
"202400033919";"155 722 034";"A01";"1";"7";"0";"1";"1";"19";"1";""
"202400033920";"155 722 029";"A01";"1";"37";"0";"2";"1";"1";"1";"1"
"202400033920";"155 722 032";"B01";"1";"7";"0";"2";"9";"1";"1";""
"202400033920";"155 722 033";"C01";"1";"7";"0";"2";"4";"1";"1";""
"202400033921";"155 722 030";"A01";"3";"7";"0";"2";"1";"1";"1";""
"202400033921";"155 722 031";"B01";"3";"10";"0";"2";"3";"1";"1";""
"202400033922";"155 722 028";"A01";"1";"30";"0";"0";"3";"14";"1";""
"202400033923";"155 722 023";"A01";"2";"10";"0";"2";"1";"2";"1";""
"202400033923";"155 722 025";"B01";"2";"7";"0";"2";"4";"2";"1";""
"202400033923";"155 722 027";"C01";"2";"7";"0";"0";"4";"2";"1";""
"202400033924";"155 722 021";"A01";"2";"7";"0";"2";"1";"3";"1";""
"202400033924";"155 722 022";"C01";"2";"7";"0";"2";"4";"23";"1";""
"202400033924";"155 722 024";"D01";"2";"7";"0";"2";"4";"23";"1";""
"202400033924";"155 722 026";"B01";"2";"7";"0";"2";"4";"23";"1";""
"202400033925";"155 722 018";"A01";"2";"14";"0";"2";"2";"12";"1";""
"202400033925";"155 722 020";"B01";"2";"7";"0";"2";"8";"1";"1";""
"202400033926";"155 722 017";"A01";"3";"7";"0";"2";"2";"16";"1";""
"202400033926";"155 722 019";"B01";"3";"80";"0";"2";"1";"1";"3";""
"202400033927";"155 722 016";"A01";"1";"7";"0";"0";"9";"1";"1";""
"202400033928";"155 722 015";"A01";"1";"37";"0";"1";"1";"1";"0";"1"
"202400033929";"155 722 013";"B01";"1";"7";"4";"2";"6";"9";"1";""
"202400033929";"155 722 014";"A01";"1";"7";"4";"2";"3";"9";"1";""
"202400033930";"155 722 011";"A01";"1";"33";"0";"2";"1";"1";"1";""
"202400033930";"155 722 012";"B01";"1";"7";"0";"2";"3";"10";"1";""
"202400033931";"155 722 009";"A01";"2";"43";"0";"2";"2";"3";"1";""
"202400033931";"155 722 010";"B01";"2";"10";"0";"2";"6";"1";"1";""
"202400033932";"155 722 007";"A01";"1";"7";"0";"2";"5";"12";"1";""
"202400033932";"155 722 008";"B01";"1";"7";"0";"2";"1";"1";"1";""
"202400033933";"155 722 005";"A01";"1";"7";"0";"1";"2";"1";"1";""
"202400033934";"155 722 004";"B01";"2";"32";"0";"2";"1";"26";"1";""
"202400033934";"155 722 006";"A01";"2";"7";"0";"2";"8";"11";"1";""
"202400033935";"155 722 003";"A01";"0";"1";"5";"0";"1";"14";"5";""
"202400033936";"155 722 000";"A01";"1";"15";"0";"2";"1";"2";"1";""
"202400033936";"155 722 001";"B01";"1";"15";"0";"2";"4";"2";"1";""
"202400033936";"155 722 002";"C01";"1";"7";"0";"2";"4";"2";"2";""
"202400033937";"155 721 999";"A01";"2";"30";"1";"0";"1";"14";"1";""
"202400033938";"155 721 996";"Z01";"1";"7";"0";"2";"1";"26";"0";""
"202400033938";"155 721 998";"B01";"1";"1";"0";"2";"0";"0";"5";""
"202400033939";"155 721 995";"A01";"2";"7";"0";"2";"1";"1";"1";""
"202400033939";"155 721 997";"B01";"2";"14";"0";"2";"4";"1";"1";""
"202400033940";"155 721 994";"A01";"1";"7";"0";"1";"1";"1";"1";""
"202400033941";"155 721 992";"A01";"2";"1";"0";"1";"1";"1";"5";""
"202400033942";"155 721 989";"D01";"1";"7";"0";"2";"4";"2";"1";""
"202400033942";"155 721 990";"B01";"1";"7";"0";"2";"4";"2";"1";""
"202400033942";"155 721 991";"A01";"1";"7";"0";"2";"1";"2";"1";""
"202400033942";"155 721 993";"C01";"1";"10";"0";"2";"4";"2";"1";""
"202400033943";"155 721 987";"A01";"2";"7";"0";"1";"3";"1";"1";""
"202400033943";"155 721 988";"B01";"1";"7";"0";"0";"8";"23";"1";""
"202400033944";"155 721 986";"A01";"1";"10";"13";"9";"2";"21";"1";""
"202400033945";"155 721 983";"A01";"2";"7";"0";"2";"3";"15";"1";""
"202400033945";"155 721 985";"B01";"1";"7";"0";"2";"2";"1";"1";""
"202400033946";"155 721 981";"A01";"3";"7";"0";"2";"8";"1";"1";""
"202400033946";"155 721 982";"B01";"3";"38";"0";"2";"0";"0";"1";"1"
"202400033947";"155 721 980";"A01";"2";"7";"3";"0";"3";"13";"1";""
"202400033948";"155 721 978";"A01";"1";"34";"0";"2";"0";"21";"1";""
"202400033948";"155 721 979";"B01";"2";"2";"0";"2";"1";"19";"1";""
"202400033949";"155 721 976";"B01";"3";"30";"0";"2";"1";"1";"1";""
"202400033949";"155 721 977";"A01";"3";"7";"0";"2";"1";"15";"1";""
"202400033950";"155 721 974";"A01";"1";"33";"0";"2";"3";"1";"1";""
"202400033950";"155 721 975";"B01";"1";"7";"0";"2";"2";"12";"1";""
"202400033951";"155 721 972";"B01";"1";"1";"0";"2";"1";"1";"5";""
"202400033951";"155 721 973";"A01";"1";"7";"0";"9";"7";"16";"1";""
"202400033952";"155 721 969";"A01";"3";"7";"0";"2";"3";"13";"1";""
"202400033952";"155 721 970";"B01";"3";"7";"0";"2";"3";"1";"4";""
"202400033953";"155 721 968";"A01";"2";"30";"1";"0";"1";"0";"1";""
"202400033953";"155 721 971";"B01";"2";"7";"0";"0";"4";"23";"1";""
"202400033954";"155 721 966";"A01";"2";"7";"0";"2";"3";"10";"1";""
"202400033954";"155 721 967";"B01";"2";"32";"0";"2";"1";"1";"1";""
"202400033955";"155 721 965";"A01";"1";"30";"0";"0";"0";"0";"1";""
"202400033956";"155 721 964";"A01";"2";"7";"0";"1";"7";"1";"3";""
"202400033957";"155 721 961";"B01";"3";"7";"0";"2";"0";"0";"1";""
"202400033958";"155 721 962";"B01";"2";"7";"0";"2";"3";"1";"2";""
"202400033958";"155 721 963";"A01";"1";"50";"0";"2";"1";"1";"3";""
"202400033959";"155 721 959";"A01";"1";"7";"0";"1";"1";"1";"1";""
"202400033960";"155 721 958";"B01";"2";"33";"0";"2";"7";"3";"1";""
"202400033960";"155 721 960";"A01";"1";"7";"0";"2";"1";"15";"2";""
"202400033961";"155 721 955";"A01";"0";"7";"0";"2";"8";"13";"1";""
"202400033961";"155 721 956";"B01";"0";"7";"0";"2";"7";"1";"1";""
"202400033962";"155 721 953";"B01";"3";"7";"0";"2";"1";"9";"1";""
"202400033962";"155 721 954";"A01";"1";"33";"0";"2";"1";"1";"1";""
"202400033962";"155 721 957";"C01";"2";"1";"0";"2";"1";"1";"0";""
"202400033963";"155 721 951";"A01";"0";"30";"0";"2";"1";"26";"1";""
"202400033963";"155 721 952";"B01";"0";"1";"0";"2";"1";"1";"5";""
"202400033964";"155 721 950";"A01";"1";"7";"0";"1";"4";"20";"2";""
"202400033965";"155 721 947";"A01";"1";"7";"0";"1";"1";"2";"1";""
"202400033966";"155 721 948";"A01";"2";"7";"0";"2";"4";"1";"1";""
"202400033966";"155 721 949";"B01";"1";"1";"0";"2";"4";"2";"5";""
"202400033967";"155 721 944";"B01";"1";"7";"0";"2";"3";"1";"1";""
"202400033967";"155 721 945";"A01";"2";"7";"0";"2";"2";"15";"2";""
"202400033968";"155 721 942";"C01";"2";"7";"0";"2";"4";"2";"1";""
"202400033968";"155 721 943";"B01";"2";"7";"0";"2";"4";"2";"1";""
"202400033968";"155 721 946";"A01";"2";"38";"0";"2";"1";"2";"1";"1"
"202400033969";"155 721 938";"A01";"2";"7";"0";"2";"1";"2";"1";""
"202400033969";"155 721 940";"B01";"1";"7";"0";"2";"4";"2";"1";""
"202400033970";"155 721 939";"B01";"1";"7";"0";"2";"4";"9";"1";""
"202400033970";"155 721 941";"A01";"1";"1";"0";"2";"1";"1";"5";""
"202400033971";"155 721 936";"A01";"2";"33";"0";"2";"3";"3";"1";""
"202400033971";"155 721 937";"B01";"2";"7";"0";"2";"5";"2";"1";""
"202400033972";"155 721 935";"A01";"1";"7";"4";"0";"9";"13";"1";""
"202400033973";"155 721 933";"A01";"2";"7";"0";"2";"3";"15";"1";""
"202400033973";"155 721 934";"B01";"2";"1";"0";"2";"7";"1";"5";""
"202400033974";"155 721 932";"A01";"2";"7";"0";"2";"7";"21";"1";""
"202400033975";"155 721 931";"A01";"2";"1";"0";"1";"1";"1";"5";""
"202400033976";"155 721 929";"A01";"2";"33";"0";"2";"1";"0";"1";""
"202400033976";"155 721 930";"B01";"2";"7";"0";"2";"6";"0";"1";""
"202400033977";"155 721 927";"A01";"3";"30";"14";"0";"0";"1";"1";""
"202400033978";"155 721 926";"A01";"1";"30";"0";"2";"5";"26";"1";""
"202400033978";"155 721 928";"B01";"1";"14";"0";"2";"5";"23";"1";""
"202400033979";"155 721 925";"A01";"3";"7";"2";"0";"1";"14";"1";""
"202400033980";"155 721 923";"A01";"2";"7";"6";"0";"1";"1";"3";""
"202400033981";"155 721 922";"B01";"1";"1";"1";"0";"1";"1";"5";""
"202400033981";"155 721 924";"A01";"1";"7";"0";"9";"3";"22";"1";""
"202400033982";"155 721 920";"A01";"2";"7";"0";"2";"7";"2";"1";""
"202400033982";"155 721 921";"Y01";"1";"1";"0";"2";"0";"0";"5";""
"202400033983";"155 721 918";"B01";"1";"7";"0";"2";"4";"23";"1";""
"202400033983";"155 721 919";"A01";"1";"7";"0";"2";"1";"1";"1";""
"202400033984";"155 721 917";"A01";"3";"7";"0";"1";"1";"15";"0";""
"202400033985";"155 721 916";"A01";"2";"1";"0";"1";"1";"1";"5";""
"202400033986";"155 721 914";"A01";"1";"7";"0";"2";"1";"1";"1";""
"202400033986";"155 721 915";"B01";"1";"50";"0";"2";"7";"19";"3";""
"202400033987";"155 721 913";"A01";"1";"80";"12";"0";"8";"1";"3";""
"202400033988";"155 721 911";"A01";"1";"7";"0";"2";"2";"19";"3";""
"202400033988";"155 721 912";"B01";"2";"7";"0";"2";"0";"1";"1";""
"202400033989";"155 721 910";"A01";"2";"7";"0";"1";"2";"1";"3";""
"202400033990";"155 721 908";"A01";"0";"7";"0";"1";"0";"0";" -1";""
"202400033991";"155 721 907";"A01";"0";"7";"0";"2";"2";"2";"1";""
"202400033991";"155 721 909";"B01";"1";"1";"0";"2";"2";"0";"5";""
"202400033992";"155 721 905";"A01";"1";"7";"8";"0";"1";"2";"1";""
"202400033993";"155 721 904";"B01";"2";"7";"0";"2";"7";"15";"1";""
"202400033993";"155 721 906";"A01";"1";"33";"0";"2";"1";"1";"1";""
"202400033994";"155 721 903";"A01";"1";"1";"16";"0";"0";"0";"5";""
"202400033995";"155 721 902";"A01";"2";"7";"0";"1";"2";"17";"1";""
"202400033996";"155 721 900";"A01";"1";"7";"0";"2";"2";"16";"1";""
"202400033996";"155 721 901";"B01";"1";"50";"0";"2";"1";"1";"3";""