"Num_Acc";"id_vehicule";"num_veh";"senc";"catv";"obs";"obsm";"choc";"manv";"motor";"occutc"
"202400034188";"155 721 549";"A01";"2";"80";"1";"0";"0";"1";"3";""
"202400034189";"155 721 548";"A01";"1";"7";"9";"0";"2";"1";"1";""
"202400034190";"155 721 545";"A01";"1";"2";"12";"0";"0";"1";"1";""
"202400034191";"155 721 546";"A01";"1";"7";"0";"2";"0";"0";"0";""
"202400034191";"155 721 547";"B01";"0";"99";"0";"2";"0";"19";"0";""
"202400034192";"155 721 544";"A01";"1";"43";"11";"0";"1";"17";"1";""
"202400034193";"155 721 542";"B01";"3";"7";"0";"2";"1";"1";"1";""
"202400034193";"155 721 543";"A01";"3";"60";"0";"2";"1";"13";"5";""
"202400034194";"155 721 539";"B01";"2";"37";"0";"2";"6";"1";"0";"1"
"202400034194";"155 721 541";"A01";"2";"33";"3";"2";"1";"17";"1";""
"202400034195";"155 721 538";"A01";"1";"33";"0";"2";"1";"1";"1";""
"202400034195";"155 721 540";"B01";"2";"7";"0";"2";"2";"10";"1";""
"202400034196";"155 721 537";"A01";"1";"7";"0";"1";"4";"25";"1";""
"202400034197";"155 721 535";"A01";"1";"50";"0";"2";"1";"19";"3";""
"202400034197";"155 721 536";"B01";"1";"7";"0";"2";"3";"0";"1";""
"202400034198";"155 721 534";"A01";"3";"7";"0";"1";"1";"1";"1";""
"202400034199";"155 721 530";"B01";"2";"7";"0";"2";"1";"1";"1";""
"202400034199";"155 721 532";"A01";"1";"33";"0";"2";"2";"1";"1";""
"202400034200";"155 721 531";"A01";"1";"50";"0";"4";"1";"1";"3";""
"202400034200";"155 721 533";"B01";"2";"40";"0";"2";"3";"26";"3";""
"202400034201";"155 721 529";"A01";"3";"7";"16";"0";" -1";"1";"1";""
"202400034202";"155 721 527";"A01";"2";"7";"0";"2";"1";"13";"1";""
"202400034202";"155 721 528";"B01";"1";"7";"12";"2";"0";"0";"1";""
"202400034203";"155 721 525";"A01";"2";"7";"0";"2";"3";"15";"1";""
"202400034203";"155 721 526";"B01";"1";"13";"0";"2";"2";"1";"1";""
"202400034204";"155 721 521";"A01";"3";"7";"0";"0";"2";"1";"1";""
"202400034204";"155 721 523";"B01";"3";"7";"0";"0";"3";"1";"1";""
"202400034205";"155 721 522";"B01";"1";"2";"0";"2";"0";"0";"0";""
"202400034205";"155 721 524";"A01";"2";"7";"0";"2";"1";"0";"0";""
"202400034206";"155 721 518";"A01";"0";"2";"5";"2";"1";"2";"1";""
"202400034206";"155 721 520";"B01";"0";"1";"0";"0";"4";"1";"5";""
"202400034207";"155 721 516";"A01";"3";"7";"6";"0";"7";"0";"1";""
"202400034208";"155 721 517";"B01";"1";"7";"0";"2";"1";"1";"1";""
"202400034208";"155 721 519";"A01";"1";"1";"0";"2";"7";"1";"5";""
"202400034209";"155 721 515";"A01";"3";"2";"0";"0";"2";"1";"1";""
"202400034210";"155 721 512";"A01";"2";"7";"0";"2";"2";"2";"1";""
"202400034210";"155 721 514";"B01";"2";"30";"0";"2";"4";"2";"1";""
"202400034211";"155 721 510";"A01";"1";"2";"0";"2";"1";"2";"1";""
"202400034211";"155 721 511";"B01";"1";"2";"14";"0";"4";"2";"1";""
"202400034211";"155 721 513";"C01";"1";"7";"0";"0";"4";"23";"1";""
"202400034212";"155 721 509";"A01";"2";"7";"2";"0";"1";"14";"1";""
"202400034213";"155 721 507";"B01";"3";"1";"0";"2";"4";"0";"5";""
"202400034213";"155 721 508";"A01";"3";"7";"0";"9";"1";"26";"1";""
"202400034214";"155 721 505";"A01";"2";"7";"0";"2";"1";"15";"1";""
"202400034214";"155 721 506";"B01";"1";"50";"0";"2";"8";"1";"3";""
"202400034215";"155 721 503";"A01";"2";"7";"13";"2";"1";"1";"1";""
"202400034215";"155 721 504";"B01";"1";"7";"0";"2";"1";"0";"1";""
"202400034216";"155 721 499";"B01";"1";"15";"0";"2";"3";"0";"1";""
"202400034216";"155 721 501";"A01";"2";"7";"0";"2";"1";"5";"1";""
"202400034217";"155 721 495";"C01";"1";"7";"0";"0";"5";"1";"1";""
"202400034217";"155 721 496";"A01";"1";"7";"0";"2";"1";"1";"1";""
"202400034217";"155 721 498";"B01";"1";"13";"0";"0";"2";"1";"1";""
"202400034218";"155 721 494";"B01";"2";"2";"0";"2";"7";"1";"1";""
"202400034218";"155 721 497";"A01";"1";"7";"0";"2";"3";"9";"1";""
"202400034219";"155 721 492";"A01";"3";"2";"0";"2";"3";"1";"1";""
"202400034219";"155 721 493";"B01";"3";"7";"0";"2";"2";"1";"1";""
"202400034220";"155 721 490";"A01";"2";"7";"7";"0";"1";"1";"1";""
"202400034221";"155 721 486";"A01";"1";"7";"3";"0";"2";"1";"1";""
"202400034221";"155 721 488";"B01";"2";"10";"0";"0";"4";"23";"1";""
"202400034221";"155 721 489";"C01";"2";"10";"1";"0";"1";"2";"1";""
"202400034222";"155 721 487";"A01";"1";"7";"0";"2";"8";"21";"1";""
"202400034222";"155 721 491";"B01";"3";"17";"0";"2";"3";"23";"1";""
"202400034223";"155 721 483";"A01";"1";"10";"0";"2";"3";"13";"1";""
"202400034223";"155 721 485";"B01";"2";"34";"0";"2";"1";"13";"1";""
"202400034224";"155 721 480";"A01";"1";"7";"0";"2";"8";"1";"1";""
"202400034224";"155 721 482";"B01";"2";"33";"0";"2";"8";"13";"1";""
"202400034225";"155 721 481";"A01";"3";"7";"8";"2";"3";"1";"2";""
"202400034225";"155 721 484";"B01";"3";"7";"0";"2";"1";"1";"2";""
"202400034226";"155 721 478";"A01";"3";"7";"0";"1";"3";"1";"1";""
"202400034227";"155 721 477";"A01";"2";"7";"0";"2";"1";"13";"1";""
"202400034227";"155 721 479";"B01";"1";"7";"0";"2";"1";"1";"1";""
"202400034228";"155 721 476";"A01";"2";"7";"0";"1";"2";"14";"3";""
"202400034229";"155 721 474";"A01";"1";"7";"0";"2";"1";"17";"1";""
"202400034229";"155 721 475";"B01";"1";"7";"0";"2";"3";"9";"2";""
"202400034230";"155 721 472";"A01";"1";"33";"0";"0";"8";"2";"1";""
"202400034231";"155 721 473";"A01";"1";"33";"12";"0";"8";"1";"1";""
"202400034232";"155 721 469";"A01";"2";"34";"0";"2";"1";"2";"1";""
"202400034232";"155 721 471";"B01";"2";"3";"0";"9";"6";"1";"1";""
"202400034233";"155 721 468";"B01";"2";"7";"0";"2";"4";"1";"1";""
"202400034233";"155 721 470";"A01";"2";"14";"0";"2";"1";"2";"1";""
"202400034234";"155 721 465";"A01";"3";"7";"0";"1";"1";"1";"1";""
"202400034235";"155 721 462";"B01";"2";"7";"0";"2";"4";"2";"1";""
"202400034235";"155 721 463";"C01";"2";"7";"0";"2";"4";"2";"1";""
"202400034235";"155 721 464";"D01";"2";"7";"0";"2";"4";"2";"1";""
"202400034235";"155 721 466";"E01";"2";"7";"0";"2";"1";"2";"1";""
"202400034235";"155 721 467";"A01";"2";"7";"0";"0";"4";"1";"1";""
"202400034236";"155 721 461";"A01";"2";"7";"0";"1";"1";"15";"1";""
"202400034237";"155 721 459";"A01";"2";"33";"0";"2";"1";"1";"1";""
"202400034237";"155 721 460";"B01";"2";"7";"0";"2";"7";"15";"1";""
"202400034238";"155 721 457";"A01";"2";"7";"2";"0";"9";"14";"1";""
"202400034239";"155 721 455";"A01";"1";"1";"0";"0";"0";"0";"5";""
"202400034240";"155 721 456";"A01";"1";"7";"0";"2";"5";"15";"1";""
"202400034240";"155 721 458";"B01";"2";"2";"0";"2";"1";"1";"3";""
"202400034241";"155 721 454";"A01";"1";"7";"16";"0";"0";"0";"1";""
"202400034242";"155 721 452";"A01";"3";"10";"0";"2";"6";"9";"1";""
"202400034242";"155 721 453";"B01";"3";"50";"0";"2";"2";"1";"3";""
"202400034243";"155 721 450";"B01";"2";"7";"0";"2";"1";"1";"1";""
"202400034243";"155 721 451";"A01";"1";"3";"0";"2";"2";"13";"1";""
"202400034244";"155 721 446";"B01";"2";"33";"0";"2";"1";"2";"1";""
"202400034244";"155 721 447";"A01";"2";"10";"0";"2";"4";"23";"1";""
"202400034245";"155 721 448";"A01";"1";"50";"0";"2";"7";"15";"3";""
"202400034245";"155 721 449";"B01";"2";"7";"0";"2";"2";"1";"1";""
"202400034246";"155 721 445";"A01";"1";"7";"0";"0";"1";"1";"1";""
"202400034247";"155 721 442";"A01";"2";"7";"13";"0";"3";"1";"1";""
"202400034248";"155 721 443";"A01";"3";"10";"0";"2";"3";"13";"1";""
"202400034248";"155 721 444";"B01";"3";"13";"0";"2";"3";"1";"1";""
"202400034249";"155 721 439";"B01";"2";"7";"0";"2";"3";"1";"1";""
"202400034249";"155 721 441";"A01";"1";"7";"0";"2";"3";"17";"1";""
"202400034250";"155 721 438";"B01";"2";"7";"0";"2";"3";"1";"1";""
"202400034250";"155 721 440";"A01";"2";"2";"0";"2";"1";"17";"1";""
"202400034251";"155 721 436";"A01";"3";"10";"0";"9";"2";"0";"0";""
"202400034251";"155 721 437";"B01";"3";"1";"13";"0";"0";"2";"5";""
"202400034252";"155 721 434";"A01";"1";"33";"7";"2";"3";"13";"1";""
"202400034252";"155 721 435";"B01";"1";"7";"0";"2";"2";"1";"1";""
"202400034253";"155 721 432";"A01";"2";"7";"0";"9";"3";"1";"1";""
"202400034253";"155 721 433";"B01";"1";"1";"0";"2";"3";"13";"5";""
"202400034254";"155 721 431";"A01";"3";"7";"0";"1";"1";"0";"1";""
"202400034255";"155 721 429";"A01";"1";"7";"0";"2";"4";"26";"1";""
"202400034255";"155 721 430";"B01";"1";"43";"0";"2";"1";"2";"1";""
"202400034256";"155 721 425";"B01";"2";"7";"0";"2";"5";"1";"1";""
"202400034256";"155 721 427";"A01";"2";"33";"0";"2";"3";"3";"1";""
"202400034257";"155 721 423";"A01";"2";"31";"0";"0";"7";"1";"1";""
"202400034258";"155 721 422";"A01";"0";"7";"0";"1";"7";"1";"1";""
"202400034259";"155 721 420";"A01";"2";"7";"0";"2";"1";"1";"1";""
"202400034259";"155 721 421";"B01";"2";"14";"0";"2";"0";"0";"1";""
"202400034260";"155 721 416";"A01";"1";"33";"0";"2";"1";"1";"1";""
"202400034260";"155 721 418";"B01";"1";"7";"0";"2";"4";"1";"1";""
"202400034261";"155 721 417";"A01";"1";"10";"0";"2";"2";"1";"2";""
"202400034261";"155 721 419";"B01";"1";"10";"0";"2";"1";"26";"0";""
"202400034262";"155 721 413";"B01";"2";"7";"8";"2";"4";"2";"1";""
"202400034262";"155 721 415";"A01";"2";"7";"0";"2";"1";"2";"1";""
"202400034263";"155 721 410";"B01";"1";"7";"0";"2";"4";"2";"2";""
"202400034263";"155 721 411";"C01";"1";"7";"0";"2";"4";"2";"1";""
"202400034263";"155 721 412";"D01";"1";"7";"0";"2";"4";"2";"1";""
"202400034263";"155 721 414";"A01";"1";"7";"0";"2";"1";"21";"1";""
"202400034264";"155 721 409";"A01";"1";"7";"0";"1";"1";"1";"1";""
"202400034265";"155 721 407";"A01";"2";"7";"0";"2";"2";"11";"1";""
"202400034265";"155 721 408";"B01";"2";"33";"0";"2";"7";"3";"1";""
"202400034266";"155 721 405";"B01";"1";"7";"0";"2";"3";"11";"1";""
"202400034266";"155 721 406";"A01";"1";"32";"0";"2";"7";"17";"1";""
"202400034267";"155 721 404";"A01";"2";"7";"0";"2";"8";"1";"1";""
"202400034268";"155 721 402";"B01";"1";"7";"0";"2";"4";"0";"1";""
"202400034268";"155 721 403";"A01";"1";"43";"0";"2";"1";"0";"1";""
"202400034269";"155 721 398";"A01";"3";"7";"8";"2";"3";"1";"1";""
"202400034269";"155 721 400";"B01";"3";"7";"0";"2";"3";"15";"1";""
"202400034269";"155 721 401";"C01";"3";"1";"9";"0";"0";"0";"5";""
"202400034270";"155 721 397";"B01";"1";"10";"0";"2";"4";"2";"1";""
"202400034270";"155 721 399";"A01";"1";"7";"0";"2";"1";"2";"1";""
"202400034271";"155 721 395";"A01";"1";"33";"0";"2";"1";"2";"1";""
"202400034271";"155 721 396";"B01";"1";"7";"0";"2";"6";"1";"2";""
"202400034272";"155 721 392";"B01";"2";"33";"0";"2";"8";"1";"1";""
"202400034272";"155 721 394";"A01";"1";"7";"0";"2";"1";"15";"1";""
"202400034273";"155 721 390";"A01";"1";"33";"0";"2";"1";"1";"1";""
"202400034273";"155 721 391";"B01";"1";"33";"0";"2";"4";"1";"1";""
"202400034273";"155 721 393";"C01";"1";"15";"0";"2";"6";"1";"1";""
"202400034274";"155 721 387";"A01";"2";"10";"0";"2";"6";"1";"1";""
"202400034274";"155 721 389";"B01";"2";"33";"0";"2";"1";"2";"1";""
"202400034275";"155 721 386";"B01";"1";"7";"0";"2";"6";"15";"1";""
"202400034275";"155 721 388";"A01";"1";"33";"0";"2";"6";"17";"1";""
"202400034276";"155 721 383";"A01";"1";"10";"0";"2";"4";"1";"1";""
"202400034276";"155 721 384";"B01";"1";"43";"0";"2";"6";"3";"1";""
"202400034276";"155 721 385";"C01";"1";"10";"0";"2";"3";"14";"1";""
"202400034277";"155 721 382";"A01";"3";"30";"0";"1";"1";"1";"1";""
"202400034278";"155 721 379";"A01";"2";"33";"0";"2";"7";"3";"1";""
"202400034278";"155 721 380";"B01";"2";"7";"0";"2";"6";"2";"3";""
"202400034279";"155 721 378";"B01";"1";"33";"0";"2";"1";"1";"1";""
"202400034279";"155 721 381";"A01";"1";"7";"0";"2";"2";"19";"1";""
"202400034280";"155 721 376";"A01";"2";"33";"0";"0";"8";"15";"1";""
"202400034281";"155 721 375";"B01";"3";"37";"0";"2";"3";"1";"1";"1"
"202400034281";"155 721 377";"A01";"3";"7";"0";"2";"1";"13";"1";""
"202400034282";"155 721 374";"A01";"1";"7";"0";"1";"1";"2";"1";""
"202400034283";"155 721 372";"A01";"0";"7";"0";"2";"1";"1";"3";""
"202400034283";"155 721 373";"B01";"0";"50";"0";"0";"0";"0";"3";""
"202400034284";"155 721 369";"A01";"3";"7";"0";"2";"3";"1";"1";""
"202400034284";"155 721 371";"B01";"3";"7";"0";"2";"3";"14";"1";""
"202400034285";"155 721 367";"A01";"3";"7";"0";"1";"2";"1";"1";""
"202400034286";"155 721 366";"B01";"0";"30";"0";"2";"4";"1";"1";""
"202400034286";"155 721 368";"A01";"0";"7";"0";"9";"1";"1";"1";""
"202400034287";"155 721 362";"A01";"3";"50";"0";"2";"8";"19";"3";""
"202400034287";"155 721 364";"B01";"0";"7";"0";"2";"0";"2";"1";""
"202400034288";"155 721 361";"B01";"1";"7";"0";"2";"4";"23";"1";""
"202400034288";"155 721 363";"C01";"1";"7";"0";"2";"4";"23";"1";""
"202400034288";"155 721 365";"A01";"1";"7";"0";"2";"1";"2";"2";""
"202400034289";"155 721 357";"A01";"1";"7";"0";"2";"3";"13";"1";""
"202400034289";"155 721 359";"B01";"2";"7";"0";"2";"3";"1";"1";""
"202400034290";"155 721 353";"A01";"1";"33";"0";"2";"1";"1";"1";""
"202400034290";"155 721 355";"B01";"1";"7";"0";"0";"4";"15";"1";""
"202400034291";"155 721 354";"B01";"1";"50";"0";"2";"1";"1";"3";""
"202400034291";"155 721 356";"A01";"2";"7";"0";"9";"2";"16";"1";""
"202400034292";"155 721 352";"A01";"1";"50";"1";"0";"1";"1";"3";""
"202400034293";"155 721 351";"A01";"1";"31";"13";"0";"3";"1";"1";""
"202400034294";"155 721 350";"A01";"2";"7";"0";"2";"2";"1";"1";""
"202400034295";"155 721 348";"A01";"2";"7";"0";"2";"2";"11";"1";""
"202400034295";"155 721 349";"B01";"2";"7";"0";"2";"4";"1";"1";""
"202400034296";"155 721 346";"A01";"2";"7";"0";"2";"3";"15";"1";""
"202400034296";"155 721 347";"B01";"1";"32";"0";"2";"2";"17";"1";""
"202400034297";"155 721 345";"A01";"1";"7";"0";"1";"1";"2";"2";""
"202400034298";"155 721 344";"A01";"1";"50";"0";"1";"1";"25";"3";""
"202400034299";"155 721 340";"B01";"3";"1";"0";"2";"3";"19";"5";""
"202400034299";"155 721 342";"C01";"1";"1";"0";"2";"0";"0";"5";""
"202400034299";"155 721 343";"A01";"1";"7";"0";"2";"1";"1";"0";""
"202400034300";"155 721 339";"B01";"3";"7";"0";"2";"2";"1";"1";""
"202400034300";"155 721 341";"A01";"3";"7";"0";"2";"3";"19";"1";""
"202400034301";"155 721 337";"A01";"2";"7";"0";"1";"1";"1";"1";""
"202400034302";"155 721 334";"A01";"3";"7";"0";"2";"1";"9";"1";""
"202400034302";"155 721 335";"B01";"3";"10";"0";"2";"7";"9";"1";""
"202400034303";"155 721 336";"B01";"1";"7";"0";"2";"1";"15";"1";""
"202400034303";"155 721 338";"A01";"1";"7";"0";"2";"6";"15";"2";""
"202400034304";"155 721 332";"A01";"2";"34";"0";"2";"1";"12";"1";""
"202400034304";"155 721 333";"B01";"2";"10";"0";"2";"5";"1";"1";""
"202400034305";"155 721 330";"A01";"1";"37";"1";"2";"7";"17";"1";"2"
"202400034305";"155 721 331";"B01";"1";"37";"0";"2";"6";"23";"1";"1"
"202400034306";"155 721 329";"A01";"1";"10";"0";"1";"4";"20";"1";""
"202400034307";"155 721 326";"A01";"2";"1";"0";"2";"3";"15";"5";""
"202400034307";"155 721 327";"B01";"1";"80";"0";"2";"1";"1";"3";""
"202400034308";"155 721 324";"A01";"2";"1";"0";"2";"8";"13";"5";""
"202400034308";"155 721 325";"B01";"1";"30";"0";"2";"8";"1";"3";""
"202400034309";"155 721 323";"A01";"2";"31";"0";"2";"1";"17";"1";""
"202400034309";"155 721 328";"B01";"2";"7";"0";"2";"8";"15";"1";""
"202400034310";"155 721 321";"B01";"2";"1";"0";"2";"6";"2";"5";""
"202400034310";"155 721 322";"Z01";"2";"7";"0";"2";"2";"2";"0";""
"202400034311";"155 721 318";"A01";"2";"10";"0";"2";"1";"19";"1";""
"202400034311";"155 721 319";"B01";"2";"33";"0";"2";"7";"1";"1";""
"202400034312";"155 721 315";"A01";"2";"7";"0";"2";"3";"16";"1";""
"202400034312";"155 721 317";"B01";"2";"50";"0";"2";"1";"25";"3";""
"202400034313";"155 721 313";"A01";"2";"33";"1";"1";"1";"1";"1";""
"202400034314";"155 721 314";"A01";"3";"10";"0";"2";"2";"15";"1";""
"202400034314";"155 721 316";"B01";"3";"33";"0";"2";"7";"1";"1";""
"202400034315";"155 721 312";"A01";"2";"33";"4";"0";"2";"1";"1";""
"202400034316";"155 721 310";"A01";"1";"7";"0";"2";"3";"1";"2";""
"202400034316";"155 721 311";"B01";"2";"1";"0";"2";"1";"1";"5";""
"202400034317";"155 721 308";"B01";"0";"7";"0";"2";"1";"13";"0";""
"202400034317";"155 721 309";"Z01";"0";"0";"0";"2";"0";"26";"0";""
"202400034318";"155 721 306";"A01";"2";"7";"0";"2";"2";"19";"1";""
"202400034318";"155 721 307";"B01";"3";"7";"0";"2";"1";"15";"1";""
"202400034319";"155 721 305";"A01";"3";"7";"1";"1";"3";"15";"1";""
"202400034320";"155 721 303";"A01";"1";"7";"0";"2";"2";"1";"2";""
"202400034320";"155 721 304";"B01";"1";"50";"8";"0";"3";"13";"3";""
"202400034321";"155 721 301";"B01";"0";"50";"0";"2";"1";"1";"3";""
"202400034321";"155 721 302";"A01";"3";"7";"0";"2";"2";"20";"1";""
"202400034322";"155 721 300";"A01";"0";"7";"2";"0";"1";"2";"2";""
"202400034323";"155 721 299";"A01";"3";"14";"0";"1";"2";"15";"1";""
"202400034324";"155 721 297";"B01";"1";"14";"0";"0";"7";"0";"0";""
"202400034324";"155 721 298";"A01";"3";"7";"0";"0";"8";"0";"0";""
"202400034325";"155 721 295";"B01";"0";"7";"0";"2";"3";"15";"0";""
"202400034325";"155 721 296";"A01";"0";"43";"0";"2";"3";"1";"1";""
"202400034326";"155 721 294";"A01";"3";"7";"0";"1";"3";"1";"1";""
"202400034327";"155 721 293";"A01";"1";"10";"0";"1";"1";"0";"3";""
"202400034328";"155 721 289";"A01";"1";"7";"0";"2";"1";"1";"1";""
"202400034328";"155 721 290";"B01";"1";"7";"0";"2";"4";"23";"1";""
"202400034328";"155 721 291";"C01";"1";"7";"0";"2";"4";"23";"1";""
"202400034328";"155 721 292";"D01";"1";"7";"0";"2";"4";"23";"1";""
"202400034329";"155 721 287";"B01";"1";"7";"0";"2";"2";"0";"1";""
"202400034329";"155 721 288";"A01";"2";"7";"8";"2";"0";"1";"1";""
"202400034330";"155 721 286";"A01";"0";"60";"14";"0";"1";"25";"5";""
"202400034331";"155 721 284";"B01";"2";"7";"0";"2";"1";"2";"1";""
"202400034331";"155 721 285";"A01";"2";"7";"0";"2";"4";"2";"3";""
"202400034332";"155 721 282";"B01";"1";"7";"0";"2";"7";"16";"1";""
"202400034332";"155 721 283";"A01";"1";"32";"0";"2";"1";"1";"1";""
"202400034333";"155 721 281";"A01";"3";"7";"0";"1";"3";"1";"2";""
"202400034334";"155 721 279";"B01";"0";"34";"0";"2";"8";"1";"1";""
"202400034334";"155 721 280";"A01";"3";"7";"0";"2";"2";"23";"1";""
"202400034335";"155 721 277";"B01";"2";"7";"0";"2";"4";"1";"2";""
"202400034335";"155 721 278";"A01";"2";"30";"0";"2";"1";"1";"3";""
"202400034336";"155 721 276";"A01";"3";"33";"0";"1";"8";"0";"1";""
"202400034337";"155 721 274";"A01";"2";"7";"0";"0";"8";"10";"1";""
"202400034337";"155 721 275";"B01";"2";"7";"0";"2";"2";"21";"1";""
"202400034338";"155 721 273";"A01";"3";"2";"1";"0";"1";"17";"1";""
"202400034339";"155 721 272";"A01";"3";"2";"13";"0";"7";"2";"1";""
"202400034340";"155 721 270";"A01";"1";"7";"0";"2";"3";"1";"1";""
"202400034340";"155 721 271";"B01";"3";"1";"0";"2";"8";"19";"5";""
"202400034341";"155 721 269";"A01";"2";"33";"0";"6";"8";"1";"1";""
"202400034342";"155 721 268";"A01";"3";"7";"13";"0";"1";"1";"1";""
"202400034343";"155 721 266";"A01";"1";"7";"0";"2";"2";"15";"1";""
"202400034343";"155 721 267";"B01";"2";"2";"0";"2";"1";"1";"1";""
"202400034344";"155 721 265";"A01";"2";"14";"0";"0";"0";"1";"1";""
"202400034345";"155 721 263";"A01";"2";"7";"0";"2";"7";"15";"1";""
"202400034345";"155 721 264";"B01";"1";"33";"0";"2";"1";"1";"1";""
"202400034346";"155 721 262";"A01";"2";"2";"6";"0";"1";"1";"1";""
"202400034347";"155 721 261";"A01";"1";"7";"4";"0";"3";"1";"1";""
"202400034348";"155 721 259";"B01";"1";"7";"0";"2";"8";"1";"1";""
"202400034348";"155 721 260";"A01";"2";"7";"8";"2";"3";"13";"2";""
"202400034349";"155 721 258";"A01";"3";"34";"0";"0";"8";"15";"1";""
"202400034350";"155 721 257";"A01";"1";"7";"0";"0";"9";"0";"1";""
"202400034351";"155 721 256";"A01";"2";"7";"13";"0";"3";"1";"1";""
"202400034352";"155 721 254";"A01";"2";"1";"0";"2";"0";"0";"5";""
"202400034352";"155 721 255";"B01";"0";"15";"0";"0";"3";"1";"1";""
"202400034353";"155 721 252";"A01";"2";"7";"0";"2";"2";"17";"1";""
"202400034353";"155 721 253";"B01";"2";"7";"0";"2";"8";"15";"1";""
"202400034354";"155 721 250";"A01";"1";"7";"0";"2";"3";"1";"1";""
"202400034354";"155 721 251";"B01";"2";"33";"0";"2";"3";"1";"1";""
"202400034355";"155 721 248";"A01";"1";"7";"0";"2";"1";"1";"1";""
"202400034355";"155 721 249";"B01";"2";"15";"0";"0";"6";"9";"1";""
"202400034356";"155 721 247";"A01";"1";"7";"15";"0";"1";"1";"3";""
"202400034357";"155 721 246";"A01";"2";"33";"0";"0";"3";"1";"1";""
"202400034358";"155 721 245";"A01";"2";"33";"2";"0";"2";"1";"1";""
"202400034359";"155 721 242";"A01";"0";"7";"12";"1";"1";"20";"2";""
"202400034360";"155 721 243";"A01";"1";"7";"0";"2";"8";"13";"1";""
"202400034360";"155 721 244";"B01";"2";"15";"0";"2";"3";"14";"1";""
"202400034361";"155 721 239";"A01";"1";"7";"0";"2";"1";"1";"1";""
"202400034361";"155 721 240";"B01";"2";"7";"0";"2";"1";"1";"1";""
"202400034362";"155 721 238";"A01";"3";"7";"6";"2";"2";"1";"1";""
"202400034362";"155 721 241";"B01";"3";"7";"0";"0";"2";"15";"1";""
"202400034363";"155 721 235";"A01";"2";"33";"0";"2";"8";"1";"1";""
"202400034363";"155 721 236";"B01";"1";"7";"0";"2";"3";"13";"1";""
"202400034364";"155 721 234";"A01";"3";"7";"15";"2";"1";"19";"1";""
"202400034364";"155 721 237";"B01";"3";"30";"0";"2";"1";"1";"1";""
"202400034365";"155 721 233";"A01";"0";"2";"0";"9";"0";"0";"1";""
"202400034366";"155 721 231";"A01";"2";"7";"0";"2";"3";"15";"2";""
"202400034366";"155 721 232";"B01";"2";"33";"0";"2";"1";"17";"1";""
"202400034367";"155 721 228";"B01";"2";"15";"0";"2";"3";"1";"0";""
"202400034367";"155 721 230";"A01";"1";"7";"0";"2";"3";"5";"0";""
"202400034368";"155 721 226";"A01";"1";"33";"8";"0";"1";"26";"1";""
"202400034369";"155 721 222";"C01";"2";"7";"0";"2";"7";"21";"1";""
"202400034369";"155 721 223";"A01";"1";"7";"0";"2";"7";"13";"1";""
"202400034369";"155 721 224";"B01";"2";"7";"0";"2";"1";"1";"1";""
"202400034370";"155 721 225";"B01";"2";"7";"0";"9";"7";"17";"1";""
"202400034370";"155 721 227";"A01";"2";"1";"0";"2";"8";"11";"5";""
"202400034371";"155 721 221";"A01";"3";"7";"8";"0";"1";"1";"1";""
"202400034372";"155 721 218";"A01";"1";"7";"0";"2";"1";"17";"1";""
"202400034372";"155 721 220";"B01";"2";"7";"0";"2";"1";"1";"1";""
"202400034373";"155 721 217";"B01";"2";"7";"0";"2";"4";"2";"1";""
"202400034373";"155 721 219";"A01";"2";"10";"0";"2";"1";"2";"3";""
"202400034374";"155 721 215";"A01";"1";"7";"0";"1";"2";"2";"1";""
"202400034375";"155 721 214";"B01";"2";"7";"0";"2";"7";"21";"1";""
"202400034375";"155 721 216";"A01";"1";"10";"0";"2";"2";"5";"1";""
"202400034376";"155 721 213";"A01";"2";"33";"0";"0";"8";"1";"1";""
"202400034377";"155 721 211";"A01";"1";"7";"0";"2";"1";"0";"1";""
"202400034377";"155 721 212";"B01";"1";"7";"0";"0";"4";"14";"1";""
"202400034378";"155 721 210";"A01";"1";"2";"13";"0";"1";"26";"1";""
"202400034379";"155 721 209";"A01";"1";"2";"12";"0";"0";"1";"1";""
"202400034380";"155 721 208";"A01";"1";"7";"0";"1";"3";"1";"1";""
"202400034381";"155 721 206";"B01";"1";"7";"0";"2";"1";"1";"1";""
"202400034381";"155 721 207";"A01";"2";"7";"0";"2";"1";"5";"1";""
"202400034382";"155 721 202";"A01";"2";"7";"0";"2";"2";"2";"1";""
"202400034382";"155 721 204";"B01";"2";"7";"0";"0";"6";"23";"1";""
"202400034383";"155 721 203";"A01";"1";"10";"0";"2";"1";"19";"1";""
"202400034383";"155 721 205";"B01";"2";"7";"0";"2";"6";"19";"1";""
"202400034384";"155 721 201";"A01";"2";"33";"3";"0";"7";"1";"1";""
"202400034385";"155 721 200";"A01";"2";"7";"0";"9";"1";"13";"1";""
"202400034386";"155 721 196";"A01";"2";"7";"13";"0";"0";"21";"1";""
"202400034386";"155 721 198";"B01";"1";"10";"0";"0";"0";"15";"1";""
"202400034387";"155 721 197";"A01";"3";"7";"2";"2";"2";"1";"3";""
"202400034387";"155 721 199";"B01";"3";"2";"0";"0";"5";"1";"1";""
"202400034388";"155 721 193";"B01";"1";"2";"0";"2";"1";"19";"0";""
"202400034388";"155 721 195";"A01";"1";"7";"0";"2";"8";"1";"1";""
"202400034389";"155 721 192";"A01";"3";"7";"0";"2";"3";"15";"1";""