"Num_Acc";"id_vehicule";"num_veh";"senc";"catv";"obs";"obsm";"choc";"manv";"motor";"occutc"
"202400034389";"155 721 194";"B01";"1";"33";"0";"2";"1";"1";"1";""
"202400034390";"155 721 190";"A01";"2";"10";"0";"0";"1";"13";"1";""
"202400034390";"155 721 191";"B01";"1";"32";"0";"9";"1";"1";"1";""
"202400034391";"155 721 189";"A01";"2";"7";"6";"0";"1";"1";"1";""
"202400034392";"155 721 187";"A01";"3";"50";"0";"1";"8";"2";"3";""
"202400034393";"155 721 184";"A01";"0";"31";"0";"9";"1";"2";"1";""
"202400034393";"155 721 185";"B01";"0";"1";"0";"0";"8";"2";"5";""
"202400034394";"155 721 183";"C01";"1";"7";"0";"2";"4";"23";"1";""
"202400034394";"155 721 186";"A01";"1";"7";"0";"2";"3";"13";"1";""
"202400034394";"155 721 188";"B01";"2";"7";"0";"2";"3";"1";"2";""
"202400034395";"155 721 182";"A01";"2";"7";"3";"0";"3";"1";"1";""
"202400034396";"155 721 179";"A01";"1";"33";"0";"2";"3";"26";"1";""
"202400034396";"155 721 181";"B01";"2";"33";"0";"2";"3";"26";"1";""
"202400034397";"155 721 177";"A01";"1";"10";"0";"2";"2";"15";"1";""
"202400034397";"155 721 178";"B01";"2";"33";"0";"2";"1";"1";"1";""
"202400034397";"155 721 180";"C01";"2";"33";"0";"2";"1";"1";"1";""
"202400034398";"155 721 175";"A01";"2";"7";"10";"0";"3";"1";"1";""
"202400034399";"155 721 174";"A01";"1";"7";"0";"2";"3";"12";"1";""
"202400034399";"155 721 176";"B01";"1";"7";"0";"0";"5";"1";"1";""
"202400034400";"155 721 172";"A01";"0";"15";"0";"0";"8";"1";"1";""
"202400034400";"155 721 173";"B01";"0";"33";"0";"2";"3";"1";"1";""
"202400034401";"155 721 171";"A01";"3";"2";"0";"0";"5";"26";"1";""
"202400034402";"155 721 168";"A01";"2";"33";"0";"2";"2";"17";"1";""
"202400034402";"155 721 170";"B01";"2";"50";"0";"2";"8";"15";"3";""
"202400034403";"155 721 166";"A01";"2";"7";"0";"2";"1";"13";"1";""
"202400034403";"155 721 167";"B01";"1";"7";"0";"2";"3";"1";"1";""
"202400034404";"155 721 160";"A01";"1";"7";"0";"2";"1";"2";"1";""
"202400034404";"155 721 162";"B01";"1";"10";"0";"2";"4";"2";"1";""
"202400034404";"155 721 164";"C01";"1";"7";"0";"2";"4";"2";"1";""
"202400034404";"155 721 165";"D01";"1";"7";"0";"0";"4";"2";"1";""
"202400034405";"155 721 161";"A01";"1";"7";"0";"2";"2";"9";"1";""
"202400034405";"155 721 163";"B01";"2";"2";"0";"2";"1";"1";"1";""
"202400034406";"155 721 157";"A01";"3";"1";"0";"2";"3";"1";"5";""
"202400034406";"155 721 159";"B01";"3";"7";"0";"9";"8";"1";"1";""
"202400034407";"155 721 156";"A01";"2";"7";"0";"2";"1";"13";"1";""
"202400034407";"155 721 158";"B01";"1";"7";"0";"2";"3";"1";"1";""
"202400034408";"155 721 154";"A01";"1";"2";"0";"0";"3";"1";"1";""
"202400034409";"155 721 153";"A01";"1";"7";"0";"2";"3";"15";"1";""
"202400034409";"155 721 155";"B01";"2";"7";"0";"2";"1";"1";"1";""
"202400034410";"155 721 152";"A01";"2";"10";"2";"0";"1";"14";"1";""
"202400034411";"155 721 151";"A01";"3";"10";"0";"1";"5";"4";"1";""
"202400034412";"155 721 150";"A01";"0";"2";"0";"0";"1";"1";"1";""
"202400034413";"155 721 149";"A01";"1";"7";"2";"0";"1";"14";"1";""
"202400034414";"155 721 148";"A01";"1";"7";"0";"1";"3";"1";"1";""
"202400034415";"155 721 146";"B01";"1";"7";"0";"0";"6";"1";"1";""
"202400034415";"155 721 147";"A01";"1";"7";"2";"2";"2";"2";"1";""
"202400034416";"155 721 142";"A01";"1";"7";"0";"2";"2";"14";"1";""
"202400034416";"155 721 144";"B01";"1";"7";"0";"2";"3";"1";"1";""
"202400034416";"155 721 145";"C01";"1";"7";"0";"2";"5";"12";"1";""
"202400034417";"155 721 141";"B01";"1";"33";"0";"2";"1";"14";"1";""
"202400034417";"155 721 143";"A01";"2";"7";"0";"2";"3";"13";"1";""
"202400034418";"155 721 140";"A01";"2";"33";"0";"2";"1";"3";"1";""
"202400034419";"155 721 138";"A01";"3";"10";"0";"2";"6";"10";"1";""
"202400034419";"155 721 139";"B01";"3";"2";"0";"2";"1";"1";"1";""
"202400034420";"155 721 136";"A01";"2";"7";"0";"2";"7";"12";"1";""
"202400034420";"155 721 137";"B01";"2";"33";"0";"2";"8";"3";"1";""
"202400034421";"155 721 133";"B01";"1";"7";"0";"2";"3";"1";"1";""
"202400034421";"155 721 135";"A01";"1";"7";"2";"2";"1";"17";"1";""
"202400034422";"155 721 131";"C01";"2";"10";"0";"2";"1";"1";"1";""
"202400034422";"155 721 132";"B01";"2";"10";"0";"2";"1";"1";"1";""
"202400034422";"155 721 134";"A01";"2";"33";"0";"0";"4";"23";"1";""
"202400034423";"155 721 128";"A01";"3";"10";"0";"2";"3";"5";"1";""
"202400034423";"155 721 130";"B01";"3";"2";"0";"2";"1";"1";"1";""
"202400034424";"155 721 126";"A01";"1";"33";"0";"2";"1";"3";"1";""
"202400034424";"155 721 127";"B01";"1";"7";"0";"2";"2";"12";"1";""
"202400034424";"155 721 129";"C01";"1";"7";"0";"2";"8";"1";"1";""
"202400034425";"155 721 122";"Z01";"2";"7";"0";"2";"1";"2";"0";""
"202400034425";"155 721 124";"B01";"1";"7";"0";"2";"4";"2";"1";""
"202400034425";"155 721 125";"A01";"2";"7";"0";"2";"4";"2";"1";""
"202400034426";"155 721 121";"A01";"1";"7";"4";"2";"2";"21";"2";""
"202400034426";"155 721 123";"B01";"1";"7";"0";"2";"4";"23";"1";""
"202400034427";"155 721 118";"A01";"1";"7";"0";"2";"4";"1";"1";""
"202400034427";"155 721 120";"B01";"1";"7";"0";"2";"1";"14";"1";""
"202400034428";"155 721 117";"A01";"2";"15";"0";"2";"1";"2";"0";""
"202400034428";"155 721 119";"B01";"2";"7";"0";"2";"4";"2";"1";""
"202400034429";"155 721 115";"A01";"1";"7";"0";"2";"2";"12";"1";""
"202400034429";"155 721 116";"B01";"1";"17";"0";"2";"6";"1";"1";""
"202400034430";"155 721 113";"B01";"1";"7";"0";"2";"9";"0";"1";""
"202400034430";"155 721 114";"A01";"1";"7";"0";"2";"0";"0";"1";""
"202400034431";"155 721 111";"A01";"1";"33";"0";"2";"8";"1";"1";""
"202400034431";"155 721 112";"B01";"1";"7";"0";"2";"2";"14";"1";""
"202400034432";"155 721 109";"A01";"1";"7";"3";"2";"4";"23";"1";""
"202400034432";"155 721 110";"B01";"1";"7";"0";"2";"1";"1";"1";""
"202400034433";"155 721 108";"A01";"2";"7";"4";"2";"1";"21";"1";""
"202400034434";"155 721 107";"A01";"1";"7";"4";"0";"3";"26";"1";""
"202400034435";"155 721 103";"A01";"2";"7";"0";"2";"3";"14";"1";""
"202400034435";"155 721 105";"B01";"2";"7";"0";"2";"2";"2";"2";""
"202400034435";"155 721 106";"C01";"2";"7";"0";"2";"6";"1";"1";""
"202400034436";"155 721 102";"B01";"3";"7";"0";"2";"4";"26";"1";""
"202400034436";"155 721 104";"A01";"3";"7";"0";"2";"3";"1";"1";""
"202400034437";"155 721 100";"A01";"2";"7";"0";"2";"3";"1";"1";""
"202400034437";"155 721 101";"B01";"2";"10";"0";"2";"6";"1";"1";""
"202400034438";"155 721 099";"A01";"2";"37";"0";"1";"2";"7";"1";"1"
"202400034439";"155 721 097";"A01";"3";"7";"0";"2";"1";"1";"1";""
"202400034439";"155 721 098";"B01";"3";"7";"0";"2";"4";"15";"1";""
"202400034440";"155 721 095";"A01";"2";"34";"0";"2";"6";"3";"1";""
"202400034440";"155 721 096";"B01";"2";"10";"0";"2";"7";"12";"1";""
"202400034441";"155 721 092";"A01";"2";"7";"4";"0";"3";"13";"1";""
"202400034442";"155 721 090";"A01";"2";"33";"0";"2";"1";"1";"1";""
"202400034442";"155 721 093";"B01";"2";"7";"0";"2";"4";"1";"1";""
"202400034443";"155 721 091";"B01";"2";"50";"0";"2";"1";"3";"3";""
"202400034443";"155 721 094";"A01";"1";"15";"0";"2";"1";"15";"1";""
"202400034444";"155 721 088";"A01";"1";"2";"0";"0";"0";"26";"1";""
"202400034445";"155 721 087";"A01";"1";"7";"0";"2";"1";"1";"1";""
"202400034445";"155 721 089";"B01";"1";"7";"0";"0";"4";"1";"1";""
"202400034446";"155 721 086";"A01";"3";"7";"0";"1";"2";"1";"1";""
"202400034447";"155 721 082";"B01";"3";"7";"0";"2";"4";"1";"1";""
"202400034447";"155 721 084";"A01";"3";"7";"0";"2";"1";"1";"1";""
"202400034448";"155 721 081";"A01";"1";"7";"0";"2";"1";"1";"1";""
"202400034449";"155 721 077";"A01";"2";"7";"4";"0";"1";"0";"1";""
"202400034450";"155 721 076";"A01";"1";"10";"0";"2";"3";"2";"0";""
"202400034450";"155 721 078";"B01";"1";"33";"0";"2";"2";"2";"1";""
"202400034451";"155 721 075";"A01";"1";"7";"0";"2";"8";"13";"1";""
"202400034452";"155 721 072";"B01";"1";"7";"0";"2";"6";"24";"1";""
"202400034452";"155 721 074";"A01";"1";"10";"0";"2";"1";"15";"1";""
"202400034453";"155 721 070";"A01";"1";"7";"0";"2";"8";"13";"2";""
"202400034453";"155 721 073";"B01";"1";"80";"0";"2";"4";"2";"3";""
"202400034454";"155 721 068";"A01";"3";"7";"2";"0";"8";"13";"1";""
"202400034455";"155 721 067";"A01";"2";"7";"0";"2";"4";"1";"1";""
"202400034455";"155 721 069";"B01";"2";"7";"0";"2";"4";"1";"1";""
"202400034455";"155 721 071";"C01";"2";"7";"0";"2";"1";"1";"2";""
"202400034456";"155 721 062";"B01";"3";"60";"0";"2";"4";"0";"5";""
"202400034456";"155 721 066";"A01";"3";"10";"0";"2";"1";"2";"1";""
"202400034457";"155 721 063";"B01";"1";"7";"0";"2";"3";"15";"1";""
"202400034457";"155 721 065";"A01";"2";"2";"0";"2";"1";"17";"1";""
"202400034458";"155 721 061";"A01";"2";"7";"0";"2";"1";"12";"1";""
"202400034458";"155 721 064";"B01";"2";"38";"0";"2";"4";"1";"1";"1"
"202400034459";"155 721 059";"A01";"1";"2";"0";"0";"7";"1";"3";""
"202400034460";"155 721 058";"A01";"3";"2";"0";"2";"1";"17";"1";""
"202400034460";"155 721 060";"B01";"3";"10";"0";"2";"3";"15";"1";""
"202400034461";"155 721 057";"A01";"3";"7";"1";"0";"2";"1";"1";""
"202400034462";"155 721 054";"A01";"2";"7";"3";"0";"2";"1";"1";""
"202400034463";"155 721 048";"A01";"1";"7";"0";"1";"1";"1";"1";""
"202400034464";"155 721 047";"A01";"2";"7";"0";"2";"1";"26";"1";""
"202400034464";"155 721 050";"B01";"2";"7";"0";"2";"4";"26";"1";""
"202400034464";"155 721 052";"C01";"2";"7";"0";"2";"4";"26";"1";""
"202400034465";"155 721 046";"A01";"1";"10";"0";"2";"1";"2";"1";""
"202400034465";"155 721 049";"B01";"1";"7";"0";"2";"4";"2";"1";""
"202400034465";"155 721 051";"C01";"1";"10";"0";"2";"1";"2";"1";""
"202400034466";"155 721 045";"A01";"1";"7";"13";"0";"9";"0";"1";""
"202400034467";"155 721 043";"A01";"2";"10";"0";"1";"2";"1";"1";""
"202400034468";"155 721 042";"B01";"2";"50";"0";"2";"2";"5";"3";""
"202400034468";"155 721 044";"A01";"3";"7";"0";"2";"3";"15";"1";""
"202400034469";"155 721 037";"B01";"0";"10";"0";"2";"3";"15";"1";""
"202400034469";"155 721 039";"A01";"0";"7";"0";"2";"1";"1";"1";""
"202400034470";"155 721 036";"A01";"2";"13";"6";"0";"1";"26";"1";""
"202400034471";"155 721 038";"A01";"3";"2";"0";"1";"1";"0";"1";""
"202400034472";"155 721 034";"A01";"1";"7";"0";"1";"2";"1";"1";""
"202400034473";"155 721 031";"C01";"2";"7";"0";"2";"7";"1";"1";""
"202400034473";"155 721 032";"B01";"2";"15";"0";"2";"4";"1";"1";""
"202400034473";"155 721 035";"A01";"2";"10";"0";"2";"7";"21";"1";""
"202400034474";"155 721 030";"A01";"1";"30";"0";"2";"7";"17";"1";""
"202400034474";"155 721 033";"B01";"1";"7";"0";"2";"3";"17";"2";""
"202400034475";"155 721 029";"A01";"1";"10";"0";"1";"6";"1";"1";""
"202400034476";"155 721 026";"A01";"2";"7";"16";"0";"3";"17";"1";""
"202400034477";"155 721 025";"A01";"3";"7";"0";"1";"2";"1";"1";""
"202400034478";"155 721 019";"C01";"3";"38";"0";"2";"8";"0";"1";"1"
"202400034478";"155 721 022";"A01";"3";"30";"0";"2";"8";"17";"1";""
"202400034478";"155 721 023";"B01";"3";"7";"0";"2";"8";"1";"1";""
"202400034479";"155 721 021";"A01";"1";"80";"0";"1";"2";"1";"3";""
"202400034480";"155 721 018";"B01";"2";"7";"0";"2";"1";"16";"1";""
"202400034480";"155 721 020";"A01";"2";"7";"0";"2";"0";"15";"1";""
"202400034481";"155 721 017";"A01";"1";"37";"1";"1";"1";"1";"1";"1"
"202400034482";"155 721 015";"A01";"2";"7";"0";"2";"1";"17";"1";""
"202400034482";"155 721 016";"B01";"1";"2";"0";"2";"1";"1";"1";""
"202400034483";"155 721 014";"A01";"3";"7";"0";"1";"0";"13";"0";""
"202400034484";"155 721 013";"A01";"2";"7";"0";"1";"1";"1";"1";""
"202400034485";"155 721 012";"A01";"2";"7";"6";"0";"1";"1";"1";""
"202400034486";"155 721 009";"A01";"1";"10";"0";"2";"1";"0";"0";""
"202400034486";"155 721 010";"B01";"1";"50";"0";"2";"3";"0";"3";""
"202400034487";"155 721 008";"B01";"2";"1";"0";"2";"7";"15";"5";""
"202400034487";"155 721 011";"A01";"2";"7";"0";"2";"1";"1";"1";""
"202400034488";"155 721 006";"A01";"1";"7";"0";"0";"1";"0";"1";""
"202400034489";"155 721 005";"A01";"2";"7";"0";"2";"1";"13";"1";""
"202400034489";"155 721 007";"B01";"1";"7";"0";"2";"1";"1";"1";""
"202400034490";"155 721 001";"B01";"2";"7";"0";"2";"8";"1";"0";""
"202400034490";"155 721 004";"A01";"1";"30";"0";"2";"1";"1";"1";""
"202400034491";"155 721 000";"B01";"3";"7";"0";"2";"7";"15";"3";""
"202400034491";"155 721 002";"A01";"3";"33";"0";"2";"2";"21";"1";""
"202400034492";"155 720 999";"A01";"1";"7";"7";"2";"3";"1";"1";""
"202400034492";"155 721 003";"B01";"2";"7";"0";"0";"8";"1";"1";""
"202400034493";"155 720 996";"B01";"1";"7";"0";"2";"8";"2";"1";""
"202400034493";"155 720 998";"A01";"2";"7";"0";"2";"1";"15";"1";""
"202400034494";"155 720 994";"A01";"2";"7";"0";"2";"2";"16";"1";""
"202400034494";"155 720 997";"B01";"2";"50";"0";"2";"1";"19";"3";""
"202400034495";"155 720 993";"B01";"2";"7";"0";"2";"3";"1";"1";""
"202400034495";"155 720 995";"A01";"1";"7";"0";"2";"3";"13";"1";""
"202400034496";"155 720 992";"A01";"3";"7";"4";"0";"3";"13";"1";""
"202400034497";"155 720 990";"B01";"1";"1";"0";"2";"0";"0";"5";""
"202400034497";"155 720 991";"A01";"1";"7";"0";"2";"1";"15";"1";""
"202400034498";"155 720 989";"A01";"3";"7";"0";"1";"1";"1";"1";""
"202400034499";"155 720 988";"A01";"1";"7";"2";"0";"1";"26";"1";""
"202400034500";"155 720 984";"B01";"3";"7";"0";"0";"0";"0";"1";""
"202400034500";"155 720 986";"A01";"3";"1";"0";"2";"5";"0";"5";""
"202400034501";"155 720 983";"B01";"2";"7";"12";"2";"4";"23";"1";""
"202400034501";"155 720 985";"C01";"2";"7";"0";"2";"4";"23";"1";""
"202400034501";"155 720 987";"A01";"2";"7";"0";"2";"1";"2";"1";""
"202400034502";"155 720 980";"A01";"1";"40";"0";"1";"7";"1";"3";""
"202400034503";"155 720 979";"A01";"1";"7";"0";"2";"1";"1";"1";""
"202400034503";"155 720 982";"B01";"2";"33";"0";"2";"1";"13";"1";""
"202400034504";"155 720 977";"A01";"3";"7";"9";"0";"1";"1";"1";""
"202400034505";"155 720 976";"A01";"1";"7";"0";"2";"2";"15";"1";""
"202400034505";"155 720 978";"B01";"2";"7";"0";"2";"3";"1";"2";""
"202400034506";"155 720 972";"C01";"1";"7";"0";"2";"4";"1";"0";""
"202400034506";"155 720 973";"A01";"1";"10";"0";"2";"1";"1";"1";""
"202400034506";"155 720 974";"B01";"1";"7";"0";"2";"4";"1";"2";""
"202400034507";"155 720 970";"A01";"1";"10";"0";"2";"5";"10";"1";""
"202400034507";"155 720 971";"B01";"2";"7";"0";"2";"3";"1";"1";""
"202400034508";"155 720 968";"A01";"2";"7";"13";"0";"1";"21";"1";""
"202400034509";"155 720 966";"B01";"2";"10";"0";"2";"2";"1";"1";""
"202400034509";"155 720 969";"A01";"1";"7";"8";"2";"1";"0";"1";""
"202400034510";"155 720 965";"B01";"1";"20";"0";"2";"4";"4";"1";""
"202400034510";"155 720 967";"A01";"2";"1";"0";"2";"1";"1";"5";""
"202400034511";"155 720 964";"A01";"3";"7";"0";"1";"1";"1";"1";""
"202400034512";"155 720 960";"A01";"2";"7";"0";"2";"1";"1";"1";""
"202400034512";"155 720 961";"B01";"2";"7";"0";"2";"4";"0";"1";""
"202400034512";"155 720 963";"C01";"2";"7";"0";"2";"6";"1";"1";""
"202400034513";"155 720 959";"A01";"3";"7";"0";"2";"1";"9";"1";""
"202400034513";"155 720 962";"B01";"3";"7";"0";"2";"7";"1";"3";""
"202400034514";"155 720 957";"A01";"2";"10";"0";"2";"1";"1";"1";""
"202400034514";"155 720 958";"B01";"1";"7";"0";"2";"3";"15";"1";""
"202400034515";"155 720 954";"B01";"2";"7";"0";"2";"5";"23";"1";""
"202400034515";"155 720 956";"A01";"3";"7";"1";"2";"3";"20";"1";""
"202400034516";"155 720 953";"B01";"1";"37";"0";"2";"8";"0";"1";"4"
"202400034516";"155 720 955";"A01";"1";"7";"0";"2";"7";"13";"1";""
"202400034517";"155 720 948";"Y01";"1";"1";"0";"2";"1";"1";"0";""
"202400034517";"155 720 951";"A01";"1";"7";"0";"2";"3";"1";"1";""
"202400034518";"155 720 950";"A01";"2";"50";"0";"2";"1";"1";"3";""
"202400034518";"155 720 952";"B01";"1";"7";"0";"2";"5";"15";"1";""
"202400034519";"155 720 947";"A01";"3";"7";"0";"9";"3";"9";"1";""
"202400034519";"155 720 949";"B01";"3";"50";"0";"2";"1";"0";"3";""
"202400034520";"155 720 946";"A01";"3";"7";"14";"1";"2";"16";"1";""
"202400034521";"155 720 944";"A01";"2";"33";"14";"0";"0";"1";"1";""
"202400034522";"155 720 941";"A01";"3";"7";"0";"2";"1";"1";"1";""
"202400034522";"155 720 942";"B01";"3";"7";"0";"2";"7";"15";"1";""
"202400034523";"155 720 939";"A01";"2";"7";"0";"2";"1";"2";"1";""
"202400034523";"155 720 940";"B01";"2";"7";"0";"2";"4";"23";"1";""
"202400034524";"155 720 938";"A01";"1";"7";"2";"0";"1";"14";"2";""
"202400034525";"155 720 937";"A01";"1";"7";"0";"1";"3";"13";"3";""
"202400034526";"155 720 933";"A01";"2";"7";"0";"2";"6";"15";"1";""
"202400034526";"155 720 935";"B01";"1";"33";"0";"2";"3";"17";"1";""
"202400034527";"155 720 932";"B01";"2";"99";"0";"2";"1";"7";"1";""
"202400034527";"155 720 934";"A01";"2";"7";"0";"2";"3";"1";"2";""
"202400034528";"155 720 931";"B01";"3";"7";"0";"2";"7";"1";"1";""
"202400034528";"155 720 936";"A01";"3";"7";"0";"2";"2";"19";"1";""
"202400034529";"155 720 927";"A01";"3";"7";"0";"2";"3";"9";"2";""
"202400034529";"155 720 930";"B01";"3";"2";"0";"2";"3";"1";"1";""
"202400034530";"155 720 928";"A01";"3";"7";"15";"0";"2";"0";"1";""
"202400034531";"155 720 926";"A01";"0";"7";"0";"2";"3";"13";"1";""
"202400034531";"155 720 929";"B01";"0";"7";"0";"2";"8";"1";"1";""
"202400034532";"155 720 922";"B01";"1";"13";"0";"2";"4";"1";"1";""
"202400034532";"155 720 925";"A01";"1";"7";"0";"2";"1";"2";"1";""
"202400034533";"155 720 921";"B01";"2";"7";"0";"2";"3";"1";"0";""
"202400034533";"155 720 923";"A01";"1";"7";"1";"2";"3";"5";"2";""
"202400034534";"155 720 920";"B01";"2";"2";"0";"2";"1";"1";"1";""
"202400034534";"155 720 924";"A01";"1";"7";"0";"2";"3";"1";"1";""
"202400034535";"155 720 918";"A01";"1";"7";"0";"2";"1";"9";"1";""
"202400034535";"155 720 919";"B01";"1";"2";"0";"2";"1";"21";"1";""
"202400034536";"155 720 917";"A01";"0";"7";"0";"1";"3";"1";"1";""
"202400034537";"155 720 915";"A01";"3";"10";"0";"1";"4";"4";"1";""
"202400034538";"155 720 913";"B01";"1";"50";"0";"2";"1";"1";"3";""
"202400034538";"155 720 916";"A01";"3";"7";"0";"2";"2";"16";"1";""
"202400034539";"155 720 910";"A01";"1";"10";"0";"2";"1";"1";"0";""
"202400034539";"155 720 911";"E01";"1";"10";"0";"2";"3";"1";"0";""
"202400034539";"155 720 912";"B01";"1";"7";"0";"2";"4";"1";"1";""
"202400034539";"155 720 914";"D01";"1";"7";"0";"2";"4";"1";"1";""
"202400034540";"155 720 909";"A01";"0";"3";"0";"1";"7";"1";"0";""
"202400034541";"155 720 905";"A01";"1";"10";"0";"1";"1";"1";"1";""
"202400034542";"155 720 907";"A01";"1";"7";"0";"2";"1";"0";"1";""
"202400034542";"155 720 908";"B01";"2";"7";"3";"2";"1";"0";"2";""
"202400034543";"155 720 906";"A01";"3";"10";"0";"1";"2";"15";"3";""
"202400034544";"155 720 904";"A01";"2";"37";"0";"1";"7";"1";"6";"1"
"202400034545";"155 720 902";"A01";"3";"7";"1";"1";"3";"13";"1";""
"202400034546";"155 720 901";"B01";"2";"10";"0";"2";"3";"15";"1";""
"202400034546";"155 720 903";"A01";"1";"33";"0";"2";"1";"1";"1";""
"202400034547";"155 720 898";"A01";"3";"7";"0";"2";"4";"20";"1";""
"202400034547";"155 720 899";"B01";"2";"7";"0";"2";"1";"19";"1";""
"202400034548";"155 720 897";"B01";"3";"50";"0";"2";"8";"1";"3";""
"202400034548";"155 720 900";"A01";"3";"7";"0";"2";"1";"15";"1";""
"202400034549";"155 720 893";"A01";"2";"7";"0";"2";"1";"1";"1";""
"202400034549";"155 720 895";"B01";"2";"2";"0";"2";"7";"1";"1";""
"202400034550";"155 720 892";"A01";"3";"7";"0";"2";"0";"22";"1";""
"202400034550";"155 720 894";"B01";"3";"1";"0";"2";"1";"1";"5";""
"202400034551";"155 720 891";"A01";"1";"7";"0";"2";"1";"17";"1";""
"202400034551";"155 720 896";"B01";"2";"7";"4";"2";"1";"1";"1";""
"202400034552";"155 720 890";"A01";"1";"10";"0";"1";"3";"1";"1";""
"202400034553";"155 720 889";"B01";"1";"7";"0";"0";"9";"14";"1";""
"202400034554";"155 720 887";"A01";"2";"7";"0";"2";"1";"13";"1";""
"202400034554";"155 720 888";"B01";"1";"10";"0";"2";"1";"1";"1";""
"202400034555";"155 720 885";"A01";"0";"37";"0";"2";"2";"21";"1";"1"
"202400034555";"155 720 886";"B01";"0";"50";"0";"0";"0";"0";"3";""
"202400034556";"155 720 882";"A01";"2";"7";"0";"2";"3";"19";"1";""
"202400034556";"155 720 884";"B01";"2";"7";"0";"2";"7";"17";"1";""
"202400034557";"155 720 879";"B01";"2";"7";"0";"2";"1";"1";"1";""
"202400034557";"155 720 881";"A01";"2";"7";"0";"0";"4";"1";"1";""
"202400034558";"155 720 880";"B01";"1";"7";"0";"2";"1";"19";"1";""
"202400034558";"155 720 883";"A01";"1";"7";"8";"2";"7";"1";"1";""
"202400034559";"155 720 876";"B01";"1";"7";"0";"2";"3";"1";"1";""
"202400034559";"155 720 877";"A01";"2";"7";"0";"2";"1";"10";"1";""
"202400034560";"155 720 873";"A01";"1";"10";"0";"1";"1";"1";"1";""
"202400034561";"155 720 874";"A01";"2";"7";"0";"2";"3";"1";"1";""
"202400034561";"155 720 875";"B01";"1";"7";"3";"2";"3";"13";"1";""
"202400034562";"155 720 870";"A01";"1";"7";"0";"2";"3";"26";"1";""
"202400034562";"155 720 872";"B01";"1";"10";"0";"2";"2";"1";"1";""
"202400034563";"155 720 869";"B01";"2";"3";"0";"2";"7";"1";"1";""
"202400034563";"155 720 871";"A01";"1";"7";"0";"2";"3";"1";"1";""
"202400034564";"155 720 866";"A01";"2";"7";"0";"2";"1";"1";"1";""
"202400034564";"155 720 868";"B01";"2";"7";"0";"2";"4";"1";"1";""
"202400034565";"155 720 867";"A01";"2";"7";"13";"0";"1";"1";"1";""
"202400034566";"155 720 862";"B01";"1";"7";"0";"0";"8";"15";"1";""
"202400034566";"155 720 864";"A01";"1";"2";"0";"2";"1";"17";"1";""
"202400034567";"155 720 861";"A01";"1";"10";"0";"2";"1";"2";"1";""
"202400034567";"155 720 863";"B01";"1";"7";"0";"2";"4";"23";"1";""
"202400034567";"155 720 865";"C01";"1";"7";"0";"2";"4";"23";"1";""
"202400034568";"155 720 857";"A01";"1";"30";"0";"2";"1";"1";"1";""
"202400034568";"155 720 859";"B01";"1";"7";"0";"2";"4";"1";"1";""
"202400034569";"155 720 858";"A01";"2";"7";"0";"2";"2";"1";"2";""
"202400034569";"155 720 860";"B01";"2";"1";"0";"2";"3";"19";"5";""
"202400034570";"155 720 856";"A01";"3";"31";"0";"0";"2";"26";"1";""
"202400034571";"155 720 854";"B01";"1";"1";"0";"2";"4";"0";"5";""
"202400034571";"155 720 855";"A01";"1";"7";"0";"2";"0";"0";"0";""
"202400034572";"155 720 852";"A01";"3";"1";"0";"2";"2";"1";"5";""
"202400034572";"155 720 853";"B01";"1";"10";"0";"2";"3";"1";"1";""
"202400034573";"155 720 850";"A01";"1";"43";"7";"9";"1";"14";"1";""
"202400034574";"155 720 847";"A01";"1";"7";"0";"2";"3";"15";"2";""
"202400034574";"155 720 848";"B01";"1";"31";"0";"2";"7";"0";"1";""
"202400034575";"155 720 845";"A01";"2";"7";"0";"2";"6";"0";"1";""
"202400034575";"155 720 846";"B01";"1";"7";"0";"2";"3";"13";"1";""
"202400034576";"155 720 844";"A01";"3";"7";"0";"1";"5";"4";"2";""
"202400034577";"155 720 842";"A01";"2";"1";"0";"2";"1";"1";"5";""
"202400034577";"155 720 843";"B01";"2";"7";"0";"2";"6";"1";"1";""
"202400034578";"155 720 840";"A01";"1";"33";"0";"0";"1";"17";"1";""
"202400034579";"155 720 839";"A01";"1";"7";"0";"6";"1";"1";"1";""
"202400034579";"155 720 841";"B01";"1";"7";"0";"2";"1";"2";"1";""
"202400034580";"155 720 836";"B01";"2";"7";"0";"2";"5";"26";"1";""
"202400034580";"155 720 838";"A01";"1";"7";"0";"2";"1";"26";"1";""
"202400034581";"155 720 835";"A01";"1";"7";"0";"2";"3";"1";"1";""
"202400034581";"155 720 837";"B01";"2";"17";"0";"2";"3";"13";"1";""
"202400034582";"155 720 833";"A01";"1";"7";"13";"0";"3";"1";"1";""
"202400034583";"155 720 832";"B01";"1";"7";"0";"2";"1";"9";"1";""
"202400034583";"155 720 834";"A01";"2";"10";"0";"2";"5";"1";"1";""
"202400034584";"155 720 831";"A01";"2";"33";"6";"0";"1";"1";"1";""
"202400034585";"155 720 827";"A01";"2";"32";"0";"2";"1";"17";"1";""
"202400034585";"155 720 830";"B01";"1";"7";"0";"2";"1";"1";"1";""
"202400034586";"155 720 828";"B01";"3";"7";"0";"2";"2";"1";"1";""
"202400034586";"155 720 829";"A01";"1";"3";"12";"2";"1";"1";"1";""
"202400034587";"155 720 826";"A01";"1";"1";"0";"1";"1";"1";"5";""