"Num_Acc";"id_vehicule";"num_veh";"senc";"catv";"obs";"obsm";"choc";"manv";"motor";"occutc"
"202400035402";"155 719 392";"B01";"0";"7";"0";"2";"1";"1";" -1";""
"202400035403";"155 719 387";"A01";"1";"7";"0";"9";"6";"0";"1";""
"202400035403";"155 719 389";"B01";"1";"1";"0";"0";"0";"0";"5";""
"202400035404";"155 719 385";"A01";"1";"7";"0";"2";"2";"1";"1";""
"202400035404";"155 719 388";"B01";"1";"7";"6";"2";"4";"16";"0";""
"202400035405";"155 719 386";"A01";"1";"31";"1";"1";"1";"17";"1";""
"202400035406";"155 719 380";"A01";"1";"10";"0";"2";"1";"13";"1";""
"202400035406";"155 719 383";"B01";"2";"7";"0";"2";"1";"1";"1";""
"202400035407";"155 719 379";"B01";"3";"7";"0";"2";"4";"23";"1";""
"202400035407";"155 719 382";"A01";"3";"2";"0";"2";"1";"1";"1";""
"202400035408";"155 719 375";"A01";"2";"7";"0";"2";"1";"2";"1";""
"202400035408";"155 719 384";"B01";"2";"7";"0";"2";"4";"2";"1";""
"202400035409";"155 719 373";"B01";"3";"7";"0";"2";"2";"1";"1";""
"202400035409";"155 719 376";"A01";"3";"50";"0";"2";"1";"25";"3";""
"202400035410";"155 719 372";"A01";"2";"7";"0";"2";"2";"15";"1";""
"202400035410";"155 719 374";"B01";"1";"7";"0";"2";"3";"1";"0";""
"202400035411";"155 719 371";"A01";"2";"7";"0";"2";"2";"23";"1";""
"202400035411";"155 719 377";"B01";"1";"7";"0";"2";"2";"5";"1";""
"202400035412";"155 719 365";"A01";"1";"7";"0";"1";"1";"1";"2";""
"202400035413";"155 719 367";"B01";"2";"7";"1";"0";"4";"17";"1";""
"202400035413";"155 719 370";"A01";"1";"33";"1";"2";"1";"17";"1";""
"202400035414";"155 719 366";"B01";"1";"7";"0";"2";"1";"21";"1";""
"202400035414";"155 719 368";"C01";"3";"7";"1";"2";"3";"24";"1";""
"202400035414";"155 719 369";"A01";"1";"7";"0";"2";"1";"21";"1";""
"202400035415";"155 719 364";"A01";"3";"7";"2";"0";"1";"13";"1";""
"202400035416";"155 719 361";"A01";"3";"7";"0";"1";"1";"1";"1";""
"202400035417";"155 719 360";"B01";"2";"31";"0";"2";"1";"1";"1";""
"202400035417";"155 719 362";"A01";"1";"7";"0";"2";"2";"15";"1";""
"202400035418";"155 719 357";"B01";"1";"7";"0";"2";"1";"1";"1";""
"202400035418";"155 719 363";"A01";"1";"7";"0";"2";"8";"15";"1";""
"202400035419";"155 719 359";"A01";"1";"7";"1";"0";"2";"16";"1";""
"202400035420";"155 719 356";"A01";"3";"7";"0";"2";"1";"1";"1";""
"202400035420";"155 719 358";"B01";"3";"10";"0";"2";"1";"1";"1";""
"202400035421";"155 719 352";"B01";"1";"7";"0";"2";"1";"1";"1";""
"202400035421";"155 719 354";"A01";"2";"7";"0";"2";"1";"15";"1";""
"202400035422";"155 719 351";"A01";"1";"31";"0";"2";"1";"1";"0";""
"202400035422";"155 719 353";"B01";"1";"7";"0";"2";"0";"15";"0";""
"202400035423";"155 719 355";"A01";"3";"7";"6";"0";"1";"16";"1";""
"202400035424";"155 719 344";"A01";"0";"7";"0";"2";"2";"15";"1";""
"202400035424";"155 719 345";"B01";"0";"1";"0";"2";"3";"1";"5";""
"202400035425";"155 719 343";"A01";"1";"7";"0";"2";"3";"5";"1";""
"202400035425";"155 719 346";"B01";"2";"7";"0";"2";"3";"1";"1";""
"202400035425";"155 719 350";"C01";"2";"7";"0";"2";"3";"1";"1";""
"202400035426";"155 719 341";"A01";"2";"7";"0";"2";"3";"9";"1";""
"202400035426";"155 719 348";"B01";"2";"32";"0";"2";"1";"1";"1";""
"202400035427";"155 719 342";"A01";"3";"30";"0";"2";"2";"1";"1";""
"202400035427";"155 719 347";"B01";"0";"7";"0";"2";"3";"9";"0";""
"202400035427";"155 719 349";"T01";"0";"7";"0";"0";"0";"15";"1";""
"202400035428";"155 719 337";"A01";"2";"7";"0";"2";"2";"5";"1";""
"202400035428";"155 719 340";"B01";"1";"7";"0";"2";"1";"7";"1";""
"202400035429";"155 719 336";"B01";"2";"10";"0";"2";"3";"23";"1";""
"202400035429";"155 719 339";"Z01";"1";"7";"0";"2";"3";"16";"0";""
"202400035430";"155 719 338";"A01";"3";"7";"0";"1";"2";"21";"1";""
"202400035431";"155 719 334";"A01";"1";"33";"8";"2";"3";"17";"1";""
"202400035431";"155 719 335";"B01";"1";"7";"0";"2";"0";"0";"1";""
"202400035432";"155 719 331";"A01";"1";"10";"0";"2";"1";"13";"1";""
"202400035432";"155 719 332";"B01";"1";"7";"0";"2";"1";"0";"1";""
"202400035433";"155 719 330";"A01";"2";"7";"0";"2";"1";"15";"1";""
"202400035433";"155 719 333";"B01";"2";"1";"0";"2";"1";"1";"0";""
"202400035434";"155 719 328";"A01";"2";"7";"2";"0";"2";"16";"1";""
"202400035435";"155 719 327";"A01";"1";"30";"0";"2";"0";"0";"1";""
"202400035435";"155 719 329";"B01";"1";"30";"0";"2";"0";"0";"1";""
"202400035436";"155 719 325";"A01";"2";"7";"0";"1";"1";"1";"1";""
"202400035437";"155 719 326";"A01";"3";"7";"0";"1";"1";"16";"1";""
"202400035438";"155 719 322";"A01";"3";"30";"15";"1";"1";"25";"1";""
"202400035439";"155 719 321";"A01";"2";"10";"0";"1";"1";"1";"1";""
"202400035440";"155 719 319";"A01";"3";"15";"0";"2";"1";"2";"1";""
"202400035440";"155 719 320";"B01";"3";"7";"0";"2";"4";"2";"1";""
"202400035441";"155 719 316";"A01";"0";"7";"0";"1";"1";"1";"1";""
"202400035442";"155 719 315";"A01";"0";"7";"0";"2";"8";"26";"1";""
"202400035442";"155 719 317";"B01";"0";"31";"0";"2";"7";"0";"1";""
"202400035443";"155 719 314";"B01";"1";"2";"0";"2";"1";"1";"1";""
"202400035443";"155 719 318";"A01";"1";"10";"0";"2";"2";"15";"1";""
"202400035444";"155 719 311";"A01";"2";"7";"8";"0";"1";"26";"1";""
"202400035445";"155 719 310";"Y01";"3";"50";"0";"2";"3";"26";"3";""
"202400035445";"155 719 312";"A01";"2";"10";"0";"2";"2";"1";"1";""
"202400035446";"155 719 309";"B01";"2";"33";"0";"2";"2";"1";"1";""
"202400035446";"155 719 313";"A01";"2";"7";"0";"2";"3";"15";"1";""
"202400035447";"155 719 306";"A01";"1";"7";"0";"2";"2";"1";"1";""
"202400035447";"155 719 308";"B01";"1";"7";"0";"2";"6";"1";"1";""
"202400035448";"155 719 305";"A01";"3";"50";"0";"0";"1";"1";"3";""
"202400035449";"155 719 303";"B01";"2";"1";"0";"2";"2";"1";"5";""
"202400035449";"155 719 307";"A01";"2";"7";"0";"2";"3";"9";"1";""
"202400035450";"155 719 298";"A01";"1";"7";"0";"2";"2";"1";"1";""
"202400035450";"155 719 300";"B01";"1";"80";"0";"2";"1";"1";"3";""
"202400035451";"155 719 296";"B01";"2";"10";"0";"2";"7";"16";"1";""
"202400035451";"155 719 299";"A01";"2";"50";"0";"2";"1";"1";"3";""
"202400035452";"155 719 292";"A01";"2";"7";"0";"2";"3";"9";"1";""
"202400035452";"155 719 294";"B01";"1";"80";"0";"2";"2";"1";"3";""
"202400035453";"155 719 295";"A01";"0";"7";"0";"2";"1";"1";"1";""
"202400035453";"155 719 301";"B01";"0";"7";"0";"2";"3";"1";"1";""
"202400035454";"155 719 293";"B01";"2";"1";"1";"0";"8";"1";"5";""
"202400035454";"155 719 297";"A01";"2";"7";"1";"0";"7";"22";"1";""
"202400035455";"155 719 291";"A01";"1";"31";"7";"0";"2";"26";"1";""
"202400035456";"155 719 286";"A01";"2";"7";"0";"1";"3";"1";"2";""
"202400035457";"155 719 285";"A01";"3";"7";"0";"2";"1";"13";"0";""
"202400035457";"155 719 289";"B01";"3";"7";"0";"2";"1";"0";"0";""
"202400035458";"155 719 287";"A01";"1";"7";"0";"9";"3";"15";"1";""
"202400035458";"155 719 290";"B01";"2";"1";"0";"2";"1";"1";"5";""
"202400035459";"155 719 288";"A01";"2";"7";"0";"1";"1";"15";"1";""
"202400035460";"155 719 283";"A01";"2";"13";"0";"2";"5";"4";"1";""
"202400035460";"155 719 284";"B01";"2";"7";"0";"2";"2";"1";"1";""
"202400035461";"155 719 280";"Z01";"1";"10";"0";"1";"1";"1";"0";""
"202400035462";"155 719 278";"A01";"1";"30";"0";"2";"1";"26";"1";""
"202400035462";"155 719 281";"B01";"1";"7";"0";"2";"5";"26";"1";""
"202400035463";"155 719 275";"A01";"2";"13";"0";"2";"1";"1";"1";""
"202400035463";"155 719 277";"B01";"1";"2";"0";"2";"1";"13";"1";""
"202400035464";"155 719 272";"A01";"1";"7";"0";"2";"1";"21";"1";""
"202400035464";"155 719 274";"B01";"2";"3";"0";"2";"1";"17";"1";""
"202400035465";"155 719 269";"A01";"2";"10";"0";"2";"1";"2";"1";""
"202400035465";"155 719 271";"B01";"2";"7";"0";"2";"4";"2";"1";""
"202400035465";"155 719 273";"C01";"2";"7";"0";"2";"4";"2";"1";""
"202400035465";"155 719 276";"D01";"2";"7";"0";"2";"4";"2";"1";""
"202400035465";"155 719 279";"E01";"2";"7";"0";"2";"4";"2";"1";""
"202400035465";"155 719 282";"F01";"2";"43";"0";"2";"4";"2";"1";""
"202400035466";"155 719 266";"A01";"3";"7";"0";"1";"1";"19";"6";""
"202400035467";"155 719 267";"A01";"3";"7";"0";"2";"1";"5";"1";""
"202400035467";"155 719 270";"B01";"1";"30";"0";"2";"1";"1";"1";""
"202400035468";"155 719 263";"B01";"1";"33";"0";"2";"1";"1";"1";""
"202400035468";"155 719 265";"A01";"2";"1";"0";"2";"7";"10";"5";""
"202400035469";"155 719 261";"A01";"1";"7";"0";"2";"8";"10";"1";""
"202400035469";"155 719 268";"B01";"1";"33";"0";"2";"1";"1";"1";""
"202400035470";"155 719 260";"A01";"3";"7";"0";"0";"1";"1";"1";""
"202400035470";"155 719 264";"B01";"3";"33";"0";"0";"0";"1";"1";""
"202400035471";"155 719 259";"B01";"3";"32";"0";"2";"0";"0";"0";""
"202400035471";"155 719 262";"A01";"3";"7";"0";"2";"2";"15";"0";""
"202400035472";"155 719 255";"A01";"3";"7";"0";"2";"3";"1";"1";""
"202400035472";"155 719 258";"B01";"3";"7";"0";"2";"1";"1";"1";""
"202400035473";"155 719 257";"A01";"1";"7";"5";"0";"2";"0";"1";""
"202400035474";"155 719 253";"A01";"2";"7";"0";"2";"3";"13";"1";""
"202400035474";"155 719 254";"B01";"1";"7";"0";"2";"3";"13";"1";""
"202400035475";"155 719 252";"A01";"0";"7";"0";"2";"5";"15";"1";""
"202400035475";"155 719 256";"B01";"3";"7";"0";"2";"1";"1";"1";""
"202400035476";"155 719 249";"B01";"2";"1";"0";"2";"1";"1";"5";""
"202400035476";"155 719 251";"A01";"1";"7";"0";"2";"2";"1";"1";""
"202400035477";"155 719 244";"A01";"2";"7";"0";"2";"3";"11";"2";""
"202400035477";"155 719 246";"B01";"2";"33";"0";"2";"2";"1";"1";""
"202400035478";"155 719 245";"B01";"1";"31";"0";"2";"1";"1";"1";""
"202400035478";"155 719 248";"C01";"1";"33";"0";"2";"1";"1";"1";""
"202400035478";"155 719 250";"A01";"1";"7";"0";"2";"2";"15";"1";""
"202400035479";"155 719 243";"A01";"1";"7";"0";"2";"1";"13";"1";""
"202400035479";"155 719 247";"B01";"2";"7";"0";"2";"1";"1";"1";""
"202400035480";"155 719 242";"Z01";"2";"31";"0";"1";"0";"1";"0";""
"202400035481";"155 719 239";"Z01";"1";"7";"0";"2";"1";"2";"1";""
"202400035481";"155 719 241";"A01";"1";"31";"8";"2";"4";"23";"1";""
"202400035482";"155 719 237";"A01";"1";"7";"0";"2";"1";"1";"2";""
"202400035482";"155 719 240";"B01";"2";"7";"0";"2";"8";"15";"1";""
"202400035483";"155 719 236";"A01";"0";"7";"1";"2";"1";"1";"1";""
"202400035483";"155 719 238";"B01";"0";"7";"1";"2";"6";"15";"1";""
"202400035484";"155 719 233";"A01";"3";"7";"0";"2";"2";"15";"1";""
"202400035484";"155 719 235";"B01";"3";"33";"0";"2";"3";"1";"1";""
"202400035485";"155 719 232";"A01";"3";"21";"0";"0";"0";"13";"1";""
"202400035486";"155 719 229";"A01";"3";"10";"0";"2";"4";"4";"1";""
"202400035486";"155 719 231";"B01";"3";"33";"0";"2";"1";"23";"1";""
"202400035487";"155 719 226";"B01";"1";"1";"0";"2";"3";"7";"5";""
"202400035487";"155 719 228";"A01";"1";"33";"0";"9";"5";"14";"1";""
"202400035488";"155 719 227";"B01";"2";"1";"0";"0";"8";"1";"5";""
"202400035488";"155 719 230";"A01";"2";"7";"0";"2";"7";"13";"1";""
"202400035489";"155 719 225";"A01";"2";"7";"15";"0";"9";"1";"1";""
"202400035490";"155 719 221";"A01";"2";"2";"6";"0";"1";"10";"1";""
"202400035491";"155 719 219";"B01";"0";"37";"0";"2";"4";"1";"1";"1"
"202400035491";"155 719 222";"A01";"0";"10";"0";"2";"1";"2";"1";""
"202400035491";"155 719 224";"C01";"0";"7";"0";"2";"7";"1";"1";""
"202400035492";"155 719 220";"A01";"2";"7";"0";"9";"8";"22";"1";""
"202400035492";"155 719 223";"B01";"2";"80";"1";"0";"2";"1";"3";""
"202400035493";"155 719 217";"B01";"2";"33";"0";"2";"8";"1";"1";""
"202400035493";"155 719 218";"A01";"1";"7";"0";"2";"2";"15";"1";""
"202400035494";"155 719 213";"A01";"2";"7";"0";"2";"1";"15";"1";""
"202400035494";"155 719 216";"B01";"1";"2";"0";"2";"8";"1";"1";""
"202400035495";"155 719 212";"A01";"1";"10";"0";"2";"1";"2";"1";""
"202400035495";"155 719 215";"B01";"1";"7";"3";"2";"4";"2";"1";""
"202400035496";"155 719 211";"A01";"1";"7";"0";"2";"2";"1";"3";""
"202400035496";"155 719 214";"B01";"1";"50";"0";"2";"1";"2";"3";""
"202400035497";"155 719 209";"A01";"1";"7";"0";"2";"3";"9";"1";""
"202400035497";"155 719 210";"B01";"1";"50";"0";"2";"1";"1";"3";""
"202400035498";"155 719 204";"A01";"2";"1";"0";"2";"3";"15";"5";""
"202400035498";"155 719 208";"B01";"1";"38";"0";"2";"3";"16";"1";"1"
"202400035499";"155 719 202";"A01";"1";"1";"0";"2";"0";"1";"5";""
"202400035499";"155 719 207";"B01";"1";"7";"0";"2";"0";"16";"0";""
"202400035500";"155 719 201";"A01";"1";"7";"0";"2";"3";"16";"2";""
"202400035500";"155 719 206";"B01";"1";"33";"0";"2";"2";"1";"1";""
"202400035501";"155 719 203";"A01";"2";"2";"12";"2";"7";"1";"1";""
"202400035501";"155 719 205";"B01";"2";"7";"12";"2";"8";"1";"1";""
"202400035502";"155 719 197";"A01";"1";"7";"0";"0";"0";"1";"1";""
"202400035503";"155 719 196";"A01";"2";"31";"1";"0";"0";"26";"1";""
"202400035503";"155 719 200";"B01";"1";"7";"0";"2";"0";"0";"1";""
"202400035504";"155 719 198";"A01";"1";"1";"0";"0";"0";"1";"5";""
"202400035505";"155 719 194";"A01";"1";"7";"0";"2";"1";"1";"1";""
"202400035505";"155 719 195";"B01";"1";"7";"0";"2";"4";"1";"1";""
"202400035506";"155 719 191";"A01";"1";"7";"0";"1";"3";"1";"1";""
"202400035507";"155 719 188";"A01";"1";"7";"0";"1";"1";"15";"1";""
"202400035508";"155 719 185";"B01";"1";"10";"0";"2";"0";"9";"1";""
"202400035508";"155 719 187";"A01";"1";"33";"0";"2";"3";"1";"1";""
"202400035509";"155 719 186";"A01";"1";"31";"0";"2";"1";"2";"1";""
"202400035509";"155 719 189";"B01";"1";"10";"0";"2";"4";"1";"1";""
"202400035510";"155 719 184";"A01";"2";"33";"0";"0";"8";"15";"1";""
"202400035511";"155 719 182";"A01";"2";"7";"1";"0";"1";"26";"1";""
"202400035511";"155 719 190";"B01";"2";"7";"0";"2";"4";" -1";"1";""
"202400035511";"155 719 192";"C01";"2";"7";"0";"0";"4";" -1";"1";""
"202400035512";"155 719 181";"A01";"3";"7";"0";"2";"1";"15";"1";""
"202400035512";"155 719 183";"B01";"2";"2";"0";"2";"7";"1";"3";""
"202400035513";"155 719 176";"A01";"1";"7";"0";"2";"3";"17";"1";""
"202400035513";"155 719 178";"B01";"2";"7";"0";"2";"1";"1";"1";""
"202400035514";"155 719 175";"A01";"2";"1";"0";"1";"1";"1";"5";""
"202400035515";"155 719 170";"A01";"1";"37";"0";"9";"1";"2";"3";"1"
"202400035515";"155 719 172";"B01";"1";"80";"0";"2";"8";"2";"3";""
"202400035516";"155 719 173";"B01";"1";"33";"0";"2";"8";"2";"1";""
"202400035516";"155 719 179";"A01";"2";"7";"0";"2";"1";"15";"1";""
"202400035517";"155 719 168";"A01";"3";"7";"0";"2";"3";"17";"6";""
"202400035517";"155 719 171";"B01";"3";"10";"0";"2";"1";"1";"6";""
"202400035517";"155 719 174";"C01";"3";"7";"0";"2";"1";"2";"6";""
"202400035518";"155 719 165";"A01";"1";"1";"8";"0";"1";"1";"5";""
"202400035519";"155 719 161";"A01";"3";"10";"0";"2";"2";"20";"1";""
"202400035519";"155 719 164";"B01";"3";"50";"0";"2";"0";"0";"3";""
"202400035520";"155 719 160";"B01";"3";"33";"0";"9";"3";"23";"1";""
"202400035520";"155 719 163";"A01";"3";"80";"0";"2";"2";"2";"3";""
"202400035521";"155 719 159";"A01";"2";"7";"0";"1";"3";"16";"2";""
"202400035522";"155 719 156";"A01";"2";"7";"4";"0";"9";"26";"1";""
"202400035523";"155 719 158";"A01";"2";"50";"0";"0";"0";"1";"3";""
"202400035524";"155 719 157";"A01";"3";"7";"0";"2";"1";"1";"1";""
"202400035524";"155 719 162";"B01";"3";"7";"0";"2";"2";"1";"1";""
"202400035525";"155 719 153";"A01";"1";"10";"0";"9";"5";"26";"1";""
"202400035525";"155 719 155";"B01";"1";"50";"0";"2";"1";"2";"3";""
"202400035526";"155 719 152";"B01";"2";"7";"0";"2";"2";"21";"1";""
"202400035526";"155 719 154";"A01";"1";"10";"0";"2";"2";"5";"1";""
"202400035527";"155 719 151";"A01";"1";"7";"0";"1";"1";"1";"1";""
"202400035528";"155 719 150";"A01";"1";"7";"0";"1";"3";"1";"1";""
"202400035529";"155 719 147";"A01";"1";"7";"0";"6";"1";"0";"2";""
"202400035530";"155 719 146";"A01";"1";"10";"0";"2";"7";"15";"1";""
"202400035530";"155 719 148";"B01";"2";"7";"0";"2";"1";"1";"1";""
"202400035531";"155 719 145";"B01";"3";"1";"0";"2";"1";"5";"5";""
"202400035531";"155 719 149";"A01";"3";"7";"0";"2";"1";"15";"1";""
"202400035532";"155 719 143";"A01";"2";"7";"0";"2";"6";"11";"1";""
"202400035532";"155 719 144";"B01";"2";"7";"0";"2";"2";"1";"1";""
"202400035533";"155 719 141";"A01";"1";"7";"0";"1";"2";"1";"1";""
"202400035534";"155 719 137";"A01";"2";"34";"0";"1";"1";"1";"1";""
"202400035535";"155 719 138";"A01";"2";"7";"0";"0";"2";"2";"1";""
"202400035535";"155 719 140";"B01";"2";"7";"1";"0";"0";"0";"1";""
"202400035536";"155 719 134";"B01";"0";"32";"0";"2";"1";"1";"1";""
"202400035536";"155 719 142";"A01";"3";"7";"0";"2";"3";"19";"1";""
"202400035537";"155 719 136";"B01";"1";"7";"7";"2";"4";"1";"1";""
"202400035537";"155 719 139";"A01";"1";"7";"0";"2";"1";"1";"2";""
"202400035538";"155 719 132";"A01";"2";"7";"0";"2";"3";"13";"2";""
"202400035538";"155 719 133";"B01";"2";"7";"0";"2";"1";"1";"1";""
"202400035538";"155 719 135";"C01";"1";"7";"0";"2";"3";"1";"1";""
"202400035539";"155 719 131";"A01";"3";"33";"0";"1";"3";"1";"1";""
"202400035540";"155 719 129";"A01";"1";"7";"0";"1";"1";"2";"1";""
"202400035541";"155 719 124";"A01";"2";"1";"0";"2";"2";"1";"5";""
"202400035541";"155 719 127";"B01";"2";"7";"0";"0";"8";"16";"1";""
"202400035542";"155 719 122";"B01";"2";"7";"0";"2";"1";"1";"1";""
"202400035542";"155 719 128";"A01";"3";"7";"0";"2";"2";"16";"1";""
"202400035543";"155 719 121";"A01";"3";"33";"0";"2";"3";"17";"1";""
"202400035543";"155 719 125";"B01";"3";"7";"0";"0";"2";"15";"1";""
"202400035544";"155 719 123";"B01";"3";"2";"0";"2";"4";"0";"1";""
"202400035544";"155 719 126";"C01";"3";"7";"0";"2";"4";"0";"1";""
"202400035544";"155 719 130";"A01";"3";"7";"0";"2";"1";"2";"1";""
"202400035545";"155 719 119";"A01";"2";"7";"0";"2";"5";"15";"3";""
"202400035545";"155 719 120";"B01";"1";"30";"0";"2";"1";"1";"1";""
"202400035546";"155 719 114";"A01";"1";"10";"1";"0";"2";"0";"1";""
"202400035546";"155 719 117";"B01";"1";"33";"1";"0";"0";"0";"1";""
"202400035547";"155 719 113";"A01";"1";"32";"0";"2";"2";"17";"1";""
"202400035547";"155 719 116";"B01";"1";"7";"0";"2";"3";"0";"1";""
"202400035548";"155 719 115";"A01";"1";"15";"0";"2";"1";"2";"1";""
"202400035548";"155 719 118";"B01";"1";"15";"0";"2";"4";"2";"1";""
"202400035549";"155 719 109";"A01";"3";"7";"0";"1";"2";"16";"1";""
"202400035550";"155 719 111";"B01";"2";"7";"0";"2";"1";"1";"1";""
"202400035550";"155 719 112";"A01";"2";"1";"0";"2";"8";"19";"5";""
"202400035551";"155 719 110";"A01";"1";"7";"12";"1";"1";"26";"1";""
"202400035552";"155 719 107";"A01";"2";"7";"1";"0";"2";"14";"1";""
"202400035553";"155 719 105";"A01";"2";"7";"0";"2";"1";"13";"1";""
"202400035553";"155 719 108";"B01";"1";"14";"0";"2";"3";"1";"1";""
"202400035554";"155 719 102";"A01";"3";"7";"0";"2";"1";"13";"1";""
"202400035554";"155 719 106";"B01";"3";"13";"0";"2";"1";"1";"1";""
"202400035555";"155 719 098";"B01";"3";"7";"0";"2";"1";"1";"0";""
"202400035555";"155 719 104";"A01";"3";"7";"0";"2";"5";"1";"0";""
"202400035556";"155 719 097";"B01";"1";"7";"0";"0";"1";"19";"0";""
"202400035556";"155 719 101";"A01";"1";"7";"7";"0";"7";"1";"1";""
"202400035557";"155 719 099";"A01";"1";"7";"0";"2";"0";"21";"1";""
"202400035557";"155 719 103";"B01";"1";"2";"16";"2";"1";"19";"1";""
"202400035558";"155 719 095";"A01";"3";"50";"0";"0";"0";"0";"3";""
"202400035559";"155 719 094";"A01";"0";"7";"0";"1";"7";"1";"1";""
"202400035560";"155 719 087";"A01";"2";"32";"1";"0";"2";"1";"1";""
"202400035560";"155 719 092";"B01";"2";"10";"0";"0";"6";"1";"1";""
"202400035561";"155 719 086";"A01";"2";"10";"1";"2";"2";"0";"1";""
"202400035561";"155 719 089";"B01";"2";"7";"0";"2";"3";"22";"1";""
"202400035562";"155 719 084";"C01";"1";"7";"0";"0";"4";"2";"1";""
"202400035562";"155 719 088";"A01";"1";"7";"0";"2";"1";"2";"1";""
"202400035562";"155 719 091";"B01";"1";"7";"0";"2";"1";"2";"1";""
"202400035563";"155 719 083";"B01";"1";"33";"0";"2";"8";"23";"1";""
"202400035563";"155 719 085";"A01";"2";"7";"0";"2";"3";"1";"1";""
"202400035564";"155 719 080";"A01";"2";"40";"0";"1";"2";"26";"0";""
"202400035565";"155 719 081";"A01";"1";"7";"6";"0";"1";"1";"1";""
"202400035566";"155 719 078";"B01";"1";"33";"0";"2";"1";"1";"1";""
"202400035566";"155 719 082";"A01";"2";"7";"0";"2";"6";"9";"1";""
"202400035567";"155 719 077";"A01";"3";"7";"0";"1";"2";"15";"1";""
"202400035568";"155 719 076";"A01";"2";"13";"0";"2";"6";"23";"1";""
"202400035568";"155 719 079";"B01";"2";"7";"1";"0";"7";"1";"1";""
"202400035569";"155 719 074";"A01";"0";"15";"0";"1";"0";"26";"0";""
"202400035570";"155 719 075";"A01";"3";"10";"0";"1";"2";"0";"0";""
"202400035571";"155 719 071";"B01";"2";"7";"0";"2";"1";"9";"1";""
"202400035571";"155 719 073";"A01";"1";"2";"0";"2";"8";"1";"1";""
"202400035572";"155 719 069";"A01";"1";"7";"0";"2";"1";"1";"1";""
"202400035572";"155 719 072";"B01";"1";"7";"0";"2";"4";"1";"1";""
"202400035573";"155 719 066";"A01";"1";"17";"3";"9";"1";"6";"1";""
"202400035574";"155 719 064";"B01";"0";"7";"0";"2";"1";"1";"1";""
"202400035574";"155 719 068";"A01";"0";"7";"0";"2";"8";"15";"1";""
"202400035575";"155 719 062";"A01";"2";"7";"0";"2";"2";"1";"1";""
"202400035575";"155 719 065";"B01";"1";"7";"0";"2";"3";"1";"1";""
"202400035576";"155 719 060";"A01";"2";"7";"0";"2";"1";"1";"1";""
"202400035576";"155 719 063";"B01";"2";"7";"0";"2";"4";"2";"1";""
"202400035576";"155 719 067";"C01";"2";"7";"0";"2";"5";"1";"1";""
"202400035576";"155 719 070";"D01";"1";"7";"0";"2";"1";"5";"2";""
"202400035577";"155 719 056";"A01";"3";"7";"0";"1";"6";"4";"3";""
"202400035578";"155 719 059";"A01";"1";"13";"0";"2";"3";"1";"1";""
"202400035578";"155 719 061";"B01";"1";"1";"0";"2";"3";"1";"5";""
"202400035579";"155 719 055";"A01";"2";"7";"0";"9";"3";"1";"1";""
"202400035579";"155 719 057";"B01";"2";"1";"0";"2";"4";"12";"5";""
"202400035580";"155 719 054";"A01";"2";"7";"0";"2";"2";"1";"1";""
"202400035580";"155 719 058";"B01";"1";"7";"0";"2";"3";"19";"1";""
"202400035581";"155 719 053";"A01";"1";"7";"6";"0";"3";"26";"1";""
"202400035582";"155 719 049";"A01";"2";"7";"2";"0";"3";"14";"1";""
"202400035583";"155 719 048";"B01";"1";"50";"0";"2";"1";"1";"3";""
"202400035583";"155 719 051";"A01";"2";"7";"0";"2";"2";"15";"1";""
"202400035584";"155 719 046";"A01";"2";"7";"0";"2";"2";"15";"2";""
"202400035584";"155 719 050";"B01";"1";"33";"0";"2";"1";"1";"1";""
"202400035585";"155 719 047";"A01";"1";"33";"0";"2";"1";"18";"1";""
"202400035585";"155 719 052";"B01";"1";"7";"0";"2";"5";"14";"3";""
"202400035586";"155 719 044";"A01";"2";"7";"1";"0";"1";"1";"1";""
"202400035587";"155 719 045";"A01";"1";"7";"6";"0";"1";"14";"2";""
"202400035588";"155 719 043";"A01";"2";"7";"0";"1";"2";"14";"1";""
"202400035589";"155 719 040";"A01";"2";"1";"0";"2";"1";"1";"5";""
"202400035589";"155 719 042";"B01";"2";"7";"0";"2";"3";"19";"1";""
"202400035590";"155 719 037";"B01";"1";"7";"0";"2";"1";"1";"1";""
"202400035590";"155 719 041";"A01";"1";"7";"0";"2";"7";"1";"1";""
"202400035591";"155 719 033";"B01";"1";"7";"0";"2";"4";"2";"1";""
"202400035591";"155 719 036";"C01";"2";"7";"0";"2";"3";"1";"1";""
"202400035591";"155 719 039";"A01";"1";"15";"0";"2";"1";"2";"1";""
"202400035592";"155 719 035";"A01";"1";"7";"0";"2";"3";"13";"1";""
"202400035592";"155 719 038";"B01";"2";"13";"0";"2";"3";"1";"1";""
"202400035593";"155 719 031";"A01";"2";"7";"0";"2";"1";"15";"2";""
"202400035593";"155 719 034";"B01";"1";"7";"0";"2";"1";"2";"1";""
"202400035594";"155 719 029";"A01";"0";"7";"0";"2";"1";"2";"1";""
"202400035594";"155 719 032";"B01";"0";"7";"0";"2";"4";"0";"1";""
"202400035595";"155 719 027";"A01";"1";"10";"16";"0";"2";"21";"1";""
"202400035596";"155 719 026";"A01";"2";"7";"0";"9";"1";"26";"1";""
"202400035596";"155 719 030";"B01";"2";"1";"0";"2";"8";"25";"5";""
"202400035597";"155 719 025";"A01";"2";"33";"0";"2";"1";"1";"1";""