"Num_Acc";"id_vehicule";"num_veh";"senc";"catv";"obs";"obsm";"choc";"manv";"motor";"occutc"
"202400035597";"155 719 028";"B01";"1";"21";"0";"0";"6";"1";"1";""
"202400035598";"155 719 024";"A01";"1";"7";"0";"1";"1";"1";"1";""
"202400035599";"155 719 023";"A01";"1";"7";"6";"0";"1";"14";"1";""
"202400035600";"155 719 021";"A01";"2";"17";"0";"0";"6";"23";"1";""
"202400035600";"155 719 022";"B01";"2";"7";"0";"2";"1";"21";"1";""
"202400035601";"155 719 016";"A01";"1";"7";"0";"2";"1";"2";"2";""
"202400035601";"155 719 020";"B01";"1";"33";"0";"2";"4";"2";"1";""
"202400035602";"155 719 015";"A01";"2";"7";"0";"2";"3";"15";"3";""
"202400035602";"155 719 018";"B01";"1";"34";"0";"2";"1";"1";"1";""
"202400035603";"155 719 017";"A01";"2";"10";"0";"2";"3";"1";"1";""
"202400035603";"155 719 019";"B01";"1";"14";"0";"2";"3";"1";"1";""
"202400035604";"155 719 011";"B01";"3";"1";"0";"2";"7";"26";"5";""
"202400035604";"155 719 014";"A01";"1";"7";"0";"9";"1";"26";"3";""
"202400035605";"155 719 012";"B01";"1";"31";"0";"2";"1";"1";"1";""
"202400035605";"155 719 013";"A01";"2";"7";"0";"2";"1";"15";"1";""
"202400035606";"155 719 007";"B01";"3";"43";"0";"2";"0";"0";"1";""
"202400035606";"155 719 010";"A01";"3";"7";"0";"2";"3";"1";"1";""
"202400035607";"155 719 008";"A01";"1";"2";"0";" -1";" -1";"1";"1";""
"202400035608";"155 719 006";"B01";"2";"2";"0";"2";"3";"1";"0";""
"202400035608";"155 719 009";"A01";"1";"7";"0";"2";"1";"9";"1";""
"202400035609";"155 719 005";"A01";"1";"7";"2";"0";"1";"1";"1";""
"202400035610";"155 719 002";"A01";"3";"7";"2";"0";"1";"13";"1";""
"202400035611";"155 719 000";"A01";"2";"7";"0";"2";"1";"13";"1";""
"202400035611";"155 719 003";"B01";"1";"15";"0";"2";"1";"1";"1";""
"202400035612";"155 719 001";"A01";"2";"7";"0";"2";"8";"11";"1";""
"202400035612";"155 719 004";"B01";"2";"2";"0";"2";"1";"2";"1";""
"202400035613";"155 718 999";"Z01";"2";"0";"0";"1";"1";"11";"0";""
"202400035614";"155 718 997";"A01";"1";"7";"0";"2";"7";"16";"1";""
"202400035614";"155 718 998";"B01";"2";"7";"0";"2";"1";"11";"1";""
"202400035615";"155 718 995";"A01";"2";"7";"2";"0";"2";"1";"1";""
"202400035616";"155 718 992";"A01";"1";"7";"0";"2";"2";"15";"1";""
"202400035616";"155 718 996";"B01";"2";"2";"0";"2";"1";"1";"0";""
"202400035617";"155 718 990";"A01";"1";"30";"0";"2";"1";"1";"1";""
"202400035617";"155 718 993";"B01";"1";"7";"0";"2";"4";"20";"3";""
"202400035618";"155 718 991";"A01";"1";"30";"0";"2";"3";"7";"1";""
"202400035618";"155 718 994";"B01";"1";"7";"0";"2";"2";"16";"1";""
"202400035619";"155 718 986";"A01";"1";"7";"0";"0";"4";"1";"1";""
"202400035619";"155 718 989";"B01";"1";"7";"0";"2";"1";"2";"1";""
"202400035620";"155 718 983";"A01";"1";"7";"0";"2";"1";"19";"1";""
"202400035620";"155 718 987";"B01";"1";"7";"0";"2";"3";"1";"1";""
"202400035621";"155 718 982";"A01";"1";"7";"0";"2";"1";"1";"1";""
"202400035621";"155 718 985";"B01";"1";"7";"0";"2";"7";"15";"1";""
"202400035621";"155 718 988";"C01";"1";"7";"0";"2";"1";"1";"1";""
"202400035622";"155 718 981";"A01";"1";"7";"13";"0";"2";"1";"1";""
"202400035623";"155 718 980";"A01";"3";"7";"3";"2";"3";"1";"1";""
"202400035623";"155 718 984";"B01";"3";"7";"3";"2";"1";"1";"1";""
"202400035624";"155 718 977";"A01";"1";"33";"0";"2";"2";"17";"1";""
"202400035624";"155 718 978";"C01";"2";"1";"0";"2";"8";"1";"5";""
"202400035624";"155 718 979";"B01";"1";"7";"0";"2";"3";"15";"2";""
"202400035625";"155 718 975";"A01";"3";"10";"0";"1";"8";"1";"1";""
"202400035626";"155 718 973";"A01";"2";"7";"0";"0";"8";"10";"1";""
"202400035626";"155 718 976";"B01";"1";"33";"0";"2";"1";"1";"1";""
"202400035627";"155 718 972";"B01";"1";"7";"11";"2";"1";"0";"1";""
"202400035627";"155 718 974";"A01";"2";"7";"2";"2";"1";"0";"1";""
"202400035628";"155 718 969";"A01";"3";"7";"0";"2";"3";"1";"1";""
"202400035628";"155 718 970";"B01";"3";"31";"0";"2";"7";"1";"1";""
"202400035629";"155 718 966";"A01";"2";"7";"0";"2";"1";"19";"1";""
"202400035629";"155 718 971";"B01";"1";"7";"0";"2";"8";"1";"1";""
"202400035630";"155 718 965";"A01";"1";"33";"0";"2";"1";"1";"1";""
"202400035630";"155 718 968";"B01";"2";"33";"0";"2";"1";"13";"1";""
"202400035631";"155 718 963";"B01";"1";"1";"0";"2";"8";"9";"5";""
"202400035631";"155 718 967";"A01";"1";"7";"0";"2";"2";"12";"1";""
"202400035632";"155 718 956";"B01";"1";"7";"0";"2";"3";"1";"0";""
"202400035632";"155 718 960";"A01";"2";"33";"0";"2";"3";"1";"1";""
"202400035633";"155 718 955";"A01";"2";"7";"0";"2";"3";"5";"2";""
"202400035633";"155 718 959";"B01";"2";"7";"0";"2";"0";"1";"1";""
"202400035633";"155 718 962";"C01";"2";"7";"0";"2";"3";"1";"1";""
"202400035633";"155 718 964";"D01";"2";"7";"0";"2";"3";"1";"1";""
"202400035634";"155 718 954";"A01";"2";"7";"0";"2";"1";"1";"1";""
"202400035634";"155 718 958";"B01";"2";"1";"0";"2";"4";"1";"5";""
"202400035635";"155 718 953";"B01";"2";"7";"0";"2";"4";"1";"0";""
"202400035635";"155 718 957";"A01";"2";"7";"1";"2";"1";"1";"1";""
"202400035635";"155 718 961";"C01";"2";"7";"0";"2";"6";"24";"1";""
"202400035636";"155 718 952";"A01";"1";"10";"0";"1";"3";"1";"1";""
"202400035637";"155 718 948";"A01";"2";"7";"1";"0";"2";"1";"1";""
"202400035638";"155 718 950";"A01";"2";"17";"6";"0";"1";"13";"1";""
"202400035639";"155 718 947";"A01";"2";"7";"0";"0";"1";"2";"2";""
"202400035639";"155 718 949";"B01";"2";"7";"0";"0";"4";"2";"1";""
"202400035639";"155 718 951";"C01";"2";"7";"0";"2";"4";"2";"1";""
"202400035640";"155 718 944";"A01";"1";"30";"0";"2";"1";"14";"1";""
"202400035640";"155 718 945";"B01";"1";"30";"0";"2";"3";"0";"1";""
"202400035641";"155 718 938";"A01";"1";"33";"0";"2";"1";"17";"1";""
"202400035641";"155 718 940";"B01";"2";"7";"0";"2";"2";"1";"1";""
"202400035642";"155 718 942";"A01";"3";"10";"4";"0";"3";"1";"1";""
"202400035643";"155 718 933";"A01";"2";"10";"6";"0";"1";"13";"1";""
"202400035644";"155 718 937";"C01";"1";"7";"0";"2";"1";"23";"1";""
"202400035644";"155 718 943";"B01";"2";"7";"0";"2";"2";"1";"1";""
"202400035644";"155 718 946";"A01";"1";"7";"0";"2";"2";"15";"1";""
"202400035645";"155 718 931";"B01";"2";"7";"0";"2";"4";"2";"1";""
"202400035645";"155 718 932";"C01";"2";"7";"0";"2";"1";"2";"1";""
"202400035645";"155 718 934";"D01";"2";"7";"0";"2";"4";"2";"1";""
"202400035645";"155 718 935";"E01";"2";"7";"0";"2";"1";"2";"1";""
"202400035645";"155 718 939";"A01";"2";"7";"0";"2";"4";"2";"1";""
"202400035645";"155 718 941";"F01";"2";"7";"0";"2";"1";"2";"1";""
"202400035646";"155 718 925";"A01";"2";"7";"8";"2";"1";"13";"1";""
"202400035646";"155 718 927";"B01";"1";"7";"0";"2";"3";"1";"1";""
"202400035647";"155 718 926";"A01";"1";"7";"0";"2";"7";"1";"1";""
"202400035647";"155 718 930";"B01";"1";"7";"0";"2";"7";"1";"1";""
"202400035647";"155 718 936";"C01";"1";"7";"0";"2";"0";"0";"1";""
"202400035648";"155 718 924";"A01";"2";"7";"0";"9";"7";"16";"1";""
"202400035648";"155 718 929";"B01";"2";"1";"0";"2";"1";"1";"5";""
"202400035649";"155 718 922";"A01";"1";"7";"3";"0";"1";"1";"1";""
"202400035650";"155 718 917";"A01";"2";"33";"0";"2";"3";"3";"1";""
"202400035650";"155 718 919";"B01";"2";"10";"0";"2";"5";"11";"1";""
"202400035651";"155 718 921";"A01";"1";"7";"0";"1";"2";"21";"1";""
"202400035652";"155 718 923";"A01";"1";"15";"0";"2";"1";"21";"1";""
"202400035652";"155 718 928";"B01";"1";"7";"0";"2";"8";"15";"1";""
"202400035653";"155 718 914";"B01";"1";"17";"0";"2";"1";"1";"0";""
"202400035653";"155 718 916";"C01";"1";"7";"0";"2";"4";"1";"3";""
"202400035653";"155 718 920";"A01";"1";"7";"0";"2";"1";"1";"1";""
"202400035654";"155 718 912";"B01";"2";"15";"0";"2";"6";"1";"1";""
"202400035654";"155 718 913";"A01";"1";"7";"0";"2";"3";"13";"1";""
"202400035655";"155 718 910";"Z01";"1";"7";"0";"1";"2";"11";"0";""
"202400035656";"155 718 909";"A01";"2";"7";"0";"2";"3";"11";"1";""
"202400035656";"155 718 911";"B01";"2";"43";"0";"2";"1";"3";"1";""
"202400035657";"155 718 908";"A01";"1";"7";"6";"0";"1";"1";"1";""
"202400035658";"155 718 903";"A01";"1";"10";"0";"2";"4";"1";"1";""
"202400035658";"155 718 904";"B01";"1";"33";"0";"2";"1";"13";"1";""
"202400035659";"155 718 902";"B01";"1";"33";"0";"2";"1";"1";"1";""
"202400035659";"155 718 906";"A01";"3";"7";"0";"2";"8";"9";"1";""
"202400035660";"155 718 901";"A01";"1";"7";"0";"0";"3";"13";"1";""
"202400035661";"155 718 899";"B01";"3";"7";"0";"2";"7";"1";"1";""
"202400035661";"155 718 905";"A01";"0";"7";"0";"2";"1";"1";"1";""
"202400035662";"155 718 897";"A01";"2";"33";"0";"0";"1";"1";"1";""
"202400035663";"155 718 894";"A01";"2";"7";"0";"2";"2";"12";"1";""
"202400035663";"155 718 898";"B01";"2";"31";"0";"2";"3";"1";"1";""
"202400035664";"155 718 893";"A01";"3";"7";"0";"2";"3";"1";"1";""
"202400035664";"155 718 896";"B01";"3";"7";"0";"2";"3";"0";"1";""
"202400035665";"155 718 895";"A01";"1";"7";"0";"2";"1";"2";"1";""
"202400035665";"155 718 900";"B01";"1";"7";"0";"2";"5";"2";"2";""
"202400035665";"155 718 907";"C01";"1";"7";"0";"2";"4";"2";"1";""
"202400035666";"155 718 891";"A01";"1";"50";"0";"0";"1";"15";"3";""
"202400035667";"155 718 889";"A01";"1";"7";"0";"0";"0";"1";"1";""
"202400035668";"155 718 884";"A01";"1";"33";"0";"2";"8";"26";"1";""
"202400035668";"155 718 888";"B01";"1";"7";"0";"2";"7";"0";"1";""
"202400035668";"155 718 890";"C01";"1";"7";"0";"2";"8";"2";"1";""
"202400035669";"155 718 885";"A01";"0";"33";"0";"0";"8";"0";"1";""
"202400035670";"155 718 883";"A01";"1";"7";"0";"2";"7";"14";"1";""
"202400035670";"155 718 886";"B01";"1";"33";"0";"2";"8";"14";"1";""
"202400035671";"155 718 887";"B01";"1";"7";"0";"2";"8";"1";"3";""
"202400035671";"155 718 892";"A01";"1";"33";"0";"2";"7";"17";"1";""
"202400035672";"155 718 878";"A01";"3";"7";"0";"0";"4";"26";"1";""
"202400035672";"155 718 880";"B01";"3";"2";"0";"2";"1";"2";"1";""
"202400035673";"155 718 879";"B01";" -1";"0";" -1";" -1";" -1";" -1";" -1";""
"202400035673";"155 718 881";"A01";"1";"34";"0";"2";"6";"1";"1";""
"202400035674";"155 718 877";"A01";"1";"7";"0";"2";"2";"1";"1";""
"202400035674";"155 718 882";"B01";"3";"7";"0";"2";"3";"15";"1";""
"202400035675";"155 718 876";"A01";"2";"1";"14";"0";"1";"26";"5";""
"202400035676";"155 718 872";"A01";"0";"7";"0";"2";"5";"1";"1";""
"202400035676";"155 718 875";"B01";"3";"43";"0";"2";"3";"3";"1";""
"202400035677";"155 718 871";"A01";"2";"7";"0";"2";"7";"1";"1";""
"202400035677";"155 718 873";"B01";"1";"7";"5";"0";"8";"1";"1";""
"202400035678";"155 718 863";"A01";"1";"7";"0";"2";"1";"1";"1";""
"202400035678";"155 718 867";"B01";"1";"10";"0";"2";"4";"1";"1";""
"202400035678";"155 718 868";"C01";"1";"7";"0";"2";"4";"1";"1";""
"202400035678";"155 718 870";"D01";"1";"7";"0";"2";"4";"1";"1";""
"202400035678";"155 718 874";"E01";"1";"7";"0";"2";"4";"1";"1";""
"202400035679";"155 718 865";"Z01";"2";"31";"0";"1";"1";"1";"1";""
"202400035680";"155 718 861";"A01";"2";"7";"0";"2";"3";"1";"1";""
"202400035680";"155 718 862";"B01";"1";"7";"0";"2";"3";"1";"1";""
"202400035681";"155 718 860";"A01";"1";"15";"0";"0";"9";"2";"1";""
"202400035682";"155 718 859";"B01";"3";"1";"0";"2";"3";"26";"5";""
"202400035682";"155 718 866";"A01";"3";"99";"0";"2";"2";"1";"1";""
"202400035683";"155 718 857";"A01";"0";"7";"0";"1";"2";"1";"1";""
"202400035684";"155 718 855";"A01";"2";"7";"0";"2";"1";"13";"1";""
"202400035684";"155 718 856";"B01";"1";"15";"0";"2";"3";"1";"1";""
"202400035685";"155 718 854";"A01";"1";"10";"0";"2";"1";"2";"1";""
"202400035685";"155 718 858";"B01";"1";"7";"0";"2";"4";"2";"1";""
"202400035685";"155 718 864";"C01";"1";"7";"0";"2";"4";"2";"1";""
"202400035685";"155 718 869";"D01";"1";"7";"0";"2";"4";"2";"1";""
"202400035686";"155 718 853";"A01";"1";"7";"6";"0";"1";"14";"1";""
"202400035687";"155 718 849";"A01";"3";"7";"0";"2";"1";"13";"1";""
"202400035687";"155 718 851";"B01";"0";"10";"0";"2";"3";"1";"1";""
"202400035688";"155 718 846";"A01";"3";"7";"12";"0";"3";"16";"1";""
"202400035689";"155 718 847";"A01";"2";"7";"0";"1";"1";"16";"1";""
"202400035690";"155 718 848";"B01";"1";"1";"0";"2";"3";"26";"5";""
"202400035690";"155 718 852";"A01";"1";"7";"0";"9";"3";"10";"1";""
"202400035691";"155 718 844";"A01";"1";"7";"4";"0";"3";"1";"1";""
"202400035692";"155 718 839";"A01";"1";"7";"0";"2";"1";"15";"1";""
"202400035692";"155 718 841";"B01";"2";"33";"0";"2";"1";"1";"1";""
"202400035693";"155 718 842";"A01";"1";"10";"0";"1";"3";"1";"1";""
"202400035694";"155 718 838";"A01";"2";"7";"0";"2";"1";"15";"1";""
"202400035694";"155 718 840";"B01";"1";"1";"0";"2";"8";"1";"5";""
"202400035695";"155 718 836";"A01";"2";"7";"0";"2";"2";"15";"1";""
"202400035695";"155 718 837";"B01";"2";"2";"0";"2";"1";"1";"1";""
"202400035696";"155 718 833";"A01";"1";"2";"0";"2";"1";"1";"1";""
"202400035696";"155 718 835";"B01";"2";"7";"0";"2";"1";"5";"1";""
"202400035697";"155 718 828";"A01";"2";"7";"2";"0";"1";"1";"1";""
"202400035698";"155 718 829";"A01";"1";"10";"0";"2";"3";"9";"1";""
"202400035698";"155 718 831";"B01";"1";"1";"0";"2";"7";"2";"5";""
"202400035699";"155 718 830";"B01";"0";"7";"0";"2";"2";"1";"1";""
"202400035699";"155 718 832";"A01";"2";"1";"0";"2";"1";"1";"5";""
"202400035700";"155 718 827";"B01";"2";"32";"0";"2";"2";"17";"1";""
"202400035700";"155 718 834";"A01";"2";"7";"0";"2";"3";"13";"1";""
"202400035701";"155 718 825";"A01";"1";"7";"0";"1";"1";"1";"1";""
"202400035702";"155 718 821";"A01";"1";"7";"0";"2";"6";"10";"1";""
"202400035702";"155 718 824";"B01";"1";"1";"0";"2";"1";"17";"5";""
"202400035703";"155 718 822";"A01";"2";"1";"11";"0";"1";"26";"5";""
"202400035704";"155 718 819";"A01";"2";"21";"0";"0";"0";"0";"1";""
"202400035705";"155 718 823";"B01";"1";"10";"0";"2";"8";"2";"1";""
"202400035705";"155 718 826";"A01";"1";"33";"0";"2";"7";"3";"1";""
"202400035706";"155 718 818";"A01";"3";"32";"0";"0";"3";"1";"3";""
"202400035707";"155 718 816";"A01";"1";"7";"13";"0";"3";"1";"1";""
"202400035708";"155 718 817";"B01";"1";"1";"0";"2";"2";"1";"5";""
"202400035708";"155 718 820";"A01";"1";"7";"0";"2";"2";"9";"2";""
"202400035709";"155 718 813";"A01";"1";"7";"4";"0";"9";"1";"1";""
"202400035710";"155 718 812";"A01";"1";"1";"0";"2";"1";"1";"5";""
"202400035710";"155 718 815";"B01";"3";"7";"0";"2";"8";"1";"1";""
"202400035711";"155 718 810";"A01";"1";"7";"3";"0";"0";"0";"1";""
"202400035712";"155 718 809";"A01";"2";"33";"0";"2";"1";"1";"1";""
"202400035712";"155 718 811";"B01";"2";"7";"0";"2";"1";"19";"1";""
"202400035712";"155 718 814";"C01";"1";"7";"0";"2";"2";"1";"1";""
"202400035713";"155 718 805";"A01";"1";"7";"0";"2";"0";"11";"1";""
"202400035713";"155 718 808";"B01";"1";"33";"0";"2";"5";"0";"1";""
"202400035714";"155 718 807";"A01";"1";"43";"0";"1";"2";"21";"1";""
"202400035715";"155 718 801";"B01";"2";"7";"0";"2";"1";"1";"1";""
"202400035715";"155 718 804";"A01";"2";"7";"0";"0";"4";"16";"1";""
"202400035716";"155 718 799";"A01";"3";"7";"0";"2";"1";"15";"1";""
"202400035716";"155 718 802";"B01";"0";"33";"0";"2";"1";"1";"1";""
"202400035716";"155 718 806";"C01";"0";"7";"0";"0";"1";"23";"1";""
"202400035717";"155 718 803";"A01";"1";"31";"0";"1";"1";"1";"3";""
"202400035718";"155 718 797";"B01";"1";"7";"9";"2";"5";"1";"1";""
"202400035718";"155 718 800";"A01";"1";"7";"9";"2";"1";"13";"1";""
"202400035719";"155 718 796";"A01";"1";"7";"13";"0";"2";"1";"1";""
"202400035720";"155 718 798";"A01";"1";"10";"0";"1";"1";"1";"1";""
"202400035721";"155 718 793";"A01";"3";"7";"0";"2";"2";"19";"1";""
"202400035721";"155 718 795";"B01";"1";"7";"0";"2";"8";"1";"1";""
"202400035722";"155 718 792";"A01";"1";"7";"8";"0";"8";"1";"1";""
"202400035723";"155 718 790";"A01";"1";"37";"0";"1";"2";"26";"1";"1"
"202400035724";"155 718 788";"A01";"3";"30";"0";"2";"7";"2";"1";""
"202400035724";"155 718 791";"B01";"3";"7";"0";"2";"8";"15";"1";""
"202400035725";"155 718 787";"A01";"2";"7";"0";"2";"7";"15";"1";""
"202400035725";"155 718 789";"B01";"1";"50";"0";"2";"1";"1";"3";""
"202400035726";"155 718 794";"A01";"2";"7";"1";"1";"2";"15";"1";""
"202400035727";"155 718 785";"A01";"1";"33";"0";"0";"1";"1";"1";""
"202400035728";"155 718 784";"B01";"0";"7";"0";"2";"3";"1";"1";""
"202400035728";"155 718 786";"A01";"0";"50";"0";"2";"1";"5";"3";""
"202400035729";"155 718 781";"B01";"3";"7";"0";"0";"0";"0";"1";""
"202400035729";"155 718 782";"A01";"3";"7";"0";"0";"0";"0";"1";""
"202400035730";"155 718 783";"A01";"1";"37";"0";"1";"2";"26";"1";"1"
"202400035731";"155 718 780";"A01";"2";"10";"0";"0";"0";"0";"1";""
"202400035732";"155 718 775";"A01";"2";"7";"2";"0";"1";"1";"1";""
"202400035733";"155 718 774";"A01";"3";"7";"0";"2";"8";"0";"0";""
"202400035733";"155 718 778";"B01";"0";"7";"0";"2";"1";"1";"0";""
"202400035734";"155 718 773";"A01";"2";"7";"0";"1";"1";"1";"1";""
"202400035735";"155 718 772";"B01";"1";"33";"0";"2";"3";"2";"1";""
"202400035735";"155 718 777";"A01";"1";"7";"0";"2";"2";"2";"1";""
"202400035736";"155 718 776";"A01";"1";"7";"0";"2";"1";"1";"1";""
"202400035736";"155 718 779";"B01";"1";"7";"0";"2";"5";"1";"1";""
"202400035737";"155 718 771";"A01";"2";"7";"15";"0";"1";"1";"1";""
"202400035738";"155 718 767";"A01";"1";"33";"12";"0";"2";"1";"1";""
"202400035739";"155 718 766";"A01";"2";"7";"0";"2";"1";"11";"1";""
"202400035739";"155 718 769";"B01";"2";"31";"0";"2";"9";"3";"1";""
"202400035739";"155 718 770";"C01";"2";"7";"0";"2";"7";"1";"1";""
"202400035740";"155 718 764";"A01";"1";"2";"0";"0";"7";"1";"1";""
"202400035741";"155 718 765";"B01";"1";"10";"0";"2";"4";"1";"1";""
"202400035741";"155 718 768";"A01";"1";"10";"0";"2";"1";"19";"1";""
"202400035742";"155 718 762";"A01";"1";"10";"0";"2";"2";"2";"1";""
"202400035742";"155 718 763";"B01";"1";"7";"8";"0";"8";"15";"1";""
"202400035743";"155 718 759";"B01";"0";"32";"0";"2";"1";"1";"1";""
"202400035743";"155 718 761";"A01";"0";"7";"0";"2";"1";"15";"2";""
"202400035744";"155 718 758";"Z01";"1";"10";"0";"0";"0";"0";"0";""
"202400035744";"155 718 760";"A01";"1";"7";"0";"2";"5";"1";"1";""
"202400035745";"155 718 757";"A01";"1";"7";"0";"1";"3";"15";"1";""
"202400035746";"155 718 755";"A01";"2";"10";"0";"1";"2";"1";"1";""
"202400035747";"155 718 754";"A01";"3";"50";"14";"0";"1";"1";"3";""
"202400035748";"155 718 756";"A01";"1";"7";"0";"1";"3";"1";"1";""
"202400035749";"155 718 751";"A01";"1";"10";"1";"0";"1";"14";"1";""
"202400035749";"155 718 753";"B01";"1";"7";"0";"2";"4";"23";"1";""
"202400035750";"155 718 749";"A01";"0";"32";"0";"0";"0";"1";"1";""
"202400035751";"155 718 747";"B01";"1";"10";"0";"2";"3";"15";"1";""
"202400035751";"155 718 750";"A01";"1";"32";"0";"2";"1";"1";"1";""
"202400035752";"155 718 748";"B01";"3";"1";"0";"2";"0";"0";"5";""
"202400035752";"155 718 752";"A01";"1";"7";"0";"9";"3";"16";"1";""
"202400035753";"155 718 744";"A01";"1";"7";"0";"2";"6";"11";"0";""
"202400035753";"155 718 745";"B01";"1";"31";"0";"2";"2";"3";"0";""
"202400035754";"155 718 740";"A01";"1";"7";"0";"2";"3";"13";"1";""
"202400035754";"155 718 743";"B01";"2";"7";"0";"2";"3";"1";"1";""
"202400035755";"155 718 738";"B01";"2";"1";"0";"2";"3";"1";"5";""
"202400035755";"155 718 742";"A01";"2";"10";"0";"2";"2";"16";"1";""
"202400035756";"155 718 741";"A01";"1";"7";"0";"1";"3";"15";"1";""
"202400035757";"155 718 739";"B01";"3";"7";"0";"2";"2";"1";"1";""
"202400035757";"155 718 746";"A01";"3";"2";"0";"2";"3";"1";"1";""
"202400035758";"155 718 736";"A01";"2";"33";"0";"2";"2";"1";"1";""
"202400035758";"155 718 737";"B01";"2";"13";"0";"2";"6";"11";"1";""
"202400035759";"155 718 735";"A01";"1";"33";"14";"0";"1";"1";"1";""
"202400035760";"155 718 734";"A01";"1";"30";"0";"0";"8";"9";"1";""
"202400035761";"155 718 733";"A01";"1";"7";"0";"1";"8";"17";"1";""
"202400035762";"155 718 730";"A01";"1";"7";"0";"2";"8";"9";"1";""
"202400035762";"155 718 731";"B01";"1";"33";"0";"2";"7";"2";"1";""
"202400035763";"155 718 729";"A01";"1";"30";"0";"1";"2";"1";"3";""
"202400035764";"155 718 728";"B01";"1";"7";"0";"2";"1";"15";"1";""
"202400035764";"155 718 732";"A01";"2";"33";"0";"2";"7";"1";"1";""
"202400035765";"155 718 725";"A01";"1";"50";"0";"2";"1";"1";"3";""
"202400035765";"155 718 727";"B01";"1";"7";"0";"2";"4";"1";"1";""
"202400035766";"155 718 723";"A01";"1";"7";"0";"2";"2";"15";"1";""
"202400035766";"155 718 726";"B01";"2";"33";"0";"2";"1";"1";"1";""
"202400035767";"155 718 722";"A01";"1";"33";"0";"2";"1";"21";"1";""
"202400035767";"155 718 724";"B01";"1";"7";"0";"0";"6";"2";"1";""
"202400035768";"155 718 721";"A01";"2";"7";"0";"1";"3";"15";"1";""
"202400035769";"155 718 720";"A01";"1";"7";"6";"1";"1";"13";"1";""
"202400035770";"155 718 718";"A01";"2";"1";"0";"0";"0";"15";"5";""
"202400035771";"155 718 717";"B01";"2";"7";"0";"2";"1";"9";"1";""
"202400035771";"155 718 719";"A01";"1";"2";"0";"2";"3";"9";"0";""
"202400035772";"155 718 714";"A01";"1";"7";"0";"1";"1";"1";"1";""
"202400035773";"155 718 711";"A01";"0";"2";"0";"2";"1";"2";"1";""
"202400035773";"155 718 713";"B01";"0";"7";"0";"2";"4";"4";"1";""
"202400035774";"155 718 708";"A01";"1";"7";"8";"0";"1";"1";"1";""
"202400035775";"155 718 710";"A01";"1";"7";"15";"0";"1";"1";"1";""
"202400035776";"155 718 712";"A01";"2";"10";"0";"2";"1";"2";"1";""
"202400035776";"155 718 715";"B01";"2";"10";"0";"2";"4";"2";"1";""
"202400035776";"155 718 716";"C01";"2";"7";"0";"2";"4";"2";"1";""
"202400035777";"155 718 707";"B01";"1";"7";"0";"2";"1";"26";"1";""
"202400035777";"155 718 709";"A01";"1";"7";"0";"2";"7";"15";"1";""
"202400035778";"155 718 706";"A01";"1";"7";"6";"0";"1";"13";"1";""
"202400035779";"155 718 702";"B01";"0";"1";"0";"2";"1";"1";"5";""
"202400035779";"155 718 705";"A01";"0";"1";"0";"2";"1";"0";"5";""
"202400035780";"155 718 698";"B01";"1";"14";"0";"2";"4";"2";"1";""
"202400035780";"155 718 700";"C01";"1";"7";"0";"2";"1";"2";"1";""
"202400035780";"155 718 704";"A01";"1";"7";"0";"2";"1";"2";"1";""
"202400035781";"155 718 699";"A01";"1";"2";"0";"6";"1";"1";"1";""
"202400035782";"155 718 697";"A01";"1";"7";"0";"2";"8";"1";"1";""
"202400035782";"155 718 701";"Y01";"1";"60";"0";"2";"0";"0";"5";""
"202400035783";"155 718 696";"A01";"0";"7";"0";"2";"8";"19";"1";""
"202400035783";"155 718 703";"B01";"1";"7";"0";"2";"1";"1";"1";""
"202400035784";"155 718 693";"A01";"2";"16";"1";"0";"1";"14";"1";""
"202400035784";"155 718 695";"B01";"2";"17";"0";"0";"4";"24";"1";""
"202400035785";"155 718 694";"A01";"1";"30";"0";"0";"0";"26";"1";""
"202400035786";"155 718 690";"A01";"1";"10";"13";"0";"1";"1";"1";""
"202400035787";"155 718 689";"A01";"3";"7";"0";"1";"2";"16";"1";""
"202400035788";"155 718 688";"A01";"3";"7";"3";"0";"1";"0";"1";""
"202400035789";"155 718 684";"A01";"1";"30";"0";"2";"3";"1";"1";""
"202400035789";"155 718 687";"B01";"2";"7";"0";"2";"1";"1";"1";""
"202400035790";"155 718 682";"B01";"2";"10";"0";"2";"2";"1";"1";""
"202400035790";"155 718 685";"A01";"1";"30";"0";"2";"1";"13";"1";""
"202400035791";"155 718 681";"B01";"3";"7";"0";"2";"1";"1";"1";""
"202400035791";"155 718 683";"A01";"3";"2";"0";"0";"8";"19";"1";""
"202400035792";"155 718 678";"A01";"2";"7";"0";"1";"1";"1";"1";""
"202400035793";"155 718 675";"B01";"2";"33";"0";"2";"1";"17";"1";""
"202400035793";"155 718 677";"A01";"1";"30";"0";"2";"4";"3";"1";""
"202400035794";"155 718 676";"B01";"1";"15";"0";"0";"0";"17";"1";""
"202400035794";"155 718 679";"A01";"1";"7";"0";"0";"8";"13";"1";""
"202400035795";"155 718 680";"B01";"1";"33";"6";"2";"1";"21";"1";""
"202400035795";"155 718 686";"A01";"1";"7";"0";"2";"3";"15";"1";""
"202400035796";"155 718 673";"A01";"1";"7";"0";"2";"1";"7";"1";""
"202400035796";"155 718 674";"B01";"2";"1";"0";"2";"1";"2";"0";""
"202400035797";"155 718 669";"A01";"1";"7";"0";"2";"1";"14";"1";""