"Num_Acc";"id_vehicule";"num_veh";"senc";"catv";"obs";"obsm";"choc";"manv";"motor";"occutc"
"202400036006";"155 718 319";"A01";"2";"36";"0";"0";"9";"1";"1";""
"202400036007";"155 718 317";"A01";"1";"7";"0";"2";"6";"15";"1";""
"202400036007";"155 718 318";"B01";"1";"33";"0";"2";"2";"17";"1";""
"202400036008";"155 718 315";"A01";"1";"7";"0";"2";"2";"17";"1";""
"202400036008";"155 718 316";"B01";"1";"80";"0";"0";"4";"13";"3";""
"202400036009";"155 718 312";"A01";"1";"33";"2";"0";"1";"1";"1";""
"202400036010";"155 718 313";"B01";"1";"32";"0";"2";"1";"2";"1";""
"202400036010";"155 718 314";"A01";"2";"7";"0";"2";"2";"19";"1";""
"202400036011";"155 718 308";"A01";"1";"7";"0";"2";"3";"22";"1";""
"202400036011";"155 718 310";"B01";"1";"80";"1";"0";"7";"2";"3";""
"202400036012";"155 718 307";"A01";"3";"1";"0";"0";"0";"0";"5";""
"202400036013";"155 718 305";"A01";"1";"33";"7";"0";"1";"1";"1";""
"202400036014";"155 718 304";"A01";"1";"7";"6";"0";"1";"0";"1";""
"202400036015";"155 718 303";"A01";"1";"30";"0";"0";"8";"13";"1";""
"202400036016";"155 718 302";"A01";"2";"7";"10";"0";"3";"13";"1";""
"202400036017";"155 718 299";"A01";"1";"7";"2";"0";"1";"26";"1";""
"202400036017";"155 718 300";"B01";"2";"7";"12";"0";"0";"0";"1";""
"202400036018";"155 718 298";"B01";"3";"80";"0";"2";"2";"1";"3";""
"202400036018";"155 718 301";"A01";"1";"7";"0";"2";"3";"9";"1";""
"202400036019";"155 718 297";"A01";"2";"7";"1";"0";"2";"14";"1";""
"202400036020";"155 718 294";"A01";"2";"33";"0";"2";"1";"17";"1";""
"202400036020";"155 718 296";"B01";"2";"7";"0";"2";"5";"15";"1";""
"202400036021";"155 718 293";"B01";"3";"7";"0";"2";"5";"1";"1";""
"202400036021";"155 718 295";"A01";"3";"7";"0";"2";"1";"1";"1";""
"202400036022";"155 718 290";"A01";"1";"7";"0";"2";"4";"2";"1";""
"202400036022";"155 718 291";"B01";"1";"0";"0";"0";"0";"0";"0";""
"202400036023";"155 718 289";"B01";"1";"7";"0";"2";"2";"21";"1";""
"202400036023";"155 718 292";"A01";"2";"7";"0";"2";"8";"15";"1";""
"202400036024";"155 718 285";"B01";"2";"7";"0";"2";"1";"0";"1";""
"202400036024";"155 718 287";"A01";"2";"7";"0";"2";"1";"5";"1";""
"202400036025";"155 718 286";"Z01";"1";"10";"0";"2";"1";"15";"1";""
"202400036025";"155 718 288";"B01";"1";"31";"0";"2";"1";"1";"1";""
"202400036026";"155 718 284";"A01";"1";"50";"13";"0";"0";"16";"3";""
"202400036027";"155 718 282";"A01";"1";"7";"9";"0";"1";"16";"1";""
"202400036028";"155 718 281";"B01";"2";"33";"0";"2";"1";"17";"1";""
"202400036028";"155 718 283";"A01";"2";"10";"0";"2";"8";"15";"1";""
"202400036029";"155 718 277";"B01";"3";"31";"0";"2";"3";"1";"1";""
"202400036029";"155 718 280";"A01";"2";"7";"0";"2";"1";"15";"1";""
"202400036030";"155 718 278";"A01";"2";"7";"0";"2";"1";"15";"1";""
"202400036030";"155 718 279";"B01";"2";"33";"0";"2";"7";"17";"1";""
"202400036031";"155 718 274";"B01";"2";"15";"12";"2";"3";"1";"1";""
"202400036031";"155 718 276";"A01";"1";"7";"0";"2";"1";"1";"1";""
"202400036032";"155 718 273";"B01";"2";"33";"0";"2";"1";"1";"1";""
"202400036032";"155 718 275";"A01";"2";"7";"0";"2";"6";"26";"1";""
"202400036033";"155 718 269";"A01";"2";"1";"0";"2";"1";"5";"5";""
"202400036033";"155 718 272";"B01";"1";"7";"0";"9";"1";"26";"1";""
"202400036034";"155 718 270";"B01";"1";"21";"0";"2";"8";"1";"1";""
"202400036034";"155 718 271";"A01";"2";"1";"0";"2";"8";"1";"5";""
"202400036035";"155 718 267";"A01";"1";"7";"0";"2";"1";"13";"1";""
"202400036035";"155 718 268";"B01";"2";"13";"0";"2";"1";"1";"1";""
"202400036036";"155 718 265";"A01";"1";"7";"0";"2";"2";"15";"1";""
"202400036036";"155 718 266";"B01";"2";"33";"0";"2";"1";"1";"1";""
"202400036037";"155 718 261";"A01";"1";"7";"0";"0";"1";"5";"0";""
"202400036037";"155 718 262";"B01";"2";"7";"0";"0";"1";"1";"0";""
"202400036038";"155 718 260";"A01";"3";"7";"0";"2";"0";"19";"1";""
"202400036038";"155 718 263";"B01";"1";"34";"0";"2";"0";"1";"1";""
"202400036039";"155 718 258";"A01";"2";"33";"0";"0";"7";"1";"1";""
"202400036040";"155 718 254";"B01";"2";"7";"0";"0";"1";"1";"1";""
"202400036040";"155 718 256";"A01";"1";"7";"0";"2";"3";"3";"1";""
"202400036041";"155 718 253";"A01";"1";"33";"0";"2";"3";"26";"1";""
"202400036041";"155 718 255";"B01";"1";"7";"0";"9";"2";"14";"1";""
"202400036042";"155 718 251";"A01";"0";"7";"0";"1";"2";"1";"1";""
"202400036043";"155 718 250";"A01";"3";"7";"0";"2";"8";"23";"1";""
"202400036043";"155 718 252";"B01";"3";"1";"1";"0";"1";"1";"5";""
"202400036044";"155 718 247";"A01";"0";"7";"0";"2";"2";"26";"1";""
"202400036044";"155 718 249";"B01";"0";"7";"0";"2";"3";"26";"1";""
"202400036045";"155 718 246";"A01";"1";"7";"8";"0";"7";"19";"1";""
"202400036045";"155 718 248";"B01";"2";"7";"8";"0";"1";"1";"1";""
"202400036046";"155 718 244";"B01";"1";"10";"0";"2";"3";"0";"1";""
"202400036046";"155 718 245";"A01";"1";"10";"0";"2";"3";"13";"1";""
"202400036047";"155 718 243";"A01";"0";"38";"0";"1";"2";"1";"1";"1"
"202400036048";"155 718 242";"A01";"2";"50";"0";"1";"1";"1";"3";""
"202400036049";"155 718 241";"A01";"2";"7";"3";"0";"1";"1";"1";""
"202400036050";"155 718 239";"A01";"3";"7";"1";"0";"1";"13";"1";""
"202400036050";"155 718 240";"B01";"2";"7";"0";"2";"1";"1";"1";""
"202400036051";"155 718 237";"B01";"3";"13";"0";"9";"2";"12";"1";""
"202400036051";"155 718 238";"A01";"3";"1";"0";"2";"3";"1";"5";""
"202400036052";"155 718 235";"Z01";"1";"2";"0";"2";"1";"3";"1";""
"202400036052";"155 718 236";"A01";"0";"7";"0";"9";"3";"26";"1";""
"202400036053";"155 718 233";"A01";"1";"33";"0";"2";"1";"0";"1";""
"202400036053";"155 718 234";"B01";"1";"7";"0";"2";"8";"0";"1";""
"202400036054";"155 718 232";"A01";"2";"31";"0";"1";"2";"21";"1";""
"202400036055";"155 718 231";"A01";"2";"7";"13";"0";"2";"9";"1";""
"202400036056";"155 718 228";"B01";"3";"7";"0";"2";"4";"1";"1";""
"202400036056";"155 718 229";"A01";"3";"43";"0";"2";"2";"13";"1";""
"202400036057";"155 718 227";"A01";"2";"7";"0";"2";"2";"2";"1";""
"202400036057";"155 718 230";"B01";"2";"7";"0";"2";"6";"2";"1";""
"202400036058";"155 718 226";"A01";"3";"33";"6";"0";"1";"26";"1";""
"202400036059";"155 718 225";"A01";"1";"37";"0";"1";"2";"1";"1";"3"
"202400036060";"155 718 223";"A01";"2";"7";"0";"2";"3";"1";"1";""
"202400036060";"155 718 224";"B01";"1";"10";"0";"2";"1";"1";"1";""
"202400036061";"155 718 220";"C01";"3";"7";"0";"0";"7";"23";"1";""
"202400036061";"155 718 221";"B01";"3";"7";"1";"2";"3";"23";"1";""
"202400036061";"155 718 222";"A01";"3";"7";"0";"2";"3";"13";"1";""
"202400036062";"155 718 218";"A01";"3";"7";"1";"2";"2";"9";"1";""
"202400036062";"155 718 219";"B01";"3";"7";"1";"2";"8";"1";"1";""
"202400036063";"155 718 215";"B01";"1";"50";"0";"2";"3";"19";"3";""
"202400036063";"155 718 216";"A01";"1";"7";"0";"2";"2";"1";"1";""
"202400036064";"155 718 214";"A01";"3";"7";"0";"1";"3";"13";"1";""
"202400036065";"155 718 212";"B01";"1";"7";"0";"2";"8";"0";"1";""
"202400036065";"155 718 213";"A01";"1";"1";"0";"2";"1";"1";"5";""
"202400036066";"155 718 210";"A01";"1";"7";"0";"0";"0";"1";"1";""
"202400036067";"155 718 209";"A01";"2";"7";"0";"2";"3";"15";"1";""
"202400036067";"155 718 211";"B01";"2";"32";"0";"2";"2";"17";"1";""
"202400036068";"155 718 208";"A01";"3";"33";"8";"0";"8";"14";"1";""
"202400036069";"155 718 207";"A01";"1";"7";"0";"1";"2";"1";"1";""
"202400036070";"155 718 205";"B01";"1";"7";"0";"2";"5";"2";"1";""
"202400036070";"155 718 206";"A01";"1";"30";"0";"2";"1";"2";"1";""
"202400036071";"155 718 204";"A01";"1";"33";"0";"5";"1";"0";"1";""
"202400036072";"155 718 203";"A01";"3";"7";"0";"0";"8";"13";"1";""
"202400036073";"155 718 202";"A01";"2";"2";"2";"0";"1";"1";"1";""
"202400036074";"155 718 201";"A01";"2";"7";"6";"0";"1";"14";"1";""
"202400036075";"155 718 199";"A01";"1";"1";"0";"2";"0";"1";"5";""
"202400036075";"155 718 200";"B01";"2";"21";"0";"9";"0";"1";"0";""
"202400036076";"155 718 196";"C01";"1";"7";"0";"2";"4";"2";"1";""
"202400036076";"155 718 197";"A01";"1";"7";"0";"2";"1";"1";"1";""
"202400036076";"155 718 198";"B01";"1";"7";"0";"2";"5";"2";"1";""
"202400036077";"155 718 195";"A01";"1";"33";"0";"0";"0";"1";"1";""
"202400036078";"155 718 192";"A01";"2";"10";"0";"2";"2";"2";"1";""
"202400036078";"155 718 194";"B01";"2";"50";"0";"2";"4";"1";"3";""
"202400036079";"155 718 191";"B01";"2";"7";"0";"2";"1";"1";"1";""
"202400036079";"155 718 193";"A01";"2";"2";"0";"2";"1";"19";"1";""
"202400036080";"155 718 187";"B01";"3";"2";"0";"2";"2";"0";"1";""
"202400036080";"155 718 189";"A01";"3";"7";"0";"2";"1";"9";"1";""
"202400036081";"155 718 188";"A01";"3";"7";"0";"2";"1";"9";"1";""
"202400036081";"155 718 190";"B01";"3";"7";"0";"2";"1";"1";"1";""
"202400036082";"155 718 184";"A01";"1";"10";"0";"2";"1";"1";"0";""
"202400036082";"155 718 186";"B01";"1";"10";"0";"2";"4";"1";"0";""
"202400036083";"155 718 183";"B01";"3";"2";"0";"2";"1";"1";"1";""
"202400036083";"155 718 185";"A01";"3";"7";"0";"2";"2";"26";"1";""
"202400036084";"155 718 182";"A01";"0";"7";"8";"0";"1";"1";"1";""
"202400036085";"155 718 181";"A01";"2";"7";"2";"0";"9";"0";"1";""
"202400036086";"155 718 179";"B01";"0";"7";"0";"2";"8";"15";"0";""
"202400036086";"155 718 180";"A01";"1";"7";"2";"2";"2";"1";"0";""
"202400036087";"155 718 177";"B01";"2";"7";"0";"2";"2";"1";"1";""
"202400036087";"155 718 178";"A01";"1";"7";"0";"2";"5";"1";"1";""
"202400036088";"155 718 175";"A01";"1";"33";"0";"2";"1";"17";"0";""
"202400036088";"155 718 176";"B01";"1";"7";"0";"2";"6";"15";"1";""
"202400036089";"155 718 174";"A01";"3";"50";"0";"0";"8";"0";"3";""
"202400036090";"155 718 173";"A01";"3";"7";"0";"1";"8";"1";"2";""
"202400036091";"155 718 170";"B01";"1";"33";"0";"2";"1";"2";"1";""
"202400036091";"155 718 172";"A01";"2";"7";"0";"2";"3";"15";"1";""
"202400036092";"155 718 169";"B01";"0";"30";"0";"2";"1";"2";"0";""
"202400036092";"155 718 171";"A01";"0";"7";"0";"2";"1";"2";"1";""
"202400036093";"155 718 167";"A01";" -1";"0";" -1";" -1";" -1";" -1";" -1";""
"202400036093";"155 718 168";"B01";" -1";"7";" -1";" -1";" -1";" -1";" -1";""
"202400036094";"155 718 165";"A01";"1";"33";"0";"0";"0";"26";"1";""
"202400036095";"155 718 164";"B01";"1";"7";"0";"2";"3";"1";"1";""
"202400036095";"155 718 166";"A01";"2";"50";"0";"2";"1";"1";"3";""
"202400036096";"155 718 162";"A01";"2";"7";"7";"0";"5";"1";"1";""
"202400036097";"155 718 160";"A01";"1";"7";"0";"2";"4";"1";"1";""
"202400036097";"155 718 161";"B01";"1";"7";"0";"2";"4";"1";"1";""
"202400036097";"155 718 163";"C01";"1";"7";"0";"2";"1";"1";"1";""
"202400036098";"155 718 158";"B01";"3";"33";"0";"2";"5";"1";"1";""
"202400036098";"155 718 159";"A01";"3";"7";"0";"2";"5";"10";"0";""
"202400036099";"155 718 156";"A01";"2";"10";"0";"2";"1";"1";"1";""
"202400036099";"155 718 157";"B01";"2";"7";"0";"2";"4";"1";"3";""
"202400036100";"155 718 154";"A01";"1";"7";"0";"2";"3";"1";"1";""
"202400036100";"155 718 155";"B01";"1";"33";"0";"2";"5";"15";"1";""
"202400036101";"155 718 151";"A01";"1";"7";"0";"2";"3";"11";"0";""
"202400036101";"155 718 153";"B01";"1";"10";"0";"2";"2";"1";"0";""
"202400036102";"155 718 150";"A01";"2";"7";"0";"2";"8";"13";"1";""
"202400036102";"155 718 152";"B01";"2";"33";"0";"2";"7";"26";"1";""
"202400036103";"155 718 146";"C01";"2";"2";"0";"2";"4";"1";"1";""
"202400036103";"155 718 147";"A01";"2";"7";"13";"2";"2";"17";"1";""
"202400036103";"155 718 149";"B01";"2";"7";"0";"2";"3";"0";"1";""
"202400036104";"155 718 143";"C01";"1";"7";"0";"2";"4";"1";"2";""
"202400036104";"155 718 145";"A01";"1";"7";"0";"2";"1";"1";"1";""
"202400036104";"155 718 148";"B01";"1";"7";"0";"2";"4";"1";"1";""
"202400036105";"155 718 141";"A01";"2";"32";"0";"2";"2";"3";"1";""
"202400036105";"155 718 142";"B01";"2";"7";"0";"2";"3";"2";"1";""
"202400036105";"155 718 144";"C01";"2";"7";"0";"2";"4";"2";"1";""
"202400036106";"155 718 138";"A01";"1";"32";"0";"2";"1";"2";"3";""
"202400036106";"155 718 140";"B01";"1";"7";"0";"2";"4";"2";"2";""
"202400036107";"155 718 134";"B01";"1";"10";"4";"2";"4";"2";"1";""
"202400036107";"155 718 135";"D01";"1";"10";"4";"2";"4";"2";"1";""
"202400036107";"155 718 136";"C01";"1";"7";"4";"2";"4";"2";"1";""
"202400036107";"155 718 137";"E01";"1";"7";"4";"2";"4";"2";"1";""
"202400036107";"155 718 139";"A01";"1";"10";"4";"2";"1";"2";"1";""
"202400036108";"155 718 132";"A01";"1";"7";"0";"2";"1";"2";"1";""
"202400036108";"155 718 133";"B01";"1";"7";"0";"2";"4";"2";"1";""
"202400036109";"155 718 130";"A01";"1";"31";"0";"2";"4";"2";"1";""
"202400036109";"155 718 131";"B01";"1";"14";"0";"2";"1";"2";"1";""
"202400036110";"155 718 127";"A01";"2";"7";"0";"2";"3";"11";"1";""
"202400036110";"155 718 128";"B01";"2";"31";"0";"2";"7";"1";"1";""
"202400036111";"155 718 126";"A01";"1";"33";"0";"2";"1";"2";"1";""
"202400036111";"155 718 129";"B01";"1";"7";"0";"2";"4";"2";"2";""
"202400036112";"155 718 125";"A01";"3";"7";"0";"1";"2";"1";"1";""
"202400036113";"155 718 123";"A01";"3";"7";"0";"2";"2";"16";"1";""
"202400036113";"155 718 124";"B01";"3";"50";"0";"2";"8";"19";"3";""
"202400036114";"155 718 122";"A01";"2";"7";"0";"1";"1";"21";"1";""
"202400036115";"155 718 120";"A01";"1";"7";"0";"2";"2";"16";"2";""
"202400036115";"155 718 121";"B01";"0";"33";"0";"0";"0";"0";"1";""
"202400036116";"155 718 119";"A01";"2";"7";"2";"0";"7";"1";"1";""
"202400036117";"155 718 117";"A01";"1";"33";"8";"0";"2";"26";"1";""
"202400036117";"155 718 118";"B01";"1";"7";"0";"0";"0";"26";"1";""
"202400036118";"155 718 113";"B01";"1";"50";"0";"2";"1";"1";"3";""
"202400036118";"155 718 114";"A01";"2";"7";"0";"2";"1";"15";"1";""
"202400036119";"155 718 112";"A01";"1";"7";"0";"2";"3";"1";"1";""
"202400036119";"155 718 115";"B01";"2";"7";"0";"2";"3";"1";"1";""
"202400036119";"155 718 116";"C01";"2";"7";"0";"2";"8";"1";"1";""
"202400036120";"155 718 110";"A01";"1";"37";"0";"2";"7";"2";"1";"1"
"202400036120";"155 718 111";"B01";"1";"50";"0";"2";"8";"1";"3";""
"202400036121";"155 718 106";"A01";"3";"7";"0";"2";"2";"22";"1";""
"202400036121";"155 718 109";"B01";"3";"50";"0";"2";"2";"2";"3";""
"202400036122";"155 718 102";"A01";"3";"1";"0";"2";"7";"15";"5";""
"202400036122";"155 718 103";"B01";"3";"7";"0";"2";"7";"1";"1";""
"202400036123";"155 718 101";"A01";"2";"33";"0";"2";"1";"1";"1";""
"202400036123";"155 718 104";"B01";"3";"7";"0";"2";"2";"15";"1";""
"202400036124";"155 718 100";"A01";"3";"7";"6";"0";"3";"13";"1";""
"202400036125";"155 718 097";"B01";"1";"7";"0";"2";"0";"0";"0";""
"202400036125";"155 718 099";"A01";"3";"30";"0";"2";"6";"15";"1";""
"202400036126";"155 718 096";"B01";"1";"43";"12";"2";"2";"1";"1";""
"202400036126";"155 718 098";"A01";"1";"10";"12";"2";"1";"5";"1";""
"202400036127";"155 718 095";"A01";"3";"7";"13";"0";"0";"14";"1";""
"202400036128";"155 718 094";"A01";"0";"7";"1";"0";"3";"26";"1";""
"202400036129";"155 718 091";"B01";"1";"50";"0";"2";"7";"1";"3";""
"202400036129";"155 718 093";"A01";"1";"7";"0";"2";"1";"1";"1";""
"202400036130";"155 718 090";"A01";"1";"38";"0";"2";"2";"11";"1";"1"
"202400036130";"155 718 092";"B01";"1";"1";"0";"2";"8";"26";"5";""
"202400036131";"155 718 087";"A01";"1";"33";"0";"2";"1";"13";"1";""
"202400036131";"155 718 088";"B01";"1";"7";"0";"2";"3";"1";"1";""
"202400036132";"155 718 086";"A01";"1";"7";"0";"2";"3";"16";"1";""
"202400036132";"155 718 089";"B01";"3";"1";"0";"2";"8";"19";"5";""
"202400036133";"155 718 084";"B01";"3";"7";"6";"0";"5";"16";"1";""
"202400036133";"155 718 085";"A01";"3";"43";"0";"2";"3";"2";"1";""
"202400036134";"155 718 082";"A01";"2";"10";"0";"2";"1";"2";"1";""
"202400036134";"155 718 083";"B01";"1";"7";"0";"2";"4";"1";"1";""
"202400036135";"155 718 081";"A01";"0";"7";"0";"1";"1";"26";"1";""
"202400036136";"155 718 079";"A01";"3";"30";"0";"2";"4";"1";"1";""
"202400036136";"155 718 080";"B01";"3";"7";"0";"2";"2";"2";"1";""
"202400036137";"155 718 077";"B01";"0";"7";"0";"2";"7";"1";"1";""
"202400036137";"155 718 078";"A01";"0";"50";"0";"2";"8";"19";"3";""
"202400036138";"155 718 075";"B01";"2";"7";"0";"2";"1";"0";"1";""
"202400036138";"155 718 076";"A01";"1";"7";"0";"2";"1";"26";"1";""
"202400036139";"155 718 073";"B01";"1";"7";"0";"2";"4";"1";"1";""
"202400036139";"155 718 074";"A01";"1";"7";"0";"2";"1";"1";"1";""
"202400036140";"155 718 071";"A01";"1";"7";"3";"2";"2";"16";"1";""
"202400036140";"155 718 072";"B01";"2";"10";"0";"2";"1";"21";"1";""
"202400036141";"155 718 069";"A01";"3";"7";"0";"2";"1";"16";"1";""
"202400036141";"155 718 070";"B01";"3";"50";"0";"2";"1";"23";"3";""
"202400036142";"155 718 067";"A01";"1";"1";"0";"0";"4";"2";"5";""
"202400036142";"155 718 068";"B01";"2";"7";"0";"2";"0";"0";"1";""
"202400036143";"155 718 064";"A01";" -1";"7";"0";"2";"1";"2";"1";""
"202400036143";"155 718 065";"B01";" -1";"7";"0";"2";"4";"23";"1";""
"202400036143";"155 718 066";"C01";" -1";"7";"0";"2";"4";"23";"1";""
"202400036144";"155 718 061";"A01";"1";"7";"0";"2";"2";"15";"3";""
"202400036144";"155 718 063";"B01";"1";"32";"0";"2";"8";"1";"1";""
"202400036145";"155 718 060";"A01";"2";"10";"0";"2";"3";"16";"1";""
"202400036145";"155 718 062";"B01";"2";"10";"0";"2";"1";"1";"1";""
"202400036146";"155 718 057";"A01";"1";"7";"0";"1";"1";"1";"1";""
"202400036147";"155 718 058";"A01";"2";"7";"0";"2";"8";"11";"1";""
"202400036147";"155 718 059";"B01";"2";"33";"0";"2";"7";"1";"1";""
"202400036148";"155 718 054";"A01";"3";"10";"0";"2";"2";"19";"1";""
"202400036148";"155 718 056";"B01";"3";"7";"0";"2";"1";"17";"1";""
"202400036149";"155 718 053";"A01";"1";"7";"0";"2";"6";"15";"1";""
"202400036149";"155 718 055";"B01";"1";"7";"0";"2";"1";"1";"1";""
"202400036150";"155 718 050";"A01";"1";"7";"0";"2";"3";"9";"1";""
"202400036150";"155 718 052";"B01";"1";"32";"0";"2";"4";"16";"1";""
"202400036151";"155 718 049";"A01";"3";"10";"0";"2";"1";"19";"1";""
"202400036151";"155 718 051";"B01";"3";"10";"0";"2";"3";"1";"1";""
"202400036152";"155 718 047";"A01";"1";"33";"0";"2";"1";"2";"1";""
"202400036152";"155 718 048";"B01";"1";"1";"0";"2";"4";"2";"5";""
"202400036153";"155 718 046";"A01";"0";"33";"0";"0";"9";"1";"1";""
"202400036154";"155 718 045";"Z01";"1";"7";"0";"1";"0";"0";"1";""
"202400036155";"155 718 041";"B01";"1";"7";"0";"2";"4";"0";"1";""
"202400036155";"155 718 043";"A01";"1";"10";"0";"2";"1";"2";"1";""
"202400036156";"155 718 042";"A01";"1";"7";"0";"2";"2";"15";"1";""
"202400036156";"155 718 044";"B01";"2";"33";"0";"2";"1";"1";"1";""
"202400036157";"155 718 040";"A01";"2";"33";"0";"0";"8";"1";"1";""
"202400036158";"155 718 039";"A01";"1";"30";"0";"1";"3";"1";"3";""
"202400036159";"155 718 036";"A01";"0";"33";"4";"0";"1";"16";"1";""
"202400036159";"155 718 038";"B01";"0";"7";"4";"0";"1";"23";"1";""
"202400036160";"155 718 035";"B01";"2";"50";"0";"2";"2";"1";"3";""
"202400036160";"155 718 037";"A01";"2";"7";"0";"2";"3";"9";"1";""
"202400036161";"155 718 033";"A01";"1";"0";"0";"1";"3";"1";"0";""
"202400036162";"155 718 032";"B01";"3";"1";"0";"2";"2";"0";"5";""
"202400036162";"155 718 034";"A01";"3";"7";"0";"2";"3";"9";"1";""
"202400036163";"155 718 030";"A01";"1";"7";"0";"1";"4";"4";"1";""
"202400036164";"155 718 025";"A01";"1";"34";"8";"2";"3";"17";"1";""
"202400036164";"155 718 027";"B01";"1";"15";"8";"0";"6";"1";"1";""
"202400036164";"155 718 028";"C01";"2";"37";"8";"0";"3";"1";"3";"1"
"202400036165";"155 718 020";"A01";"0";"7";"0";"2";"3";"1";"1";""
"202400036165";"155 718 021";"B01";"3";"1";"0";"2";"1";"13";"5";""
"202400036166";"155 718 022";"A01";"1";"7";"0";"2";"5";"16";"1";""
"202400036166";"155 718 023";"B01";"1";"1";"0";"2";"1";"1";"5";""
"202400036167";"155 718 019";"A01";"3";"30";"0";"0";"3";"1";"1";""
"202400036168";"155 718 018";"A01";"2";"1";"12";"0";"1";"14";"5";""
"202400036169";"155 718 014";"B01";"3";"7";"0";"2";"3";"15";"1";""
"202400036169";"155 718 016";"A01";"1";"7";"0";"2";"2";"1";"1";""
"202400036170";"155 718 013";"B01";"2";"1";"0";"2";"3";"19";"5";""
"202400036170";"155 718 015";"A01";"1";"7";"0";"2";"1";"1";"1";""
"202400036171";"155 718 010";"A01";"3";"7";"0";"2";"0";"1";"1";""
"202400036171";"155 718 012";"B01";"3";"7";"0";"2";"1";"1";"1";""
"202400036172";"155 718 009";"B01";"1";"15";"0";"2";"5";"16";"1";""
"202400036172";"155 718 011";"A01";"1";"50";"0";"2";"8";"13";"3";""
"202400036173";"155 718 006";"A01";"1";"50";"0";"2";"3";"1";"3";""
"202400036173";"155 718 008";"B01";"3";"50";"0";"2";"2";"1";"3";""
"202400036174";"155 718 005";"B01";"3";"1";"0";"2";"7";"1";"5";""
"202400036174";"155 718 007";"A01";"3";"7";"0";"2";"1";"9";"1";""
"202400036175";"155 718 003";"A01";"1";"7";"0";"2";"4";"1";"3";""
"202400036175";"155 718 004";"B01";"1";"32";"0";"2";"1";"2";"1";""
"202400036176";"155 718 000";"A01";"2";"7";"0";"2";"1";"2";"1";""
"202400036176";"155 718 002";"B01";"2";"7";"0";"2";"6";"9";"1";""
"202400036177";"155 717 999";"A01";"1";"7";"0";"2";"8";"1";"2";""
"202400036177";"155 718 001";"B01";"1";"1";"1";"2";"7";"17";"5";""
"202400036178";"155 717 997";"A01";"1";"7";"0";"2";"4";"1";" -1";""
"202400036178";"155 717 998";"B01";"1";"1";"0";"2";"1";"1";"5";""
"202400036179";"155 717 996";"A01";"1";"7";"0";"1";"1";"15";"1";""
"202400036180";"155 717 994";"A01";"2";"32";"0";"2";"7";"20";"1";""
"202400036180";"155 717 995";"B01";"1";"33";"0";"2";"1";"1";"1";""
"202400036181";"155 717 993";"A01";"1";"7";"0";"0";"2";"1";"1";""
"202400036182";"155 717 992";"A01";"2";"50";"0";"1";"1";"1";"3";""
"202400036183";"155 717 989";"A01";"3";"7";"0";"2";"2";"1";"1";""
"202400036183";"155 717 990";"B01";"3";"34";"0";"2";"4";"17";"1";""
"202400036184";"155 717 988";"B01";"1";"15";"0";"2";"1";"9";"1";""
"202400036184";"155 717 991";"A01";"1";"50";"0";"2";"1";"1";"3";""
"202400036185";"155 717 987";"Z01";"1";"99";"0";"1";"2";"1";"1";""
"202400036186";"155 717 986";"Z01";"1";"30";"0";"1";"1";"1";"0";""
"202400036187";"155 717 984";"B01";"2";"80";"0";"2";"7";"1";"3";""
"202400036187";"155 717 985";"A01";"2";"7";"0";"2";"1";"1";"2";""
"202400036188";"155 717 982";"B01";"1";"7";"0";"2";"1";"1";"1";""
"202400036188";"155 717 983";"A01";"2";"7";"9";"2";"1";"15";"3";""
"202400036189";"155 717 981";"A01";"2";"7";"0";"1";"2";"5";"1";""
"202400036190";"155 717 978";"A01";"3";"7";"0";"2";"1";"1";"1";""
"202400036190";"155 717 980";"B01";"3";"2";"0";"2";"1";"1";"1";""
"202400036191";"155 717 977";"B01";"3";"7";"0";"2";"2";"1";"2";""
"202400036191";"155 717 979";"A01";"3";"7";"0";"2";"1";"5";"1";""
"202400036192";"155 717 975";"B01";"2";"10";"0";"2";"3";"1";"1";""
"202400036192";"155 717 976";"A01";"2";"50";"0";"2";"1";"1";"3";""
"202400036193";"155 717 974";"A01";"1";"1";"4";"0";"8";"26";"5";""
"202400036194";"155 717 972";"A01";"1";"7";"0";"2";"2";"1";"1";""
"202400036194";"155 717 973";"B01";"1";"13";"0";"2";"1";"1";"1";""
"202400036195";"155 717 971";"A01";"1";"7";"0";"1";"7";"17";"1";""
"202400036196";"155 717 970";"A01";"1";"31";"0";"0";"0";"21";"1";""
"202400036197";"155 717 967";"A01";"1";"7";"16";"0";"8";"1";"1";""
"202400036198";"155 717 968";"A01";"3";"33";"0";"2";"5";"17";"1";""
"202400036198";"155 717 969";"B01";"3";"10";"0";"2";"3";"15";"1";""
"202400036199";"155 717 964";"B01";"0";"34";"0";"2";"2";"17";"1";""
"202400036199";"155 717 966";"A01";"3";"7";"0";"2";"6";"15";"1";""
"202400036200";"155 717 963";"A01";"3";"7";"0";"9";"2";"19";"1";""
"202400036200";"155 717 965";"B01";"3";"50";"0";"2";"1";"0";"3";""
"202400036201";"155 717 959";"A01";"2";"50";"0";"2";"1";"26";"3";""
"202400036201";"155 717 961";"B01";"1";"50";"0";"2";"1";"26";"3";""
"202400036202";"155 717 960";"B01";"2";"7";"0";"2";"2";"1";"2";""
"202400036202";"155 717 962";"A01";"2";"7";"0";"2";"3";"9";"1";""