"Num_Acc";"id_vehicule";"num_veh";"senc";"catv";"obs";"obsm";"choc";"manv";"motor";"occutc"
"202400036601";"155 717 240";"A01";"1";"7";"0";"2";"1";"9";"1";""
"202400036601";"155 717 242";"B01";"2";"50";"0";"2";"4";"1";"3";""
"202400036602";"155 717 239";"A01";"3";"50";"0";"0";"0";"1";"3";""
"202400036603";"155 717 237";"A01";"0";"7";"0";"2";"0";"1";"1";""
"202400036603";"155 717 238";"B01";"0";"80";"0";"2";"1";"1";"3";""
"202400036604";"155 717 236";"Z01";"0";"30";"0";"1";"1";"25";"1";""
"202400036605";"155 717 234";"Z01";"1";"30";"0";"1";"1";"1";"1";""
"202400036606";"155 717 232";"A01";"2";"7";"0";"2";"1";"13";"1";""
"202400036606";"155 717 235";"B01";"1";"7";"0";"2";"1";"1";"1";""
"202400036607";"155 717 231";"A01";"0";"7";"0";"2";"1";"15";"2";""
"202400036607";"155 717 233";"B01";"1";"2";"0";"2";"7";"17";"1";""
"202400036608";"155 717 229";"A01";"1";"7";"0";"2";"2";"15";"0";""
"202400036608";"155 717 230";"B01";"1";"50";"0";"2";"1";"1";"3";""
"202400036609";"155 717 227";"A01";"1";"7";"0";"2";"2";"14";"1";""
"202400036609";"155 717 228";"B01";"1";"7";"0";"2";"2";"1";"1";""
"202400036610";"155 717 226";"A01";"3";"33";"2";"0";"1";"1";"1";""
"202400036611";"155 717 223";"A01";"2";"2";"0";"2";"4";"16";"1";""
"202400036611";"155 717 225";"B01";"1";"14";"0";"2";"8";"1";"0";""
"202400036612";"155 717 222";"A01";"1";"1";"15";"0";"7";"1";"5";""
"202400036613";"155 717 220";"A01";"1";"7";"0";"2";"5";"0";"1";""
"202400036613";"155 717 224";"B01";"1";"7";"0";"2";"8";"0";"1";""
"202400036614";"155 717 218";"A01";"3";"7";"0";"2";"3";"15";"1";""
"202400036614";"155 717 221";"B01";"1";"7";"0";"2";"1";"1";"1";""
"202400036615";"155 717 214";"A01";"1";"7";"0";"2";"3";"9";"1";""
"202400036615";"155 717 217";"B01";"2";"32";"0";"2";"1";"1";"1";""
"202400036616";"155 717 215";"A01";"0";"7";"0";"0";"7";"12";"1";""
"202400036616";"155 717 219";"B01";"0";"13";"0";"2";"3";"1";"1";""
"202400036617";"155 717 213";"A01";"0";"10";"0";"2";"1";"2";"1";""
"202400036617";"155 717 216";"B01";"0";"10";"0";"2";"4";"2";"1";""
"202400036618";"155 717 212";"A01";"3";"10";"0";"1";"2";"1";"1";""
"202400036619";"155 717 209";"A01";"3";"31";"0";"2";"1";"2";"1";""
"202400036619";"155 717 211";"B01";"3";"7";"0";"2";"4";"2";"1";""
"202400036620";"155 717 205";"B01";"1";"7";"0";"9";"2";"15";"3";""
"202400036620";"155 717 206";"A01";"2";"50";"0";"2";"1";"1";"3";""
"202400036621";"155 717 204";"A01";"1";"15";"0";"0";"6";"2";"1";""
"202400036621";"155 717 210";"B01";"1";"10";"0";"2";"2";"11";"1";""
"202400036622";"155 717 202";"A01";"1";"7";"0";"2";"3";"13";"1";""
"202400036622";"155 717 203";"B01";"2";"7";"0";"2";"3";"1";"1";""
"202400036623";"155 717 201";"A01";"1";"7";"0";"0";"1";"0";"1";""
"202400036624";"155 717 200";"A01";"0";"15";"0";"1";"1";"26";"1";""
"202400036625";"155 717 199";"A01";"1";"7";"12";"0";"3";"13";"1";""
"202400036626";"155 717 198";"A01";"0";"7";"0";"1";"4";"26";"1";""
"202400036627";"155 717 196";"B01";"1";"33";"0";"0";"1";"13";"1";""
"202400036627";"155 717 197";"A01";"0";"7";"0";"0";"3";"26";"1";""
"202400036628";"155 717 194";"A01";"3";"10";"2";"0";"1";"2";"0";""
"202400036629";"155 717 195";"A01";"3";"7";"0";"1";"2";"16";"1";""
"202400036630";"155 717 193";"A01";"1";"17";"3";"0";"3";"13";"1";""
"202400036631";"155 717 192";"A01";"2";"7";"0";"1";"1";"1";"1";""
"202400036632";"155 717 190";"A01";"1";"7";"0";"9";"2";"16";"1";""
"202400036632";"155 717 191";"B01";"1";"50";"0";"2";"2";"0";"3";""
"202400036633";"155 717 187";"B01";"2";"7";"0";"2";"4";"1";"3";""
"202400036633";"155 717 189";"A01";"2";"7";"0";"2";"1";"2";"1";""
"202400036634";"155 717 186";"B01";"2";"33";"0";"2";"1";"1";"1";""
"202400036634";"155 717 188";"A01";"1";"7";"0";"2";"2";"15";"1";""
"202400036635";"155 717 185";"A01";"2";"7";"0";"1";"8";"1";"1";""
"202400036636";"155 717 182";"A01";"1";"10";"0";"2";"1";"1";"1";""
"202400036636";"155 717 184";"B01";"1";"7";"0";"2";"4";"1";"1";""
"202400036637";"155 717 180";"A01";"1";"7";"0";"2";"7";"16";"1";""
"202400036637";"155 717 183";"B01";"1";"50";"0";"2";"1";"1";"3";""
"202400036638";"155 717 179";"B01";"1";"33";"0";"2";"2";"0";"1";""
"202400036638";"155 717 181";"A01";"1";"7";"0";"2";"3";"15";"1";""
"202400036639";"155 717 177";"A01";"1";"7";"0";"2";"7";"12";"1";""
"202400036639";"155 717 178";"B01";"1";"33";"0";"2";"8";"1";"1";""
"202400036640";"155 717 176";"A01";"3";"7";"0";"2";"1";"20";"1";""
"202400036641";"155 717 175";"A01";"3";"10";"0";"1";"2";"1";"1";""
"202400036642";"155 717 173";"A01";"2";"7";"2";"0";"1";"1";"1";""
"202400036643";"155 717 172";"A01";"1";"17";"0";"2";"2";"1";"1";""
"202400036643";"155 717 174";"B01";"1";"7";"0";"2";"8";"9";"2";""
"202400036644";"155 717 169";"A01";"1";"7";"0";"1";"2";"26";"2";""
"202400036645";"155 717 167";"A01";"2";"7";"0";"2";"1";"16";"1";""
"202400036645";"155 717 171";"B01";"3";"1";"0";"2";"7";"19";"5";""
"202400036646";"155 717 165";"A01";"1";"10";"0";"2";"3";"14";"1";""
"202400036646";"155 717 166";"B01";"1";"7";"0";"2";"1";"1";"1";""
"202400036646";"155 717 168";"C01";"1";"7";"0";"2";"1";"2";"1";""
"202400036646";"155 717 170";"D01";"1";"7";"0";"2";"4";"1";"1";""
"202400036647";"155 717 162";"B01";"2";"33";"0";"2";"0";"0";"1";""
"202400036647";"155 717 164";"A01";"2";"7";"0";"2";"6";"2";"1";""
"202400036648";"155 717 159";"A01";"1";"7";"0";"2";"1";"1";"1";""
"202400036648";"155 717 161";"B01";"1";"7";"0";"2";"4";"1";"1";""
"202400036649";"155 717 158";"B01";"1";"7";"0";"2";"2";"15";"1";""
"202400036649";"155 717 160";"A01";"2";"30";"0";"2";"2";"17";"1";""
"202400036649";"155 717 163";"C01";"1";"7";"0";"2";"3";"1";"1";""
"202400036650";"155 717 155";"B01";"3";"7";"0";"2";"4";"2";"1";""
"202400036650";"155 717 157";"A01";"3";"7";"0";"2";"1";"2";"1";""
"202400036651";"155 717 154";"A01";"1";"7";"0";"2";"8";"11";"3";""
"202400036651";"155 717 156";"B01";"1";"33";"0";"2";"7";"3";"1";""
"202400036652";"155 717 153";"A01";"1";"7";"0";"1";"1";"1";"1";""
"202400036653";"155 717 151";"A01";"3";"1";"0";"0";"0";"1";"5";""
"202400036654";"155 717 147";"A01";"1";"43";"0";"2";"3";"13";"1";""
"202400036654";"155 717 149";"B01";"2";"7";"0";"2";"3";"0";"1";""
"202400036655";"155 717 146";"A01";"3";"7";"0";"2";"3";"22";"1";""
"202400036655";"155 717 148";"B01";"3";"1";"1";"0";"5";"1";"5";""
"202400036656";"155 717 143";"A01";"3";"7";"1";"0";"3";"15";"1";""
"202400036656";"155 717 145";"B01";"3";"2";"14";"0";"3";"15";"3";""
"202400036657";"155 717 141";"A01";"2";"30";"0";"2";"1";"16";"1";""
"202400036657";"155 717 144";"B01";"1";"7";"0";"2";"1";"1";"1";""
"202400036658";"155 717 140";"A01";"3";"7";"0";"2";"3";"1";"1";""
"202400036658";"155 717 142";"B01";"3";"7";"0";"2";"8";"15";"1";""
"202400036659";"155 717 138";"B01";"1";"7";"0";"2";"6";"2";"1";""
"202400036659";"155 717 139";"A01";"1";"34";"0";"2";"7";"2";"1";""
"202400036660";"155 717 136";"A01";"1";"7";"0";"2";"3";"13";"1";""
"202400036660";"155 717 137";"B01";"2";"7";"0";"2";"3";"21";"1";""
"202400036661";"155 717 135";"A01";"1";"7";"0";"1";"2";"17";"1";""
"202400036662";"155 717 132";"A01";"2";"10";"0";"2";"2";"5";"1";""
"202400036662";"155 717 134";"B01";"1";"10";"0";"2";"2";"1";"1";""
"202400036663";"155 717 130";"A01";"2";"31";"0";"2";"1";"1";"1";""
"202400036663";"155 717 131";"B01";"0";"50";"0";"2";"8";"0";"3";""
"202400036664";"155 717 128";"B01";"1";"10";"0";"2";"1";"1";"1";""
"202400036664";"155 717 129";"A01";"3";"7";"0";"2";"7";"19";"1";""
"202400036664";"155 717 133";"C01";"3";"7";"0";"2";"3";"16";"1";""
"202400036665";"155 717 127";"A01";"1";"7";"0";"1";"1";"1";"3";""
"202400036666";"155 717 125";"B01";"3";"7";"0";"9";"1";"1";"1";""
"202400036666";"155 717 126";"A01";"3";"80";"0";"2";"7";"1";"3";""
"202400036667";"155 717 123";"A01";"1";"7";"0";"1";"3";"26";"1";""
"202400036668";"155 717 122";"B01";"2";"7";"0";"2";"2";"16";"1";""
"202400036668";"155 717 124";"A01";"2";"32";"0";"2";"1";"7";"1";""
"202400036669";"155 717 121";"A01";"0";"7";"7";"0";"1";"1";"1";""
"202400036670";"155 717 120";"A01";"1";"33";"13";"0";"1";"1";"1";""
"202400036671";"155 717 119";"A01";"1";"10";"0";"1";"2";"1";"1";""
"202400036672";"155 717 117";"B01";"1";"7";"0";"2";"6";"15";"2";""
"202400036672";"155 717 118";"A01";"1";"2";"0";"2";"1";"13";"1";""
"202400036673";"155 717 116";"A01";"2";"7";"0";"1";"3";"1";"1";""
"202400036674";"155 717 114";"B01";"1";"33";"0";"2";"1";"1";"1";""
"202400036674";"155 717 115";"A01";"1";"7";"0";"0";"3";"20";"1";""
"202400036675";"155 717 112";"A01";"3";"7";"13";"0";"1";"1";"1";""
"202400036676";"155 717 110";"B01";"1";"7";"4";"2";"4";"17";"1";""
"202400036676";"155 717 113";"A01";"1";"7";"4";"2";"1";"17";"1";""
"202400036677";"155 717 109";"B01";"3";"33";"0";"2";"1";"1";"1";""
"202400036677";"155 717 111";"A01";"3";"1";"0";"2";"1";"15";"5";""
"202400036678";"155 717 106";"A01";"2";"10";"0";"2";"3";"9";"1";""
"202400036678";"155 717 108";"B01";"2";"1";"0";"2";"7";"1";"5";""
"202400036679";"155 717 105";"A01";"2";"33";"0";"2";"3";"21";"1";""
"202400036679";"155 717 107";"B01";"2";"7";"0";"2";"5";"2";"1";""
"202400036680";"155 717 103";"B01";"1";"7";"3";"2";"4";"1";"1";""
"202400036680";"155 717 104";"A01";"1";"33";"3";"2";"1";"2";"1";""
"202400036681";"155 717 101";"B01";"3";"40";"0";"2";"0";"0";"3";""
"202400036681";"155 717 102";"A01";"1";"1";"0";"4";"3";"15";"5";""
"202400036682";"155 717 100";"A01";"2";"7";"0";"1";"3";"1";"1";""
"202400036683";"155 717 098";"B01";"2";"7";"0";"2";"2";"1";"1";""
"202400036683";"155 717 099";"A01";"2";"7";"0";"2";"3";"16";"1";""
"202400036684";"155 717 096";"A01";"0";"7";"0";"1";"1";"1";"1";""
"202400036685";"155 717 094";"A01";"1";"7";"0";"2";"1";"2";"1";""
"202400036685";"155 717 095";"B01";"1";"7";"0";"2";"4";"2";"1";""
"202400036685";"155 717 097";"C01";"1";"7";"0";"2";"4";"2";"1";""
"202400036686";"155 717 091";"A01";"1";"7";"0";"2";"1";"1";"1";""
"202400036686";"155 717 093";"B01";"1";"7";"0";"2";"4";"1";"1";""
"202400036687";"155 717 088";"A01";"1";"7";"0";"2";"1";"13";"1";""
"202400036687";"155 717 090";"B01";"1";"7";"0";"2";"5";"17";"1";""
"202400036687";"155 717 092";"C01";"1";"7";"0";"2";"2";"2";"1";""
"202400036688";"155 717 087";"A01";"2";"10";"0";"2";"2";"2";"1";""
"202400036688";"155 717 089";"B01";"2";"10";"0";"2";"6";"1";"1";""
"202400036689";"155 717 085";"A01";"0";"7";"0";"1";"4";"20";"2";""
"202400036690";"155 717 086";"A01";"1";"10";"0";"1";"1";"1";"1";""
"202400036691";"155 717 083";"A01";"1";"7";"0";"2";"1";"1";"1";""
"202400036691";"155 717 084";"B01";"1";"7";"0";"2";"3";"1";"1";""
"202400036692";"155 717 081";"A01";"3";"10";"0";"1";"1";"1";"0";""
"202400036693";"155 717 080";"B01";"3";"7";"0";"2";"2";"1";"1";""
"202400036693";"155 717 082";"A01";"3";"30";"0";"2";"1";"0";"1";""
"202400036694";"155 717 077";"A01";"2";"7";"0";"2";"1";"5";"1";""
"202400036694";"155 717 079";"B01";"1";"7";"0";"2";"1";"1";"1";""
"202400036695";"155 717 076";"B01";"1";"2";"0";"2";"4";"1";"1";""
"202400036695";"155 717 078";"A01";"1";"7";"0";"2";"1";"1";"1";""
"202400036696";"155 717 071";"A01";"1";"32";"0";"2";"1";"19";"1";""
"202400036696";"155 717 075";"B01";"2";"7";"0";"2";"7";"19";"1";""
"202400036697";"155 717 070";"A01";"3";"7";"0";"2";"1";"1";"1";""
"202400036697";"155 717 073";"B01";"3";"7";"0";"2";"4";"1";"1";""
"202400036698";"155 717 072";"A01";"2";"7";"0";"2";"1";"17";"1";""
"202400036698";"155 717 074";"B01";"2";"10";"0";"2";"3";"15";"1";""
"202400036699";"155 717 067";"A01";"1";"7";"1";"2";"1";"17";"1";""
"202400036699";"155 717 069";"B01";"2";"31";"0";"2";"1";"1";"1";""
"202400036700";"155 717 066";"A01";"1";"7";"0";"1";"1";"1";"1";""
"202400036701";"155 717 065";"B01";"2";"33";"0";"2";"5";"1";"1";""
"202400036701";"155 717 068";"A01";"2";"7";"0";"2";"3";"9";"1";""
"202400036702";"155 717 061";"A01";"2";"33";"0";"0";"7";"1";"1";""
"202400036703";"155 717 062";"A01";"3";"33";"0";"2";"8";"1";"1";""
"202400036703";"155 717 064";"B01";"3";"7";"0";"2";"2";"1";"1";""
"202400036704";"155 717 059";"B01";"3";"7";"0";"2";"9";"2";"1";""
"202400036704";"155 717 060";"C01";"3";"7";"0";"2";"5";"2";"1";""
"202400036704";"155 717 063";"A01";"3";"7";"0";"2";"1";"2";"1";""
"202400036705";"155 717 058";"A01";"0";"7";"0";"1";"1";"20";"1";""
"202400036706";"155 717 057";"A01";"3";"50";"12";"0";"1";"1";"3";""
"202400036707";"155 717 056";"A01";"0";"30";"0";"1";"1";"1";"1";""
"202400036708";"155 717 053";"B01";"2";"33";"0";"2";"1";"1";"1";""
"202400036708";"155 717 055";"A01";"1";"7";"0";"2";"2";"15";"1";""
"202400036709";"155 717 052";"A01";"1";"7";"0";"2";"1";"13";"1";""
"202400036709";"155 717 054";"B01";"2";"7";"0";"2";"1";"1";"1";""
"202400036710";"155 717 051";"A01";"1";"7";"0";"1";"1";"1";"1";""
"202400036711";"155 717 049";"Z01";"1";"30";"0";"1";"1";"2";"1";""
"202400036712";"155 717 048";"A01";"3";"10";"0";"2";"7";"15";"1";""
"202400036712";"155 717 050";"B01";"3";"33";"0";"2";"1";"1";"1";""
"202400036713";"155 717 045";"B01";"2";"2";"0";"2";"8";"1";"1";""
"202400036713";"155 717 046";"A01";"1";"7";"0";"2";"3";"15";"1";""
"202400036714";"155 717 043";"A01";"1";"7";"0";"1";"3";"16";"1";""
"202400036715";"155 717 044";"Z01";"1";"7";"0";"1";"1";"1";"0";""
"202400036716";"155 717 042";"A01";"2";"7";"0";"1";"3";"1";"1";""
"202400036717";"155 717 039";"A01";"2";"2";"0";"1";"1";"1";"1";""
"202400036718";"155 717 038";"A01";"2";"7";"0";"2";"1";"2";"1";""
"202400036718";"155 717 040";"B01";"2";"7";"0";"2";"9";"0";"1";""
"202400036718";"155 717 041";"C01";"2";"7";"0";"2";"4";"2";"1";""
"202400036719";"155 717 036";"A01";"3";"7";"0";"2";"1";"1";"1";""
"202400036719";"155 717 037";"B01";"3";"10";"0";"2";"1";"1";"1";""
"202400036720";"155 717 034";"A01";"3";"33";"0";"2";"7";"17";"1";""
"202400036720";"155 717 035";"B01";"3";"10";"0";"2";"8";"1";"1";""
"202400036721";"155 717 030";"A01";"3";"7";"0";"2";"3";"1";"1";""
"202400036721";"155 717 032";"B01";"3";"7";"0";"2";"2";"0";"1";""
"202400036722";"155 717 031";"B01";"2";"7";"0";"2";"2";"2";"1";""
"202400036722";"155 717 033";"A01";"1";"7";"0";"2";"6";"26";"2";""
"202400036723";"155 717 029";"A01";"3";"38";"0";"1";"2";"1";"1";"1"
"202400036724";"155 717 027";"A01";"1";"33";"0";"2";"8";"3";"1";""
"202400036724";"155 717 028";"B01";"1";"7";"0";"2";"7";"12";"1";""
"202400036725";"155 717 025";"A01";"2";"7";"0";"2";"3";"2";"1";""
"202400036725";"155 717 026";"B01";"2";"7";"0";"0";"5";"1";"1";""
"202400036726";"155 717 021";"A01";"1";"7";"0";"2";"8";"23";"1";""
"202400036726";"155 717 023";"C01";"3";"7";"0";"2";"7";"23";"2";""
"202400036726";"155 717 024";"B01";"3";"1";"0";"2";"2";"3";"5";""
"202400036727";"155 717 022";"A01";"1";"7";"0";"1";"1";"26";"1";""
"202400036728";"155 717 020";"A01";"1";"32";"12";"0";"3";"16";"1";""
"202400036729";"155 717 018";"A01";"3";"7";"0";"2";"1";"0";"1";""
"202400036729";"155 717 019";"B01";"3";"7";"0";"2";"1";"0";"0";""
"202400036730";"155 717 016";"A01";"1";"34";"0";"2";"1";"1";"3";""
"202400036730";"155 717 017";"B01";"1";"50";"0";"2";"1";"15";"3";""
"202400036731";"155 717 015";"A01";"3";"7";"0";"1";"1";"26";"1";""
"202400036732";"155 717 014";"A01";"1";"7";"0";"1";"2";"1";"2";""
"202400036733";"155 717 013";"A01";"3";"10";"0";"1";"1";"1";"1";""
"202400036734";"155 717 012";"A01";"3";"7";"0";"1";"2";"16";"3";""
"202400036735";"155 717 010";"A01";"1";"7";"0";"2";"1";"2";"2";""
"202400036735";"155 717 011";"B01";"1";"7";"0";"2";"4";"2";"1";""
"202400036736";"155 717 008";"A01";"1";"10";"0";"1";"1";"1";"1";""
"202400036737";"155 717 005";"A01";"1";"7";"0";"1";"3";"1";"1";""
"202400036738";"155 717 003";"D01";"3";"7";"0";"2";"8";"0";"1";""
"202400036738";"155 717 004";"A01";"3";"7";"0";"1";"4";"0";"1";""
"202400036738";"155 717 006";"B01";"3";"7";"0";"2";"6";"0";"1";""
"202400036738";"155 717 007";"E01";"3";"7";"1";"2";"7";"0";"1";""
"202400036738";"155 717 009";"C01";"3";"7";"0";"2";"3";"0";"1";""
"202400036739";"155 717 001";"A01";"1";"10";"0";"2";"2";"1";"1";""
"202400036739";"155 717 002";"B01";"1";"33";"0";"2";"4";"23";"1";""
"202400036740";"155 716 999";"B01";"3";"50";"0";"2";"1";"1";"3";""
"202400036740";"155 717 000";"A01";"0";"7";"0";"2";"3";"26";"1";""
"202400036741";"155 716 997";"A01";"1";"10";"0";"2";"2";"1";"1";""
"202400036741";"155 716 998";"B01";"1";"7";"0";"2";"6";"1";"1";""
"202400036742";"155 716 996";"A01";"2";"7";"15";"0";"1";"13";"1";""
"202400036743";"155 716 994";"A01";"1";"80";"0";"2";"1";"1";"3";""
"202400036743";"155 716 995";"B01";"1";"1";"0";"2";"4";"1";"5";""
"202400036744";"155 716 992";"B01";"1";"7";"0";"2";"1";"13";"1";""
"202400036744";"155 716 993";"A01";"3";"7";"0";"2";"1";"13";"1";""
"202400036745";"155 716 991";"A01";"1";"50";"0";"1";"0";"1";"3";""
"202400036746";"155 716 987";"A01";"2";"30";"0";"2";"1";"2";"1";""
"202400036746";"155 716 989";"B01";"2";"7";"0";"2";"6";"15";"1";""
"202400036747";"155 716 985";"A01";"1";"10";"0";"1";"3";"1";"1";""
"202400036748";"155 716 984";"A01";"2";"7";"0";"2";"1";"15";"0";""
"202400036748";"155 716 986";"B01";"2";"33";"0";"2";"8";"1";"0";""
"202400036749";"155 716 983";"A01";"3";"32";"0";"1";"1";"21";"1";""
"202400036750";"155 716 982";"A01";"2";"7";"0";"1";"2";"16";"1";""
"202400036751";"155 716 979";"A01";"3";"50";"0";"2";"1";"1";"3";""
"202400036751";"155 716 981";"Y01";"3";"60";"0";"2";"1";"19";"5";""
"202400036752";"155 716 974";"E01";"1";"7";"0";"2";"8";"1";"2";""
"202400036752";"155 716 975";"A01";"1";"33";"0";"2";"1";"3";"1";""
"202400036752";"155 716 977";"B01";"1";"32";"0";"2";"4";"9";"1";""
"202400036752";"155 716 978";"C01";"1";"7";"0";"2";"8";"1";"2";""
"202400036752";"155 716 980";"D01";"1";"7";"0";"2";"8";"1";"2";""
"202400036753";"155 716 973";"B01";"1";"33";"0";"2";"2";"2";"1";""
"202400036753";"155 716 976";"A01";"1";"7";"0";"2";"6";"15";"1";""
"202400036754";"155 716 970";"B01";"1";"33";"0";"2";"3";"1";"1";""
"202400036754";"155 716 972";"A01";"1";"10";"0";"2";"5";"12";"2";""
"202400036755";"155 716 969";"B01";"1";"32";"0";"2";"1";"2";"0";""
"202400036755";"155 716 971";"A01";"1";"32";"0";"2";"8";"10";"0";""
"202400036756";"155 716 966";"B01";"1";"10";"0";"2";"6";"1";"0";""
"202400036756";"155 716 968";"A01";"1";"33";"0";"2";"2";"12";"1";""
"202400036757";"155 716 967";"A01";"1";"7";"0";"2";"1";"26";"1";""
"202400036758";"155 716 963";"B01";"1";"7";"0";"2";"6";"23";"1";""
"202400036758";"155 716 965";"A01";"1";"31";"0";"2";"1";"2";"1";""
"202400036759";"155 716 962";"B01";"3";"30";"0";"2";"4";"23";"1";""
"202400036759";"155 716 964";"A01";"3";"7";"0";"2";"1";"15";"1";""
"202400036760";"155 716 958";"A01";"1";"7";"0";"0";"0";"26";"1";""
"202400036760";"155 716 960";"B01";"1";"33";"0";"2";"0";"17";"1";""
"202400036761";"155 716 959";"A01";"2";"1";"0";"2";"8";"5";"5";""
"202400036761";"155 716 961";"B01";"2";"7";"0";"0";"8";"15";"1";""
"202400036762";"155 716 956";"A01";"1";"2";"0";"1";"1";"3";"1";""
"202400036763";"155 716 955";"A01";"2";"7";"0";"0";"1";"22";"1";""
"202400036763";"155 716 957";"B01";"2";"50";"0";"2";"1";"1";"3";""
"202400036764";"155 716 951";"A01";"0";"32";"0";"2";"1";"17";"3";""
"202400036764";"155 716 953";"B01";"0";"7";"0";"2";"2";"15";"0";""
"202400036764";"155 716 954";"C01";"0";"3";"0";"2";"8";"24";"0";""
"202400036765";"155 716 950";"A01";"1";"7";"0";"2";"2";"17";"1";""
"202400036765";"155 716 952";"B01";"1";"7";"0";"2";"6";"1";"2";""
"202400036766";"155 716 947";"B01";"1";"7";"0";"2";"0";"0";"2";""
"202400036766";"155 716 949";"A01";"1";"14";"0";"2";"2";"1";"1";""
"202400036767";"155 716 946";"B01";"1";"1";"0";"2";"1";"1";"5";""
"202400036767";"155 716 948";"A01";"1";"7";"0";"2";"3";"22";"1";""
"202400036768";"155 716 944";"A01";"1";"99";"0";"2";"8";"13";"1";""
"202400036768";"155 716 945";"B01";"0";"30";"0";"2";"8";"3";"1";""
"202400036769";"155 716 943";"A01";"2";"34";"0";"1";"1";"1";"1";""
"202400036770";"155 716 942";"A01";"2";"7";"0";"1";"2";"16";"1";""
"202400036771";"155 716 941";"A01";"2";"33";"0";"1";"1";"1";"1";""
"202400036772";"155 716 939";"B01";"0";"1";"0";"2";"3";"1";"5";""
"202400036772";"155 716 940";"A01";"0";"10";"0";"2";"1";"11";"1";""
"202400036773";"155 716 938";"Z01";"2";"30";"0";"1";"1";"1";"1";""
"202400036774";"155 716 936";"A01";"3";"36";"0";"0";"1";"0";"1";""
"202400036774";"155 716 937";"B01";"3";"31";"0";"0";"4";"0";"1";""
"202400036775";"155 716 934";"A01";"1";"14";"0";"1";"2";"16";"1";""
"202400036776";"155 716 933";"B01";"1";"10";"0";"2";"6";"2";"1";""
"202400036776";"155 716 935";"A01";"1";"33";"0";"2";"2";"2";"1";""
"202400036777";"155 716 930";"A01";"2";"7";"0";"2";"2";"1";"1";""
"202400036777";"155 716 932";"B01";"1";"7";"0";"2";"2";"1";"1";""
"202400036778";"155 716 929";"A01";"2";"30";"0";"2";"1";"13";"1";""
"202400036778";"155 716 931";"B01";"1";"10";"0";"2";"8";"1";"1";""
"202400036779";"155 716 928";"A01";"1";"7";"13";"0";"9";"13";"1";""
"202400036780";"155 716 926";"A01";"1";"50";"0";"2";"2";"1";"3";""
"202400036780";"155 716 927";"B01";"1";"7";"0";"2";"3";"1";"2";""
"202400036781";"155 716 925";"A01";"0";"7";"0";"1";"3";"0";"1";""
"202400036782";"155 716 924";"A01";"1";"7";"0";"1";"1";"1";"1";""
"202400036783";"155 716 922";"B01";"1";"10";"0";"2";"2";"1";"1";""
"202400036783";"155 716 923";"A01";"1";"7";"0";"2";"3";"9";"1";""
"202400036784";"155 716 921";"B01";"1";"80";"0";"0";"2";"13";"3";""
"202400036785";"155 716 918";"A01";"2";"7";"1";"9";"3";"22";"1";""
"202400036785";"155 716 919";"B01";"1";"1";"0";"2";"1";"1";"5";""
"202400036786";"155 716 915";"A01";"1";"7";"0";"2";"8";"13";"1";""
"202400036786";"155 716 917";"C01";"2";"7";"0";"2";"1";"1";"1";""
"202400036786";"155 716 920";"B01";"2";"7";"0";"2";"8";"1";"2";""
"202400036787";"155 716 916";"A01";"2";"32";"0";"1";"1";"1";"1";""
"202400036788";"155 716 912";"B01";"1";"30";"0";"2";"1";"13";"1";""
"202400036788";"155 716 914";"A01";"2";"7";"0";"2";"3";"1";"1";""
"202400036789";"155 716 911";"B01";"1";"50";"0";"2";"0";"0";"3";""
"202400036789";"155 716 913";"A01";"1";"7";"0";"2";"2";"16";"1";""
"202400036790";"155 716 910";"A01";"2";"7";"4";"0";"1";"14";"1";""
"202400036791";"155 716 909";"A01";"1";"30";"0";"1";"1";"25";"1";""
"202400036792";"155 716 908";"A01";"2";"7";"13";"0";"1";"17";"1";""
"202400036793";"155 716 907";"B01";"1";"2";"0";"1";"1";"0";"1";""
"202400036794";"155 716 905";"B01";"1";"7";"0";"2";"1";"1";"1";""
"202400036794";"155 716 906";"A01";"2";"7";"2";"2";"7";"13";"1";""
"202400036795";"155 716 902";"A01";"1";"7";"0";"2";"1";"2";"1";""
"202400036795";"155 716 903";"B01";"1";"10";"0";"2";"4";"2";"1";""
"202400036796";"155 716 901";"B01";"2";"7";"0";"2";"3";"1";"1";""
"202400036796";"155 716 904";"A01";"1";"32";"0";"2";"1";"13";"1";""
"202400036797";"155 716 898";"A01";"2";"0";"0";"2";"0";"12";"0";""
"202400036797";"155 716 900";"B01";"2";"32";"0";"2";"8";"2";"1";""
"202400036798";"155 716 897";"B01";"1";"7";"0";"2";"1";"1";"1";""
"202400036798";"155 716 899";"A01";"1";"10";"0";"0";"7";"15";"1";""
"202400036799";"155 716 895";"A01";"2";"33";"0";"2";"0";"2";"1";""
"202400036800";"155 716 894";"A01";"2";"10";"0";"2";"1";"1";"3";""
"202400036800";"155 716 896";"B01";"1";"7";"0";"2";"4";"2";"1";""
"202400036801";"155 716 891";"A01";"3";"7";"0";"2";"3";"1";"1";""
"202400036801";"155 716 893";"B01";"3";"15";"0";"2";"3";"1";"1";""
"202400036802";"155 716 890";"A01";"3";"7";"6";"0";"1";"1";"1";""
"202400036803";"155 716 889";"A01";"2";"7";"0";"2";"1";"1";"1";""
"202400036803";"155 716 892";"B01";"2";"32";"0";"2";"8";"1";"1";""
"202400036804";"155 716 886";"A01";"2";"7";"1";"1";"6";"20";"1";""