"Num_Acc";"id_vehicule";"num_veh";"senc";"catv";"obs";"obsm";"choc";"manv";"motor";"occutc"
"202400036805";"155 716 885";"A01";"1";"7";"0";"9";"2";"17";"1";""
"202400036805";"155 716 887";"C01";"2";"7";"0";"2";"3";"1";"1";""
"202400036805";"155 716 888";"B01";"1";"21";"0";"0";"6";"1";"1";""
"202400036806";"155 716 883";"A01";"3";"7";"0";"1";"1";"1";"3";""
"202400036807";"155 716 880";"A01";"2";"7";"0";"2";"1";"1";"1";""
"202400036807";"155 716 882";"B01";"2";"7";"0";"2";"4";"1";"1";""
"202400036808";"155 716 879";"A01";"2";"10";"0";"2";"3";"5";"1";""
"202400036808";"155 716 881";"B01";"1";"38";"0";"2";"3";"1";"1";"4"
"202400036808";"155 716 884";"C01";"1";"7";"0";"2";"3";"1";"1";""
"202400036809";"155 716 877";"A01";"2";"33";"0";"2";"1";"13";"1";""
"202400036809";"155 716 878";"B01";"1";"7";"0";"2";"1";"1";"1";""
"202400036810";"155 716 876";"A01";"1";"7";"0";"0";"9";"1";"1";""
"202400036811";"155 716 875";"A01";"1";"7";"13";"0";"1";"15";"1";""
"202400036812";"155 716 873";"A01";"2";"7";"0";"0";"3";"26";"1";""
"202400036812";"155 716 874";"B01";"1";"7";"0";"2";"3";"1";"1";""
"202400036813";"155 716 872";"A01";"1";"7";"0";"1";"2";"1";"2";""
"202400036814";"155 716 871";"A01";"3";"2";"0";"0";"0";"26";"0";""
"202400036815";"155 716 869";"A01";"1";"7";"8";"2";"7";"15";"1";""
"202400036815";"155 716 870";"B01";"2";"7";"0";"2";"1";"1";"1";""
"202400036816";"155 716 867";"A01";"1";"7";"0";"2";"2";"15";"1";""
"202400036816";"155 716 868";"B01";"2";"7";"0";"2";"1";"1";"1";""
"202400036817";"155 716 864";"A01";"2";"7";"3";"2";"1";"2";"1";""
"202400036817";"155 716 865";"B01";"2";"17";"0";"2";"4";"1";"1";""
"202400036818";"155 716 863";"A01";"2";"7";"0";"2";"1";"9";"1";""
"202400036818";"155 716 866";"B01";"1";"33";"0";"2";"1";"17";"1";""
"202400036819";"155 716 862";"A01";"1";"7";"0";"1";"3";"1";"1";""
"202400036820";"155 716 860";"B01";"3";"7";"0";"2";"2";"9";"1";""
"202400036820";"155 716 861";"A01";"3";"2";"0";"0";"6";"1";"3";""
"202400036821";"155 716 858";"B01";"2";"15";"0";"2";"3";"21";"1";""
"202400036821";"155 716 859";"A01";"1";"7";"0";"2";"3";"13";"1";""
"202400036822";"155 716 856";"A01";"1";"32";"0";"2";"7";"17";"1";""
"202400036822";"155 716 857";"B01";"2";"7";"0";"2";"8";"9";"1";""
"202400036823";"155 716 855";"A01";"0";"7";"0";"1";"1";"0";"1";""
"202400036824";"155 716 854";"A01";"3";"7";"0";"1";"1";"1";"2";""
"202400036825";"155 716 853";"A01";"1";"10";"1";"0";"1";"14";"1";""
"202400036826";"155 716 850";"A01";"2";"7";"0";"2";"1";"1";"1";""
"202400036826";"155 716 852";"B01";"1";"7";"0";"2";"1";"1";"1";""
"202400036827";"155 716 849";"A01";"1";"33";"0";"0";"7";"16";"1";""
"202400036828";"155 716 848";"A01";"1";"7";"0";"2";"3";"13";"1";""
"202400036828";"155 716 851";"B01";"2";"7";"0";"2";"3";"21";"1";""
"202400036829";"155 716 846";"A01";"2";"33";"8";"0";"1";"26";"1";""
"202400036830";"155 716 845";"A01";"1";"10";"0";"2";"1";"13";"1";""
"202400036830";"155 716 847";"B01";"2";"7";"0";"2";"1";"1";"1";""
"202400036831";"155 716 843";"A01";"2";"7";"0";"1";"1";"16";"1";""
"202400036832";"155 716 842";"A01";"0";"7";"0";"9";"2";"1";"1";""
"202400036832";"155 716 844";"B01";"2";"1";"0";"2";"8";"19";"5";""
"202400036833";"155 716 839";"A01";"2";"7";"0";"2";"0";"13";"1";""
"202400036833";"155 716 840";"B01";"1";"33";"0";"2";"1";"1";"1";""
"202400036834";"155 716 838";"B01";"2";"7";"0";"2";"2";"1";"1";""
"202400036834";"155 716 841";"A01";"1";"7";"0";"2";"8";"15";"1";""
"202400036835";"155 716 835";"B01";"2";"33";"0";"2";"1";"1";"1";""
"202400036835";"155 716 836";"A01";"2";"7";"0";"2";"8";"9";"3";""
"202400036836";"155 716 834";"B01";"2";"7";"0";"2";"8";"19";"1";""
"202400036836";"155 716 837";"A01";"1";"7";"0";"2";"1";"1";"1";""
"202400036837";"155 716 831";"B01";"3";"60";"0";"2";"1";"19";"5";""
"202400036837";"155 716 833";"A01";"3";"7";"0";"2";"3";"1";"2";""
"202400036838";"155 716 830";"A01";"2";"7";"0";"0";"0";"1";"1";""
"202400036838";"155 716 832";"C01";"1";"7";"0";"2";"3";"1";"1";""
"202400036839";"155 716 828";"A01";"1";"7";"0";"1";"1";"1";"1";""
"202400036840";"155 716 827";"B01";"1";"7";"0";"2";"3";"9";"1";""
"202400036840";"155 716 829";"A01";"1";"1";"0";"2";"7";"1";"5";""
"202400036841";"155 716 825";"A01";"2";"7";"0";"6";"1";"1";"1";""
"202400036842";"155 716 824";"A01";"2";"7";"0";"2";"6";"1";"1";""
"202400036842";"155 716 826";"B01";"2";"15";"0";"2";"2";"12";"1";""
"202400036843";"155 716 821";"B01";"1";"7";"0";"2";"3";"9";"1";""
"202400036843";"155 716 823";"A01";"1";"2";"0";"2";"1";"1";"1";""
"202400036844";"155 716 820";"A01";"2";"10";"0";"2";"1";"2";"1";""
"202400036844";"155 716 822";"B01";"2";"15";"0";"2";"4";"2";"1";""
"202400036845";"155 716 819";"A01";"1";"7";"0";"0";"7";"1";"1";""
"202400036846";"155 716 817";"A01";"2";"33";"0";"2";"1";"3";"1";""
"202400036846";"155 716 818";"B01";"2";"10";"0";"2";"4";"11";" -1";""
"202400036847";"155 716 815";"A01";"1";"31";"0";"2";"1";"1";"1";""
"202400036847";"155 716 816";"B01";"2";"7";"0";"2";"1";"17";"1";""
"202400036848";"155 716 813";"A01";"1";"17";"0";"2";"4";"1";"1";""
"202400036848";"155 716 814";"B01";"1";"10";"0";"2";"1";"1";"1";""
"202400036849";"155 716 811";"B01";"2";"33";"0";"2";"1";"1";"1";""
"202400036849";"155 716 812";"A01";"1";"7";"0";"2";"7";"15";"1";""
"202400036850";"155 716 809";"A01";"1";"7";"0";"2";"1";"2";"1";""
"202400036850";"155 716 810";"B01";"1";"7";"0";"2";"4";"2";"1";""
"202400036851";"155 716 807";"A01";"2";"7";"0";"2";"3";"15";"1";""
"202400036851";"155 716 808";"B01";"1";"7";"0";"2";"3";"1";"1";""
"202400036852";"155 716 805";"A01";"2";"7";"4";"2";"8";"11";"1";""
"202400036852";"155 716 806";"B01";"2";"33";"4";"2";"2";"1";"1";""
"202400036853";"155 716 803";"A01";"1";"7";"0";"2";"3";"13";"1";""
"202400036853";"155 716 804";"B01";"2";"7";"0";"2";"3";"14";"2";""
"202400036854";"155 716 800";"B01";"1";"10";"0";"2";"2";"21";"1";""
"202400036854";"155 716 801";"A01";"1";"7";"0";"2";"6";"2";"1";""
"202400036854";"155 716 802";"C01";"1";"33";"0";"2";"7";"2";"1";""
"202400036855";"155 716 796";"A01";"2";"33";"0";"2";"2";"3";"1";""
"202400036855";"155 716 798";"B01";"2";"7";"0";"2";"3";"13";"1";""
"202400036856";"155 716 794";"A01";"1";"14";"0";"2";"1";"13";"1";""
"202400036856";"155 716 795";"B01";"2";"10";"0";"2";"1";"1";"1";""
"202400036856";"155 716 797";"C01";"2";"7";"0";"2";"1";"1";"1";""
"202400036856";"155 716 799";"D01";"2";"10";"0";"2";"1";"1";"1";""
"202400036857";"155 716 791";"A01";"2";"10";"0";"2";"1";"2";"1";""
"202400036857";"155 716 792";"B01";"2";"7";"0";"2";"4";"0";"1";""
"202400036857";"155 716 793";"C01";"2";"7";"0";"2";"4";"0";"1";""
"202400036858";"155 716 790";"A01";"1";"7";"0";"0";"2";"17";"1";""
"202400036859";"155 716 788";"A01";"1";"7";"3";"0";"3";"0";"1";""
"202400036860";"155 716 785";"A01";"2";"7";"0";"2";"1";"1";"1";""
"202400036860";"155 716 787";"B01";"2";"7";"0";"2";"4";"1";"1";""
"202400036860";"155 716 789";"C01";"2";"7";"0";"2";"4";"1";"1";""
"202400036861";"155 716 783";"A01";"1";"7";"0";"2";"4";"15";"1";""
"202400036861";"155 716 784";"B01";"1";"15";"0";"2";"3";"2";"1";""
"202400036861";"155 716 786";"C01";"1";"7";"0";"2";"1";"2";"1";""
"202400036862";"155 716 781";"B01";"2";"7";"0";"2";"4";"2";"1";""
"202400036862";"155 716 782";"A01";"2";"14";"0";"2";"1";"2";"1";""
"202400036863";"155 716 778";"A01";"1";"32";"0";"2";"1";"2";"1";""
"202400036863";"155 716 779";"B01";"1";"7";"0";"0";"4";"23";"1";""
"202400036864";"155 716 776";"B01";"1";"15";"0";"2";"5";"15";"1";""
"202400036864";"155 716 777";"C01";"1";"15";"0";"2";"3";"1";"1";""
"202400036864";"155 716 780";"A01";"1";"7";"3";"2";"3";"17";"1";""
"202400036865";"155 716 775";"A01";"1";"7";"0";"1";"1";"1";"0";""
"202400036866";"155 716 772";"A01";"1";"10";"0";"2";"8";"15";"1";""
"202400036866";"155 716 774";"B01";"2";"32";"0";"2";"3";"17";"1";""
"202400036867";"155 716 771";"B01";"2";"1";"0";"2";"3";"23";"5";""
"202400036867";"155 716 773";"A01";"2";"7";"0";"2";"2";"14";"1";""
"202400036868";"155 716 769";"A01";"1";"1";"1";"0";"1";"21";"5";""
"202400036869";"155 716 767";"B01";"1";"33";"0";"2";"8";"3";"1";""
"202400036869";"155 716 768";"C01";"1";"7";"0";"2";"8";"1";"1";""
"202400036869";"155 716 770";"A01";"1";"7";"0";"2";"7";"12";"1";""
"202400036870";"155 716 765";"A01";"1";"34";"0";"2";"1";"2";"1";""
"202400036870";"155 716 766";"B01";"1";"7";"0";"0";"6";"2";"2";""
"202400036871";"155 716 764";"A01";"1";"7";"0";"1";"1";"1";"1";""
"202400036872";"155 716 762";"A01";"3";"7";"0";"1";"4";"26";"6";""
"202400036873";"155 716 761";"A01";"1";"2";"0";"2";"1";"2";"1";""
"202400036873";"155 716 763";"B01";"1";"7";"0";"2";"5";"1";"1";""
"202400036874";"155 716 759";"A01";"2";"7";"13";"0";"2";"1";"1";""
"202400036875";"155 716 757";"A01";"1";"10";"8";"0";"1";"14";"1";""
"202400036876";"155 716 756";"A01";"1";"7";"0";"1";"3";"21";"1";""
"202400036877";"155 716 755";"A01";"0";"7";"13";"0";"1";"1";"1";""
"202400036878";"155 716 753";"B01";"3";"31";"0";"2";"1";"1";"0";""
"202400036878";"155 716 754";"A01";"3";"7";"0";"2";"3";"15";"1";""
"202400036879";"155 716 752";"A01";"1";"33";"0";"6";"1";"1";"1";""
"202400036880";"155 716 751";"A01";"2";"10";"8";"0";"1";"1";"1";""
"202400036881";"155 716 749";"A01";"1";"7";"0";"2";"3";"13";"1";""
"202400036881";"155 716 750";"B01";"2";"7";"0";"2";"3";"1";"1";""
"202400036882";"155 716 748";"A01";"1";"7";"2";"0";"1";"1";"1";""
"202400036883";"155 716 747";"A01";"3";"7";"0";"1";"2";"1";"1";""
"202400036884";"155 716 746";"A01";"1";"7";"0";"1";"2";"1";"1";""
"202400036885";"155 716 744";"A01";"0";"7";"0";"0";"3";"1";"1";""
"202400036885";"155 716 745";"B01";"0";"7";"0";"0";"3";"1";"1";""
"202400036886";"155 716 742";"A01";"2";"10";"0";"2";"2";"1";"1";""
"202400036886";"155 716 743";"B01";"2";"7";"0";"2";"6";"1";"1";""
"202400036887";"155 716 741";"A01";"2";"7";"0";"1";"1";"2";"1";""
"202400036888";"155 716 738";"A01";"2";"7";"0";"2";"7";"14";"1";""
"202400036888";"155 716 739";"B01";"2";"33";"0";"2";"8";"3";"1";""
"202400036888";"155 716 740";"C01";"2";"7";"0";"2";"8";"2";"2";""
"202400036889";"155 716 735";"A01";"2";"10";"0";"9";"4";"1";"1";""
"202400036889";"155 716 736";"B01";"2";"10";"0";"2";"1";"2";"1";""
"202400036889";"155 716 737";"C01";"2";"7";"0";"2";"1";"2";"1";""
"202400036890";"155 716 733";"A01";"1";"7";"4";"2";"1";"1";"1";""
"202400036890";"155 716 734";"B01";"1";"7";"4";"0";"4";"2";"3";""
"202400036891";"155 716 732";"A01";"1";"7";"13";"0";"0";"0";"1";""
"202400036892";"155 716 728";"B01";"2";"7";"0";"2";"4";"2";"1";""
"202400036892";"155 716 729";"C01";"2";"7";"0";"2";"5";"2";"1";""
"202400036892";"155 716 730";"D01";"2";"7";"0";"2";"4";"2";"1";""
"202400036892";"155 716 731";"A01";"2";"10";"0";"2";"1";"2";"1";""
"202400036893";"155 716 726";"A01";"2";"33";"0";"2";"1";"1";"1";""
"202400036893";"155 716 727";"B01";"2";"7";"0";"2";"4";"2";"1";""
"202400036894";"155 716 723";"B01";"1";"7";"0";"2";"9";"2";"1";""
"202400036894";"155 716 724";"C01";"1";"7";"0";"2";"3";"2";"1";""
"202400036894";"155 716 725";"A01";"1";"7";"0";"2";"1";"2";"1";""
"202400036895";"155 716 719";"B01";"1";"7";"0";"2";"4";"1";"0";""
"202400036895";"155 716 720";"C01";"1";"7";"0";"2";"4";"1";"0";""
"202400036895";"155 716 721";"A01";"1";"7";"0";"2";"1";"1";"1";""
"202400036895";"155 716 722";"D01";"1";"7";"0";"2";"4";"1";"0";""
"202400036896";"155 716 717";"A01";"2";"7";"0";"2";"7";"12";"1";""
"202400036896";"155 716 718";"B01";"2";"32";"0";"2";"1";"3";"1";""
"202400036897";"155 716 716";"A01";"2";"43";"0";"2";"1";"18";"1";""
"202400036898";"155 716 714";"A01";"1";"33";"0";"2";"7";"3";"1";""
"202400036898";"155 716 715";"B01";"1";"7";"0";"2";"8";"11";"1";""
"202400036899";"155 716 712";"A01";"1";"7";"0";"2";"2";"2";"1";""
"202400036899";"155 716 713";"B01";"1";"7";"0";"2";"6";"2";"1";""
"202400036900";"155 716 709";"C01";"1";"10";"0";"2";"6";"1";"1";""
"202400036900";"155 716 710";"A01";"1";"7";"0";"2";"1";"18";"1";""
"202400036900";"155 716 711";"B01";"1";"7";"0";"2";"5";"1";"2";""
"202400036901";"155 716 707";"A01";"1";"33";"0";"2";"3";"3";"1";""
"202400036901";"155 716 708";"B01";"1";"7";"0";"2";"7";"12";"1";""
"202400036902";"155 716 705";"A01";"2";"7";"0";"2";"8";"11";"1";""
"202400036902";"155 716 706";"B01";"2";"32";"0";"2";"7";"1";"1";""
"202400036903";"155 716 704";"A01";"2";"7";"4";"0";"1";"2";"1";""
"202400036904";"155 716 702";"B01";"2";"7";"0";"9";"5";"1";"2";""
"202400036904";"155 716 703";"A01";"2";"7";"0";"2";"1";"21";"1";""
"202400036905";"155 716 700";"A01";"1";"7";"0";"2";"1";"2";"1";""
"202400036905";"155 716 701";"B01";"1";"7";"0";"2";"4";"23";"1";""
"202400036906";"155 716 698";"A01";"2";"33";"0";"2";"2";"3";"1";""
"202400036906";"155 716 699";"B01";"2";"7";"0";"2";"6";"11";"1";""
"202400036907";"155 716 696";"B01";"1";"7";"0";"2";"4";"4";"1";""
"202400036907";"155 716 697";"A01";"1";"31";"0";"2";"1";"0";"1";""
"202400036908";"155 716 695";"A01";"2";"7";"0";"1";"0";"1";"0";""
"202400036909";"155 716 693";"A01";"1";"7";"0";"2";"0";"0";"1";""
"202400036909";"155 716 694";"B01";"1";"1";"0";"2";"0";"0";"5";""
"202400036910";"155 716 690";"B01";"2";"7";"0";"2";"4";"2";"1";""
"202400036910";"155 716 691";"A01";"2";"7";"0";"2";"1";"2";"0";""
"202400036910";"155 716 692";"C01";"2";"7";"0";"2";"4";"2";"1";""
"202400036911";"155 716 689";"A01";"1";"50";"14";"0";"0";"1";"3";""
"202400036912";"155 716 687";"A01";"1";"7";"0";"2";"2";"1";"1";""
"202400036912";"155 716 688";"C01";"2";"7";"0";"2";"8";"0";"1";""
"202400036913";"155 716 686";"A01";"1";"7";"0";"1";"1";"1";"1";""
"202400036914";"155 716 684";"A01";"2";"7";"0";"2";"3";"1";" -1";""
"202400036914";"155 716 685";"B01";"2";"7";"0";"2";"7";"1";" -1";""
"202400036915";"155 716 683";"A01";"1";"30";"0";"1";"1";"1";"1";""
"202400036916";"155 716 682";"A01";"1";"7";"1";"0";"2";"9";"1";""
"202400036917";"155 716 681";"A01";"1";"33";"0";"0";"0";"1";"1";""
"202400036918";"155 716 680";"A01";"2";"7";"1";"0";"1";"1";"0";""
"202400036919";"155 716 677";"A01";"2";"7";"0";"2";"1";"13";"1";""
"202400036919";"155 716 678";"B01";"1";"10";"0";"2";"3";"1";"1";""
"202400036919";"155 716 679";"C01";"1";"7";"0";"2";"3";"1";"1";""
"202400036920";"155 716 676";"A01";"1";"7";"3";"0";"1";"1";"1";""
"202400036921";"155 716 675";"A01";"1";"7";"0";"1";"2";"1";"1";""
"202400036922";"155 716 674";"A01";"1";"60";"0";"0";"0";"0";"5";""
"202400036923";"155 716 673";"A01";"1";"7";"0";"2";"0";"1";"1";""
"202400036924";"155 716 671";"A01";"1";"7";"0";"2";"0";"0";"1";""
"202400036924";"155 716 672";"B01";"1";"1";"0";"2";"0";"0";"5";""
"202400036925";"155 716 667";"B01";"1";"7";"8";"2";"1";"1";"3";""
"202400036925";"155 716 668";"A01";"1";"10";"0";"0";"5";"1";"1";""
"202400036926";"155 716 665";"A01";"3";"7";"0";"2";"1";"15";"1";""
"202400036926";"155 716 666";"B01";"3";"32";"0";"2";"3";"1";"1";""
"202400036927";"155 716 663";"A01";"2";"30";"0";"2";"1";"15";"1";""
"202400036927";"155 716 664";"B01";"1";"30";"0";"2";"1";"1";"1";""
"202400036928";"155 716 662";"A01";"0";"10";"0";"1";"5";"4";"1";""
"202400036929";"155 716 660";"B01";"2";"7";"0";"2";"3";"1";"1";""
"202400036929";"155 716 661";"A01";"1";"7";"0";"2";"6";"16";"1";""
"202400036930";"155 716 658";"A01";"1";"7";"0";"2";"5";"26";"1";""
"202400036930";"155 716 659";"B01";"1";"7";"0";"2";"1";"11";"1";""
"202400036931";"155 716 656";"B01";"1";"7";"0";"0";"8";"1";"3";""
"202400036931";"155 716 657";"A01";"1";"7";"0";"0";"1";"15";"1";""
"202400036932";"155 716 655";"A01";"2";"7";"0";"1";"1";"19";"1";""
"202400036933";"155 716 654";"A01";"2";"7";"0";"1";"3";"1";"1";""
"202400036934";"155 716 652";"A01";"2";"10";"0";"2";"1";"9";"1";""
"202400036934";"155 716 653";"B01";"2";"31";"0";"2";"7";"1";"1";""
"202400036935";"155 716 650";"B01";"2";"7";"0";"2";"2";"9";"1";""
"202400036935";"155 716 651";"A01";"2";"7";"0";"2";"3";"9";"1";""
"202400036936";"155 716 649";"A01";"3";"7";"2";"0";"1";"14";"1";""
"202400036937";"155 716 647";"A01";"1";"7";"0";"2";"1";"1";"1";""
"202400036937";"155 716 648";"B01";"2";"7";"0";"2";"7";"16";"1";""
"202400036938";"155 716 645";"B01";"3";"2";"0";"2";"5";"9";"1";""
"202400036938";"155 716 646";"A01";"1";"7";"0";"2";"3";"13";"1";""
"202400036939";"155 716 644";"A01";"2";"7";"0";"1";"1";"17";"1";""
"202400036940";"155 716 643";"A01";"1";"30";"0";"0";"0";"1";"1";""
"202400036941";"155 716 640";"A01";"1";"10";"0";"2";"1";"2";"1";""
"202400036941";"155 716 641";"B01";"1";"7";"0";"2";"4";"2";"1";""
"202400036941";"155 716 642";"C01";"1";"7";"0";"2";"7";"1";"1";""
"202400036942";"155 716 638";"A01";"2";"30";"0";"2";"8";"1";"1";""
"202400036942";"155 716 639";"B01";"1";"7";"0";"2";"3";"15";"1";""
"202400036943";"155 716 637";"A01";"1";"0";"0";"1";"1";"0";"0";""
"202400036944";"155 716 633";"D01";"2";"7";"0";"2";"4";"2";"0";""
"202400036944";"155 716 634";"A01";"2";"7";"0";"2";"1";"2";"0";""
"202400036944";"155 716 635";"B01";"2";"7";"0";"2";"4";"2";"0";""
"202400036944";"155 716 636";"C01";"2";"7";"0";"2";"4";"2";"0";""
"202400036945";"155 716 631";"B01";"2";"7";"0";"2";"3";"0";"1";""
"202400036945";"155 716 632";"A01";"1";"7";"0";"2";"1";"1";"1";""
"202400036946";"155 716 627";"U01";"3";"10";"0";"2";"0";"1";"1";""
"202400036946";"155 716 628";"A01";"3";"14";"0";"2";"5";"17";"1";""
"202400036946";"155 716 629";"T01";"3";"10";"0";"2";"0";"23";"0";""
"202400036946";"155 716 630";"B01";"3";"80";"0";"2";"3";"1";"3";""
"202400036947";"155 716 625";"A01";"3";"10";"0";"9";"1";"26";"1";""
"202400036947";"155 716 626";"B01";"3";"1";"0";"2";"0";"23";"5";""
"202400036948";"155 716 623";"A01";"1";"7";"0";"2";"1";"0";"1";""
"202400036948";"155 716 624";"B01";"1";"7";"0";"0";"0";"0";"1";""
"202400036949";"155 716 621";"B01";"1";"7";"0";"0";"4";"0";"1";""
"202400036949";"155 716 622";"A01";"1";"37";"0";"0";"0";"0";"2";"2"
"202400036950";"155 716 619";"B01";"3";"7";"0";"2";"4";"23";"1";""
"202400036950";"155 716 620";"A01";"3";"7";"0";"2";"0";"2";"1";""
"202400036951";"155 716 618";"A01";"0";"99";"0";"0";"0";"0";"3";""
"202400036952";"155 716 617";"A01";"1";"7";"15";"0";"1";"17";"1";""
"202400036953";"155 716 616";"A01";"1";"7";"0";"1";"3";"1";"1";""
"202400036954";"155 716 615";"A01";"1";"7";"0";"1";"3";"1";"2";""
"202400036955";"155 716 613";"A01";"1";"33";"12";"2";"3";"13";"1";""
"202400036955";"155 716 614";"B01";"2";"7";"0";"2";"3";"0";"1";""
"202400036956";"155 716 610";"A01";"3";"10";"0";"2";"7";"1";"3";""
"202400036956";"155 716 611";"B01";"3";"50";"0";"2";"8";"1";"3";""
"202400036957";"155 716 609";"A01";"1";"7";"1";"0";"3";"16";"1";""
"202400036958";"155 716 608";"A01";"3";"7";"0";"1";"1";"9";"1";""
"202400036959";"155 716 607";"A01";"3";"1";"0";"1";"1";"1";"5";""
"202400036960";"155 716 605";"A01";"2";"10";"0";"9";"3";"23";"1";""
"202400036960";"155 716 606";"B01";"2";"1";"0";"2";"2";"2";"5";""
"202400036961";"155 716 604";"A01";"3";"1";"0";"0";"8";"2";"5";""
"202400036962";"155 716 603";"A01";"2";"7";"1";"1";"2";"26";"0";""
"202400036963";"155 716 601";"A01";"1";"7";"0";"2";"1";"16";"0";""
"202400036963";"155 716 602";"B01";"1";"1";"0";"2";"7";"9";"5";""
"202400036964";"155 716 596";"A01";"1";"7";"3";"2";"2";"0";"1";""
"202400036964";"155 716 597";"B01";"1";"7";"0";"2";"3";"2";"1";""
"202400036964";"155 716 599";"C01";"1";"7";"0";"2";"7";"0";"1";""
"202400036964";"155 716 600";"D01";"1";"7";"0";"2";"7";"0";"1";""
"202400036965";"155 716 595";"B01";"1";"7";"0";"2";"7";"1";"1";""
"202400036965";"155 716 598";"A01";"3";"7";"0";"2";"3";"1";"1";""
"202400036966";"155 716 593";"B01";"1";"2";"0";"2";"6";"24";"3";""
"202400036966";"155 716 594";"A01";"2";"7";"0";"2";"2";"2";"1";""
"202400036967";"155 716 592";"A01";"1";"7";"0";"1";"1";"1";"1";""
"202400036968";"155 716 590";"A01";"3";"7";"0";"2";"1";"15";"1";""
"202400036969";"155 716 588";"A01";"0";"7";"0";"1";"2";"23";"0";""
"202400036970";"155 716 587";"B01";"3";"7";"0";"2";"6";"1";"1";""
"202400036970";"155 716 589";"A01";"3";"33";"0";"2";"1";"1";"1";""
"202400036971";"155 716 583";"A01";"2";"30";"0";"2";"2";"17";"1";""
"202400036971";"155 716 585";"B01";"2";"7";"0";"2";"8";"15";"1";""
"202400036972";"155 716 580";"A01";"1";"15";"0";"0";"6";"9";"1";""
"202400036972";"155 716 582";"B01";"1";"7";"0";"2";"3";"1";"1";""
"202400036973";"155 716 579";"A01";"2";"7";"0";"0";"0";"26";"1";""
"202400036973";"155 716 581";"B01";"1";"31";"0";"0";"0";"21";"1";""
"202400036974";"155 716 578";"A01";"2";"7";"17";"0";"2";"1";"1";""
"202400036975";"155 716 577";"A01";"3";"7";"0";"1";"1";"0";"1";""
"202400036976";"155 716 575";"A01";"2";"10";"2";"0";"1";"0";"1";""
"202400036977";"155 716 573";"B01";"1";"7";"0";"2";"2";"1";"1";""
"202400036977";"155 716 576";"A01";"1";"7";"6";"2";"1";"1";"1";""
"202400036978";"155 716 572";"A01";"1";"7";"0";"0";"3";"0";"1";""
"202400036979";"155 716 571";"B01";"2";"10";"0";"2";"1";"1";"0";""
"202400036979";"155 716 574";"A01";"1";"7";"0";"2";"1";"5";"0";""
"202400036980";"155 716 567";"B01";"1";"32";"0";"2";"1";"1";"1";""
"202400036980";"155 716 568";"A01";"1";"7";"0";"2";"6";"16";"1";""
"202400036981";"155 716 566";"A01";"1";"7";"0";"2";"1";"1";"1";""
"202400036981";"155 716 569";"B01";"1";"14";"0";"2";"4";"23";"0";""
"202400036982";"155 716 565";"A01";"2";"7";"17";"0";"3";"1";"1";""
"202400036983";"155 716 562";"A01";"3";"10";"2";"2";"2";"15";"0";""
"202400036983";"155 716 564";"B01";"1";"33";"2";"2";"1";"2";"0";""
"202400036984";"155 716 561";"A01";"2";"7";"13";"0";"1";"1";"1";""
"202400036985";"155 716 560";"A01";"3";"1";"0";"4";"2";"2";"5";""
"202400036985";"155 716 563";"B01";"3";"40";"0";"2";"0";"0";"3";""
"202400036986";"155 716 556";"B01";"1";"7";"0";"2";"8";"5";"1";""
"202400036986";"155 716 558";"A01";"2";"7";"0";"2";"1";"26";"1";""
"202400036987";"155 716 552";"D01";"2";"7";"0";"2";"1";"1";"1";""
"202400036987";"155 716 554";"B01";"2";"33";"0";"2";"9";"1";"1";""
"202400036987";"155 716 555";"C01";"2";"7";"0";"2";"6";"1";"1";""
"202400036987";"155 716 557";"E01";"2";"7";"0";"2";"1";"1";"1";""
"202400036987";"155 716 559";"A01";"1";"7";"0";"2";"3";"13";"1";""
"202400036988";"155 716 553";"A01";"2";"10";"0";"1";"7";"1";"1";""
"202400036989";"155 716 551";"A01";"3";"7";"0";"1";"2";"19";"1";""
"202400036990";"155 716 550";"A01";"1";"30";"8";"0";"1";"1";"0";""
"202400036991";"155 716 549";"A01";"3";"7";"2";"0";"3";"1";"1";""
"202400036992";"155 716 548";"A01";"2";"7";"0";"1";"3";"26";"1";""
"202400036993";"155 716 546";"A01";"1";"7";"0";"0";"9";"14";"1";""
"202400036994";"155 716 545";"B01";"2";"1";"0";"2";"1";"1";"5";""
"202400036994";"155 716 547";"A01";"2";"7";"0";"2";"2";"16";"1";""
"202400036995";"155 716 543";"B01";"1";"33";"0";"2";"1";"16";"1";""
"202400036995";"155 716 544";"A01";"1";"7";"0";"2";"8";"16";"1";""
"202400036996";"155 716 541";"A01";"1";"7";"6";"0";"1";"0";"1";""
"202400036997";"155 716 540";"A01";"2";"7";"0";"2";"4";"1";"1";""
"202400036997";"155 716 542";"B01";"2";"7";"0";"2";"1";"1";"1";""
"202400036998";"155 716 538";"A01";"1";"7";"0";"1";"3";"1";"1";""
"202400036999";"155 716 539";"A01";"3";"30";"0";"0";"0";"2";"3";""
"202400037000";"155 716 536";"A01";"1";"7";"2";"0";"7";"1";"1";""
"202400037001";"155 716 534";"A01";"0";"7";"0";"2";"7";"19";"1";""
"202400037001";"155 716 537";"B01";"1";"13";"0";"2";"1";"1";"1";""
"202400037002";"155 716 532";"A01";"1";"7";"2";"0";"0";"0";"1";""
"202400037003";"155 716 531";"A01";"1";"7";"0";"2";"1";"2";"1";""
"202400037003";"155 716 533";"B01";"1";"7";"0";"2";"4";"2";"1";""