"Num_Acc";"id_vehicule";"num_veh";"senc";"catv";"obs";"obsm";"choc";"manv";"motor";"occutc"
"202400037003";"155 716 535";"C01";"1";"7";"0";"2";"4";"2";"2";""
"202400037004";"155 716 529";"A01";"1";"7";"0";"0";"1";"1";"1";""
"202400037005";"155 716 527";"A01";"1";"32";"0";"0";"0";"1";"1";""
"202400037006";"155 716 526";"A01";"2";"7";"0";"2";"8";"9";"1";""
"202400037006";"155 716 528";"B01";"2";"33";"0";"2";"7";"1";"1";""
"202400037007";"155 716 525";"A01";"1";"7";"8";"0";"0";"5";"1";""
"202400037008";"155 716 522";"A01";"1";"32";"4";"0";"2";"0";"1";""
"202400037009";"155 716 523";"A01";"1";"30";"0";"0";"9";"1";"1";""
"202400037010";"155 716 521";"A01";"3";"7";"0";"2";"8";"16";"1";""
"202400037010";"155 716 524";"B01";"1";"7";"0";"2";"2";"1";"1";""
"202400037011";"155 716 520";"A01";"2";"7";"14";"0";"1";"2";"1";""
"202400037012";"155 716 519";"A01";"2";"7";"0";"1";"2";"1";"3";""
"202400037013";"155 716 518";"A01";"1";"7";"0";"0";"1";"16";"1";""
"202400037014";"155 716 515";"A01";"2";"17";"4";"0";"0";"1";"1";""
"202400037015";"155 716 514";"A01";"3";"7";"0";"2";"2";"1";"1";""
"202400037015";"155 716 516";"B01";"3";"33";"0";"2";"0";"0";"0";""
"202400037016";"155 716 513";"A01";"2";"7";"0";"0";"1";"0";"0";""
"202400037017";"155 716 512";"A01";"2";"7";"0";"1";"1";"1";"1";""
"202400037018";"155 716 510";"A01";"3";"7";"8";"2";"1";"17";"1";""
"202400037018";"155 716 511";"B01";"3";"7";"0";"2";"8";"1";"1";""
"202400037019";"155 716 507";"B01";"2";"10";"0";"2";"1";"0";"1";""
"202400037019";"155 716 508";"A01";"1";"7";"0";"2";"1";"13";"3";""
"202400037020";"155 716 506";"A01";"2";"7";"0";"2";"7";"1";"1";""
"202400037020";"155 716 509";"B01";"3";"50";"0";"2";"8";"15";"3";""
"202400037021";"155 716 504";"A01";"2";"7";"2";"0";"1";"0";"2";""
"202400037022";"155 716 503";"A01";"2";"32";"0";"2";"1";"8";"1";""
"202400037022";"155 716 505";"B01";"2";"10";"0";"2";"8";"15";"1";""
"202400037023";"155 716 497";"A01";"2";"7";"2";"2";"2";"14";"1";""
"202400037023";"155 716 499";"B01";"1";"7";"0";"2";"2";"21";"1";""
"202400037023";"155 716 501";"C01";"1";"7";"0";"2";"2";"21";"1";""
"202400037024";"155 716 498";"A01";"1";"7";"9";"0";"1";"21";"1";""
"202400037025";"155 716 494";"A01";"1";"3";"5";"2";"2";"1";"1";""
"202400037025";"155 716 495";"B01";"2";"7";"0";"2";"1";"1";"1";""
"202400037026";"155 716 496";"C01";"2";"33";"0";"2";"8";"1";"1";""
"202400037026";"155 716 500";"A01";"1";"7";"0";"2";"2";"15";"1";""
"202400037026";"155 716 502";"B01";"2";"33";"0";"2";"1";"1";"1";""
"202400037027";"155 716 492";"A01";"2";"37";"0";"1";"1";"15";"0";"1"
"202400037028";"155 716 490";"A01";"2";"7";"0";"2";"1";"2";"1";""
"202400037028";"155 716 491";"B01";"2";"7";"0";"2";"4";"15";"1";""
"202400037028";"155 716 493";"C01";"1";"7";"0";"2";"3";"1";"1";""
"202400037029";"155 716 487";"B01";"3";"7";"0";"2";"2";"1";"1";""
"202400037029";"155 716 489";"A01";"3";"1";"0";"2";"1";"15";"5";""
"202400037030";"155 716 486";"A01";"1";"7";"0";"2";"1";"2";"1";""
"202400037030";"155 716 488";"B01";"1";"7";"0";"2";"4";"2";"1";""
"202400037031";"155 716 485";"A01";"2";"7";"0";"1";"2";"15";"1";""
"202400037032";"155 716 483";"A01";"1";"7";"0";"1";"1";"1";"1";""
"202400037033";"155 716 481";"A01";"1";"7";"16";"0";"2";"1";"1";""
"202400037034";"155 716 482";"A01";"3";"7";"0";"2";"8";"9";"1";""
"202400037034";"155 716 484";"B01";"3";"7";"0";"2";"2";"0";"1";""
"202400037035";"155 716 478";"A01";"2";"7";"6";"0";"2";"1";"1";""
"202400037036";"155 716 479";"A01";"1";"30";"0";"2";"1";"1";"1";""
"202400037036";"155 716 480";"B01";"1";"7";"0";"2";"3";"1";"1";""
"202400037037";"155 716 472";"B01";"1";"7";"11";"2";"1";"9";"2";""
"202400037037";"155 716 475";"A01";"1";"7";"7";"2";"3";"1";"1";""
"202400037038";"155 716 473";"A01";"2";"7";"0";"2";"5";"15";"1";""
"202400037038";"155 716 474";"B01";"1";"1";"0";"2";"1";"1";"5";""
"202400037039";"155 716 476";"A01";"2";"7";"0";"2";"1";"1";"1";""
"202400037039";"155 716 477";"B01";"1";"10";"0";"2";"4";"0";"1";""
"202400037040";"155 716 469";"A01";"2";"30";"0";"2";"6";"1";"1";""
"202400037040";"155 716 471";"B01";"2";"7";"0";"2";"2";"2";"1";""
"202400037041";"155 716 468";"A01";"3";"7";"0";"2";"0";"0";"0";""
"202400037041";"155 716 470";"B01";"3";"1";"0";"0";"0";"0";"5";""
"202400037042";"155 716 466";"A01";"0";"7";"8";"0";"0";"1";"1";""
"202400037043";"155 716 464";"A01";"1";"7";"0";"1";"4";"26";"1";""
"202400037044";"155 716 458";"C01";"2";"10";"0";"2";"1";"2";"1";""
"202400037044";"155 716 461";"A01";"2";"10";"0";"2";"8";"2";"1";""
"202400037044";"155 716 462";"B01";"2";"7";"0";"2";"4";"2";"1";""
"202400037044";"155 716 463";"D01";"2";"7";"0";"2";"1";"2";"1";""
"202400037045";"155 716 460";"A01";"2";"7";"0";"0";"9";"26";"1";""
"202400037046";"155 716 457";"B01";"2";"1";"0";"2";"1";"1";"5";""
"202400037046";"155 716 459";"A01";"1";"10";"0";"2";"5";"1";"1";""
"202400037047";"155 716 455";"A01";"2";"33";"0";"2";"7";"26";"1";""
"202400037047";"155 716 456";"B01";"2";"14";"0";"2";"6";"26";"0";""
"202400037048";"155 716 451";"A01";"0";"7";"0";"1";"0";"1";"1";""
"202400037049";"155 716 453";"A01";"1";"7";"0";"2";"0";"0";"1";""
"202400037049";"155 716 454";"B01";"1";"34";"0";"2";"1";"1";"1";""
"202400037050";"155 716 450";"A01";"2";"7";"0";"2";"1";"1";"1";""
"202400037050";"155 716 452";"B01";"2";"7";"0";"2";"4";"2";"1";""
"202400037051";"155 716 448";"A01";"3";"10";"0";"1";"5";"4";"1";""
"202400037052";"155 716 447";"A01";"2";"7";"14";"0";"1";"1";"1";""
"202400037053";"155 716 445";"A01";"1";"10";"0";"2";"2";"1";"1";""
"202400037053";"155 716 446";"B01";"1";"7";"0";"2";"6";"1";"1";""
"202400037053";"155 716 449";"C01";"1";"10";"0";"0";"0";"0";"1";""
"202400037054";"155 716 444";"A01";"3";"7";"0";"1";"2";"1";"1";""
"202400037055";"155 716 442";"A01";"2";"7";"0";"1";"1";"15";"1";""
"202400037056";"155 716 441";"A01";"2";"32";"0";"2";"1";"26";"1";""
"202400037056";"155 716 443";"B01";"2";"38";"0";"2";"6";"1";"1";"1"
"202400037057";"155 716 440";"A01";"2";"37";"0";"1";"1";"26";"1";"1"
"202400037058";"155 716 438";"A01";"2";"33";"0";"2";"8";"3";"1";""
"202400037058";"155 716 439";"B01";"2";"7";"0";"2";"7";"12";"1";""
"202400037059";"155 716 435";"A01";"2";"7";"11";"0";"1";"1";"1";""
"202400037060";"155 716 436";"B01";"1";"7";"0";"2";"1";"2";"1";""
"202400037060";"155 716 437";"A01";"1";"7";"0";"2";"4";"2";"1";""
"202400037061";"155 716 434";"A01";"2";"7";"4";"0";"2";"26";"1";""
"202400037062";"155 716 432";"A01";"1";"7";"3";"0";"1";"0";"2";""
"202400037063";"155 716 429";"B01";"2";"7";"0";"2";"8";"15";"1";""
"202400037063";"155 716 433";"A01";"2";"33";"0";"2";"1";"17";"1";""
"202400037064";"155 716 430";"A01";"2";"7";"0";"2";"4";"23";"1";""
"202400037064";"155 716 431";"B01";"2";"7";"0";"0";"1";"2";"1";""
"202400037065";"155 716 426";"A01";"1";"33";"0";"0";"7";"14";"1";""
"202400037066";"155 716 425";"A01";"1";"32";"0";"2";"1";"0";"1";""
"202400037066";"155 716 427";"B01";"1";"7";"0";"2";"6";"1";"1";""
"202400037066";"155 716 428";"C01";"1";"7";"0";"2";"1";"1";"1";""
"202400037067";"155 716 423";"B01";"1";"7";"0";"2";"2";"1";"1";""
"202400037067";"155 716 424";"A01";"1";"1";"0";"2";"1";"1";"5";""
"202400037068";"155 716 420";"B01";"2";"17";"0";"2";"1";"1";"1";""
"202400037068";"155 716 422";"A01";"2";"7";"0";"2";"4";"11";"1";""
"202400037069";"155 716 419";"A01";"1";"7";"0";"2";"1";"1";"1";""
"202400037069";"155 716 421";"B01";"1";"33";"0";"2";"7";"16";"1";""
"202400037070";"155 716 418";"A01";"3";"7";"13";"0";"1";"26";"1";""
"202400037071";"155 716 416";"A01";"1";"7";"0";"2";"7";"12";"1";""
"202400037071";"155 716 417";"B01";"1";"34";"0";"2";"8";"3";"1";""
"202400037072";"155 716 413";"A01";"2";"7";"0";"1";"1";"1";"2";""
"202400037073";"155 716 414";"A01";"1";"33";"0";"2";"2";"1";"1";""
"202400037073";"155 716 415";"B01";"1";"7";"0";"2";"3";"9";"1";""
"202400037074";"155 716 410";"B01";"1";"7";"0";"2";"4";"2";"1";""
"202400037074";"155 716 412";"A01";"1";"7";"0";"2";"1";"2";"1";""
"202400037075";"155 716 408";"A01";"0";"0";"0";"1";"0";"26";"0";""
"202400037076";"155 716 409";"A01";"2";"10";"0";"2";"2";"16";"1";""
"202400037076";"155 716 411";"B01";"3";"50";"0";"2";"4";"0";"3";""
"202400037077";"155 716 406";"A01";"2";"7";"0";"2";"1";"2";"1";""
"202400037077";"155 716 407";"B01";"2";"15";"0";"2";"4";"2";"1";""
"202400037078";"155 716 404";"A01";"1";"7";"0";"1";"3";"9";"1";""
"202400037079";"155 716 403";"A01";"1";"30";"0";"1";"7";"1";"1";""
"202400037080";"155 716 402";"B01";"2";"7";"0";"2";"2";"19";"1";""
"202400037080";"155 716 405";"A01";"2";"7";"0";"2";"1";"1";"1";""
"202400037081";"155 716 397";"B01";"1";"7";"16";"0";"8";"1";"1";""
"202400037081";"155 716 401";"A01";"3";"30";"0";"2";"1";"19";"1";""
"202400037082";"155 716 396";"A01";"1";"7";"0";"2";"1";"19";"2";""
"202400037082";"155 716 400";"B01";"1";"7";"0";"2";"5";"1";"1";""
"202400037083";"155 716 390";"B01";"2";"50";"0";"2";"1";"1";"3";""
"202400037083";"155 716 394";"A01";"2";"7";"0";"2";"7";"19";"1";""
"202400037084";"155 716 389";"B01";"1";"34";"0";"2";"8";"1";"1";""
"202400037084";"155 716 391";"A01";"1";"7";"0";"2";"2";"14";"1";""
"202400037085";"155 716 386";"A01";"1";"32";"0";"2";"1";"1";"1";""
"202400037085";"155 716 387";"B01";"1";"10";"0";"2";"6";"1";"1";""
"202400037086";"155 716 383";"A01";"2";"32";"0";"2";"1";"1";"1";""
"202400037086";"155 716 385";"B01";"1";"7";"0";"2";"7";"0";"1";""
"202400037087";"155 716 381";"A01";"2";"7";"0";"2";"3";"15";"1";""
"202400037087";"155 716 382";"B01";"1";"7";"0";"2";"2";"1";"1";""
"202400037088";"155 716 379";"A01";"3";"7";"3";"2";"7";"0";"2";""
"202400037088";"155 716 384";"Z01";"3";"7";"0";"2";"1";"0";"1";""
"202400037089";"155 716 378";"A01";"1";"7";"0";"2";"2";"1";"1";""
"202400037089";"155 716 380";"B01";"2";"80";"0";"2";"1";"1";"3";""
"202400037090";"155 716 377";"A01";"3";"31";"0";"1";"1";"0";"1";""
"202400037091";"155 716 370";"B01";"1";"7";"9";"2";"3";"2";"1";""
"202400037091";"155 716 374";"A01";"1";"10";"9";"2";"6";"15";"3";""
"202400037092";"155 716 371";"B01";"1";"7";"0";"9";"0";"0";"1";""
"202400037092";"155 716 375";"A01";"1";"50";"0";"2";"0";"0";"3";""
"202400037093";"155 716 369";"A01";"2";"30";"1";"0";"6";"23";"1";""
"202400037093";"155 716 373";"B01";"2";"7";"0";"2";"2";"23";"1";""
"202400037093";"155 716 376";"Z01";"2";"7";"0";"2";"1";"1";"0";""
"202400037094";"155 716 372";"A01";"2";"7";"4";"0";"3";"1";"2";""
"202400037095";"155 716 367";"B01";"1";"1";"0";"2";"7";"1";"5";""
"202400037095";"155 716 368";"A01";"1";"7";"0";"2";"6";"15";"2";""
"202400037096";"155 716 365";"Z01";"2";"7";"0";"1";"2";"1";"1";""
"202400037097";"155 716 363";"B01";"2";"10";"1";"0";"3";"1";"1";""
"202400037097";"155 716 366";"A01";"1";"7";"0";"1";"0";"24";"1";""
"202400037098";"155 716 361";"A01";"2";"7";"15";"0";"1";"1";"1";""
"202400037099";"155 716 359";"A01";"2";"7";"0";"2";"3";"9";"1";""
"202400037099";"155 716 362";"B01";"2";"7";"0";"2";"5";"1";"1";""
"202400037099";"155 716 364";"C01";"2";"7";"0";"2";"5";"2";"1";""
"202400037100";"155 716 357";"A01";"0";"7";"0";"1";"1";"1";"1";""
"202400037101";"155 716 356";"B01";"3";"7";"0";"2";"4";"2";"1";""
"202400037101";"155 716 358";"C01";"3";"7";"0";"2";"4";"2";"3";""
"202400037101";"155 716 360";"A01";"3";"7";"0";"2";"1";"2";"1";""
"202400037102";"155 716 353";"A01";"1";"7";"0";"0";"4";"0";"1";""
"202400037102";"155 716 355";"B01";"1";"7";"0";"2";"1";"0";"1";""
"202400037103";"155 716 351";"A01";"2";"33";"0";"1";"2";"1";"1";""
"202400037104";"155 716 350";"B01";"1";"33";"0";"2";"1";"1";"1";""
"202400037104";"155 716 354";"A01";"1";"7";"0";"2";"4";"11";"1";""
"202400037105";"155 716 349";"A01";"2";"7";"0";"2";"4";"1";"1";""
"202400037105";"155 716 352";"B01";"2";"7";"0";"2";"1";"1";"1";""
"202400037106";"155 716 347";"A01";"2";"7";"0";"1";"2";"1";"1";""
"202400037107";"155 716 345";"A01";"1";"43";"6";"0";"2";"15";"1";""
"202400037108";"155 716 346";"A01";"1";"10";"0";"2";"3";"15";"1";""
"202400037108";"155 716 348";"B01";"1";"1";"0";"2";"1";"17";"5";""
"202400037109";"155 716 343";"A01";"0";"7";"0";"1";"1";"1";"1";""
"202400037110";"155 716 341";"B01";"1";"7";"0";"2";"1";"2";"1";""
"202400037110";"155 716 344";"A01";"1";"7";"0";"2";"1";"2";"1";""
"202400037111";"155 716 339";"B01";"2";"50";"0";"2";"1";"16";"3";""
"202400037111";"155 716 342";"A01";"2";"7";"0";"2";"3";"16";"1";""
"202400037112";"155 716 338";"A01";"3";"7";"0";"1";"3";"1";"1";""
"202400037113";"155 716 335";"A01";"2";"34";"0";"2";"7";"3";"1";""
"202400037113";"155 716 337";"B01";"1";"7";"0";"2";"2";"15";"1";""
"202400037114";"155 716 333";"A01";"1";"7";"8";"0";"3";"2";"1";""
"202400037115";"155 716 336";"B01";"3";"34";"0";"2";"1";"1";"1";""
"202400037115";"155 716 340";"A01";"3";"7";"0";"2";"2";"15";"3";""
"202400037116";"155 716 332";"B01";"3";"31";"0";"2";"1";"1";"1";""
"202400037116";"155 716 334";"A01";"3";"7";"0";"2";"3";"19";"1";""
"202400037117";"155 716 325";"A01";"1";"7";"2";"0";"1";"14";"1";""
"202400037118";"155 716 326";"B01";"1";"1";"0";"2";"3";"19";"5";""
"202400037118";"155 716 328";"A01";"1";"7";"0";"9";"1";"1";"1";""
"202400037119";"155 716 323";"B01";"1";"50";"0";"2";"8";"1";"3";""
"202400037119";"155 716 324";"A01";"2";"7";"0";"2";"1";"1";"1";""
"202400037120";"155 716 319";"A01";"2";"33";"0";"2";"1";"6";"1";""
"202400037120";"155 716 322";"B01";"1";"7";"0";"2";"1";"1";"1";""
"202400037121";"155 716 318";"B01";"3";"1";"0";"2";"7";"1";"5";""
"202400037121";"155 716 321";"A01";"1";"7";"0";"2";"1";"1";"1";""
"202400037122";"155 716 317";"A01";"1";"7";"0";"2";"1";"15";"1";""
"202400037122";"155 716 320";"B01";"2";"50";"0";"2";"1";"19";"3";""
"202400037123";"155 716 315";"Z01";"2";"13";"0";"1";"1";"1";"1";""
"202400037123";"155 716 316";"A01";"1";"34";"0";"1";"1";"1";"1";""
"202400037124";"155 716 313";"B01";"1";"1";"0";"2";"1";"5";"5";""
"202400037124";"155 716 314";"A01";"2";"7";"0";"2";"3";"9";"1";""
"202400037125";"155 716 308";"A01";"1";"32";"0";"2";"2";"1";"1";""
"202400037125";"155 716 310";"B01";"1";"30";"0";"2";"8";"15";"1";""
"202400037126";"155 716 306";"A01";"1";"7";"2";"0";"1";"2";"2";""
"202400037127";"155 716 304";"B01";"1";"7";"0";"9";"3";"2";"1";""
"202400037127";"155 716 307";"A01";"1";"1";"0";"2";"4";"15";"5";""
"202400037128";"155 716 302";"A01";"3";"10";"0";"2";"1";"26";"1";""
"202400037128";"155 716 305";"B01";"3";"10";"0";"2";"4";"2";"1";""
"202400037129";"155 716 301";"A01";"1";"7";"0";"2";"1";"17";"2";""
"202400037129";"155 716 303";"B01";"2";"17";"0";"2";"3";"1";"1";""
"202400037130";"155 716 299";"B01";"3";"7";"0";"2";"1";"1";"1";""
"202400037130";"155 716 300";"A01";"3";"7";"0";"2";"1";"5";"1";""
"202400037131";"155 716 295";"A01";"1";"1";"0";"2";"4";"1";"5";""
"202400037131";"155 716 296";"B01";"1";"7";"0";"2";"2";"17";"1";""
"202400037132";"155 716 293";"B01";"1";"17";"0";"2";"1";"1";"1";""
"202400037132";"155 716 298";"A01";"2";"17";"0";"2";"3";"13";"1";""
"202400037133";"155 716 294";"A01";"1";"7";"0";"2";"1";"2";"1";""
"202400037133";"155 716 297";"B01";"1";"33";"0";"2";"4";"2";"1";""
"202400037134";"155 716 287";"A01";"2";"50";"0";"2";"2";"1";"3";""
"202400037134";"155 716 292";"B01";"2";"7";"0";"2";"1";"9";"1";""
"202400037135";"155 716 286";"A01";"3";"7";"0";"2";"3";"13";"1";""
"202400037135";"155 716 290";"B01";"3";"43";"0";"2";"7";"1";"1";""
"202400037136";"155 716 282";"A01";"1";"7";"0";"2";"7";"1";"1";""
"202400037136";"155 716 284";"B01";"2";"7";"0";"2";"2";"1";"1";""
"202400037137";"155 716 280";"A01";"1";"7";"0";"2";"2";"9";"1";""
"202400037137";"155 716 283";"B01";"1";"7";"0";"2";"6";"23";"1";""
"202400037137";"155 716 285";"C01";"2";"7";"0";"2";"2";"23";"1";""
"202400037137";"155 716 289";"D01";"1";"7";"0";"2";"8";"23";"1";""
"202400037138";"155 716 278";"A01";"0";"7";"0";"2";"2";"1";"1";""
"202400037138";"155 716 281";"B01";"0";"7";"0";"2";"3";"1";"1";""
"202400037139";"155 716 276";"A01";"1";"7";"15";"2";"1";"2";"1";""
"202400037139";"155 716 279";"B01";"1";"7";"0";"2";"2";"2";"1";""
"202400037140";"155 716 274";"A01";"3";"7";"0";"2";"2";"15";"1";""
"202400037140";"155 716 277";"B01";"1";"7";"0";"2";"1";"0";"1";""
"202400037141";"155 716 272";"A01";"1";"7";"4";"0";"5";"1";"1";""
"202400037142";"155 716 271";"A01";"3";"7";"0";"1";"1";"1";"1";""
"202400037143";"155 716 273";"B01";"2";"10";"0";"2";"3";"15";"1";""
"202400037143";"155 716 275";"A01";"2";"7";"0";"2";"7";"1";"2";""
"202400037144";"155 716 265";"B01";"2";"7";"0";"2";"3";"1";"1";""
"202400037144";"155 716 269";"A01";"1";"7";"0";"2";"2";"1";"1";""
"202400037145";"155 716 266";"A01";"1";"7";"0";"2";"7";"12";"1";""
"202400037145";"155 716 267";"B01";"1";"33";"0";"2";"1";"3";"1";""
"202400037145";"155 716 270";"C01";"1";"10";"0";"2";"4";"1";"1";""
"202400037146";"155 716 264";"B01";"3";"7";"0";"2";"1";"21";"1";""
"202400037146";"155 716 268";"A01";"1";"7";"0";"2";"1";"13";"1";""
"202400037147";"155 716 258";"B01";"0";"7";"0";"2";"4";"23";"1";""
"202400037147";"155 716 261";"A01";"0";"7";"0";"2";"1";"2";"1";""
"202400037148";"155 716 257";"A01";"1";"7";"0";"5";"1";"1";"1";""
"202400037149";"155 716 254";"B01";"2";"7";"6";"2";"2";"12";"1";""
"202400037149";"155 716 256";"D01";"2";"31";"0";"2";"1";"3";"1";""
"202400037149";"155 716 260";"E01";"2";"7";"0";"2";"4";"2";"2";""
"202400037149";"155 716 262";"C01";"2";"7";"0";"2";"2";"0";"1";""
"202400037149";"155 716 263";"A01";"2";"7";"4";"0";"9";"1";"1";""
"202400037150";"155 716 252";"A01";"3";"7";"6";"0";"1";"10";"1";""
"202400037151";"155 716 253";"B01";"2";"7";"0";"2";"5";"2";"1";""
"202400037151";"155 716 255";"C01";"2";"7";"0";"2";"5";"2";"1";""
"202400037151";"155 716 259";"A01";"2";"10";"0";"2";"3";"2";"1";""
"202400037152";"155 716 247";"A01";"0";"7";"0";"2";"3";"9";"2";""
"202400037152";"155 716 251";"B01";"3";"7";"0";"2";"7";"1";"1";""
"202400037153";"155 716 248";"Z01";"2";"7";"0";"1";"8";"1";"0";""
"202400037154";"155 716 246";"A01";"1";"32";"0";"2";"7";"16";"1";""
"202400037154";"155 716 249";"B01";"1";"7";"0";"2";"3";"1";"1";""
"202400037155";"155 716 245";"A01";"3";"10";"0";"2";"1";"9";"0";""
"202400037155";"155 716 250";"B01";"3";"10";"0";"2";"5";"0";"0";""
"202400037156";"155 716 242";"A01";"3";"10";"0";"1";"2";"1";"1";""
"202400037157";"155 716 241";"A01";"1";"7";"0";"0";"2";"15";"1";""
"202400037157";"155 716 243";"B01";"1";"30";"0";"2";"1";"1";"1";""
"202400037158";"155 716 239";"Z01";"1";"7";"0";"2";"2";"1";"1";""
"202400037158";"155 716 244";"A01";"2";"1";"0";"2";"1";"1";"5";""
"202400037159";"155 716 238";"B01";"3";"40";"0";"2";"3";"1";"3";""
"202400037159";"155 716 240";"A01";"1";"7";"0";"4";"1";"1";"1";""
"202400037160";"155 716 237";"A01";"1";"7";"0";"1";"3";"16";"1";""
"202400037161";"155 716 235";"A01";"2";"33";"12";"0";"1";"1";"1";""
"202400037162";"155 716 233";"A01";"2";"7";"0";"1";"2";"1";"3";""
"202400037163";"155 716 231";"B01";"1";"7";"0";"2";"1";"2";"1";""
"202400037163";"155 716 234";"C01";"1";"7";"0";"2";"4";"2";"1";""
"202400037163";"155 716 236";"A01";"1";"7";"0";"2";"1";"2";"0";""
"202400037164";"155 716 229";"A01";"1";"7";"0";"2";"2";"14";"1";""
"202400037164";"155 716 232";"B01";"1";"33";"0";"2";"3";"2";"1";""
"202400037165";"155 716 226";"A01";"1";"7";"0";"1";"1";"9";"1";""
"202400037166";"155 716 228";"B01";"1";"30";"0";"2";"1";"1";"1";""
"202400037166";"155 716 230";"A01";"2";"7";"0";"2";"8";"9";"1";""
"202400037167";"155 716 224";"A01";"3";"10";"0";"1";"3";"15";"1";""
"202400037168";"155 716 222";"A01";"2";"7";"0";"2";"4";"4";"2";""
"202400037169";"155 716 221";"A01";"2";"7";"0";"1";"2";"0";"1";""
"202400037170";"155 716 223";"C01";"1";"7";"0";"2";"1";"1";"1";""
"202400037170";"155 716 225";"A01";"2";"7";"0";"2";"3";"1";"1";""
"202400037170";"155 716 227";"B01";"2";"7";"0";"2";"5";"15";"1";""
"202400037171";"155 716 218";"B01";"1";"7";"0";"2";"1";"1";"2";""
"202400037171";"155 716 220";"A01";"2";"2";"0";"2";"1";"21";"3";""
"202400037172";"155 716 215";"B01";"3";"2";"0";"0";"0";"1";"1";""
"202400037172";"155 716 219";"A01";"3";"7";"0";"0";"0";"16";"1";""
"202400037173";"155 716 214";"B01";"2";"33";"0";"2";"1";"1";"1";""
"202400037173";"155 716 217";"A01";"2";"7";"0";"2";"3";"9";"1";""
"202400037174";"155 716 213";"A01";"2";"7";"0";"1";"1";"1";"1";""
"202400037175";"155 716 212";"A01";"3";"3";"0";"1";"1";"1";"1";""
"202400037176";"155 716 210";"A01";"1";"7";"0";"2";"1";"19";"1";""
"202400037176";"155 716 216";"B01";"1";"7";"0";"2";"1";"1";"1";""
"202400037177";"155 716 209";"A01";"3";"31";"0";"2";"7";"1";"1";""
"202400037177";"155 716 211";"B01";"2";"7";"0";"9";"1";"1";"1";""
"202400037178";"155 716 205";"B01";"2";"7";"0";"2";"2";"1";"1";""
"202400037178";"155 716 208";"A01";"1";"7";"0";"2";"3";"9";"1";""
"202400037179";"155 716 206";"B01";"2";"1";"0";"2";"3";"1";"5";""
"202400037179";"155 716 207";"A01";"3";"13";"0";"2";"3";"10";"1";""
"202400037180";"155 716 204";"A01";"3";"3";"8";"0";"1";"16";"1";""
"202400037181";"155 716 202";"A01";"0";"7";"1";"0";"2";"20";"1";""
"202400037182";"155 716 200";"A01";"1";"7";"0";"2";"1";"1";"1";""
"202400037182";"155 716 203";"B01";"3";"80";"0";"2";"7";"19";"3";""
"202400037183";"155 716 198";"A01";"0";"50";"8";"0";"1";"0";"3";""
"202400037184";"155 716 199";"A01";"1";"7";"0";"2";"4";"23";"2";""
"202400037184";"155 716 201";"Z01";"1";"7";"0";"2";"1";"0";"1";""
"202400037185";"155 716 195";"A01";"1";"30";"0";"2";"1";"1";"1";""
"202400037185";"155 716 197";"B01";"1";"7";"0";"2";"3";"1";"1";""
"202400037186";"155 716 194";"B01";"0";"7";"0";"2";"3";"1";"1";""
"202400037186";"155 716 196";"A01";"0";"33";"0";"2";"1";"13";"1";""
"202400037187";"155 716 191";"A01";"1";"7";"0";"1";"1";"15";"1";""
"202400037188";"155 716 190";"Z01";"1";"7";"0";"1";"0";"0";"0";""
"202400037189";"155 716 192";"A01";"1";"7";"0";"0";"0";"10";"2";""
"202400037189";"155 716 193";"B01";"1";"31";"0";"2";"2";"5";"1";""
"202400037190";"155 716 186";"B01";"3";"7";"0";"2";"4";"23";"1";""
"202400037190";"155 716 188";"A01";"3";"7";"0";"2";"1";"2";"1";""
"202400037191";"155 716 184";"VP01";"1";"7";"0";"1";"1";"1";"1";""
"202400037192";"155 716 183";"B01";" -1";"1";"0";"2";"1";"17";"5";""
"202400037192";"155 716 187";"A01";" -1";"80";"0";"2";"1";"1";"3";""
"202400037193";"155 716 185";"A01";"1";"7";"0";"2";"3";"9";"1";""
"202400037193";"155 716 189";"B01";"2";"32";"0";"2";"1";"1";"1";""
"202400037194";"155 716 182";"A01";"2";"7";"0";"1";"2";"19";"1";""
"202400037195";"155 716 180";"A01";"2";"50";"0";"0";"0";"1";"3";""
"202400037196";"155 716 179";"A01";"3";"33";"1";"0";"1";"1";"1";""
"202400037197";"155 716 178";"A01";"1";"13";"0";"2";"0";"0";"0";""
"202400037197";"155 716 181";"B01";"1";"50";"0";"2";"9";"1";"3";""
"202400037198";"155 716 177";"A01";"1";"1";"0";"1";"1";"19";"5";""
"202400037199";"155 716 175";"A01";"2";"1";"0";"0";"0";"2";"5";""
"202400037200";"155 716 174";"B01";"2";"13";"0";"0";"0";"0";"0";""
"202400037200";"155 716 176";"A01";"2";"10";"0";"0";"0";"9";"1";""
"202400037201";"155 716 170";"A01";"1";"7";"0";"2";"1";"9";"1";""
"202400037201";"155 716 173";"B01";"2";"7";"0";"2";"7";"1";"1";""
"202400037202";"155 716 168";"A01";"3";"30";"0";"1";"1";"26";"3";""
"202400037203";"155 716 169";"B01";"1";"7";"0";"2";"8";"15";"2";""
"202400037203";"155 716 171";"A01";"1";"30";"0";"2";"1";"17";"1";""
"202400037204";"155 716 167";"A01";"2";"7";"0";"2";"7";"15";"1";""
"202400037204";"155 716 172";"B01";"1";"34";"0";"2";"1";"16";"1";""
"202400037205";"155 716 164";"B01";"2";"33";"0";"0";"1";"1";"1";""
"202400037205";"155 716 166";"A01";"2";"7";"0";"2";"2";"9";"2";""