"Num_Acc";"id_vehicule";"num_veh";"senc";"catv";"obs";"obsm";"choc";"manv";"motor";"occutc"
"202400037206";"155 716 160";"A01";"2";"7";"12";"2";"8";"9";"2";""
"202400037206";"155 716 163";"B01";"2";"80";"8";"2";"1";"2";"3";""
"202400037207";"155 716 158";"A01";"1";"50";"12";"0";"0";"5";"3";""
"202400037208";"155 716 159";"A01";"1";"7";"6";"0";"1";"1";"1";""
"202400037209";"155 716 157";"A01";"1";"2";"0";"2";"4";"9";"3";""
"202400037209";"155 716 161";"B01";"2";"1";"0";"2";"1";"1";"5";""
"202400037210";"155 716 156";"A01";"1";"30";"0";"1";"1";"17";"1";""
"202400037211";"155 716 155";"A01";"3";"7";"0";"0";"9";"1";"1";""
"202400037212";"155 716 154";"A01";"1";"7";"0";"1";"2";"1";"1";""
"202400037213";"155 716 152";"B01";"1";"10";"0";"2";"1";"1";"1";""
"202400037213";"155 716 153";"A01";"1";"7";"0";"2";"8";"10";"1";""
"202400037214";"155 716 150";"A01";"3";"7";"0";"1";"7";"1";"1";""
"202400037215";"155 716 151";"A01";"2";"7";"0";"1";"1";"20";"1";""
"202400037216";"155 716 147";"A01";"1";"37";"1";"1";"5";"15";"6";"1"
"202400037217";"155 716 144";"A01";"1";"33";"0";"2";"1";"1";"1";""
"202400037217";"155 716 146";"B01";"1";"7";"0";"2";"4";"23";"1";""
"202400037217";"155 716 149";"C01";"1";"7";"0";"2";"4";"23";"1";""
"202400037218";"155 716 145";"A01";"1";"7";"2";"0";"1";"1";"1";""
"202400037219";"155 716 143";"A01";"0";"10";"0";"2";"8";"1";"1";""
"202400037219";"155 716 148";"B01";"0";"1";"0";"2";"1";"6";"5";""
"202400037220";"155 716 139";"B01";"1";"7";"0";"2";"7";"0";"1";""
"202400037220";"155 716 141";"Y01";"0";"7";"0";"2";"1";"0";"1";""
"202400037221";"155 716 138";"B01";"3";"7";"0";"2";"1";"1";"2";""
"202400037221";"155 716 142";"A01";" -1";"50";"0";"2";"7";"19";"3";""
"202400037222";"155 716 136";"A01";"1";"7";"0";"2";"1";"1";"1";""
"202400037222";"155 716 140";"B01";"1";"7";"0";"2";"4";"1";"1";""
"202400037223";"155 716 135";"A01";"2";"7";"0";"2";"1";"13";"1";""
"202400037223";"155 716 137";"B01";"1";"15";"0";"2";"1";"21";"1";""
"202400037224";"155 716 133";"A01";"0";"7";"0";"1";"3";"1";"1";""
"202400037225";"155 716 131";"A01";"2";"7";"15";"0";"2";"14";"1";""
"202400037226";"155 716 130";"B01";"1";"33";"0";"2";"1";"1";"1";""
"202400037226";"155 716 134";"A01";"1";"7";"0";"2";"3";"15";"1";""
"202400037227";"155 716 129";"B01";"2";"1";"0";"2";"1";"1";"5";""
"202400037227";"155 716 132";"A01";"2";"7";"0";"2";"7";"19";"3";""
"202400037228";"155 716 124";"B01";"0";"7";"0";"2";"1";"1";"1";""
"202400037228";"155 716 128";"A01";"0";"7";"0";"2";"1";"1";"1";""
"202400037229";"155 716 123";"B01";"0";"7";"0";"0";"4";"23";"0";""
"202400037229";"155 716 126";"A01";"0";"15";"0";"2";"1";"1";"0";""
"202400037230";"155 716 122";"A01";"1";"7";"0";"2";"7";"15";"1";""
"202400037230";"155 716 125";"B01";"2";"7";"0";"2";"1";"2";"1";""
"202400037231";"155 716 121";"A01";"1";"37";"0";"2";"2";"1";"1";"6"
"202400037231";"155 716 127";"B01";"1";"7";"0";"2";"6";"13";"1";""
"202400037232";"155 716 119";"B01";"1";"10";"0";"2";"3";"1";"0";""
"202400037232";"155 716 120";"A01";"1";"80";"0";"2";"7";"17";"3";""
"202400037233";"155 716 118";"A01";"1";"7";"13";"0";"3";"13";"1";""
"202400037234";"155 716 114";"A01";"3";"7";"0";"2";"3";"1";"1";""
"202400037234";"155 716 116";"B01";"3";"1";"0";"2";"7";"1";"5";""
"202400037235";"155 716 115";"A01";"1";"7";"0";"2";"1";"15";"1";""
"202400037235";"155 716 117";"B01";"2";"32";"0";"2";"8";"1";"1";""
"202400037236";"155 716 113";"A01";"3";"7";"0";"1";"1";"1";"1";""
"202400037237";"155 716 111";"A01";"2";"80";"0";"1";"1";"1";"3";""
"202400037238";"155 716 109";"A01";"1";"1";"0";"2";"1";"1";"5";""
"202400037238";"155 716 112";"B01";"1";"7";"0";"2";"1";"1";"1";""
"202400037239";"155 716 107";"A01";"2";"7";"0";"2";"2";"1";"1";""
"202400037239";"155 716 110";"B01";"1";"1";"0";"2";"8";"0";"5";""
"202400037240";"155 716 105";"A01";"1";"7";"0";"2";"1";"1";"1";""
"202400037240";"155 716 108";"B01";"0";"50";"0";"2";"7";"1";"3";""
"202400037241";"155 716 104";"A01";"1";"43";"0";"2";"8";"18";"1";""
"202400037241";"155 716 106";"B01";"1";"15";"0";"2";"2";"1";"0";""
"202400037242";"155 716 102";"A01";"3";"7";"0";"1";"7";"1";"1";""
"202400037243";"155 716 101";"B01";"3";"99";"0";"2";"1";"1";"6";""
"202400037243";"155 716 103";"A01";"3";"7";"0";"2";"1";"9";"2";""
"202400037244";"155 716 099";"A01";"2";"7";"0";"1";"1";"1";"1";""
"202400037245";"155 716 098";"A01";"1";"32";"0";"2";"7";"17";"1";""
"202400037245";"155 716 100";"B01";"1";"7";"0";"2";"3";"1";"2";""
"202400037246";"155 716 095";"A01";"3";"7";"0";"2";"1";"13";"1";""
"202400037246";"155 716 097";"B01";"3";"7";"0";"2";"1";"1";"1";""
"202400037247";"155 716 093";"A01";"1";"10";"0";"2";"3";"16";"1";""
"202400037247";"155 716 096";"B01";"1";"43";"0";"2";"1";"21";"1";""
"202400037248";"155 716 091";"A01";"1";"7";"0";"1";"1";"25";"1";""
"202400037249";"155 716 092";"B01";"2";"7";"0";"2";"1";"1";"1";""
"202400037249";"155 716 094";"A01";"1";"10";"0";"2";"1";"6";"1";""
"202400037250";"155 716 089";"B01";"0";"1";"0";"0";"0";"0";"5";""
"202400037250";"155 716 090";"A01";"1";"7";"0";"2";"1";"1";"1";""
"202400037251";"155 716 084";"A01";"2";"1";"8";"0";"0";"0";"5";""
"202400037251";"155 716 086";"Z01";"1";"7";"0";"2";"4";"0";"0";""
"202400037252";"155 716 081";"A01";"1";"7";"0";"2";"0";"17";"1";""
"202400037252";"155 716 083";"B01";"1";"1";"0";"2";"0";"1";"5";""
"202400037253";"155 716 088";"A01";"3";"43";"0";"1";"1";"17";"1";""
"202400037254";"155 716 079";"A01";"2";"10";"0";"1";"3";"1";"1";""
"202400037255";"155 716 074";"A01";"2";"30";"0";"2";"1";"1";"1";""
"202400037255";"155 716 078";"B01";"2";"7";"0";"2";"8";"1";"1";""
"202400037256";"155 716 075";"A01";"1";"7";"0";"2";"3";"24";"1";""
"202400037256";"155 716 077";"B01";"1";"80";"1";"2";"1";"2";"3";""
"202400037257";"155 716 073";"A01";"0";"7";"0";"1";"1";"1";"1";""
"202400037258";"155 716 068";"A01";"1";"7";"0";"9";"1";"1";"2";""
"202400037258";"155 716 071";"B01";"2";"50";"0";"2";"8";"1";"3";""
"202400037259";"155 716 066";"B01";"3";"33";"0";"2";"4";"1";"1";""
"202400037260";"155 716 069";"A01";"3";"7";"0";"2";"6";"11";"1";""
"202400037260";"155 716 070";"B01";"3";"33";"0";"2";"1";"1";"1";""
"202400037261";"155 716 065";"B01";"1";"7";"0";"2";"2";"1";"1";""
"202400037261";"155 716 067";"A01";"2";"10";"0";"2";"1";"1";"1";""
"202400037262";"155 716 061";"Y01";"1";"60";"0";"2";"7";"19";"5";""
"202400037262";"155 716 064";"A01";"1";"7";"0";"2";"3";"1";"1";""
"202400037263";"155 716 058";"B01";"2";"7";"0";"2";"4";"24";"1";""
"202400037263";"155 716 060";"A01";"2";"7";"0";"2";"1";"1";"3";""
"202400037264";"155 716 057";"A01";"1";"7";"3";"0";"9";"1";"1";""
"202400037264";"155 716 059";"B01";"1";"7";"1";"0";"4";"2";"1";""
"202400037264";"155 716 063";"C01";"1";"10";"0";"2";"1";"1";"1";""
"202400037265";"155 716 056";"B01";"3";"7";"0";"2";"2";"16";"1";""
"202400037265";"155 716 062";"A01";"3";"7";"0";"2";"7";"1";"1";""
"202400037266";"155 716 054";"A01";"1";"7";"0";"1";"5";"1";"1";""
"202400037267";"155 716 051";"A01";"3";"50";"0";"1";"1";"1";"3";""
"202400037268";"155 716 049";"A01";"3";"99";"0";"2";"1";"1";"1";""
"202400037268";"155 716 052";"B01";"3";"7";"0";"2";"4";"12";"2";""
"202400037268";"155 716 055";"C01";"3";"37";"0";"2";"4";"23";"1";"1"
"202400037269";"155 716 048";"B01";"2";"7";"0";"2";"2";"1";"6";""
"202400037269";"155 716 053";"A01";"1";"7";"0";"2";"3";"13";"6";""
"202400037270";"155 716 045";"A01";"1";"7";"0";"1";"1";"15";"1";""
"202400037271";"155 716 043";"D01";"2";"7";"0";"2";"3";"23";"1";""
"202400037271";"155 716 046";"A01";"2";"7";"0";"2";"1";"1";"1";""
"202400037271";"155 716 047";"B01";"2";"7";"0";"2";"4";"2";"1";""
"202400037271";"155 716 050";"C01";"1";"7";"0";"2";"2";"1";"1";""
"202400037272";"155 716 041";"A01";"2";"7";"0";"2";"3";"15";"2";""
"202400037272";"155 716 044";"B01";"1";"50";"0";"2";"1";"1";"3";""
"202400037273";"155 716 040";"B01";"1";"7";"0";"2";"9";"1";"1";""
"202400037273";"155 716 042";"A01";"1";"7";"0";"2";"8";"9";"1";""
"202400037274";"155 716 039";"A01";"3";"30";"0";"1";"1";"18";"1";""
"202400037275";"155 716 037";"A01";"2";"7";"0";"1";"3";"1";"1";""
"202400037276";"155 716 036";"A01";"1";"7";"0";"1";"3";"1";"1";""
"202400037277";"155 716 034";"A01";"1";"7";"0";"2";"3";"10";"1";""
"202400037277";"155 716 038";"B01";"1";"33";"0";"2";"1";"2";"1";""
"202400037278";"155 716 033";"A01";"1";"10";"0";"2";"1";"1";"1";""
"202400037278";"155 716 035";"B01";"1";"10";"0";"2";"8";"9";"1";""
"202400037279";"155 716 029";"B01";"2";"32";"0";"2";"8";"1";"1";""
"202400037279";"155 716 031";"Z01";"2";"7";"0";"2";"8";"17";"0";""
"202400037280";"155 716 028";"A01";"3";"10";"0";"2";"4";"2";"1";""
"202400037280";"155 716 030";"B01";"3";"7";"0";"2";"1";"2";"1";""
"202400037280";"155 716 032";"C01";"3";"7";"0";"2";"1";"2";"1";""
"202400037281";"155 716 027";"A01";"1";"7";"0";"1";"1";"1";"1";""
"202400037282";"155 716 026";"A01";"1";"10";"0";"1";"1";"1";"1";""
"202400037283";"155 716 025";"A01";"3";"10";"6";"0";"1";"1";"1";""
"202400037284";"155 716 024";"A01";"2";"30";"0";"1";"1";"1";"3";""
"202400037285";"155 716 021";"A01";"0";"30";"0";"2";"1";"2";"1";""
"202400037285";"155 716 023";"B01";"0";"7";"0";"0";"4";"23";"1";""
"202400037286";"155 716 022";"A01";"1";"0";"1";"0";"2";"0";"1";""
"202400037287";"155 716 018";"A01";"1";"7";"0";"2";"2";"2";"1";""
"202400037287";"155 716 020";"B01";"1";"7";"0";"2";"6";"2";"1";""
"202400037288";"155 716 017";"B01";"2";"7";"0";"2";"1";"2";"1";""
"202400037288";"155 716 019";"A01";"2";"32";"0";"2";"4";"2";"1";""
"202400037289";"155 716 015";"A01";"2";"7";"0";"2";"1";"2";"1";""
"202400037289";"155 716 016";"B01";"2";"7";"0";"2";"4";"2";"2";""
"202400037290";"155 716 014";"A01";"2";"7";"0";"1";"8";"15";"1";""
"202400037291";"155 716 011";"A01";"2";"1";"3";"0";"0";"1";"5";""
"202400037292";"155 716 012";"A01";"3";"7";"0";"1";"7";"16";"0";""
"202400037293";"155 716 010";"A01";"2";"2";"0";"2";"8";"25";"1";""
"202400037293";"155 716 013";"B01";"2";"7";"0";"2";"2";"2";"3";""
"202400037294";"155 716 008";"A01";"1";"21";"0";"0";"8";"1";"1";""
"202400037295";"155 716 009";"A01";"3";"7";"0";"1";"3";"15";"1";""
"202400037296";"155 716 005";"A01";"2";"10";"0";"1";"5";"19";"1";""
"202400037297";"155 716 006";"A01";"3";"30";"0";"2";"1";"5";"1";""
"202400037297";"155 716 007";"B01";"3";"7";"0";"2";"7";"1";"1";""
"202400037298";"155 716 003";"A01";"2";"7";"0";"1";"1";"1";"1";""
"202400037299";"155 716 004";"A01";"3";"7";"2";"0";"1";"1";"1";""
"202400037300";"155 716 000";"A01";"3";"7";"2";"0";"3";"14";"1";""
"202400037301";"155 715 996";"A01";"2";"7";"0";"2";"7";"16";"1";""
"202400037301";"155 715 998";"B01";"2";"37";"0";"2";"3";"1";"1";"2"
"202400037302";"155 715 997";"B01";"2";"7";"12";"2";"3";"1";"1";""
"202400037302";"155 716 001";"A01";"2";"10";"0";"2";"2";"15";"1";""
"202400037303";"155 715 995";"A01";"2";"7";"14";"0";"1";"1";"1";""
"202400037304";"155 715 994";"A01";"1";"1";"15";"1";"1";"1";"5";""
"202400037305";"155 715 992";"A01";"0";"7";"6";"0";"4";"26";"2";""
"202400037306";"155 715 991";"A01";"3";"50";"7";"0";"1";"25";"3";""
"202400037307";"155 715 990";"B01";"1";"30";"0";"2";"7";"1";"1";""
"202400037307";"155 715 993";"A01";"3";"10";"0";"2";"3";"16";"0";""
"202400037308";"155 715 989";"A01";"2";"7";"2";"0";"7";"1";"1";""
"202400037309";"155 715 987";"A01";"1";"7";"0";"1";"1";"1";"1";""
"202400037310";"155 715 985";"A01";"1";"10";"0";"1";"4";"4";"1";""
"202400037311";"155 715 986";"A01";"1";"7";"0";"2";"2";"1";"1";""
"202400037311";"155 715 988";"B01";"1";"7";"0";"2";"8";"16";"1";""
"202400037312";"155 715 982";"A01";"3";"7";"0";"0";"3";"1";"1";""
"202400037312";"155 715 984";"B01";"3";"10";"0";"0";"2";"1";"1";""
"202400037313";"155 715 981";"A01";"0";"7";"0";"9";"7";"9";"1";""
"202400037313";"155 715 983";"B01";"0";"50";"0";"2";"7";"2";"3";""
"202400037314";"155 715 980";"Z01";"0";"7";"0";"1";"0";"1";"0";""
"202400037315";"155 715 978";"A01";"3";"2";"15";"0";"8";"15";"1";""
"202400037316";"155 715 977";"A01";"0";"7";"0";"2";"2";"13";"1";""
"202400037316";"155 715 979";"B01";"3";"7";"0";"2";"5";"1";"1";""
"202400037317";"155 715 974";"A01";"3";"33";"0";"6";"2";"1";"1";""
"202400037318";"155 715 973";"A01";"0";"7";"0";"2";"7";"15";"1";""
"202400037318";"155 715 976";"B01";"0";"33";"0";"2";"1";"1";"1";""
"202400037319";"155 715 972";"A01";"3";"2";"0";"2";"4";"15";"1";""
"202400037319";"155 715 975";"B01";"3";"7";"0";"2";"3";"1";"1";""
"202400037320";"155 715 969";"A01";"1";"7";"6";"0";"1";"1";"1";""
"202400037321";"155 715 966";"C01";"1";"7";"0";"2";"3";"1";"1";""
"202400037321";"155 715 968";"A01";"2";"7";"0";"2";"1";"13";"1";""
"202400037321";"155 715 971";"B01";"1";"3";"0";"2";"1";"1";"1";""
"202400037322";"155 715 965";"B01";"3";"7";"0";"2";"1";"1";"1";""
"202400037322";"155 715 970";"A01";"3";"7";"0";"2";"3";"1";"1";""
"202400037323";"155 715 964";"B01";"3";"7";"0";"2";"7";"1";"1";""
"202400037323";"155 715 967";"A01";"3";"99";"0";"2";"1";"0";"3";""
"202400037324";"155 715 960";"A01";"2";"7";"6";"2";"1";"6";"1";""
"202400037324";"155 715 963";"B01";"1";"7";"0";"2";"2";"15";"1";""
"202400037325";"155 715 959";"A01";"0";"50";"0";"1";"1";"1";"3";""
"202400037326";"155 715 961";"A01";"2";"7";"0";"2";"8";"1";"1";""
"202400037326";"155 715 962";"B01";"1";"14";"0";"2";"1";"1";"1";""
"202400037327";"155 715 957";"B01";"2";"30";"0";"0";"0";"2";"1";""
"202400037327";"155 715 958";"A01";"2";"7";"0";"2";"7";"21";"1";""
"202400037328";"155 715 956";"A01";"1";"7";"2";"0";"3";"13";"1";""
"202400037329";"155 715 955";"A01";"2";"7";"0";"1";"1";"1";"1";""
"202400037330";"155 715 951";"A01";"1";"7";"13";"0";"3";"13";"1";""
"202400037331";"155 715 952";"B01";"1";"33";"0";"2";"1";"1";"1";""
"202400037331";"155 715 954";"A01";"2";"7";"0";"2";"1";"9";"1";""
"202400037332";"155 715 948";"B01";"1";"7";"0";"2";"1";"1";"1";""
"202400037332";"155 715 950";"A01";"1";"7";"0";"2";"1";"1";"1";""
"202400037332";"155 715 953";"C01";"1";"7";"0";"2";"4";"1";"1";""
"202400037333";"155 715 946";"A01";"1";"7";"0";"2";"1";"1";"1";""
"202400037333";"155 715 949";"B01";"1";"7";"0";"2";"4";"11";"2";""
"202400037334";"155 715 945";"A01";"2";"7";"0";"2";"3";"1";"1";""
"202400037334";"155 715 947";"B01";"1";"7";"0";"2";"3";"1";"1";""
"202400037335";"155 715 944";"A01";"2";"7";"0";"1";"1";"21";"1";""
"202400037336";"155 715 942";"A01";" -1";"7";"2";"0";"1";"1";"1";""
"202400037337";"155 715 938";"A01";"2";"7";"0";"0";"0";"1";"1";""
"202400037338";"155 715 940";"B01";"2";"7";"0";"2";"2";"1";"1";""
"202400037338";"155 715 943";"A01";"2";"7";"0";"2";"1";"1";"1";""
"202400037339";"155 715 936";"A01";"1";"50";"9";"0";"1";"1";"3";""
"202400037340";"155 715 932";"A01";"1";"7";"0";"0";"4";"2";"1";""
"202400037340";"155 715 935";"B01";"1";"7";"0";"2";"1";"1";"1";""
"202400037341";"155 715 933";"A01";"3";"0";"0";"1";"1";"0";"0";""
"202400037342";"155 715 930";"A01";"2";"7";"0";"2";"3";"1";"1";""
"202400037342";"155 715 931";"B01";"1";"7";"0";"2";"3";"1";"1";""
"202400037343";"155 715 929";"B01";"1";"2";"0";"2";"3";"1";"1";""
"202400037343";"155 715 934";"A01";"1";"7";"0";"2";"7";"15";"1";""
"202400037344";"155 715 928";"A01";"1";"7";"4";"0";"2";"1";"1";""
"202400037345";"155 715 926";"A01";"2";"33";"7";"0";"9";"13";"1";""
"202400037346";"155 715 924";"A01";"1";"2";"0";"2";"7";"17";"3";""
"202400037346";"155 715 927";"B01";"1";"7";"0";"2";"0";"15";"0";""
"202400037347";"155 715 923";"B01";"3";"50";"0";"2";"1";"1";"3";""
"202400037347";"155 715 925";"A01";"3";"10";"0";"2";"3";"15";"1";""
"202400037348";"155 715 922";"A01";"3";"7";"0";"1";"0";"1";"1";""
"202400037349";"155 715 918";"A01";"1";"7";"2";"0";"3";"13";"1";""
"202400037350";"155 715 917";"A01";"2";"31";"0";"2";"1";"1";"1";""
"202400037350";"155 715 920";"Z01";"0";"7";"0";"0";"0";"0";"0";""
"202400037351";"155 715 915";"B01";"2";"7";"0";"2";"3";"1";"1";""
"202400037351";"155 715 921";"A01";"1";"7";"0";"2";"8";"1";"1";""
"202400037352";"155 715 916";"A01";"2";"10";"0";"2";"7";"1";"1";""
"202400037352";"155 715 919";"B01";"2";"80";"0";"2";"8";"17";"3";""
"202400037353";"155 715 914";"A01";"1";"17";"0";"1";"2";"1";"1";""
"202400037354";"155 715 909";"A01";"2";"7";"0";"2";"8";"13";"1";""
"202400037354";"155 715 911";"B01";"1";"7";"0";"2";"3";"1";"1";""
"202400037355";"155 715 908";"A01";"3";"7";"0";"2";"1";"17";"1";""
"202400037355";"155 715 912";"B01";"3";"1";"0";"2";"1";"1";"5";""
"202400037356";"155 715 910";"A01";"2";"31";"1";"2";"1";"1";"1";""
"202400037356";"155 715 913";"Z01";"1";"10";"0";"2";"0";"17";"0";""
"202400037357";"155 715 907";"A01";"2";"7";"2";"0";"1";"0";"0";""
"202400037358";"155 715 906";"A01";"2";"7";"0";"1";"3";"1";"2";""
"202400037359";"155 715 902";"A01";"2";"7";"0";"0";"2";"1";"1";""
"202400037360";"155 715 900";"A01";"2";"32";"0";"0";"5";"1";"1";""
"202400037360";"155 715 901";"B01";"2";"7";"0";"0";"3";"1";"0";""
"202400037361";"155 715 899";"A01";"1";"7";"16";"0";"1";"2";"1";""
"202400037361";"155 715 904";"B01";"1";"30";"14";"0";"7";"7";"1";""
"202400037362";"155 715 903";"A01";"1";"7";"0";"2";"1";"1";"1";""
"202400037362";"155 715 905";"B01";"1";"7";"0";"2";"4";"1";"1";""
"202400037363";"155 715 891";"A01";"0";"7";"0";"0";"1";"0";"1";""
"202400037363";"155 715 893";"B01";"0";"7";"0";"0";"1";"0";"2";""
"202400037364";"155 715 894";"Z01";"2";"7";"0";"1";"1";"7";"0";""
"202400037365";"155 715 892";"A01";"2";"10";"0";"2";"3";"17";"1";""
"202400037365";"155 715 896";"B01";"1";"7";"0";"2";"1";"16";"1";""
"202400037366";"155 715 890";"A01";"2";"1";"0";"2";"8";"1";"5";""
"202400037366";"155 715 895";"B01";"2";"1";"0";"2";"7";"1";"5";""
"202400037367";"155 715 889";"A01";"2";"10";"6";"0";"1";"1";"1";""
"202400037368";"155 715 887";"A01";"1";"7";"0";"2";"1";"5";"1";""
"202400037368";"155 715 888";"B01";"2";"7";"0";"2";"1";"1";"1";""
"202400037369";"155 715 884";"A01";"3";"50";"0";"2";"8";"18";"3";""
"202400037369";"155 715 886";"B01";"3";"7";"0";"2";"7";"16";"1";""
"202400037370";"155 715 879";"A01";"2";"7";"0";"2";"3";"1";"1";""
"202400037370";"155 715 881";"D01";"2";"7";"0";"2";"1";"2";"1";""
"202400037370";"155 715 883";"B01";"1";"10";"0";"2";"3";"1";"1";""
"202400037370";"155 715 885";"C01";"1";"7";"0";"2";"1";"2";"1";""
"202400037371";"155 715 878";"A01";"3";"33";"0";"2";"1";"17";"1";""
"202400037371";"155 715 882";"B01";"3";"7";"0";"2";"5";"15";"1";""
"202400037372";"155 715 880";"A01";"2";"50";"0";"0";"7";"16";"3";""
"202400037373";"155 715 876";"A01";"3";"7";"0";"2";"5";"16";"1";""
"202400037373";"155 715 877";"B01";"3";"2";"0";"2";"8";"16";"1";""
"202400037374";"155 715 874";"A01";"2";"7";"0";"2";"4";"9";"1";""
"202400037374";"155 715 875";"B01";"2";"10";"0";"2";"1";"17";"1";""
"202400037375";"155 715 871";"B01";"3";"7";"0";"2";"1";"26";"1";""
"202400037375";"155 715 873";"A01";"3";"1";"0";"2";"8";"5";"5";""
"202400037376";"155 715 870";"B01";"0";"13";"0";"2";"3";"1";"0";""
"202400037376";"155 715 872";"A01";"0";"7";"0";"2";"3";"13";"1";""
"202400037377";"155 715 867";"A01";"1";"10";"0";"2";"8";"15";"1";""
"202400037377";"155 715 868";"B01";"1";"33";"0";"2";"7";"17";"1";""
"202400037378";"155 715 866";"A01";"3";"10";"0";"2";"2";"9";"1";""
"202400037378";"155 715 869";"B01";"1";"1";"0";"2";"7";"1";"5";""
"202400037379";"155 715 864";"A01";"2";"7";"6";"0";"1";"1";"1";""
"202400037380";"155 715 863";"B01";"3";"7";"0";"2";"1";"9";"2";""
"202400037380";"155 715 865";"A01";"3";"1";"0";"2";"1";"5";"5";""
"202400037381";"155 715 862";"A01";"1";"7";"13";"0";"9";"0";"2";""
"202400037382";"155 715 860";"A01";"0";"7";"0";"1";"3";"19";"1";""
"202400037383";"155 715 859";"A01";"1";"7";"0";"2";"1";"1";"1";""
"202400037383";"155 715 861";"B01";"2";"7";"0";"2";"1";"1";"1";""
"202400037384";"155 715 856";"A01";"1";"10";"0";"2";"1";"2";"1";""
"202400037384";"155 715 858";"B01";"1";"7";"15";"2";"4";"2";"1";""
"202400037385";"155 715 853";"B01";"0";"2";"0";"2";"7";"1";"1";""
"202400037385";"155 715 855";"A01";"0";"7";"0";"2";"2";"9";"1";""
"202400037386";"155 715 850";"A01";"3";"7";"0";"9";"2";"26";"1";""
"202400037386";"155 715 851";"B01";"3";"50";"0";"2";"1";"2";"3";""
"202400037387";"155 715 848";"A01";"1";"7";"0";"2";"5";"10";"1";""
"202400037387";"155 715 854";"B01";"1";"7";"0";"2";"1";"1";"1";""
"202400037388";"155 715 849";"A01";"3";"7";"0";"2";"3";"0";"1";""
"202400037388";"155 715 852";"B01";"3";"33";"0";"2";"2";"0";"1";""
"202400037389";"155 715 846";"A01";"0";"7";"2";"0";"1";"0";"1";""
"202400037390";"155 715 845";"A01";"2";"7";"0";"2";"1";"2";"1";""
"202400037390";"155 715 847";"B01";"2";"7";"0";"2";"4";"2";"1";""
"202400037391";"155 715 844";"A01";"2";"33";"1";"0";"3";"15";"1";""
"202400037392";"155 715 839";"B01";"1";"7";"0";"2";"3";"9";"1";""
"202400037392";"155 715 843";"A01";"2";"32";"0";"2";"1";"21";"1";""
"202400037393";"155 715 838";"A01";"1";"7";"0";"2";"6";"15";"1";""
"202400037393";"155 715 842";"B01";"1";"33";"0";"2";"7";"17";"1";""
"202400037394";"155 715 837";"A01";"0";"7";"0";"2";"3";"2";"1";""
"202400037394";"155 715 840";"B01";"0";"7";"0";"2";"4";"1";"1";""
"202400037395";"155 715 836";"A01";"1";"7";"0";"2";"8";"18";"1";""
"202400037395";"155 715 841";"B01";"2";"33";"0";"2";"8";"1";"1";""
"202400037396";"155 715 834";"A01";"1";"7";"5";"0";"2";"14";"1";""
"202400037397";"155 715 831";"B01";"2";"7";"0";"2";"6";"13";"1";""
"202400037397";"155 715 835";"A01";"2";"7";"0";"2";"3";"13";"1";""
"202400037398";"155 715 830";"B01";"0";"7";"0";"2";"3";"1";"1";""
"202400037398";"155 715 833";"A01";"0";"1";"0";"2";"1";"1";"5";""
"202400037399";"155 715 829";"B01";"1";"1";"0";"2";"8";"17";"5";""
"202400037399";"155 715 832";"A01";"1";"7";"0";"2";"3";"17";"1";""
"202400037400";"155 715 825";"A01";"1";"7";"0";"2";"2";"15";"1";""
"202400037400";"155 715 827";"B01";"2";"31";"0";"2";"1";"1";"1";""
"202400037401";"155 715 823";"A01";"2";"1";"13";"0";"1";"1";"5";""
"202400037402";"155 715 822";"A01";"2";"3";"0";"2";"1";"2";"1";""
"202400037402";"155 715 826";"B01";"2";"7";"0";"2";"4";"16";"1";""
"202400037403";"155 715 821";"A01";"2";"7";"0";"2";"1";"1";"1";""
"202400037403";"155 715 824";"C01";"2";"7";"0";"2";"0";"1";"1";""
"202400037403";"155 715 828";"B01";"2";"10";"0";"2";"1";"1";"1";""
"202400037404";"155 715 820";"A01";"1";"33";"8";"0";"2";"1";"1";""
"202400037405";"155 715 816";"B01";"2";"7";"0";"0";"1";"1";"1";""
"202400037405";"155 715 819";"A01";"2";"30";"0";"0";"7";"19";"1";""
"202400037406";"155 715 815";"A01";"2";"7";"0";"2";"3";"5";"1";""
"202400037406";"155 715 817";"B01";"1";"2";"0";"2";"7";"5";"1";""
"202400037407";"155 715 814";"A01";"2";"2";"0";"2";"1";"2";"1";""
"202400037407";"155 715 818";"B01";"2";"7";"0";"2";"4";"2";"1";""
"202400037408";"155 715 813";"A01";"2";"7";"0";"1";"1";"1";"1";""
"202400037409";"155 715 810";"B01";"1";"7";"1";"0";"1";"19";"1";""
"202400037409";"155 715 812";"A01";"2";"1";"0";"2";"1";"23";"5";""
"202400037410";"155 715 809";"A01";"1";"7";"0";"2";"4";"4";"0";""
"202400037410";"155 715 811";"B01";"1";"7";"0";"2";"1";"0";"0";""
"202400037411";"155 715 808";"A01";"1";"7";"6";"0";"1";"6";"1";""
"202400037412";"155 715 805";"A01";"1";"37";"2";"0";"1";"1";"1";"12"
"202400037413";"155 715 804";"A01";"3";"30";"0";"2";"0";"1";"1";""
"202400037413";"155 715 807";"B01";"3";"7";"0";"2";"3";"1";"1";""
"202400037414";"155 715 803";"A01";"3";"7";"0";"1";"0";"1";"1";""
"202400037415";"155 715 802";"A01";"3";"7";"3";"2";"1";"13";"1";""
"202400037415";"155 715 806";"B01";"3";"7";"0";"2";"1";"1";"1";""