"Num_Acc";"id_vehicule";"num_veh";"senc";"catv";"obs";"obsm";"choc";"manv";"motor";"occutc"
"202400037416";"155 715 799";"A01";"1";"7";"0";"1";"1";"1";"1";""
"202400037417";"155 715 797";"A01";"1";"7";"0";"2";"4";"2";"1";""
"202400037417";"155 715 800";"B01";"1";"7";"0";"2";"1";"2";"1";""
"202400037418";"155 715 798";"A01";"1";"7";"0";"1";"1";"19";"1";""
"202400037419";"155 715 796";"B01";"3";"7";"0";"1";"1";"23";"1";""
"202400037419";"155 715 801";"A01";"1";"7";"1";"0";"1";"23";"2";""
"202400037420";"155 715 795";"A01";"1";"7";"4";"0";"9";"2";"1";""
"202400037421";"155 715 794";"A01";"0";"2";"1";"0";"1";"14";"1";""
"202400037422";"155 715 791";"A01";"2";"32";"7";"0";"2";"1";"1";""
"202400037423";"155 715 792";"A01";"1";"7";"0";"1";"1";"1";"1";""
"202400037424";"155 715 793";"Z01";"2";"30";"0";"1";"1";"1";"1";""
"202400037425";"155 715 790";"A01";"3";"33";"12";"0";"7";"0";"1";""
"202400037426";"155 715 786";"B01";"2";"33";"0";"2";"7";"3";"1";""
"202400037426";"155 715 789";"Z01";"2";"0";"0";"2";"3";"11";"0";""
"202400037427";"155 715 787";"A01";"1";"1";"12";"0";"2";"1";"5";""
"202400037428";"155 715 785";"Z01";"1";"7";"0";"2";"5";"15";"0";""
"202400037428";"155 715 788";"A01";"2";"33";"0";"2";"2";"1";"1";""
"202400037429";"155 715 781";"A01";"2";"7";"0";"2";"1";"2";"1";""
"202400037429";"155 715 783";"B01";"2";"7";"0";"2";"4";"2";"1";""
"202400037430";"155 715 779";"B01";"2";"7";"0";"2";"1";"1";"1";""
"202400037430";"155 715 784";"A01";"2";"7";"0";"2";"2";"19";"1";""
"202400037431";"155 715 780";"A01";"2";"50";"0";"2";"1";"5";"3";""
"202400037431";"155 715 782";"B01";"2";"80";"0";"2";"1";"1";"3";""
"202400037432";"155 715 777";"B01";"3";"7";"0";"2";"8";"15";"2";""
"202400037432";"155 715 778";"A01";"3";"7";"0";"2";"1";"15";"1";""
"202400037433";"155 715 774";"B01";"1";"7";"0";"2";"4";"1";"1";""
"202400037433";"155 715 775";"Z01";"1";"7";"0";"2";"1";"2";"1";""
"202400037434";"155 715 771";"A01";"2";"7";"0";"1";"2";"26";"1";""
"202400037435";"155 715 770";"C01";"2";"7";"0";"2";"1";"2";"1";""
"202400037435";"155 715 773";"A01";"2";"7";"3";"2";"0";"1";"1";""
"202400037435";"155 715 776";"B01";"2";"7";"0";"2";"1";"2";"1";""
"202400037436";"155 715 769";"A01";"1";"7";"0";"2";"1";"1";"1";""
"202400037436";"155 715 772";"B01";"1";"7";"0";"2";"4";"1";"1";""
"202400037437";"155 715 767";"A01";"1";"7";"1";"0";"7";"14";"1";""
"202400037438";"155 715 763";"A01";"2";"7";"0";"2";"4";"26";"1";""
"202400037438";"155 715 766";"B01";"2";"32";"0";"2";"1";"2";"1";""
"202400037439";"155 715 762";"A01";"2";"7";"0";"2";"5";"7";"2";""
"202400037439";"155 715 765";"B01";"2";"80";"0";"2";"5";"2";"3";""
"202400037440";"155 715 760";"D01";"2";"7";"0";"2";"0";"0";"1";""
"202400037440";"155 715 761";"B01";"2";"7";"0";"2";"4";"1";"1";""
"202400037440";"155 715 764";"C01";"2";"10";"0";"2";"5";"1";"1";""
"202400037440";"155 715 768";"A01";"2";"33";"0";"2";"0";"3";"1";""
"202400037441";"155 715 759";"A01";"1";"7";"0";"1";"1";"1";"1";""
"202400037442";"155 715 756";"A01";"2";"17";"0";"2";"7";"1";"1";""
"202400037442";"155 715 758";"B01";"2";"7";"0";"2";"8";"9";"1";""
"202400037443";"155 715 755";"A01";"1";"7";"4";"0";"2";"1";"1";""
"202400037444";"155 715 754";"A01";"2";"7";"0";"2";"2";"12";"1";""
"202400037444";"155 715 757";"B01";"2";"33";"0";"2";"1";"1";"1";""
"202400037445";"155 715 751";"A01";"2";"7";"5";"0";"2";"14";"2";""
"202400037446";"155 715 750";"A01";"1";"30";"0";"2";"3";"17";"1";""
"202400037446";"155 715 753";"B01";"1";"7";"0";"2";"3";"9";"1";""
"202400037447";"155 715 749";"A01";"2";"10";"3";"2";"0";"13";"1";""
"202400037447";"155 715 752";"B01";"2";"10";"0";"2";"0";"0";"1";""
"202400037448";"155 715 747";"A01";"1";"32";"0";"1";"5";"11";"1";""
"202400037449";"155 715 743";"A01";"2";"33";"0";"2";"0";"2";"1";""
"202400037449";"155 715 746";"B01";"2";"7";"0";"2";"4";"2";"1";""
"202400037450";"155 715 741";"A01";"2";"7";"0";"2";"2";"26";"1";""
"202400037450";"155 715 745";"C01";"2";"7";"0";"2";"5";"1";"2";""
"202400037450";"155 715 748";"B01";"2";"7";"0";"2";"8";"1";"2";""
"202400037451";"155 715 740";"A01";"3";"7";"8";"2";"5";"1";"1";""
"202400037451";"155 715 744";"B01";"3";"7";"12";"2";"1";"1";"1";""
"202400037452";"155 715 738";"A01";"1";"7";"0";"2";"5";"20";"1";""
"202400037452";"155 715 742";"B01";"1";"2";"0";"2";"1";"1";"1";""
"202400037453";"155 715 737";"A01";"1";"33";"0";"2";"1";"3";"1";""
"202400037453";"155 715 739";"B01";"1";"7";"0";"2";"8";"1";"1";""
"202400037454";"155 715 736";"A01";"1";"7";"4";"0";"2";"26";"1";""
"202400037455";"155 715 734";"A01";"3";"50";"0";"1";"1";"1";"3";""
"202400037456";"155 715 733";"A01";"2";"31";"0";"2";"8";"1";"1";""
"202400037457";"155 715 731";"B01";"3";"7";"0";"2";"1";"23";"1";""
"202400037457";"155 715 735";"A01";"3";"7";"0";"2";"4";"23";"1";""
"202400037458";"155 715 729";"B01";"2";"15";"0";"2";"2";"1";"1";""
"202400037458";"155 715 730";"C01";"2";"43";"0";"2";"1";"1";"1";""
"202400037458";"155 715 732";"A01";"2";"7";"0";"2";"8";"0";"1";""
"202400037459";"155 715 727";"A01";"1";"7";"6";"0";"3";"26";"1";""
"202400037460";"155 715 726";"A01";"1";"3";"1";"2";"1";"0";"1";""
"202400037460";"155 715 728";"B01";"2";"7";"0";"2";"1";"26";"1";""
"202400037461";"155 715 723";"A01";"2";"7";"0";"2";"1";"2";"1";""
"202400037461";"155 715 724";"B01";"2";"7";"0";"2";"4";"2";"1";""
"202400037462";"155 715 721";"A01";"1";"33";"0";"2";"1";"18";"1";""
"202400037462";"155 715 722";"B01";"1";"7";"0";"2";"5";"1";"1";""
"202400037463";"155 715 718";"A01";"1";"7";"16";"0";"1";"26";"1";""
"202400037464";"155 715 719";"A01";"3";"7";"0";"2";"2";"1";"1";""
"202400037464";"155 715 725";"B01";"3";"99";"0";"2";"1";"1";"1";""
"202400037465";"155 715 717";"A01";"1";"7";"0";"0";"0";"16";"1";""
"202400037466";"155 715 716";"B01";"2";"31";"0";"2";"1";"1";"1";""
"202400037466";"155 715 720";"A01";"1";"7";"0";"2";"6";"1";"1";""
"202400037467";"155 715 715";"A01";"3";"32";"0";"0";"0";"0";"6";""
"202400037468";"155 715 713";"A01";"1";"7";"4";"0";"1";"2";"1";""
"202400037469";"155 715 712";"A01";"3";"7";"0";"2";"1";"5";"1";""
"202400037469";"155 715 714";"B01";"3";"7";"0";"2";"1";"0";"1";""
"202400037470";"155 715 707";"B01";"2";"33";"0";"2";"1";"1";"1";""
"202400037470";"155 715 711";"A01";"1";"7";"0";"2";"8";"15";"1";""
"202400037471";"155 715 705";"A01";"2";"7";"0";"2";"7";"15";"3";""
"202400037471";"155 715 710";"B01";"1";"34";"0";"2";"1";"1";"1";""
"202400037472";"155 715 706";"B01";"2";"7";"0";"2";"0";"1";"1";""
"202400037472";"155 715 709";"A01";"2";"7";"0";"2";"0";"1";"2";""
"202400037473";"155 715 704";"A01";"2";"7";"0";"2";"3";"11";"1";""
"202400037473";"155 715 708";"B01";"2";"33";"0";"2";"2";"2";"1";""
"202400037474";"155 715 701";"A01";"2";"33";"0";"0";"7";"3";"1";""
"202400037475";"155 715 699";"A01";"1";"10";"0";"2";"2";"16";"1";""
"202400037475";"155 715 702";"B01";"1";"50";"0";"2";"1";"1";"3";""
"202400037476";"155 715 698";"A01";"2";"7";"1";"0";"3";"26";"1";""
"202400037477";"155 715 695";"B01";"0";"10";"0";"2";"0";"0";"1";""
"202400037477";"155 715 696";"A01";"0";"7";"0";"2";"8";"0";"1";""
"202400037478";"155 715 694";"A01";"2";"33";"0";"2";"6";"3";"1";""
"202400037478";"155 715 697";"B01";"2";"7";"0";"2";"5";"0";"1";""
"202400037479";"155 715 691";"A01";"3";"7";"1";"0";"1";"2";"1";""
"202400037480";"155 715 690";"B01";"3";"2";"0";"2";"1";"6";"1";""
"202400037480";"155 715 693";"A01";"1";"7";"0";"2";"2";"1";"2";""
"202400037481";"155 715 689";"A01";"1";"7";"0";"2";"2";"2";"1";""
"202400037481";"155 715 692";"B01";"1";"10";"0";"2";"6";"2";"1";""
"202400037482";"155 715 687";"A01";"2";"10";"0";"2";"8";"11";"1";""
"202400037482";"155 715 688";"B01";"2";"33";"0";"2";"1";"1";"1";""
"202400037483";"155 715 686";"A01";"1";"7";"8";"0";"7";"17";"1";""
"202400037484";"155 715 685";"B01";"0";"7";"0";"0";"0";"0";"0";""
"202400037485";"155 715 682";"A01";"1";"7";"0";"2";"1";"1";"1";""
"202400037485";"155 715 684";"B01";"1";"7";"0";"2";"4";"1";"1";""
"202400037486";"155 715 680";"A01";"1";"33";"0";"2";"1";"17";"1";""
"202400037486";"155 715 683";"B01";"1";"7";"0";"0";"6";"15";"1";""
"202400037487";"155 715 679";"A01";"2";"30";"0";"2";"1";"26";"1";""
"202400037487";"155 715 681";"B01";"2";"10";"0";"2";"8";"0";"1";""
"202400037488";"155 715 674";"A01";"3";"10";"1";"9";"6";"20";"1";""
"202400037489";"155 715 673";"A01";"1";"7";"13";"0";"1";"14";"1";""
"202400037490";"155 715 676";"B01";"2";"1";"0";"2";"1";"1";"5";""
"202400037490";"155 715 677";"A01";"1";"7";"0";"2";"3";"16";"1";""
"202400037491";"155 715 675";"B01";"3";"33";"0";"2";"1";"0";"1";""
"202400037491";"155 715 678";"A01";"3";"7";"0";"2";"5";"15";"2";""
"202400037492";"155 715 672";"A01";"1";"7";"0";"1";"1";"1";"1";""
"202400037493";"155 715 671";"A01";"2";"7";"6";"0";"2";"14";"1";""
"202400037494";"155 715 668";"B01";"3";"33";"0";"2";"1";"1";"1";""
"202400037494";"155 715 670";"A01";"3";"7";"0";"2";"3";"13";"1";""
"202400037495";"155 715 667";"B01";"2";"2";"0";"2";"2";"1";"1";""
"202400037495";"155 715 669";"A01";"2";"7";"0";"2";"3";"9";"1";""
"202400037496";"155 715 666";"A01";"1";"7";"8";"0";"1";"14";"1";""
"202400037497";"155 715 665";"A01";"3";"32";"0";"1";"0";"2";"1";""
"202400037498";"155 715 662";"A01";"0";"1";"0";"1";"0";"26";"5";""
"202400037499";"155 715 660";"A01";"1";"7";"0";"2";"1";"13";"1";""
"202400037499";"155 715 663";"B01";"2";"7";"0";"2";"1";"1";"1";""
"202400037500";"155 715 659";"B01";"2";"7";"0";"2";"3";"1";"1";""
"202400037500";"155 715 664";"A01";"1";"7";"0";"2";"3";"1";"1";""
"202400037501";"155 715 658";"A01";"2";"32";"0";"2";"2";"1";"1";""
"202400037501";"155 715 661";"B01";"2";"7";"0";"2";"3";"1";"1";""
"202400037502";"155 715 656";"A01";"1";"38";"12";"9";"5";"16";"1";"1"
"202400037503";"155 715 652";"A01";"3";"7";"0";"2";"1";"15";"1";""
"202400037503";"155 715 655";"B01";"3";"30";"0";"2";"8";"1";"1";""
"202400037504";"155 715 653";"B01";"2";"7";"0";"2";"1";"15";"2";""
"202400037504";"155 715 657";"A01";"1";"33";"0";"2";"7";"1";"1";""
"202400037505";"155 715 651";"A01";"1";"32";"0";"2";"1";"17";"1";""
"202400037505";"155 715 654";"B01";"1";"2";"0";"2";"4";"15";"1";""
"202400037506";"155 715 647";"B01";"2";"7";"0";"2";"4";"11";"1";""
"202400037506";"155 715 649";"A01";"2";"33";"0";"2";"1";"3";"1";""
"202400037507";"155 715 648";"B01";"1";"30";"0";"2";"1";"1";"1";""
"202400037507";"155 715 650";"A01";"3";"7";"0";"2";"7";"1";"1";""
"202400037508";"155 715 646";"A01";"1";"7";"0";"1";"1";"1";"1";""
"202400037509";"155 715 644";"A01";"2";"15";"0";"2";"2";"1";"1";""
"202400037509";"155 715 645";"B01";"2";"7";"3";"2";"3";"18";"1";""
"202400037510";"155 715 643";"A01";"2";"33";"4";"0";"0";"13";"1";""
"202400037511";"155 715 642";"A01";"1";"30";"0";"0";"0";"2";"1";""
"202400037512";"155 715 639";"A01";"1";"7";"0";"1";"1";"16";"1";""
"202400037513";"155 715 638";"A01";"2";"33";"0";"0";"9";"1";"1";""
"202400037513";"155 715 641";"B01";"0";"7";"0";"0";"0";"9";"1";""
"202400037514";"155 715 636";"B01";"1";"7";"0";"0";"6";"1";"1";""
"202400037514";"155 715 640";"A01";"1";"7";"4";"2";"1";"2";"1";""
"202400037515";"155 715 635";"A01";"3";"10";"0";"2";"3";"26";"1";""
"202400037515";"155 715 637";"B01";"3";"7";"0";"2";"7";"1";"1";""
"202400037516";"155 715 632";"B01";"3";"37";"0";"2";"3";"1";"1";"1"
"202400037516";"155 715 634";"A01";"3";"50";"0";"2";"1";"1";"3";""
"202400037517";"155 715 630";"A01";"2";"7";"4";"2";"1";"14";"1";""
"202400037518";"155 715 631";"A01";"1";"7";"0";"2";"3";"11";"1";""
"202400037518";"155 715 633";"B01";"1";"33";"10";"2";"1";"1";"1";""
"202400037519";"155 715 629";"A01";"3";"7";"6";"0";"1";"26";"1";""
"202400037520";"155 715 627";"A01";"1";"7";"4";"2";"1";"11";"2";""
"202400037521";"155 715 625";"A01";"2";"7";"4";"0";"3";"13";"1";""
"202400037522";"155 715 624";"A01";"2";"7";"0";"2";"3";"11";"1";""
"202400037522";"155 715 628";"B01";"2";"7";"1";"2";"2";"17";"1";""
"202400037523";"155 715 623";"A01";"1";"7";"0";"2";"3";"2";"1";""
"202400037523";"155 715 626";"B01";"1";"2";"0";"2";"5";"9";"1";""
"202400037524";"155 715 622";"A01";"3";"7";"0";"1";"1";"1";"0";""
"202400037525";"155 715 618";"A01";"2";"30";"0";"2";"1";"2";"1";""
"202400037525";"155 715 621";"B01";"2";"10";"0";"2";"4";"23";"1";""
"202400037526";"155 715 617";"A01";"1";"7";"0";"2";"1";"5";"1";""
"202400037526";"155 715 619";"B01";"2";"7";"0";"2";"1";"1";"1";""
"202400037527";"155 715 616";"B01";"1";"31";"0";"2";"1";"1";"3";""
"202400037527";"155 715 620";"A01";"1";"7";"0";"2";"3";"15";"0";""
"202400037528";"155 715 614";"A01";"2";"7";"0";"2";"2";"9";"1";""
"202400037528";"155 715 615";"B01";"1";"7";"0";"2";"3";"1";"1";""
"202400037529";"155 715 610";"A01";"2";"30";"0";"2";"1";"1";"1";""
"202400037529";"155 715 613";"B01";"2";"7";"0";"2";"6";"2";"2";""
"202400037530";"155 715 609";"A01";"2";"33";"0";"2";"7";"0";"1";""
"202400037530";"155 715 612";"B01";"2";"7";"0";"2";"8";"11";"0";""
"202400037531";"155 715 606";"B01";"2";"7";"0";"2";"3";"23";"1";""
"202400037531";"155 715 608";"A01";"1";"7";"11";"2";"1";"14";"1";""
"202400037532";"155 715 605";"A01";"1";"7";"0";"2";"7";"1";"1";""
"202400037532";"155 715 611";"B01";"2";"10";"0";"2";"8";"1";"3";""
"202400037533";"155 715 603";"A01";"3";"1";"0";"2";"0";"0";"5";""
"202400037533";"155 715 607";"B01";"3";"7";"0";"2";"1";"0";"1";""
"202400037534";"155 715 602";"A01";"1";"7";"0";"0";"5";"21";"3";""
"202400037534";"155 715 604";"B01";"1";"34";"0";"2";"1";"3";"1";""
"202400037535";"155 715 599";"A01";"1";"33";"0";"0";"1";"26";"1";""
"202400037536";"155 715 596";"B01";"2";"7";"0";"2";"1";"1";"1";""
"202400037536";"155 715 601";"A01";"1";"7";"0";"2";"3";"9";"1";""
"202400037537";"155 715 597";"A01";"1";"2";"6";"0";"1";"1";"1";""
"202400037538";"155 715 598";"A01";"2";"30";"0";"2";"1";"1";"3";""
"202400037538";"155 715 600";"B01";"2";"32";"0";"2";"4";"23";"1";""
"202400037539";"155 715 595";"A01";"1";"15";"1";"0";"7";"14";"1";""
"202400037540";"155 715 593";"A01";"1";"33";"9";"0";"1";"1";"1";""
"202400037541";"155 715 589";"B01";"2";"43";"0";"2";"1";"1";"1";""
"202400037541";"155 715 592";"A01";"2";"7";"0";"2";"3";"1";"2";""
"202400037542";"155 715 590";"A01";"2";"7";"0";"2";"3";"9";"1";""
"202400037542";"155 715 594";"B01";"1";"7";"0";"2";"7";"1";"1";""
"202400037543";"155 715 588";"B01";"1";"31";"0";"2";"4";"23";"3";""
"202400037543";"155 715 591";"A01";"1";"7";"14";"0";"1";"2";"1";""
"202400037544";"155 715 586";"A01";"1";"33";"13";"0";"1";"2";"1";""
"202400037545";"155 715 582";"B01";"2";"80";"0";"2";"2";"1";"3";""
"202400037545";"155 715 585";"A01";"2";"7";"0";"2";"3";"22";"1";""
"202400037546";"155 715 584";"A01";"3";"7";"0";"2";"7";"15";"0";""
"202400037546";"155 715 587";"B01";"3";"7";"0";"2";"1";"1";"0";""
"202400037547";"155 715 580";"A01";"1";"7";"0";"2";"2";"15";"1";""
"202400037547";"155 715 583";"B01";"2";"33";"0";"2";"8";"1";"1";""
"202400037548";"155 715 578";"A01";"2";"33";"0";"2";"0";"11";"1";""
"202400037548";"155 715 581";"B01";"1";"10";"0";"2";"8";"1";"1";""
"202400037549";"155 715 576";"A01";"2";"14";"0";"2";"8";"23";"4";""
"202400037549";"155 715 579";"B01";"2";"1";"1";"0";"8";"17";"5";""
"202400037550";"155 715 575";"A01";"1";"50";"12";"0";"1";"1";"3";""
"202400037551";"155 715 577";"A01";"1";"30";"0";"0";"0";"23";"1";""
"202400037552";"155 715 572";"A01";"2";"7";"0";"2";"3";"15";"1";""
"202400037552";"155 715 574";"B01";"2";"7";"0";"2";"3";"1";"1";""
"202400037553";"155 715 570";"B01";"1";"2";"0";"2";"1";"1";"1";""
"202400037553";"155 715 573";"A01";"1";"10";"0";"0";"6";"23";"1";""
"202400037554";"155 715 569";"B01";"1";"33";"0";"2";"7";"15";"1";""
"202400037554";"155 715 571";"A01";"1";"7";"0";"2";"3";"15";"1";""
"202400037555";"155 715 567";"A01";"1";"7";"12";"0";"1";"1";"0";""
"202400037556";"155 715 566";"A01";"2";"33";"0";"2";"1";"1";"1";""
"202400037556";"155 715 568";"B01";"2";"7";"0";"2";"8";"15";"1";""
"202400037557";"155 715 565";"A01";"2";"34";"4";"0";"3";"1";"1";""
"202400037558";"155 715 561";"A01";"0";"7";"0";"9";"1";"1";"3";""
"202400037558";"155 715 563";"B01";"0";"50";"0";"2";"1";"1";"3";""
"202400037559";"155 715 564";"A01";"1";"7";"9";"0";"3";"1";"1";""
"202400037560";"155 715 562";"A01";"1";"30";"0";"1";"1";"2";"0";""
"202400037561";"155 715 559";"A01";"1";"7";"0";"2";"1";"13";"1";""
"202400037561";"155 715 560";"B01";"2";"2";"0";"2";"1";"1";"1";""
"202400037562";"155 715 555";"A01";"2";"10";"0";"2";"3";"13";"1";""
"202400037562";"155 715 558";"B01";"1";"38";"0";"2";"3";"1";"1";"1"
"202400037563";"155 715 556";"A01";"1";"7";"0";"1";"3";"2";"1";""
"202400037564";"155 715 554";"B01";"2";"1";"0";"2";"1";"2";"5";""
"202400037564";"155 715 557";"A01";"2";"7";"0";"2";"5";"2";"1";""
"202400037565";"155 715 553";"A01";"2";"33";"0";"0";"0";"1";"1";""
"202400037566";"155 715 550";"A01";"2";"7";"0";"1";"4";"26";"1";""
"202400037567";"155 715 549";"A01";"0";"7";"0";"2";"3";"15";"1";""
"202400037567";"155 715 552";"B01";"0";"7";"0";"2";"3";"1";"2";""
"202400037568";"155 715 547";"A01";"0";"7";"0";"2";"7";"15";"1";""
"202400037568";"155 715 551";"B01";"1";"7";"0";"2";"1";"1";"3";""
"202400037569";"155 715 545";"A01";"0";"30";"0";"0";"8";"1";"1";""
"202400037570";"155 715 544";"A01";"1";"33";"0";"2";"1";"1";"1";""
"202400037570";"155 715 546";"B01";"1";"7";"0";"2";"6";"1";"1";""
"202400037571";"155 715 539";"A01";"1";"7";"1";"0";"2";"1";"1";""
"202400037572";"155 715 541";"A01";"2";"1";"0";"2";"8";"19";"5";""
"202400037572";"155 715 542";"B01";"2";"7";"0";"2";"7";"2";"1";""
"202400037573";"155 715 540";"B01";"2";"7";"0";"2";"3";"1";"1";""
"202400037573";"155 715 543";"A01";"1";"33";"0";"2";"3";"17";"1";""
"202400037574";"155 715 534";"A01";"1";"7";"0";"2";"1";"1";"0";""
"202400037574";"155 715 536";"B01";"1";"50";"0";"2";"4";"1";"3";""
"202400037575";"155 715 537";"A01";"3";"7";"0";"2";"1";"1";"2";""
"202400037575";"155 715 538";"B01";"3";"50";"0";"2";"7";"0";"3";""
"202400037576";"155 715 535";"A01";"2";"7";"0";"1";"1";"1";"2";""
"202400037577";"155 715 533";"A01";"2";"7";"2";"0";"3";"13";"1";""
"202400037578";"155 715 532";"A01";"1";"7";"6";"0";"2";"10";"1";""
"202400037579";"155 715 531";"A01";"2";"7";"0";"1";"2";"26";"6";""
"202400037580";"155 715 528";"B01";"1";"7";"0";"2";"1";"15";"0";""
"202400037580";"155 715 530";"A01";"2";"10";"0";"2";"3";"2";"1";""
"202400037581";"155 715 527";"A01";"1";"7";"0";"2";"1";"13";"1";""
"202400037581";"155 715 529";"B01";"2";"7";"0";"2";"1";"1";"1";""
"202400037582";"155 715 523";"A01";"1";"31";"0";"2";"1";"1";"1";""
"202400037582";"155 715 525";"B01";"2";"7";"0";"2";"1";"15";"1";""
"202400037583";"155 715 524";"A01";"1";"7";"0";"2";"2";"16";"1";""
"202400037583";"155 715 526";"B01";"1";"50";"0";"2";"0";"1";"3";""
"202400037584";"155 715 522";"A01";"3";"7";"1";"0";"1";"1";"1";""
"202400037585";"155 715 518";"A01";"3";"10";"0";"1";"0";"19";"1";""
"202400037586";"155 715 519";"A01";"2";"30";"0";"2";"1";"5";"1";""
"202400037586";"155 715 521";"B01";"1";"7";"0";"9";"1";"17";"1";""
"202400037587";"155 715 517";"Z01";"2";"7";"0";"2";"2";"9";"1";""
"202400037587";"155 715 520";"B01";"2";"2";"0";"2";"3";"9";"1";""
"202400037588";"155 715 512";"A01";"3";"7";"0";"2";"2";"1";"1";""
"202400037588";"155 715 516";"B01";"3";"7";"0";"2";"1";"15";"1";""
"202400037589";"155 715 513";"A01";"1";"33";"16";"0";"1";"1";"1";""
"202400037590";"155 715 510";"Z01";"1";"7";"0";"0";"0";"0";"0";""
"202400037590";"155 715 514";"B01";"1";"50";"0";"2";"1";"26";"3";""
"202400037591";"155 715 509";"A01";"1";"7";"2";"0";"3";"1";"1";""
"202400037592";"155 715 506";"A01";"1";"1";"0";"0";"1";"26";"5";""
"202400037593";"155 715 508";"B01";"3";"10";"8";"0";"4";"23";"0";""
"202400037593";"155 715 511";"A01";"3";"7";"0";"2";"1";"23";"1";""
"202400037593";"155 715 515";"C01";"0";"10";"0";"2";"1";"1";"0";""
"202400037594";"155 715 503";"A01";"3";"7";"0";"2";"1";"1";"1";""
"202400037594";"155 715 504";"B01";"3";"7";"0";"2";"4";"1";"1";""
"202400037595";"155 715 505";"B01";"1";"7";"0";"9";"2";"2";"1";""
"202400037595";"155 715 507";"A01";"1";"1";"13";"2";"3";"2";"5";""
"202400037596";"155 715 502";"A01";"2";"32";"12";"0";"8";"13";"1";""
"202400037597";"155 715 501";"A01";"3";"50";"14";"0";"2";"1";"3";""
"202400037598";"155 715 499";"A01";"2";"7";"1";"0";"1";"1";"1";""
"202400037599";"155 715 497";"B01";"3";"31";"0";"2";"1";"1";"1";""
"202400037599";"155 715 500";"A01";"3";"7";"0";"2";"2";"15";"2";""
"202400037600";"155 715 498";"A01";"2";"7";"13";"0";"1";"17";"1";""
"202400037601";"155 715 495";"A01";"3";"7";"0";"1";"1";"1";"1";""
"202400037602";"155 715 496";"A01";"3";"32";"15";"0";"1";"1";"1";""
"202400037603";"155 715 493";"A01";"1";"33";"0";"2";"7";"17";"1";""
"202400037603";"155 715 494";"B01";"1";"7";"0";"2";"3";"15";"1";""
"202400037604";"155 715 490";"A01";"3";"7";"0";"1";"3";"0";"0";""
"202400037605";"155 715 492";"A01";"1";"7";"3";"0";"0";"1";"1";""
"202400037606";"155 715 489";"A01";"2";"30";"0";"2";"1";"1";"3";""
"202400037606";"155 715 491";"B01";"2";"7";"0";"2";"4";"1";"1";""
"202400037607";"155 715 486";"A01";"2";"7";"0";"2";"1";"1";"0";""
"202400037607";"155 715 488";"B01";"2";"1";"0";"2";"8";"26";"5";""
"202400037608";"155 715 484";"B01";"2";"1";"0";"2";"1";"1";"5";""
"202400037608";"155 715 487";"A01";"2";"7";"0";"9";"3";"16";"2";""
"202400037609";"155 715 485";"A01";"3";"7";"0";"1";"1";"1";"1";""
"202400037610";"155 715 483";"A01";"2";"7";"0";"1";"8";"1";"1";""
"202400037611";"155 715 478";"A01";"3";"7";"0";"0";"8";"1";"1";""
"202400037611";"155 715 481";"B01";"0";"7";"0";"0";"1";"1";"2";""
"202400037612";"155 715 476";"A01";"2";"7";"0";"1";"2";"1";"1";""
"202400037613";"155 715 474";"B01";"2";"50";"0";"2";"1";"1";"3";""
"202400037613";"155 715 477";"A01";"1";"7";"0";"2";"3";"9";"1";""
"202400037614";"155 715 473";"A01";"3";"10";"0";"1";"7";"1";"1";""
"202400037615";"155 715 475";"A01";"2";"10";"0";"2";"1";"1";"1";""
"202400037615";"155 715 479";"B01";"1";"7";"0";"2";"1";"13";"1";""
"202400037616";"155 715 471";"A01";"3";"7";"1";"0";"1";"19";"1";""
"202400037617";"155 715 469";"A01";"2";"7";"0";"1";"1";"1";"1";""
"202400037618";"155 715 470";"A01";"1";"7";"0";"2";"1";"16";"1";""
"202400037618";"155 715 472";"B01";"1";"34";"0";"2";"6";"1";"1";""
"202400037619";"155 715 465";"A01";"3";"7";"0";"2";"3";"10";"1";""
"202400037619";"155 715 468";"B01";"3";"33";"0";"2";"1";"0";"1";""
"202400037620";"155 715 463";"A01";"2";"7";"0";"2";"3";"13";"2";""
"202400037620";"155 715 464";"B01";"1";"7";"0";"2";"1";"0";"1";""
"202400037620";"155 715 467";"C01";"1";"7";"0";"2";"3";"21";"1";""
"202400037621";"155 715 461";"A01";"1";"10";"0";"1";"2";"16";"0";""
"202400037622";"155 715 462";"A01";"3";"7";"0";"1";"1";"15";"1";""
"202400037623";"155 715 459";"A01";"2";"7";"6";"0";"2";"1";"1";""
"202400037624";"155 715 457";"A01";"3";"10";"0";"1";"4";"25";"1";""
"202400037625";"155 715 456";"B01";"2";"3";"0";"2";"3";"23";"1";""
"202400037625";"155 715 458";"A01";"2";"2";"0";"2";"1";"2";"1";""
"202400037626";"155 715 455";"A01";"0";"80";"0";"9";"1";"26";"3";""
"202400037627";"155 715 452";"A01";"2";"1";"0";"1";"1";"1";"5";""
"202400037628";"155 715 454";"A01";"2";"33";"0";"0";"0";"13";"1";""
"202400037629";"155 715 451";"B01";"2";"7";"7";"0";"3";"1";"1";""
"202400037629";"155 715 453";"Z01";"2";"7";"7";"0";"0";"16";"0";""
"202400037630";"155 715 447";"A01";"1";"7";"0";"1";"1";"1";"1";""
"202400037631";"155 715 449";"B01";"2";"99";"0";"2";"1";"1";"3";""
"202400037631";"155 715 450";"A01";"1";"7";"0";"9";"2";"1";"2";""