"Num_Acc";"id_vehicule";"num_veh";"senc";"catv";"obs";"obsm";"choc";"manv";"motor";"occutc"
"202400037839";"155 715 083";"A01";"2";"3";"0";"2";"4";"2";"1";""
"202400037839";"155 715 085";"B01";"2";"7";"0";"2";"1";"2";"1";""
"202400037840";"155 715 084";"A01";"3";"15";"0";"2";"2";"1";"1";""
"202400037840";"155 715 086";"B01";"2";"2";"0";"2";"1";"1";"1";""
"202400037841";"155 715 081";"A01";"3";"31";"0";"2";"1";"2";"1";""
"202400037841";"155 715 082";"B01";"3";"7";"0";"2";"3";"15";"2";""
"202400037842";"155 715 078";"A01";"3";"13";"0";"2";"2";"2";"1";""
"202400037842";"155 715 080";"B01";"3";"10";"0";"2";"0";"0";"1";""
"202400037843";"155 715 077";"A01";"3";"2";"0";"2";"1";"13";"1";""
"202400037843";"155 715 079";"B01";"3";"2";"0";"2";"1";"0";"1";""
"202400037844";"155 715 074";"A01";"1";"33";"0";"2";"3";"2";"1";""
"202400037844";"155 715 075";"B01";"1";"15";"0";"2";"2";"16";"1";""
"202400037845";"155 715 073";"A01";"1";"7";"0";"9";"2";"1";"1";""
"202400037845";"155 715 076";"B01";"2";"2";"0";"2";"1";"1";"1";""
"202400037846";"155 715 072";"A01";"3";"33";"12";"9";"1";"14";"1";""
"202400037847";"155 715 068";"A01";"3";"7";"0";"2";"3";"15";"0";""
"202400037847";"155 715 071";"B01";"3";"31";"0";"2";"1";"17";"0";""
"202400037848";"155 715 066";"B01";"2";"7";"0";"2";"1";"19";"1";""
"202400037848";"155 715 069";"A01";"0";"1";"0";"2";"8";"19";"5";""
"202400037849";"155 715 067";"A01";"1";"7";"0";"2";"3";"9";"1";""
"202400037849";"155 715 070";"B01";"1";"33";"0";"2";"5";"1";"1";""
"202400037850";"155 715 065";"A01";"1";"40";"0";"1";"1";"1";"3";""
"202400037851";"155 715 064";"A01";"1";"33";"7";"0";"1";"2";"1";""
"202400037852";"155 715 062";"A01";"1";"7";"0";"2";"4";"2";"1";""
"202400037852";"155 715 063";"B01";"1";"7";"0";"2";"1";"2";"1";""
"202400037853";"155 715 060";"A01";"1";"7";"0";"1";"2";"9";"1";""
"202400037854";"155 715 059";"A01";"3";"7";"0";"2";"1";"19";"1";""
"202400037854";"155 715 061";"B01";"1";"33";"0";"2";"8";"1";"1";""
"202400037855";"155 715 056";"B01";"0";"14";"0";"2";"2";"26";"1";""
"202400037855";"155 715 058";"A01";"0";"1";"0";"2";"6";"25";"5";""
"202400037856";"155 715 055";"A01";"2";"7";"0";"2";"7";"2";"0";""
"202400037856";"155 715 057";"B01";"2";"50";"0";"2";"8";"9";"3";""
"202400037857";"155 715 052";"B01";"2";"35";"0";"0";"6";"1";"1";""
"202400037857";"155 715 054";"A01";"2";"7";"0";"2";"2";"17";"0";""
"202400037858";"155 715 051";"B01";"2";"1";"0";"2";"1";"5";"5";""
"202400037858";"155 715 053";"A01";"1";"7";"0";"2";"2";"16";"1";""
"202400037859";"155 715 049";"A01";"2";"33";"0";"2";"8";"17";"1";""
"202400037859";"155 715 050";"B01";"1";"7";"0";"2";"8";"1";"1";""
"202400037860";"155 715 046";"A01";"2";"7";"0";"2";"1";"9";"1";""
"202400037860";"155 715 048";"B01";"2";"7";"0";"2";"8";"9";"1";""
"202400037861";"155 715 045";"A01";"1";"7";"17";"0";"1";"13";"1";""
"202400037862";"155 715 043";"A01";"2";"34";"0";"2";"3";"17";"1";""
"202400037862";"155 715 044";"B01";"2";"7";"0";"2";"2";"15";"1";""
"202400037863";"155 715 040";"B01";"1";"7";"0";"2";"1";"1";"1";""
"202400037863";"155 715 042";"A01";"2";"7";"0";"2";"3";"19";"1";""
"202400037864";"155 715 039";"B01";"2";"33";"0";"2";"1";"3";"1";""
"202400037864";"155 715 041";"A01";"1";"7";"0";"2";"3";"15";"1";""
"202400037865";"155 715 038";"A01";"1";"7";"6";"0";"1";"1";"1";""
"202400037866";"155 715 033";"A01";"1";"7";"0";"2";"1";"19";"1";""
"202400037866";"155 715 035";"B01";"1";"14";"0";"2";"8";"19";"1";""
"202400037867";"155 715 031";"A01";"2";"33";"0";"2";"1";"2";"1";""
"202400037867";"155 715 032";"B01";"2";"7";"0";"2";"4";"2";"1";""
"202400037867";"155 715 034";"C01";"2";"7";"0";"2";"1";"2";"1";""
"202400037867";"155 715 036";"D01";"2";"7";"0";"2";"4";"2";"2";""
"202400037867";"155 715 037";"E01";"2";"7";"0";"2";"1";"1";"1";""
"202400037868";"155 715 028";"A01";"2";"7";"0";"2";"4";"9";"1";""
"202400037868";"155 715 029";"Y01";"3";"1";"0";"2";"7";"16";"5";""
"202400037869";"155 715 027";"A01";"2";"10";"0";"0";"7";"15";"3";""
"202400037870";"155 715 025";"A01";"0";"7";"0";"2";"2";"10";"1";""
"202400037870";"155 715 026";"B01";"0";"7";"0";"2";"3";"2";"1";""
"202400037871";"155 715 022";"A01";"2";"7";"0";"2";"0";"15";"3";""
"202400037871";"155 715 024";"B01";"2";"33";"0";"2";"1";"17";"1";""
"202400037872";"155 715 021";"A01";"2";"2";"0";"2";"1";"9";"1";""
"202400037872";"155 715 023";"B01";"1";"7";"0";"2";"7";"1";"1";""
"202400037873";"155 715 020";"A01";"3";"50";"12";"0";"1";"26";"3";""
"202400037874";"155 715 018";"A01";"1";"7";"0";"2";"8";"19";"1";""
"202400037874";"155 715 019";"B01";"1";"7";"0";"2";"1";"19";"1";""
"202400037875";"155 715 017";"A01";"0";"7";"1";"0";"1";"13";"1";""
"202400037876";"155 715 015";"A01";"2";"33";"13";"0";"8";"21";"1";""
"202400037877";"155 715 014";"B01";"1";"33";"0";"2";"1";"17";"1";""
"202400037877";"155 715 016";"A01";"1";"7";"0";"2";"8";"15";"1";""
"202400037878";"155 715 013";"A01";"2";"7";"6";"0";"1";"2";"1";""
"202400037879";"155 715 012";"A01";"1";"7";"0";"1";"2";"1";"1";""
"202400037880";"155 715 009";"A01";"1";"0";"0";"2";"0";"5";"0";""
"202400037880";"155 715 010";"B01";"2";"33";"0";"2";"1";"1";"1";""
"202400037880";"155 715 011";"C01";"2";"33";"13";"0";"0";"1";"1";""
"202400037881";"155 715 008";"A01";"2";"7";"0";"1";"1";"15";"3";""
"202400037882";"155 715 006";"A01";"2";"33";"0";"2";"1";"0";"1";""
"202400037882";"155 715 007";"B01";"2";"7";"0";"2";"3";"9";"1";""
"202400037883";"155 715 004";"B01";"3";"7";"0";"2";"1";"1";"1";""
"202400037883";"155 715 005";"A01";"3";"30";"0";"2";"5";"1";"1";""
"202400037884";"155 714 999";"A01";"1";"7";"3";"0";"3";"13";"1";""
"202400037885";"155 714 998";"B01";"2";"7";"12";"2";"3";"1";"1";""
"202400037885";"155 715 000";"C01";"2";"7";"12";"2";"3";"1";"1";""
"202400037885";"155 715 001";"A01";"1";"7";"0";"2";"3";"13";"1";""
"202400037886";"155 714 994";"B01";"0";"10";"0";"2";"2";"15";"3";""
"202400037886";"155 714 996";"A01";"0";"33";"0";"2";"1";"1";"1";""
"202400037887";"155 714 992";"A01";"1";"7";"0";"1";"2";"1";"1";""
"202400037888";"155 714 991";"A01";"2";"33";"0";"2";"1";"1";"1";""
"202400037888";"155 714 993";"B01";" -1";"10";"0";"2";"1";"0";"1";""
"202400037889";"155 714 989";"B01";"1";"7";"0";"2";"1";"1";"1";""
"202400037889";"155 714 990";"A01";"1";"33";"0";"2";"1";"13";"1";""
"202400037890";"155 714 988";"A01";"3";"7";"0";"1";"4";"20";"1";""
"202400037891";"155 714 987";"A01";"1";"10";"0";"1";"1";"1";"1";""
"202400037892";"155 714 986";"A01";"2";"33";"12";"0";"2";"1";"1";""
"202400037893";"155 714 983";"A01";"1";"7";"0";"2";"1";"2";"1";""
"202400037893";"155 714 985";"B01";"1";"7";"0";"2";"4";"1";"1";""
"202400037894";"155 714 982";"A01";"2";"7";"0";"2";"1";"5";"1";""
"202400037894";"155 714 984";"B01";"1";"7";"0";"2";"1";"1";"2";""
"202400037895";"155 714 980";"A01";"1";"7";"13";"0";"1";"2";"1";""
"202400037896";"155 714 981";"A01";"0";"7";"0";"1";"2";"1";"1";""
"202400037897";"155 714 977";"A01";"1";"7";"0";"2";"5";"15";"1";""
"202400037897";"155 714 979";"B01";"2";"33";"0";"2";"1";"1";"1";""
"202400037898";"155 714 971";"A01";"1";"7";"0";"2";"1";"1";"1";""
"202400037898";"155 714 973";"B01";"1";"7";"0";"2";"3";"15";"1";""
"202400037899";"155 714 970";"A01";"1";"7";"0";"2";"1";"13";"0";""
"202400037899";"155 714 972";"B01";"2";"7";"0";"2";"1";"1";"1";""
"202400037900";"155 714 969";"A01";"1";"10";"9";"9";"1";"6";"1";""
"202400037901";"155 714 966";"A01";"1";"10";"0";"2";"1";"0";"1";""
"202400037901";"155 714 968";"B01";"1";"21";"0";"2";"4";"0";"1";""
"202400037902";"155 714 965";"B01";"1";"7";"0";"2";"2";"1";"1";""
"202400037902";"155 714 967";"A01";"2";"31";"0";"2";"5";"15";"1";""
"202400037903";"155 714 963";"B01";"3";"7";"0";"9";"2";"1";"1";""
"202400037903";"155 714 964";"A01";"0";"60";"1";"0";"1";"2";"5";""
"202400037904";"155 714 961";"A01";"1";"7";"0";"2";"3";"9";"1";""
"202400037904";"155 714 962";"B01";"1";"1";"0";"2";"2";"1";"5";""
"202400037905";"155 714 960";"A01";"1";"80";"13";"0";"0";"1";"3";""
"202400037906";"155 714 958";"B01";"0";"7";"0";"2";"6";"23";"1";""
"202400037906";"155 714 959";"A01";"0";"7";"0";"2";"5";"1";"1";""
"202400037907";"155 714 957";"A01";"0";"31";"16";"9";"0";"0";"0";""
"202400037908";"155 714 954";"A01";"1";"33";"0";"0";"1";"14";"1";""
"202400037909";"155 714 953";"A01";"2";"7";"0";"2";"1";"2";"1";""
"202400037909";"155 714 955";"B01";"2";"7";"0";"2";"4";"1";"1";""
"202400037909";"155 714 956";"C01";"2";"7";"0";"2";"4";"1";"1";""
"202400037910";"155 714 948";"B01";"1";"7";"0";"2";"1";"1";"1";""
"202400037910";"155 714 950";"A01";"3";"7";"0";"2";"7";"19";"1";""
"202400037911";"155 714 947";"A01";"2";"7";"0";"2";"4";"1";"1";""
"202400037911";"155 714 949";"C01";"2";"7";"0";"2";"4";"1";"1";""
"202400037911";"155 714 951";"B01";"2";"7";"0";"2";"4";"1";"1";""
"202400037911";"155 714 952";"D01";"2";"7";"0";"2";"1";"1";"1";""
"202400037912";"155 714 945";"A01";"2";"10";"0";"1";"1";"1";"1";""
"202400037913";"155 714 943";"A01";"2";"7";"0";"2";"4";"2";"1";""
"202400037913";"155 714 944";"B01";"2";"7";"0";"2";"4";"2";"1";""
"202400037913";"155 714 946";"C01";"2";"7";"0";"2";"1";"26";"1";""
"202400037914";"155 714 940";"A01";"1";"33";"0";"2";"7";"21";"1";""
"202400037914";"155 714 942";"B01";"2";"7";"0";"2";"7";"0";"1";""
"202400037915";"155 714 939";"A01";"1";"10";"0";"2";"4";"1";"1";""
"202400037915";"155 714 941";"B01";"1";"7";"0";"2";"1";"1";"1";""
"202400037916";"155 714 938";"A01";"1";"50";"11";"0";"1";"13";"3";""
"202400037917";"155 714 936";"A01";"1";"30";"0";"0";"0";"15";"1";""
"202400037918";"155 714 933";"A01";"1";"7";"0";"2";"4";"2";"1";""
"202400037918";"155 714 934";"B01";"1";"7";"0";"2";"4";"2";"1";""
"202400037918";"155 714 935";"C01";"1";"7";"0";"2";"4";"2";"1";""
"202400037918";"155 714 937";"D01";"1";"7";"0";"2";"1";"2";"3";""
"202400037919";"155 714 930";"A01";"0";"7";"0";"9";"8";"10";"1";""
"202400037919";"155 714 932";"B01";"0";"33";"0";"2";"1";"1";"1";""
"202400037920";"155 714 929";"A01";"1";"31";"0";"2";"7";"17";"1";""
"202400037920";"155 714 931";"B01";"1";"7";"0";"2";"8";"1";"1";""
"202400037921";"155 714 927";"A01";"3";"33";"6";"2";"1";"17";"1";""
"202400037921";"155 714 928";"B01";"3";"7";"0";"2";"8";"15";"1";""
"202400037922";"155 714 924";"B01";"2";"7";"0";"2";"8";"11";"1";""
"202400037922";"155 714 926";"Z01";"2";"7";"0";"2";"1";"1";"1";""
"202400037923";"155 714 923";"B01";"1";"7";"0";"2";"8";"9";"1";""
"202400037923";"155 714 925";"A01";"1";"32";"0";"2";"2";"9";"1";""
"202400037924";"155 714 920";"B01";"1";"7";"0";"2";"6";"1";"1";""
"202400037924";"155 714 921";"C01";"1";"7";"0";"2";"1";"1";"1";""
"202400037924";"155 714 922";"A01";"2";"33";"0";"2";"1";"13";"1";""
"202400037925";"155 714 919";"A01";"1";"10";"0";"1";"8";"1";"1";""
"202400037926";"155 714 916";"A01";"1";"7";"6";"0";"1";"6";"1";""
"202400037927";"155 714 917";"A01";"2";"7";"0";"2";"1";"2";"1";""
"202400037927";"155 714 918";"B01";"2";"7";"0";"2";"4";"2";"1";""
"202400037928";"155 714 913";"A01";"3";"7";"0";"2";"1";"1";"0";""
"202400037928";"155 714 915";"B01";"3";"7";"0";"0";"0";"0";"1";""
"202400037929";"155 714 912";"B01";"1";"10";"0";"2";"4";"1";"1";""
"202400037929";"155 714 914";"A01";"1";"7";"0";"2";"1";"1";"1";""
"202400037930";"155 714 910";"A01";"1";"30";"12";"0";"1";"14";"1";""
"202400037931";"155 714 908";"A01";"1";"10";"0";"2";"1";"2";"1";""
"202400037931";"155 714 909";"B01";"1";"7";"0";"2";"4";"2";"1";""
"202400037931";"155 714 911";"C01";"1";"7";"0";"2";"4";"2";"1";""
"202400037932";"155 714 907";"A01";"3";"7";"0";"2";"1";"0";"1";""
"202400037933";"155 714 905";"A01";"2";"33";"0";"2";"7";"3";"1";""
"202400037933";"155 714 906";"B01";"2";"7";"0";"2";"2";"11";"2";""
"202400037934";"155 714 903";"A01";"1";"33";"0";"2";"1";"3";"1";""
"202400037934";"155 714 904";"B01";"1";"7";"0";"2";"4";"11";"1";""
"202400037935";"155 714 902";"A01";"3";"20";"0";"0";"7";"15";"1";""
"202400037936";"155 714 901";"A01";"1";"7";"4";"0";"1";"21";"1";""
"202400037937";"155 714 899";"A01";"1";"1";"0";"2";"1";"19";"5";""
"202400037937";"155 714 900";"B01";"1";"7";"0";"9";"1";"19";"1";""
"202400037938";"155 714 897";"B01";"1";"7";"0";"2";"6";"2";"1";""
"202400037938";"155 714 898";"A01";"1";"7";"0";"2";"1";"2";"1";""
"202400037939";"155 714 895";"A01";"3";"7";"0";"2";"8";"17";"1";""
"202400037939";"155 714 896";"B01";"3";"1";"0";"2";"0";"0";"5";""
"202400037940";"155 714 894";"A01";"2";"31";"3";"0";"3";"13";"1";""
"202400037941";"155 714 892";"A01";"1";"7";"0";"2";"2";"15";" -1";""
"202400037941";"155 714 893";"B01";"2";"30";"0";"2";"2";"1";" -1";""
"202400037942";"155 714 890";"A01";"2";"7";"4";"0";"1";"0";"1";""
"202400037942";"155 714 891";"B01";"2";"7";"0";"2";"1";"1";"2";""
"202400037943";"155 714 886";"B01";"2";"7";"0";"2";"8";"1";"1";""
"202400037943";"155 714 888";"A01";"2";"33";"0";"2";"7";"3";"1";""
"202400037944";"155 714 887";"B01";"2";"30";"0";"2";"7";"1";"1";""
"202400037944";"155 714 889";"A01";"1";"7";"0";"2";"1";"1";"1";""
"202400037945";"155 714 883";"A01";"1";"7";"0";"2";"2";"1";"1";""
"202400037945";"155 714 885";"B01";"1";"10";"0";"2";"4";"1";"1";""
"202400037946";"155 714 882";"A01";"0";"7";"0";"2";"5";"15";"1";""
"202400037946";"155 714 884";"B01";"0";"2";"0";"2";"1";"1";"1";""
"202400037947";"155 714 880";"A01";"3";"1";"0";"0";"0";"1";"5";""
"202400037948";"155 714 879";"B01";"1";"1";"0";"2";"0";"0";"5";""
"202400037948";"155 714 881";"A01";"1";"10";"0";"9";"7";"0";"1";""
"202400037949";"155 714 876";"A01";"2";"7";"0";"2";"1";"1";"1";""
"202400037949";"155 714 878";"B01";"1";"7";"0";"2";"7";"1";"1";""
"202400037950";"155 714 875";"A01";"1";"1";"0";"2";"4";"0";"5";""
"202400037950";"155 714 877";"B01";"1";"7";"0";"2";"2";"2";"1";""
"202400037951";"155 714 871";"B01";"1";"7";"0";"2";"4";"2";"1";""
"202400037951";"155 714 873";"Z01";"1";"7";"0";"2";"1";"26";"1";""
"202400037951";"155 714 874";"C01";"1";"7";"0";"2";"4";"1";"1";""
"202400037952";"155 714 870";"B01";"2";"7";"0";"0";"5";"2";"1";""
"202400037952";"155 714 872";"A01";"2";"33";"0";"2";"1";"2";"1";""
"202400037953";"155 714 868";"A01";"1";"7";"0";"1";"1";"1";"1";""
"202400037954";"155 714 867";"B01";"2";"2";"0";"2";"1";"9";"1";""
"202400037954";"155 714 869";"A01";"1";"7";"0";"2";"3";"17";"1";""
"202400037955";"155 714 866";"A01";"2";"7";"0";"1";"4";"2";"1";""
"202400037956";"155 714 863";"B01";"3";"7";"0";"2";"8";"19";"1";""
"202400037956";"155 714 865";"A01";"3";"30";"0";"2";"1";"19";"1";""
"202400037957";"155 714 862";"A01";"1";"7";"0";"2";"1";"13";"1";""
"202400037957";"155 714 864";"B01";"2";"7";"0";"2";"1";"1";"1";""
"202400037958";"155 714 861";"A01";"1";"7";"3";"0";"3";"26";"1";""
"202400037959";"155 714 860";"A01";"1";"33";"6";"0";"1";"1";"1";""
"202400037960";"155 714 859";"A01";"1";"7";"0";"1";"1";"16";"1";""
"202400037961";"155 714 858";"A01";"1";"7";"13";"0";"1";"14";"1";""
"202400037962";"155 714 857";"A01";"1";"7";"0";"1";"1";"0";"1";""
"202400037963";"155 714 855";"A01";"2";"7";"0";"2";"2";"16";"0";""
"202400037963";"155 714 856";"B01";"2";"1";"0";"2";"8";"1";"5";""
"202400037964";"155 714 853";"B01";"2";"33";"0";"2";"1";"1";" -1";""
"202400037964";"155 714 854";"A01";"1";"10";"0";"2";"3";"1";" -1";""
"202400037965";"155 714 852";"A01";"1";"10";"0";"1";"2";"1";"1";""
"202400037966";"155 714 849";"B01";"2";"7";"0";"2";"2";"17";"0";""
"202400037966";"155 714 850";"C01";"2";"7";"0";"2";"3";"1";"0";""
"202400037966";"155 714 851";"A01";"2";"7";"0";"2";"4";"1";"0";""
"202400037967";"155 714 844";"A01";"2";"7";"0";"2";"3";"15";"1";""
"202400037967";"155 714 847";"B01";"2";"7";"0";"2";"2";"1";"1";""
"202400037968";"155 714 845";"A01";"1";"1";"0";"2";"8";"15";"5";""
"202400037968";"155 714 846";"B01";"1";"33";"0";"2";"7";"1";"1";""
"202400037969";"155 714 841";"B01";"1";"7";"0";"2";"5";"2";"2";""
"202400037969";"155 714 843";"A01";"1";"7";"0";"2";"1";"2";"1";""
"202400037970";"155 714 842";"A01";"1";"7";"0";"0";"9";"14";"1";""
"202400037971";"155 714 840";"Z01";"3";"50";"0";"1";"0";"26";"3";""
"202400037972";"155 714 838";"A01";"1";"3";"0";"2";"1";"1";"1";""
"202400037972";"155 714 839";"B01";"2";"3";"0";"2";"1";"1";"1";""
"202400037973";"155 714 836";"B01";"2";"7";"0";"2";"1";"26";"1";""
"202400037973";"155 714 837";"A01";"0";"1";"0";"2";"1";"26";"5";""
"202400037974";"155 714 834";"A01";"3";"7";"0";"2";"7";"10";"1";""
"202400037974";"155 714 835";"B01";"2";"34";"0";"2";"1";"2";"1";""
"202400037975";"155 714 833";"A01";"2";"7";"1";"0";"3";"1";"1";""
"202400037976";"155 714 832";"A01";"1";"50";"0";"0";"0";"1";"3";""
"202400037977";"155 714 829";"A01";"2";"7";"0";"1";"1";"1";"1";""
"202400037978";"155 714 826";"A01";"3";"50";"0";"2";"3";"19";"3";""
"202400037978";"155 714 828";"B01";"3";"7";"0";"9";"5";"16";"1";""
"202400037979";"155 714 825";"B01";"2";"7";"0";"2";"2";"1";"1";""
"202400037979";"155 714 827";"A01";"2";"7";"0";"2";"3";"16";"2";""
"202400037980";"155 714 824";"A01";"3";"33";"0";"0";"0";"26";"1";""
"202400037981";"155 714 823";"A01";"2";"37";"0";"1";"1";"2";"1";"2"
"202400037982";"155 714 821";"A01";"1";"7";"0";"2";"1";"26";"1";""
"202400037982";"155 714 822";"B01";"1";"7";"3";"2";"4";"2";"1";""
"202400037983";"155 714 820";"A01";"2";"7";"0";"1";"3";"1";"1";""
"202400037984";"155 714 818";"A01";"1";"7";"0";"2";"3";"15";"1";""
"202400037984";"155 714 819";"B01";"2";"2";"0";"2";"1";"1";"1";""
"202400037985";"155 714 816";"A01";"1";"33";"0";"2";"1";"17";"1";""
"202400037985";"155 714 817";"B01";"2";"7";"0";"2";"0";"0";"1";""
"202400037986";"155 714 815";"A01";"3";"50";"0";"0";"0";"1";"3";""
"202400037987";"155 714 813";"A01";"2";"7";"0";"2";"1";"13";"1";""
"202400037987";"155 714 814";"B01";"1";"33";"0";"2";"1";"1";"1";""
"202400037988";"155 714 812";"A01";"3";"7";"8";"1";"1";"0";"1";""
"202400037989";"155 714 809";"A01";"1";"7";"0";"2";"1";"2";"1";""
"202400037989";"155 714 810";"B01";"1";"7";"0";"2";"4";"23";"1";""
"202400037990";"155 714 807";"A01";"1";"7";"0";"2";"3";"9";"1";""
"202400037990";"155 714 808";"B01";"1";"50";"0";"2";"1";"1";"3";""
"202400037991";"155 714 806";"A01";"1";"34";"8";"0";"0";"0";"1";""
"202400037992";"155 714 804";"B01";"1";"2";"0";"2";"8";"1";"3";""
"202400037992";"155 714 805";"A01";"1";"7";"0";"2";"1";"15";"1";""
"202400037993";"155 714 803";"A01";"1";"33";"1";"0";"1";"0";"1";""
"202400037994";"155 714 802";"A01";"3";"50";"12";"0";"7";"25";"3";""
"202400037995";"155 714 799";"A01";"3";"7";"0";"1";"8";"1";"1";""
"202400037996";"155 714 800";"A01";"2";"7";"0";"1";"2";"1";"1";""
"202400037997";"155 714 798";"A01";"1";"7";"4";"0";"8";"1";"1";""
"202400037998";"155 714 797";"A01";"3";"7";"0";"2";"2";"15";"1";""
"202400037998";"155 714 801";"B01";"2";"32";"0";"2";"3";"15";"1";""
"202400037999";"155 714 793";"C01";"0";"7";"0";"2";"4";"1";"1";""
"202400037999";"155 714 794";"A01";"0";"7";"0";"2";"1";"1";"1";""
"202400037999";"155 714 796";"B01";"0";"33";"0";"2";"4";"1";"1";""
"202400038000";"155 714 792";"A01";"1";"7";"0";"1";"3";"20";"1";""
"202400038001";"155 714 791";"B01";"2";"1";"0";"2";"4";"26";"5";""
"202400038001";"155 714 795";"A01";"2";"7";"0";"2";"2";"12";"1";""
"202400038002";"155 714 789";"A01";"3";"7";"12";"0";"0";"0";"1";""
"202400038002";"155 714 790";"B01";"3";"2";"12";"0";"8";"14";"1";""
"202400038003";"155 714 786";"A01";"3";"30";"1";"2";"1";"15";"1";""
"202400038003";"155 714 788";"B01";"3";"7";"1";"2";"1";"1";"1";""
"202400038004";"155 714 785";"B01";"2";"50";"0";"2";"1";"12";"3";""
"202400038004";"155 714 787";"A01";"1";"7";"0";"2";"7";"17";"1";""
"202400038005";"155 714 783";"A01";"1";"7";"0";"2";"3";"16";"1";""
"202400038005";"155 714 784";"B01";"2";"50";"0";"2";"1";"5";"3";""
"202400038006";"155 714 779";"A01";"3";"7";"0";"1";"4";"16";"1";""
"202400038007";"155 714 780";"A01";"3";"7";"12";"0";"2";"16";"1";""
"202400038007";"155 714 782";"B01";"3";"10";"0";"2";"5";"12";"1";""
"202400038008";"155 714 778";"A01";"1";"33";"0";"2";"1";"18";"1";""
"202400038008";"155 714 781";"B01";"1";"7";"0";"2";"7";"16";"2";""
"202400038009";"155 714 776";"A01";"3";"7";"0";"2";"3";"13";"1";""
"202400038009";"155 714 777";"B01";"3";"7";"0";"2";"3";"15";"1";""
"202400038010";"155 714 774";"A01";"1";"7";"14";"0";"3";"2";"1";""
"202400038011";"155 714 770";"A01";"2";"30";"0";"2";"8";"1";"1";""
"202400038011";"155 714 772";"B01";"2";"10";"0";"2";"7";"16";"1";""
"202400038012";"155 714 773";"A01";"2";"33";"0";"0";"8";"1";"1";""
"202400038013";"155 714 769";"A01";"1";"7";"0";"1";"1";"1";"1";""
"202400038014";"155 714 771";"A01";"2";"7";"0";"2";"8";"13";"1";""
"202400038014";"155 714 775";"B01";"2";"32";"0";"2";"7";"17";"1";""
"202400038015";"155 714 768";"A01";"2";"7";"0";"1";"2";"9";"3";""
"202400038016";"155 714 767";"A01";"2";"31";"0";"0";"2";"3";"1";""
"202400038017";"155 714 763";"A01";"0";"2";"0";"2";"8";"15";"1";""
"202400038017";"155 714 766";"B01";"0";"2";"0";"2";"1";"17";"1";""
"202400038018";"155 714 764";"A01";"2";"7";"0";"1";"2";"15";"1";""
"202400038019";"155 714 762";"B01";"1";"7";"0";"2";"4";"1";"1";""
"202400038019";"155 714 765";"A01";"1";"31";"0";"2";"1";"2";"1";""
"202400038020";"155 714 760";"A01";"3";"7";"0";"1";"7";"1";"1";""
"202400038021";"155 714 759";"B01";"2";"34";"0";"2";"9";"17";"1";""
"202400038021";"155 714 761";"A01";"1";"7";"0";"2";"1";"9";"1";""
"202400038022";"155 714 756";"A01";"1";"7";"0";"2";"1";"2";"1";""
"202400038022";"155 714 758";"B01";"1";"7";"0";"2";"4";"2";"1";""
"202400038023";"155 714 754";"A01";"1";"43";"0";"2";"3";"2";"1";""
"202400038023";"155 714 755";"B01";"1";"7";"0";"2";"6";"2";"1";""
"202400038024";"155 714 753";"A01";"1";"50";"0";"2";"1";"19";"3";""
"202400038024";"155 714 757";"B01";"1";"7";"0";"2";"7";"1";"1";""
"202400038025";"155 714 750";"B01";"1";"10";"0";"2";"4";"1";"1";""
"202400038025";"155 714 751";"C01";"1";"10";"0";"2";"8";"1";"1";""
"202400038025";"155 714 752";"A01";"1";"33";"0";"2";"1";"1";"1";""
"202400038026";"155 714 745";"A01";"2";"33";"0";"2";"8";"3";"1";""
"202400038026";"155 714 748";"C01";"2";"7";"0";"2";"4";"1";"1";""
"202400038026";"155 714 749";"B01";"2";"7";"0";"2";"7";"12";"1";""
"202400038027";"155 714 744";"A01";"1";"43";"0";"2";"1";"1";"1";""
"202400038027";"155 714 746";"B01";"1";"10";"0";"2";"5";"0";"1";""
"202400038028";"155 714 743";"A01";"1";"7";"0";"2";"1";"16";"1";""
"202400038028";"155 714 747";"B01";"1";"21";"0";"2";"6";"23";"1";""
"202400038029";"155 714 740";"A01";"3";"1";"0";"2";"1";"9";"5";""
"202400038029";"155 714 742";"Z01";"0";"7";"0";"2";"0";"0";"0";""
"202400038030";"155 714 739";"A01";"1";"1";"0";"2";"8";"15";"5";""
"202400038030";"155 714 741";"B01";"1";"2";"0";"2";"1";"1";"1";""
"202400038031";"155 714 737";"A01";"3";"7";"0";"2";"3";"9";"1";""
"202400038031";"155 714 738";"B01";"3";"7";"0";"2";"2";"0";"1";""
"202400038032";"155 714 734";"A01";"3";"50";"0";"2";"1";"25";"3";""
"202400038032";"155 714 735";"B01";"3";"50";"0";"2";"1";"25";"3";""
"202400038033";"155 714 733";"B01";"2";"7";"0";"0";"8";"24";"1";""
"202400038033";"155 714 736";"A01";"2";"1";"1";"0";"1";"1";"5";""
"202400038034";"155 714 730";"B01";"2";"32";"0";"2";"1";"1";"1";""
"202400038034";"155 714 732";"A01";"2";"7";"0";"2";"8";"22";"2";""
"202400038035";"155 714 729";"A01";"1";"33";"0";"0";"0";"26";"1";""
"202400038036";"155 714 728";"Z01";"1";"7";"0";"2";"5";"17";"2";""
"202400038036";"155 714 731";"B01";"1";"50";"0";"2";"8";"15";"3";""
"202400038037";"155 714 726";"B01";"3";"43";"0";"2";"8";"15";"1";""
"202400038037";"155 714 727";"A01";"3";"7";"0";"2";"2";"1";"2";""