"Num_Acc";"id_vehicule";"num_veh";"senc";"catv";"obs";"obsm";"choc";"manv";"motor";"occutc"
"202400038038";"155 714 724";"A01";"2";"7";"0";"2";"1";"2";"1";""
"202400038038";"155 714 725";"B01";"1";"7";"0";"2";"4";"2";"1";""
"202400038039";"155 714 722";"A01";"1";"2";"0";"2";"6";"1";"3";""
"202400038039";"155 714 723";"B01";"1";"7";"0";"2";"7";"16";"1";""
"202400038040";"155 714 719";"A01";"1";"10";"0";"2";"2";"10";"1";""
"202400038040";"155 714 721";"B01";"1";"33";"0";"2";"1";"1";"1";""
"202400038041";"155 714 715";"A01";"2";"32";"0";"0";"8";"1";"3";""
"202400038042";"155 714 716";"A01";"2";"7";"0";"2";"1";"11";"1";""
"202400038042";"155 714 718";"B01";"2";"30";"0";"2";"4";"1";"1";""
"202400038043";"155 714 714";"A01";"2";"32";"0";"2";"8";"13";"1";""
"202400038043";"155 714 717";"C01";"2";"7";"0";"2";"6";"2";"1";""
"202400038043";"155 714 720";"B01";"1";"7";"0";"2";"3";"1";"1";""
"202400038044";"155 714 713";"A01";"3";"7";"0";"1";"1";"0";"1";""
"202400038045";"155 714 712";"A01";"2";"10";"0";"1";"1";"15";"3";""
"202400038046";"155 714 709";"A01";"2";"33";"0";"1";"1";"19";"1";""
"202400038047";"155 714 708";"A01";"1";"10";"0";"2";"3";"1";"6";""
"202400038047";"155 714 710";"B01";"2";"7";"0";"2";"6";"15";"1";""
"202400038048";"155 714 707";"A01";"3";"7";"0";"2";"8";"22";"1";""
"202400038048";"155 714 711";"B01";"3";"1";"1";"0";"7";"1";"5";""
"202400038049";"155 714 706";"A01";"2";"30";"0";"2";"0";"1";"6";""
"202400038050";"155 714 705";"A01";"2";"34";"3";"0";"2";"14";"1";""
"202400038051";"155 714 703";"A01";"2";"7";"0";"1";"1";"2";"1";""
"202400038052";"155 714 700";"B01";"3";"7";"0";"2";"1";"1";"1";""
"202400038052";"155 714 702";"A01";"1";"33";"0";"2";"3";"1";"1";""
"202400038053";"155 714 701";"A01";"1";"33";"0";"2";"1";"17";"1";""
"202400038053";"155 714 704";"B01";"1";"7";"0";"2";"3";"15";"2";""
"202400038054";"155 714 699";"A01";"0";"7";"0";"1";"1";"0";"1";""
"202400038055";"155 714 694";"B01";"0";"10";"0";"2";"0";"0";" -1";""
"202400038055";"155 714 698";"A01";"2";"7";"0";"2";"8";"1";"1";""
"202400038056";"155 714 693";"B01";"1";"37";"0";"2";"3";"1";"1";"1"
"202400038056";"155 714 696";"A01";"1";"7";"0";"2";"2";"12";"1";""
"202400038057";"155 714 695";"A01";"2";"7";"0";"2";"8";"15";"1";""
"202400038057";"155 714 697";"B01";"2";"33";"0";"2";"9";"1";"1";""
"202400038058";"155 714 688";"B01";"0";"7";"0";"0";"3";"26";"1";""
"202400038058";"155 714 692";"A01";"3";"7";"1";"0";"0";"26";"1";""
"202400038059";"155 714 689";"B01";"2";"7";"0";"2";"5";"0";"1";""
"202400038059";"155 714 691";"A01";"2";"50";"0";"2";"1";"2";"3";""
"202400038060";"155 714 687";"A01";"3";"7";"0";"2";"3";"2";"1";""
"202400038060";"155 714 690";"B01";"3";"7";"0";"2";"7";"2";"1";""
"202400038061";"155 714 686";"A01";"2";"7";"0";"1";"8";"0";"1";""
"202400038062";"155 714 683";"A01";"1";"10";"9";"2";"1";"9";"1";""
"202400038062";"155 714 685";"B01";"1";"13";"9";"0";"3";"1";"1";""
"202400038063";"155 714 681";"B01";"1";"1";"0";"0";"0";"0";"5";""
"202400038063";"155 714 682";"A01";"1";"32";"0";"0";"0";"0";"0";""
"202400038064";"155 714 680";"A01";"3";"7";"0";"2";"1";"0";"0";""
"202400038064";"155 714 684";"B01";"3";"33";"0";"2";"4";"0";"1";""
"202400038065";"155 714 678";"B01";"2";"80";"0";"2";"7";"1";"3";""
"202400038065";"155 714 679";"A01";"2";"7";"0";"2";"8";"22";"1";""
"202400038066";"155 714 676";"A01";"1";"13";"0";"2";"6";"15";"1";""
"202400038066";"155 714 677";"B01";"1";"34";"0";"2";"1";"13";"1";""
"202400038067";"155 714 673";"A01";"3";"7";"0";"2";"1";"15";"1";""
"202400038067";"155 714 675";"B01";"3";"33";"0";"2";"7";"1";"1";""
"202400038068";"155 714 672";"A01";"1";"31";"0";"2";"1";"21";"1";""
"202400038068";"155 714 674";"B01";"1";"7";"0";"2";"4";"2";"3";""
"202400038069";"155 714 670";"A01";"3";"7";"0";"2";"7";"15";"1";""
"202400038069";"155 714 671";"B01";"3";"34";"0";"2";"1";"1";"1";""
"202400038070";"155 714 667";"A01";"2";"7";"0";"2";"3";"15";"1";""
"202400038070";"155 714 669";"B01";"1";"1";"0";"2";"1";"1";"5";""
"202400038071";"155 714 666";"A01";"1";"10";"0";"2";"1";"19";"1";""
"202400038071";"155 714 668";"B01";"1";"1";"0";"2";"4";"2";"5";""
"202400038072";"155 714 665";"A01";"1";"7";"0";"0";"1";"0";"1";""
"202400038073";"155 714 663";"A01";"3";"7";"0";"1";"2";"26";"1";""
"202400038074";"155 714 662";"A01";"3";"7";"2";"2";"5";"15";"1";""
"202400038074";"155 714 664";"B01";"3";"7";"0";"2";"2";"1";"1";""
"202400038075";"155 714 661";"A01";"2";"33";"0";"1";"1";"17";"0";""
"202400038076";"155 714 659";"A01";"2";"7";"0";"0";"9";"0";"1";""
"202400038077";"155 714 657";"B01";"1";"7";"0";"2";"3";"1";"1";""
"202400038077";"155 714 660";"A01";"1";"1";"0";"2";"1";"1";"5";""
"202400038078";"155 714 656";"A01";"3";"7";"0";"2";"3";"13";"1";""
"202400038078";"155 714 658";"B01";"3";"7";"0";"2";"3";"1";"1";""
"202400038079";"155 714 655";"A01";"2";"7";"16";"0";"3";"1";"1";""
"202400038080";"155 714 653";"A01";"2";"10";"1";"0";"2";"21";"1";""
"202400038081";"155 714 654";"A01";"1";"50";"1";"0";"1";"26";"3";""
"202400038082";"155 714 651";"A01";"1";"7";"0";"1";"1";"1";"1";""
"202400038083";"155 714 649";"A01";"1";"50";"0";"2";"1";"1";"3";""
"202400038083";"155 714 652";"Z01";"1";"7";"0";"2";"8";"1";"0";""
"202400038084";"155 714 648";"B01";"1";"32";"0";"2";"0";"0";"1";""
"202400038084";"155 714 650";"A01";"1";"10";"0";"2";"3";"11";"1";""
"202400038085";"155 714 646";"Z01";"0";"30";"0";"1";"1";"1";"1";""
"202400038086";"155 714 642";"C01";"1";"7";"3";"0";"3";"1";"1";""
"202400038086";"155 714 644";"A01";"2";"7";"0";"2";"3";"5";"1";""
"202400038086";"155 714 647";"B01";"1";"10";"3";"2";"3";"1";"1";""
"202400038087";"155 714 643";"B01";"1";"33";"0";"2";"8";"1";"1";""
"202400038087";"155 714 645";"A01";"1";"10";"0";"2";"1";"15";"1";""
"202400038088";"155 714 640";"A01";"2";"30";"0";"2";"1";"1";"1";""
"202400038088";"155 714 641";"B01";"1";"7";"0";"2";"5";"15";"1";""
"202400038089";"155 714 639";"A01";"1";"7";"3";"0";"1";"0";"2";""
"202400038090";"155 714 637";"B01";"1";"7";"0";"2";"1";"0";"1";""
"202400038090";"155 714 638";"A01";"1";"7";"0";"2";"4";"0";"3";""
"202400038091";"155 714 633";"A01";"1";"7";"0";"2";"3";"0";"1";""
"202400038091";"155 714 635";"B01";"2";"7";"0";"2";"1";"0";"1";""
"202400038092";"155 714 632";"B01";"2";"2";"0";"2";"1";"2";"1";""
"202400038092";"155 714 634";"A01";"2";"7";"0";"2";"3";"15";"1";""
"202400038093";"155 714 631";"B01";"1";"7";"0";"2";"4";"1";"1";""
"202400038093";"155 714 636";"A01";"1";"10";"0";"2";"1";"1";"1";""
"202400038094";"155 714 630";"A01";"1";"7";"0";"1";"1";"1";"1";""
"202400038095";"155 714 627";"A01";"1";"14";"0";"1";"1";"1";"1";""
"202400038096";"155 714 626";"A01";"1";"30";"0";"2";"1";"16";"1";""
"202400038096";"155 714 629";"B01";"1";"50";"0";"2";"7";"1";"3";""
"202400038097";"155 714 625";"A01";"1";"31";"0";"2";"1";"0";"1";""
"202400038097";"155 714 628";"B01";"1";"31";"0";"2";"1";"0";"1";""
"202400038098";"155 714 619";"A01";"1";"33";"0";"2";"3";"3";"1";""
"202400038098";"155 714 622";"C01";"1";"7";"0";"2";"8";"1";"2";""
"202400038098";"155 714 624";"B01";"1";"10";"0";"2";"5";"1";"3";""
"202400038099";"155 714 618";"A01";"3";"7";"0";"2";"2";"16";"1";""
"202400038099";"155 714 621";"B01";"3";"50";"0";"2";"1";"1";"3";""
"202400038100";"155 714 616";"A01";"2";"7";"2";"0";"1";"14";"1";""
"202400038101";"155 714 615";"A01";"2";"33";"0";"2";"2";"3";"1";""
"202400038101";"155 714 617";"B01";"2";"14";"0";"2";"6";"1";"1";""
"202400038102";"155 714 613";"B01";"0";"43";"0";"2";"3";"1";"1";""
"202400038102";"155 714 614";"A01";"2";"10";"0";"2";"1";"1";"1";""
"202400038103";"155 714 610";"B01";"2";"7";"0";"0";"6";"1";"1";""
"202400038103";"155 714 612";"A01";"1";"7";"0";"2";"1";"1";"1";""
"202400038104";"155 714 609";"B01";"2";"7";"0";"0";"4";"2";"1";""
"202400038104";"155 714 611";"A01";"2";"7";"0";"2";"1";"2";"1";""
"202400038105";"155 714 605";"A01";"1";"2";"0";"2";"1";"1";"1";""
"202400038105";"155 714 606";"B01";"1";"7";"0";"2";"3";"1";"1";""
"202400038106";"155 714 607";"A01";"1";"7";"0";"2";"3";"15";"1";""
"202400038106";"155 714 608";"B01";"1";"43";"0";"2";"5";"17";"1";""
"202400038107";"155 714 603";"B01";"1";"10";"0";"2";"3";"1";"1";""
"202400038107";"155 714 604";"A01";"2";"7";"15";"2";"1";"1";"1";""
"202400038108";"155 714 601";"B01";"2";"15";"0";"2";"1";"1";"1";""
"202400038108";"155 714 602";"A01";"1";"7";"0";"2";"8";"9";"1";""
"202400038109";"155 714 599";"A01";"2";"37";"0";"2";"2";"1";"1";"2"
"202400038109";"155 714 600";"B01";"1";"7";"0";"2";"5";"17";"1";""
"202400038110";"155 714 596";"B01";"1";"21";"0";"0";"6";"15";"1";""
"202400038110";"155 714 598";"A01";"1";"38";"0";"2";"2";"18";"1";"1"
"202400038111";"155 714 595";"A01";"1";"7";"1";"0";"1";"10";"2";""
"202400038112";"155 714 594";"B01";"1";"7";"0";"2";"4";"2";"1";""
"202400038112";"155 714 597";"A01";"1";"7";"0";"2";"1";"2";"1";""
"202400038113";"155 714 592";"A01";"2";"7";"0";"2";"1";"2";"1";""
"202400038113";"155 714 593";"B01";"2";"10";"0";"0";"4";"2";"1";""
"202400038114";"155 714 591";"A01";"1";"33";"0";"6";"1";"0";"1";""
"202400038115";"155 714 590";"A01";"3";"7";"15";"0";"1";"1";"1";""
"202400038116";"155 714 586";"A01";"2";"7";"0";"2";"3";"1";"1";""
"202400038116";"155 714 588";"B01";"2";"7";"0";"2";"3";"1";"1";""
"202400038117";"155 714 587";"A01";"3";"10";"0";"2";"8";"10";"1";""
"202400038117";"155 714 589";"B01";"3";"33";"0";"2";"2";"17";"1";""
"202400038118";"155 714 584";"A01";"2";"7";"0";"2";"1";"1";"1";""
"202400038118";"155 714 585";"B01";"1";"7";"0";"2";"1";"1";"1";""
"202400038119";"155 714 583";"A01";"1";"10";"0";"1";"2";"16";"1";""
"202400038120";"155 714 582";"A01";"2";"7";"12";"1";"1";"14";"1";""
"202400038121";"155 714 581";"A01";"2";"80";"0";"1";"1";"1";"3";""
"202400038122";"155 714 578";"A01";"1";"7";"1";"0";"2";"2";"1";""
"202400038122";"155 714 579";"B01";"1";"7";"0";"2";"6";"26";"1";""
"202400038123";"155 714 576";"B01";"1";"7";"0";"2";"1";"1";"1";""
"202400038123";"155 714 577";"A01";"2";"10";"0";"2";"1";"13";"1";""
"202400038123";"155 714 580";"C01";"1";"7";"0";"2";"2";"23";"1";""
"202400038124";"155 714 575";"A01";"2";"33";"15";"0";"1";"26";"1";""
"202400038125";"155 714 572";"A01";"1";"7";"0";"1";"2";"1";"1";""
"202400038126";"155 714 573";"A01";"1";"15";"0";"2";"2";"16";"1";""
"202400038126";"155 714 574";"B01";"1";"1";"0";"2";"1";"1";"5";""
"202400038127";"155 714 571";"A01";"2";"7";"0";"1";"3";"1";"1";""
"202400038128";"155 714 567";"B01";"3";"10";"0";"2";"3";"1";"0";""
"202400038128";"155 714 570";"A01";"3";"7";"0";"2";"2";"1";"0";""
"202400038129";"155 714 569";"A01";"1";"7";"0";"1";"1";"26";"1";""
"202400038130";"155 714 566";"A01";"1";"7";"0";"2";"1";"1";"1";""
"202400038130";"155 714 568";"B01";"2";"7";"0";"2";"1";"1";"1";""
"202400038131";"155 714 565";"A01";"2";"10";"0";"1";"1";"1";"0";""
"202400038132";"155 714 563";"A01";"1";"7";"0";"2";"4";"23";"1";""
"202400038132";"155 714 564";"B01";"1";"7";"0";"2";"1";"2";"1";""
"202400038133";"155 714 560";"A01";"0";"7";"0";"2";"1";"23";" -1";""
"202400038133";"155 714 561";"C01";"0";"1";"0";"2";"0";"1";"5";""
"202400038134";"155 714 558";"B01";"2";"7";"0";"2";"5";"19";"1";""
"202400038134";"155 714 562";"A01";"1";"33";"0";"2";"1";"18";"1";""
"202400038135";"155 714 555";"A01";"2";"7";"0";"2";"2";"9";"1";""
"202400038135";"155 714 556";"B01";"2";"33";"0";"2";"1";"1";"1";""
"202400038136";"155 714 552";"A01";"2";"3";"0";"2";"4";"2";"3";""
"202400038136";"155 714 553";"B01";"2";"7";"0";"2";"1";"2";"0";""
"202400038137";"155 714 551";"A01";"3";"7";"0";"2";"3";"1";"1";""
"202400038137";"155 714 554";"B01";"3";"2";"0";"2";"3";"13";"1";""
"202400038138";"155 714 548";"Z01";"3";"7";"0";"2";"0";"0";"1";""
"202400038138";"155 714 550";"A01";"3";"7";"0";"2";"2";"0";"1";""
"202400038139";"155 714 547";"A01";"1";"10";"0";"2";"2";"17";"1";""
"202400038139";"155 714 549";"B01";"1";"1";"0";"2";"6";"15";"5";""
"202400038140";"155 714 544";"A01";"2";"10";"0";"0";"4";"11";"1";""
"202400038140";"155 714 546";"B01";"2";"7";"0";"0";"1";"1";"1";""
"202400038141";"155 714 541";"A01";"1";"1";"0";"0";"0";"1";"5";""
"202400038142";"155 714 542";"A01";"2";"30";"0";"2";"5";"15";"1";""
"202400038142";"155 714 543";"B01";"3";"7";"0";"9";"1";"0";"1";""
"202400038143";"155 714 540";"A01";"1";"7";"0";"2";"4";"1";"1";""
"202400038143";"155 714 545";"B01";"1";"10";"0";"2";"1";"1";"1";""
"202400038144";"155 714 537";"A01";"1";"50";"0";"1";"2";"21";"3";""
"202400038145";"155 714 534";"A01";"3";"10";"0";"2";"6";"15";"1";""
"202400038145";"155 714 536";"B01";"1";"7";"0";"2";"1";"21";"1";""
"202400038145";"155 714 539";"C01";"2";"7";"0";"2";"1";"1";"1";""
"202400038146";"155 714 535";"B01";"1";"30";"0";"2";"1";"1";"1";""
"202400038146";"155 714 538";"A01";"1";"7";"0";"2";"3";"1";"1";""
"202400038147";"155 714 530";"B01";"1";"2";"0";"2";"1";"1";"1";""
"202400038147";"155 714 533";"A01";"3";"10";"0";"2";"7";"19";"1";""
"202400038148";"155 714 529";"A01";"2";"7";"0";"2";"8";"1";"1";""
"202400038148";"155 714 532";"B01";"1";"10";"0";"2";"8";"1";"1";""
"202400038149";"155 714 528";"A01";"3";"1";"0";"2";"3";"15";"5";""
"202400038149";"155 714 531";"B01";"3";"7";"0";"2";"7";"1";"1";""
"202400038150";"155 714 524";"A01";"1";"7";"0";"2";"8";"15";"1";""
"202400038150";"155 714 527";"B01";"2";"50";"0";"2";"1";"1";"3";""
"202400038151";"155 714 526";"A01";"2";"7";"13";"0";"2";"1";"1";""
"202400038152";"155 714 523";"B01";"2";"80";"0";"2";"3";"5";"3";""
"202400038152";"155 714 525";"A01";"3";"7";"0";"2";"2";"9";"1";""
"202400038153";"155 714 519";"A01";"2";"7";"0";"2";"3";"17";"1";""
"202400038153";"155 714 521";"B01";"1";"14";"0";"2";"3";"1";"1";""
"202400038153";"155 714 522";"C01";"2";"17";"0";"2";"8";"1";"1";""
"202400038154";"155 714 517";"A01";"2";"7";"0";"2";"3";"15";"1";""
"202400038154";"155 714 520";"B01";"1";"2";"0";"2";"1";"1";"1";""
"202400038155";"155 714 515";"A01";"2";"33";"15";"0";"3";"1";"1";""
"202400038156";"155 714 516";"A01";"2";"7";"0";"2";"1";"16";"1";""
"202400038156";"155 714 518";"B01";"2";"50";"0";"2";"7";"1";"3";""
"202400038157";"155 714 513";"A01";"2";"7";"0";"1";"4";"4";"1";""
"202400038158";"155 714 511";"A01";"0";"7";"0";"2";"1";"16";"1";""
"202400038158";"155 714 514";"B01";"3";"7";"0";"2";"7";"26";"1";""
"202400038159";"155 714 510";"A01";"1";"33";"0";"2";"8";"17";"1";""
"202400038159";"155 714 512";"B01";"2";"7";"0";"2";"8";"1";"1";""
"202400038160";"155 714 508";"A01";"2";"33";"0";"0";"7";"1";"1";""
"202400038161";"155 714 506";"B01";"2";"7";"0";"2";"6";"23";"1";""
"202400038161";"155 714 507";"C01";"1";"7";"0";"2";"1";"1";"1";""
"202400038161";"155 714 509";"A01";"2";"30";"14";"0";"1";"1";"1";""
"202400038162";"155 714 503";"A01";"2";"7";"0";"1";"2";"1";"1";""
"202400038163";"155 714 501";"A01";"1";"7";"0";"2";"1";"2";"1";""
"202400038163";"155 714 502";"B01";"1";"7";"0";"2";"4";"2";"1";""
"202400038163";"155 714 505";"C01";"1";"7";"0";"2";"4";"2";"1";""
"202400038164";"155 714 500";"A01";"1";"3";"4";"2";"6";"13";"1";""
"202400038164";"155 714 504";"B01";"1";"7";"4";"2";"2";"1";"1";""
"202400038165";"155 714 499";"A01";"1";"7";"0";"1";"2";"1";"1";""
"202400038166";"155 714 497";"A01";"1";"7";"17";"0";"1";"13";"1";""
"202400038167";"155 714 496";"B01";"2";"7";"0";"2";"8";"15";"1";""
"202400038167";"155 714 498";"A01";"1";"2";"0";"2";"1";"1";"1";""
"202400038168";"155 714 493";"A01";"1";"2";"6";"0";"3";"20";"1";""
"202400038169";"155 714 491";"C01";"3";"7";"0";"2";"4";"2";"1";""
"202400038169";"155 714 494";"B01";"3";"7";"0";"2";"1";"2";"1";""
"202400038169";"155 714 495";"A01";"3";"7";"0";"2";"1";"2";"2";""
"202400038170";"155 714 490";"A01";"1";"50";"0";"2";"2";"19";"3";""
"202400038170";"155 714 492";"B01";"1";"13";"0";"9";"0";"0";"1";""
"202400038171";"155 714 488";"B01";"2";"33";"0";"2";"1";"1";"1";""
"202400038171";"155 714 489";"A01";"1";"3";"0";"2";"8";"9";"1";""
"202400038172";"155 714 486";"B01";"3";"7";"0";"2";"8";"16";"1";""
"202400038172";"155 714 487";"A01";"3";"50";"0";"2";"1";"25";"3";""
"202400038173";"155 714 481";"A01";"2";"7";"0";"0";"6";"15";"1";""
"202400038173";"155 714 484";"B01";"2";"33";"0";"2";"1";"17";"1";""
"202400038174";"155 714 480";"A01";"3";"7";"0";"2";"1";"1";"1";""
"202400038174";"155 714 483";"B01";"3";"7";"0";"2";"4";"23";"1";""
"202400038175";"155 714 479";"A01";"2";"34";"13";"0";"1";"1";"1";""
"202400038176";"155 714 476";"B01";"2";"7";"0";"2";"7";"15";"1";""
"202400038176";"155 714 477";"A01";"2";"50";"0";"2";"1";"1";"3";""
"202400038177";"155 714 475";"A01";"2";"33";"0";"6";"8";"21";"1";""
"202400038178";"155 714 474";"B01";"2";"7";"0";"2";"4";"2";"1";""
"202400038178";"155 714 478";"A01";"2";"10";"0";"2";"1";"2";"1";""
"202400038179";"155 714 473";"A01";"1";"7";"9";"0";"1";"1";"1";""
"202400038180";"155 714 471";"A01";"2";"7";"0";"2";"2";"12";"1";""
"202400038180";"155 714 472";"B01";"2";"7";"0";"0";"6";"1";"1";""
"202400038181";"155 714 470";"A01";"2";"7";"4";"0";"9";"1";"1";""
"202400038182";"155 714 466";"A01";"1";"10";"0";"1";"3";"15";"1";""
"202400038183";"155 714 465";"B01";"2";"15";"0";"0";"5";"1";"1";""
"202400038183";"155 714 467";"A01";"2";"10";"4";"2";"2";"1";"1";""
"202400038184";"155 714 468";"A01";"3";"7";"0";"2";"1";"5";"1";""
"202400038184";"155 714 469";"B01";"3";"7";"0";"2";"1";"1";"1";""
"202400038185";"155 714 464";"A01";"1";"21";"12";"0";"4";"4";"1";""
"202400038186";"155 714 463";"A01";"1";"2";"2";"0";"1";"1";"1";""
"202400038187";"155 714 460";"A01";"1";"7";"0";"2";"2";"13";"1";""
"202400038187";"155 714 461";"B01";"2";"7";"0";"2";"2";"1";"1";""
"202400038188";"155 714 458";"A01";"1";"1";"0";"2";"4";"1";"5";""
"202400038188";"155 714 459";"B01";"1";"7";"0";"2";"2";"12";"2";""
"202400038189";"155 714 457";"B01";"2";"7";"0";"2";"2";"1";"1";""
"202400038189";"155 714 462";"A01";"2";"7";"0";"2";"1";"0";"1";""
"202400038190";"155 714 456";"A01";"1";"10";"4";"0";"2";"14";"1";""
"202400038191";"155 714 453";"A01";"2";"7";"8";"0";"9";"1";"1";""
"202400038191";"155 714 455";"B01";"1";"7";"0";"0";"0";"9";"1";""
"202400038192";"155 714 452";"A01";"3";"7";"6";"1";"4";"26";"1";""
"202400038193";"155 714 454";"A01";"3";"7";"8";"0";"9";"26";"1";""
"202400038194";"155 714 450";"A01";"2";"43";"0";"0";"8";"23";"1";""
"202400038195";"155 714 448";"B01";"2";"33";"0";"2";"1";"0";"1";""
"202400038195";"155 714 449";"A01";"2";"14";"0";"2";"2";"15";"1";""
"202400038196";"155 714 447";"A01";"0";"7";"0";"2";"1";"1";"1";""
"202400038196";"155 714 451";"B01";"0";"15";"0";"2";"8";"20";"1";""
"202400038197";"155 714 445";"A01";"1";"7";"0";"2";"3";"9";"1";""
"202400038197";"155 714 446";"B01";"2";"31";"0";"2";"1";"26";"1";""
"202400038198";"155 714 443";"A01";"1";"7";"0";"1";"2";"1";"1";""
"202400038199";"155 714 442";"B01";"1";"1";"0";"0";"6";"2";"5";""
"202400038199";"155 714 444";"A01";"1";"7";"0";"0";"1";"2";"1";""
"202400038200";"155 714 439";"B01";"2";"7";"0";"2";"1";"21";"1";""
"202400038200";"155 714 441";"A01";"2";"7";"0";"0";"8";"15";"1";""
"202400038201";"155 714 437";"A01";"1";"31";"0";"2";"8";"11";"1";""
"202400038201";"155 714 440";"B01";"1";"7";"0";"2";"2";"1";"1";""
"202400038202";"155 714 435";"A01";"1";"2";"0";"2";"8";"1";"1";""
"202400038202";"155 714 436";"B01";"1";"0";"0";"2";"7";"17";" -1";""
"202400038203";"155 714 433";"A01";"3";"31";"0";"2";"1";"2";"1";""
"202400038203";"155 714 434";"B01";"3";"7";"0";"2";"4";"2";"1";""
"202400038204";"155 714 432";"A01";"3";"36";"0";"0";"9";"14";"1";""
"202400038205";"155 714 431";"A01";"3";"50";"0";"1";"1";"25";"3";""
"202400038206";"155 714 430";"A01";"0";"33";"0";"0";"0";"0";"1";""
"202400038207";"155 714 427";"B01";"2";"1";"0";"2";"8";"5";"5";""
"202400038207";"155 714 429";"A01";"3";"7";"0";"2";"1";"19";"1";""
"202400038208";"155 714 426";"B01";"1";"7";"0";"2";"3";"1";"1";""
"202400038208";"155 714 428";"A01";"2";"7";"0";"2";"2";"15";"2";""
"202400038209";"155 714 438";"A01";"3";"2";"13";"0";"0";"1";"1";""
"202400038210";"155 714 422";"A01";"1";"7";"0";"0";"1";"15";"1";""
"202400038210";"155 714 425";"B01";"1";"7";"0";"0";"1";"1";"1";""
"202400038211";"155 714 419";"D01";"1";"7";"0";"2";"1";"1";"1";""
"202400038211";"155 714 421";"B01";"1";"7";"0";"2";"1";"0";"1";""
"202400038211";"155 714 423";"C01";"1";"7";"0";"2";"1";"1";"1";""
"202400038211";"155 714 424";"A01";"2";"7";"0";"2";"1";"13";"1";""
"202400038212";"155 714 417";"A01";"1";"30";"0";"2";"1";"13";"1";""
"202400038213";"155 714 416";"B01";"0";"7";"0";"2";"8";"1";"1";""
"202400038213";"155 714 418";"C01";"0";"7";"0";"2";"2";"15";"1";""
"202400038213";"155 714 420";"A01";"3";"13";"0";"2";"3";"1";"1";""
"202400038214";"155 714 413";"B01";"3";"7";"0";"2";"4";"2";"1";""
"202400038214";"155 714 415";"A01";"3";"7";"0";"2";"1";"2";"1";""
"202400038215";"155 714 412";"A01";"1";"7";"0";"2";"1";"1";"1";""
"202400038215";"155 714 414";"B01";"2";"7";"0";"2";"1";"1";"1";""
"202400038216";"155 714 411";"A01";"3";"7";"0";"0";"0";"0";"1";""
"202400038217";"155 714 410";"A01";"1";"32";"0";"1";"1";"1";"1";""
"202400038218";"155 714 408";"A01";"0";"7";"0";"2";"1";"15";"1";""
"202400038218";"155 714 409";"B01";"0";"2";"0";"2";"1";"0";"1";""
"202400038219";"155 714 405";"A01";"1";"7";"3";"0";"1";"0";"1";""
"202400038219";"155 714 406";"B01";"2";"7";"0";"9";"1";"1";"1";""
"202400038220";"155 714 407";"A01";"3";"33";"2";"0";"1";"17";"1";""
"202400038221";"155 714 404";"A01";"2";"30";"0";"1";"1";"1";"1";""
"202400038222";"155 714 402";"A01";"1";"10";"2";"0";"7";"1";"1";""
"202400038223";"155 714 401";"A01";"2";"33";"0";"2";"1";"3";"1";""
"202400038223";"155 714 403";"B01";"2";"7";"0";"2";"5";"12";"1";""
"202400038224";"155 714 399";"A01";"2";"50";"0";"2";"0";"15";"3";""
"202400038224";"155 714 400";"B01";"2";"7";"0";"2";"6";"15";"1";""
"202400038225";"155 714 396";"B01";"2";"33";"0";"2";"4";"2";"1";""
"202400038225";"155 714 398";"A01";"2";"10";"0";"2";"1";"2";"1";""
"202400038226";"155 714 397";"A01";"2";"7";"2";"0";"0";"0";"1";""
"202400038227";"155 714 394";"A01";"2";"7";"0";"2";"3";"10";"1";""
"202400038227";"155 714 395";"B01";"1";"7";"0";"2";"2";"1";"1";""
"202400038228";"155 714 390";"B01";"2";"7";"0";"2";"3";"1";"1";""
"202400038228";"155 714 391";"C01";"1";"1";"0";"2";"0";"0";"5";""
"202400038228";"155 714 393";"A01";"1";"33";"0";"2";"3";"13";"1";""
"202400038229";"155 714 389";"A01";"3";"38";"0";"1";"3";"16";"1";"1"
"202400038230";"155 714 386";"A01";"2";"14";"0";"1";"7";"26";"1";""
"202400038231";"155 714 385";"B01";"2";"10";"0";"2";"4";"1";"1";""
"202400038231";"155 714 387";"C01";"2";"10";"0";"2";"4";"1";"1";""
"202400038231";"155 714 388";"D01";"2";"7";"0";"2";"4";"1";"1";""
"202400038231";"155 714 392";"A01";"2";"7";"0";"2";"1";"1";"1";""
"202400038232";"155 714 384";"A01";"3";"7";"0";"1";"1";"1";"1";""
"202400038233";"155 714 380";"A01";"1";"37";"0";"2";"2";"17";"1";"1"
"202400038233";"155 714 382";"B01";"1";"1";"0";"2";"3";"15";"5";""
"202400038234";"155 714 381";"A01";"1";"7";"0";"2";"2";"12";"2";""
"202400038234";"155 714 383";"B01";"1";"33";"0";"2";"7";"1";"1";""
"202400038235";"155 714 377";"B01";"3";"1";"0";"2";"2";"1";"5";""
"202400038235";"155 714 379";"A01";"3";"50";"0";"2";"3";"25";"3";""
"202400038236";"155 714 373";"B01";"3";"1";"0";"2";"1";"25";"5";""
"202400038236";"155 714 376";"A01";"3";"7";"0";"9";"3";"1";"2";""
"202400038237";"155 714 372";"C01";"1";"10";"0";"2";"1";"1";"1";""
"202400038237";"155 714 374";"B01";"1";"7";"0";"2";"2";"1";"1";""
"202400038237";"155 714 375";"D01";"1";"10";"0";"2";"1";"1";"1";""