"Num_Acc";"id_vehicule";"num_veh";"senc";"catv";"obs";"obsm";"choc";"manv";"motor";"occutc"
"202400038852";"155 713 288";"B01";"2";"7";"0";"2";"7";"17";"0";""
"202400038853";"155 713 285";"A01";"1";"32";"0";"2";"7";"3";"1";""
"202400038853";"155 713 286";"B01";"1";"7";"0";"2";"6";"11";"1";""
"202400038854";"155 713 283";"B01";"1";"7";"0";"2";"8";"11";"1";""
"202400038854";"155 713 284";"A01";"1";"33";"0";"2";"2";"3";"1";""
"202400038855";"155 713 282";"A01";"2";"7";"3";"0";"2";"0";"1";""
"202400038856";"155 713 280";"A01";"1";"33";"0";"2";"1";"2";"1";""
"202400038856";"155 713 281";"B01";"1";"7";"0";"2";"4";"11";"1";""
"202400038857";"155 713 279";"Z01";"2";"33";"0";"1";"3";"1";"1";""
"202400038858";"155 713 277";"B01";"2";"2";"0";"2";"1";"1";"1";""
"202400038858";"155 713 278";"A01";"1";"10";"0";"2";"2";"17";"1";""
"202400038859";"155 713 276";"A01";"1";"1";"0";"1";"1";"21";"5";""
"202400038860";"155 713 274";"B01";"2";"50";"0";"2";"1";"1";"3";""
"202400038860";"155 713 275";"A01";"0";"10";"0";"2";"3";"15";"1";""
"202400038861";"155 713 273";"A01";"1";"37";"0";"1";"7";"1";"3";"1"
"202400038862";"155 713 271";"B01";"3";"10";"0";"2";"2";"2";"1";""
"202400038862";"155 713 272";"A01";"3";"31";"0";"2";"6";"2";"1";""
"202400038863";"155 713 270";"A01";"1";"10";"0";"1";"4";"4";"3";""
"202400038864";"155 713 268";"A01";"3";"60";"0";"2";"3";"19";"5";""
"202400038864";"155 713 269";"B01";"3";"7";"0";"2";"2";"9";"1";""
"202400038865";"155 713 266";"A01";"1";"31";"0";"2";"7";"1";"1";""
"202400038865";"155 713 267";"B01";"1";"10";"0";"2";"6";"13";"1";""
"202400038866";"155 713 264";"A01";"2";"1";"1";"0";"3";"21";"5";""
"202400038866";"155 713 265";"B01";"2";"7";"1";"0";"7";"24";"1";""
"202400038867";"155 713 262";"B01";"1";"31";"0";"2";"3";"1";"1";""
"202400038867";"155 713 263";"A01";"2";"10";"0";"2";"2";"15";"1";""
"202400038868";"155 713 261";"A01";"3";"7";"1";"1";"1";"9";"1";""
"202400038869";"155 713 260";"A01";"2";"7";"0";"1";"6";"26";"3";""
"202400038870";"155 713 258";"A01";"1";"7";"0";"2";"8";"21";"1";""
"202400038870";"155 713 259";"B01";"1";"2";"0";"2";"2";"17";"3";""
"202400038871";"155 713 257";"A01";"1";"33";"14";"0";"3";"1";"1";""
"202400038872";"155 713 256";"A01";"1";"1";"0";"1";"1";"1";"5";""
"202400038873";"155 713 254";"B01";"1";"1";"0";"2";"8";"2";"5";""
"202400038873";"155 713 255";"A01";"1";"7";"0";"9";"2";"17";"2";""
"202400038874";"155 713 252";"A01";"2";"2";"0";"2";"2";"1";"3";""
"202400038874";"155 713 253";"B01";"2";"1";"0";"2";"4";"1";"5";""
"202400038875";"155 713 250";"A01";"1";"1";"0";"2";"7";"13";"5";""
"202400038875";"155 713 251";"B01";"1";"1";"0";"2";"8";"1";"5";""
"202400038876";"155 713 248";"A01";"1";"1";"16";"0";"4";"19";"5";""
"202400038876";"155 713 249";"B01";"1";"1";"0";"9";"1";"13";"5";""
"202400038877";"155 713 247";"A01";"3";"7";"0";"1";"1";"1";"2";""
"202400038878";"155 713 245";"A01";"3";"80";"12";"0";"2";"16";"3";""
"202400038878";"155 713 246";"B01";"3";"60";"12";"0";"3";"17";"5";""
"202400038879";"155 713 243";"A01";"0";"10";"0";"2";"1";"2";"1";""
"202400038879";"155 713 244";"B01";"1";"7";"0";"2";"4";"11";"1";""
"202400038880";"155 713 242";"A01";"3";"7";"0";"1";"1";"2";"1";""
"202400038881";"155 713 240";"A01";"3";"7";"0";"2";"3";"15";"1";""
"202400038881";"155 713 241";"B01";"3";"80";"0";"2";"1";"1";"3";""
"202400038882";"155 713 239";"A01";"2";"30";"0";"1";"1";"19";"0";""
"202400038883";"155 713 237";"B01";"3";"7";"0";"2";"0";"0";"1";""
"202400038883";"155 713 238";"A01";"3";"7";"0";"2";"0";"0";"1";""
"202400038884";"155 713 236";"A01";"3";"7";"0";"1";"3";"15";"1";""
"202400038885";"155 713 234";"B01";"3";"50";"0";"2";"8";"26";"3";""
"202400038885";"155 713 235";"A01";"3";"7";"0";"2";"1";"1";"1";""
"202400038886";"155 713 233";"A01";"1";"7";"0";"1";"3";"1";"1";""
"202400038887";"155 713 232";"A01";"1";"7";"0";"1";"3";"1";"1";""
"202400038888";"155 713 230";"B01";"3";"33";"0";"2";"1";"0";"1";""
"202400038888";"155 713 231";"A01";"3";"0";"0";"2";"3";"0";"1";""
"202400038889";"155 713 229";"A01";"3";"7";"0";"1";"4";"20";"1";""
"202400038890";"155 713 227";"B01";"1";"7";"0";"2";"7";"16";"0";""
"202400038890";"155 713 228";"A01";"1";"32";"0";"2";"3";"16";"0";""
"202400038891";"155 713 225";"B01";"2";"40";"0";"2";"1";"1";"3";""
"202400038891";"155 713 226";"A01";"0";"10";"0";"4";"6";"1";"1";""
"202400038892";"155 713 223";"B01";"2";"2";"0";"2";"3";"1";"3";""
"202400038892";"155 713 224";"A01";"1";"7";"0";"2";"5";"15";"0";""
"202400038893";"155 713 221";"A01";"3";"7";"0";"2";"4";"23";"1";""
"202400038893";"155 713 222";"B01";"0";"10";"0";"2";"1";"1";"1";""
"202400038894";"155 713 219";"B01";"3";"10";"0";"0";"3";"1";"1";""
"202400038894";"155 713 220";"A01";"3";"7";"0";"2";"3";"16";"1";""
"202400038895";"155 713 217";"B01";"1";"7";"0";"2";"3";"9";"1";""
"202400038895";"155 713 218";"A01";"1";"80";"0";"2";"2";"1";"3";""
"202400038896";"155 713 215";"A01";"1";"7";"0";"2";"1";"1";"1";""
"202400038896";"155 713 216";"B01";"2";"7";"0";"2";"2";"1";"1";""
"202400038897";"155 713 214";"A01";"0";"7";"0";"0";"1";"2";"0";""
"202400038898";"155 713 212";"B01";"2";"7";"0";"9";"4";"2";"0";""
"202400038898";"155 713 213";"A01";"2";"30";"0";"2";"1";"1";"1";""
"202400038899";"155 713 210";"B01";"1";"37";"0";"2";"4";"2";"1";"1"
"202400038899";"155 713 211";"A01";"1";"7";"0";"2";"1";"2";"1";""
"202400038900";"155 713 209";"A01";"1";"7";"13";"0";"1";"14";"1";""
"202400038901";"155 713 207";"A01";"2";"33";"0";"2";"1";"1";"1";""
"202400038901";"155 713 208";"B01";"1";"7";"0";"2";"3";"15";"1";""
"202400038902";"155 713 205";"A01";"3";"7";"0";"2";"1";"9";"1";""
"202400038902";"155 713 206";"B01";"1";"21";"0";"2";"2";"1";"1";""
"202400038903";"155 713 203";"A01";"1";"7";"0";"2";"1";"14";"1";""
"202400038903";"155 713 204";"B01";"1";"17";"0";"0";"4";"2";"1";""
"202400038904";"155 713 202";"A01";"2";"7";"0";"1";"2";"2";"0";""
"202400038905";"155 713 200";"B01";"2";"10";"0";"2";"3";"2";"1";""
"202400038905";"155 713 201";"A01";"2";"21";"0";"2";"2";"16";"1";""
"202400038906";"155 713 199";"A01";"2";"15";"6";"0";"1";"1";"1";""
"202400038907";"155 713 198";"A01";"2";"2";"15";"0";"2";"1";"1";""
"202400038908";"155 713 197";"A01";"2";"7";"0";"1";"2";"21";"1";""
"202400038909";"155 713 194";"B01";"2";"7";"0";"2";"1";"1";"1";""
"202400038909";"155 713 195";"A01";"2";"7";"0";"2";"3";"1";"1";""
"202400038909";"155 713 196";"C01";"1";"7";"0";"2";"3";"1";"1";""
"202400038910";"155 713 193";"A01";"1";"7";"2";"0";"1";"1";"1";""
"202400038911";"155 713 191";"A01";"1";"7";"0";"2";"3";"13";"2";""
"202400038911";"155 713 192";"B01";"2";"7";"0";"2";"3";"21";"1";""
"202400038912";"155 713 190";"A01";"1";"7";"3";"0";"2";"1";"1";""
"202400038913";"155 713 189";"A01";"3";"7";"5";"0";"6";"20";"1";""
"202400038914";"155 713 188";"A01";"2";"7";"6";"0";"1";"1";"1";""
"202400038915";"155 713 186";"A01";"2";"7";"0";"2";"4";"15";"1";""
"202400038915";"155 713 187";"B01";"2";"7";"0";"2";"2";"1";"1";""
"202400038916";"155 713 185";"A01";"2";"7";"16";"0";"1";"1";"1";""
"202400038917";"155 713 184";"A01";"0";"36";"13";"0";"0";"0";"1";""
"202400038918";"155 713 183";"A01";"1";"3";"6";"0";"1";"1";"1";""
"202400038919";"155 713 182";"A01";"1";"15";"13";"0";"1";"1";"1";""
"202400038920";"155 713 180";"A01";"2";"7";"0";"2";"2";"15";"1";""
"202400038920";"155 713 181";"B01";"2";"32";"0";"2";"3";"1";"1";""
"202400038921";"155 713 177";"A01";"1";"7";"0";"2";"1";"1";"1";""
"202400038921";"155 713 178";"B01";"1";"7";"0";"2";"6";"17";"0";""
"202400038921";"155 713 179";"C01";"1";"32";"0";"2";"1";"17";"1";""
"202400038922";"155 713 175";"B01";"0";"2";"0";"2";"1";"17";"1";""
"202400038922";"155 713 176";"A01";"0";"7";"0";"2";"8";"15";"1";""
"202400038923";"155 713 173";"A01";"2";"10";"0";"2";"1";"2";"1";""
"202400038923";"155 713 174";"B01";"2";"15";"0";"0";"4";"1";"1";""
"202400038924";"155 713 171";"B01";"2";"2";"0";"2";"1";"0";"1";""
"202400038924";"155 713 172";"A01";"1";"10";"0";"2";"2";"0";"1";""
"202400038925";"155 713 169";"A01";"2";"7";"0";"2";"1";"6";"1";""
"202400038925";"155 713 170";"B01";"1";"7";"0";"2";"1";"1";"1";""
"202400038926";"155 713 167";"B01";"1";"14";"0";"2";"3";"1";"1";""
"202400038926";"155 713 168";"A01";"2";"14";"2";"2";"3";"13";"1";""
"202400038927";"155 713 164";"A01";"2";"7";"0";"2";"1";"1";"1";""
"202400038927";"155 713 165";"B01";"2";"7";"0";"2";"1";"2";"1";""
"202400038927";"155 713 166";"C01";"2";"7";"0";"0";"4";"2";"1";""
"202400038928";"155 713 161";"B01";"2";"7";"0";"2";"8";"9";"1";""
"202400038928";"155 713 162";"C01";"2";"7";"0";"0";"4";"1";"1";""
"202400038928";"155 713 163";"A01";"2";"7";"0";"2";"7";"14";"2";""
"202400038929";"155 713 159";"B01";"3";"2";"0";"2";"8";"1";"1";""
"202400038929";"155 713 160";"A01";"3";"32";"0";"2";"8";"17";"1";""
"202400038930";"155 713 158";"A01";"1";"7";"2";"0";"3";"19";"1";""
"202400038931";"155 713 156";"A01";"1";"7";"0";"2";"3";"1";"1";""
"202400038931";"155 713 157";"B01";"2";"10";"0";"2";"3";"1";"1";""
"202400038932";"155 713 155";"A01";"1";"7";"13";"0";"2";"13";"1";""
"202400038933";"155 713 153";"A01";"2";"7";"0";"2";"1";"5";"1";""
"202400038933";"155 713 154";"B01";"1";"7";"0";"2";"1";"1";"1";""
"202400038934";"155 713 152";"A01";"2";"10";"0";"1";"2";"1";"1";""
"202400038935";"155 713 150";"A01";"1";"7";"0";"2";"2";"5";"2";""
"202400038935";"155 713 151";"B01";"2";"7";"0";"2";"3";"1";"1";""
"202400038936";"155 713 148";"A01";"2";"2";"0";"2";"8";"15";"1";""
"202400038936";"155 713 149";"B01";"2";"7";"0";"2";"7";"17";"1";""
"202400038937";"155 713 147";"A01";"2";"7";"16";"0";"9";"14";"1";""
"202400038938";"155 713 146";"A01";"0";"7";"13";"0";"0";"0";"1";""
"202400038939";"155 713 145";"A01";"1";"7";"13";"0";"0";"0";"1";""
"202400038940";"155 713 144";"A01";"2";"7";"12";"0";"1";"6";"1";""
"202400038941";"155 713 143";"A01";"1";"7";"12";"0";"2";"1";"1";""
"202400038942";"155 713 141";"A01";"1";"7";"0";"2";"8";"23";"1";""
"202400038942";"155 713 142";"B01";"1";"7";"0";"2";"1";"2";"1";""
"202400038943";"155 713 140";"A01";"1";"7";"12";"0";"1";"1";"1";""
"202400038944";"155 713 137";"A01";"1";"7";"0";"2";"1";"1";"1";""
"202400038944";"155 713 138";"B01";"1";"7";"0";"2";"5";"2";"1";""
"202400038944";"155 713 139";"C01";"1";"7";"0";"2";"4";"2";"1";""
"202400038945";"155 713 136";"A01";"2";"7";"4";"0";"3";"13";"1";""
"202400038946";"155 713 134";"A01";"2";"7";"0";"2";"1";"14";"1";""
"202400038946";"155 713 135";"B01";"2";"7";"0";"2";"4";"1";"1";""
"202400038947";"155 713 132";"B01";"2";"33";"0";"2";"4";"1";"1";""
"202400038947";"155 713 133";"A01";"2";"0";"0";"2";"1";"0";"0";""
"202400038948";"155 713 131";"A01";"1";"7";"3";"0";"2";"0";"0";""
"202400038949";"155 713 129";"B01";"1";"10";"0";"2";"6";"1";"1";""
"202400038949";"155 713 130";"A01";"1";"33";"0";"2";"1";"3";"1";""
"202400038950";"155 713 127";"A01";"3";"30";"0";"2";"3";"15";"1";""
"202400038950";"155 713 128";"B01";"3";"7";"0";"2";"3";"17";"1";""
"202400038951";"155 713 125";"A01";"1";"30";"15";"2";"3";"17";"1";""
"202400038951";"155 713 126";"B01";"2";"7";"15";"2";"3";"1";"1";""
"202400038952";"155 713 124";"A01";"2";"7";"3";"0";"3";"1";"1";""
"202400038953";"155 713 120";"C01";"1";"7";"9";"2";"1";"1";"1";""
"202400038953";"155 713 121";"D01";"1";"50";"9";"2";"1";"23";"3";""
"202400038953";"155 713 122";"A01";"1";"7";"9";"2";"1";"9";"2";""
"202400038953";"155 713 123";"B01";"1";"7";"9";"2";"4";"23";"1";""
"202400038954";"155 713 119";"A01";"2";"35";"0";"0";"8";"13";"1";""
"202400038955";"155 713 117";"A01";"1";"7";"0";"2";"2";"12";"1";""
"202400038955";"155 713 118";"B01";"1";"32";"0";"2";"8";"1";"1";""
"202400038956";"155 713 114";"B01";"3";"7";"0";"2";"7";"1";"1";""
"202400038956";"155 713 115";"C01";"3";"7";"0";"2";"1";"1";"1";""
"202400038956";"155 713 116";"A01";"3";"10";"0";"2";"3";"16";"1";""
"202400038957";"155 713 112";"B01";"1";"7";"6";"0";"2";"1";"1";""
"202400038957";"155 713 113";"A01";"3";"15";"6";"0";"5";"4";"1";""
"202400038958";"155 713 111";"A01";"1";"32";"0";"0";"1";"0";"1";""
"202400038959";"155 713 110";"A01";"3";"7";"0";"0";"7";"0";"1";""
"202400038960";"155 713 109";"A01";"2";"3";"9";"0";"1";"15";"1";""
"202400038961";"155 713 108";"A01";"1";"7";"0";"1";"2";"1";"1";""
"202400038962";"155 713 106";"B01";"1";"7";"0";"0";"3";"13";"1";""
"202400038962";"155 713 107";"A01";"1";"1";"0";"2";"7";"1";"5";""
"202400038963";"155 713 104";"A01";"3";"14";"0";"9";"4";"4";"0";""
"202400038963";"155 713 105";"B01";"3";"1";"0";"2";"1";"0";"5";""
"202400038964";"155 713 102";"A01";"1";"7";"0";"9";"1";"15";"1";""
"202400038964";"155 713 103";"B01";"2";"50";"0";"2";"1";"1";"3";""
"202400038965";"155 713 100";"A01";"2";"30";"11";"0";"0";"6";"1";""
"202400038966";"155 713 099";"A01";"1";"7";"0";"1";"1";"9";"1";""
"202400038967";"155 713 098";"A01";"1";"10";"1";"0";"2";"2";"1";""
"202400038968";"155 713 096";"B01";"3";"7";"0";"2";"1";"0";"1";""
"202400038968";"155 713 097";"A01";"3";"7";"0";"2";"1";"13";"1";""
"202400038969";"155 713 094";"A01";"1";"7";"0";"2";"1";"26";"3";""
"202400038969";"155 713 095";"B01";"1";"32";"0";"2";"4";"26";"1";""
"202400038970";"155 713 091";"B01";"1";"1";"0";"2";"3";"7";"5";""
"202400038970";"155 713 092";"C01";"1";"1";"0";"2";"3";"7";"5";""
"202400038970";"155 713 093";"A01";"1";"7";"0";"1";"1";"13";"1";""
"202400038971";"155 713 089";"A01";"2";"7";"0";"2";"1";"1";"1";""
"202400038971";"155 713 090";"B01";"1";"50";"0";"2";"7";"19";"3";""
"202400038972";"155 713 087";"A01";"1";"7";"0";"2";"8";"9";"1";""
"202400038972";"155 713 088";"B01";"1";"32";"0";"2";"1";"2";"1";""
"202400038973";"155 713 085";"A01";"2";"31";"0";"0";"8";"16";"1";""
"202400038974";"155 713 086";"A01";"1";"7";"0";"1";"1";"16";"1";""
"202400038975";"155 713 082";"B01";"2";"7";"0";"2";"3";"15";"2";""
"202400038975";"155 713 084";"A01";"2";"33";"0";"2";"1";"3";"1";""
"202400038976";"155 713 080";"A01";"1";"7";"0";"2";"4";"23";"1";""
"202400038976";"155 713 081";"B01";"1";"7";"0";"2";"4";"23";"1";""
"202400038976";"155 713 083";"C01";"1";"7";"0";"2";"1";"1";"1";""
"202400038977";"155 713 078";"B01";"0";"7";"0";"2";"7";"1";"1";""
"202400038977";"155 713 079";"A01";"0";"1";"0";"0";"1";"1";"5";""
"202400038978";"155 713 076";"B01";"2";"7";"0";"2";"2";"16";"1";""
"202400038978";"155 713 077";"A01";"2";"7";"4";"0";"8";"0";"1";""
"202400038979";"155 713 074";"B01";"3";"7";"0";"2";"2";"15";"1";""
"202400038979";"155 713 075";"A01";"3";"10";"0";"2";"3";"1";"1";""
"202400038980";"155 713 073";"A01";"1";"7";"0";"1";"1";"15";"1";""
"202400038981";"155 713 070";"A01";"3";"7";"0";"2";"0";"0";"0";""
"202400038981";"155 713 072";"B01";"1";"1";"0";"2";"0";"0";"5";""
"202400038982";"155 713 071";"A01";"2";"7";"2";"0";"2";"1";"1";""
"202400038983";"155 713 067";"A01";"1";"7";"0";"2";"2";"15";"1";""
"202400038983";"155 713 068";"B01";"2";"2";"0";"2";"1";"1";"1";""
"202400038984";"155 713 066";"A01";"3";"7";"0";"2";"1";"1";"1";""
"202400038984";"155 713 069";"B01";"3";"7";"0";"2";"4";"23";"1";""
"202400038985";"155 713 063";"A01";"2";"7";"0";"1";"2";"1";"1";""
"202400038986";"155 713 064";"B01";"1";"1";"0";"2";"1";"2";"5";""
"202400038986";"155 713 065";"A01";"1";"10";"0";"2";"5";"16";"1";""
"202400038987";"155 713 062";"A01";"1";"7";"0";"0";"9";"13";"1";""
"202400038988";"155 713 060";"B01";"1";"7";"0";"2";"3";"21";"0";""
"202400038988";"155 713 061";"A01";"2";"7";"0";"2";"3";"0";"1";""
"202400038989";"155 713 059";"A01";"1";"7";"0";"1";"7";"14";"1";""
"202400038990";"155 713 057";"A01";"2";"7";"0";"2";"3";"1";"1";""
"202400038990";"155 713 058";"B01";"1";"2";"1";"2";"1";"17";"1";""
"202400038991";"155 713 056";"A01";"2";"7";"0";"1";"1";"9";"1";""
"202400038992";"155 713 054";"A01";"1";"7";"13";"0";"2";"1";"1";""
"202400038993";"155 713 055";"A01";"3";"10";"0";"1";"3";"21";"1";""
"202400038994";"155 713 053";"A01";"1";"7";"0";"1";"2";"1";"1";""
"202400038995";"155 713 052";"A01";"1";"7";"0";"1";"1";"1";"1";""
"202400038996";"155 713 049";"A01";"1";"33";"0";"2";"7";"17";"1";""
"202400038996";"155 713 051";"B01";"1";"7";"0";"2";"6";"26";"1";""
"202400038997";"155 713 050";"A01";"3";"10";"0";"1";"2";"15";"1";""
"202400038998";"155 713 048";"A01";"1";"1";"0";"1";"1";"1";"5";""
"202400038999";"155 713 044";"A01";"1";"7";"0";"2";"3";"9";"2";""
"202400038999";"155 713 047";"B01";"2";"2";"0";"2";"1";"1";"1";""
"202400039000";"155 713 043";"B01";"2";"50";"0";"2";"1";"1";"3";""
"202400039000";"155 713 046";"G01";"3";"1";"0";"2";"1";"5";"5";""
"202400039001";"155 713 042";"A01";"2";"7";"0";"2";"7";"15";"1";""
"202400039001";"155 713 045";"B01";"1";"7";"0";"2";"1";"1";"1";""
"202400039002";"155 713 039";"B01";"2";"50";"0";"2";"3";"1";"3";""
"202400039002";"155 713 041";"A01";"1";"7";"0";"2";"3";"15";"1";""
"202400039003";"155 713 038";"A01";"2";"33";"0";"2";"1";"19";"1";""
"202400039003";"155 713 040";"B01";"2";"50";"0";"2";"1";"5";"3";""
"202400039004";"155 713 035";"A01";"1";"7";"0";"2";"3";"1";"1";""
"202400039004";"155 713 037";"B01";"1";"2";"0";"2";"1";"1";"1";""
"202400039005";"155 713 033";"B01";"2";"37";"0";"2";"2";"7";"4";"1"
"202400039005";"155 713 036";"A01";"2";"7";"0";"2";"8";"15";"2";""
"202400039006";"155 713 032";"A01";"1";"7";"0";"2";"3";"22";"1";""
"202400039006";"155 713 034";"B01";"0";"80";"1";"2";"2";"2";"3";""
"202400039007";"155 713 030";"B01";"1";"7";"0";"9";"2";"9";"2";""
"202400039007";"155 713 031";"A01";"2";"1";"0";"2";"6";"0";"5";""
"202400039008";"155 713 028";"A01";"2";"10";"0";"1";"1";"26";"1";""
"202400039009";"155 713 029";"A01";"1";"7";"13";"0";"1";"13";"1";""
"202400039010";"155 713 026";"A01";"1";"7";"0";"9";"4";"4";"2";""
"202400039010";"155 713 027";"B01";"3";"1";"0";"2";"8";"19";"5";""
"202400039011";"155 713 023";"A01";"1";"7";"8";"0";"1";"1";"1";""
"202400039012";"155 713 022";"B01";"2";"7";"0";"2";"7";"15";"1";""
"202400039012";"155 713 025";"A01";"1";"33";"0";"2";"1";"8";"1";""
"202400039013";"155 713 021";"B01";"1";"33";"0";"2";"1";"3";"1";""
"202400039013";"155 713 024";"A01";"1";"10";"0";"2";"8";"15";"1";""
"202400039014";"155 713 018";"B01";"2";"7";"0";"0";"7";"23";"1";""
"202400039014";"155 713 020";"A01";"1";"30";"0";"2";"1";"1";"3";""
"202400039015";"155 713 015";"B01";"1";"32";"0";"2";"1";"1";"1";""
"202400039015";"155 713 017";"A01";"1";"7";"0";"2";"3";"10";"1";""
"202400039016";"155 713 014";"C01";"3";"7";"0";"2";"4";"23";"1";""
"202400039016";"155 713 016";"B01";"3";"7";"0";"2";"4";"23";"1";""
"202400039016";"155 713 019";"A01";"3";"7";"0";"2";"1";"1";"1";""
"202400039017";"155 713 013";"B01";"1";"40";"0";"2";"0";"1";"3";""
"202400039018";"155 713 011";"A01";"1";"34";"0";"1";"1";"18";"1";""
"202400039019";"155 713 007";"A01";"2";"7";"0";"2";"8";"16";"1";""
"202400039019";"155 713 008";"B01";"2";"7";"0";"2";"1";"1";"1";""
"202400039020";"155 713 006";"A01";"1";"7";"0";"2";"8";"9";"1";""
"202400039020";"155 713 009";"B01";"3";"33";"0";"2";"2";"21";"1";""
"202400039021";"155 713 004";"A01";"2";"7";"0";"1";"2";"1";"1";""
"202400039022";"155 713 003";"B01";"2";"80";"0";"2";"3";"19";"3";""
"202400039022";"155 713 005";"A01";"1";"43";"0";"2";"1";"1";"1";""
"202400039023";"155 713 000";"B01";"3";"7";"0";"2";"5";"2";"1";""
"202400039023";"155 713 002";"A01";"3";"31";"0";"2";"1";"2";"1";""
"202400039024";"155 712 999";"A01";"3";"14";"0";"2";"8";"15";"1";""
"202400039024";"155 713 001";"B01";"3";"7";"0";"2";"8";"21";"1";""
"202400039025";"155 712 998";"A01";"3";"7";"2";"0";"1";"1";"1";""
"202400039026";"155 712 997";"Z01";"2";"0";"0";"1";"1";"1";"0";""
"202400039027";"155 712 996";"A01";"3";"7";"0";"1";"3";"1";"1";""
"202400039028";"155 712 994";"A01";"3";"7";"0";"1";"2";"1";"1";""
"202400039029";"155 712 993";"A01";"2";"50";"0";"1";"1";"25";"3";""
"202400039030";"155 712 989";"B01";"2";"1";"0";"2";"7";"1";"5";""
"202400039030";"155 712 991";"A01";"2";"7";"0";"2";"3";"15";"1";""
"202400039031";"155 712 988";"B01";"1";"1";"0";"2";"8";"1";"5";""
"202400039031";"155 712 990";"A01";"1";"7";"0";"2";"2";"1";"1";""
"202400039032";"155 712 987";"A01";"2";"10";"12";"0";"2";"1";"1";""
"202400039033";"155 712 985";"A01";"1";"10";"0";"2";"6";"15";"1";""
"202400039033";"155 712 986";"B01";"1";"33";"0";"2";"2";"1";"1";""
"202400039034";"155 712 982";"A01";"2";"3";"8";"0";"2";"1";"1";""
"202400039035";"155 712 981";"A01";"2";"30";"0";"2";"1";"16";"1";""
"202400039035";"155 712 984";"B01";"2";"7";"0";"2";"2";"15";"1";""
"202400039036";"155 712 980";"A01";"3";"7";"0";"9";"3";"15";"1";""
"202400039036";"155 712 983";"B01";"0";"1";"0";"2";"6";"19";"5";""
"202400039037";"155 712 979";"A01";"3";"7";"0";"1";"3";"1";"1";""
"202400039038";"155 712 978";"A01";"1";"7";"0";"1";"2";"1";"1";""
"202400039039";"155 712 975";"B01";"1";"50";"0";"2";"1";"13";"3";""
"202400039039";"155 712 977";"A01";"2";"30";"0";"2";"1";"21";"1";""
"202400039040";"155 712 973";"A01";"1";"7";"0";"2";"0";"0";"1";""
"202400039040";"155 712 976";"B01";"2";"32";"0";"2";"1";"0";"1";""
"202400039041";"155 712 974";"A01";"1";"7";"0";"1";"1";"15";"1";""
"202400039042";"155 712 970";"A01";"3";"7";"0";"1";"8";"1";"1";""
"202400039043";"155 712 969";"A01";"1";"7";"0";"1";"0";"1";"0";""
"202400039044";"155 712 968";"B01";"2";"1";"0";"2";"8";"5";"5";""
"202400039044";"155 712 972";"A01";"1";"7";"0";"2";"1";"9";"1";""
"202400039045";"155 712 971";"A01";"1";"10";"0";"1";"1";"1";"1";""
"202400039046";"155 712 967";"A01";"2";"7";"0";"1";"1";"1";"1";""
"202400039047";"155 712 963";"A01";"2";"7";"0";"0";"9";"17";"1";""
"202400039048";"155 712 962";"B01";"1";"7";"0";"2";"3";"10";"1";""
"202400039048";"155 712 966";"A01";"1";"33";"0";"2";"1";"17";"1";""
"202400039049";"155 712 960";"B01";"3";"31";"0";"2";"8";"1";"1";""
"202400039049";"155 712 965";"A01";"3";"7";"0";"2";"1";"10";"1";""
"202400039050";"155 712 961";"B01";"3";"30";"0";"2";"2";"1";"1";""
"202400039050";"155 712 964";"A01";"3";"7";"0";"2";"3";"20";"1";""
"202400039051";"155 712 959";"A01";"2";"50";"0";"0";"1";"1";"3";""
"202400039052";"155 712 958";"A01";"2";"7";"1";"0";"2";"13";"1";""
"202400039053";"155 712 956";"A01";"1";"7";"0";"2";"1";"1";"1";""
"202400039054";"155 712 955";"B01";"0";"7";"0";"2";"4";"2";"1";""
"202400039054";"155 712 957";"A01";"0";"7";"0";"2";"1";"2";"1";""
"202400039055";"155 712 953";"A01";"1";"7";"0";"1";"3";"1";"1";""
"202400039056";"155 712 951";"A01";"1";"7";"0";"2";"1";"13";"1";""
"202400039056";"155 712 954";"B01";"2";"7";"0";"2";"1";"1";"1";""
"202400039057";"155 712 950";"A01";"2";"7";"0";"2";"1";"2";"1";""
"202400039057";"155 712 952";"B01";"3";"7";"0";"2";"8";"16";"0";""
"202400039058";"155 712 944";"A01";"3";"7";"1";"0";"2";"1";"1";""
"202400039059";"155 712 943";"A01";"0";"7";"0";"2";"3";"9";"1";""
"202400039059";"155 712 949";"B01";"0";"1";"0";"2";"7";"1";"5";""
"202400039060";"155 712 945";"B01";"2";"7";"0";"2";"3";"1";"1";""
"202400039060";"155 712 947";"A01";"1";"7";"0";"2";"1";"15";"1";""
"202400039061";"155 712 942";"A01";"2";"10";"0";"2";"7";"1";"1";""
"202400039061";"155 712 946";"B01";"2";"7";"0";"2";"8";"1";"1";""
"202400039061";"155 712 948";"C01";"2";"7";"0";"2";"8";"1";"1";""
"202400039062";"155 712 939";"A01";"1";"7";"4";"0";"1";"1";"1";""
"202400039063";"155 712 938";"A01";"2";"80";"0";"0";" -1";"1";"3";""
"202400039064";"155 712 937";"A01";"1";"7";"0";"4";"6";"15";"1";""
"202400039064";"155 712 941";"B01";"1";"40";"0";"2";"1";"1";"3";""
"202400039065";"155 712 936";"B01";"3";"7";"0";"2";"5";"9";"2";""
"202400039065";"155 712 940";"A01";"3";"7";"0";"2";"1";"1";"1";""