"Num_Acc";"id_vehicule";"num_veh";"senc";"catv";"obs";"obsm";"choc";"manv";"motor";"occutc"
"202400039066";"155 712 932";"A01";"1";"7";"0";"2";"8";"10";"1";""
"202400039066";"155 712 934";"B01";"1";"31";"0";"2";"1";"1";"3";""
"202400039067";"155 712 933";"A01";"3";"7";"0";"2";"1";"15";"1";""
"202400039067";"155 712 935";"B01";"3";"7";"0";"2";"3";"1";"1";""
"202400039068";"155 712 930";"A01";"2";"33";"0";"1";"1";"1";"1";""
"202400039069";"155 712 929";"A01";"3";"7";"1";"2";"1";"1";"1";""
"202400039069";"155 712 931";"B01";"3";"7";"0";"2";"2";"1";"1";""
"202400039070";"155 712 928";"A01";"2";"7";"6";"0";"2";"1";"1";""
"202400039071";"155 712 926";"A01";"1";"7";"0";"1";"3";"1";"1";""
"202400039072";"155 712 927";"A01";"2";"7";"0";"1";"2";"15";"1";""
"202400039073";"155 712 924";"A01";"2";"7";"0";"2";"8";"15";"1";""
"202400039073";"155 712 925";"B01";"2";"99";"0";"2";"1";"1";"0";""
"202400039074";"155 712 921";"A01";"1";"7";"0";"2";"1";"9";"1";""
"202400039074";"155 712 923";"B01";"1";"50";"0";"2";"7";"19";"3";""
"202400039075";"155 712 920";"A01";"1";"34";"0";"1";"1";"1";"1";""
"202400039076";"155 712 919";"B01";"2";"33";"0";"2";"1";"1";"1";""
"202400039076";"155 712 922";"A01";"1";"7";"0";"2";"2";"15";"0";""
"202400039077";"155 712 917";"A01";"1";"7";"0";"2";"1";"1";"2";""
"202400039077";"155 712 918";"B01";"3";"7";"0";"2";"8";"1";"1";""
"202400039078";"155 712 914";"B01";"3";"1";"0";"2";"0";"0";"5";""
"202400039078";"155 712 916";"A01";"3";"30";"0";"2";"5";"16";"1";""
"202400039079";"155 712 911";"B01";"3";"7";"0";"4";"3";"1";"1";""
"202400039079";"155 712 915";"A01";"3";"40";"0";"2";"2";"1";"3";""
"202400039080";"155 712 912";"A01";"1";"80";"0";"2";"4";"1";"3";""
"202400039080";"155 712 913";"Z01";"1";"31";"0";"2";"1";"1";"0";""
"202400039081";"155 712 910";"A01";"1";"7";"0";"1";"2";"16";"2";""
"202400039082";"155 712 908";"A01";"1";"10";"0";"2";"8";"19";"1";""
"202400039082";"155 712 909";"B01";"1";"33";"0";"2";"1";"0";"1";""
"202400039083";"155 712 907";"A01";"3";"7";"4";"0";"1";"1";"1";""
"202400039084";"155 712 905";"A01";"2";"30";"9";"0";"1";"2";"1";""
"202400039085";"155 712 904";"A01";"1";"7";"0";"2";"2";"1";"1";""
"202400039085";"155 712 906";"B01";"1";"50";"0";"2";"5";"1";"3";""
"202400039086";"155 712 902";"A01";"0";"31";"0";"0";"3";"1";"3";""
"202400039087";"155 712 901";"A01";"1";"7";"0";"2";"1";"1";"1";""
"202400039087";"155 712 903";"B01";"2";"1";"0";"2";"1";"5";"5";""
"202400039088";"155 712 899";"A01";"3";"7";"0";"2";"5";"15";"1";""
"202400039088";"155 712 900";"B01";"3";"30";"0";"2";"1";"18";"1";""
"202400039089";"155 712 898";"A01";"3";"7";"0";"1";"1";"20";"1";""
"202400039090";"155 712 897";"A01";"2";"7";"0";"1";"2";"17";"1";""
"202400039091";"155 712 895";"B01";"3";"7";"0";"2";"3";"1";"1";""
"202400039091";"155 712 896";"A01";"3";"7";"0";"2";"1";"13";"2";""
"202400039092";"155 712 894";"A01";"2";"1";"0";"0";"0";"2";"5";""
"202400039093";"155 712 892";"A01";"3";"7";"0";"2";"8";"22";"1";""
"202400039093";"155 712 893";"B01";"3";"1";"1";"0";"7";"21";"5";""
"202400039094";"155 712 887";"B01";"3";"30";"0";"2";"7";"19";"0";""
"202400039094";"155 712 890";"A01";"3";"7";"0";"2";"3";"1";"0";""
"202400039095";"155 712 886";"A01";"1";"10";"0";"2";"1";"1";"1";""
"202400039095";"155 712 889";"B01";"2";"7";"0";"2";"8";"1";"1";""
"202400039096";"155 712 884";"A01";"2";"7";"0";"0";"1";"1";"1";""
"202400039097";"155 712 883";"B01";"2";"7";"0";"2";"4";"23";"1";""
"202400039097";"155 712 885";"C01";"2";"7";"0";"2";"4";"23";"1";""
"202400039097";"155 712 888";"D01";"2";"7";"0";"2";"4";"23";"1";""
"202400039097";"155 712 891";"A01";"2";"7";"0";"2";"1";"1";"1";""
"202400039098";"155 712 882";"A01";"2";"7";"2";"0";"1";"1";"1";""
"202400039099";"155 712 879";"A01";"2";"2";"0";"0";"9";"1";"1";""
"202400039100";"155 712 878";"A01";"0";"7";"0";"2";"3";"9";"1";""
"202400039100";"155 712 881";"B01";"0";"7";"0";"2";"1";"0";"1";""
"202400039101";"155 712 876";"A01";"2";"10";"0";"2";"1";"26";"1";""
"202400039101";"155 712 880";"B01";"3";"7";"0";"2";"6";"1";"1";""
"202400039102";"155 712 877";"A01";"1";"7";"6";"0";"1";"26";"1";""
"202400039103";"155 712 873";"A01";"3";"7";"15";"0";"2";"0";"2";""
"202400039104";"155 712 871";"B01";"2";"2";"0";"2";"1";"1";"1";""
"202400039104";"155 712 874";"A01";"3";"7";"0";"2";"8";"9";"1";""
"202400039105";"155 712 870";"B01";"0";"7";"0";"2";"1";"1";"1";""
"202400039105";"155 712 875";"A01";"2";"7";"0";"2";"8";"1";"1";""
"202400039106";"155 712 867";"A01";"2";"99";"0";"2";"1";"2";"1";""
"202400039106";"155 712 869";"C01";"3";"7";"0";"2";"4";"2";"1";""
"202400039106";"155 712 872";"B01";"2";"10";"0";"2";"4";"2";"1";""
"202400039107";"155 712 866";"B01";"1";"2";"0";"2";"1";"17";"1";""
"202400039107";"155 712 868";"A01";"2";"7";"0";"2";"3";"15";"1";""
"202400039108";"155 712 862";"A01";"2";"2";"0";"2";"9";"1";"1";""
"202400039108";"155 712 865";"B01";"1";"7";"0";"2";"6";"1";"1";""
"202400039109";"155 712 861";"B01";"3";"50";"0";"2";"0";"0";"3";""
"202400039109";"155 712 863";"A01";"1";"0";"0";"2";"0";"0";"0";""
"202400039110";"155 712 860";"B01";"1";"10";"0";"2";"5";"2";"1";""
"202400039110";"155 712 864";"A01";"1";"7";"3";"2";"1";"2";"1";""
"202400039111";"155 712 857";"B01";"2";"32";"0";"2";"1";"1";"1";""
"202400039111";"155 712 859";"A01";"2";"7";"0";"2";"3";"2";"1";""
"202400039112";"155 712 856";"A01";"2";"1";"0";"2";"1";"9";"5";""
"202400039112";"155 712 858";"B01";"1";"10";"0";"2";"6";"15";"1";""
"202400039113";"155 712 854";"A01";"2";"7";"13";"0";"1";"0";"1";""
"202400039114";"155 712 855";"A01";"1";"7";"0";"1";"1";"1";"1";""
"202400039115";"155 712 852";"A01";"0";"7";"0";"2";"1";"1";"1";""
"202400039115";"155 712 853";"B01";"0";"7";"0";"2";"4";"1";"1";""
"202400039116";"155 712 850";"A01";"1";"7";"0";"0";"1";"0";"1";""
"202400039117";"155 712 851";"A01";"1";"7";"1";"5";"2";"21";"1";""
"202400039118";"155 712 849";"A01";"2";"7";"13";"0";"1";"0";"1";""
"202400039119";"155 712 842";"B01";"2";"17";"0";"0";"4";"1";"1";""
"202400039119";"155 712 846";"A01";"2";"10";"0";"2";"1";"2";"1";""
"202400039120";"155 712 840";"A01";"1";"10";"0";"2";"1";"1";"0";""
"202400039120";"155 712 844";"B01";"1";"7";"0";"2";"4";"23";"1";""
"202400039120";"155 712 848";"C01";"1";"7";"0";"2";"4";"23";"1";""
"202400039121";"155 712 841";"B01";"1";"50";"0";"2";"1";"1";"3";""
"202400039121";"155 712 845";"A01";"2";"7";"0";"2";"2";"15";"1";""
"202400039122";"155 712 835";"A01";"2";"33";"0";"2";"2";"17";"1";""
"202400039122";"155 712 838";"B01";"2";"7";"0";"2";"3";"11";"2";""
"202400039123";"155 712 837";"B01";"3";"33";"0";"2";"5";"1";"1";""
"202400039123";"155 712 839";"A01";"3";"33";"0";"2";"3";"1";"1";""
"202400039124";"155 712 834";"A01";"1";"1";"0";"2";"4";"1";"5";""
"202400039124";"155 712 836";"B01";"1";"7";"0";"2";"2";"1";"2";""
"202400039125";"155 712 833";"A01";"1";"32";"11";"0";"8";"14";"1";""
"202400039126";"155 712 830";"A01";"1";"7";"6";"0";"2";"0";"1";""
"202400039127";"155 712 829";"B01";"2";"10";"0";"0";"0";"1";"1";""
"202400039127";"155 712 832";"C01";"1";"7";"0";"9";"3";"1";"1";""
"202400039128";"155 712 828";"A01";"2";"1";"0";"2";"3";"1";"5";""
"202400039128";"155 712 831";"B01";"2";"13";"0";"2";"6";"23";"1";""
"202400039129";"155 712 824";"A01";"1";"7";"0";"2";"1";"1";"1";""
"202400039129";"155 712 827";"B01";"1";"7";"0";"2";"3";"16";"1";""
"202400039130";"155 712 823";"A01";"1";"2";"0";"2";"7";"15";"1";""
"202400039130";"155 712 825";"B01";"2";"7";"0";"2";"1";"1";"1";""
"202400039131";"155 712 822";"B01";"2";"50";"0";"2";"2";"9";"3";""
"202400039131";"155 712 826";"A01";"2";"15";"0";"9";"6";"9";"1";""
"202400039132";"155 712 819";"A01";"2";"7";"2";"0";"3";"14";"1";""
"202400039133";"155 712 817";"B01";"2";"7";"0";"1";"6";"23";"1";""
"202400039133";"155 712 821";"A01";"1";"7";"0";"1";"3";"1";"1";""
"202400039134";"155 712 815";"A01";"2";"10";"0";"2";"1";"2";"1";""
"202400039134";"155 712 818";"B01";"2";"10";"0";"2";"4";"2";"1";""
"202400039134";"155 712 820";"C01";"2";"7";"0";"2";"4";"2";"1";""
"202400039135";"155 712 814";"A01";"1";"15";"7";"0";"6";"13";"1";""
"202400039135";"155 712 816";"B01";"2";"7";"0";"9";"1";"1";"1";""
"202400039136";"155 712 813";"A01";"1";"1";"0";"1";"1";"1";"5";""
"202400039137";"155 712 809";"B01";"1";"7";"0";"2";"6";"1";"1";""
"202400039137";"155 712 812";"A01";"1";"10";"0";"2";"2";"17";"1";""
"202400039138";"155 712 806";"A01";"1";"7";"0";"2";"4";"23";"1";""
"202400039138";"155 712 807";"B01";"1";"7";"0";"2";"4";"23";"1";""
"202400039138";"155 712 808";"C01";"1";"7";"0";"2";"1";"1";"1";""
"202400039138";"155 712 810";"D01";"1";"10";"0";"2";"4";"1";"1";""
"202400039139";"155 712 805";"B01";"3";"7";"8";"2";"1";"1";"1";""
"202400039139";"155 712 811";"A01";"3";"3";"0";"2";"5";"15";"3";""
"202400039140";"155 712 802";"A01";"1";"7";"13";"0";"1";"1";"1";""
"202400039141";"155 712 799";"A01";"2";"7";"0";"2";"3";"13";"1";""
"202400039141";"155 712 803";"B01";"1";"10";"0";"2";"3";"1";"1";""
"202400039141";"155 712 804";"C01";"1";"7";"0";"2";"3";"1";"1";""
"202400039142";"155 712 797";"A01";"1";"7";"0";"2";"3";"1";"1";""
"202400039142";"155 712 800";"B01";"3";"7";"0";"2";"6";"15";"1";""
"202400039143";"155 712 798";"A01";"2";"7";"0";"2";"3";"15";"2";""
"202400039143";"155 712 801";"B01";"2";"32";"0";"2";"8";"0";"1";""
"202400039144";"155 712 796";"A01";"2";"33";"0";"5";"2";"2";"1";""
"202400039145";"155 712 794";"A01";"2";"7";"0";"2";"3";"0";"1";""
"202400039145";"155 712 795";"B01";"1";"7";"0";"2";"3";"1";"1";""
"202400039146";"155 712 793";"A01";"2";"7";"4";"0";"1";"19";"1";""
"202400039147";"155 712 789";"A01";"2";"7";"8";"0";"3";"13";"1";""
"202400039148";"155 712 787";"A01";"2";"7";"0";"2";"1";"2";"2";""
"202400039148";"155 712 792";"B01";"2";"7";"0";"2";"4";"1";"1";""
"202400039149";"155 712 786";"A01";"1";"33";"0";"2";"1";"17";"1";""
"202400039149";"155 712 788";"B01";"1";"7";"0";"2";"6";"15";"1";""
"202400039150";"155 712 785";"A01";"2";"1";"0";"0";"0";"1";"5";""
"202400039151";"155 712 784";"A01";"3";"7";"2";"0";"3";"0";"3";""
"202400039152";"155 712 782";"B01";"2";"7";"0";"2";"4";"1";"1";""
"202400039152";"155 712 783";"A01";"2";"33";"0";"2";"1";"1";"1";""
"202400039153";"155 712 778";"A01";"1";"33";"0";"2";"1";"0";"0";""
"202400039153";"155 712 781";"B01";"2";"7";"0";"2";"3";"0";"1";""
"202400039154";"155 712 776";"B01";"1";"30";"0";"2";"1";"1";"1";""
"202400039154";"155 712 779";"A01";"1";"7";"0";"9";"3";"10";"1";""
"202400039155";"155 712 774";"A01";"3";"7";"0";"2";"1";"1";"1";""
"202400039155";"155 712 775";"B01";"3";"1";"0";"2";"5";"19";"5";""
"202400039156";"155 712 772";"A01";"1";"7";"2";"0";"1";"13";"1";""
"202400039157";"155 712 771";"A01";"1";"33";"7";"0";"1";"17";"1";""
"202400039158";"155 712 770";"A01";"1";"31";"0";"2";"1";"0";"1";""
"202400039158";"155 712 773";"B01";"2";"7";"0";"2";"1";"0";"1";""
"202400039159";"155 712 769";"A01";"1";"7";"5";"0";"2";"1";"1";""
"202400039160";"155 712 768";"A01";"1";"7";"0";"1";"1";"1";"1";""
"202400039161";"155 712 767";"A01";"0";"7";"0";"1";"1";"17";"2";""
"202400039162";"155 712 765";"A01";"2";"34";"0";"2";"1";"5";"0";""
"202400039162";"155 712 766";"B01";"1";"7";"0";"2";"2";"1";"0";""
"202400039163";"155 712 764";"A01";"2";"33";"15";"0";"0";"1";"1";""
"202400039164";"155 712 763";"A01";"2";"7";"13";"0";"2";"1";"1";""
"202400039165";"155 712 762";"A01";"3";"50";"0";"1";"0";"1";"3";""
"202400039166";"155 712 761";"Z01";"2";"2";"0";"1";"0";"26";"0";""
"202400039167";"155 712 760";"A01";"2";"7";"7";"0";"9";"1";"1";""
"202400039168";"155 712 755";"A01";"2";"33";"3";"2";"7";"17";"1";""
"202400039168";"155 712 757";"B01";"1";"7";"0";"2";"1";"1";"1";""
"202400039169";"155 712 754";"A01";"2";"33";"0";"2";"1";"1";"1";""
"202400039169";"155 712 756";"B01";"2";"7";"0";"0";"4";"1";"1";""
"202400039170";"155 712 752";"A01";"3";"2";"0";"0";"9";"1";"1";""
"202400039171";"155 712 751";"A01";"2";"7";"0";"2";"1";"1";"1";""
"202400039171";"155 712 753";"B01";"2";"7";"0";"2";"4";"1";"1";""
"202400039172";"155 712 749";"A01";"3";"7";"0";"2";"1";"15";"1";""
"202400039172";"155 712 750";"B01";"1";"34";"0";"2";"1";"1";"1";""
"202400039173";"155 712 747";"A01";"3";"7";"0";"2";"1";"9";"1";""
"202400039173";"155 712 748";"B01";"1";"7";"0";"2";"1";"1";"1";""
"202400039174";"155 712 746";"A01";"1";"7";"2";"0";"1";"0";"1";""
"202400039175";"155 712 745";"A01";"3";"7";"1";"0";"4";"4";"1";""
"202400039176";"155 712 744";"A01";"3";"7";"10";"0";"1";"1";"1";""
"202400039177";"155 712 742";"A01";"1";"7";"2";"0";"3";"0";"1";""
"202400039178";"155 712 739";"G01";"2";"60";"0";"2";"0";"19";"5";""
"202400039178";"155 712 741";"A01";"1";"7";"0";"9";"7";"1";"1";""
"202400039179";"155 712 740";"B01";"1";"10";"0";"2";"2";"9";"1";""
"202400039179";"155 712 743";"A01";"1";"33";"0";"2";"1";"1";"1";""
"202400039180";"155 712 736";"B01";"2";"7";"0";"2";"1";"1";"1";""
"202400039180";"155 712 738";"A01";"1";"7";"0";"2";"1";"13";"1";""
"202400039181";"155 712 735";"A01";"1";"7";"0";"1";"2";"1";"1";""
"202400039182";"155 712 734";"A01";"3";"7";"0";"2";"3";"13";"1";""
"202400039182";"155 712 737";"B01";"3";"7";"0";"2";"5";"23";"1";""
"202400039183";"155 712 732";"A01";"2";"7";"0";"2";"1";"1";"1";""
"202400039183";"155 712 733";"B01";"1";"7";"0";"2";"1";"13";"1";""
"202400039184";"155 712 731";"A01";"1";"10";"0";"1";"4";"4";"1";""
"202400039185";"155 712 727";"A01";"2";"7";"0";"9";"4";"1";"1";""
"202400039185";"155 712 729";"B01";"2";"17";"0";"2";"1";"1";"1";""
"202400039186";"155 712 724";"A01";"1";"7";"0";"2";"2";"26";"1";""
"202400039186";"155 712 726";"B01";"2";"32";"0";"2";"8";"1";"1";""
"202400039187";"155 712 723";"D01";"1";"7";"0";"2";"2";"1";"1";""
"202400039187";"155 712 725";"C01";"2";"7";"0";"0";"1";"1";"0";""
"202400039187";"155 712 728";"B01";"2";"7";"0";"0";"8";"2";"1";""
"202400039187";"155 712 730";"A01";"1";"7";"8";"0";"1";"1";"1";""
"202400039188";"155 712 722";"A01";"2";"7";"2";"0";"1";"1";"1";""
"202400039189";"155 712 721";"A01";"1";"7";"16";"0";"2";"14";"1";""
"202400039190";"155 712 720";"A01";"1";"7";"0";"1";"8";"1";"1";""
"202400039191";"155 712 719";"Z01";"1";"7";"0";"1";"0";"26";"0";""
"202400039192";"155 712 718";"A01";"2";"7";"0";"1";"2";"1";"1";""
"202400039193";"155 712 715";"A01";"2";"7";"0";"2";"8";"19";"1";""
"202400039193";"155 712 716";"B01";"1";"7";"0";"2";"2";"19";"1";""
"202400039194";"155 712 714";"A01";"0";"7";"0";"2";"3";"0";"1";""
"202400039194";"155 712 717";"B01";"2";"7";"0";"2";"2";"1";"1";""
"202400039195";"155 712 712";"B01";"3";"50";"0";"2";"7";"19";"3";""
"202400039195";"155 712 713";"A01";"3";"37";"0";"2";"1";"1";"0";"1"
"202400039196";"155 712 711";"A01";"0";"7";"0";"1";"1";"0";"1";""
"202400039197";"155 712 709";"A01";"1";"7";"2";"0";"8";"1";"0";""
"202400039198";"155 712 708";"B01";"2";"10";"0";"2";"1";"21";"1";""
"202400039198";"155 712 710";"A01";"2";"2";"0";"2";"8";"1";"1";""
"202400039199";"155 712 706";"A01";"1";"7";"0";"1";"8";"1";"1";""
"202400039200";"155 712 704";"A01";"2";"7";"0";"1";"1";"1";"1";""
"202400039201";"155 712 702";"B01";"2";"7";"0";"2";"8";"1";"1";""
"202400039201";"155 712 707";"Z01";"2";"7";"0";"2";"1";"1";"0";""
"202400039202";"155 712 700";"A01";"0";"7";"0";"2";"3";"0";"0";""
"202400039202";"155 712 703";"B01";"3";"32";"0";"2";"1";"1";"1";""
"202400039203";"155 712 698";"A01";"1";"7";"0";"2";"1";"1";"1";""
"202400039203";"155 712 701";"B01";"2";"7";"0";"2";"1";"1";"1";""
"202400039204";"155 712 699";"A01";"2";"7";"13";"0";"1";"12";"1";""
"202400039205";"155 712 694";"A01";"2";"7";"4";"0";"3";"2";"1";""
"202400039206";"155 712 693";"A01";"1";"32";"9";"2";"1";"21";"1";""
"202400039206";"155 712 697";"B01";"2";"7";"0";"2";"3";"15";"1";""
"202400039207";"155 712 690";"C01";"1";"7";"0";"2";"1";"2";"2";""
"202400039207";"155 712 691";"D01";"1";"7";"0";"2";"1";"2";"1";""
"202400039207";"155 712 695";"A01";"1";"7";"14";"0";"1";"1";"1";""
"202400039207";"155 712 696";"B01";"1";"7";"0";"2";"1";"2";"1";""
"202400039208";"155 712 689";"A01";"2";"7";"0";"2";"3";"15";"2";""
"202400039208";"155 712 692";"B01";"1";"7";"6";"0";"9";"1";"2";""
"202400039209";"155 712 686";"A01";"2";"7";"0";"2";"3";"1";"1";""
"202400039209";"155 712 688";"B01";"1";"7";"0";"2";"3";"5";"1";""
"202400039210";"155 712 684";"A01";"0";"7";"0";"2";"2";"16";"1";""
"202400039210";"155 712 687";"B01";"0";"1";"0";"2";"1";"21";"5";""
"202400039211";"155 712 682";"B01";"1";"15";"0";"2";"4";"23";"1";""
"202400039211";"155 712 685";"A01";"1";"7";"1";"0";"1";"1";"1";""
"202400039212";"155 712 681";"A01";"1";"7";"0";"2";"5";"15";"1";""
"202400039212";"155 712 683";"B01";"3";"1";"0";"2";"1";"5";"5";""
"202400039213";"155 712 673";"A01";"2";"7";"1";"2";"2";"14";"1";""
"202400039213";"155 712 676";"B01";"2";"7";"0";"2";"6";"23";"1";""
"202400039213";"155 712 679";"C01";"2";"7";"0";"2";"2";"21";"1";""
"202400039214";"155 712 674";"A01";"2";"7";"0";"2";"1";"1";"1";""
"202400039214";"155 712 677";"B01";"2";"7";"0";"2";"1";"1";"1";""
"202400039214";"155 712 680";"C01";"2";"7";"0";"2";"4";"1";"2";""
"202400039215";"155 712 672";"A01";"3";"7";"0";"0";"8";"1";"1";""
"202400039215";"155 712 678";"B01";"3";"50";"0";"2";"1";"19";"3";""
"202400039216";"155 712 671";"B01";"2";"50";"0";"2";"2";"1";"3";""
"202400039216";"155 712 675";"A01";"1";"7";"0";"2";"1";"1";"1";""
"202400039217";"155 712 669";"A01";"1";"50";"8";"0";"1";"2";"3";""
"202400039218";"155 712 668";"A01";"2";"10";"0";"2";"2";"1";"1";""
"202400039218";"155 712 670";"B01";"2";"17";"0";"2";"4";"1";"1";""
"202400039219";"155 712 663";"A01";"2";"7";"4";"0";"1";"0";"1";""
"202400039219";"155 712 666";"B01";"2";"7";"4";"0";"0";"21";"1";""
"202400039219";"155 712 667";"C01";"2";"7";"4";"0";"1";"21";"1";""
"202400039220";"155 712 662";"A01";"3";"7";"0";"2";"2";"16";"1";""
"202400039220";"155 712 664";"B01";"3";"1";"0";"2";"0";"0";"5";""
"202400039221";"155 712 660";"B01";"3";"33";"0";"2";"7";"1";"1";""
"202400039221";"155 712 665";"A01";"1";"10";"0";"2";"3";"9";"1";""
"202400039222";"155 712 659";"A01";"1";"7";"0";"2";"3";"13";"1";""
"202400039222";"155 712 661";"B01";"2";"7";"0";"2";"3";"0";"1";""
"202400039223";"155 712 658";"A01";"2";"15";"4";"0";"2";"1";"1";""
"202400039224";"155 712 656";"A01";"3";"7";"0";"9";"8";"16";"1";""
"202400039224";"155 712 657";"B01";"3";"1";"0";"2";"1";"1";"5";""
"202400039225";"155 712 654";"A01";"1";"30";"0";"0";"8";"2";"1";""
"202400039226";"155 712 653";"A01";"1";"7";"0";"1";"1";"15";"1";""
"202400039227";"155 712 650";"Z01";"2";"17";"0";"1";"3";"1";"1";""
"202400039228";"155 712 648";"A01";"1";"7";"0";"2";"1";"2";"1";""
"202400039228";"155 712 651";"B01";"1";"7";"0";"2";"4";"2";"1";""
"202400039228";"155 712 652";"C01";"1";"7";"0";"2";"4";"2";"2";""
"202400039229";"155 712 647";"B01";"2";"7";"0";"2";"6";"1";"1";""
"202400039229";"155 712 649";"A01";"1";"2";"0";"2";"1";"13";"1";""
"202400039230";"155 712 643";"A01";"2";"7";"0";"2";"1";"1";"1";""
"202400039230";"155 712 645";"B01";"2";"7";"0";"0";"4";"1";"1";""
"202400039231";"155 712 641";"A01";"1";"33";"0";"2";"1";"2";"1";""
"202400039231";"155 712 644";"B01";"1";"7";"0";"2";"4";"2";"2";""
"202400039232";"155 712 646";"A01";"2";"7";"0";"2";"1";"1";"1";""
"202400039232";"155 712 655";"B01";"1";"7";"0";"2";"3";"15";"1";""
"202400039233";"155 712 637";"B01";"3";"33";"0";"2";"2";"17";"1";""
"202400039233";"155 712 640";"A01";"3";"7";"0";"2";"3";"13";"1";""
"202400039234";"155 712 636";"B01";"2";"7";"0";"2";"8";"11";"2";""
"202400039234";"155 712 638";"A01";"2";"31";"0";"2";"7";"3";"1";""
"202400039235";"155 712 632";"B01";"0";"33";"0";"2";"1";"1";"1";""
"202400039235";"155 712 635";"A01";"3";"7";"0";"2";"2";"12";"2";""
"202400039236";"155 712 630";"A01";"1";"1";"0";"2";"1";"2";"5";""
"202400039236";"155 712 633";"B01";"1";"7";"0";"0";"4";"23";"1";""
"202400039237";"155 712 629";"A01";"1";"10";"0";"2";"1";"1";"1";""
"202400039237";"155 712 634";"B01";"1";"7";"0";"2";"7";"1";"1";""
"202400039238";"155 712 628";"A01";"1";"34";"4";"0";"8";"1";"1";""
"202400039239";"155 712 631";"A01";"1";"33";"13";"0";"1";"0";"1";""
"202400039240";"155 712 626";"A01";"2";"7";"0";"0";"5";"1";"1";""
"202400039240";"155 712 627";"B01";"2";"34";"0";"2";"3";"2";"1";""
"202400039241";"155 712 625";"A01";"2";"43";"0";"1";"1";"17";"1";""
"202400039242";"155 712 622";"A01";"1";"1";"0";"0";"0";"26";"5";""
"202400039243";"155 712 620";"B01";"2";"7";"0";"2";"1";"1";"1";""
"202400039243";"155 712 623";"A01";"1";"10";"0";"2";"1";"13";"1";""
"202400039244";"155 712 619";"B01";"2";"14";"0";"2";"3";"1";"1";""
"202400039244";"155 712 621";"A01";"1";"7";"0";"2";"3";"13";"1";""
"202400039245";"155 712 618";"Z01";"1";"7";"0";"1";"1";"1";"1";""
"202400039246";"155 712 617";"B01";"2";"7";"0";"2";"2";"1";"1";""
"202400039246";"155 712 624";"A01";"2";"33";"8";"2";"1";"18";"1";""
"202400039247";"155 712 616";"A01";"2";"7";"13";"0";"3";"1";"1";""
"202400039248";"155 712 611";"Z01";"2";"7";"0";"2";"4";"1";"0";""
"202400039248";"155 712 614";"A01";"2";"34";"0";"2";"1";"1";"1";""
"202400039249";"155 712 610";"B01";"0";"7";"0";"9";"5";"16";"1";""
"202400039249";"155 712 612";"A01";"3";"1";"0";"2";"1";"1";"5";""
"202400039250";"155 712 615";"A01";"3";"7";"0";"1";"7";"1";"0";""
"202400039251";"155 712 607";"A01";"1";"37";"1";"0";"7";"12";"1";"2"
"202400039251";"155 712 609";"B01";"1";"13";"0";"2";"7";"23";"1";""
"202400039252";"155 712 605";"B01";"2";"7";"0";"2";"1";"1";"1";""
"202400039252";"155 712 608";"A01";"2";"7";"0";"2";"1";"15";"1";""
"202400039253";"155 712 603";"B01";"2";"7";"0";"2";"3";"9";"1";""
"202400039253";"155 712 606";"A01";"2";"7";"0";"2";"1";"1";"1";""
"202400039254";"155 712 600";"A01";"2";"15";"0";"2";"2";"1";"1";""
"202400039254";"155 712 602";"B01";"1";"3";"0";"2";"1";"11";"1";""
"202400039255";"155 712 601";"A01";"2";"7";"0";"0";"1";"13";"1";""
"202400039255";"155 712 604";"B01";"1";"7";"0";"0";"1";"1";"1";""
"202400039256";"155 712 597";"A01";"0";"30";"0";"2";"0";"0";"1";""
"202400039256";"155 712 599";"B01";"0";"7";"0";"2";"0";"0";"1";""
"202400039257";"155 712 593";"A01";"2";"33";"0";"2";"8";"3";"1";""
"202400039257";"155 712 594";"B01";"2";"7";"0";"2";"2";"1";"1";""
"202400039257";"155 712 596";"C01";"2";"7";"0";"2";"6";"1";"1";""
"202400039258";"155 712 592";"B01";"1";"7";"0";"2";"2";"1";"1";""
"202400039258";"155 712 595";"A01";"1";"7";"0";"2";"1";"1";"1";""
"202400039259";"155 712 588";"B01";"1";"7";"0";"2";"2";"1";"1";""
"202400039259";"155 712 591";"C01";"1";"7";"0";"2";"6";"1";"1";""
"202400039259";"155 712 598";"A01";"1";"7";"0";"2";"2";"2";"1";""
"202400039260";"155 712 586";"A01";"2";"7";"0";"2";"3";"1";"1";""
"202400039260";"155 712 589";"B01";"2";"7";"0";"2";"2";"14";"1";""
"202400039261";"155 712 585";"A01";"1";"15";"0";"2";"3";"1";"1";""
"202400039261";"155 712 587";"B01";"1";"34";"0";"2";"1";"17";"1";""
"202400039262";"155 712 590";"A01";"3";"7";"1";"0";"1";"13";"1";""
"202400039263";"155 712 584";"A01";"1";"7";"4";"0";"1";"1";"1";""
"202400039264";"155 712 581";"B01";"2";"7";"0";"2";"1";"1";"3";""
"202400039264";"155 712 582";"A01";"1";"7";"0";"2";"1";"13";"1";""
"202400039265";"155 712 580";"A01";"2";"31";"0";"2";"3";"16";"1";""
"202400039265";"155 712 583";"B01";"1";"7";"0";"2";"7";"15";"1";""
"202400039266";"155 712 578";"A01";"2";"33";"3";"0";"0";"12";"1";""
"202400039267";"155 712 579";"A01";"3";"30";"0";"0";"0";"1";"1";""
"202400039268";"155 712 576";"A01";"2";"33";"4";"0";"7";"1";"1";""