"Num_Acc";"id_vehicule";"num_veh";"senc";"catv";"obs";"obsm";"choc";"manv";"motor";"occutc"
"202400039269";"155 712 574";"A01";"1";"7";"0";"2";"6";"12";"3";""
"202400039269";"155 712 577";"B01";"1";"43";"0";"2";"8";"1";"1";""
"202400039270";"155 712 575";"A01";"0";"7";"0";"2";"1";"2";"1";""
"202400039271";"155 712 573";"A01";"3";"33";"8";"0";"8";"1";"1";""
"202400039272";"155 712 572";"A01";"1";"7";"0";"1";"1";"26";"1";""
"202400039273";"155 712 568";"A01";"1";"7";"9";"0";"2";"1";"1";""
"202400039274";"155 712 569";"A01";"2";"33";"0";"2";"1";"21";"1";""
"202400039274";"155 712 571";"B01";"2";"7";"0";"0";"6";"1";"1";""
"202400039275";"155 712 566";"A01";"2";"7";"0";"2";"1";"2";"1";""
"202400039275";"155 712 570";"B01";"2";"7";"13";"0";"4";"2";"1";""
"202400039276";"155 712 565";"A01";"1";"7";"0";"2";"5";"1";"1";""
"202400039276";"155 712 567";"B01";"3";"7";"0";"2";"1";"9";"1";""
"202400039277";"155 712 562";"B01";"1";"10";"0";"2";"5";"12";"1";""
"202400039277";"155 712 563";"A01";"1";"32";"0";"2";"8";"18";"1";""
"202400039278";"155 712 561";"B01";"1";"2";"0";"2";"1";"1";"1";""
"202400039278";"155 712 564";"A01";"2";"7";"0";"2";"1";"15";"1";""
"202400039279";"155 712 558";"A01";"2";"7";"0";"2";"1";"2";"1";""
"202400039279";"155 712 559";"B01";"2";"7";"0";"1";"4";"2";"1";""
"202400039280";"155 712 557";"B01";"3";"7";"0";"2";"3";"16";"1";""
"202400039280";"155 712 560";"A01";"1";"7";"0";"2";"2";"26";"1";""
"202400039281";"155 712 556";"A01";"3";"10";"0";"1";"3";"1";"1";""
"202400039282";"155 712 555";"A01";"1";"7";"13";"0";"1";"1";"1";""
"202400039283";"155 712 552";"A01";"1";"10";"1";"0";"2";"1";"1";""
"202400039283";"155 712 554";"B01";"3";"7";"1";"0";"6";"24";"1";""
"202400039284";"155 712 551";"A01";"1";"31";"0";"0";"0";"26";"1";""
"202400039285";"155 712 550";"B01";"2";"7";"0";"2";"8";"15";"2";""
"202400039285";"155 712 553";"A01";"2";"2";"0";"2";"2";"17";"3";""
"202400039286";"155 712 548";"A01";"2";"7";"13";"0";"1";"1";"1";""
"202400039287";"155 712 547";"B01";"2";"10";"0";"2";"7";"15";"1";""
"202400039287";"155 712 549";"A01";"1";"7";"0";"2";"1";"1";"1";""
"202400039288";"155 712 544";"A01";"3";"7";"0";"2";"1";"26";"0";""
"202400039288";"155 712 546";"B01";"3";"1";"0";"2";"1";"26";"5";""
"202400039289";"155 712 543";"A01";"1";"50";"0";"0";"0";"0";"3";""
"202400039290";"155 712 542";"B01";"1";"2";"0";"2";"1";"0";"1";""
"202400039290";"155 712 545";"A01";"1";"7";"0";"0";"5";"0";"1";""
"202400039291";"155 712 540";"A01";"2";"10";"0";"2";"5";"15";"1";""
"202400039291";"155 712 541";"B01";"2";"34";"0";"2";"3";"1";"0";""
"202400039292";"155 712 535";"B01";"1";"1";"0";"2";"1";"1";"5";""
"202400039292";"155 712 538";"A01";"2";"7";"0";"2";"3";"1";"1";""
"202400039293";"155 712 534";"A01";"1";"7";"0";"2";"1";"2";"1";""
"202400039293";"155 712 537";"B01";"1";"7";"0";"2";"4";"2";"1";""
"202400039293";"155 712 539";"C01";"1";"7";"0";"2";"1";"2";"3";""
"202400039294";"155 712 532";"A01";"1";"7";"0";"2";"3";"1";"1";""
"202400039294";"155 712 536";"B01";"1";"7";"0";"2";"2";"1";"1";""
"202400039295";"155 712 533";"A01";"1";"10";"0";"1";"1";"15";"1";""
"202400039296";"155 712 528";"B01";"1";"7";"0";"2";"6";"1";"1";""
"202400039296";"155 712 530";"A01";"1";"10";"0";"2";"1";"9";"1";""
"202400039297";"155 712 526";"B01";"1";"7";"0";"2";"2";"15";"1";""
"202400039297";"155 712 531";"A01";"1";"2";"0";"2";"1";"1";"1";""
"202400039298";"155 712 527";"A01";"1";"33";"0";"2";"1";"1";"1";""
"202400039298";"155 712 529";"B01";"2";"7";"0";"2";"2";"15";"1";""
"202400039299";"155 712 524";"A01";"1";"30";"0";"2";"8";"16";"1";""
"202400039299";"155 712 525";"B01";"1";"7";"0";"2";"2";"16";"2";""
"202400039300";"155 712 523";"A01";"2";"33";"16";"0";"8";"0";"1";""
"202400039301";"155 712 518";"A01";"3";"3";"0";"2";"4";"23";"1";""
"202400039301";"155 712 520";"B01";"1";"10";"0";"2";"1";"2";"1";""
"202400039302";"155 712 515";"A01";"2";"7";"0";"2";"1";"1";"3";""
"202400039302";"155 712 521";"B01";"1";"7";"0";"2";"1";"1";"1";""
"202400039303";"155 712 516";"A01";"1";"7";"0";"2";"1";"7";"1";""
"202400039303";"155 712 522";"B01";"2";"7";"0";"2";"2";"16";"1";""
"202400039304";"155 712 510";"B01";"2";"50";"0";"2";"7";"0";"3";""
"202400039304";"155 712 513";"A01";"1";"7";"0";"2";"1";"2";"1";""
"202400039305";"155 712 511";"A01";"3";"2";"12";"0";"1";"1";"1";""
"202400039306";"155 712 509";"A01";"3";"7";"0";"1";"1";"1";"1";""
"202400039307";"155 712 512";"D01";"2";"7";"0";"2";"4";"2";"1";""
"202400039307";"155 712 514";"C01";"2";"7";"0";"2";"6";"23";"1";""
"202400039307";"155 712 517";"A01";"2";"7";"0";"2";"1";"2";"1";""
"202400039307";"155 712 519";"B01";"2";"7";"0";"2";"8";"1";"1";""
"202400039308";"155 712 506";"A01";"1";"7";"0";"2";"1";"1";"1";""
"202400039308";"155 712 508";"B01";"1";"7";"0";"2";"4";"0";"1";""
"202400039309";"155 712 503";"A01";"1";"99";"0";"2";"3";"26";"1";""
"202400039309";"155 712 507";"B01";"1";"7";"0";"2";"7";"1";"1";""
"202400039310";"155 712 502";"A01";"1";"7";"0";"2";"1";"5";"1";""
"202400039310";"155 712 504";"B01";"1";"7";"0";"2";"5";"1";"1";""
"202400039310";"155 712 505";"C01";"1";"7";"0";"2";"1";"1";"1";""
"202400039311";"155 712 495";"A01";"2";"7";"0";"2";"2";"1";"1";""
"202400039311";"155 712 500";"B01";"2";"7";"0";"2";"6";"11";"1";""
"202400039312";"155 712 497";"A01";"2";"34";"0";"2";"1";"1";"1";""
"202400039312";"155 712 499";"B01";"2";"7";"0";"2";"4";"1";"1";""
"202400039313";"155 712 496";"A01";"2";"30";"0";"0";"7";"16";"1";""
"202400039314";"155 712 494";"B01";"1";"7";"0";"2";"9";"1";"1";""
"202400039314";"155 712 498";"A01";"1";"7";"0";"2";"1";"21";"1";""
"202400039314";"155 712 501";"C01";"1";"7";"0";"2";"4";"23";"2";""
"202400039315";"155 712 492";"A01";"2";"7";"1";"0";"1";"14";"1";""
"202400039316";"155 712 491";"B01";"2";"43";"0";"2";"8";"21";"1";""
"202400039316";"155 712 493";"A01";"1";"1";"0";"2";"1";"10";"5";""
"202400039317";"155 712 490";"A01";"1";"7";"7";"0";"1";"0";"1";""
"202400039318";"155 712 489";"A01";"2";"7";"0";"0";"9";"0";"1";""
"202400039319";"155 712 487";"A01";"1";"7";"1";"0";"6";"0";"1";""
"202400039319";"155 712 488";"B01";"3";"7";"0";"2";"2";"2";"1";""
"202400039320";"155 712 485";"A01";"1";"7";"13";"0";"2";"14";"1";""
"202400039321";"155 712 477";"A01";"1";"33";"8";"0";"1";"1";"1";""
"202400039322";"155 712 476";"B01";"0";"33";"0";"2";"2";"1";"1";""
"202400039322";"155 712 482";"A01";"0";"7";"0";"2";"3";"16";"1";""
"202400039323";"155 712 473";"A01";"1";"7";"0";"2";"1";"1";"0";""
"202400039323";"155 712 475";"C01";"1";"7";"0";"2";"4";"2";"2";""
"202400039323";"155 712 478";"D01";"1";"7";"0";"2";"4";"2";"1";""
"202400039323";"155 712 480";"E01";"1";"7";"0";"2";"4";"2";"1";""
"202400039323";"155 712 483";"G01";"1";"7";"0";"2";"4";"2";"1";""
"202400039323";"155 712 484";"B01";"1";"7";"0";"2";"4";"1";"1";""
"202400039323";"155 712 486";"F01";"1";"7";"0";"2";"4";"1";"1";""
"202400039324";"155 712 470";"B01";"1";"7";"0";"2";"3";"1";"1";""
"202400039324";"155 712 474";"A01";"2";"10";"0";"2";"3";"1";"1";""
"202400039325";"155 712 469";"A01";"0";"7";"0";"2";"2";"15";"1";""
"202400039325";"155 712 472";"B01";"0";"7";"0";"2";"5";"2";"1";""
"202400039326";"155 712 467";"Z01";"2";"7";"0";"2";"1";"0";"1";""
"202400039326";"155 712 468";"A01";"2";"7";"4";"2";"6";"12";"2";""
"202400039327";"155 712 471";"A01";"1";"7";"0";"2";"3";"1";"1";""
"202400039327";"155 712 479";"C01";"1";"33";"0";"2";"1";"1";"1";""
"202400039327";"155 712 481";"B01";"1";"33";"0";"2";"1";"2";"1";""
"202400039328";"155 712 463";"A01";"3";"50";"0";"1";"0";"1";"3";""
"202400039329";"155 712 464";"A01";"0";"7";"0";"2";"1";"1";"1";""
"202400039329";"155 712 465";"B01";"0";"7";"0";"2";"4";"16";"1";""
"202400039330";"155 712 462";"B01";"2";"7";"7";"2";"1";"19";"1";""
"202400039330";"155 712 466";"A01";"2";"7";"0";"0";"8";"1";"1";""
"202400039331";"155 712 459";"A01";"2";"7";"0";"2";"4";"1";"1";""
"202400039331";"155 712 461";"B01";"2";"10";"0";"2";"1";"1";"1";""
"202400039332";"155 712 456";"A01";"1";"7";"0";"0";"4";"2";"1";""
"202400039332";"155 712 458";"B01";"1";"7";"0";"2";"1";"2";"1";""
"202400039333";"155 712 453";"A01";"3";"7";"0";"2";"3";"9";"1";""
"202400039333";"155 712 454";"B01";"2";"1";"0";"2";"1";"1";"0";""
"202400039334";"155 712 449";"A01";"1";"7";"0";"2";"4";"4";"1";""
"202400039334";"155 712 450";"C01";"1";"7";"0";"2";"4";"0";"1";""
"202400039334";"155 712 452";"B01";"1";"31";"1";"2";"1";"1";"1";""
"202400039335";"155 712 448";"A01";"1";"30";"0";"2";"1";"17";"0";""
"202400039335";"155 712 451";"B01";"2";"7";"0";"2";"1";"1";"1";""
"202400039336";"155 712 445";"A01";"1";"7";"0";"2";"3";"15";"1";""
"202400039336";"155 712 447";"B01";"1";"32";"0";"2";"1";"1";"1";""
"202400039337";"155 712 446";"A01";"1";"7";"5";"0";"1";"1";"1";""
"202400039338";"155 712 443";"A01";"1";"7";"12";"0";"0";"17";"1";""
"202400039339";"155 712 442";"A01";"1";"7";"0";"2";"1";"15";"1";""
"202400039339";"155 712 444";"B01";"2";"7";"0";"2";"3";"1";"1";""
"202400039340";"155 712 440";"A01";"3";"7";"0";"2";"3";"13";"2";""
"202400039340";"155 712 441";"B01";"3";"7";"0";"2";"3";"1";"1";""
"202400039341";"155 712 437";"A01";"2";"7";"0";"1";"2";"1";"1";""
"202400039342";"155 712 435";"A01";"1";"7";"0";"2";"5";"1";"1";""
"202400039342";"155 712 439";"B01";"1";"1";"0";"2";"5";"1";"5";""
"202400039343";"155 712 434";"A01";"2";"34";"0";"2";"1";"1";"1";""
"202400039343";"155 712 436";"B01";"2";"10";"0";"0";"8";"1";"1";""
"202400039344";"155 712 433";"A01";"2";"33";"0";"0";"0";"26";"1";""
"202400039345";"155 712 432";"A01";"3";"7";"0";"2";"3";"1";"1";""
"202400039345";"155 712 438";"B01";"2";"7";"0";"2";"2";"1";"1";""
"202400039346";"155 712 431";"A01";"1";"37";"0";"1";"5";"9";"6";"1"
"202400039347";"155 712 429";"A01";"1";"7";"1";"1";"2";"20";"1";""
"202400039348";"155 712 428";"A01";"1";"7";"0";"2";"5";"19";"1";""
"202400039348";"155 712 430";"B01";"2";"2";"0";"2";"1";"1";"1";""
"202400039349";"155 712 425";"B01";"1";"33";"0";"2";"1";"1";"1";""
"202400039349";"155 712 427";"A01";"1";"7";"0";"2";"2";"1";"1";""
"202400039350";"155 712 423";"A01";"1";"7";"0";"2";"1";"19";"1";""
"202400039350";"155 712 426";"B01";"2";"7";"0";"2";"8";"1";"1";""
"202400039351";"155 712 422";"B01";"1";"43";"0";"2";"1";"1";"1";""
"202400039351";"155 712 424";"A01";"1";"7";"0";"2";"3";"9";"3";""
"202400039352";"155 712 418";"A01";"1";"33";"0";"2";"8";"13";"1";""
"202400039352";"155 712 420";"B01";"2";"7";"0";"2";"6";"1";"1";""
"202400039353";"155 712 417";"B01";"2";"7";"0";"0";"4";"1";"1";""
"202400039353";"155 712 421";"A01";"2";"7";"0";"2";"1";"1";"1";""
"202400039354";"155 712 415";"B01";"2";"2";"0";"2";"8";"1";"1";""
"202400039354";"155 712 416";"A01";"2";"7";"0";"2";"2";"1";"1";""
"202400039355";"155 712 414";"A01";"0";"32";"9";"0";"1";"0";"1";""
"202400039356";"155 712 411";"B01";"2";"10";"0";"2";"7";"15";"1";""
"202400039356";"155 712 412";"A01";"1";"1";"0";"2";"1";"9";"5";""
"202400039357";"155 712 409";"A01";"1";"7";"0";"1";"3";"1";"1";""
"202400039358";"155 712 410";"B01";"2";"1";"0";"2";"8";"19";"5";""
"202400039358";"155 712 413";"A01";"2";"7";"0";"2";"1";"1";"1";""
"202400039359";"155 712 403";"A01";"1";"7";"0";"2";"2";"20";"1";""
"202400039359";"155 712 407";"B01";"2";"7";"0";"2";"0";"1";"1";""
"202400039360";"155 712 401";"A01";"3";"7";"0";"2";"8";"10";"0";""
"202400039360";"155 712 404";"B01";"0";"33";"0";"2";"1";"1";"1";""
"202400039361";"155 712 402";"A01";"1";"7";"0";"2";"7";"15";"1";""
"202400039361";"155 712 408";"B01";"2";"33";"0";"2";"1";"1";"0";""
"202400039362";"155 712 399";"A01";"1";"7";"2";"0";"2";"14";"1";""
"202400039363";"155 712 400";"A01";"3";"7";"0";"1";"1";"1";"1";""
"202400039364";"155 712 398";"A01";"3";"33";"0";"0";"3";"1";"1";""
"202400039365";"155 712 396";"A01";"1";"7";"0";"2";"3";"15";"1";""
"202400039365";"155 712 397";"B01";"1";"2";"7";"2";"1";"0";"1";""
"202400039366";"155 712 390";"A01";"2";"34";"0";"2";"0";"1";"1";""
"202400039366";"155 712 393";"B01";"1";"7";"0";"2";"8";"1";"1";""
"202400039367";"155 712 391";"B01";"1";"32";"0";"2";"2";"21";"1";""
"202400039367";"155 712 395";"A01";"1";"7";"0";"2";"0";"9";"3";""
"202400039368";"155 712 392";"B01";"0";"33";"0";"2";"1";"21";"1";""
"202400039368";"155 712 394";"Z01";"1";"13";"0";"2";"1";"0";"1";""
"202400039369";"155 712 387";"A01";"2";"33";"0";"0";"0";"1";"1";""
"202400039370";"155 712 388";"A01";"1";"7";"0";"2";"1";"13";"1";""
"202400039370";"155 712 389";"B01";"2";"33";"0";"2";"1";"1";"1";""
"202400039371";"155 712 386";"A01";"3";"7";"0";"1";"1";"16";"1";""
"202400039372";"155 712 385";"A01";"1";"3";"0";"1";"1";"15";"3";""
"202400039373";"155 712 383";"A01";"2";"7";"1";"0";"1";"26";"1";""
"202400039374";"155 712 382";"B01";"2";"33";"0";"2";"1";"1";"1";""
"202400039374";"155 712 384";"A01";"1";"7";"0";"2";"5";"19";"1";""
"202400039375";"155 712 381";"A01";"1";"33";"0";"0";"5";"1";"1";""
"202400039376";"155 712 378";"B01";"2";"2";"0";"2";"5";"1";"1";""
"202400039376";"155 712 380";"A01";"2";"7";"0";"2";"3";"15";"1";""
"202400039377";"155 712 375";"A01";"0";"7";"0";"1";"1";"1";"1";""
"202400039378";"155 712 376";"A01";"1";"7";"0";"2";"2";"15";"1";""
"202400039378";"155 712 379";"B01";"2";"2";"0";"2";"1";"1";"1";""
"202400039379";"155 712 374";"A01";"1";"7";"0";"2";"1";"13";"3";""
"202400039379";"155 712 377";"B01";"2";"7";"0";"2";"1";"21";"1";""
"202400039380";"155 712 373";"A01";"3";"50";"11";"0";"1";"26";"3";""
"202400039381";"155 712 370";"A01";"1";"33";"11";"0";"0";"13";"1";""
"202400039382";"155 712 371";"A01";"2";"7";"0";"0";"7";"1";"1";""
"202400039383";"155 712 368";"A01";"2";"7";"13";"0";"1";"14";"1";""
"202400039384";"155 712 369";"B01";"2";"33";"0";"2";"4";"23";"1";""
"202400039384";"155 712 372";"A01";"2";"33";"0";"2";"1";"2";"1";""
"202400039385";"155 712 367";"A01";"1";"33";"3";"0";"7";"1";"1";""
"202400039386";"155 712 365";"A01";"0";"7";"0";"1";"1";"1";"1";""
"202400039387";"155 712 363";"A01";"3";"2";"0";"2";"1";"18";"1";""
"202400039387";"155 712 366";"B01";"3";"10";"12";"2";"2";"20";"1";""
"202400039388";"155 712 361";"A01";"1";"33";"0";"2";"3";"1";"1";""
"202400039388";"155 712 362";"B01";"2";"7";"0";"2";"8";"15";"1";""
"202400039389";"155 712 360";"A01";"3";"7";"0";"2";"8";"1";"1";""
"202400039389";"155 712 364";"B01";"3";"36";"0";"2";"1";"16";"1";""
"202400039390";"155 712 358";"A01";"2";"33";"0";"6";"0";"0";"1";""
"202400039391";"155 712 357";"A01";"0";"7";"0";"2";"7";"0";"1";""
"202400039391";"155 712 359";"B01";"0";"2";"0";"2";"7";"0";"1";""
"202400039392";"155 712 354";"B01";"3";"7";"0";"2";"2";"19";"1";""
"202400039392";"155 712 356";"A01";"3";"7";"0";"2";"3";"19";"1";""
"202400039393";"155 712 352";"B01";"2";"7";"0";"2";"8";"21";"1";""
"202400039393";"155 712 355";"A01";"2";"2";"0";"2";"8";"15";"1";""
"202400039394";"155 712 353";"A01";"0";"39";"0";"1";"1";"1";"3";""
"202400039395";"155 712 348";"A01";"3";"7";"0";"2";"3";"1";"1";""
"202400039395";"155 712 351";"B01";"3";"2";"6";"2";"3";"1";"1";""
"202400039396";"155 712 347";"A01";"1";"7";"0";"2";"8";"1";"1";""
"202400039396";"155 712 350";"B01";"2";"7";"0";"2";"1";"0";"1";""
"202400039397";"155 712 346";"A01";"3";"7";"0";"9";"1";"9";"1";""
"202400039397";"155 712 349";"B01";"2";"80";"0";"2";"7";"1";"3";""
"202400039398";"155 712 345";"A01";"3";"10";"16";"0";"7";"22";"1";""
"202400039399";"155 712 343";"A01";"1";"33";"0";"6";"1";"21";"1";""
"202400039400";"155 712 340";"A01";"1";"7";"0";"2";"1";"1";"1";""
"202400039400";"155 712 342";"B01";"2";"7";"0";"2";"8";"1";"1";""
"202400039401";"155 712 341";"B01";"3";"7";"0";"2";"1";"15";"1";""
"202400039401";"155 712 344";"A01";"3";"7";"0";"2";"3";"1";"1";""
"202400039402";"155 712 338";"B01";"2";"7";"0";"0";"0";"0";"0";""
"202400039402";"155 712 339";"A01";"2";"31";"0";"2";"8";"1";"1";""
"202400039403";"155 712 336";"A01";"1";"31";"0";"2";"2";"17";"1";""
"202400039403";"155 712 337";"B01";"1";"7";"0";"2";"6";"9";"1";""
"202400039404";"155 712 335";"A01";"1";"33";"6";"0";"1";"14";"1";""
"202400039405";"155 712 334";"A01";"1";"7";"0";"1";"1";"1";"2";""
"202400039406";"155 712 330";"A01";"1";"7";"0";"2";"3";"15";"1";""
"202400039406";"155 712 333";"B01";"2";"33";"0";"2";"3";"1";"1";""
"202400039407";"155 712 329";"A01";"2";"37";"0";"2";"3";"15";"1";"1"
"202400039407";"155 712 332";"B01";"2";"2";"0";"2";"1";"17";"1";""
"202400039408";"155 712 328";"A01";"1";"7";"0";"2";"8";"26";"1";""
"202400039408";"155 712 331";"B01";"1";"7";"3";"2";"2";"1";"1";""
"202400039409";"155 712 323";"A01";"1";"10";"0";"2";"6";"2";"1";""
"202400039409";"155 712 326";"B01";"1";"33";"0";"2";"1";"2";"1";""
"202400039409";"155 712 327";"C01";"1";"7";"0";"2";"3";"1";"1";""
"202400039410";"155 712 322";"A01";"1";"7";"0";"2";"1";"13";"0";""
"202400039410";"155 712 325";"B01";"2";"7";"0";"2";"1";"1";"1";""
"202400039411";"155 712 321";"B01";"1";"7";"0";"2";"3";"1";"1";""
"202400039411";"155 712 324";"A01";"1";"7";"0";"2";"1";"11";"1";""
"202400039412";"155 712 318";"A01";"1";"7";"0";"1";"2";"10";"0";""
"202400039413";"155 712 315";"A01";"1";"7";"0";"2";"8";"10";"1";""
"202400039413";"155 712 316";"B01";"2";"33";"0";"2";"3";"1";"1";""
"202400039414";"155 712 314";"A01";"1";"7";"0";"2";"7";"1";"1";""
"202400039414";"155 712 317";"B01";"1";"7";"0";"2";"1";"1";"1";""
"202400039415";"155 712 310";"A01";"1";"33";"0";"2";"3";"13";"1";""
"202400039415";"155 712 313";"B01";"2";"7";"0";"2";"3";"1";"1";""
"202400039416";"155 712 309";"B01";"2";"1";"0";"2";"1";"2";"5";""
"202400039416";"155 712 311";"A01";"1";"10";"0";"2";"3";"9";"1";""
"202400039417";"155 712 308";"A01";"3";"7";"0";"1";"3";"1";"1";""
"202400039418";"155 712 307";"A01";"1";"0";"0";"1";"2";"0";"0";""
"202400039419";"155 712 305";"A01";"3";"7";"0";"2";"8";"13";"1";""
"202400039419";"155 712 306";"B01";"3";"34";"0";"2";"7";"1";"1";""
"202400039420";"155 712 302";"A01";"0";"7";"0";"0";"4";"20";"0";""
"202400039420";"155 712 304";"B01";"0";"7";"0";"0";"3";"26";"1";""
"202400039421";"155 712 301";"A01";"3";"7";"0";"2";"1";"1";"1";""
"202400039421";"155 712 303";"B01";"3";"7";"0";"0";"4";"1";"1";""
"202400039422";"155 712 297";"A01";"2";"7";"0";"2";"3";"13";"1";""
"202400039422";"155 712 299";"B01";"1";"33";"7";"2";"3";"1";"1";""
"202400039423";"155 712 298";"A01";"2";"7";"0";"2";"1";"1";"1";""
"202400039423";"155 712 300";"B01";"2";"7";"15";"2";"8";"1";"1";""
"202400039424";"155 712 295";"A01";"3";"7";"0";"2";"3";"16";"1";""
"202400039424";"155 712 296";"B01";"3";"30";"0";"2";"1";"2";"1";""
"202400039425";"155 712 292";"A01";"2";"7";"0";"2";"3";"16";"1";""
"202400039425";"155 712 294";"B01";"2";"2";"0";"2";"2";"1";"1";""
"202400039426";"155 712 291";"A01";"1";"7";"0";"2";"1";"17";"1";""
"202400039426";"155 712 293";"B01";"1";"7";"0";"2";"1";"1";"1";""
"202400039427";"155 712 288";"A01";"1";"33";"0";"0";"0";"1";"1";""
"202400039428";"155 712 289";"A01";"1";"7";"0";"9";"0";"0";"1";""
"202400039428";"155 712 290";"B01";"1";"1";"0";"2";"1";"1";"5";""
"202400039429";"155 712 286";"B01";"3";"10";"0";"2";"1";"1";"1";""
"202400039429";"155 712 287";"A01";"3";"7";"2";"2";"3";"9";"1";""
"202400039430";"155 712 283";"C01";"2";"33";"0";"2";"8";"17";"1";""
"202400039430";"155 712 284";"A01";"1";"7";"0";"2";"3";"1";"1";""
"202400039430";"155 712 285";"B01";"2";"10";"0";"2";"2";"21";"1";""
"202400039431";"155 712 282";"A01";"0";"33";"8";"0";"1";"13";"1";""
"202400039432";"155 712 279";"A01";"3";"7";"0";"2";"3";"15";"1";""
"202400039432";"155 712 281";"B01";"3";"33";"0";"2";"8";"1";"1";""
"202400039433";"155 712 278";"A01";"1";"7";"0";"2";"1";"1";"1";""
"202400039433";"155 712 280";"B01";"1";"10";"0";"2";"7";"1";"1";""
"202400039434";"155 712 276";"A01";"2";"7";"0";"2";"2";"15";"2";""
"202400039434";"155 712 277";"B01";"1";"80";"0";"2";"2";"1";"3";""
"202400039435";"155 712 275";"A01";"3";"7";"0";"1";"1";"1";"1";""
"202400039436";"155 712 271";"A01";"1";"7";"13";"0";"9";"26";"1";""
"202400039437";"155 712 270";"B01";"3";"30";"0";"2";"0";"0";"3";""
"202400039437";"155 712 272";"A01";"3";"30";"0";"2";"3";"1";"1";""
"202400039438";"155 712 269";"A01";"1";"33";"6";"0";"7";"15";"1";""
"202400039439";"155 712 265";"A01";"1";"1";"0";"2";"0";"21";"5";""
"202400039439";"155 712 268";"B01";"1";"33";"0";"2";"8";"1";"1";""
"202400039440";"155 712 266";"A01";"2";"10";"0";"1";"3";"2";"1";""
"202400039441";"155 712 263";"B01";"2";"7";"0";"0";"0";"0";"1";""
"202400039441";"155 712 264";"C01";"2";"31";"0";"2";"1";"2";"1";""
"202400039441";"155 712 267";"A01";"1";"7";"0";"2";"1";"1";"0";""
"202400039442";"155 712 261";"B01";"3";"7";"0";"2";"1";"1";"1";""
"202400039442";"155 712 262";"A01";"3";"7";"0";"2";"1";"13";"1";""
"202400039443";"155 712 260";"A01";"1";"7";"0";"1";"1";"1";"1";""
"202400039444";"155 712 258";"A01";"2";"7";"4";"0";"0";"0";"1";""
"202400039445";"155 712 256";"A01";"1";"7";"0";"2";"3";"13";"1";""
"202400039445";"155 712 259";"B01";"1";"7";"4";"2";"7";"1";"1";""
"202400039446";"155 712 255";"A01";"1";"43";"0";"2";"2";"17";"1";""
"202400039446";"155 712 257";"B01";"1";"7";"0";"2";"3";"15";"1";""
"202400039447";"155 712 253";"A01";"1";"7";"0";"2";"3";"11";"1";""
"202400039447";"155 712 254";"B01";"1";"33";"0";"2";"2";"1";"1";""
"202400039448";"155 712 251";"A01";"2";"7";"16";"2";"6";"0";"1";""
"202400039448";"155 712 252";"B01";"2";"7";"0";"2";"1";"21";"1";""
"202400039449";"155 712 249";"B01";"3";"34";"0";"2";"1";"21";"1";""
"202400039449";"155 712 250";"A01";"3";"7";"0";"2";"5";"15";"1";""
"202400039450";"155 712 247";"A01";"3";"7";"0";"2";"0";"9";"1";""
"202400039450";"155 712 248";"B01";"1";"34";"0";"2";"8";"0";"1";""
"202400039451";"155 712 246";"A01";"2";"10";"0";"0";"0";"13";"1";""
"202400039452";"155 712 245";"A01";"3";"7";"0";"1";"1";"1";"1";""
"202400039453";"155 712 241";"B01";"2";"43";"0";"2";"3";"26";"1";""
"202400039453";"155 712 244";"A01";"3";"34";"0";"2";"1";"9";"1";""
"202400039454";"155 712 242";"A01";"1";"7";"2";"0";"8";"16";"1";""
"202400039455";"155 712 243";"A01";"2";"10";"0";"0";"0";"13";"1";""
"202400039456";"155 712 236";"A01";"1";"7";"0";"2";"1";"0";"0";""
"202400039456";"155 712 238";"B01";"1";"7";"6";"0";"5";"2";"0";""
"202400039457";"155 712 239";"A01";"3";"7";"2";"0";"1";"13";"1";""
"202400039458";"155 712 235";"A01";"1";"1";"0";"0";"8";"1";"5";""
"202400039459";"155 712 232";"A01";"0";"7";"0";"2";"1";"13";"1";""
"202400039459";"155 712 234";"B01";"0";"7";"0";"2";"1";"1";"1";""
"202400039460";"155 712 233";"A01";"1";"7";"6";"0";"1";"0";"1";""
"202400039461";"155 712 229";"B01";"3";"50";"0";"2";"2";"5";"3";""
"202400039461";"155 712 231";"A01";"3";"7";"0";"2";"3";"26";"1";""
"202400039462";"155 712 226";"A01";"3";"7";"0";"2";"1";"1";"1";""
"202400039462";"155 712 227";"B01";"3";"10";"0";"2";"4";"23";"1";""
"202400039462";"155 712 230";"C01";"3";"7";"0";"2";"4";"23";"1";""
"202400039463";"155 712 225";"A01";"2";"7";"0";"2";"1";"17";"1";""
"202400039463";"155 712 228";"B01";"2";"7";"0";"2";"1";"2";"1";""
"202400039464";"155 712 222";"B01";"1";"10";"0";"2";"3";"15";"1";""
"202400039464";"155 712 223";"A01";"1";"32";"0";"2";"1";"17";"1";""
"202400039465";"155 712 221";"B01";"0";"7";"0";"2";"8";"9";"2";""
"202400039465";"155 712 224";"A01";"0";"33";"0";"2";"7";"9";"1";""
"202400039466";"155 712 218";"A01";"2";"10";"0";"9";"3";"9";"1";""
"202400039466";"155 712 220";"B01";"2";"1";"0";"2";"2";"19";"5";""
"202400039467";"155 712 217";"A01";"3";"2";"0";"2";"1";"2";"1";""
"202400039467";"155 712 219";"B01";"3";"7";"0";"2";"6";"16";"1";""
"202400039468";"155 712 216";"A01";"3";"7";"15";"0";"1";"0";"1";""