"Num_Acc";"id_vehicule";"num_veh";"senc";"catv";"obs";"obsm";"choc";"manv";"motor";"occutc"
"202400039469";"155 712 215";"A01";"3";"7";"15";"0";"1";"1";"1";""
"202400039470";"155 712 210";"B01";"0";"7";"0";"2";"3";"1";"1";""
"202400039470";"155 712 214";"A01";"3";"31";"0";"2";"3";"1";"1";""
"202400039471";"155 712 209";"A01";"2";"7";"0";"1";"1";"1";"1";""
"202400039472";"155 712 208";"B01";"2";"7";"0";"2";"1";"1";"1";""
"202400039472";"155 712 211";"A01";"1";"21";"0";"2";"3";"19";"1";""
"202400039473";"155 712 205";"B01";"0";"34";"0";"2";"5";"2";"1";""
"202400039473";"155 712 207";"A01";"0";"7";"0";"2";"3";"9";"1";""
"202400039474";"155 712 204";"B01";"1";"1";"0";"2";"3";"1";"5";""
"202400039474";"155 712 206";"Z01";"1";"7";"0";"9";"2";"17";"0";""
"202400039475";"155 712 202";"A01";"3";"7";"0";"1";"3";"16";"1";""
"202400039476";"155 712 201";"A01";"2";"33";"0";"2";"2";"1";"1";""
"202400039476";"155 712 203";"C01";"1";"7";"0";"2";"8";"1";"1";""
"202400039476";"155 712 212";"B01";"1";"7";"0";"2";"6";"1";"2";""
"202400039476";"155 712 213";"D01";"1";"7";"0";"2";"3";"1";"3";""
"202400039477";"155 712 198";"A01";"3";"7";"13";"0";"2";"0";"1";""
"202400039478";"155 712 197";"A01";"1";"31";"0";"2";"3";"13";"1";""
"202400039478";"155 712 200";"B01";"1";"10";"0";"2";"2";"1";"1";""
"202400039479";"155 712 199";"A01";"2";"7";"3";"0";"9";"14";"2";""
"202400039480";"155 712 196";"A01";"2";"7";"8";"0";"9";"1";"1";""
"202400039481";"155 712 192";"A01";"0";"7";"15";"2";"2";"15";"1";""
"202400039481";"155 712 195";"B01";"0";"7";"0";"2";"1";"1";"1";""
"202400039482";"155 712 193";"A01";"2";"7";"3";"0";"3";"1";"1";""
"202400039483";"155 712 190";"Z01";"2";"7";"0";"2";"1";"1";"1";""
"202400039483";"155 712 194";"A01";"2";"7";"0";"2";"4";"1";"1";""
"202400039484";"155 712 191";"A01";"3";"7";"2";"0";"1";"2";"1";""
"202400039485";"155 712 186";"A01";"1";"7";"0";"9";"2";"16";"3";""
"202400039485";"155 712 187";"B01";"0";"1";"0";"2";"2";"19";"5";""
"202400039486";"155 712 185";"B01";"1";"7";"0";"2";"2";"1";"1";""
"202400039486";"155 712 189";"A01";"2";"7";"0";"2";"1";"1";"1";""
"202400039487";"155 712 183";"B01";"1";"7";"0";"2";"8";"1";"1";""
"202400039487";"155 712 188";"A01";"2";"2";"0";"2";"1";"19";"1";""
"202400039488";"155 712 181";"A01";"2";"37";"0";"2";"3";"1";"1";"1"
"202400039488";"155 712 182";"Z01";"2";"7";"0";"2";"2";"17";"0";""
"202400039489";"155 712 180";"A01";"1";"7";"0";"1";"7";"1";"1";""
"202400039490";"155 712 177";"A01";"1";"7";"0";"1";"3";"15";"1";""
"202400039491";"155 712 178";"A01";"2";"33";"0";"2";"1";"17";"1";""
"202400039491";"155 712 184";"B01";"1";"7";"0";"2";"3";"1";"1";""
"202400039492";"155 712 176";"A01";"3";"7";"0";"1";"1";"2";"1";""
"202400039493";"155 712 175";"A01";"2";"80";"0";"1";"1";"1";"3";""
"202400039494";"155 712 173";"A01";"2";"7";"6";"0";"1";"13";"1";""
"202400039495";"155 712 174";"A01";"2";"33";"2";"0";"2";"1";"1";""
"202400039496";"155 712 172";"B01";"1";"7";"0";"2";"1";"1";"1";""
"202400039496";"155 712 179";"A01";"2";"10";"0";"2";"2";"0";"1";""
"202400039497";"155 712 171";"A01";"3";"1";"0";"1";"1";"1";"5";""
"202400039498";"155 712 167";"B01";"2";"50";"9";"0";"1";"16";"3";""
"202400039498";"155 712 170";"A01";"1";"7";"9";"0";"5";"16";"1";""
"202400039499";"155 712 166";"A01";"1";"50";"0";"2";"0";"15";"3";""
"202400039499";"155 712 168";"B01";"1";"7";"0";"2";"1";"1";"1";""
"202400039500";"155 712 165";"B01";"1";"7";"0";"2";"3";"1";"1";""
"202400039500";"155 712 169";"A01";"2";"7";"0";"2";"6";"1";"1";""
"202400039501";"155 712 163";"A01";"3";"30";"0";"0";"7";"26";"1";""
"202400039502";"155 712 161";"A01";"3";"7";"6";"0";"2";"1";"1";""
"202400039503";"155 712 157";"A01";"1";"7";"0";"2";"1";"1";"1";""
"202400039503";"155 712 159";"B01";"1";"7";"0";"2";"4";"1";"1";""
"202400039504";"155 712 156";"A01";"1";"7";"13";"0";"1";"13";"1";""
"202400039505";"155 712 160";"A01";"1";"7";"0";"2";"4";"9";"1";""
"202400039505";"155 712 164";"B01";"1";"2";"0";"2";"1";"1";"1";""
"202400039506";"155 712 154";"A01";"1";"7";"0";"1";"1";"15";"2";""
"202400039507";"155 712 155";"A01";"2";"10";"0";"2";"1";"1";"3";""
"202400039507";"155 712 158";"B01";"2";"7";"0";"2";"4";"23";"1";""
"202400039507";"155 712 162";"C01";"2";"7";"0";"2";"1";"1";"2";""
"202400039508";"155 712 150";"A01";"1";"7";"0";"2";"7";"15";"1";""
"202400039508";"155 712 153";"B01";"2";"34";"0";"2";"2";"1";"1";""
"202400039509";"155 712 149";"A01";"1";"1";"0";"2";"1";"9";"5";""
"202400039509";"155 712 151";"B01";"1";"7";"0";"2";"4";"23";"2";""
"202400039510";"155 712 146";"A01";"1";"7";"0";"1";"1";"1";"1";""
"202400039511";"155 712 147";"B01";"2";"7";"0";"2";"7";"15";"1";""
"202400039511";"155 712 152";"A01";"1";"7";"0";"2";"1";"1";"1";""
"202400039512";"155 712 145";"A01";"1";"7";"0";"1";"3";"15";"1";""
"202400039513";"155 712 148";"A01";"2";"7";"0";"0";"1";"1";"1";""
"202400039514";"155 712 144";"A01";"1";"31";"0";"1";"1";"17";"3";""
"202400039515";"155 712 139";"A01";"2";"7";"0";"2";"2";"26";"1";""
"202400039515";"155 712 142";"B01";"1";"7";"3";"2";"1";"1";"1";""
"202400039516";"155 712 136";"A01";"1";"7";"0";"2";"2";"16";"2";""
"202400039516";"155 712 140";"B01";"1";"50";"0";"2";"1";"1";"3";""
"202400039517";"155 712 135";"A01";"2";"14";"0";"2";"1";"1";"1";""
"202400039517";"155 712 137";"B01";"1";"33";"0";"2";"7";"15";"1";""
"202400039518";"155 712 132";"A01";"1";"32";"12";"0";"2";"1";"1";""
"202400039519";"155 712 134";"A01";"1";"7";"8";"2";"1";"2";"1";""
"202400039519";"155 712 138";"B01";"1";"33";"0";"2";"8";"15";"1";""
"202400039520";"155 712 131";"A01";"2";"7";"2";"0";"7";"14";"1";""
"202400039521";"155 712 130";"A01";"1";"10";"0";"1";"3";"15";"1";""
"202400039522";"155 712 128";"A01";"1";"7";"0";"2";"7";"1";"2";""
"202400039522";"155 712 133";"B01";"1";"7";"0";"2";"1";"1";"1";""
"202400039523";"155 712 126";"A01";"2";"31";"0";"1";"3";"1";"1";""
"202400039524";"155 712 124";"A01";"1";"7";"0";"2";"4";"19";"1";""
"202400039524";"155 712 129";"B01";"1";"33";"0";"2";"1";"1";"1";""
"202400039525";"155 712 123";"A01";"1";"7";"0";"2";"5";"2";"1";""
"202400039525";"155 712 125";"Z01";"1";"7";"0";"2";"1";"1";"1";""
"202400039525";"155 712 127";"C01";"1";"33";"0";"2";"2";"2";"1";""
"202400039526";"155 712 122";"A01";"1";"7";"0";"1";"3";"15";"1";""
"202400039527";"155 712 120";"A01";"2";"7";"0";"2";"1";"2";"1";""
"202400039527";"155 712 121";"B01";"2";"7";"0";"9";"4";"2";"1";""
"202400039528";"155 712 119";"A01";"2";"33";"12";"9";"1";"6";"1";""
"202400039529";"155 712 118";"A01";"2";"30";"12";"0";"1";"2";"1";""
"202400039530";"155 712 115";"A01";"2";"10";"0";"2";"2";"15";"1";""
"202400039530";"155 712 117";"B01";"1";"31";"0";"2";"8";"1";"1";""
"202400039531";"155 712 112";"A01";"1";"7";"0";"2";"1";"26";"1";""
"202400039531";"155 712 113";"B01";"1";"7";"0";"2";"4";"2";"2";""
"202400039532";"155 712 106";"A01";"2";"7";"8";"0";"2";"14";"1";""
"202400039533";"155 712 107";"A01";"2";"7";"0";"2";"4";"2";"1";""
"202400039533";"155 712 110";"B01";"2";"7";"0";"2";"4";"2";"1";""
"202400039533";"155 712 114";"D01";"2";"7";"0";"2";"1";"2";"1";""
"202400039533";"155 712 116";"C01";"2";"7";"0";"2";"4";"2";"1";""
"202400039534";"155 712 104";"A01";"1";"7";"0";"2";"3";"11";"1";""
"202400039534";"155 712 108";"B01";"2";"33";"0";"2";"9";"17";"1";""
"202400039534";"155 712 111";"C01";"2";"7";"0";"2";"6";"17";"1";""
"202400039535";"155 712 101";"A01";"2";"7";"12";"0";"9";"2";"1";""
"202400039536";"155 712 100";"A01";"1";"7";"0";"2";"6";"1";"2";""
"202400039536";"155 712 102";"B01";"1";"7";"0";"2";"1";"1";"1";""
"202400039537";"155 712 098";"B01";"1";"7";"0";"2";"0";"0";"1";""
"202400039537";"155 712 103";"A01";"1";"7";"0";"2";"1";"1";"2";""
"202400039538";"155 712 096";"A01";"1";"7";"0";"2";"1";"0";"1";""
"202400039538";"155 712 097";"B01";"2";"7";"0";"2";"1";"0";"2";""
"202400039539";"155 712 099";"A01";"1";"33";"6";"0";"1";"26";"1";""
"202400039540";"155 712 094";"A01";"1";"7";"0";"1";"2";"0";"1";""
"202400039541";"155 712 093";"A01";"1";"37";"0";"0";"5";"17";"1";"1"
"202400039541";"155 712 095";"B01";"1";"1";"0";"2";"8";"13";"5";""
"202400039542";"155 712 091";"A01";"1";"33";"0";"6";"0";"1";"1";""
"202400039543";"155 712 087";"A01";"3";"31";"0";"0";"7";"1";"1";""
"202400039544";"155 712 086";"A01";"1";"7";"0";"2";"1";"1";"1";""
"202400039544";"155 712 089";"B01";"3";"7";"0";"2";"3";"19";"1";""
"202400039545";"155 712 081";"A01";"1";"33";"0";"2";"7";"15";"1";""
"202400039545";"155 712 085";"B01";"2";"7";"0";"2";"2";"1";"1";""
"202400039546";"155 712 078";"B01";"1";"3";"15";"0";"4";"2";"1";""
"202400039546";"155 712 084";"A01";"1";"14";"0";"2";"2";"2";"1";""
"202400039547";"155 712 080";"A01";"1";"14";"0";"2";"2";"1";"1";""
"202400039547";"155 712 082";"B01";"1";"1";"0";"2";"8";"2";"5";""
"202400039548";"155 712 074";"A01";"1";"2";"0";"0";"0";"17";"1";""
"202400039549";"155 712 075";"A01";"2";"50";"14";"0";"1";"1";"3";""
"202400039550";"155 712 072";"D01";"2";"10";"0";"2";"4";"2";"1";""
"202400039550";"155 712 076";"E01";"2";"10";"0";"2";"1";"2";"1";""
"202400039550";"155 712 077";"A01";"2";"10";"0";"2";"8";"1";"1";""
"202400039550";"155 712 079";"B01";"2";"7";"0";"2";"4";"2";"1";""
"202400039550";"155 712 083";"C01";"2";"7";"0";"2";"4";"0";"1";""
"202400039551";"155 712 068";"A01";"0";"7";"0";"2";"1";"1";"1";""
"202400039551";"155 712 070";"B01";"1";"30";"0";"2";"7";"15";"1";""
"202400039552";"155 712 066";"A01";"1";"33";"4";"0";"1";"1";"1";""
"202400039553";"155 712 067";"A01";"3";"33";"0";"2";"1";"2";"1";""
"202400039553";"155 712 069";"B01";"0";"33";"0";"0";"4";"1";"1";""
"202400039554";"155 712 062";"B01";"1";"7";"0";"2";"1";"1";"1";""
"202400039554";"155 712 064";"A01";"2";"34";"0";"2";"1";"17";"1";""
"202400039555";"155 712 063";"A01";"3";"10";"0";"2";"1";"1";"1";""
"202400039555";"155 712 065";"B01";"3";"10";"0";"0";"7";"1";"1";""
"202400039556";"155 712 060";"SA01";"3";"10";"0";"1";"6";"4";"1";""
"202400039557";"155 712 061";"A01";"1";"7";"16";"0";"0";"14";"1";""
"202400039558";"155 712 057";"B01";"1";"2";"0";"0";"0";"17";"1";""
"202400039559";"155 712 056";"A01";"1";"7";"0";"2";"7";"15";"1";""
"202400039559";"155 712 059";"B01";"2";"7";"0";"2";"1";"1";"1";""
"202400039560";"155 712 054";"A01";"1";"2";"1";"2";"2";"18";"1";""
"202400039560";"155 712 058";"B01";"1";"10";"0";"2";"3";"24";"3";""
"202400039561";"155 712 053";"A01";"2";"10";"0";"2";"1";"1";"1";""
"202400039561";"155 712 055";"B01";"2";"15";"0";"2";"6";"23";"1";""
"202400039562";"155 712 050";"A01";"0";"2";"0";"1";"7";"23";"1";""
"202400039563";"155 712 047";"A01";"1";"33";"0";"2";"1";"1";"1";""
"202400039563";"155 712 052";"B01";"1";"10";"0";"2";"8";"11";"1";""
"202400039564";"155 712 046";"A01";"2";"14";"0";"2";"1";"2";"1";""
"202400039564";"155 712 048";"B01";"2";"7";"0";"2";"4";"2";"1";""
"202400039564";"155 712 051";"C01";"2";"15";"0";"2";"4";"2";"1";""
"202400039565";"155 712 042";"A01";"2";"33";"0";"2";"1";"26";"1";""
"202400039565";"155 712 045";"B01";"2";"7";"0";"0";"2";"14";"1";""
"202400039565";"155 712 049";"C01";"2";"7";"0";"0";"6";"1";"1";""
"202400039566";"155 712 043";"B01";"2";"7";"0";"2";"1";"1";"1";""
"202400039566";"155 712 044";"A01";"2";"31";"0";"2";"4";"1";"1";""
"202400039567";"155 712 041";"A01";"0";"1";"0";"0";"0";"1";"5";""
"202400039568";"155 712 039";"A01";"1";"7";"13";"0";"3";"1";"1";""
"202400039569";"155 712 037";"A01";"2";"10";"0";"1";"5";"20";"1";""
"202400039570";"155 712 038";"A01";"1";"7";"0";"2";"8";"9";"1";""
"202400039570";"155 712 040";"B01";"1";"13";"0";"2";"7";"1";"1";""
"202400039571";"155 712 034";"A01";"1";"33";"0";"0";"0";"0";"1";""
"202400039572";"155 712 033";"B01";"1";"80";"0";"1";"1";"1";"3";""
"202400039573";"155 712 030";"A01";"1";"33";"0";"0";"4";"1";"1";""
"202400039574";"155 712 028";"A01";"0";"1";"0";"1";"1";"0";"5";""
"202400039575";"155 712 029";"A01";"1";"33";"0";"2";"1";"3";"1";""
"202400039575";"155 712 032";"B01";"1";"7";"0";"2";"5";"1";"1";""
"202400039576";"155 712 027";"A01";"1";"10";"0";"0";"3";"15";"1";""
"202400039576";"155 712 031";"B01";"2";"7";"0";"2";"1";"1";"1";""
"202400039577";"155 712 024";"A01";"3";"7";"0";"2";"1";"1";"0";""
"202400039577";"155 712 026";"B01";"3";"7";"0";"2";"1";"13";"1";""
"202400039578";"155 712 023";"A01";"2";"33";"0";"0";"0";"21";"1";""
"202400039579";"155 712 022";"A01";"1";"13";"1";"1";"1";"2";"3";""
"202400039580";"155 712 021";"A01";"1";"7";"0";"2";"1";"1";"1";""
"202400039580";"155 712 025";"B01";"3";"7";"0";"2";"8";"23";"1";""
"202400039581";"155 712 016";"B01";"0";"31";"0";"2";"7";"1";"1";""
"202400039581";"155 712 018";"A01";"1";"7";"0";"2";"8";"11";"2";""
"202400039582";"155 712 015";"A01";"1";"7";"0";"0";"6";"15";"1";""
"202400039582";"155 712 019";"B01";"2";"2";"0";"2";"1";"17";"1";""
"202400039583";"155 712 014";"A01";"1";"7";"1";"1";"8";"19";"2";""
"202400039584";"155 712 017";"A01";"2";"7";"0";"2";"3";"1";"1";""
"202400039584";"155 712 020";"B01";"1";"7";"0";"2";"3";"11";"1";""
"202400039585";"155 712 012";"B01";"2";"21";"0";"2";"3";"15";"1";""
"202400039585";"155 712 013";"A01";"2";"7";"0";"2";"2";"17";"1";""
"202400039586";"155 712 011";"A01";"2";"7";"15";"0";"2";"1";"1";""
"202400039587";"155 712 008";"A01";"2";"33";"2";"0";"0";"0";"1";""
"202400039588";"155 712 007";"A01";"0";"7";"0";"2";"1";"1";"1";""
"202400039588";"155 712 009";"B01";"0";"33";"0";"2";"4";"26";"1";""
"202400039589";"155 712 006";"B01";"2";"17";"0";"2";"2";"1";"1";""
"202400039589";"155 712 010";"A01";"2";"10";"0";"2";"6";"11";"1";""
"202400039590";"155 712 004";"A01";"1";"7";"6";"0";"8";"1";"1";""
"202400039591";"155 712 001";"A01";"2";"50";"0";"1";"0";"25";"3";""
"202400039592";"155 711 999";"A01";"2";"33";"0";"0";"8";"1";"1";""
"202400039592";"155 712 005";"B01";"2";"7";"0";"2";"1";"1";"0";""
"202400039593";"155 711 998";"B01";"1";"33";"0";"2";"1";"1";"1";""
"202400039593";"155 712 003";"A01";"3";"7";"0";"2";"2";"19";"1";""
"202400039594";"155 711 995";"B01";"2";"7";"0";"0";"4";"9";"1";""
"202400039594";"155 711 996";"A01";"1";"33";"0";"2";"1";"1";"1";""
"202400039595";"155 711 992";"C01";"1";"7";"0";"2";"9";"2";"1";""
"202400039595";"155 711 994";"A01";"1";"7";"0";"2";"1";"2";"1";""
"202400039595";"155 711 997";"B01";"1";"7";"0";"2";"9";"2";"1";""
"202400039595";"155 712 000";"D01";"1";"7";"0";"2";"4";"2";"1";""
"202400039595";"155 712 002";"E01";"1";"7";"0";"2";"9";"2";"1";""
"202400039596";"155 711 990";"A01";"3";"7";"4";"2";"2";"2";"1";""
"202400039596";"155 711 993";"B01";"3";"7";"0";"2";"6";"1";"1";""
"202400039597";"155 711 989";"A01";"1";"31";"0";"0";"7";"1";"1";""
"202400039598";"155 711 988";"A01";"1";"7";"1";"0";"1";"1";"1";""
"202400039599";"155 711 987";"A01";"1";"7";"0";"2";"2";"15";"1";""
"202400039599";"155 711 991";"B01";"1";"7";"0";"2";"3";"1";"1";""
"202400039600";"155 711 985";"A01";"1";"7";"0";"1";"3";"1";"1";""
"202400039601";"155 711 984";"A01";"0";"33";"13";"0";"1";"0";"1";""
"202400039602";"155 711 983";"A01";"2";"7";"0";"2";"2";"17";"1";""
"202400039602";"155 711 986";"B01";"2";"7";"14";"2";"6";"1";"1";""
"202400039603";"155 711 980";"A01";"1";"33";"0";"2";"1";"3";"1";""
"202400039603";"155 711 982";"B01";"1";"7";"0";"2";"7";"12";"1";""
"202400039604";"155 711 977";"A01";"2";"7";"13";"0";"1";"13";"1";""
"202400039605";"155 711 978";"A01";"1";"7";"0";"2";"1";"1";"1";""
"202400039605";"155 711 981";"B01";"1";"7";"0";"2";"4";"1";"1";""
"202400039606";"155 711 975";"A01";"1";"7";"0";"0";"4";"1";"1";""
"202400039606";"155 711 979";"B01";"1";"7";"0";"2";"1";"2";"1";""
"202400039607";"155 711 972";"A01";"1";"7";"6";"0";"2";"14";"1";""
"202400039608";"155 711 970";"Z01";"1";"7";"0";"2";"0";"12";"0";""
"202400039608";"155 711 974";"A01";"1";"34";"0";"2";"8";"18";"1";""
"202400039609";"155 711 973";"A01";"1";"7";"0";"2";"1";"19";"1";""
"202400039609";"155 711 976";"B01";"2";"15";"0";"0";"6";"1";"1";""
"202400039610";"155 711 969";"A01";"2";"7";"0";"1";"3";"1";"1";""
"202400039611";"155 711 968";"A01";"1";"10";"0";"2";"3";"15";"1";""
"202400039611";"155 711 971";"B01";" -1";"1";"0";"2";"7";"19";"5";""
"202400039612";"155 711 966";"A01";"2";"31";"0";"0";"7";"1";"1";""
"202400039613";"155 711 965";"A01";"2";"34";"0";"2";"1";"1";"1";""
"202400039613";"155 711 967";"B01";"1";"7";"0";"2";"3";"1";"1";""
"202400039614";"155 711 962";"A01";"1";"7";"0";"1";"1";"26";"1";""
"202400039615";"155 711 961";"A01";"2";"33";"0";"0";"4";"1";"1";""
"202400039615";"155 711 963";"B01";"2";"7";"0";"0";"0";"1";"1";""
"202400039616";"155 711 960";"A01";"1";"7";"0";"0";"1";"1";"1";""
"202400039617";"155 711 959";"A01";"2";"30";"0";"2";"1";"2";"1";""
"202400039617";"155 711 964";"B01";"2";"7";"0";"0";"4";"2";"1";""
"202400039618";"155 711 958";"A01";"1";"7";"6";"0";"1";"14";"1";""
"202400039619";"155 711 957";"A01";"1";"7";"0";"1";"2";"1";"1";""
"202400039620";"155 711 955";"A01";"2";"7";"0";"2";"8";"9";"1";""
"202400039620";"155 711 956";"B01";"1";"1";"0";"2";"7";"1";"5";""
"202400039621";"155 711 953";"A01";"1";"7";"0";"2";"1";"1";"1";""
"202400039621";"155 711 954";"B01";"2";"2";"0";"2";"4";"9";"1";""
"202400039622";"155 711 951";"A01";"1";"7";"0";"1";"1";"1";"1";""
"202400039623";"155 711 950";"A01";"1";"7";"5";"0";"1";"1";"1";""
"202400039624";"155 711 949";"B01";"0";"1";"0";"2";"1";"19";"5";""
"202400039624";"155 711 952";"A01";"0";"7";"0";"2";"3";"2";"1";""
"202400039625";"155 711 948";"A01";"2";"7";"8";"0";"1";"14";"1";""
"202400039626";"155 711 947";"A01";"2";"7";"12";"0";"1";"1";"1";""
"202400039627";"155 711 943";"B01";"2";"21";"0";"2";"3";"9";"1";""
"202400039627";"155 711 946";"A01";"2";"33";"0";"2";"1";"1";"1";""
"202400039628";"155 711 942";"A01";"2";"7";"0";"2";"1";"1";"1";""
"202400039628";"155 711 945";"B01";"1";"1";"0";"2";"7";"15";"5";""
"202400039629";"155 711 941";"A01";"2";"7";"0";"2";"1";"15";"1";""
"202400039629";"155 711 944";"B01";"1";"7";"0";"2";"7";"1";"1";""
"202400039630";"155 711 936";"A01";"1";"33";"0";"0";"2";"6";"1";""
"202400039631";"155 711 937";"B01";"2";"7";"0";"2";"3";"1";"1";""
"202400039631";"155 711 939";"A01";"1";"7";"0";"2";"1";"13";"1";""
"202400039632";"155 711 938";"A01";"1";"10";"0";"2";"2";"15";"1";""
"202400039632";"155 711 940";"B01";"2";"33";"0";"2";"1";"1";"1";""
"202400039633";"155 711 933";"A01";"1";"7";"0";"2";"1";"1";"1";""
"202400039633";"155 711 935";"B01";"2";"50";"0";"2";"8";"1";"3";""
"202400039634";"155 711 932";"A01";"1";"7";"8";"0";"7";"1";"1";""
"202400039635";"155 711 931";"A01";"3";"50";"0";"2";"1";"1";"3";""
"202400039635";"155 711 934";"B01";"3";"7";"0";"0";"8";"1";"1";""
"202400039636";"155 711 929";"A01";"2";"7";"0";"1";"1";"1";"1";""
"202400039637";"155 711 924";"A01";"3";"7";"9";"2";"0";"15";"1";""
"202400039637";"155 711 926";"B01";"2";"60";"0";"2";"0";"0";"5";""
"202400039638";"155 711 925";"B01";"1";"7";"13";"2";"1";"1";"1";""
"202400039638";"155 711 930";"A01";"2";"10";"0";"2";"3";"15";"1";""
"202400039639";"155 711 923";"B01";"2";"7";"0";"9";"1";"1";"1";""
"202400039639";"155 711 928";"A01";"1";"1";"0";"2";"8";"19";"5";""
"202400039640";"155 711 921";"A01";"3";"3";"2";"2";"3";"15";"1";""
"202400039640";"155 711 927";"B01";"1";"7";"6";"2";"1";"1";"1";""
"202400039641";"155 711 917";"A01";"3";"10";"0";"2";"5";"16";"1";""
"202400039641";"155 711 920";"B01";"3";"60";"0";"2";"8";"2";"5";""
"202400039642";"155 711 919";"A01";"2";"7";"0";"2";"3";"5";"1";""
"202400039642";"155 711 922";"B01";"1";"33";"0";"2";"3";"1";"1";""
"202400039643";"155 711 916";"A01";"2";"33";"13";"0";"1";"1";"1";""
"202400039644";"155 711 915";"A01";"2";"7";"0";"2";"7";"1";"0";""
"202400039644";"155 711 918";"B01";"2";"50";"0";"0";"6";"2";"3";""
"202400039645";"155 711 913";"A01";"1";"7";"0";"2";"3";"16";"1";""
"202400039645";"155 711 914";"B01";"1";"2";"0";"2";"3";"16";"1";""
"202400039646";"155 711 911";"A01";"1";"7";"2";"0";"1";"1";"1";""
"202400039647";"155 711 908";"B01";"2";"33";"0";"2";"0";"0";"1";""
"202400039647";"155 711 912";"A01";"2";"7";"0";"2";"3";"9";"1";""
"202400039648";"155 711 909";"A01";"1";"33";"16";"0";"0";"1";"1";""
"202400039649";"155 711 903";"Z01";"3";"1";"0";"1";"1";"5";"0";""
"202400039650";"155 711 904";"A01";"2";"33";"13";"0";"3";"1";"1";""
"202400039651";"155 711 902";"B01";"1";"7";"0";"4";"1";"10";"0";""
"202400039651";"155 711 905";"A01";"1";"40";"0";"2";"5";"26";"3";""
"202400039652";"155 711 900";"A01";"1";"7";"0";"9";"1";"1";"1";""
"202400039652";"155 711 906";"B01";"1";"7";"0";"2";"1";"2";"1";""
"202400039652";"155 711 910";"C01";"1";"38";"0";"2";"1";"2";"1";"1"
"202400039653";"155 711 898";"A01";"3";"1";"0";"2";"8";"19";"5";""
"202400039653";"155 711 901";"B01";"3";"7";"0";"9";"2";"1";"1";""
"202400039654";"155 711 897";"A01";"2";"7";"0";"0";"2";"0";"1";""
"202400039655";"155 711 895";"A01";"0";"2";"17";"2";"2";"15";"1";""
"202400039655";"155 711 899";"B01";"0";"7";"0";"2";"2";"16";"1";""
"202400039656";"155 711 896";"A01";"2";"33";"12";"0";"1";"16";"1";""
"202400039657";"155 711 893";"A01";"1";"32";"0";"2";"2";"0";"1";""
"202400039657";"155 711 894";"B01";"2";"7";"0";"2";"2";"0";"1";""
"202400039658";"155 711 889";"A01";"3";"21";"0";"1";"2";"1";"0";""
"202400039659";"155 711 888";"B01";"1";"7";"0";"2";"6";"2";"1";""
"202400039659";"155 711 890";"A01";"1";"7";"0";"2";"2";"2";"0";""
"202400039660";"155 711 891";"A01";"3";"7";"15";"0";"2";"0";"1";""
"202400039661";"155 711 887";"A01";"1";"2";"0";"2";"7";"1";"1";""
"202400039661";"155 711 892";"B01";"1";"7";"0";"2";"3";"1";"1";""
"202400039662";"155 711 882";"A01";"2";"7";"0";"1";"2";"9";"3";""
"202400039663";"155 711 883";"A01";"1";"31";"2";"9";"1";"2";"1";""
"202400039664";"155 711 884";"B01";"2";"2";"0";"2";"1";"1";"1";""
"202400039664";"155 711 886";"A01";"1";"7";"0";"2";"3";"15";"1";""
"202400039665";"155 711 880";"A01";"2";"7";"0";"2";"2";"12";"1";""
"202400039665";"155 711 885";"B01";"2";"32";"0";"2";"3";"1";"1";""
"202400039666";"155 711 879";"A01";"2";"33";"0";"2";"1";"13";"1";""
"202400039666";"155 711 881";"B01";"1";"7";"0";"2";"1";"1";"1";""
"202400039667";"155 711 875";"A01";"1";"7";"6";"2";"2";"1";"1";""
"202400039667";"155 711 878";"B01";"2";"21";"9";"2";"2";"5";"1";""
"202400039668";"155 711 876";"A01";"2";"7";"2";"0";"1";"1";"1";""
"202400039669";"155 711 873";"B01";"2";"7";"0";"2";"2";"17";"1";""
"202400039669";"155 711 877";"A01";"2";"33";"0";"2";"1";"17";"1";""
"202400039670";"155 711 872";"A01";"2";"1";"7";"0";"1";"0";"5";""
"202400039671";"155 711 871";"B01";"1";"33";"0";"2";"1";"1";"1";""
"202400039671";"155 711 874";"A01";"2";"10";"0";"2";"3";"10";"1";""
"202400039672";"155 711 869";"A01";"1";"7";"2";"0";"1";"1";"1";""
"202400039673";"155 711 864";"C01";"2";"30";"0";"0";"0";"1";"1";""
"202400039673";"155 711 868";"B01";"2";"2";"0";"0";"0";"1";"1";""
"202400039673";"155 711 870";"A01";"2";"31";"0";"0";"5";"17";"1";""
"202400039674";"155 711 863";"A01";"3";"7";"0";"2";"1";"19";"1";""
"202400039674";"155 711 867";"B01";"3";"10";"0";"2";"8";"16";"1";""
"202400039675";"155 711 862";"A01";"3";"2";"0";"2";"1";"13";"1";""
"202400039675";"155 711 866";"B01";"3";"7";"0";"2";"3";"1";"1";""
"202400039676";"155 711 861";"B01";"3";"33";"0";"2";"1";"16";"1";""
"202400039676";"155 711 865";"A01";"1";"7";"0";"2";"3";"15";"1";""
"202400039677";"155 711 859";"A01";"2";"7";"0";"2";"2";"17";"1";""
"202400039677";"155 711 860";"B01";"2";"21";"0";"0";"4";"13";"1";""
"202400039678";"155 711 858";"A01";"1";"31";"0";"0";"0";"14";"1";""