"Num_Acc";"id_vehicule";"num_veh";"senc";"catv";"obs";"obsm";"choc";"manv";"motor";"occutc"
"202400039679";"155 711 854";"A01";"3";"2";"0";"0";"0";"1";"1";""
"202400039680";"155 711 855";"B01";"2";"33";"0";"2";"1";"17";"1";""
"202400039680";"155 711 857";"A01";"2";"7";"0";"2";"3";"15";"1";""
"202400039681";"155 711 852";"A01";"1";"7";"13";"2";"1";"3";"0";""
"202400039681";"155 711 856";"B01";"1";"15";"0";"0";"4";"2";"0";""
"202400039682";"155 711 847";"A01";"3";"7";"0";"0";"0";"21";"1";""
"202400039682";"155 711 851";"B01";"3";"33";"17";"0";"1";"21";"1";""
"202400039683";"155 711 849";"B01";"1";"7";"0";"2";"2";"19";"1";""
"202400039683";"155 711 853";"A01";"0";"2";"0";"2";"1";"0";"1";""
"202400039684";"155 711 846";"A01";"2";"7";"0";"0";"3";"19";"1";""
"202400039684";"155 711 850";"B01";"1";"33";"0";"2";"1";"17";"1";""
"202400039685";"155 711 844";"A01";"1";"7";"2";"0";"1";"1";"1";""
"202400039686";"155 711 843";"A01";"1";"7";"2";"0";"3";"1";"1";""
"202400039687";"155 711 841";"B01";"3";"31";"0";"2";"5";"0";"1";""
"202400039687";"155 711 845";"A01";"3";"7";"3";"2";"5";"1";"1";""
"202400039688";"155 711 839";"B01";"2";"33";"0";"2";"8";"1";"1";""
"202400039688";"155 711 842";"A01";"3";"7";"0";"2";"1";"9";"1";""
"202400039689";"155 711 840";"A01";"1";"7";"0";"1";"3";"1";"1";""
"202400039690";"155 711 833";"B01";"1";"7";"0";"2";"2";"17";"1";""
"202400039690";"155 711 835";"A01";"1";"1";"0";"2";"8";"15";"5";""
"202400039691";"155 711 830";"A01";"2";"31";"0";"0";"0";"1";"1";""
"202400039692";"155 711 829";"B01";"1";"1";"0";"2";"7";"1";"5";""
"202400039692";"155 711 832";"D01";"1";"1";"0";"2";"7";"1";"5";""
"202400039692";"155 711 836";"A01";"2";"7";"0";"9";"1";"1";"1";""
"202400039692";"155 711 838";"C01";"1";"1";"0";"2";"7";"1";"5";""
"202400039693";"155 711 827";"A01";"3";"7";"0";"2";"1";"2";"1";""
"202400039693";"155 711 828";"B01";"3";"7";"0";"2";"4";"2";"1";""
"202400039693";"155 711 831";"C01";"3";"7";"0";"2";"4";"2";"1";""
"202400039694";"155 711 822";"B01";"2";"7";"0";"0";"0";"13";"1";""
"202400039694";"155 711 824";"A01";"1";"33";"0";"0";"3";"1";"1";""
"202400039695";"155 711 820";"A01";"1";"7";"0";"2";"3";"15";"1";""
"202400039695";"155 711 821";"B01";"2";"31";"0";"2";"1";"1";"1";""
"202400039696";"155 711 825";"A01";"3";"7";"0";"0";"0";"1";"1";""
"202400039697";"155 711 823";"A01";"2";"10";"0";"2";"8";"10";"1";""
"202400039697";"155 711 826";"B01";"2";"33";"0";"2";"2";"1";"1";""
"202400039698";"155 711 819";"A01";"1";"7";"2";"0";"2";"0";"1";""
"202400039699";"155 711 818";"A01";"1";"7";"2";"0";"1";"1";"1";""
"202400039700";"155 711 816";"A01";"3";"7";"0";"1";"1";"1";"1";""
"202400039701";"155 711 814";"B01";"1";"2";"0";"2";"1";"1";"1";""
"202400039701";"155 711 817";"A01";"3";"7";"0";"2";"3";"9";"1";""
"202400039702";"155 711 811";"B01";"1";"1";"0";"2";"1";"1";"5";""
"202400039702";"155 711 815";"A01";"1";"10";"0";"2";"2";"15";"1";""
"202400039703";"155 711 808";"A01";"1";"7";"0";"2";"1";"13";"1";""
"202400039703";"155 711 812";"B01";"2";"10";"0";"2";"3";"26";"1";""
"202400039704";"155 711 809";"A01";"3";"1";"0";"2";"7";"1";"5";""
"202400039704";"155 711 813";"B01";"1";"7";"0";"9";"1";"1";"1";""
"202400039705";"155 711 806";"A01";"2";"7";"0";"2";"1";"1";"1";""
"202400039705";"155 711 810";"B01";"3";"1";"0";"2";"0";"0";"5";""
"202400039706";"155 711 805";"A01";"2";"43";"3";"0";"3";"13";"1";""
"202400039707";"155 711 804";"A01";"2";"33";"0";"0";"8";"1";"1";""
"202400039708";"155 711 803";"A01";"0";"7";"0";"2";"5";"9";"1";""
"202400039708";"155 711 807";"B01";"2";"7";"0";"2";"1";"1";"1";""
"202400039709";"155 711 797";"B01";"2";"2";"0";"2";"2";"1";"0";""
"202400039709";"155 711 799";"A01";"2";"7";"0";"2";"3";"9";"1";""
"202400039710";"155 711 796";"B01";"1";"1";"0";"2";"5";"18";"5";""
"202400039710";"155 711 798";"A01";"1";"7";"0";"2";"5";"22";"1";""
"202400039711";"155 711 795";"A01";"2";"33";"0";"2";"8";"13";"1";""
"202400039711";"155 711 801";"B01";"1";"33";"0";"2";"8";"1";"1";""
"202400039712";"155 711 792";"A01";"3";"60";"0";"2";"1";"2";"5";""
"202400039712";"155 711 793";"B01";"3";"7";"0";"0";"5";"2";"1";""
"202400039713";"155 711 790";"A01";"1";"7";"15";"1";"2";"1";"1";""
"202400039714";"155 711 791";"A01";"1";"7";"0";"2";"3";"11";"1";""
"202400039714";"155 711 794";"B01";"2";"7";"0";"2";"3";"13";"1";""
"202400039715";"155 711 785";"B01";"3";"50";"0";"2";"1";"17";"3";""
"202400039715";"155 711 788";"A01";"3";"7";"0";"2";"3";"15";"1";""
"202400039716";"155 711 787";"B01";"3";"7";"0";"2";"2";"15";"1";""
"202400039716";"155 711 789";"A01";"3";"2";"0";"2";"1";"16";"1";""
"202400039717";"155 711 786";"A01";"2";"7";"0";"1";"2";"1";"1";""
"202400039718";"155 711 783";"A01";"2";"7";"0";"2";"6";"11";"1";""
"202400039718";"155 711 784";"B01";"2";"33";"0";"2";"1";"0";"1";""
"202400039719";"155 711 782";"A01";"1";"7";"6";"0";"2";"2";"1";""
"202400039720";"155 711 781";"A01";"0";"7";"0";"0";"0";"1";"1";""
"202400039721";"155 711 778";"A01";"1";"7";"8";"0";"3";"0";"1";""
"202400039722";"155 711 779";"A01";"1";"7";"0";"2";"3";"15";"1";""
"202400039722";"155 711 780";"B01";"1";"33";"0";"2";"1";"17";"1";""
"202400039723";"155 711 776";"A01";"1";"33";"0";"2";"1";"9";"1";""
"202400039723";"155 711 777";"B01";"1";"7";"0";"2";"4";"1";"1";""
"202400039724";"155 711 774";"B01";"2";"50";"0";"0";"4";"2";"3";""
"202400039724";"155 711 775";"A01";"2";"7";"0";"9";"1";"2";"1";""
"202400039725";"155 711 769";"A01";"2";"34";"4";"0";"7";"14";"1";""
"202400039726";"155 711 768";"C01";"1";"7";"0";"2";"1";"1";"1";""
"202400039726";"155 711 770";"A01";"1";"7";"0";"2";"2";"17";"1";""
"202400039726";"155 711 772";"B01";"1";"7";"3";"0";"9";"1";"1";""
"202400039726";"155 711 773";"D01";"1";"10";"0";"2";"1";"1";"1";""
"202400039727";"155 711 766";"A01";"2";"7";"0";"2";"3";"1";"1";""
"202400039727";"155 711 771";"B01";"1";"2";"0";"2";"1";"9";"1";""
"202400039728";"155 711 760";"A01";"2";"7";"0";"2";"7";"17";"1";""
"202400039728";"155 711 763";"B01";"2";"15";"0";"2";"6";"1";"1";""
"202400039729";"155 711 761";"A01";"3";"7";"0";"0";"3";"9";"1";""
"202400039729";"155 711 765";"B01";"3";"1";"0";"0";"8";"9";"5";""
"202400039729";"155 711 767";"C01";"3";"1";"0";"0";"1";"9";"5";""
"202400039730";"155 711 759";"B01";"2";"14";"0";"2";"8";"1";"0";""
"202400039730";"155 711 762";"A01";"1";"7";"0";"0";"6";"14";"1";""
"202400039730";"155 711 764";"C01";"1";"31";"0";"2";"1";"13";"1";""
"202400039731";"155 711 758";"A01";"2";"7";"0";"1";"1";"1";"1";""
"202400039732";"155 711 756";"A01";"1";"7";"0";"2";"1";"1";"1";""
"202400039732";"155 711 757";"B01";"1";"17";"0";"2";"4";"2";"1";""
"202400039733";"155 711 755";"A01";"1";"7";"0";"1";"1";"1";"1";""
"202400039734";"155 711 753";"A01";"2";"2";"0";"0";"0";"0";"1";""
"202400039735";"155 711 752";"A01";"1";"33";"0";"2";"1";"1";"1";""
"202400039735";"155 711 754";"B01";"2";"10";"0";"2";"7";"9";"1";""
"202400039736";"155 711 751";"A01";"3";"10";"0";"1";"4";"20";"1";""
"202400039737";"155 711 749";"A01";"1";"7";"8";"0";"1";"13";"1";""
"202400039738";"155 711 750";"A01";"1";"33";"0";"0";"0";"1";"1";""
"202400039739";"155 711 747";"A01";"1";"7";"2";"0";"1";"14";"1";""
"202400039740";"155 711 746";"B01";"2";"32";"0";"2";"1";"1";"1";""
"202400039740";"155 711 748";"A01";"1";"7";"0";"2";"2";"15";"1";""
"202400039741";"155 711 744";"A01";"3";"10";"0";"1";"2";"19";"1";""
"202400039742";"155 711 743";"A01";"0";"7";"0";"2";"1";"1";"1";""
"202400039742";"155 711 745";"B01";"3";"36";"0";"2";"3";"0";"1";""
"202400039743";"155 711 739";"A01";"1";"7";"3";"0";"1";"1";"1";""
"202400039744";"155 711 740";"A01";"3";"33";"0";"1";"2";"25";"1";""
"202400039745";"155 711 734";"A01";"3";"7";"0";"2";"0";"2";"1";""
"202400039745";"155 711 735";"B01";"3";"31";"0";"2";"0";"2";"1";""
"202400039746";"155 711 732";"A01";"2";"7";"0";"0";"9";"1";"2";""
"202400039747";"155 711 733";"A01";"1";"33";"0";"2";"3";"13";"1";""
"202400039747";"155 711 736";"B01";"2";"15";"0";"2";"3";"14";"1";""
"202400039748";"155 711 729";"B01";"3";"99";"0";"2";"2";"1";"1";""
"202400039748";"155 711 731";"A01";"3";"1";"0";"2";"1";"13";"5";""
"202400039749";"155 711 730";"A01";"1";"3";"12";"0";"7";"15";"3";""
"202400039750";"155 711 728";"A01";"1";"15";"0";"1";"1";"1";"1";""
"202400039751";"155 711 726";"A01";"2";"7";"0";"2";"1";"13";"1";""
"202400039751";"155 711 727";"B01";"1";"38";"0";"2";"1";"1";"1";"1"
"202400039752";"155 711 722";"A01";"2";"33";"0";"9";"1";"1";"1";""
"202400039753";"155 711 721";"A01";"2";"7";"0";"2";"2";"9";"1";""
"202400039753";"155 711 724";"B01";"2";"31";"0";"2";"4";"1";"1";""
"202400039754";"155 711 720";"A01";"2";"80";"12";"0";"0";"1";"3";""
"202400039755";"155 711 719";"A01";"3";"10";"0";"1";"1";"1";"1";""
"202400039756";"155 711 717";"A01";"2";"33";"0";"0";"2";"1";"1";""
"202400039757";"155 711 716";"A01";"2";"7";"0";"2";"1";"2";"1";""
"202400039757";"155 711 718";"B01";"2";"7";"0";"2";"4";"2";"1";""
"202400039758";"155 711 713";"A01";"2";"7";"0";"2";"7";"19";"1";""
"202400039758";"155 711 715";"B01";"2";"33";"0";"2";"8";"1";"1";""
"202400039759";"155 711 712";"A01";"1";"33";"0";"0";"2";"1";"1";""
"202400039760";"155 711 711";"B01";"3";"1";"0";"2";"1";"1";"5";""
"202400039760";"155 711 714";"A01";"1";"7";"0";"2";"7";"1";"1";""
"202400039761";"155 711 707";"A01";"1";"33";"0";"0";"9";"1";"1";""
"202400039762";"155 711 708";"A01";"2";"1";"0";"2";"8";"1";"5";""
"202400039762";"155 711 710";"B01";"2";"7";"0";"2";"1";"16";"1";""
"202400039763";"155 711 706";"B01";"2";"10";"0";"2";"6";"11";"1";""
"202400039763";"155 711 709";"A01";"2";"33";"0";"2";"2";"3";"1";""
"202400039764";"155 711 704";"A01";"2";"7";"0";"1";"1";"1";"1";""
"202400039765";"155 711 703";"A01";"1";"31";"0";"2";"0";"5";"1";""
"202400039765";"155 711 705";"B01";"2";"31";"0";"2";"0";"26";"1";""
"202400039766";"155 711 702";"A01";"2";"7";"4";"0";"1";"26";"1";""
"202400039767";"155 711 699";"A01";"2";"33";"0";"2";"7";"0";"1";""
"202400039767";"155 711 700";"B01";"2";"7";"0";"2";"6";"0";"1";""
"202400039768";"155 711 697";"A01";"1";"7";"0";"2";"4";"2";"2";""
"202400039768";"155 711 698";"B01";"1";"7";"0";"2";"3";"2";"1";""
"202400039768";"155 711 701";"C01";"2";"7";"0";"2";"1";"1";"1";""
"202400039769";"155 711 695";"A01";"1";"33";"0";"0";"0";"1";"1";""
"202400039770";"155 711 694";"A01";"3";"33";"0";"2";"7";"17";"1";""
"202400039770";"155 711 696";"B01";"3";"7";"0";"2";"3";"15";"1";""
"202400039771";"155 711 692";"A01";"1";"7";"0";"2";"2";"15";"1";""
"202400039771";"155 711 693";"B01";"1";"2";"0";"2";"1";"1";"1";""
"202400039772";"155 711 690";"A01";"1";"33";"0";"2";"1";"2";"1";""
"202400039772";"155 711 691";"B01";"1";"7";"0";"2";"4";"1";"1";""
"202400039773";"155 711 688";"A01";"1";"7";"15";"2";"3";"13";"1";""
"202400039773";"155 711 689";"B01";"2";"7";"0";"2";"3";"1";"1";""
"202400039774";"155 711 686";"A01";"1";"7";"8";"0";"1";"13";"1";""
"202400039775";"155 711 685";"A01";"2";"7";"0";"2";"2";"13";"1";""
"202400039775";"155 711 687";"B01";"1";"7";"0";"2";"2";"1";"1";""
"202400039776";"155 711 681";"A01";"3";"7";"0";"2";"3";"13";"1";""
"202400039776";"155 711 683";"B01";"3";"7";"0";"2";"3";"1";"1";""
"202400039777";"155 711 682";"A01";"1";"7";"0";"0";"1";"13";"1";""
"202400039777";"155 711 684";"B01";"2";"7";"0";"0";"1";"0";"1";""
"202400039778";"155 711 679";"A01";"2";"7";"2";"0";"1";"13";"1";""
"202400039779";"155 711 678";"A01";"2";"1";"0";"2";"3";"1";"5";""
"202400039779";"155 711 680";"B01";"1";"7";"0";"2";"3";"1";"1";""
"202400039780";"155 711 676";"B01";"1";"1";"0";"2";"4";"2";"5";""
"202400039780";"155 711 677";"A01";"1";"1";"0";"2";"1";"2";"5";""
"202400039781";"155 711 674";"A01";"1";"10";"8";"0";"1";"1";"1";""
"202400039782";"155 711 673";"A01";"2";"7";"0";"2";"7";"11";"1";""
"202400039782";"155 711 675";"B01";"1";"33";"0";"2";"1";"1";"1";""
"202400039783";"155 711 671";"A01";"3";"10";"8";"0";"1";"13";"1";""
"202400039784";"155 711 672";"A01";"2";"10";"0";"0";"7";"1";"1";""
"202400039785";"155 711 669";"A01";"2";"33";"0";"2";"1";"17";"1";""
"202400039785";"155 711 670";"B01";"2";"7";"0";"0";"6";"15";"1";""
"202400039786";"155 711 666";"B01";"2";"33";"0";"2";"1";"1";"1";""
"202400039786";"155 711 667";"A01";"2";"7";"0";"2";"5";"10";"1";""
"202400039787";"155 711 664";"A01";"3";"36";"0";"0";"9";"1";"1";""
"202400039788";"155 711 663";"A01";"1";"7";"0";"2";"1";"2";"1";""
"202400039788";"155 711 665";"B01";"1";"7";"0";"2";"1";"23";"1";""
"202400039788";"155 711 668";"C01";"1";"7";"0";"0";"4";"23";"1";""
"202400039789";"155 711 661";"A01";"1";"36";"0";"0";"2";"1";"1";""
"202400039790";"155 711 659";"A01";"3";"7";"0";"2";"4";"4";"1";""
"202400039790";"155 711 660";"B01";"3";"32";"0";"2";"1";"1";"1";""
"202400039791";"155 711 657";"A01";"1";"7";"0";"2";"3";"15";"2";""
"202400039791";"155 711 658";"B01";"1";"33";"0";"2";"2";"17";"1";""
"202400039792";"155 711 655";"A01";"2";"33";"0";"2";"1";"1";"1";""
"202400039792";"155 711 656";"B01";"3";"7";"0";"2";"4";"9";"1";""
"202400039793";"155 711 653";"A01";"0";"31";"0";"0";"0";"1";"1";""
"202400039794";"155 711 651";"A01";"3";"33";"0";"0";"9";"1";"1";""
"202400039795";"155 711 652";"B01";"1";"7";"0";"2";"1";"1";"1";""
"202400039795";"155 711 654";"A01";"2";"10";"0";"2";"2";"0";"1";""
"202400039796";"155 711 650";"A01";"2";"7";"0";"1";"1";"1";"1";""
"202400039797";"155 711 649";"A01";"1";"13";"9";"1";"5";"17";"1";""
"202400039798";"155 711 647";"A01";"1";"33";"0";"2";"1";"2";"1";""
"202400039798";"155 711 648";"B01";"1";"15";"0";"2";"4";"17";" -1";""
"202400039799";"155 711 643";"B01";"1";"7";"0";"2";"9";"2";"1";""
"202400039799";"155 711 645";"A01";"1";"10";"0";"2";"1";"1";"1";""
"202400039799";"155 711 646";"C01";"1";"7";"0";"2";"4";"2";"2";""
"202400039800";"155 711 642";"A01";"2";"10";"1";"0";"1";"2";"1";""
"202400039800";"155 711 644";"B01";"2";"15";"0";"0";"4";"23";"1";""
"202400039801";"155 711 638";"B01";"2";"7";"0";"2";"9";"13";"1";""
"202400039801";"155 711 640";"C01";"2";"7";"0";"2";"4";"1";"1";""
"202400039801";"155 711 641";"A01";"2";"33";"0";"2";"1";"2";"1";""
"202400039802";"155 711 639";"A01";"1";"7";"4";"0";"1";"17";"1";""
"202400039803";"155 711 636";"A01";"2";"7";"0";"2";"1";"2";"1";""
"202400039803";"155 711 637";"B01";"2";"7";"0";"2";"4";"1";"1";""
"202400039804";"155 711 633";"A01";"2";"43";"0";"2";"3";"3";"0";""
"202400039804";"155 711 634";"B01";"2";"7";"0";"2";"5";"14";"0";""
"202400039805";"155 711 632";"A01";"3";"50";"0";"2";"1";"15";"3";""
"202400039805";"155 711 635";"B01";"3";"7";"0";"9";"1";"1";"1";""
"202400039806";"155 711 630";"B01";"1";"10";"0";"2";"5";"1";"1";""
"202400039806";"155 711 631";"A01";"1";"7";"0";"2";"1";"1";"1";""
"202400039807";"155 711 626";"A01";"1";"7";"0";"2";"8";"11";"1";""
"202400039807";"155 711 628";"B01";"1";"33";"0";"2";"1";"3";"1";""
"202400039808";"155 711 627";"B01";"2";"2";"0";"2";"1";"1";"1";""
"202400039808";"155 711 629";"A01";"2";"7";"0";"2";"7";"19";"1";""
"202400039809";"155 711 621";"C01";"1";"7";"0";"2";"4";"1";"1";""
"202400039809";"155 711 622";"D01";"1";"7";"0";"2";"4";"1";"1";""
"202400039809";"155 711 624";"A01";"1";"7";"0";"2";"1";"1";"1";""
"202400039809";"155 711 625";"B01";"1";"7";"0";"2";"4";"1";"1";""
"202400039810";"155 711 620";"A01";"2";"7";"4";"2";"2";"1";"1";""
"202400039810";"155 711 623";"B01";"2";"7";"4";"2";"4";"1";"1";""
"202400039811";"155 711 618";"B01";"1";"7";"0";"2";"2";"0";"1";""
"202400039811";"155 711 619";"A01";"1";"7";"0";"2";"6";"11";"2";""
"202400039812";"155 711 617";"A01";"1";"7";"1";"1";"2";"0";"1";""
"202400039813";"155 711 615";"A01";"1";"30";"0";"2";"1";"5";"3";""
"202400039813";"155 711 616";"B01";"1";"33";"0";"2";"1";"1";"1";""
"202400039814";"155 711 612";"A01";"2";"33";"3";"0";"1";"0";"1";""
"202400039815";"155 711 613";"A01";"1";"7";"0";"2";"3";"1";"1";""
"202400039815";"155 711 614";"B01";"2";"7";"0";"2";"3";"1";"1";""
"202400039816";"155 711 610";"A01";"2";"7";"0";"2";"1";"1";"1";""
"202400039816";"155 711 611";"B01";"2";"17";"0";"2";"5";"2";"1";""
"202400039817";"155 711 606";"C01";"1";"33";"0";"2";"2";"2";"1";""
"202400039817";"155 711 607";"A01";"2";"7";"0";"2";"3";"2";"1";""
"202400039817";"155 711 608";"B01";"2";"2";"0";"2";"4";"2";"1";""
"202400039818";"155 711 605";"B01";"1";"50";"0";"2";"8";"15";"3";""
"202400039818";"155 711 609";"A01";"2";"7";"0";"2";"3";"1";"1";""
"202400039819";"155 711 603";"A01";"1";"7";"0";"2";"8";"15";"1";""
"202400039819";"155 711 604";"B01";"1";"10";"0";"2";"1";"7";"1";""
"202400039820";"155 711 601";"A01";"3";"7";"0";"0";"9";"13";"1";""
"202400039821";"155 711 599";"B01";"3";"7";"0";"2";"6";"1";"1";""
"202400039821";"155 711 600";"C01";"3";"7";"0";"2";"3";"1";"1";""
"202400039821";"155 711 602";"A01";"3";"7";"0";"2";"2";"1";"1";""
"202400039822";"155 711 597";"B01";"2";"2";"0";"0";"0";"0";"1";""
"202400039822";"155 711 598";"A01";"1";"7";"0";"9";"8";"15";"1";""
"202400039823";"155 711 592";"B01";"1";"7";"0";"2";"1";"0";"1";""
"202400039823";"155 711 593";"D01";"1";"7";"0";"0";"0";"0";"0";""
"202400039823";"155 711 595";"A01";"1";"7";"0";"2";"1";"1";"1";""
"202400039823";"155 711 596";"C01";"1";"7";"0";"2";"4";"1";"1";""
"202400039824";"155 711 591";"B01";"1";"10";"3";"0";"4";"2";"0";""
"202400039824";"155 711 594";"A01";"1";"10";"0";"2";"1";"2";"1";""
"202400039825";"155 711 589";"B01";"2";"7";"0";"2";"1";"1";"1";""
"202400039825";"155 711 590";"A01";"2";"7";"0";"2";"5";"19";"1";""
"202400039826";"155 711 585";"B01";"1";"7";"0";"2";"1";"16";"1";""
"202400039826";"155 711 587";"A01";"1";"7";"0";"2";"3";"1";"1";""
"202400039827";"155 711 586";"A01";"1";"7";"0";"2";"3";"9";"1";""
"202400039827";"155 711 588";"B01";"1";"1";"0";"0";"0";"0";"5";""
"202400039828";"155 711 583";"A01";"1";"7";"0";"2";"8";"9";"1";""
"202400039828";"155 711 584";"B01";"1";"31";"0";"2";"1";"1";"1";""
"202400039829";"155 711 579";"C01";"1";"7";"0";"2";"0";"0";"1";""
"202400039829";"155 711 580";"A01";"1";"7";"0";"2";"0";"2";"1";""
"202400039829";"155 711 582";"B01";"1";"7";"0";"2";"0";"2";"1";""
"202400039830";"155 711 581";"A01";"2";"7";"6";"0";"1";"14";"1";""
"202400039831";"155 711 577";"B01";"3";"50";"0";"2";"8";"1";"3";""
"202400039831";"155 711 578";"A01";"3";"7";"0";"2";"3";"19";"1";""
"202400039832";"155 711 574";"A01";"2";"7";"0";"2";"1";"15";"1";""
"202400039832";"155 711 576";"B01";"2";"7";"0";"2";"1";"1";"1";""
"202400039833";"155 711 575";"A01";"1";"7";"0";"1";"0";"1";"1";""
"202400039834";"155 711 573";"A01";"0";"33";"8";"0";"7";"14";"1";""
"202400039835";"155 711 571";"A01";"0";"33";"0";"2";"1";"1";"1";""
"202400039835";"155 711 572";"B01";"0";"10";"0";"2";"7";"1";"1";""
"202400039836";"155 711 569";"A01";"2";"7";"0";"1";"1";"9";"1";""
"202400039837";"155 711 568";"B01";"2";"7";"0";"2";"3";"23";"1";""
"202400039837";"155 711 570";"A01";"1";"33";"6";"2";"1";"26";"1";""
"202400039838";"155 711 564";"B01";"2";"37";"0";"2";"3";"1";"1";"4"
"202400039838";"155 711 566";"A01";"2";"7";"0";"2";"5";"12";"0";""
"202400039839";"155 711 563";"B01";"2";"7";"0";"2";"6";"15";"1";""
"202400039839";"155 711 565";"A01";"1";"7";"0";"2";"1";"1";"2";""
"202400039840";"155 711 562";"A01";"3";"7";"0";"1";"1";"1";"3";""
"202400039841";"155 711 561";"A01";"2";"7";"0";"1";"1";"26";"1";""
"202400039842";"155 711 559";"A01";"1";"7";"0";"2";"3";"0";"1";""
"202400039842";"155 711 560";"B01";"2";"15";"0";"2";"3";"0";"1";""
"202400039843";"155 711 558";"B01";"2";"33";"0";"2";"4";"1";"1";""
"202400039844";"155 711 557";"A01";"2";"7";"2";"0";"1";"9";"1";""
"202400039845";"155 711 555";"B01";"1";"7";"0";"2";"4";"23";"1";""
"202400039845";"155 711 556";"A01";"1";"7";"0";"2";"1";"1";"1";""
"202400039846";"155 711 552";"A01";"2";"30";"1";"2";"1";"1";"1";""
"202400039846";"155 711 553";"B01";"0";"7";"0";"2";"4";"24";"1";""
"202400039847";"155 711 551";"A01";"2";"7";"0";"2";"3";"15";"2";""
"202400039847";"155 711 554";"B01";"3";"1";"0";"2";"8";"1";"5";""
"202400039848";"155 711 550";"A01";"1";"7";"8";"0";"1";"1";"1";""
"202400039849";"155 711 548";"B01";"2";"7";"0";"2";"1";"1";"1";""
"202400039849";"155 711 549";"A01";"2";"7";"0";"2";"1";"13";"1";""
"202400039850";"155 711 547";"A01";"2";"7";"0";"1";"2";"1";"1";""
"202400039851";"155 711 545";"A01";"3";"33";"0";"2";"2";"17";"1";""
"202400039851";"155 711 546";"B01";"3";"7";"0";"9";"3";"15";"1";""
"202400039852";"155 711 544";"A01";"3";"7";"8";"0";"0";"0";"1";""
"202400039853";"155 711 542";"A01";"3";"7";"0";"0";"1";"1";"1";""
"202400039854";"155 711 541";"B01";"1";"2";"0";"2";"8";"1";"1";""
"202400039854";"155 711 543";"A01";"2";"10";"0";"9";"2";"15";"1";""
"202400039855";"155 711 540";"A01";"1";"33";"0";"0";"0";"15";"1";""
"202400039856";"155 711 538";"A01";"1";"7";"0";"2";"3";"2";"1";""
"202400039856";"155 711 539";"B01";"1";"14";"0";"2";"5";"12";"1";""
"202400039857";"155 711 535";"A01";"3";"50";"8";"0";"0";"26";"3";""
"202400039858";"155 711 536";"A01";"3";"7";"0";"2";"1";"26";"6";""
"202400039858";"155 711 537";"B01";"3";"37";"0";"2";"3";"2";"6";"1"
"202400039859";"155 711 531";"B01";"0";"7";"0";"2";"3";"1";"1";""
"202400039859";"155 711 534";"A01";"0";"33";"0";"2";"1";"1";"1";""
"202400039860";"155 711 532";"A01";"2";"33";"0";"2";"1";"21";"1";""
"202400039860";"155 711 533";"B01";"2";"7";"0";"0";"0";"0";"0";""
"202400039861";"155 711 529";"A01";"2";"7";"16";"0";"9";"14";"1";""
"202400039862";"155 711 528";"B01";"3";"1";"0";"2";"7";"1";"5";""
"202400039862";"155 711 530";"A01";"1";"7";"0";"2";"3";"1";"1";""
"202400039863";"155 711 526";"A01";"1";"7";"0";"2";"7";"2";"2";""
"202400039863";"155 711 527";"B01";"1";"1";"0";"2";"6";"2";"5";""
"202400039864";"155 711 524";"B01";"3";"7";"0";"2";"8";"9";"1";""
"202400039864";"155 711 525";"A01";"1";"7";"0";"2";"1";"1";"1";""
"202400039865";"155 711 523";"A01";"3";"7";"0";"1";"1";"0";"0";""
"202400039866";"155 711 522";"A01";"2";"3";"0";"0";"0";"26";"3";""
"202400039867";"155 711 519";"A01";"1";"7";"0";"2";"3";"2";"1";""
"202400039867";"155 711 520";"B01";"1";"33";"0";"2";"4";"2";"1";""
"202400039867";"155 711 521";"C01";"1";"10";"0";"2";"5";"2";"1";""
"202400039868";"155 711 517";"A01";"1";"7";"0";"2";"1";"1";"1";""
"202400039868";"155 711 518";"B01";"1";"33";"0";"2";"4";"1";"1";""
"202400039869";"155 711 516";"A01";"1";"30";"12";"0";"8";"1";"1";""
"202400039870";"155 711 514";"B01";"3";"33";"0";"2";"1";"1";"1";""
"202400039870";"155 711 515";"A01";"3";"7";"0";"2";"2";"13";"1";""
"202400039871";"155 711 513";"A01";"1";"7";"13";"0";"1";"1";"1";""
"202400039872";"155 711 510";"A01";"2";"30";"0";"2";"3";"1";"1";""
"202400039872";"155 711 512";"B01";"3";"7";"0";"2";"1";"1";"1";""
"202400039873";"155 711 509";"B01";"2";"2";"0";"2";"1";"1";"1";""
"202400039873";"155 711 511";"A01";"1";"7";"0";"2";"6";"1";"2";""
"202400039874";"155 711 508";"A01";"0";"36";"0";"0";"0";"26";"1";""
"202400039875";"155 711 507";"A01";"3";"50";"14";"0";"1";"0";"3";""
"202400039876";"155 711 506";"A01";"0";"7";"4";"0";"1";"14";"1";""
"202400039877";"155 711 505";"A01";"3";"7";"0";"1";"1";"0";"1";""
"202400039878";"155 711 504";"Z01";"0";"50";"0";"9";"1";"25";"3";""
"202400039879";"155 711 503";"A01";"1";"30";"0";"0";"7";"14";"1";""
"202400039880";"155 711 502";"A01";"0";"31";"16";"0";"7";"26";"1";""
"202400039881";"155 711 500";"A01";"1";"7";"0";"1";"1";"2";"1";""
"202400039882";"155 711 499";"B01";"3";"31";"0";"2";"0";"0";"1";""
"202400039882";"155 711 501";"A01";"2";"7";"0";"2";"2";"9";"1";""
"202400039883";"155 711 498";"A01";"1";"2";"8";"0";"2";"26";"1";""
"202400039884";"155 711 496";"A01";"3";"7";"0";"1";"2";"26";"1";""