"Num_Acc";"id_vehicule";"num_veh";"senc";"catv";"obs";"obsm";"choc";"manv";"motor";"occutc"
"202400039885";"155 711 495";"B01";"0";"37";"0";"2";"3";"1";"2";"1"
"202400039885";"155 711 497";"A01";"0";"34";"0";"2";"1";"16";"1";""
"202400039886";"155 711 492";"A01";"3";"34";"0";"2";"1";"17";"1";""
"202400039886";"155 711 494";"B01";"0";"7";"0";"2";"6";"2";"1";""
"202400039887";"155 711 491";"A01";"2";"7";"0";"2";"3";"1";"1";""
"202400039887";"155 711 493";"B01";"3";"7";"0";"2";"5";"9";"1";""
"202400039888";"155 711 488";"A01";"3";"7";"1";"0";"3";"9";"1";""
"202400039888";"155 711 490";"B01";"3";"1";"0";"2";"1";"1";"5";""
"202400039889";"155 711 485";"A01";"1";"7";"0";"2";"2";"15";"1";""
"202400039889";"155 711 486";"B01";"2";"34";"0";"2";"1";"1";"1";""
"202400039890";"155 711 483";"Z01";"2";"7";"0";"2";"1";"2";"0";""
"202400039890";"155 711 487";"B01";"2";"7";"0";"2";"4";"1";"1";""
"202400039890";"155 711 489";"C01";"2";"7";"0";"2";"6";"1";"1";""
"202400039891";"155 711 480";"A01";"3";"7";"0";"9";"1";"1";"1";""
"202400039891";"155 711 482";"B01";"3";"1";"0";"2";"7";"1";"5";""
"202400039892";"155 711 479";"B01";"3";"50";"0";"2";"8";"1";"3";""
"202400039892";"155 711 481";"A01";"3";"7";"0";"2";"1";"2";"1";""
"202400039893";"155 711 476";"B01";"2";"37";"0";"2";"3";"1";"1";"19"
"202400039893";"155 711 484";"A01";"1";"7";"0";"2";"1";"1";"1";""
"202400039894";"155 711 474";"A01";"1";"7";"0";"9";"3";"26";"2";""
"202400039894";"155 711 477";"B01";"1";"1";"0";"2";"7";"26";"5";""
"202400039895";"155 711 475";"B01";"1";"50";"0";"2";"7";"1";"3";""
"202400039895";"155 711 478";"A01";"2";"7";"0";"9";"1";"9";"1";""
"202400039896";"155 711 470";"B01";"1";"7";"0";"0";"4";"2";"2";""
"202400039896";"155 711 472";"A01";"1";"7";"0";"2";"1";"2";"1";""
"202400039897";"155 711 473";"A01";"3";"7";"0";"1";"1";"15";"1";""
"202400039898";"155 711 471";"A01";"3";"7";"0";"1";"4";"4";"1";""
"202400039899";"155 711 467";"B01";"3";"7";"0";"2";"6";"20";"1";""
"202400039899";"155 711 468";"A01";"3";"50";"0";"2";"5";"2";"3";""
"202400039900";"155 711 462";"A01";"3";"7";"0";"1";"2";"2";"2";""
"202400039901";"155 711 463";"A01";"1";"37";"0";"2";"1";"2";"1";"1"
"202400039901";"155 711 465";"B01";"1";"7";"0";"2";"4";"1";"1";""
"202400039902";"155 711 461";"C01";"1";"7";"0";"2";"4";"21";"1";""
"202400039902";"155 711 464";"A01";"1";"7";"0";"2";"1";"1";"1";""
"202400039902";"155 711 466";"D01";"1";"7";"0";"2";"4";"1";"1";""
"202400039902";"155 711 469";"B01";"1";"7";"0";"2";"4";"1";"1";""
"202400039903";"155 711 458";"B01";"3";"7";"0";"2";"4";"2";"1";""
"202400039903";"155 711 460";"A01";"3";"7";"0";"2";"1";"2";"1";""
"202400039904";"155 711 455";"A01";"2";"7";"0";"2";"1";"2";"1";""
"202400039904";"155 711 456";"C01";"2";"7";"0";"2";"4";"2";"1";""
"202400039904";"155 711 459";"B01";"2";"10";"0";"2";"4";"2";"1";""
"202400039905";"155 711 454";"A01";"1";"7";"0";"2";"3";"1";"1";""
"202400039905";"155 711 457";"B01";"1";"37";"0";"2";"2";"1";"1";"3"
"202400039906";"155 711 453";"A01";"3";"31";"4";"0";"0";"14";"0";""
"202400039907";"155 711 449";"B01";"1";"7";"0";"2";"5";"1";"1";""
"202400039907";"155 711 452";"A01";"1";"7";"0";"2";"3";"1";"1";""
"202400039908";"155 711 447";"A01";"3";"32";"0";"2";"3";"1";"1";""
"202400039908";"155 711 450";"B01";"3";"33";"0";"2";"3";"1";"1";""
"202400039909";"155 711 448";"B01";"1";"80";"0";"2";"1";"1";"2";""
"202400039909";"155 711 451";"A01";"2";"7";"0";"9";"2";"0";"1";""
"202400039910";"155 711 444";"A01";"3";"7";"0";"0";"1";"18";"1";""
"202400039911";"155 711 445";"A01";"2";"10";"0";"2";"7";"12";"1";""
"202400039911";"155 711 446";"B01";"2";"7";"0";"2";"1";"2";"1";""
"202400039912";"155 711 440";"A01";"1";"7";"0";"9";"2";"2";"1";""
"202400039912";"155 711 443";"B01";"1";"80";"0";"2";"6";"2";"3";""
"202400039913";"155 711 438";"A01";"1";"7";"0";"2";"1";"1";"1";""
"202400039913";"155 711 441";"B01";"1";"7";"0";"2";"4";"1";"1";""
"202400039914";"155 711 439";"A01";"1";"33";"0";"2";"1";"3";"1";""
"202400039914";"155 711 442";"B01";"1";"7";"0";"0";"4";"1";"1";""
"202400039915";"155 711 436";"A01";"3";"7";"0";"1";"5";"20";"1";""
"202400039916";"155 711 435";"A01";"1";"7";"0";"1";"1";"1";"2";""
"202400039917";"155 711 430";"A01";"0";"7";"0";"2";"2";"16";"1";""
"202400039917";"155 711 431";"B01";"3";"1";"0";"2";"1";"26";"5";""
"202400039918";"155 711 433";"C01";"3";"1";"0";"2";"7";"2";"5";""
"202400039918";"155 711 434";"A01";"3";"7";"0";"9";"2";"1";"1";""
"202400039918";"155 711 437";"B01";"1";"1";"0";"2";"3";"3";"5";""
"202400039919";"155 711 429";"B01";"2";"7";"0";"2";"8";"1";"2";""
"202400039919";"155 711 432";"A01";"2";"1";"0";"2";"1";"1";"5";""
"202400039920";"155 711 426";"A01";"2";"31";"0";"2";"1";"1";"1";""
"202400039920";"155 711 428";"B01";"2";"7";"0";"2";"4";"1";"1";""
"202400039921";"155 711 425";"A01";"3";"7";"0";"1";"2";"17";"1";""
"202400039922";"155 711 424";"B01";"3";"7";"1";"0";"0";"0";"1";""
"202400039922";"155 711 427";"Z01";"1";"10";"0";"2";"1";"1";"1";""
"202400039923";"155 711 421";"A01";"1";"7";"1";"0";"2";"2";"1";""
"202400039924";"155 711 418";"B01";"2";"33";"0";"2";"4";"2";"1";""
"202400039924";"155 711 419";"C01";"2";"7";"0";"2";"4";"2";"2";""
"202400039924";"155 711 420";"A01";"2";"33";"0";"2";"1";"11";"1";""
"202400039924";"155 711 422";"E01";"2";"7";"0";"2";"4";"2";"3";""
"202400039924";"155 711 423";"D01";"2";"7";"0";"2";"8";"2";"1";""
"202400039925";"155 711 417";"A01";"1";"33";"0";"1";"1";"13";"1";""
"202400039926";"155 711 415";"A01";"2";"1";"1";"0";"1";"1";"5";""
"202400039926";"155 711 416";"B01";"2";"7";"0";"2";"7";"22";"3";""
"202400039927";"155 711 410";"C01";"1";"80";"0";"2";"1";"1";"3";""
"202400039927";"155 711 411";"D01";"1";"1";"0";"2";"4";"1";"5";""
"202400039927";"155 711 412";"A01";"1";"1";"0";"2";"4";"1";"5";""
"202400039927";"155 711 414";"B01";"1";"80";"0";"2";"4";"1";"3";""
"202400039928";"155 711 409";"A01";"1";"31";"0";"2";"1";"0";"1";""
"202400039928";"155 711 413";"B01";"2";"7";"0";"2";"3";"0";"1";""
"202400039929";"155 711 404";"A01";"1";"1";"0";"2";"5";"17";"5";""
"202400039929";"155 711 406";"B01";"2";"32";"0";"2";"2";"1";"1";""
"202400039930";"155 711 403";"C01";"1";"7";"0";"2";"2";"1";"1";""
"202400039930";"155 711 407";"A01";"1";"7";"0";"2";"3";"1";"1";""
"202400039930";"155 711 408";"B01";"2";"7";"0";"2";"6";"15";"1";""
"202400039931";"155 711 405";"A01";"0";"7";"0";"1";"4";"20";"1";""
"202400039932";"155 711 401";"A01";"3";"7";"0";"1";"2";"1";"2";""
"202400039933";"155 711 398";"A01";"3";"33";"0";"2";"1";"18";"1";""
"202400039933";"155 711 400";"B01";"2";"7";"0";"2";"7";"16";"3";""
"202400039934";"155 711 399";"A01";"0";"7";"0";"2";"5";"2";"1";""
"202400039934";"155 711 402";"B01";"0";"1";"0";"2";"3";"1";"5";""
"202400039935";"155 711 394";"B01";"1";"50";"0";"2";"1";"1";"3";""
"202400039935";"155 711 397";"A01";"1";"7";"0";"2";"8";"1";"1";""
"202400039936";"155 711 395";"A01";"3";"7";"0";"1";"2";"1";"1";""
"202400039937";"155 711 393";"B01";"3";"7";"0";"2";"1";"1";"1";""
"202400039937";"155 711 396";"A01";"3";"7";"0";"2";"6";"1";"1";""
"202400039938";"155 711 389";"B01";"3";"7";"0";"2";"8";"24";"1";""
"202400039938";"155 711 392";"A01";"3";"10";"1";"0";"7";"1";"1";""
"202400039939";"155 711 388";"A01";"1";"7";"0";"2";"3";"2";"1";""
"202400039939";"155 711 391";"B01";"1";"7";"0";"0";"2";"2";"1";""
"202400039940";"155 711 387";"A01";"2";"7";"0";"2";"3";"1";"1";""
"202400039940";"155 711 390";"B01";"1";"2";"0";"2";"1";"1";"1";""
"202400039941";"155 711 382";"A01";"2";"7";"0";"2";"7";"24";"2";""
"202400039941";"155 711 385";"B01";"2";"34";"1";"0";"1";"18";"1";""
"202400039942";"155 711 384";"B01";"3";"60";"0";"2";"1";"5";"5";""
"202400039942";"155 711 386";"A01";"3";"7";"0";"2";"1";"1";"3";""
"202400039943";"155 711 383";"A01";"0";"7";"8";"0";"1";"0";"1";""
"202400039944";"155 711 381";"A01";"2";"7";"0";"1";"3";"1";"1";""
"202400039945";"155 711 380";"A01";"2";"7";"13";"0";"1";"0";"1";""
"202400039946";"155 711 377";"A01";"2";"33";"7";"0";"1";"14";"1";""
"202400039947";"155 711 376";"A01";"3";"7";"0";"1";"1";"20";"1";""
"202400039948";"155 711 375";"A01";"2";"7";"0";"2";"1";"2";"1";""
"202400039948";"155 711 378";"B01";"2";"7";"0";"2";"4";"15";"1";""
"202400039948";"155 711 379";"C01";"1";"7";"0";"2";"8";"1";"1";""
"202400039949";"155 711 372";"A01";"2";"31";"0";"2";"1";"18";"1";""
"202400039949";"155 711 373";"B01";"2";"7";"0";"2";"7";"0";"2";""
"202400039950";"155 711 371";"B01";"3";"60";"0";"2";"1";"19";"5";""
"202400039950";"155 711 374";"A01";"2";"10";"0";"2";"3";"1";"1";""
"202400039951";"155 711 369";"B01";"1";"31";"0";"2";"1";"2";"1";""
"202400039951";"155 711 370";"A01";"1";"7";"0";"9";"4";"17";"1";""
"202400039952";"155 711 367";"A01";"2";"7";"13";"0";"1";"1";"1";""
"202400039953";"155 711 362";"A01";"1";"33";"0";"0";"1";"0";"1";""
"202400039954";"155 711 363";"A01";"2";"7";"0";"2";"2";"2";"1";""
"202400039954";"155 711 366";"B01";"2";"80";"0";"2";"6";"2";"3";""
"202400039955";"155 711 364";"A01";"0";"7";"0";"2";"1";"0";"1";""
"202400039955";"155 711 365";"C01";"1";"7";"0";"2";"7";"0";"2";""
"202400039955";"155 711 368";"B01";"1";"7";"0";"2";"6";"0";"1";""
"202400039956";"155 711 361";"A01";"1";"0";"6";"0";"1";"1";"0";""
"202400039957";"155 711 358";"A01";"3";"7";"0";"2";"6";"10";"1";""
"202400039957";"155 711 360";"B01";"3";"43";"0";"2";"1";"17";"1";""
"202400039958";"155 711 359";"A01";"1";"7";"0";"1";"3";"0";"1";""
"202400039959";"155 711 357";"A01";"1";"7";"0";"0";"0";"0";"1";""
"202400039960";"155 711 355";"A01";"2";"43";"0";"0";"2";"23";"1";""
"202400039961";"155 711 354";"B01";"2";"7";"0";"2";"1";"0";"1";""
"202400039961";"155 711 356";"A01";"1";"32";"0";"2";"1";"5";"1";""
"202400039962";"155 711 351";"A01";"1";"33";"0";"2";"1";"1";"1";""
"202400039962";"155 711 353";"B01";"1";"7";"0";"0";"2";"1";"1";""
"202400039963";"155 711 350";"B01";"1";"7";"0";"2";"1";"15";"1";""
"202400039963";"155 711 352";"A01";"2";"1";"0";"2";"1";"1";"5";""
"202400039964";"155 711 345";"A01";"2";"7";"0";"0";"0";"0";"1";""
"202400039964";"155 711 346";"B01";"2";"43";"0";"2";"3";"9";"1";""
"202400039965";"155 711 344";"C01";"2";"7";"0";"2";"1";"16";"1";""
"202400039965";"155 711 348";"A01";"1";"99";"0";"2";"1";"17";"1";""
"202400039965";"155 711 349";"B01";"2";"7";"0";"2";"1";"26";"1";""
"202400039966";"155 711 343";"A01";"3";"7";"0";"2";"7";"19";"1";""
"202400039966";"155 711 347";"B01";"2";"7";"0";"2";"1";"1";"1";""
"202400039967";"155 711 341";"B01";"1";"1";"1";"0";"1";"1";"5";""
"202400039967";"155 711 342";"A01";"1";"7";"0";"2";"8";"22";"3";""
"202400039968";"155 711 337";"A01";"2";"50";"1";"0";"1";"0";"3";""
"202400039969";"155 711 336";"A01";"2";"7";"0";"2";"2";"17";"1";""
"202400039969";"155 711 339";"B01";"1";"7";"0";"2";"1";"1";"1";""
"202400039970";"155 711 333";"A01";"2";"33";"0";"1";"2";"1";"1";""
"202400039971";"155 711 334";"A01";"3";"13";"0";"2";"6";"1";"1";""
"202400039971";"155 711 335";"C01";"3";"7";"0";"2";"6";"23";"1";""
"202400039971";"155 711 338";"D01";"3";"7";"1";"2";"2";"1";"1";""
"202400039971";"155 711 340";"B01";"1";"7";"0";"2";"2";"17";"1";""
"202400039972";"155 711 332";"A01";"1";"7";"2";"0";"0";"13";"1";""
"202400039973";"155 711 331";"A01";"2";"80";"0";"0";"0";"1";"3";""
"202400039974";"155 711 329";"A01";"2";"7";"0";"1";"1";"1";"2";""
"202400039975";"155 711 328";"B01";"1";"1";"0";"2";"0";"15";"5";""
"202400039975";"155 711 330";"A01";"1";"10";"0";"2";"5";"15";"1";""
"202400039976";"155 711 325";"B01";"1";"10";"0";"2";"4";"1";"3";""
"202400039976";"155 711 327";"A01";"3";"31";"0";"2";"1";"1";"1";""
"202400039977";"155 711 323";"A01";"3";"7";"1";"1";"2";"14";"2";""
"202400039978";"155 711 321";"A01";"1";"50";"0";"2";"3";"15";"3";""
"202400039978";"155 711 322";"B01";"1";"33";"0";"2";"7";"1";"1";""
"202400039979";"155 711 318";"A01";"2";"30";"0";"2";"1";"18";"1";""
"202400039979";"155 711 320";"B01";"2";"7";"0";"2";"5";"15";"1";""
"202400039980";"155 711 317";"A01";"1";"7";"0";"2";"1";"1";"1";""
"202400039980";"155 711 319";"B01";"1";"7";"0";"0";"4";"23";"1";""
"202400039981";"155 711 316";"Z01";"2";"30";"0";"1";"0";"26";"0";""
"202400039982";"155 711 315";"A01";"1";"7";"14";"0";"3";"0";"1";""
"202400039983";"155 711 311";"A01";"2";"7";"0";"2";"1";"15";"1";""
"202400039983";"155 711 313";"B01";"1";"2";"0";"2";"1";"1";"1";""
"202400039984";"155 711 312";"A01";"3";"7";"0";"2";"2";"2";"1";""
"202400039984";"155 711 314";"B01";"3";"7";"0";"2";"4";"2";"1";""
"202400039985";"155 711 309";"A01";"1";"7";"0";"2";"8";"9";"1";""
"202400039985";"155 711 310";"B01";"1";"7";"0";"2";"1";"1";"1";""
"202400039986";"155 711 304";"A01";"2";"33";"0";"0";"0";"1";"1";""
"202400039987";"155 711 305";"A01";"1";"33";"0";"2";"4";"1";"1";""
"202400039987";"155 711 307";"B01";"1";"7";"0";"2";"4";"15";"1";""
"202400039988";"155 711 306";"B01";"2";"33";"0";"2";"1";"1";"1";""
"202400039988";"155 711 308";"A01";"1";"10";"0";"2";"7";"15";"1";""
"202400039989";"155 711 302";"A01";"2";"7";"2";"0";"8";"13";"1";""
"202400039990";"155 711 300";"A01";"2";"7";"0";"2";"1";"13";"1";""
"202400039990";"155 711 301";"B01";"1";"7";"0";"2";"1";"1";"1";""
"202400039991";"155 711 299";"B01";"3";"34";"0";"2";"0";"0";"0";""
"202400039991";"155 711 303";"A01";"2";"30";"0";"2";"0";"1";"0";""
"202400039992";"155 711 297";"A01";"3";"7";"0";"0";"3";"15";"1";""
"202400039992";"155 711 298";"B01";"1";"31";"0";"2";"1";"1";"1";""
"202400039993";"155 711 294";"A01";"1";"7";"0";"2";"2";"1";"1";""
"202400039993";"155 711 296";"B01";"1";"1";"0";"0";"4";"1";"5";""
"202400039994";"155 711 292";"B01";"3";"33";"0";"2";"1";"1";"1";""
"202400039994";"155 711 295";"A01";"3";"7";"0";"2";"8";"15";"1";""
"202400039995";"155 711 291";"A01";"3";"7";"2";"0";"3";"1";"1";""
"202400039996";"155 711 290";"B01";"2";"33";"0";"2";"1";"1";"1";""
"202400039996";"155 711 293";"A01";"1";"7";"0";"2";"3";"13";"1";""
"202400039997";"155 711 288";"A01";"2";"7";"6";"0";"1";"13";"1";""
"202400039998";"155 711 287";"A01";"1";"32";"0";"2";"1";"2";"1";""
"202400039998";"155 711 289";"B01";"1";"10";"0";"2";"4";"2";"1";""
"202400039999";"155 711 285";"A01";"2";"37";"0";"2";"5";"17";"1";"1"
"202400039999";"155 711 286";"B01";"2";"1";"0";"0";"8";"17";"5";""
"202400040000";"155 711 282";"A01";"1";"7";"0";"2";"1";"0";"1";""
"202400040000";"155 711 284";"B01";"2";"7";"0";"2";"1";"0";"1";""
"202400040001";"155 711 281";"A01";"2";"31";"0";"2";"7";"3";"1";""
"202400040001";"155 711 283";"B01";"2";"7";"0";"2";"8";"2";"1";""
"202400040002";"155 711 279";"B01";"1";"1";"0";"0";"4";"2";"5";""
"202400040002";"155 711 280";"A01";"1";"7";"0";"9";"2";"2";"2";""
"202400040003";"155 711 278";"A01";"1";"7";"0";"1";"1";"1";"1";""
"202400040004";"155 711 276";"A01";"2";"10";"0";"2";"1";"2";"1";""
"202400040004";"155 711 277";"B01";"2";"7";"0";"2";"4";"2";"1";""
"202400040005";"155 711 275";"A01";"1";"7";"0";"0";"0";"14";"1";""
"202400040006";"155 711 271";"A01";"1";"10";"0";"2";"2";"15";"1";""
"202400040006";"155 711 274";"B01";"1";"7";"0";"2";"1";"1";"1";""
"202400040007";"155 711 270";"A01";"1";"7";"3";"0";"1";"1";"1";""
"202400040008";"155 711 269";"A01";"2";"7";"0";"2";"1";"11";"1";""
"202400040008";"155 711 272";"B01";"2";"7";"0";"2";"4";"1";"2";""
"202400040009";"155 711 268";"A01";"1";"2";"0";"2";"1";"1";"1";""
"202400040009";"155 711 273";"B01";"1";"7";"0";"2";"4";"1";"1";""
"202400040010";"155 711 265";"A01";"2";"7";"0";"1";"2";"1";"1";""
"202400040011";"155 711 266";"A01";"1";"7";"2";"0";"1";"14";"1";""
"202400040012";"155 711 263";"A01";"1";"33";"0";"2";"2";"3";"1";""
"202400040012";"155 711 267";"B01";"1";"10";"0";"2";"8";"11";"1";""
"202400040013";"155 711 260";"A01";"2";"10";"0";"2";"7";"14";"1";""
"202400040013";"155 711 262";"B01";"2";"33";"0";"2";"8";"3";"1";""
"202400040013";"155 711 264";"C01";"2";"7";"0";"2";"3";"1";"1";""
"202400040014";"155 711 257";"A01";"3";"7";"0";"2";"3";"1";"1";""
"202400040014";"155 711 261";"B01";"3";"7";"0";"2";"2";"1";"1";""
"202400040015";"155 711 256";"B01";"2";"7";"0";"0";"0";"1";"1";""
"202400040015";"155 711 259";"A01";"1";"36";"0";"0";"0";"14";"1";""
"202400040016";"155 711 254";"B01";"1";"7";"0";"2";"4";"2";"1";""
"202400040016";"155 711 255";"C01";"1";"7";"0";"2";"4";"2";"1";""
"202400040016";"155 711 258";"A01";"2";"7";"0";"2";"1";"2";"1";""
"202400040017";"155 711 251";"A01";"2";"1";"0";"0";"0";"0";"5";""
"202400040018";"155 711 250";"A01";"2";"7";"0";"2";"2";"13";"1";""
"202400040018";"155 711 253";"B01";"1";"7";"0";"2";"1";"1";"1";""
"202400040019";"155 711 249";"B01";"2";"15";"0";"2";"6";"1";"1";""
"202400040019";"155 711 252";"A01";"2";"7";"4";"2";"2";"12";"1";""
"202400040020";"155 711 248";"A01";"3";"7";"9";"0";"1";"2";"1";""
"202400040021";"155 711 245";"A01";"2";"10";"0";"2";"5";"23";"1";""
"202400040021";"155 711 247";"B01";"2";"10";"13";"2";"3";"1";"1";""
"202400040022";"155 711 246";"A01";"1";"33";"0";"0";"8";"1";"1";""
"202400040023";"155 711 244";"A01";"0";"7";"0";"0";"2";"0";"1";""
"202400040024";"155 711 243";"A01";"3";"7";"0";"1";"1";"14";"2";""
"202400040025";"155 711 240";"A01";"1";"7";"0";"2";"3";"1";"1";""
"202400040025";"155 711 242";"B01";"1";"31";"0";"2";"1";"13";"1";""
"202400040026";"155 711 239";"A01";"1";"14";"0";"0";"0";"1";"1";""
"202400040026";"155 711 241";"B01";"2";"33";"0";"9";"3";"1";"1";""
"202400040027";"155 711 236";"A01";"2";"7";"13";"0";"3";"17";"1";""
"202400040028";"155 711 237";"A01";"1";"7";"0";"0";"9";"1";"1";""
"202400040029";"155 711 233";"C01";"2";"1";"0";"2";"1";"1";"5";""
"202400040029";"155 711 235";"A01";"2";"7";"0";"2";"7";"22";"0";""
"202400040029";"155 711 238";"B01";"2";"80";"0";"2";"3";"1";"2";""
"202400040030";"155 711 231";"A01";"1";"33";"0";"2";"1";"1";"1";""
"202400040030";"155 711 232";"B01";"2";"7";"0";"2";"3";"1";"1";""
"202400040031";"155 711 229";"B01";"1";"7";"0";"2";"3";"1";"1";""
"202400040031";"155 711 230";"A01";"2";"7";"0";"2";"3";"1";"1";""
"202400040032";"155 711 225";"A01";"1";"1";"0";"2";"1";"2";"5";""
"202400040032";"155 711 228";"B01";"1";"7";"0";"0";"4";"2";"1";""
"202400040033";"155 711 226";"B01";"2";"80";"0";"2";"1";"1";"3";""
"202400040033";"155 711 227";"A01";"3";"80";"0";"2";"1";"19";"3";""
"202400040034";"155 711 224";"A01";"1";"33";"0";"0";"0";"1";"1";""
"202400040035";"155 711 222";"B01";"3";"7";"13";"2";"8";"1";"1";""
"202400040035";"155 711 223";"A01";"3";"13";"0";"2";"1";"19";"1";""
"202400040036";"155 711 221";"A01";"1";"60";"12";"0";"1";"14";"5";""
"202400040037";"155 711 219";"A01";"2";"7";"0";"1";"1";"1";"1";""
"202400040038";"155 711 218";"A01";"1";"7";"0";"2";"3";"13";"1";""
"202400040038";"155 711 220";"B01";"2";"15";"0";"2";"2";"1";"1";""
"202400040039";"155 711 217";"A01";"3";"7";"8";"0";"1";"21";"1";""
"202400040040";"155 711 216";"Z01";"3";"7";"0";"1";"1";"1";"0";""
"202400040041";"155 711 213";"A01";"1";"33";"0";"2";"3";"1";"1";""
"202400040041";"155 711 215";"B01";"2";"7";"0";"2";"3";"1";"1";""
"202400040042";"155 711 211";"A01";"2";"7";"2";"0";"9";"1";"1";""
"202400040043";"155 711 212";"A01";"1";"7";"0";"2";"3";"13";"1";""
"202400040043";"155 711 214";"B01";"2";"7";"0";"2";"8";"14";"1";""
"202400040044";"155 711 208";"A01";"1";"50";"0";"2";"8";"1";"3";""
"202400040044";"155 711 210";"B01";"2";"1";"0";"2";"8";"1";"5";""
"202400040045";"155 711 207";"A01";"2";"7";"0";"9";"7";"17";"1";""
"202400040045";"155 711 209";"B01";"2";"1";"0";"2";"8";"15";"5";""
"202400040046";"155 711 205";"A01";"1";"33";"16";"0";"9";"1";"1";""
"202400040047";"155 711 204";"A01";"1";"7";"0";"2";"3";"1";"1";""
"202400040047";"155 711 206";"B01";"1";"33";"0";"2";"2";"1";"1";""
"202400040048";"155 711 203";"A01";"1";"33";"0";"1";"1";"17";"1";""
"202400040049";"155 711 202";"A01";"0";"10";"0";"1";"3";"2";"1";""
"202400040050";"155 711 198";"A01";"2";"1";"0";"4";"4";"13";"5";""
"202400040050";"155 711 201";"B01";"2";"40";"0";"2";"2";"1";"3";""
"202400040051";"155 711 196";"A01";"1";"7";"0";"2";"1";"17";"1";""
"202400040051";"155 711 199";"B01";"2";"7";"0";"2";"1";"1";"1";""
"202400040052";"155 711 197";"A01";"1";"33";"0";"2";"1";"1";"1";""
"202400040052";"155 711 200";"B01";"2";"7";"0";"0";"5";"15";"1";""
"202400040053";"155 711 195";"A01";"3";"13";"0";"1";"7";"16";"1";""
"202400040054";"155 711 192";"A01";"3";"7";"0";"2";"2";"19";"1";""
"202400040054";"155 711 193";"B01";"3";"3";"0";"2";"1";"1";"1";""
"202400040055";"155 711 191";"B01";"1";"7";"0";"9";"8";"1";"2";""
"202400040055";"155 711 194";"A01";"1";"1";"0";"2";"1";"1";"5";""
"202400040056";"155 711 189";"A01";"2";"7";"0";"2";"1";"5";"1";""
"202400040056";"155 711 190";"B01";"1";"10";"0";"2";"1";"1";"1";""
"202400040057";"155 711 186";"B01";"0";"50";"1";"0";"1";"21";"3";""
"202400040057";"155 711 188";"A01";"0";"7";"0";"0";"6";"22";"1";""
"202400040058";"155 711 185";"A01";"1";"43";"0";"2";"7";"18";"1";""
"202400040058";"155 711 187";"B01";"1";"7";"0";"2";"5";"22";"2";""
"202400040059";"155 711 183";"A01";"2";"2";"12";"0";"2";"1";"1";""
"202400040060";"155 711 182";"B01";"3";"1";"0";"0";"9";"1";"5";""
"202400040060";"155 711 184";"A01";"3";"1";"0";"0";"9";"1";"5";""
"202400040061";"155 711 179";"A01";"1";"7";"0";"2";"3";"17";"1";""
"202400040061";"155 711 181";"B01";"2";"7";"0";"2";"3";"1";"1";""
"202400040062";"155 711 178";"A01";"1";"37";"0";"1";"2";"1";"3";"1"
"202400040063";"155 711 177";"A01";"2";"10";"0";"2";"3";"1";"1";""
"202400040063";"155 711 180";"B01";"1";"7";"0";"2";"3";"1";"1";""
"202400040064";"155 711 176";"A01";"2";"50";"0";"0";"9";"1";"3";""
"202400040065";"155 711 174";"A01";"1";"1";"0";"2";"3";"13";"5";""
"202400040065";"155 711 175";"B01";"2";"21";"0";"2";"5";"1";"1";""
"202400040066";"155 711 171";"A01";"2";"7";"0";"2";"2";"15";"1";""
"202400040066";"155 711 173";"B01";"1";"2";"0";"2";"1";"1";"3";""
"202400040067";"155 711 170";"A01";"3";"7";"1";"0";"2";"13";"1";""
"202400040068";"155 711 169";"A01";"1";"33";"0";"0";"0";"1";"1";""
"202400040069";"155 711 168";"B01";"2";"7";"0";"2";"3";"1";"1";""
"202400040069";"155 711 172";"A01";"1";"7";"0";"2";"1";"13";"1";""
"202400040070";"155 711 165";"A01";"2";"31";"0";"0";"2";"1";"1";""
"202400040071";"155 711 164";"B01";"1";"7";"0";"2";"3";"1";"1";""
"202400040071";"155 711 167";"A01";"2";"7";"0";"2";"1";"1";"2";""
"202400040072";"155 711 162";"A01";"1";"7";"0";"0";"9";"1";"1";""
"202400040073";"155 711 161";"A01";"1";"7";"2";"0";"3";"13";"1";""
"202400040074";"155 711 160";"A01";"1";"7";"0";"1";"3";"1";"2";""
"202400040075";"155 711 158";"A01";"2";"15";"3";"0";"3";"1";"1";""
"202400040076";"155 711 154";"A01";"1";"33";"0";"2";"1";"1";"1";""
"202400040076";"155 711 155";"B01";"1";"80";"0";"2";"4";"1";"3";""
"202400040077";"155 711 156";"A01";"1";"43";"12";"0";"8";"2";"1";""
"202400040078";"155 711 151";"A01";"2";"7";"0";"0";"4";"1";"1";""
"202400040078";"155 711 153";"B01";"2";"10";"0";"2";"1";"1";"1";""
"202400040079";"155 711 148";"A01";"0";"7";"0";"2";"3";"13";"2";""
"202400040079";"155 711 150";"B01";"0";"7";"0";"2";"5";"13";"1";""
"202400040080";"155 711 147";"A01";"1";"7";"0";"2";"1";"15";"2";""
"202400040080";"155 711 152";"B01";"1";"33";"0";"2";"1";"1";"1";""
"202400040081";"155 711 146";"B01";"2";"7";"0";"2";"4";"2";"1";""
"202400040081";"155 711 149";"A01";"2";"10";"0";"2";"1";"2";"1";""
"202400040082";"155 711 142";"A01";"3";"7";"0";"2";"5";"1";"1";""
"202400040082";"155 711 143";"B01";"3";"7";"0";"2";"3";"15";"2";""
"202400040083";"155 711 141";"A01";"2";"0";"0";"2";"2";"2";"1";""