"Num_Acc";"id_vehicule";"num_veh";"senc";"catv";"obs";"obsm";"choc";"manv";"motor";"occutc"
"202400040482";"155 710 429";"C01";"2";"10";"0";"2";"4";"2";"1";""
"202400040483";"155 710 424";"B01";"1";"7";"0";"2";"1";"1";"1";""
"202400040483";"155 710 426";"A01";"2";"10";"0";"2";"1";"5";"1";""
"202400040484";"155 710 423";"A01";"1";"7";"4";"0";"3";"2";"1";""
"202400040485";"155 710 422";"A01";"1";"33";"0";"1";"1";"1";"1";""
"202400040486";"155 710 421";"A01";"2";"14";"0";"1";"0";"0";"1";""
"202400040487";"155 710 418";"B01";"3";"7";"0";"2";"4";"26";"1";""
"202400040487";"155 710 420";"A01";"3";"7";"0";"2";"1";"1";"1";""
"202400040488";"155 710 417";"A01";"3";"7";"0";"2";"2";"16";"1";""
"202400040488";"155 710 419";"B01";"3";"1";"0";"2";"8";"19";"5";""
"202400040489";"155 710 415";"A01";"1";"7";"0";"2";"7";"15";"1";""
"202400040489";"155 710 416";"B01";"2";"2";"0";"2";"1";"1";"1";""
"202400040490";"155 710 414";"A01";"1";"7";"2";"0";"0";"0";"1";""
"202400040491";"155 710 411";"A01";"1";"7";"0";"0";"9";"1";"1";""
"202400040492";"155 710 410";"A01";"1";"7";"1";"2";"3";"3";"1";""
"202400040492";"155 710 413";"D01";"2";"7";"0";"2";"6";"24";"1";""
"202400040493";"155 710 409";"B01";"2";"7";"0";"2";"0";"5";"1";""
"202400040493";"155 710 412";"A01";"1";"1";"0";"2";"0";"1";"5";""
"202400040494";"155 710 406";"A01";"2";"10";"0";"2";"1";"13";"1";""
"202400040494";"155 710 408";"B01";"1";"7";"0";"2";"1";"0";"1";""
"202400040495";"155 710 402";"A01";"2";"33";"0";"0";"0";"26";"1";""
"202400040495";"155 710 405";"B01";"1";"0";"0";"0";"0";"13";"0";""
"202400040496";"155 710 401";"B01";"3";"10";"0";"2";"2";"1";"1";""
"202400040496";"155 710 403";"C01";"3";"7";"0";"2";"4";"1";"1";""
"202400040496";"155 710 404";"A01";"3";"10";"0";"2";"3";"13";"1";""
"202400040496";"155 710 407";"D01";"3";"7";"0";"2";"0";"0";"2";""
"202400040497";"155 710 399";"A01";"1";"7";"0";"2";"4";"2";"1";""
"202400040497";"155 710 400";"B01";"1";"7";"0";"2";"1";"2";"1";""
"202400040498";"155 710 397";"A01";"2";"7";"0";"2";"8";"24";"1";""
"202400040498";"155 710 398";"B01";"2";"1";"1";"0";"0";"1";"5";""
"202400040499";"155 710 396";"A01";"2";"7";"0";"1";"1";"1";"3";""
"202400040500";"155 710 394";"A01";"1";"7";"0";"2";"1";"2";"1";""
"202400040500";"155 710 395";"B01";"1";"7";"0";"2";"4";"2";"1";""
"202400040501";"155 710 391";"B01";"1";"1";"0";"2";"0";"1";"5";""
"202400040501";"155 710 393";"A01";"1";"7";"0";"2";"0";"0";"1";""
"202400040502";"155 710 390";"A01";"1";"33";"0";"2";"1";"18";"1";""
"202400040502";"155 710 392";"B01";"1";"7";"0";"2";"2";"16";"1";""
"202400040503";"155 710 388";"A01";"3";"30";"0";"2";"1";"2";"1";""
"202400040503";"155 710 389";"B01";"3";"7";"0";"2";"6";"23";"1";""
"202400040504";"155 710 386";"A01";"0";"7";"0";"2";"3";"11";"2";""
"202400040504";"155 710 387";"B01";"0";"33";"0";"2";"7";"3";"1";""
"202400040505";"155 710 385";"A01";"1";"7";"0";"1";"2";"26";"1";""
"202400040506";"155 710 382";"A01";"1";"7";"6";"0";"0";"21";"1";""
"202400040507";"155 710 381";"A01";"2";"7";"0";"2";"1";"2";"1";""
"202400040507";"155 710 384";"B01";"2";"7";"0";"0";"4";"2";"1";""
"202400040508";"155 710 380";"A01";"2";"7";"0";"2";"8";"1";"2";""
"202400040508";"155 710 383";"B01";"2";"1";"0";"2";"8";"16";"5";""
"202400040509";"155 710 378";"A01";"1";"7";"0";"2";"3";"1";"1";""
"202400040509";"155 710 379";"B01";"2";"33";"0";"2";"7";"1";"1";""
"202400040510";"155 710 376";"A01";"2";"33";"0";"0";"0";"2";"1";""
"202400040511";"155 710 375";"A01";"1";"30";"0";"2";"7";"14";"1";""
"202400040511";"155 710 377";"B01";"1";"7";"0";"2";"1";"1";"2";""
"202400040512";"155 710 373";"A01";"1";"33";"0";"2";"1";"2";"1";""
"202400040512";"155 710 374";"B01";"1";"7";"0";"2";"4";"2";"1";""
"202400040513";"155 710 372";"A01";"2";"7";"0";"1";"1";"2";"0";""
"202400040514";"155 710 371";"A01";"1";"1";"0";"9";"0";"26";"5";""
"202400040515";"155 710 369";"A01";"2";"2";"1";"0";"2";"1";"1";""
"202400040516";"155 710 367";"A01";"1";"7";"16";"0";"6";"0";"1";""
"202400040516";"155 710 370";"B01";"1";"7";"1";"2";"1";"2";"0";""
"202400040517";"155 710 366";"A01";"1";"31";"0";"2";"1";"1";"1";""
"202400040517";"155 710 368";"B01";"1";"7";"0";"2";"5";"1";"1";""
"202400040518";"155 710 364";"B01";"2";"30";"0";"2";"4";"2";"1";""
"202400040518";"155 710 365";"A01";"2";"7";"0";"2";"1";"2";"1";""
"202400040519";"155 710 361";"A01";"1";"7";"0";"1";"2";"1";"1";""
"202400040520";"155 710 360";"A01";"1";"30";"0";"2";"0";"18";"1";""
"202400040520";"155 710 362";"B01";"2";"7";"0";"2";"3";"15";"1";""
"202400040521";"155 710 359";"A01";"1";"7";"0";"9";"2";"1";"1";""
"202400040521";"155 710 363";"B01";"2";"50";"0";"2";"7";"1";"3";""
"202400040522";"155 710 358";"A01";"3";"7";"7";"0";"1";"14";"1";""
"202400040523";"155 710 357";"A01";"2";"7";"16";"0";"3";"13";"1";""
"202400040524";"155 710 355";"A01";"2";"33";"0";"2";"7";"15";"1";""
"202400040524";"155 710 356";"B01";"2";"7";"0";"2";"8";"0";"1";""
"202400040525";"155 710 352";"A01";"3";"7";"0";"2";"3";"9";"1";""
"202400040525";"155 710 354";"B01";"3";"2";"0";"2";"1";"1";"1";""
"202400040526";"155 710 351";"A01";"1";"7";"12";"2";"1";"1";"1";""
"202400040526";"155 710 353";"B01";"2";"7";"0";"2";"1";"1";"1";""
"202400040527";"155 710 348";"A01";"3";"7";"4";"0";"1";"14";"1";""
"202400040528";"155 710 347";"B01";"3";"2";"0";"2";"1";"1";"1";""
"202400040528";"155 710 350";"A01";"3";"7";"0";"2";"7";"9";"1";""
"202400040529";"155 710 346";"B01";"1";"7";"1";"2";"7";"15";"1";""
"202400040529";"155 710 349";"A01";"2";"30";"0";"2";"7";"1";"1";""
"202400040530";"155 710 343";"A01";"1";"33";"0";"2";"7";"18";"1";""
"202400040530";"155 710 345";"B01";"1";"7";"0";"2";"8";"2";"1";""
"202400040531";"155 710 342";"A01";"3";"7";"0";"2";"8";"4";"1";""
"202400040531";"155 710 344";"B01";"1";"80";"0";"2";"1";"1";"3";""
"202400040532";"155 710 341";"A01";"3";"7";"0";"1";"3";"2";"1";""
"202400040533";"155 710 339";"A01";"1";"7";"0";"2";"1";"1";"1";""
"202400040533";"155 710 340";"B01";"2";"7";"0";"2";"1";"5";"1";""
"202400040534";"155 710 336";"A01";"3";"7";"0";"9";"2";"17";"1";""
"202400040534";"155 710 338";"B01";"3";"2";"0";"2";"4";"15";"1";""
"202400040535";"155 710 335";"Z01";"2";"0";"0";"2";"2";"1";"0";""
"202400040535";"155 710 337";"A01";"1";"7";"0";"2";"4";"23";"1";""
"202400040536";"155 710 332";"B01";"1";"38";"0";"2";"6";"19";"1";"1"
"202400040536";"155 710 334";"A01";"2";"33";"0";"2";"1";"1";"1";""
"202400040537";"155 710 330";"A01";"3";"50";"0";"2";"1";"1";"3";""
"202400040537";"155 710 333";"B01";"3";"80";"0";"2";"4";"1";"3";""
"202400040538";"155 710 329";"B01";"0";"37";"0";"2";"3";"1";"1";"2"
"202400040538";"155 710 331";"A01";"0";"7";"0";"2";"8";"9";"2";""
"202400040539";"155 710 326";"A01";"2";"10";"0";"2";"3";"13";"1";""
"202400040539";"155 710 328";"B01";"1";"7";"0";"2";"3";"1";"1";""
"202400040540";"155 710 322";"A01";"2";"10";"0";"2";"2";"17";"1";""
"202400040540";"155 710 325";"B01";"2";"7";"0";"2";"8";"15";"1";""
"202400040541";"155 710 323";"C01";"1";"7";"0";"2";"4";"0";"1";""
"202400040541";"155 710 324";"A01";"1";"7";"0";"2";"2";"0";"1";""
"202400040541";"155 710 327";"B01";"1";"7";"0";"2";"9";"23";"1";""
"202400040542";"155 710 319";"A01";"2";"7";"0";"2";"3";"13";"1";""
"202400040542";"155 710 321";"B01";"1";"7";"0";"2";"3";"1";"1";""
"202400040543";"155 710 318";"A01";"1";"7";"0";"1";"2";"14";"1";""
"202400040544";"155 710 317";"C01";"0";"7";"0";"2";"3";"15";"1";""
"202400040544";"155 710 320";"B01";"2";"7";"0";"2";"2";"26";"1";""
"202400040545";"155 710 315";"A01";"0";"7";"0";"1";"3";"1";"2";""
"202400040546";"155 710 313";"A01";"0";"7";"0";"2";"3";"1";"1";""
"202400040546";"155 710 316";"B01";"1";"33";"0";"2";"2";"1";"1";""
"202400040547";"155 710 312";"A01";"2";"7";"0";"2";"1";"1";"1";""
"202400040547";"155 710 314";"B01";"1";"7";"0";"2";"7";"1";"1";""
"202400040548";"155 710 311";"A01";"3";"30";"15";"0";"2";"14";"1";""
"202400040549";"155 710 310";"A01";"2";"2";"0";"0";"0";"1";"1";""
"202400040550";"155 710 308";"A01";"2";"7";"0";"1";"1";"1";"3";""
"202400040551";"155 710 307";"A01";"1";"33";"0";"2";"1";"17";"1";""
"202400040551";"155 710 309";"B01";"1";"7";"0";"2";"8";"15";"1";""
"202400040552";"155 710 305";"B01";"1";"7";"0";"2";"6";"2";"1";""
"202400040552";"155 710 306";"A01";"1";"30";"0";"2";"1";"2";"1";""
"202400040553";"155 710 304";"A01";"1";"7";"0";"1";"1";"1";"1";""
"202400040554";"155 710 303";"A01";"3";"7";"0";"1";"1";"15";"1";""
"202400040555";"155 710 299";"A01";"1";"7";"0";"2";"3";"13";"1";""
"202400040555";"155 710 301";"B01";"2";"7";"0";"2";"3";"1";"1";""
"202400040555";"155 710 302";"C01";"2";"15";"0";"2";"8";"1";"1";""
"202400040556";"155 710 298";"A01";"1";"33";"9";"0";"2";"14";"1";""
"202400040557";"155 710 294";"A01";"3";"10";"13";"0";"2";"1";"1";""
"202400040558";"155 710 291";"A01";"2";"2";"2";"0";"1";"14";"1";""
"202400040559";"155 710 292";"A01";"1";"7";"0";"1";"3";"15";"1";""
"202400040560";"155 710 288";"A01";"1";"7";"0";"2";"1";"13";"1";""
"202400040560";"155 710 290";"B01";"2";"7";"0";"2";"1";"1";"1";""
"202400040561";"155 710 287";"A01";"2";"7";"0";"1";"1";"1";"1";""
"202400040562";"155 710 285";"B01";"2";"7";"0";"2";"0";"0";"1";""
"202400040562";"155 710 286";"A01";"2";"7";"0";"2";"0";"0";"0";""
"202400040562";"155 710 289";"C01";"2";"7";"0";"2";"0";"0";"1";""
"202400040563";"155 710 284";"A01";"2";"7";"1";"0";"1";"1";"1";""
"202400040564";"155 710 281";"A01";"1";"7";"0";"2";"3";"15";"1";""
"202400040564";"155 710 283";"B01";"1";"10";"0";"2";"3";"1";"1";""
"202400040565";"155 710 280";"B01";"1";"33";"1";"0";"1";"1";"1";""
"202400040565";"155 710 282";"A01";"1";"7";"0";"2";"8";"22";"1";""
"202400040566";"155 710 279";"A01";"2";"10";"0";"1";"2";"1";"1";""
"202400040567";"155 710 276";"B01";"3";"7";"0";"2";"1";"21";"1";""
"202400040567";"155 710 278";"Z01";"0";"7";"0";"2";"1";"5";"2";""
"202400040568";"155 710 275";"A01";"1";"7";"0";"2";"2";"1";"1";""
"202400040568";"155 710 277";"B01";"3";"1";"0";"2";"1";"25";"5";""
"202400040569";"155 710 273";"A01";"0";"15";"0";"1";"5";"1";"1";""
"202400040570";"155 710 271";"A01";"1";"7";"8";"0";"7";"0";"1";""
"202400040571";"155 710 272";"A01";"2";"7";"0";"2";"8";"15";"1";""
"202400040571";"155 710 274";"B01";"2";"10";"0";"2";"2";"2";"1";""
"202400040572";"155 710 267";"A01";"3";"2";"0";"2";"1";"13";"1";""
"202400040572";"155 710 269";"B01";"3";"10";"0";"2";"3";"21";"1";""
"202400040573";"155 710 266";"A01";"3";"7";"14";"2";"1";"13";"1";""
"202400040573";"155 710 270";"B01";"3";"1";"0";"2";"7";"0";"5";""
"202400040574";"155 710 265";"Z01";"3";"7";"0";"2";"0";"1";"0";""
"202400040574";"155 710 268";"A01";"3";"7";"0";"2";"1";"26";"1";""
"202400040575";"155 710 263";"A01";"2";"7";"17";"0";"1";"1";"1";""
"202400040576";"155 710 261";"A01";"1";"7";"0";"0";"0";"0";"0";""
"202400040576";"155 710 264";"B01";"3";"7";"0";"2";"4";"24";"1";""
"202400040577";"155 710 260";"A01";"2";"2";"0";"2";"8";"9";"1";""
"202400040577";"155 710 262";"B01";"3";"7";"0";"2";"1";"1";"1";""
"202400040578";"155 710 259";"A01";"1";"10";"0";"1";"3";"2";"3";""
"202400040579";"155 710 255";"A01";"3";"7";"0";"1";"2";"1";"1";""
"202400040580";"155 710 256";"A01";"1";"7";"6";"0";"1";"0";"1";""
"202400040581";"155 710 257";"B01";"1";"7";"0";"2";"2";"1";"1";""
"202400040581";"155 710 258";"A01";"2";"30";"0";"2";"3";"9";"1";""
"202400040582";"155 710 252";"A01";"0";"7";"0";"2";"3";"26";"2";""
"202400040582";"155 710 254";"B01";"0";"10";"0";"2";"3";"1";"1";""
"202400040583";"155 710 250";"B01";"1";"33";"0";"2";"3";"1";"1";""
"202400040583";"155 710 253";"A01";"2";"7";"0";"2";"7";"15";"2";""
"202400040584";"155 710 249";"A01";"1";"7";"0";"2";"2";"16";"1";""
"202400040584";"155 710 251";"B01";"1";"1";"0";"2";"3";"9";"5";""
"202400040585";"155 710 244";"B01";"0";"32";"0";"2";"1";"1";"1";""
"202400040585";"155 710 248";"A01";"0";"7";"0";"2";"3";"15";"1";""
"202400040586";"155 710 245";"A01";"3";"7";"8";"0";"1";"26";"1";""
"202400040587";"155 710 246";"B01";"1";"7";"0";"2";"2";"2";"1";""
"202400040587";"155 710 247";"A01";"3";"7";"0";"2";"3";"9";"1";""
"202400040588";"155 710 240";"B01";"2";"7";"0";"2";"1";"1";"1";""
"202400040588";"155 710 243";"A01";"2";"1";"0";"2";"7";"1";"5";""
"202400040589";"155 710 239";"A01";"3";"3";"0";"2";"2";"15";"0";""
"202400040589";"155 710 242";"B01";"3";"30";"0";"2";"1";"1";"1";""
"202400040590";"155 710 241";"Z01";"2";"7";"0";"1";"2";"16";"1";""
"202400040591";"155 710 238";"A01";"1";"33";"4";"0";"1";"1";"1";""
"202400040592";"155 710 236";"A01";"3";"0";"0";"1";"0";"0";"0";""
"202400040593";"155 710 234";"A01";"2";"33";"0";"0";"0";"0";"1";""
"202400040594";"155 710 233";"A01";"2";"50";"0";"1";"1";"1";"3";""
"202400040595";"155 710 230";"A01";"2";"10";"0";"2";"2";"2";"1";""
"202400040595";"155 710 231";"B01";"2";"10";"0";"2";"6";"15";"1";""
"202400040596";"155 710 229";"A01";"3";"7";"0";"2";"1";"9";"1";""
"202400040596";"155 710 232";"B01";"3";"7";"0";"2";"7";"1";"1";""
"202400040597";"155 710 228";"A01";"3";"7";"0";"0";"0";"1";"1";""
"202400040598";"155 710 226";"A01";"2";"31";"0";"0";"8";"1";"1";""
"202400040599";"155 710 224";"A01";"3";"7";"0";"0";"1";"13";"1";""
"202400040599";"155 710 227";"B01";"3";"7";"0";"2";"1";"1";"1";""
"202400040600";"155 710 223";"A01";"2";"1";"0";"2";"3";"26";"5";""
"202400040600";"155 710 225";"B01";"2";"7";"0";"2";"2";"1";"1";""
"202400040601";"155 710 220";"A01";"3";"7";"0";"2";"8";"15";"1";""
"202400040601";"155 710 221";"B01";"3";"2";"0";"2";"2";"17";"3";""
"202400040602";"155 710 219";"B01";"1";"10";"0";"2";"7";"2";"1";""
"202400040602";"155 710 222";"A01";"1";"30";"0";"2";"3";"15";"1";""
"202400040603";"155 710 217";"A01";"2";"7";"0";"2";"2";"15";"1";""
"202400040603";"155 710 218";"B01";"2";"7";"0";"2";"1";"1";"2";""
"202400040604";"155 710 215";"A01";"1";"30";"0";"0";"0";"1";"1";""
"202400040605";"155 710 214";"A01";"1";"50";"0";"0";"0";"2";"3";""
"202400040606";"155 710 210";"A01";"2";"7";"0";"2";"1";"19";"1";""
"202400040606";"155 710 213";"B01";"2";"7";"0";"2";"7";"1";"1";""
"202400040606";"155 710 216";"C01";"1";"7";"0";"2";"2";"1";"1";""
"202400040607";"155 710 209";"A01";"2";"7";"0";"2";"2";"1";"1";""
"202400040607";"155 710 212";"B01";"3";"1";"0";"2";"1";"19";"5";""
"202400040608";"155 710 208";"A01";"1";"3";"0";"2";"3";"16";"3";""
"202400040608";"155 710 211";"B01";"1";"7";"0";"2";"2";"1";"1";""
"202400040609";"155 710 207";"A01";"1";"7";"3";"0";"1";"1";"1";""
"202400040610";"155 710 204";"B01";"3";"7";"0";"2";"2";"2";"1";""
"202400040610";"155 710 206";"A01";"3";"10";"0";"2";"3";"13";"1";""
"202400040611";"155 710 202";"B01";"1";"7";"0";"2";"1";"1";"1";""
"202400040611";"155 710 205";"A01";"2";"7";"0";"2";"1";"13";"1";""
"202400040612";"155 710 201";"B01";"2";"7";"0";"2";"4";"12";"1";""
"202400040612";"155 710 203";"A01";"2";"33";"0";"2";"1";"3";"1";""
"202400040613";"155 710 199";"A01";"2";"7";"0";"2";"1";"17";"1";""
"202400040613";"155 710 200";"B01";"1";"7";"0";"2";"1";"1";"1";""
"202400040614";"155 710 197";"A01";"2";"10";"0";"1";"2";"2";"1";""
"202400040615";"155 710 196";"A01";"1";"7";"0";"2";"1";"2";"1";""
"202400040615";"155 710 198";"B01";"1";"7";"0";"2";"4";"2";"1";""
"202400040616";"155 710 194";"A01";"1";"7";"13";"0";"3";"13";"1";""
"202400040617";"155 710 193";"A01";"2";"7";"4";"0";"9";"1";"1";""
"202400040618";"155 710 192";"A01";"2";"7";"1";"2";"7";"1";"1";""
"202400040618";"155 710 195";"B01";"1";"7";"0";"2";"3";"1";"1";""
"202400040619";"155 710 191";"A01";"2";"34";"0";"0";"0";"0";"1";""
"202400040620";"155 710 188";"A01";"1";"7";"0";"2";"1";"2";"1";""
"202400040620";"155 710 190";"B01";"1";"7";"0";"2";"4";"1";"1";""
"202400040621";"155 710 187";"A01";"3";"33";"0";"2";"4";"16";"1";""
"202400040621";"155 710 189";"B01";"3";"7";"0";"2";"0";"2";"1";""
"202400040622";"155 710 186";"A01";"3";"7";"0";"1";"3";"15";"1";""
"202400040623";"155 710 182";"B01";"1";"33";"0";"2";"1";"1";"1";""
"202400040623";"155 710 185";"A01";"2";"7";"0";"2";"8";"1";"1";""
"202400040624";"155 710 181";"B01";"1";"10";"0";"2";"3";"1";"1";""
"202400040624";"155 710 183";"A01";"1";"30";"0";"2";"1";"1";"1";""
"202400040625";"155 710 180";"A01";"1";"7";"0";"2";"1";"26";"1";""
"202400040625";"155 710 184";"B01";"3";"7";"0";"2";"3";"26";"1";""
"202400040626";"155 710 177";"B01";"1";"40";"0";"2";"7";"1";"3";""
"202400040626";"155 710 179";"A01";"1";"7";"0";"4";"8";"1";"1";""
"202400040627";"155 710 175";"A01";"2";"2";"0";"2";"0";"12";"1";""
"202400040627";"155 710 178";"B01";"2";"7";"0";"2";"7";"1";"2";""
"202400040628";"155 710 172";"A01";"3";"7";"0";"2";"1";"13";"1";""
"202400040628";"155 710 174";"B01";"3";"7";"0";"2";"9";"1";"1";""
"202400040628";"155 710 176";"C01";"3";"7";"0";"2";"1";"1";"1";""
"202400040629";"155 710 171";"X01";"2";"7";"0";"2";"4";"1";"0";""
"202400040629";"155 710 173";"A01";"2";"43";"3";"2";"4";"1";"1";""
"202400040630";"155 710 170";"A01";"2";"30";"0";"0";"0";"0";"1";""
"202400040631";"155 710 169";"A01";"1";"30";"0";"0";"8";"1";"1";""
"202400040632";"155 710 168";"A01";"1";"7";"0";"1";"7";"21";"1";""
"202400040633";"155 710 167";"A01";"3";"7";"0";"0";"0";"0";"1";""
"202400040634";"155 710 163";"A01";"1";"7";"0";"2";"6";"23";"1";""
"202400040634";"155 710 165";"B01";"1";"32";"1";"0";"1";"0";"1";""
"202400040635";"155 710 164";"Z01";"1";"14";"0";"2";"7";"1";"1";""
"202400040635";"155 710 166";"B01";"1";"50";"0";"2";"8";"15";"3";""
"202400040636";"155 710 160";"A01";"1";"7";"0";"2";"5";"15";"1";""
"202400040636";"155 710 162";"B01";"2";"31";"0";"2";"1";"1";"1";""
"202400040637";"155 710 161";"A01";"1";"7";"0";"1";"1";"15";"1";""
"202400040638";"155 710 157";"A01";"1";"2";"0";"2";"3";"1";"1";""
"202400040638";"155 710 159";"B01";"1";"7";"0";"2";"0";"15";"1";""
"202400040639";"155 710 155";"A01";"1";"7";"0";"0";"0";"1";"1";""
"202400040639";"155 710 156";"B01";"2";"30";"0";"2";"0";"13";"1";""
"202400040640";"155 710 153";"A01";"1";"7";"0";"2";"1";"2";"1";""
"202400040640";"155 710 154";"B01";"1";"7";"0";"2";"5";"23";"2";""
"202400040641";"155 710 150";"B01";"2";"33";"0";"2";"1";"1";"1";""
"202400040641";"155 710 152";"A01";"2";"7";"0";"2";"8";"10";"1";""
"202400040642";"155 710 149";"B01";"1";"33";"0";"2";"7";"17";"1";""
"202400040642";"155 710 151";"A01";"1";"14";"0";"2";"8";"2";"1";""
"202400040643";"155 710 147";"A01";"1";"7";"0";"2";"7";"15";"1";""
"202400040643";"155 710 148";"B01";"2";"2";"0";"2";"1";"1";"1";""
"202400040644";"155 710 146";"A01";"3";"37";"0";"1";"2";"2";"1";"1"
"202400040645";"155 710 144";"A01";"1";"30";"0";"0";"0";"1";"1";""
"202400040646";"155 710 143";"A01";"2";"7";"0";"2";"2";"1";"1";""
"202400040646";"155 710 145";"B01";"2";"7";"0";"2";"8";"15";"1";""
"202400040647";"155 710 140";"B01";"1";"30";"0";"2";"1";"0";"1";""
"202400040647";"155 710 142";"A01";"1";"7";"0";"2";"1";"1";"1";""
"202400040648";"155 710 139";"B01";"2";"33";"0";"2";"1";"17";"1";""
"202400040648";"155 710 141";"A01";"2";"10";"0";"2";"3";"15";"1";""
"202400040649";"155 710 138";"A01";"1";"2";"14";"0";"2";"16";"3";""
"202400040650";"155 710 136";"A01";"1";"7";"0";"2";"7";"15";"1";""
"202400040650";"155 710 137";"B01";"2";"33";"0";"2";"1";"21";"1";""
"202400040651";"155 710 133";"B01";"1";"10";"0";"2";"6";"9";"1";""
"202400040651";"155 710 135";"A01";"1";"33";"0";"2";"1";"1";"1";""
"202400040652";"155 710 132";"A01";"0";"7";"3";"2";"2";"14";"1";""
"202400040652";"155 710 134";"B01";"0";"7";"3";"2";"2";"13";"1";""
"202400040653";"155 710 131";"A01";"3";"7";"0";"1";"1";"15";"1";""
"202400040654";"155 710 129";"A01";"2";"7";"0";"2";"2";"2";"1";""
"202400040654";"155 710 130";"B01";"1";"50";"0";"2";"4";"2";"3";""
"202400040655";"155 710 124";"B01";"2";"31";"0";"2";"1";"1";"0";""
"202400040655";"155 710 127";"A01";"1";"7";"0";"2";"1";"10";"1";""
"202400040656";"155 710 123";"B01";"1";"7";"0";"2";"4";"2";"2";""
"202400040656";"155 710 125";"A01";"1";"7";"0";"2";"1";"2";"2";""
"202400040656";"155 710 126";"D01";"1";"7";"0";"2";"4";"2";"1";""
"202400040656";"155 710 128";"C01";"1";"7";"0";"2";"4";"2";"1";""
"202400040657";"155 710 118";"B01";"2";"31";"1";"0";"5";"17";"1";""
"202400040657";"155 710 120";"A01";"2";"7";"0";"2";"3";"22";"3";""
"202400040658";"155 710 117";"A01";"1";"7";"0";"2";"1";"2";"1";""
"202400040658";"155 710 119";"B01";"1";"7";"0";"2";"1";"2";"1";""
"202400040658";"155 710 121";"C01";"1";"7";"0";"2";"1";"2";"1";""
"202400040658";"155 710 122";"D01";"1";"7";"0";"2";"1";"0";"1";""
"202400040659";"155 710 116";"A01";"1";"7";"1";"0";"1";"2";"1";""
"202400040660";"155 710 115";"A01";"1";"31";"0";"1";"1";"16";"1";""
"202400040661";"155 710 113";"A01";"1";"41";"0";"2";"1";"2";"1";""
"202400040661";"155 710 114";"B01";"3";"10";"0";"2";"4";"15";"1";""
"202400040662";"155 710 111";"A01";"2";"7";"0";"2";"2";"2";"1";""
"202400040662";"155 710 112";"Z01";"2";"32";"0";"0";"1";"2";"1";""
"202400040663";"155 710 109";"A01";"2";"30";"0";"2";"1";"1";"1";""
"202400040663";"155 710 110";"B01";"3";"7";"0";"2";"6";"1";"1";""
"202400040664";"155 710 107";"B01";"2";"7";"0";"2";"3";"9";"1";""
"202400040664";"155 710 108";"A01";"1";"1";"0";"2";"1";"1";"5";""
"202400040665";"155 710 105";"A01";"3";"7";"0";"2";"6";"16";"1";""
"202400040665";"155 710 106";"B01";"3";"30";"0";"2";"1";"1";"1";""
"202400040666";"155 710 103";"A01";"1";"1";"0";"2";"7";"1";"5";""
"202400040666";"155 710 104";"B01";"1";"7";"0";"2";"1";"9";"1";""
"202400040667";"155 710 101";"A01";"3";"10";"0";"2";"3";"9";"1";""
"202400040667";"155 710 102";"B01";"3";"30";"0";"2";"1";"15";"1";""
"202400040668";"155 710 099";"B01";"2";"1";"1";"0";"3";"1";"5";""
"202400040668";"155 710 100";"A01";"2";"7";"1";"0";"3";"22";"1";""
"202400040669";"155 710 097";"A01";"3";"1";"0";"2";"1";"16";"5";""
"202400040669";"155 710 098";"B01";"3";"50";"0";"2";"1";"15";"3";""
"202400040670";"155 710 095";"A01";"2";"50";"0";"2";"8";"1";"3";""
"202400040670";"155 710 096";"Z01";"2";"10";"0";"2";"1";"7";"1";""
"202400040671";"155 710 094";"A01";"3";"2";"12";"0";"1";"16";"1";""
"202400040672";"155 710 093";"A01";"3";"10";"0";"1";"1";"1";"1";""
"202400040673";"155 710 091";"B01";"3";"7";"0";"2";"2";"15";"1";""
"202400040673";"155 710 092";"A01";"3";"32";"0";"2";"3";"1";"1";""
"202400040674";"155 710 089";"A01";"0";"10";"6";"2";"8";"15";"1";""
"202400040674";"155 710 090";"B01";"0";"33";"0";"2";"1";"2";"1";""
"202400040675";"155 710 087";"A01";"3";"10";"0";"2";"1";"1";"1";""
"202400040675";"155 710 088";"B01";"3";"7";"0";"2";"4";"1";"1";""
"202400040676";"155 710 085";"A01";"3";"2";"0";"2";"1";"2";"1";""
"202400040676";"155 710 086";"B01";"3";"7";"0";"2";"4";"23";"1";""
"202400040677";"155 710 081";"A01";"3";"30";"1";"0";"1";"1";"1";""
"202400040677";"155 710 082";"B01";"3";"37";"0";"2";"4";"23";"1";"1"
"202400040678";"155 710 083";"A01";"2";"2";"0";"2";"1";"2";"1";""
"202400040678";"155 710 084";"B01";"2";"7";"0";"2";"3";"15";"1";""
"202400040679";"155 710 078";"A01";"2";"32";"0";"2";"1";"1";"1";""
"202400040679";"155 710 080";"B01";"1";"7";"0";"2";"4";"1";"1";""
"202400040680";"155 710 077";"A01";"3";"30";"0";"2";"1";"1";"1";""
"202400040680";"155 710 079";"B01";"3";"10";"0";"2";"4";"1";"1";""
"202400040681";"155 710 075";"A01";"1";"7";"0";"2";"1";"17";"1";""
"202400040681";"155 710 076";"B01";"1";"7";"0";"0";"4";"1";"1";""
"202400040682";"155 710 074";"A01";"3";"7";"0";"1";"3";"0";"0";""
"202400040683";"155 710 073";"A01";"2";"7";"2";"0";"2";"1";"1";""
"202400040684";"155 710 071";"B01";"1";"7";"0";"2";"2";"9";"3";""