"Num_Acc";"id_vehicule";"num_veh";"senc";"catv";"obs";"obsm";"choc";"manv";"motor";"occutc"
"202400041086";"155 709 344";"A01";"2";"37";"0";"1";"0";"1";"4";"1"
"202400041087";"155 709 342";"A01";"2";"2";"0";"2";"1";"15";"3";""
"202400041087";"155 709 345";"B01";"2";"7";"0";"2";"2";"1";"1";""
"202400041088";"155 709 343";"A01";"1";"7";"0";"2";"2";"15";"1";""
"202400041088";"155 709 346";"B01";"2";"1";"0";"2";"7";"1";"5";""
"202400041089";"155 709 341";"A01";"2";"7";"0";"2";"0";"0";"1";""
"202400041090";"155 709 339";"A01";"3";"7";"0";"1";"3";"2";"1";""
"202400041091";"155 709 336";"B01";"3";"10";"0";"2";"2";"1";"1";""
"202400041091";"155 709 340";"A01";"2";"10";"0";"2";"3";"5";"1";""
"202400041092";"155 709 335";"A01";"2";"7";"0";"2";"1";"2";"1";""
"202400041092";"155 709 338";"B01";"2";"7";"3";"2";"4";"2";"1";""
"202400041093";"155 709 332";"A01";"3";"37";"0";"2";"2";"1";"1";"1"
"202400041093";"155 709 333";"B01";"3";"34";"0";"2";"1";"0";"0";""
"202400041094";"155 709 330";"C01";"1";"7";"1";"0";"0";"0";"1";""
"202400041094";"155 709 334";"A01";"1";"7";"0";"2";"1";"1";"1";""
"202400041094";"155 709 337";"B01";"1";"7";"0";"2";"1";"1";"1";""
"202400041095";"155 709 328";"A01";"3";"33";"0";"2";"3";"2";"1";""
"202400041095";"155 709 331";"B01";"3";"7";"0";"2";"4";"15";"1";""
"202400041096";"155 709 326";"B01";"1";"7";"0";"2";"1";"2";"1";""
"202400041096";"155 709 327";"A01";"1";"7";"0";"2";"4";"2";"1";""
"202400041097";"155 709 325";"A01";"3";"7";"0";"2";"0";"21";"1";""
"202400041097";"155 709 329";"B01";"3";"7";"0";"2";"0";"15";"1";""
"202400041098";"155 709 324";"Z01";"3";"7";"0";"1";"0";"0";"0";""
"202400041099";"155 709 323";"A01";"3";"10";"0";"1";"7";"1";"1";""
"202400041100";"155 709 319";"A01";"1";"7";"0";"2";"1";"2";"0";""
"202400041100";"155 709 321";"B01";"3";"7";"0";"2";"4";"2";"1";""
"202400041101";"155 709 320";"A01";"2";"7";"0";"1";"3";"1";"2";""
"202400041102";"155 709 317";"A01";"1";"30";"1";"0";"1";"2";"3";""
"202400041103";"155 709 316";"A01";"1";"7";"0";"2";"8";"15";"1";""
"202400041103";"155 709 318";"B01";"1";"43";"0";"2";"0";"0";"1";""
"202400041104";"155 709 313";"B01";"1";"7";"0";"1";"6";"1";"1";""
"202400041105";"155 709 312";"B01";"2";"80";"0";"2";"4";"12";"3";""
"202400041105";"155 709 315";"A01";"2";"7";"0";"2";"1";"1";"1";""
"202400041106";"155 709 311";"A01";"3";"37";"0";"9";"0";"0";"1";"1"
"202400041106";"155 709 314";"B01";"2";"1";"0";"2";"1";"0";"5";""
"202400041107";"155 709 310";"A01";"1";"10";"7";"0";"4";"20";"1";""
"202400041108";"155 709 307";"B01";"2";"7";"0";"2";"1";"0";"1";""
"202400041108";"155 709 309";"A01";"2";"7";"0";"2";"6";"13";"1";""
"202400041109";"155 709 308";"A01";"0";"32";"0";"0";"8";"1";"1";""
"202400041110";"155 709 304";"B01";"2";"7";"0";"2";"1";"15";"1";""
"202400041110";"155 709 306";"A01";"2";"37";"0";"2";"3";"1";"1";"1"
"202400041111";"155 709 305";"A01";"1";"33";"0";"2";"0";"26";"1";""
"202400041112";"155 709 302";"A01";"2";"10";"7";"0";"7";"21";"1";""
"202400041113";"155 709 301";"A01";"1";"10";"0";"2";"7";"0";"1";""
"202400041113";"155 709 303";"B01";"1";"1";"0";"2";"8";"1";"5";""
"202400041114";"155 709 299";"A01";"1";"32";"0";"0";"8";"1";"1";""
"202400041115";"155 709 297";"A01";"1";"30";"0";"2";"1";"2";"1";""
"202400041115";"155 709 300";"B01";"1";"7";"0";"2";"4";"2";"2";""
"202400041116";"155 709 295";"A01";"1";"7";"0";"2";"1";"1";"1";""
"202400041116";"155 709 298";"B01";"3";"80";"0";"2";"3";"12";"3";""
"202400041117";"155 709 291";"Z01";"1";"10";"0";"2";"2";"12";"1";""
"202400041117";"155 709 294";"B01";"3";"31";"0";"2";"0";"1";"3";""
"202400041118";"155 709 292";"A01";"1";"7";"0";"1";"1";"16";"2";""
"202400041119";"155 709 290";"A01";"1";"7";"8";"0";"1";"6";"1";""
"202400041120";"155 709 286";"A01";"2";"1";"0";"1";"1";"1";"5";""
"202400041121";"155 709 283";"B01";"3";"1";"0";"2";"2";"15";"5";""
"202400041121";"155 709 284";"A01";"3";"7";"0";"9";"3";"9";"1";""
"202400041122";"155 709 285";"B01";"1";"31";"0";"2";"1";"1";"1";""
"202400041122";"155 709 287";"A01";"1";"7";"0";"2";"3";"1";"1";""
"202400041123";"155 709 279";"A01";"2";"7";"0";"1";"0";"15";"1";""
"202400041124";"155 709 280";"A01";"3";"7";"0";"2";"3";"11";"1";""
"202400041124";"155 709 282";"B01";"3";"31";"0";"2";"8";"2";"1";""
"202400041125";"155 709 276";"A01";"1";"7";"0";"2";"1";"26";"1";""
"202400041125";"155 709 278";"B01";"1";"7";"0";"2";"7";"26";"1";""
"202400041126";"155 709 277";"A01";"2";"10";"0";"1";"2";"1";"1";""
"202400041127";"155 709 275";"A01";"1";"10";"0";"2";"1";"1";"1";""
"202400041127";"155 709 281";"B01";"1";"10";"0";"2";"4";"23";"1";""
"202400041128";"155 709 274";"A01";"1";"30";"0";"0";"2";"16";"3";""
"202400041129";"155 709 271";"A01";"1";"43";"14";"0";"1";"1";"1";""
"202400041130";"155 709 273";"A01";"1";"7";"0";"1";"2";"1";"1";""
"202400041131";"155 709 272";"A01";"3";"7";"0";"1";"1";"0";"1";""
"202400041132";"155 709 267";"B01";"1";"80";"0";"0";"1";"1";"3";""
"202400041132";"155 709 269";"A01";"1";"7";"0";"0";"5";"22";"2";""
"202400041133";"155 709 268";"A01";"2";"7";"0";"2";"4";"4";"1";""
"202400041133";"155 709 270";"B01";"0";"1";"0";"2";"1";"1";"5";""
"202400041134";"155 709 266";"A01";"2";"7";"0";"1";"1";"1";"0";""
"202400041135";"155 709 260";"A01";"1";"7";"9";"0";"9";"1";"2";""
"202400041136";"155 709 262";"A01";"1";"7";"0";"1";"4";"4";"1";""
"202400041137";"155 709 261";"A01";"3";"50";"0";"2";"7";"19";"3";""
"202400041137";"155 709 264";"B01";"0";"1";"0";"2";"1";"16";"5";""
"202400041138";"155 709 263";"A01";"1";"10";"0";"1";"1";"1";"1";""
"202400041139";"155 709 258";"A01";"2";"33";"0";"0";"0";"16";"1";""
"202400041140";"155 709 255";"B01";"1";"7";"0";"2";"4";"1";"1";""
"202400041140";"155 709 259";"A01";"1";"7";"0";"2";"1";"1";"1";""
"202400041141";"155 709 256";"A01";"3";"1";"0";"0";"0";"2";"5";""
"202400041142";"155 709 253";"A01";"1";"7";"14";"0";"0";"1";"1";""
"202400041143";"155 709 250";"A01";"1";"32";"0";"2";"1";"1";"1";""
"202400041143";"155 709 254";"B01";"1";"7";"0";"2";"4";"0";"3";""
"202400041144";"155 709 252";"A01";"1";"80";"0";"2";"7";"1";"3";""
"202400041144";"155 709 257";"B01";"1";"7";"0";"2";"1";"1";"1";""
"202400041145";"155 709 251";"A01";"2";"31";"0";"9";"0";"1";"1";""
"202400041146";"155 709 246";"A01";"1";"31";"0";"2";"1";"1";"1";""
"202400041146";"155 709 249";"B01";"1";"7";"0";"2";"2";"15";"1";""
"202400041147";"155 709 243";"B01";"2";"7";"0";"2";"9";"23";"1";""
"202400041147";"155 709 245";"A01";"2";"7";"0";"2";"1";"2";"1";""
"202400041147";"155 709 247";"C01";"2";"7";"0";"2";"4";"23";"1";""
"202400041148";"155 709 242";"B01";"2";"1";"0";"2";"1";"0";"5";""
"202400041148";"155 709 248";"A01";"3";"7";"0";"2";"3";"0";"1";""
"202400041149";"155 709 240";"A01";"3";"7";"0";"2";"2";"1";"1";""
"202400041149";"155 709 241";"B01";"0";"50";"0";"2";"8";"19";"3";""
"202400041150";"155 709 237";"A01";"1";"50";"0";"1";"8";"25";"3";""
"202400041151";"155 709 239";"A01";"0";"7";"0";"2";"1";"1";"1";""
"202400041151";"155 709 244";"B01";"0";"50";"0";"2";"8";"26";"3";""
"202400041152";"155 709 235";"A01";"1";"10";"0";"1";"1";"26";"1";""
"202400041153";"155 709 234";"B01";"1";"7";"0";"2";"4";"1";"1";""
"202400041153";"155 709 236";"A01";"1";"7";"0";"2";"1";"1";"1";""
"202400041153";"155 709 238";"C01";"1";"7";"0";"2";"4";"15";"1";""
"202400041154";"155 709 233";"A01";"1";"30";"0";"1";"1";"1";"0";""
"202400041155";"155 709 232";"A01";"2";"10";"0";"1";"3";"1";"1";""
"202400041156";"155 709 231";"A01";"3";"7";"0";"1";"2";"21";"1";""
"202400041157";"155 709 227";"A01";"1";"7";"16";"2";"3";"15";"3";""
"202400041157";"155 709 229";"B01";"2";"1";"0";"2";"1";"1";"5";""
"202400041158";"155 709 228";"A01";"1";"7";"0";"1";"3";"15";"2";""
"202400041159";"155 709 226";"A01";"1";"33";"0";"2";"2";"1";"1";""
"202400041159";"155 709 230";"Z01";"0";"7";"0";"2";"1";"0";"3";""
"202400041160";"155 709 221";"A01";"1";"7";"0";"2";"1";"9";"1";""
"202400041160";"155 709 224";"B01";"1";"30";"0";"2";"5";"0";"1";""
"202400041161";"155 709 222";"A01";"3";"10";"0";"1";"4";"4";"3";""
"202400041162";"155 709 223";"B01";"1";"32";"0";"2";"8";"1";"1";""
"202400041162";"155 709 225";"A01";"1";"7";"0";"2";"2";"16";"1";""
"202400041163";"155 709 219";"A01";"1";"7";"0";"2";"1";"2";"1";""
"202400041163";"155 709 220";"B01";"1";"7";"0";"0";"4";"2";"1";""
"202400041164";"155 709 218";"A01";"2";"7";"6";"0";"3";"13";"1";""
"202400041165";"155 709 216";"A01";"1";"7";"0";"2";"8";"15";"0";""
"202400041165";"155 709 217";"B01";"1";"2";"0";"2";"1";"17";"0";""
"202400041166";"155 709 214";"A01";"3";"38";"1";"1";"1";"26";"1";"1"
"202400041167";"155 709 213";"B01";"1";"34";"0";"2";"1";"2";"1";""
"202400041167";"155 709 215";"A01";"1";"7";"0";"2";"4";"1";"1";""
"202400041168";"155 709 212";"A01";"1";"7";"4";"0";"2";"1";"1";""
"202400041169";"155 709 210";"A01";"3";"7";"0";"1";"2";"1";"1";""
"202400041170";"155 709 209";"A01";"1";"7";"13";"0";"2";"1";"1";""
"202400041171";"155 709 211";"A01";"3";"10";"0";"2";"1";"1";"1";""
"202400041172";"155 709 208";"A01";"2";"7";"0";"1";"1";"15";"1";""
"202400041173";"155 709 205";"A01";"3";"7";"0";"2";"2";"26";"1";""
"202400041173";"155 709 207";"B01";"3";"7";"0";"2";"7";"26";"1";""
"202400041174";"155 709 202";"B01";"2";"50";"0";"2";"1";"1";"3";""
"202400041174";"155 709 206";"A01";"2";"7";"0";"2";"2";"15";"1";""
"202400041175";"155 709 201";"A01";"2";"30";"0";"2";"1";"1";"1";""
"202400041175";"155 709 204";"B01";"2";"7";"0";"2";"2";"10";"2";""
"202400041176";"155 709 200";"B01";"1";"7";"0";"2";"3";"1";"1";""
"202400041176";"155 709 203";"A01";"2";"7";"0";"2";"6";"17";"1";""
"202400041177";"155 709 199";"A01";"3";"7";"1";"1";"7";"1";"1";""
"202400041178";"155 709 197";"A01";"1";"7";"8";"0";"1";"1";"1";""
"202400041179";"155 709 195";"B01";"3";"7";"0";"2";"3";"1";"1";""
"202400041179";"155 709 198";"A01";"3";"30";"0";"2";"3";"0";"1";""
"202400041180";"155 709 193";"A01";"2";"7";"0";"1";"1";"1";"1";""
"202400041181";"155 709 194";"B01";"3";"7";"0";"2";"4";"2";"0";""
"202400041181";"155 709 196";"A01";"3";"7";"0";"2";"1";"1";"1";""
"202400041182";"155 709 190";"B01";"1";"2";"0";"2";"1";"1";"1";""
"202400041182";"155 709 192";"A01";"2";"7";"0";"2";"7";"19";"1";""
"202400041183";"155 709 188";"A01";"3";"10";"1";"1";"1";"1";"1";""
"202400041184";"155 709 187";"A01";"3";"7";"0";"2";"1";"2";"1";""
"202400041184";"155 709 191";"B01";"3";"7";"0";"2";"4";"2";"1";""
"202400041185";"155 709 186";"A01";"3";"7";"0";"2";"3";"9";"1";""
"202400041185";"155 709 189";"B01";"3";"31";"0";"2";"1";"1";"1";""
"202400041186";"155 709 184";"A01";"3";"33";"0";"0";"0";"26";"0";""
"202400041187";"155 709 181";"A01";"0";"10";"0";"2";"4";"2";"3";""
"202400041187";"155 709 185";"B01";"0";"31";"0";"2";"1";"0";"1";""
"202400041188";"155 709 182";"A01";"0";"1";"14";"0";"1";"26";"5";""
"202400041189";"155 709 180";"B01";"1";"7";"0";"2";"3";"1";"1";""
"202400041189";"155 709 183";"A01";"2";"7";"0";"2";"1";"15";"1";""
"202400041190";"155 709 175";"A01";"1";"7";"0";"2";"2";"12";"1";""
"202400041190";"155 709 179";"B01";"1";"33";"0";"2";"6";"1";"1";""
"202400041191";"155 709 176";"A01";"2";"50";"0";"2";"0";"0";"3";""
"202400041191";"155 709 178";"B01";"2";"7";"0";"2";"1";"1";"2";""
"202400041192";"155 709 174";"A01";"2";"7";"0";"1";"1";"19";"1";""
"202400041193";"155 709 173";"A01";"1";"1";"0";"2";"8";"13";"5";""
"202400041193";"155 709 177";"B01";"1";"7";"0";"0";"7";"1";"1";""
"202400041194";"155 709 172";"A01";"1";"7";"0";"1";"1";"19";"1";""
"202400041195";"155 709 169";"A01";"2";"7";"0";"1";"1";"1";"1";""
"202400041196";"155 709 168";"A01";"1";"1";"0";"2";"3";"17";"5";""
"202400041196";"155 709 170";"B01";"1";"7";"0";"2";"3";"0";"1";""
"202400041197";"155 709 165";"A01";"1";"7";"0";"9";"2";"1";"1";""
"202400041197";"155 709 167";"B01";"1";"1";"0";"2";"1";"11";"5";""
"202400041198";"155 709 166";"A01";"2";"7";"9";"0";"1";"6";"1";""
"202400041199";"155 709 162";"B01";"3";"2";"0";"2";"8";"1";"1";""
"202400041199";"155 709 164";"A01";"3";"7";"0";"2";"2";"1";"1";""
"202400041200";"155 709 161";"A01";"0";"7";"0";"2";"3";"10";"1";""
"202400041200";"155 709 163";"B01";"2";"33";"0";"2";"2";"17";"1";""
"202400041201";"155 709 160";"A01";"2";"7";"6";"0";"1";"13";"1";""
"202400041202";"155 709 159";"A01";"1";"14";"0";"1";"7";"16";"1";""
"202400041203";"155 709 158";"A01";"3";"2";"0";"0";"0";"1";"1";""
"202400041204";"155 709 157";"A01";"1";"7";"0";"2";"6";"2";"1";""
"202400041205";"155 709 155";"A01";"2";"7";"0";"1";"1";"1";"1";""
"202400041206";"155 709 154";"A01";"1";"33";"0";"1";"1";"1";"1";""
"202400041207";"155 709 149";"A01";"2";"7";"0";"2";"3";"15";"1";""
"202400041207";"155 709 153";"B01";"3";"33";"0";"2";"8";"1";"1";""
"202400041208";"155 709 151";"A01";"1";"10";"0";"2";"2";"1";"1";""
"202400041208";"155 709 152";"B01";"2";"7";"0";"2";"3";"9";"2";""
"202400041209";"155 709 148";"A01";"1";"32";"0";"1";"8";"1";"1";""
"202400041210";"155 709 147";"B01";"2";"7";"8";"2";"8";"1";"2";""
"202400041210";"155 709 150";"A01";"1";"7";"8";"2";"1";"1";"1";""
"202400041211";"155 709 143";"B01";"2";"7";"0";"2";"8";"1";"1";""
"202400041211";"155 709 146";"A01";"1";"7";"0";"2";"8";"13";"1";""
"202400041212";"155 709 142";"A01";"1";"7";"0";"2";"3";"15";"1";""
"202400041212";"155 709 145";"B01";"2";"50";"0";"2";"7";"25";"3";""
"202400041213";"155 709 144";"A01";"1";"7";"4";"0";"1";"13";"3";""
"202400041214";"155 709 140";"A01";"1";"7";"9";"0";"2";"2";"1";""
"202400041214";"155 709 141";"B01";"1";"37";"0";"2";"6";"0";"1";"1"
"202400041215";"155 709 138";"A01";"3";"34";"0";"1";"1";"1";"1";""
"202400041216";"155 709 134";"A01";"1";"7";"0";"2";"1";"5";"1";""
"202400041216";"155 709 137";"B01";"2";"10";"0";"2";"1";"17";"1";""
"202400041217";"155 709 133";"A01";"3";"10";"0";"2";"1";"2";"1";""
"202400041217";"155 709 136";"B01";"3";"7";"0";"2";"4";"2";"3";""
"202400041218";"155 709 132";"A01";"1";"7";"16";"0";"1";"1";"1";""
"202400041219";"155 709 135";"B01";"1";"7";"0";"2";"4";"2";"1";""
"202400041219";"155 709 139";"A01";"1";"13";"0";"2";"3";"2";"1";""
"202400041220";"155 709 131";"A01";"1";"15";"0";"0";"2";"1";"1";""
"202400041221";"155 709 129";"A01";"3";"3";"0";"0";"0";"16";"3";""
"202400041222";"155 709 127";"A01";"1";"7";"1";"2";"2";"26";"1";""
"202400041222";"155 709 130";"B01";"1";"7";"0";"2";"1";"1";"1";""
"202400041223";"155 709 123";"A01";"1";"7";"0";"2";"1";"1";"1";""
"202400041223";"155 709 126";"B01";"1";"7";"0";"2";"4";"15";"2";""
"202400041224";"155 709 124";"A01";"1";"3";"8";"0";"1";"1";"1";""
"202400041225";"155 709 125";"A01";"1";"7";"0";"2";"8";"13";"1";""
"202400041225";"155 709 128";"B01";"2";"31";"0";"2";"1";"1";"1";""
"202400041226";"155 709 119";"A01";"1";"2";"0";"2";"1";"2";"1";""
"202400041226";"155 709 121";"B01";"1";"7";"0";"0";"4";"1";"1";""
"202400041227";"155 709 118";"B01";"0";"31";"0";"2";"2";"1";"1";""
"202400041227";"155 709 122";"A01";"0";"7";"0";"2";"3";"1";"2";""
"202400041228";"155 709 117";"A01";"1";"7";"15";"2";"3";"13";"1";""
"202400041228";"155 709 120";"B01";"2";"2";"0";"2";"1";"1";"1";""
"202400041229";"155 709 115";"B01";"1";"33";"0";"2";"1";"1";"1";""
"202400041229";"155 709 116";"A01";"1";"7";"0";"2";"7";"15";"1";""
"202400041230";"155 709 112";"A01";"1";"2";"0";"2";"2";"23";"0";""
"202400041230";"155 709 114";"B01";"2";"7";"0";"0";"3";"23";"1";""
"202400041231";"155 709 111";"A01";"2";"7";"0";"2";"3";"16";"1";""
"202400041231";"155 709 113";"B01";"1";"1";"0";"2";"1";"25";"5";""
"202400041232";"155 709 110";"A01";"3";"7";"2";"0";"1";"1";"1";""
"202400041233";"155 709 108";"B01";"3";"31";"0";"2";"1";"1";"1";""
"202400041233";"155 709 109";"A01";"3";"7";"0";"2";"6";"10";"1";""
"202400041234";"155 709 103";"A01";"3";"10";"0";"1";"2";"1";"1";""
"202400041235";"155 709 102";"A01";"2";"7";"0";"2";"1";"2";"1";""
"202400041235";"155 709 106";"B01";"2";"15";"0";"0";"4";"2";"1";""
"202400041236";"155 709 101";"B01";"2";"7";"0";"2";"1";"1";"1";""
"202400041236";"155 709 104";"A01";"1";"7";"0";"2";"1";"13";"1";""
"202400041237";"155 709 099";"A01";"2";"15";"0";"2";"8";"1";"0";""
"202400041237";"155 709 100";"B01";"1";"7";"0";"2";"3";"1";"1";""
"202400041238";"155 709 094";"A01";"1";"7";"0";"2";"1";"18";"1";""
"202400041238";"155 709 097";"B01";"1";"1";"0";"2";"4";"9";"5";""
"202400041239";"155 709 095";"A01";"2";"2";"1";"0";"1";"1";"1";""
"202400041240";"155 709 093";"A01";"2";"7";"0";"2";"1";"6";"1";""
"202400041240";"155 709 096";"B01";"1";"7";"0";"2";"6";"1";"1";""
"202400041240";"155 709 098";"C01";"1";"7";"0";"2";"1";"1";"1";""
"202400041241";"155 709 092";"A01";"2";"7";"0";"1";"3";"1";"1";""
"202400041242";"155 709 090";"A01";"0";"2";"7";"0";"1";"1";"1";""
"202400041243";"155 709 089";"A01";"3";"1";"0";"0";"0";"1";"5";""
"202400041244";"155 709 085";"A01";"2";"7";"2";"0";"1";"2";"1";""
"202400041245";"155 709 083";"B01";"1";"43";"0";"2";"1";"23";"1";""
"202400041245";"155 709 087";"A01";"1";"10";"0";"2";"4";"26";"1";""
"202400041246";"155 709 080";"E01";"1";"7";"0";"2";"2";"1";"1";""
"202400041246";"155 709 084";"D01";"1";"7";"0";"2";"1";"23";"1";""
"202400041246";"155 709 086";"B01";"1";"7";"0";"2";"1";"23";"1";""
"202400041246";"155 709 088";"C01";"1";"7";"0";"2";"5";"23";"3";""
"202400041246";"155 709 091";"A01";"2";"7";"8";"2";"1";"16";"1";""
"202400041247";"155 709 081";"B01";"2";"7";"0";"2";"3";"17";"0";""
"202400041247";"155 709 082";"A01";"2";"1";"0";"2";"8";"1";"5";""
"202400041248";"155 709 079";"A01";"0";"36";"0";"0";"2";"1";"1";""
"202400041249";"155 709 078";"A01";"1";"7";"0";"0";"3";"5";"1";""
"202400041250";"155 709 076";"A01";"2";"7";"0";"1";"1";"1";"1";""
"202400041251";"155 709 074";"A01";"1";"7";"0";"1";"4";"4";"1";""
"202400041252";"155 709 073";"A01";"1";"7";"16";"0";"1";"1";"1";""
"202400041253";"155 709 071";"A01";"1";"31";"0";"2";"1";"2";"1";""
"202400041253";"155 709 072";"B01";"1";"7";"0";"2";"4";"2";"1";""
"202400041254";"155 709 075";"A01";"1";"7";"0";"0";"7";"15";"1";""
"202400041254";"155 709 077";"B01";"2";"50";"0";"0";"0";"1";"3";""
"202400041255";"155 709 068";"B01";"0";"30";"0";"2";"1";"2";"1";""
"202400041255";"155 709 070";"A01";"0";"7";"0";"2";"3";"15";"1";""
"202400041256";"155 709 067";"A01";"1";"38";"0";"9";"2";"2";"1";"1"
"202400041256";"155 709 069";"B01";"1";"50";"0";"2";"3";"13";"3";""
"202400041257";"155 709 064";"A01";"1";"7";"5";"2";"7";"17";"1";""
"202400041257";"155 709 066";"B01";"1";"10";"0";"2";"8";"15";"1";""
"202400041258";"155 709 063";"B01";"2";"33";"0";"2";"1";"2";"1";""
"202400041258";"155 709 065";"A01";"1";"7";"0";"2";"1";"15";"1";""
"202400041259";"155 709 061";"A01";"2";"3";"13";"0";"1";"21";"1";""
"202400041260";"155 709 058";"B01";"2";"17";"0";"0";"6";"1";"1";""
"202400041260";"155 709 060";"A01";"2";"7";"0";"2";"3";"1";"1";""
"202400041261";"155 709 057";"A01";"2";"33";"8";"0";"1";"0";"1";""
"202400041262";"155 709 056";"A01";"1";"99";"0";"2";"4";"4";"1";""
"202400041262";"155 709 059";"B01";"2";"1";"0";"2";"1";"1";"5";""
"202400041263";"155 709 055";"B01";"2";"7";"0";"2";"1";"1";"1";""
"202400041263";"155 709 062";"A01";"2";"7";"0";"2";"7";"15";"1";""
"202400041264";"155 709 052";"A01";"2";"32";"0";"2";"1";"17";"1";""
"202400041264";"155 709 054";"B01";"1";"10";"0";"2";"3";"1";"1";""
"202400041265";"155 709 051";"A01";"1";"31";"0";"2";"3";"13";"1";""
"202400041265";"155 709 053";"B01";"2";"10";"0";"2";"3";"1";"1";""
"202400041266";"155 709 049";"A01";"0";"33";"12";"0";"5";"1";"1";""
"202400041267";"155 709 047";"A01";"2";"7";"0";"2";"3";"13";"1";""
"202400041267";"155 709 048";"B01";"1";"38";"0";"2";"3";"1";"1";"1"
"202400041268";"155 709 046";"A01";"1";"33";"2";"0";"7";"14";"1";""
"202400041269";"155 709 045";"A01";"0";"7";"0";"2";"1";"26";"1";""
"202400041269";"155 709 050";"B01";"0";"7";"0";"2";"0";"0";"1";""
"202400041270";"155 709 042";"A01";"1";"33";"17";"0";"1";"1";"1";""
"202400041271";"155 709 041";"A01";"1";"31";"0";"2";"1";"26";"1";""
"202400041271";"155 709 044";"B01";"1";"14";"0";"2";"4";"2";"1";""
"202400041272";"155 709 043";"A01";"3";"7";"0";"0";"0";"1";"1";""
"202400041273";"155 709 037";"A01";"3";"7";"0";"2";"2";"1";"1";""
"202400041273";"155 709 039";"B01";"3";"10";"0";"2";"3";"1";"1";""
"202400041274";"155 709 038";"B01";"3";"1";"0";"2";"7";"0";"5";""
"202400041274";"155 709 040";"A01";"3";"7";"0";"9";"1";"1";"2";""
"202400041275";"155 709 033";"A01";"2";"7";"0";"2";"2";"12";"1";""
"202400041275";"155 709 036";"B01";"2";"31";"0";"2";"3";"3";"1";""
"202400041276";"155 709 032";"A01";"1";"7";"7";"2";"5";"10";"3";""
"202400041276";"155 709 034";"B01";"2";"34";"0";"2";"1";"1";"1";""
"202400041277";"155 709 029";"Z01";"3";"50";"0";"1";"8";"1";"3";""
"202400041278";"155 709 027";"A01";"1";"2";"8";"2";"4";"1";"1";""
"202400041278";"155 709 030";"B01";"1";"7";"0";"2";"5";"9";"1";""
"202400041279";"155 709 028";"A01";"0";"99";"0";"2";"0";"21";"0";""
"202400041280";"155 709 024";"A01";"2";"33";"0";"1";"2";"1";"1";""
"202400041281";"155 709 025";"A01";"3";"7";"0";"1";"1";"1";"1";""
"202400041282";"155 709 023";"A01";"1";"10";"0";"2";"1";"1";"1";""
"202400041282";"155 709 026";"B01";"2";"7";"0";"2";"1";"5";"1";""
"202400041283";"155 709 020";"B01";"1";"7";"0";"0";"3";"1";"1";""
"202400041283";"155 709 022";"A01";"2";"2";"0";"2";"1";"1";"1";""
"202400041284";"155 709 019";"B01";"3";"33";"0";"2";"2";"1";"1";""
"202400041284";"155 709 021";"A01";"3";"10";"1";"2";"6";"20";"0";""
"202400041285";"155 709 017";"A01";"2";"10";"0";"1";"5";"4";"0";""
"202400041286";"155 709 015";"A01";"1";"7";"15";"0";"2";"2";"1";""
"202400041287";"155 709 016";"A01";"3";"7";"0";"2";"3";"0";"1";""
"202400041287";"155 709 018";"B01";"3";"7";"0";"2";"1";"1";"1";""
"202400041288";"155 709 014";"A01";"2";"7";"0";"1";"2";"1";"1";""
"202400041289";"155 709 010";"A01";"3";"7";"0";"9";"2";"1";"1";""
"202400041289";"155 709 013";"B01";"2";"50";"0";"2";"1";"1";"3";""
"202400041290";"155 709 009";"A01";"1";"7";"0";"2";"2";"1";"1";""
"202400041290";"155 709 012";"B01";"1";"33";"0";"2";"1";"1";"1";""
"202400041291";"155 709 011";"A01";"2";"1";"0";"0";"0";"26";"5";""
"202400041292";"155 709 006";"A01";"2";"2";"0";"2";"1";"0";"1";""
"202400041292";"155 709 008";"B01";"1";"7";"0";"2";"3";"21";"1";""
"202400041293";"155 709 002";"A01";"1";"7";"0";"2";"3";"1";"1";""
"202400041293";"155 709 007";"B01";"1";"50";"0";"2";"8";"11";"3";""
"202400041294";"155 709 000";"A01";"1";"7";"0";"9";"2";"17";"1";""
"202400041294";"155 709 004";"B01";"1";"1";"0";"2";"5";"15";"5";""
"202400041295";"155 708 999";"B01";"1";"1";"0";"2";"3";"1";"5";""
"202400041295";"155 709 003";"A01";"1";"7";"0";"2";"2";"1";"1";""
"202400041296";"155 708 997";"A01";"2";"7";"0";"1";"2";"17";"1";""
"202400041297";"155 708 996";"B01";"1";"21";"0";"0";"4";"2";"1";""
"202400041297";"155 708 998";"A01";"1";"7";"0";"2";"1";"2";"1";""
"202400041298";"155 708 995";"A01";"1";"50";"0";"1";"1";"5";"3";""
"202400041299";"155 709 001";"B01";"1";"31";"0";"2";"1";"2";"1";""
"202400041299";"155 709 005";"A01";"1";"7";"0";"2";"2";"16";"2";""
"202400041300";"155 708 994";"A01";"2";"33";"3";"0";"2";"0";"1";""
"202400041301";"155 708 991";"A01";"1";"7";"0";"0";"6";"15";"1";""
"202400041301";"155 708 993";"B01";"1";"33";"0";"2";"1";"17";"1";""
"202400041302";"155 708 989";"A01";"0";"7";"0";"2";"1";"15";"1";""
"202400041302";"155 708 992";"B01";"1";"33";"0";"2";"1";"2";"1";""
"202400041303";"155 708 988";"B01";"1";"7";"0";"2";"5";"15";"1";""
"202400041303";"155 708 990";"A01";"2";"43";"0";"2";"1";"1";"1";""