"Num_Acc";"id_vehicule";"num_veh";"senc";"catv";"obs";"obsm";"choc";"manv";"motor";"occutc"
"202400041509";"155 708 626";"A01";"3";"2";"0";"2";"7";"1";"1";""
"202400041509";"155 708 628";"B01";"3";"7";"0";"2";"0";"0";"1";""
"202400041510";"155 708 625";"A01";"1";"7";"15";"0";"1";"0";"1";""
"202400041511";"155 708 623";"A01";"1";"7";"0";"1";"2";"1";"1";""
"202400041512";"155 708 622";"A01";"3";"33";"0";"0";"0";"1";"1";""
"202400041513";"155 708 620";"A01";"1";"7";"0";"2";"2";"13";"1";""
"202400041513";"155 708 624";"B01";"2";"33";"0";"2";"1";"1";"1";""
"202400041514";"155 708 617";"A01";"2";"7";"2";"0";"9";"1";"1";""
"202400041515";"155 708 615";"A01";"1";"7";"6";"0";"8";"1";"1";""
"202400041516";"155 708 614";"A01";"1";"7";"3";"2";"1";"0";"1";""
"202400041516";"155 708 618";"B01";"1";"7";"14";"2";"2";"0";"1";""
"202400041517";"155 708 611";"A01";"1";"31";"0";"0";"8";"1";"1";""
"202400041518";"155 708 608";"B01";"2";"7";"0";"2";"1";"19";"1";""
"202400041518";"155 708 613";"A01";"1";"7";"0";"2";"3";"15";"1";""
"202400041519";"155 708 609";"A01";"3";"10";"0";"1";"4";"10";"1";""
"202400041520";"155 708 610";"B01";"2";"7";"0";"2";"1";"1";"1";""
"202400041520";"155 708 616";"A01";"1";"7";"0";"2";"5";"15";"1";""
"202400041521";"155 708 606";"A01";"1";"33";"0";"0";"7";"1";"1";""
"202400041522";"155 708 605";"A01";"3";"2";"0";"9";"0";"1";"1";""
"202400041523";"155 708 601";"A01";"2";"7";"15";"0";"1";"1";"1";""
"202400041524";"155 708 598";"A01";"1";"33";"3";"0";"2";"1";"1";""
"202400041525";"155 708 597";"B01";"2";"50";"0";"2";"0";"1";"3";""
"202400041525";"155 708 602";"A01";"1";"7";"0";"2";"1";"15";"1";""
"202400041526";"155 708 600";"A01";"3";"7";"2";"0";"1";"5";"1";""
"202400041527";"155 708 599";"A01";"1";"7";"2";"0";"0";"18";"1";""
"202400041528";"155 708 594";"A01";"1";"7";"2";"0";"2";"1";"1";""
"202400041529";"155 708 593";"B01";"3";"1";"0";"2";"7";"19";"5";""
"202400041529";"155 708 595";"A01";"3";"10";"0";"9";"3";"1";"1";""
"202400041530";"155 708 591";"A01";"1";"7";"3";"2";"1";"0";"1";""
"202400041530";"155 708 592";"B01";"1";"7";"3";"2";"9";"0";"1";""
"202400041530";"155 708 596";"C01";"1";"7";"0";"2";"7";"1";"1";""
"202400041531";"155 708 590";"A01";"1";"7";"8";"0";"2";"1";"1";""
"202400041532";"155 708 589";"A01";"1";"7";"2";"0";"1";"1";"1";""
"202400041533";"155 708 585";"A01";"2";"31";"0";"2";"1";"1";"1";""
"202400041533";"155 708 586";"B01";"2";"10";"0";"2";"6";"9";"1";""
"202400041534";"155 708 587";"A01";"2";"7";"2";"0";"5";"2";"1";""
"202400041535";"155 708 583";"A01";"1";"33";"0";"0";"0";"0";"1";""
"202400041536";"155 708 581";"A01";"2";"7";"0";"0";"8";"19";"1";""
"202400041536";"155 708 584";"B01";"2";"7";"0";"2";"2";"1";"1";""
"202400041537";"155 708 580";"A01";"1";"7";"9";"0";"9";"0";"1";""
"202400041538";"155 708 579";"A01";"1";"7";"1";"0";"2";"1";"1";""
"202400041539";"155 708 582";"A01";"1";"7";"0";"2";"1";"15";"1";""
"202400041539";"155 708 588";"B01";"1";"1";"0";"2";"8";"1";"5";""
"202400041540";"155 708 575";"A01";"2";"7";"0";"2";"1";"5";"1";""
"202400041540";"155 708 577";"B01";"1";"38";"0";"2";"1";"1";"1";"1"
"202400041541";"155 708 572";"A01";"1";"7";"0";"2";"3";"13";"1";""
"202400041541";"155 708 576";"B01";"2";"15";"0";"2";"3";"1";"1";""
"202400041541";"155 708 578";"C01";"1";"7";"0";"2";"9";"1";"1";""
"202400041542";"155 708 573";"A01";"1";"33";"13";"0";"1";"1";"1";""
"202400041543";"155 708 574";"A01";"3";"7";"0";"1";"4";"26";"1";""
"202400041544";"155 708 569";"A01";"3";"7";"13";"0";"0";"1";"1";""
"202400041545";"155 708 571";"A01";"1";"7";"13";"0";"0";"1";"1";""
"202400041546";"155 708 567";"A01";"1";"32";"11";"2";"0";"9";"1";""
"202400041546";"155 708 568";"B01";"2";"7";"0";"2";"3";"1";"1";""
"202400041547";"155 708 566";"A01";"1";"2";"0";"0";"0";"0";"1";""
"202400041548";"155 708 563";"A01";"2";"7";"2";"0";"1";"13";"1";""
"202400041549";"155 708 565";"A01";"2";"7";"0";"2";"2";"15";"1";""
"202400041549";"155 708 570";"B01";"1";"7";"8";"2";"1";"1";"1";""
"202400041550";"155 708 559";"A01";"1";"7";"0";"5";"1";"1";"1";""
"202400041551";"155 708 558";"A01";"1";"7";"0";"9";"4";"23";"1";""
"202400041551";"155 708 561";"B01";"1";"33";"0";"2";"0";"1";"1";""
"202400041552";"155 708 560";"A01";"3";"7";"0";"0";"5";"16";"0";""
"202400041552";"155 708 562";"B01";"3";"1";"0";"0";"1";"1";"5";""
"202400041553";"155 708 557";"A01";"1";"7";"0";"2";"7";"16";"1";""
"202400041553";"155 708 564";"B01";"1";"50";"0";"2";"3";"18";"3";""
"202400041554";"155 708 555";"A01";"1";"7";"3";"0";"3";"13";"1";""
"202400041555";"155 708 554";"A01";"3";"10";"0";"2";"7";"19";"1";""
"202400041555";"155 708 556";"B01";"3";"7";"0";"2";"1";"1";"1";""
"202400041556";"155 708 552";"A01";"2";"7";"9";"0";"1";"13";"2";""
"202400041557";"155 708 548";"A01";"3";"7";"0";"0";"0";"16";"1";""
"202400041558";"155 708 547";"A01";"2";"7";"0";"0";"1";"15";"1";""
"202400041559";"155 708 543";"A01";"2";"7";"1";"0";"2";"1";"1";""
"202400041559";"155 708 544";"B01";"2";"14";"0";"0";"6";"24";"1";""
"202400041560";"155 708 542";"A01";"1";"2";"12";"0";"1";"14";"1";""
"202400041561";"155 708 541";"A01";"1";"7";"6";"2";"6";"1";"0";""
"202400041561";"155 708 546";"B01";"1";"7";"0";"2";"2";"17";"1";""
"202400041562";"155 708 545";"A01";"3";"7";"15";"0";"9";"26";"1";""
"202400041563";"155 708 538";"A01";"1";"7";"0";"2";"3";"1";"1";""
"202400041563";"155 708 540";"B01";"2";"7";"0";"2";"1";"9";"0";""
"202400041564";"155 708 537";"B01";"2";"7";"0";"2";"7";"13";"1";""
"202400041564";"155 708 539";"A01";"1";"17";"0";"2";"1";"1";"1";""
"202400041565";"155 708 535";"A01";"1";"7";"0";"1";"2";"1";"1";""
"202400041566";"155 708 534";"A01";"2";"7";"0";"2";"2";"13";"2";""
"202400041566";"155 708 536";"B01";"1";"7";"0";"2";"2";"1";"1";""
"202400041567";"155 708 528";"B01";"2";"14";"0";"0";"2";"1";"1";""
"202400041567";"155 708 532";"A01";"2";"10";"0";"0";"1";"15";"1";""
"202400041568";"155 708 530";"A01";"1";"7";"1";"0";"2";"14";"1";""
"202400041568";"155 708 533";"B01";"1";"7";"0";"2";"4";"0";"1";""
"202400041569";"155 708 525";"A01";"2";"1";"0";"2";"3";"1";"5";""
"202400041569";"155 708 526";"B01";"1";"1";"0";"2";"1";"1";"5";""
"202400041569";"155 708 529";"C01";"2";"21";"0";"2";"3";"1";"1";""
"202400041570";"155 708 527";"A01";"3";"7";"0";"1";"1";"1";"1";""
"202400041571";"155 708 520";"B01";"1";"7";"0";"2";"1";"1";"1";""
"202400041571";"155 708 523";"A01";"1";"7";"0";"0";"8";"9";"1";""
"202400041572";"155 708 521";"A01";"3";"2";"0";"0";"0";"1";"1";""
"202400041573";"155 708 518";"A01";"3";"2";"0";"1";"1";"1";"1";""
"202400041574";"155 708 512";"B01";"1";"33";"0";"2";"1";"1";"1";""
"202400041574";"155 708 515";"A01";"2";"7";"0";"2";"3";"15";"1";""
"202400041575";"155 708 514";"A01";"2";"7";"0";"2";"1";"2";"1";""
"202400041575";"155 708 517";"C01";"2";"7";"0";"2";"4";"1";"1";""
"202400041575";"155 708 519";"B01";"2";"7";"0";"2";"4";"2";"1";""
"202400041576";"155 708 510";"B01";"0";"60";"0";"0";"8";"19";"5";""
"202400041576";"155 708 513";"A01";"3";"7";"0";"2";"1";"2";"1";""
"202400041577";"155 708 509";"B01";"2";"7";"0";"2";"2";"0";"1";""
"202400041577";"155 708 511";"A01";"1";"7";"0";"2";"2";"0";"1";""
"202400041578";"155 708 516";"A01";"1";"30";"1";"0";"3";"21";"1";""
"202400041578";"155 708 522";"B01";"1";"15";"0";"2";"6";"24";"0";""
"202400041579";"155 708 504";"A01";"2";"7";"13";"0";"8";"1";"1";""
"202400041580";"155 708 505";"A01";"1";"7";"0";"9";"8";"24";"1";""
"202400041580";"155 708 508";"B01";"1";"1";"1";"2";"1";"22";"5";""
"202400041581";"155 708 503";"A01";"2";"7";"0";"2";"3";"1";"2";""
"202400041581";"155 708 507";"B01";"1";"7";"0";"2";"3";"13";"1";""
"202400041582";"155 708 506";"A01";"2";"7";"1";"0";"0";"14";"1";""
"202400041583";"155 708 499";"A01";"0";"2";"0";"2";"1";"2";"1";""
"202400041583";"155 708 501";"B01";"0";"7";"0";"0";"5";"2";"1";""
"202400041584";"155 708 497";"A01";"1";"7";"0";"2";"2";"1";"1";""
"202400041584";"155 708 502";"B01";"1";"32";"0";"2";"5";"1";"1";""
"202400041585";"155 708 495";"B01";"1";"7";"0";"2";"3";"26";"3";""
"202400041585";"155 708 498";"A01";"2";"10";"0";"2";"3";"13";"1";""
"202400041586";"155 708 492";"A01";"2";"7";"0";"2";"1";"1";"1";""
"202400041586";"155 708 494";"B01";"2";"7";"0";"2";"1";"2";"1";""
"202400041587";"155 708 493";"B01";"3";"50";"0";"2";"1";"1";"3";""
"202400041587";"155 708 496";"A01";"3";"10";"0";"2";"3";"19";"1";""
"202400041588";"155 708 487";"A01";"2";"7";"0";"2";"1";"13";"1";""
"202400041588";"155 708 490";"B01";"1";"7";"0";"2";"1";"1";"1";""
"202400041589";"155 708 486";"A01";"2";"7";"0";"2";"4";"13";"1";""
"202400041589";"155 708 489";"B01";"2";"33";"0";"2";"1";"2";"1";""
"202400041590";"155 708 488";"B01";"3";"60";"0";"2";"0";"0";"5";""
"202400041590";"155 708 491";"A01";"3";"7";"0";"2";"1";"1";"1";""
"202400041591";"155 708 484";"A01";"3";"30";"0";"2";"1";"1";"1";""
"202400041591";"155 708 485";"B01";"3";"7";"0";"2";"4";"1";"1";""
"202400041592";"155 708 483";"A01";"2";"7";"13";"0";"2";"2";"1";""
"202400041593";"155 708 482";"A01";"1";"30";"0";"0";"0";"0";"1";""
"202400041594";"155 708 477";"A01";"3";"30";"0";"2";"1";"13";"1";""
"202400041594";"155 708 480";"B01";"3";"7";"0";"2";"1";"1";"0";""
"202400041595";"155 708 476";"C01";"2";"0";"0";"2";"8";"11";" -1";""
"202400041595";"155 708 479";"B01";"2";"7";"0";"2";"6";"1";"1";""
"202400041595";"155 708 481";"A01";"2";"33";"0";"2";"7";"3";"1";""
"202400041596";"155 708 474";"A01";"1";"7";"0";"2";"8";"1";"1";""
"202400041596";"155 708 475";"B01";"2";"7";"0";"0";"6";"1";"1";""
"202400041596";"155 708 478";"C01";"2";"2";"0";"2";"2";"2";"1";""
"202400041597";"155 708 473";"A01";"2";"7";"0";"1";"4";"1";"1";""
"202400041598";"155 708 472";"A01";"1";"33";"6";"0";"1";"1";"1";""
"202400041599";"155 708 470";"A01";"1";"33";"13";"0";"2";"1";"1";""
"202400041600";"155 708 468";"A01";"1";"38";"0";"2";"7";"2";"1";"47"
"202400041600";"155 708 500";"B01";"1";"14";"0";"0";"3";"2";"1";""
"202400041601";"155 708 465";"A01";"2";"7";"4";"0";"2";"1";"1";""
"202400041602";"155 708 466";"A01";"1";"31";"2";"0";"0";"0";"1";""
"202400041603";"155 708 464";"A01";"1";"33";"4";"0";"8";"1";"1";""
"202400041604";"155 708 463";"A01";"1";"33";"0";"1";"0";"26";"1";""
"202400041605";"155 708 458";"B01";"2";"10";"0";"2";"8";"2";"1";""
"202400041605";"155 708 461";"A01";"2";"10";"0";"2";"7";"0";"1";""
"202400041606";"155 708 457";"A01";"2";"7";"0";"0";"7";"0";"1";""
"202400041606";"155 708 460";"B01";"2";"33";"0";"0";"8";"1";"1";""
"202400041607";"155 708 455";"A01";"1";"7";"4";"2";"1";"1";"1";""
"202400041607";"155 708 459";"B01";"2";"7";"0";"2";"1";"1";"1";""
"202400041608";"155 708 452";"B01";"1";"50";"0";"2";"1";"1";"3";""
"202400041608";"155 708 456";"A01";"1";"7";"0";"9";"6";"20";"2";""
"202400041609";"155 708 451";"A01";"2";"7";"0";"2";"1";"2";"1";""
"202400041609";"155 708 454";"B01";"2";"10";"0";"2";"4";"1";"3";""
"202400041610";"155 708 448";"A01";"1";"2";"0";"2";"1";"1";"1";""
"202400041610";"155 708 450";"B01";"1";"7";"0";"2";"3";"9";"1";""
"202400041611";"155 708 447";"A01";"1";"2";"0";"2";"1";"1";"1";""
"202400041611";"155 708 449";"B01";"2";"7";"0";"2";"3";"1";"1";""
"202400041612";"155 708 443";"A01";"2";"7";"4";"2";"4";"13";"2";""
"202400041612";"155 708 446";"B01";"2";"15";"4";"2";"1";"1";"1";""
"202400041613";"155 708 445";"A01";"1";"7";"0";"1";"2";"1";"1";""
"202400041614";"155 708 442";"A01";"0";"7";"0";"1";"1";"1";"1";""
"202400041615";"155 708 436";"A01";"1";"7";"0";"0";"9";"1";"1";""
"202400041616";"155 708 435";"B01";"2";"7";"0";"2";"7";"0";"1";""
"202400041616";"155 708 441";"A01";"1";"7";"2";"2";"1";"5";"1";""
"202400041617";"155 708 437";"B01";"0";"7";"0";"2";"3";"15";"1";""
"202400041617";"155 708 444";"A01";"1";"7";"0";"2";"1";"1";"1";""
"202400041618";"155 708 433";"A01";"2";"7";"0";"2";"1";"0";"1";""
"202400041618";"155 708 438";"B01";"2";"7";"0";"2";"3";"0";"1";""
"202400041618";"155 708 440";"C01";"2";"7";"0";"2";"4";"1";"2";""
"202400041619";"155 708 429";"A01";"1";"2";"3";"0";"1";"1";"1";""
"202400041620";"155 708 427";"B01";"2";"7";"0";"2";"3";"13";"1";""
"202400041620";"155 708 431";"A01";"1";"2";"0";"2";"1";"1";"1";""
"202400041621";"155 708 425";"A01";"2";"33";"0";"2";"1";"3";"1";""
"202400041621";"155 708 428";"B01";"2";"7";"0";"2";"6";"1";"1";""
"202400041622";"155 708 426";"A01";"2";"7";"0";"2";"1";"13";"1";""
"202400041622";"155 708 430";"B01";"1";"10";"0";"2";"3";"1";"1";""
"202400041623";"155 708 423";"A01";"1";"10";"0";"2";"4";"2";"0";""
"202400041623";"155 708 424";"B01";"1";"10";"0";"2";"4";"2";"0";""
"202400041624";"155 708 421";"A01";"3";"33";"0";"0";"8";"1";"1";""
"202400041625";"155 708 417";"B01";"3";"10";"6";"2";"3";"1";"1";""
"202400041625";"155 708 419";"A01";"3";"7";"0";"2";"3";"1";"1";""
"202400041626";"155 708 416";"A01";"1";"43";"0";"2";"4";"1";"1";""
"202400041626";"155 708 422";"B01";"1";"7";"0";"2";"1";"1";"1";""
"202400041627";"155 708 414";"C01";"2";"7";"0";"2";"4";"2";"2";""
"202400041627";"155 708 415";"D01";"2";"7";"0";"2";"4";"2";"1";""
"202400041627";"155 708 418";"A01";"2";"10";"0";"2";"1";"2";"1";""
"202400041627";"155 708 420";"B01";"2";"7";"0";"2";"4";"2";"1";""
"202400041628";"155 708 413";"A01";"1";"7";"0";"1";"1";"1";"1";""
"202400041629";"155 708 411";"A01";"0";"7";"0";"1";"4";"4";"0";""
"202400041630";"155 708 410";"A01";"2";"2";"0";"2";"8";"15";"1";""
"202400041630";"155 708 412";"B01";"2";"7";"0";"2";"7";"17";"1";""
"202400041631";"155 708 406";"A01";"2";"7";"0";"2";"1";"21";"1";""
"202400041631";"155 708 408";"B01";"2";"7";"0";"2";"4";"2";"1";""
"202400041631";"155 708 409";"C01";"2";"7";"0";"2";"4";"2";"1";""
"202400041632";"155 708 405";"A01";"0";"7";"0";"1";"4";"4";"1";""
"202400041633";"155 708 404";"A01";"0";"33";"1";"0";"1";"0";"1";""
"202400041634";"155 708 402";"B01";"1";"2";"0";"2";"3";"2";"1";""
"202400041634";"155 708 407";"A01";"1";"2";"0";"2";"7";"17";"1";""
"202400041635";"155 708 400";"B01";"2";"7";"0";"0";"4";"23";"1";""
"202400041635";"155 708 401";"C01";"2";"7";"0";"0";"4";"23";"1";""
"202400041635";"155 708 403";"A01";"2";"10";"0";"2";"1";"23";"1";""
"202400041636";"155 708 399";"A01";"1";"32";"0";"1";"2";"2";"0";""
"202400041637";"155 708 395";"A01";"1";"7";"13";"0";"3";"1";"1";""
"202400041638";"155 708 396";"A01";"1";"33";"0";"0";"1";"1";"1";""
"202400041639";"155 708 394";"B01";"2";"7";"0";"2";"3";"1";"1";""
"202400041639";"155 708 397";"A01";"1";"33";"0";"2";"3";"17";"1";""
"202400041640";"155 708 393";"A01";"1";"10";"0";"1";"4";"23";"1";""
"202400041640";"155 708 398";"B01";"1";"10";"0";"2";"1";"1";"1";""
"202400041641";"155 708 391";"A01";"1";"7";"0";"1";"3";"15";"1";""
"202400041642";"155 708 388";"A01";"3";"7";"1";"0";"2";"0";"2";""
"202400041643";"155 708 385";"A01";"1";"33";"0";"1";"1";"0";"1";""
"202400041644";"155 708 387";"A01";"2";"7";"2";"0";"1";"2";"1";""
"202400041645";"155 708 383";"B01";"1";"31";"0";"2";"2";"17";"1";""
"202400041645";"155 708 384";"A01";"1";"7";"0";"0";"8";"15";"2";""
"202400041646";"155 708 382";"A01";"1";"33";"0";"0";"8";"1";"1";""
"202400041647";"155 708 380";"B01";"1";"7";"0";"2";"1";"1";"1";""
"202400041647";"155 708 386";"A01";"1";"10";"0";"2";"8";"9";"1";""
"202400041648";"155 708 376";"B01";"0";"1";"0";"2";"2";"2";"5";""
"202400041648";"155 708 379";"A01";"0";"7";"0";"2";"3";"0";"1";""
"202400041649";"155 708 378";"A01";"1";"7";"0";"2";"0";"10";"1";""
"202400041649";"155 708 381";"B01";"2";"50";"0";"2";"0";"1";"3";""
"202400041650";"155 708 374";"A01";"1";"7";"0";"2";"1";"14";"1";""
"202400041650";"155 708 377";"B01";"1";"10";"0";"2";"4";"1";"1";""
"202400041651";"155 708 373";"A01";"1";"7";"0";"2";"2";"0";"0";""
"202400041651";"155 708 375";"B01";"1";"13";"0";"2";"3";"1";"0";""
"202400041652";"155 708 372";"A01";"1";"60";"0";"0";"0";"1";"5";""
"202400041653";"155 708 368";"B01";"1";"7";"0";"2";"5";"1";"0";""
"202400041653";"155 708 369";"A01";"1";"10";"0";"2";"2";"1";"0";""
"202400041654";"155 708 365";"A01";"2";"3";"0";"2";"1";"19";"1";""
"202400041654";"155 708 371";"B01";"3";"15";"0";"2";"8";"1";"1";""
"202400041655";"155 708 366";"A01";"1";"7";"11";"1";"3";"15";"0";""
"202400041656";"155 708 362";"B01";"1";"33";"0";"2";"7";"1";"1";""
"202400041656";"155 708 363";"A01";"1";"7";"0";"2";"8";"11";"1";""
"202400041657";"155 708 361";"A01";"0";"50";"0";"0";"0";"0";"3";""
"202400041658";"155 708 360";"E01";"0";"7";"0";"2";"7";"0";"1";""
"202400041658";"155 708 364";"A01";"1";"7";"0";"2";"1";"1";"1";""
"202400041658";"155 708 367";"B01";"1";"7";"0";"2";"2";"0";"1";""
"202400041658";"155 708 370";"F01";"1";"10";"0";"2";"7";"0";"1";""
"202400041659";"155 708 356";"B01";"2";"7";"0";"2";"4";"1";"1";""
"202400041659";"155 708 358";"C01";"2";"7";"0";"2";"4";"1";"1";""
"202400041659";"155 708 359";"A01";"2";"7";"0";"2";"1";"1";"1";""
"202400041660";"155 708 357";"A01";"1";"2";"0";"0";"0";"0";"1";""
"202400041661";"155 708 355";"A01";"2";"33";"0";"0";"7";"2";"1";""
"202400041662";"155 708 350";"A01";"1";"7";"0";"2";"2";"1";"1";""
"202400041662";"155 708 353";"B01";"1";"7";"0";"2";"6";"1";"1";""
"202400041663";"155 708 352";"A01";"2";"7";"0";"2";"1";"1";"1";""
"202400041663";"155 708 354";"B01";"3";"7";"0";"0";"8";"15";"3";""
"202400041664";"155 708 346";"B01";"2";"7";"0";"2";"1";"1";"1";""
"202400041664";"155 708 348";"A01";"2";"7";"0";"2";"4";"1";"1";""
"202400041665";"155 708 345";"A01";"2";"7";"0";"2";"1";"1";"1";""
"202400041665";"155 708 347";"B01";"2";"7";"0";"2";"4";"1";"1";""
"202400041666";"155 708 344";"B01";"2";"7";"0";"2";"3";"1";"1";""
"202400041666";"155 708 349";"A01";"1";"7";"0";"2";"1";"13";"1";""
"202400041666";"155 708 351";"C01";"2";"7";"0";"2";"1";"2";"1";""
"202400041667";"155 708 339";"B01";"1";"7";"0";"2";"1";"2";"1";""
"202400041667";"155 708 341";"C01";"1";"14";"0";"2";"2";"2";"1";""
"202400041667";"155 708 343";"A01";"1";"7";"0";"0";"4";"2";"2";""
"202400041668";"155 708 338";"A01";"1";"7";"0";"2";"1";"1";"1";""
"202400041668";"155 708 340";"B01";"1";"7";"0";"2";"4";"1";"1";""
"202400041668";"155 708 342";"C01";"1";"7";"0";"2";"6";"1";"1";""
"202400041669";"155 708 335";"A01";"1";"34";"0";"2";"4";"1";"1";""
"202400041669";"155 708 337";"Z01";"1";"0";"0";"2";"1";"1";"0";""
"202400041670";"155 708 332";"A01";"2";"31";"0";"0";"7";"1";"1";""
"202400041671";"155 708 333";"B01";"2";"34";"0";"2";"3";"2";"1";""
"202400041671";"155 708 336";"Z01";"2";"7";"0";"2";"1";"2";"1";""
"202400041672";"155 708 331";"A01";"1";"43";"12";"0";"2";"1";"1";""
"202400041673";"155 708 327";"A01";"1";"1";"0";"2";"8";"1";"5";""
"202400041673";"155 708 330";"B01";"1";"32";"0";"2";"7";"14";"1";""
"202400041674";"155 708 326";"A01";"2";"7";"0";"2";"3";"17";"1";""
"202400041674";"155 708 329";"B01";"2";"7";"3";"0";"6";"1";"1";""
"202400041675";"155 708 325";"A01";"2";"7";"0";"2";"1";"1";"1";""
"202400041675";"155 708 328";"B01";"2";"7";"0";"2";"4";"1";"1";""
"202400041675";"155 708 334";"C01";"2";"7";"0";"2";"4";"1";"1";""
"202400041676";"155 708 323";"A01";"1";"1";"16";"0";"0";"26";"5";""
"202400041677";"155 708 320";"C01";"1";"7";"0";"2";"4";"2";"1";""
"202400041677";"155 708 322";"A01";"1";"7";"0";"2";"1";"2";"1";""
"202400041677";"155 708 324";"B01";"1";"7";"0";"2";"4";"2";"1";""
"202400041678";"155 708 321";"A01";"3";"31";"0";"0";"0";"0";"1";""
"202400041679";"155 708 317";"C01";"1";"7";"0";"2";"3";"1";"2";""
"202400041679";"155 708 318";"B01";"2";"7";"0";"2";"2";"1";"1";""
"202400041679";"155 708 319";"A01";"1";"7";"0";"2";"1";"15";"1";""
"202400041680";"155 708 315";"A01";"1";"14";"0";"2";"2";"12";"1";""
"202400041680";"155 708 316";"B01";"1";"7";"0";"2";"6";"1";"1";""
"202400041681";"155 708 313";"B01";"2";"1";"0";"2";"1";"1";"5";""
"202400041681";"155 708 314";"A01";"1";"7";"0";"2";"7";"13";"1";""
"202400041682";"155 708 312";"A01";"1";"17";"0";"0";"8";"1";"1";""
"202400041683";"155 708 308";"A01";"3";"30";"0";"2";"7";"9";"3";""
"202400041683";"155 708 310";"B01";"3";"7";"0";"2";"3";"9";"2";""
"202400041684";"155 708 309";"A01";"1";"7";"0";"2";"2";"18";"1";""
"202400041684";"155 708 311";"B01";"2";"1";"0";"2";"4";"12";"5";""
"202400041685";"155 708 304";"A01";"2";"7";"0";"2";"1";"2";"1";""
"202400041685";"155 708 306";"B01";"2";"7";"0";"2";"1";"2";"1";""
"202400041685";"155 708 307";"C01";"2";"7";"0";"2";"4";"2";"1";""
"202400041686";"155 708 303";"A01";"1";"10";"0";"9";"8";"24";"1";""
"202400041686";"155 708 305";"B01";"1";"1";"1";"2";"1";"1";"5";""
"202400041687";"155 708 299";"A01";"0";"7";"0";"1";"1";"0";" -1";""
"202400041688";"155 708 300";"A01";"1";"33";"0";"2";"1";"2";"1";""
"202400041688";"155 708 302";"B01";"1";"7";"0";"2";"5";"2";"2";""
"202400041689";"155 708 297";"A01";"2";"7";"0";"2";"1";"2";"1";""
"202400041689";"155 708 298";"B01";"2";"7";"0";"2";"4";"2";"2";""
"202400041689";"155 708 301";"C01";"2";"7";"0";"2";"1";"2";"1";""
"202400041690";"155 708 296";"A01";"0";"7";"8";"0";"1";"1";"1";""
"202400041691";"155 708 293";"A01";"2";"7";"0";"2";"1";"12";"1";""
"202400041691";"155 708 294";"C01";"2";"7";"0";"2";"5";"1";"1";""
"202400041691";"155 708 295";"B01";"2";"7";"0";"2";"4";"2";"1";""
"202400041692";"155 708 289";"A01";"0";"7";"0";"1";"1";"26";"1";""
"202400041693";"155 708 288";"A01";"1";"7";"4";"0";"0";"0";"1";""
"202400041694";"155 708 286";"B01";"1";"7";"0";"2";"7";"15";"1";""
"202400041694";"155 708 287";"A01";"1";"7";"0";"2";"0";"1";"1";""
"202400041695";"155 708 285";"A01";"1";"1";"0";"1";"0";"0";"5";""
"202400041696";"155 708 291";"A01";"3";"7";"0";"0";"7";"15";"0";""
"202400041696";"155 708 292";"B01";"0";"30";"0";"0";"1";"1";"0";""
"202400041697";"155 708 282";"A01";"3";"7";"0";"2";"8";"9";"1";""
"202400041697";"155 708 284";"B01";"3";"7";"0";"2";"2";"1";"1";""
"202400041698";"155 708 281";"A01";"1";"7";"0";"2";"4";"23";"1";""
"202400041698";"155 708 290";"B01";"1";"50";"0";"2";"1";"1";"3";""
"202400041699";"155 708 280";"A01";"1";"33";"0";"2";"1";"17";"1";""
"202400041699";"155 708 283";"B01";"1";"10";"0";"0";"6";"15";"1";""
"202400041700";"155 708 278";"C01";"1";"7";"0";"2";"8";"24";"1";""
"202400041700";"155 708 279";"B01";"1";"37";"0";"2";"5";"15";"1";"1"
"202400041701";"155 708 276";"A01";"2";"7";"14";"0";"9";"1";"1";""
"202400041702";"155 708 274";"A01";"3";"31";"0";"2";"7";"3";"1";""
"202400041702";"155 708 275";"B01";"3";"7";"0";"2";"0";"1";"1";""
"202400041703";"155 708 272";"A01";"2";"1";"1";"0";"0";"0";"5";""
"202400041704";"155 708 271";"A01";"3";"32";"0";"1";"1";"1";"1";""
"202400041705";"155 708 273";"A01";"2";"7";"0";"2";"7";"16";"1";""
"202400041705";"155 708 277";"B01";"2";"1";"0";"2";"1";"1";"5";""
"202400041706";"155 708 267";"A01";"1";"7";"0";"2";"3";"15";"1";""
"202400041706";"155 708 269";"B01";"2";"7";"0";"2";"7";"1";"1";""
"202400041707";"155 708 268";"A01";"1";"7";"0";"0";"2";"16";"1";""
"202400041707";"155 708 270";"B01";"1";"1";"0";"2";"1";"2";"5";""
"202400041708";"155 708 265";"A01";"1";"1";"0";"2";"1";"13";"5";""
"202400041708";"155 708 266";"B01";"1";"1";"0";"2";"1";"1";"5";""
"202400041709";"155 708 261";"A01";"1";"21";"0";"2";"1";"19";"1";""
"202400041709";"155 708 264";"B01";"1";"7";"0";"2";"3";"1";"1";""
"202400041710";"155 708 260";"A01";"1";"7";"0";"2";"4";"15";"1";""
"202400041710";"155 708 262";"B01";"1";"33";"0";"2";"1";"1";"1";""
"202400041710";"155 708 263";"C01";"1";"33";"0";"2";"1";"1";"1";""
"202400041711";"155 708 258";"A01";"1";"30";"0";"1";"1";"1";"3";""
"202400041712";"155 708 257";"B01";"2";"7";"0";"2";"6";"15";"1";""