"Num_Acc";"id_vehicule";"num_veh";"senc";"catv";"obs";"obsm";"choc";"manv";"motor";"occutc"
"202400042123";"155 707 550";"B01";"1";"7";"0";"2";"1";"1";"1";""
"202400042124";"155 707 546";"A01";"0";"30";"0";"0";"0";"0";"6";""
"202400042125";"155 707 543";"A01";"2";"7";"0";"2";"6";"15";"1";""
"202400042125";"155 707 545";"B01";"2";"7";"0";"2";"2";"17";"2";""
"202400042126";"155 707 544";"A01";"1";"10";"1";"2";"1";"1";"1";""
"202400042127";"155 707 541";"A01";"2";"7";"4";"0";"3";"1";"1";""
"202400042128";"155 707 539";"B01";"2";"50";"0";"2";"0";"1";"3";""
"202400042128";"155 707 542";"A01";"1";"7";"0";"9";"1";"1";"2";""
"202400042129";"155 707 538";"A01";"3";"7";"0";"2";"4";"4";"1";""
"202400042129";"155 707 540";"B01";"2";"33";"0";"2";"8";"1";"1";""
"202400042130";"155 707 536";"A01";"1";"32";"0";"2";"1";"0";"1";""
"202400042130";"155 707 537";"B01";"1";"7";"0";"2";"8";"15";"1";""
"202400042131";"155 707 534";"A01";"2";"14";"0";"2";"1";"1";"1";""
"202400042131";"155 707 535";"B01";"2";"7";"0";"2";"4";"1";"2";""
"202400042132";"155 707 531";"B01";"1";"31";"0";"2";"1";"1";"1";""
"202400042132";"155 707 532";"A01";"2";"7";"0";"2";"2";"19";"1";""
"202400042133";"155 707 527";"B01";"2";"34";"0";"2";"1";"23";"1";""
"202400042133";"155 707 529";"A01";"1";"7";"0";"2";"1";"13";"1";""
"202400042134";"155 707 528";"A01";"3";"7";"0";"2";"4";"26";"1";""
"202400042134";"155 707 530";"C01";"3";"7";"0";"2";"1";"2";"1";""
"202400042134";"155 707 533";"B01";"3";"7";"0";"2";"4";"0";"1";""
"202400042135";"155 707 524";"A01";"2";"7";"0";"2";"2";"12";"1";""
"202400042135";"155 707 526";"B01";"2";"32";"0";"2";"8";"3";"1";""
"202400042136";"155 707 525";"A01";"3";"7";"0";"1";"1";"15";"1";""
"202400042137";"155 707 523";"A01";"1";"7";"13";"0";"2";"14";"1";""
"202400042138";"155 707 520";"A01";"2";"10";"0";"2";"1";"2";"1";""
"202400042138";"155 707 522";"B01";"2";"7";"0";"2";"4";"2";"1";""
"202400042139";"155 707 518";"A01";"3";"50";"1";"0";"0";"0";"3";""
"202400042139";"155 707 521";"B01";"1";"7";"0";"2";"8";"0";"2";""
"202400042140";"155 707 517";"B01";"1";"10";"0";"2";"8";"1";"1";""
"202400042140";"155 707 519";"A01";"2";"7";"0";"2";"8";"13";"1";""
"202400042141";"155 707 515";"A01";"1";"14";"0";"2";"2";"15";"1";""
"202400042141";"155 707 516";"B01";"2";"33";"0";"2";"1";"1";"1";""
"202400042142";"155 707 509";"A01";"2";"33";"0";"2";"1";"2";"1";""
"202400042142";"155 707 511";"B01";"2";"7";"0";"0";"5";"2";"1";""
"202400042143";"155 707 508";"A01";"1";"2";"0";"2";"8";"1";"1";""
"202400042143";"155 707 510";"B01";"2";"7";"0";"2";"3";"15";"1";""
"202400042144";"155 707 507";"A01";"1";"7";"0";"2";"8";"26";"1";""
"202400042144";"155 707 513";"B01";"3";"1";"0";"2";"1";"26";"5";""
"202400042145";"155 707 506";"A01";"2";"7";"0";"2";"1";"26";"3";""
"202400042145";"155 707 512";"B01";"2";"7";"0";"2";"4";"2";"2";""
"202400042145";"155 707 514";"C01";"2";"7";"0";"2";"4";"2";"2";""
"202400042146";"155 707 504";"A01";"1";"7";"0";"1";"8";"1";"1";""
"202400042147";"155 707 502";"A01";"1";"7";"0";"2";"3";"1";"1";""
"202400042147";"155 707 505";"B01";"2";"33";"0";"2";"1";"5";"1";""
"202400042148";"155 707 499";"A01";"2";"7";"0";"1";"3";"1";"1";""
"202400042149";"155 707 501";"A01";"0";"7";"0";"1";"1";"1";"1";""
"202400042150";"155 707 498";"A01";"1";"7";"0";"2";"1";"11";"2";""
"202400042150";"155 707 500";"C01";"1";"10";"0";"2";"8";"1";"1";""
"202400042150";"155 707 503";"B01";"1";"7";"0";"2";"1";"1";"2";""
"202400042151";"155 707 497";"A01";"3";"7";"0";"1";"2";"1";"1";""
"202400042152";"155 707 496";"A01";"1";"7";"0";"1";"3";"1";"1";""
"202400042153";"155 707 493";"A01";"3";"20";"0";"1";"5";"1";"1";""
"202400042154";"155 707 492";"A01";"3";"7";"0";"2";"3";"15";"2";""
"202400042154";"155 707 495";"B01";"1";"32";"0";"2";"1";"1";"0";""
"202400042155";"155 707 491";"A01";"3";"7";"0";"2";"1";"15";"2";""
"202400042155";"155 707 494";"B01";"3";"34";"0";"2";"1";"1";"1";""
"202400042156";"155 707 489";"A01";"0";"1";"12";"0";"0";"1";"5";""
"202400042157";"155 707 486";"A01";"1";"1";"0";"2";"3";"19";"5";""
"202400042157";"155 707 490";"B01";"2";"7";"0";"2";"2";"1";"1";""
"202400042158";"155 707 482";"A01";"3";"10";"0";"2";"8";"10";"1";""
"202400042158";"155 707 483";"B01";"3";"33";"0";"2";"1";"1";"1";""
"202400042159";"155 707 484";"B01";"1";"37";"0";"2";"3";"13";"1";"1"
"202400042159";"155 707 487";"A01";"1";"10";"4";"2";"2";"13";"1";""
"202400042160";"155 707 480";"B01";"2";"7";"0";"2";"1";"1";"2";""
"202400042160";"155 707 481";"A01";"1";"7";"12";"2";"4";"5";"1";""
"202400042161";"155 707 485";"A01";"2";"7";"6";"0";"0";"1";"1";""
"202400042161";"155 707 488";"B01";"2";"7";"0";"2";"0";"0";"1";""
"202400042162";"155 707 479";"A01";"2";"1";"0";"1";"4";"2";"5";""
"202400042163";"155 707 475";"A01";"2";"7";"3";"0";"0";"0";"1";""
"202400042164";"155 707 473";"A01";"2";"50";"0";"2";"4";"1";"3";""
"202400042164";"155 707 477";"Z01";"0";"7";"0";"2";"1";"1";"0";""
"202400042165";"155 707 474";"A01";"1";"7";"0";"2";"1";"13";"1";""
"202400042165";"155 707 476";"B01";"2";"7";"0";"2";"1";"1";"1";""
"202400042166";"155 707 472";"A01";"1";"33";"8";"0";"0";"1";"1";""
"202400042167";"155 707 470";"A01";"1";"7";"8";"0";"8";"14";"1";""
"202400042168";"155 707 467";"A01";"3";"2";"5";"0";"8";"13";"1";""
"202400042169";"155 707 468";"A01";"1";"32";"0";"1";"1";"19";"1";""
"202400042170";"155 707 469";"B01";"1";"7";"0";"2";"1";"2";"1";""
"202400042170";"155 707 471";"A01";"1";"7";"3";"2";"2";"1";"1";""
"202400042171";"155 707 465";"A01";"1";"7";"0";"1";"1";"1";"1";""
"202400042172";"155 707 462";"B01";"1";"7";"0";"2";"3";"13";"1";""
"202400042172";"155 707 464";"A01";"1";"32";"0";"2";"1";"1";"1";""
"202400042173";"155 707 461";"A01";"1";"7";"2";"0";"1";"1";"1";""
"202400042174";"155 707 459";"A01";"3";"7";"0";"0";"9";"0";"1";""
"202400042175";"155 707 458";"A01";"2";"7";"0";"2";"1";"13";"1";""
"202400042175";"155 707 460";"B01";"1";"33";"0";"2";"1";"1";"1";""
"202400042175";"155 707 463";"C01";"1";"34";"0";"2";"1";"1";"1";""
"202400042175";"155 707 466";"D01";"1";"33";"0";"2";"1";"1";"1";""
"202400042176";"155 707 455";"A01";"1";"7";"0";"2";"1";"1";"1";""
"202400042176";"155 707 457";"B01";"1";"32";"0";"2";"8";"1";"1";""
"202400042177";"155 707 452";"A01";"2";"33";"0";"2";"1";"26";"1";""
"202400042177";"155 707 454";"C01";"1";"10";"0";"2";"4";"2";"1";""
"202400042177";"155 707 456";"B01";"2";"7";"0";"2";"4";"2";"2";""
"202400042178";"155 707 450";"A01";"3";"7";"0";"2";"1";"13";"1";""
"202400042178";"155 707 453";"B01";"3";"99";"0";"2";"1";"1";"1";""
"202400042179";"155 707 448";"B01";"3";"37";"0";"2";"1";"2";"1";"3"
"202400042179";"155 707 451";"A01";"3";"7";"0";"2";"8";"2";"1";""
"202400042180";"155 707 444";"A01";"2";"7";"0";"2";"1";"1";"1";""
"202400042180";"155 707 446";"B01";"1";"2";"0";"2";"1";"13";"1";""
"202400042181";"155 707 445";"A01";"1";"7";"0";"2";"1";"1";"1";""
"202400042181";"155 707 449";"B01";"1";"7";"0";"2";"5";"1";"1";""
"202400042182";"155 707 443";"A01";"1";"7";"0";"2";"1";"1";"1";""
"202400042182";"155 707 447";"B01";"1";"15";"0";"2";"4";"1";"0";""
"202400042183";"155 707 439";"A01";"2";"32";"0";"2";"1";"1";"1";""
"202400042183";"155 707 441";"B01";"2";"32";"0";"2";"4";"23";"1";""
"202400042183";"155 707 442";"C01";"2";"7";"0";"2";"6";"23";"1";""
"202400042184";"155 707 437";"A01";"2";"2";"0";"2";"1";"13";"1";""
"202400042184";"155 707 440";"B01";"1";"7";"0";"2";"3";"1";"1";""
"202400042185";"155 707 435";"A01";"1";"21";"0";"0";"0";"26";"1";""
"202400042185";"155 707 438";"B01";"1";"21";"13";"0";"0";"26";"1";""
"202400042186";"155 707 434";"A01";"1";"10";"0";"2";"8";"3";"1";""
"202400042186";"155 707 436";"B01";"1";"33";"0";"2";"7";"17";"1";""
"202400042187";"155 707 432";"A01";"1";"7";"13";"0";"8";"1";"1";""
"202400042188";"155 707 431";"B01";"1";"10";"0";"0";"0";"1";"1";""
"202400042188";"155 707 433";"A01";"1";"50";"0";"2";"0";"19";"3";""
"202400042189";"155 707 428";"B01";"1";"7";"0";"2";"6";"0";"1";""
"202400042189";"155 707 430";"A01";"1";"7";"0";"2";"2";"1";"1";""
"202400042190";"155 707 429";"A01";"0";"7";"1";"0";"1";"1";"1";""
"202400042191";"155 707 427";"A01";"3";"1";"0";"0";"0";"1";"5";""
"202400042192";"155 707 425";"A01";"1";"7";"0";"2";"8";"20";"1";""
"202400042192";"155 707 426";"B01";"1";"1";"0";"2";"1";"1";"5";""
"202400042193";"155 707 424";"A01";"1";"7";"4";"0";"1";"0";"1";""
"202400042194";"155 707 422";"A01";"3";"7";"13";"0";"2";"0";"1";""
"202400042195";"155 707 418";"A01";"2";"7";"0";"0";"0";"0";"1";""
"202400042195";"155 707 420";"B01";"2";"33";"0";"0";"0";"0";"1";""
"202400042196";"155 707 417";"D01";"1";"7";"0";"2";"6";"1";"1";""
"202400042196";"155 707 419";"C01";"1";"7";"0";"2";"3";"17";"1";""
"202400042196";"155 707 421";"A01";"2";"7";"0";"2";"3";"1";"1";""
"202400042196";"155 707 423";"B01";"2";"7";"0";"2";"1";"2";"1";""
"202400042197";"155 707 415";"B01";"1";"7";"0";"2";"6";"0";"1";""
"202400042197";"155 707 416";"A01";"1";"7";"0";"2";"1";"0";"1";""
"202400042198";"155 707 414";"A01";"1";"7";"1";"1";"2";"2";"2";""
"202400042199";"155 707 413";"A01";"0";"7";"1";"0";"1";"20";"2";""
"202400042200";"155 707 410";"A01";"1";"7";"13";"0";"1";"14";"1";""
"202400042201";"155 707 408";"A01";"3";"32";"0";"2";"3";"18";"1";""
"202400042201";"155 707 411";"B01";"3";"7";"0";"2";"2";"1";"1";""
"202400042202";"155 707 409";"A01";"2";"7";"0";"2";"3";"13";"1";""
"202400042202";"155 707 412";"B01";"2";"7";"0";"2";"7";"1";"2";""
"202400042203";"155 707 407";"A01";"1";"7";"2";"0";"1";"1";"1";""
"202400042204";"155 707 405";"A01";"1";"1";"0";"2";"1";"1";"5";""
"202400042204";"155 707 406";"B01";"1";"7";"0";"9";"5";"15";"1";""
"202400042205";"155 707 404";"A01";"2";"30";"0";"1";"1";"1";"1";""
"202400042206";"155 707 403";"A01";"1";"7";"4";"0";"3";"17";"1";""
"202400042207";"155 707 400";"A01";"1";"7";"0";"0";"9";"13";"1";""
"202400042208";"155 707 399";"A01";"0";"33";"0";"2";"7";"2";"1";""
"202400042208";"155 707 402";"B01";"0";"7";"0";"2";"8";"0";"1";""
"202400042209";"155 707 398";"A01";"1";"33";"0";"2";"7";"1";"0";""
"202400042209";"155 707 401";"B01";"1";"33";"0";"0";"8";"26";"1";""
"202400042210";"155 707 395";"A01";"1";"1";"0";"0";"0";"1";"5";""
"202400042211";"155 707 397";"A01";"2";"7";"13";"0";"1";"16";"1";""
"202400042212";"155 707 394";"B01";"2";"7";"0";"2";"8";"1";"1";""
"202400042212";"155 707 396";"A01";"2";"7";"0";"2";"5";"26";"1";""
"202400042213";"155 707 393";"A01";"1";"7";"2";"0";"2";"14";"1";""
"202400042214";"155 707 392";"A01";"1";"10";"6";"0";"2";"1";"1";""
"202400042215";"155 707 391";"A01";"1";"7";"0";"0";"0";"1";"1";""
"202400042216";"155 707 390";"A01";"2";"33";"0";"0";"1";"1";"1";""
"202400042217";"155 707 388";"A01";"1";"7";"9";"0";"1";"13";"1";""
"202400042218";"155 707 387";"A01";"3";"31";"0";"2";"3";"0";"1";""
"202400042218";"155 707 389";"B01";"3";"10";"0";"2";"8";"0";"1";""
"202400042219";"155 707 385";"B01";"1";"7";"0";"2";"2";"0";"1";""
"202400042219";"155 707 386";"A01";"1";"7";"0";"2";"6";"21";"2";""
"202400042220";"155 707 382";"A01";"2";"7";"0";"2";"3";"13";"1";""
"202400042220";"155 707 384";"B01";"1";"7";"5";"2";"3";"1";"1";""
"202400042221";"155 707 383";"A01";"1";"10";"2";"0";"1";"1";"1";""
"202400042222";"155 707 380";"B01";"1";"7";"0";"2";"3";"1";"1";""
"202400042222";"155 707 381";"A01";"2";"7";"0";"2";"3";"13";"1";""
"202400042223";"155 707 379";"A01";"2";"7";"4";"0";"3";"1";"1";""
"202400042224";"155 707 378";"A01";"2";"10";"2";"6";"1";"1";"1";""
"202400042225";"155 707 377";"A01";"2";"32";"12";"0";"1";"1";"1";""
"202400042226";"155 707 376";"A01";"2";"7";"4";"0";"3";"1";"1";""
"202400042227";"155 707 372";"A01";"1";"7";"0";"2";"3";"13";"1";""
"202400042227";"155 707 373";"B01";"2";"7";"0";"2";"2";"0";"1";""
"202400042227";"155 707 374";"C01";"2";"7";"9";"0";"2";"21";"1";""
"202400042228";"155 707 371";"A01";"2";"15";"0";"2";"2";"15";"1";""
"202400042228";"155 707 375";"B01";"1";"2";"0";"2";"0";"1";"1";""
"202400042229";"155 707 370";"A01";"1";"7";"13";"0";"2";"1";"1";""
"202400042230";"155 707 367";"A01";"2";"50";"0";"2";"3";"15";"3";""
"202400042230";"155 707 369";"B01";"2";"7";"0";"2";"2";"17";"1";""
"202400042231";"155 707 365";"B01";"2";"7";"0";"2";"5";"0";"1";""
"202400042231";"155 707 366";"A01";"2";"7";"0";"2";"3";"13";"1";""
"202400042232";"155 707 368";"A01";"1";"7";"5";"0";"1";"1";"1";""
"202400042233";"155 707 362";"B01";"2";"7";"0";"0";"4";"2";"1";""
"202400042233";"155 707 364";"A01";"2";"33";"0";"2";"1";"2";"1";""
"202400042234";"155 707 360";"A01";"2";"33";"0";"2";"1";"3";"1";""
"202400042234";"155 707 363";"B01";"2";"7";"0";"2";"6";"1";"1";""
"202400042235";"155 707 359";"B01";"1";"7";"0";"2";"2";"1";"1";""
"202400042235";"155 707 361";"A01";"1";"2";"0";"2";"6";"1";"1";""
"202400042236";"155 707 358";"A01";"1";"7";"13";"0";"3";"13";"1";""
"202400042237";"155 707 357";"A01";"2";"10";"0";"9";"9";"14";"1";""
"202400042238";"155 707 354";"A01";"1";"7";"2";"0";"3";"1";"1";""
"202400042239";"155 707 353";"A01";"2";"33";"0";"2";"1";"2";"1";""
"202400042239";"155 707 356";"B01";"2";"7";"0";"2";"4";"2";"1";""
"202400042240";"155 707 355";"A01";"1";"7";"13";"0";"1";"1";"1";""
"202400042241";"155 707 350";"B01";"1";"7";"0";"2";"8";"5";"1";""
"202400042241";"155 707 352";"A01";"2";"33";"0";"2";"1";"1";"1";""
"202400042242";"155 707 347";"C01";"1";"7";"0";"2";"4";"2";"1";""
"202400042242";"155 707 349";"A01";"1";"7";"0";"2";"1";"2";"1";""
"202400042242";"155 707 351";"B01";"1";"7";"0";"2";"4";"2";"2";""
"202400042243";"155 707 346";"A01";"1";"7";"13";"0";"7";"14";"1";""
"202400042244";"155 707 344";"A01";"1";"7";"0";"2";"3";"15";"1";""
"202400042244";"155 707 348";"B01";"2";"33";"0";"2";"7";"1";"1";""
"202400042245";"155 707 343";"A01";"2";"33";"0";"2";"3";"3";"1";""
"202400042245";"155 707 345";"B01";"2";"7";"0";"2";"2";"12";"1";""
"202400042246";"155 707 342";"A01";"2";"33";"7";"0";"8";"1";"1";""
"202400042247";"155 707 340";"B01";"1";"7";"0";"2";"4";"2";"1";""
"202400042247";"155 707 341";"A01";"1";"10";"0";"2";"1";"2";"1";""
"202400042248";"155 707 335";"A01";"2";"7";"0";"2";"6";"23";"1";""
"202400042248";"155 707 337";"B01";"2";"7";"0";"2";"2";"12";"1";""
"202400042249";"155 707 338";"A01";"1";"10";"13";"0";"3";"13";"1";""
"202400042250";"155 707 336";"B01";"2";"33";"0";"2";"2";"9";"1";""
"202400042250";"155 707 339";"A01";"1";"7";"0";"2";"6";"9";"1";""
"202400042251";"155 707 330";"A01";"1";"7";"0";"2";"1";"1";"1";""
"202400042251";"155 707 334";"B01";"2";"10";"0";"2";"3";"1";"1";""
"202400042252";"155 707 331";"A01";"2";"3";"0";"2";"1";"13";"1";""
"202400042252";"155 707 332";"B01";"1";"7";"0";"2";"1";"1";"1";""
"202400042253";"155 707 326";"A01";"2";"1";"0";"2";"1";"15";"5";""
"202400042253";"155 707 328";"B01";"2";"7";"0";"2";"2";"17";"1";""
"202400042254";"155 707 324";"A01";"1";"7";"0";"2";"4";"2";"0";""
"202400042254";"155 707 327";"B01";"1";"7";"0";"2";"1";"2";"1";""
"202400042254";"155 707 329";"C01";"1";"7";"0";"2";"1";"2";"1";""
"202400042255";"155 707 321";"A01";"1";"7";"4";"0";"1";"14";"1";""
"202400042256";"155 707 323";"A01";"1";"7";"0";"2";"3";"13";"1";""
"202400042256";"155 707 325";"B01";"2";"7";"0";"0";"3";"1";"1";""
"202400042257";"155 707 320";"B01";"2";"7";"3";"2";"0";"0";"1";""
"202400042257";"155 707 322";"A01";"2";"7";"3";"2";"0";"11";"1";""
"202400042258";"155 707 319";"A01";"1";"7";"0";"1";"1";"9";"2";""
"202400042259";"155 707 318";"A01";"2";"7";"4";"0";"3";"1";"1";""
"202400042260";"155 707 314";"A01";"1";"1";"0";"0";"0";"1";"5";""
"202400042261";"155 707 313";"A01";"2";"7";"0";"2";"3";"2";"1";""
"202400042261";"155 707 315";"B01";"2";"7";"0";"0";"5";"2";"1";""
"202400042262";"155 707 316";"C01";"2";"10";"0";"2";"3";"19";"1";""
"202400042262";"155 707 317";"B01";"1";"33";"0";"2";"1";"1";"1";""
"202400042263";"155 707 311";"B01";"1";"1";"0";"2";"1";"5";"5";""
"202400042263";"155 707 312";"A01";"2";"7";"0";"2";"2";"16";"1";""
"202400042264";"155 707 310";"A01";"1";"31";"13";"0";"1";"1";"1";""
"202400042265";"155 707 309";"A01";"1";"7";"4";"0";"2";"1";"1";""
"202400042266";"155 707 306";"A01";"3";"7";"0";"2";"2";"1";"1";""
"202400042266";"155 707 308";"B01";"3";"7";"0";"2";"3";"9";"1";""
"202400042267";"155 707 305";"B01";"2";"33";"0";"2";"1";"1";"1";""
"202400042267";"155 707 307";"A01";"1";"7";"0";"2";"3";"1";"1";""
"202400042268";"155 707 304";"A01";"2";"10";"2";"0";"1";"14";"1";""
"202400042269";"155 707 302";"A01";"1";"7";"5";"0";"1";"0";"6";""
"202400042270";"155 707 300";"A01";"1";"2";"0";"2";"1";"5";"1";""
"202400042270";"155 707 303";"B01";"2";"7";"0";"2";"1";"1";"3";""
"202400042271";"155 707 299";"B01";"0";"2";"0";"2";"1";"1";"0";""
"202400042271";"155 707 301";"A01";"0";"7";"0";"2";"3";"15";"1";""
"202400042272";"155 707 298";"A01";"2";"33";"2";"0";"0";"1";"1";""
"202400042273";"155 707 295";"A01";"1";"7";"0";"2";"3";"15";"1";""
"202400042273";"155 707 297";"B01";"2";"33";"15";"0";"8";"0";"1";""
"202400042274";"155 707 294";"A01";"1";"7";"0";"2";"3";"13";"1";""
"202400042274";"155 707 296";"B01";"2";"7";"15";"2";"3";"1";"1";""
"202400042275";"155 707 292";"A01";"1";"7";"0";"2";"8";"13";"1";""
"202400042275";"155 707 293";"B01";"2";"7";"0";"2";"1";"1";"1";""
"202400042276";"155 707 289";"A01";"1";"7";"0";"2";"1";"13";"1";""
"202400042276";"155 707 291";"B01";"2";"13";"0";"2";"1";"1";"1";""
"202400042277";"155 707 288";"B01";"2";"1";"0";"2";"1";"1";"5";""
"202400042277";"155 707 290";"A01";"1";"7";"13";"9";"3";"13";"1";""
"202400042278";"155 707 285";"A01";"1";"33";"9";"0";"1";"1";"1";""
"202400042279";"155 707 282";"A01";"2";"7";"6";"2";"4";"1";"1";""
"202400042279";"155 707 287";"B01";"2";"7";"0";"2";"1";"1";"1";""
"202400042280";"155 707 284";"A01";"2";"7";"3";"2";"2";"13";"1";""
"202400042280";"155 707 286";"B01";"1";"7";"0";"2";"1";"1";"1";""
"202400042281";"155 707 281";"B01";"2";"31";"0";"2";"0";"1";"1";""
"202400042281";"155 707 283";"A01";"2";"7";"0";"2";"8";"10";"1";""
"202400042282";"155 707 280";"A01";"1";"7";"2";"0";"1";"1";"1";""
"202400042283";"155 707 276";"B01";"1";"7";"1";"9";"6";"9";"6";""
"202400042283";"155 707 279";"A01";"3";"32";"0";"9";"1";"26";"6";""
"202400042284";"155 707 275";"A01";"1";"10";"13";"2";"3";"13";"1";""
"202400042284";"155 707 277";"B01";"1";"1";"0";"0";"0";"1";"5";""
"202400042285";"155 707 274";"A01";"1";"33";"4";"0";"0";"1";"1";""
"202400042286";"155 707 273";"A01";"1";"7";"0";"2";"5";"15";"1";""
"202400042286";"155 707 278";"B01";"1";"7";"0";"2";"3";"1";"1";""
"202400042287";"155 707 271";"A01";"3";"7";"0";"2";"8";"15";"1";""
"202400042287";"155 707 272";"B01";"3";"33";"0";"2";"1";"17";"1";""
"202400042288";"155 707 269";"A01";"3";"50";"0";"2";"0";"19";"3";""
"202400042289";"155 707 268";"A01";"1";"7";"0";"2";"1";"9";"1";""
"202400042289";"155 707 270";"B01";"2";"7";"0";"2";"7";"1";"1";""
"202400042290";"155 707 264";"A01";"1";"7";"0";"2";"3";"13";"1";""
"202400042290";"155 707 266";"B01";"2";"7";"0";"2";"3";"2";"3";""
"202400042291";"155 707 263";"A01";"1";"7";"0";"9";"1";"9";"1";""
"202400042291";"155 707 265";"B01";"1";"99";"0";"2";"7";"1";"3";""
"202400042292";"155 707 262";"A01";"2";"33";"13";"0";"7";"14";"1";""
"202400042293";"155 707 258";"A01";"1";"7";"13";"2";"7";"0";"1";""
"202400042293";"155 707 267";"B01";"1";"7";"0";"2";"8";"1";"1";""
"202400042294";"155 707 257";"A01";"2";"10";"0";"2";"3";"1";"1";""
"202400042294";"155 707 261";"B01";"1";"50";"0";"2";"1";"1";"3";""
"202400042295";"155 707 256";"B01";"1";"2";"0";"2";"1";"1";"0";""
"202400042295";"155 707 260";"A01";"1";"10";"0";"2";"8";"15";"1";""
"202400042296";"155 707 255";"A01";"1";"7";"0";"2";"2";"1";"1";""
"202400042296";"155 707 259";"B01";"1";"1";"0";"2";"3";"0";"5";""
"202400042297";"155 707 254";"A01";"2";"33";"0";"0";"7";"2";"1";""
"202400042298";"155 707 251";"A01";"2";"10";"0";"1";"1";"15";"1";""
"202400042299";"155 707 250";"B01";"0";"1";"12";"2";"1";"25";"5";""
"202400042299";"155 707 252";"A01";"0";"7";"0";"2";"2";"1";"1";""
"202400042300";"155 707 249";"A01";"1";"7";"2";"0";"7";"2";"1";""
"202400042301";"155 707 253";"A01";"1";"33";"0";"0";"0";"2";"1";""
"202400042302";"155 707 248";"A01";"1";"7";"4";"0";"9";"0";"1";""
"202400042303";"155 707 247";"A01";"2";"36";"15";"0";"1";"0";"1";""
"202400042304";"155 707 246";"A01";"1";"7";"0";"0";"9";"1";"1";""
"202400042305";"155 707 243";"C01";"1";"1";"0";"2";"3";"1";"5";""
"202400042305";"155 707 245";"A01";"1";"7";"0";"2";"2";"15";"1";""
"202400042306";"155 707 241";"A01";"1";"7";"13";"0";"0";"14";"1";""
"202400042307";"155 707 239";"A01";"0";"7";"9";"0";"3";"2";"1";""
"202400042308";"155 707 240";"A01";"1";"7";"0";"2";"1";"1";"1";""
"202400042308";"155 707 242";"B01";"1";"7";"0";"2";"4";"23";"1";""
"202400042309";"155 707 238";"B01";"2";"7";"0";"2";"3";"9";"1";""
"202400042309";"155 707 244";"A01";"2";"7";"0";"2";"1";"2";"2";""
"202400042310";"155 707 237";"A01";"2";"33";"10";"0";"2";"2";"1";""
"202400042311";"155 707 235";"A01";"1";"7";"0";"1";"1";"1";"1";""
"202400042312";"155 707 233";"A01";"2";"7";"0";"9";"2";"19";"1";""
"202400042312";"155 707 236";"B01";"1";"2";"0";"2";"1";"1";"1";""
"202400042313";"155 707 231";"A01";"2";"7";"0";"2";"4";"1";"1";""
"202400042313";"155 707 234";"B01";"2";"7";"0";"2";"1";"1";"1";""
"202400042314";"155 707 228";"A01";"2";"7";"13";"0";"7";"15";"1";""
"202400042315";"155 707 229";"A01";"2";"7";"3";"2";"3";"13";"1";""
"202400042315";"155 707 232";"B01";"1";"7";"0";"2";"3";"1";"1";""
"202400042316";"155 707 227";"A01";"2";"1";"0";"2";"5";"14";"5";""
"202400042316";"155 707 230";"B01";"2";"7";"0";"2";"5";"9";"1";""
"202400042317";"155 707 224";"A01";"3";"7";"2";"0";"1";"0";"1";""
"202400042318";"155 707 223";"A01";"2";"7";"0";"2";"0";"0";"0";""
"202400042318";"155 707 226";"B01";"2";"33";"16";"2";"0";"0";"1";""
"202400042319";"155 707 221";"B01";"1";"10";"0";"2";"3";"1";"1";""
"202400042319";"155 707 225";"A01";"1";"10";"0";"2";"5";"0";"1";""
"202400042320";"155 707 222";"A01";"2";"7";"2";"0";"2";"1";"1";""
"202400042321";"155 707 217";"A01";"2";"7";"9";"0";"1";"0";"1";""
"202400042322";"155 707 215";"A01";"2";"7";"0";"2";"1";"5";"1";""
"202400042322";"155 707 219";"B01";"1";"7";"0";"2";"1";"2";"1";""
"202400042323";"155 707 214";"C01";"2";"10";"0";"2";"1";"21";"1";""
"202400042323";"155 707 218";"A01";"1";"3";"0";"2";"1";"13";"1";""
"202400042323";"155 707 220";"B01";"2";"10";"0";"2";"2";"21";"1";""
"202400042324";"155 707 212";"A01";"3";"7";"0";"2";"1";"13";"1";""
"202400042324";"155 707 213";"B01";"3";"7";"0";"2";"6";"26";"1";""
"202400042324";"155 707 216";"C01";"3";"7";"0";"2";"1";"1";"1";""
"202400042325";"155 707 211";"A01";"3";"7";"0";"0";"9";"1";"0";""
"202400042326";"155 707 208";"A01";"1";"7";"0";"2";"4";"2";"1";""
"202400042326";"155 707 210";"B01";"1";"7";"0";"2";"4";"23";"1";""
"202400042327";"155 707 207";"A01";"2";"7";"15";"0";"1";"14";"1";""
"202400042328";"155 707 205";"A01";"3";"7";"0";"1";"3";"1";"1";""
"202400042329";"155 707 209";"A01";"2";"33";"0";"0";"0";"1";"1";""
"202400042330";"155 707 204";"A01";"0";"7";"0";"0";"9";"0";"1";""
"202400042331";"155 707 200";"A01";"2";"10";"7";"0";"1";"13";"1";""
"202400042332";"155 707 201";"A01";"2";"17";"0";"0";"4";"23";"1";""
"202400042332";"155 707 203";"B01";"2";"10";"1";"0";"1";"1";"1";""
"202400042333";"155 707 199";"B01";"3";"50";"0";"2";"1";"1";"3";""
"202400042333";"155 707 202";"A01";"3";"10";"0";"2";"3";"15";"1";""
"202400042334";"155 707 198";"A01";"1";"7";"0";"1";"3";"2";"0";""