"Num_Acc";"id_vehicule";"num_veh";"senc";"catv";"obs";"obsm";"choc";"manv";"motor";"occutc"
"202400042335";"155 707 195";"A01";"2";"7";"0";"2";"2";"13";"1";""
"202400042335";"155 707 197";"B01";"1";"33";"0";"2";"1";"1";"1";""
"202400042336";"155 707 193";"B01";"1";"7";"0";"2";"2";"1";"1";""
"202400042336";"155 707 196";"A01";"2";"7";"0";"2";"3";"13";"1";""
"202400042337";"155 707 190";"A01";"0";"7";"0";"2";"1";"0";"1";""
"202400042337";"155 707 192";"B01";"0";"7";"0";"2";"4";"0";"1";""
"202400042337";"155 707 194";"C01";"0";"34";"0";"2";"4";"0";"1";""
"202400042338";"155 707 189";"B01";"2";"7";"0";"2";"1";"13";"1";""
"202400042338";"155 707 191";"A01";"1";"7";"0";"2";"1";"21";"1";""
"202400042339";"155 707 187";"B01";"1";"33";"0";"2";"7";"3";"1";""
"202400042339";"155 707 188";"A01";"1";"7";"0";"2";"3";"3";"1";""
"202400042340";"155 707 186";"A01";"1";"7";"14";"0";"3";"13";"2";""
"202400042341";"155 707 184";"A01";"1";"7";"1";"0";"1";"14";"1";""
"202400042342";"155 707 183";"A01";"2";"7";"0";"2";"0";"0";"1";""
"202400042342";"155 707 185";"B01";"1";"50";"0";"2";"7";"19";"3";""
"202400042343";"155 707 182";"A01";"3";"7";"0";"1";"3";"20";"1";""
"202400042344";"155 707 181";"A01";"3";"36";"0";"0";"2";"1";"1";""
"202400042345";"155 707 178";"A01";"1";"7";"2";"0";"2";"14";"1";""
"202400042346";"155 707 174";"C01";"1";"7";"0";"2";"3";"23";"1";""
"202400042346";"155 707 175";"D01";"1";"7";"0";"2";"1";"23";"1";""
"202400042346";"155 707 176";"A01";"2";"7";"0";"2";"1";"1";"1";""
"202400042346";"155 707 177";"B01";"1";"7";"7";"2";"8";"1";"1";""
"202400042347";"155 707 179";"A01";"1";"7";"12";"2";"3";"9";"1";""
"202400042347";"155 707 180";"B01";"2";"33";"12";"2";"7";"16";"1";""
"202400042348";"155 707 173";"A01";"1";"7";"2";"0";"9";"14";"1";""
"202400042349";"155 707 170";"A01";"1";"10";"0";"2";"3";"15";"1";""
"202400042349";"155 707 172";"B01";"1";"33";"0";"2";"7";"17";"1";""
"202400042350";"155 707 167";"B01";"2";"1";"1";"0";"1";"1";"5";""
"202400042350";"155 707 168";"A01";"2";"7";"0";"0";"4";"23";"1";""
"202400042351";"155 707 166";"A01";"3";"2";"1";"0";"1";"14";"1";""
"202400042352";"155 707 164";"A01";"2";"7";"0";"2";"3";"1";"1";""
"202400042352";"155 707 169";"B01";"1";"10";"0";"2";"8";"3";"1";""
"202400042353";"155 707 162";"A01";"1";"7";"8";"0";"1";"14";"1";""
"202400042354";"155 707 160";"A01";"3";"7";"8";"0";"9";"1";"1";""
"202400042355";"155 707 159";"B01";"2";"7";"0";"2";"3";"1";"1";""
"202400042355";"155 707 161";"A01";"1";"7";"0";"2";"3";"13";"3";""
"202400042356";"155 707 154";"A01";"3";"7";"12";"0";"3";"1";"1";""
"202400042357";"155 707 157";"A01";"3";"7";"0";"2";"7";"15";"1";""
"202400042357";"155 707 158";"B01";"3";"33";"0";"2";"1";"1";"1";""
"202400042358";"155 707 153";"A01";"1";"33";"0";"2";"1";"3";"1";""
"202400042358";"155 707 156";"B01";"1";"7";"0";"2";"5";"1";"2";""
"202400042359";"155 707 151";"A01";"1";"7";"3";"0";"2";"16";"1";""
"202400042360";"155 707 149";"A01";"1";"7";"0";"2";"3";"9";"1";""
"202400042360";"155 707 152";"B01";"1";"7";"0";"2";"7";"1";"1";""
"202400042361";"155 707 147";"B01";"0";"7";"0";"0";"0";"13";"0";""
"202400042361";"155 707 148";"A01";"0";"7";"0";"2";"8";"1";"1";""
"202400042362";"155 707 145";"A01";"0";"7";"0";"1";"7";"16";"1";""
"202400042363";"155 707 144";"A01";"1";"7";"0";"2";"2";"1";"1";""
"202400042363";"155 707 146";"B01";"3";"2";"0";"2";"3";"1";"3";""
"202400042364";"155 707 139";"Z01";"1";"7";"0";"2";"1";"26";"1";""
"202400042364";"155 707 141";"B01";"1";"7";"0";"2";"4";"2";"1";""
"202400042364";"155 707 150";"C01";"1";"7";"0";"2";"4";"2";"3";""
"202400042365";"155 707 137";"A01";"1";"7";"0";"2";"1";"2";"1";""
"202400042365";"155 707 142";"B01";"1";"7";"0";"2";"4";"2";"3";""
"202400042365";"155 707 143";"C01";"1";"7";"0";"2";"4";"2";"2";""
"202400042366";"155 707 136";"B01";"1";"50";"0";"2";"1";"1";"3";""
"202400042366";"155 707 140";"Z01";"1";"7";"0";"2";"3";"0";"0";""
"202400042367";"155 707 135";"B01";"1";"10";"0";"2";"1";"1";"1";""
"202400042367";"155 707 138";"A01";"2";"7";"0";"2";"1";"13";"1";""
"202400042368";"155 707 131";"A01";"1";"7";"0";"2";"3";"15";"1";""
"202400042368";"155 707 134";"B01";"2";"1";"0";"2";"8";"1";"5";""
"202400042369";"155 707 132";"A01";"2";"10";"8";"0";"1";"13";"1";""
"202400042370";"155 707 130";"A01";"3";"7";"0";"2";"1";"1";"1";""
"202400042370";"155 707 133";"B01";"3";"7";"0";"2";"6";"1";"1";""
"202400042371";"155 707 129";"A01";"1";"7";"0";"1";"1";"16";"1";""
"202400042372";"155 707 126";"B01";"1";"1";"2";"0";"0";"0";"5";""
"202400042372";"155 707 128";"A01";"1";"3";"2";"0";"0";"0";"1";""
"202400042373";"155 707 125";"A01";"2";"7";"0";"2";"2";"1";"1";""
"202400042374";"155 707 124";"B01";"3";"7";"0";"2";"7";"0";"1";""
"202400042374";"155 707 127";"A01";"3";"7";"0";"2";"2";"16";"2";""
"202400042375";"155 707 122";"A01";"2";"7";"0";"2";"8";"20";"1";""
"202400042375";"155 707 123";"B01";"2";"30";"0";"2";"1";"1";"1";""
"202400042376";"155 707 119";"B01";"2";"7";"0";"2";"1";"1";"1";""
"202400042376";"155 707 120";"A01";"2";"7";"0";"2";"4";"1";"1";""
"202400042377";"155 707 118";"B01";"1";"7";"0";"2";"3";"15";"1";""
"202400042377";"155 707 121";"A01";"1";"7";"0";"2";"1";"1";"1";""
"202400042378";"155 707 117";"A01";"2";"30";"1";"0";"1";"14";"1";""
"202400042379";"155 707 112";"B01";"1";"14";"0";"2";"2";"1";"1";""
"202400042379";"155 707 114";"A01";"1";"7";"0";"2";"3";"22";"2";""
"202400042380";"155 707 111";"B01";"3";"30";"0";"2";"1";"1";"1";""
"202400042380";"155 707 115";"A01";"3";"7";"0";"2";"3";"26";"1";""
"202400042381";"155 707 110";"C01";"2";"7";"0";"2";"6";"1";"1";""
"202400042381";"155 707 113";"B01";"2";"7";"0";"2";"4";"1";"1";""
"202400042381";"155 707 116";"Z01";"2";"7";"0";"2";"2";"2";"1";""
"202400042382";"155 707 107";"B01";"1";"7";"0";"2";"4";"0";"1";""
"202400042382";"155 707 109";"A01";"1";"7";"0";"2";"1";"1";"1";""
"202400042383";"155 707 108";"A01";"1";"7";"0";"1";"2";"1";"1";""
"202400042384";"155 707 105";"A01";"2";"32";"0";"2";"3";"1";"3";""
"202400042384";"155 707 106";"B01";"2";"7";"0";"2";"7";"1";"2";""
"202400042385";"155 707 104";"A01";"1";"1";"0";"9";"1";"15";"5";""
"202400042386";"155 707 102";"B01";"3";"30";"0";"2";"1";"1";"1";""
"202400042386";"155 707 103";"A01";"0";"7";"0";"2";"3";"15";"1";""
"202400042387";"155 707 100";"A01";"0";"30";"1";"0";"1";"1";"1";""
"202400042388";"155 707 099";"B01";"2";"7";"0";"2";"5";"14";"1";""
"202400042388";"155 707 101";"A01";"2";"7";"0";"2";"3";"1";"1";""
"202400042389";"155 707 096";"A01";"3";"7";"0";"2";"5";"15";"0";""
"202400042389";"155 707 098";"B01";"1";"30";"0";" -1";"1";"2";"0";""
"202400042390";"155 707 094";"A01";"1";"7";"14";"0";"1";"1";"1";""
"202400042390";"155 707 097";"B01";"1";"7";"0";"2";"6";"23";"1";""
"202400042391";"155 707 093";"A01";"2";"10";"0";"2";"1";"2";"1";""
"202400042391";"155 707 095";"B01";"2";"7";"0";"2";"4";"1";"1";""
"202400042392";"155 707 092";"A01";"1";"7";"0";"1";"1";"1";"1";""
"202400042393";"155 707 089";"A01";"1";"7";"0";"2";"1";"2";"1";""
"202400042393";"155 707 090";"B01";"1";"7";"0";"2";"4";"2";"1";""
"202400042394";"155 707 088";"B01";"1";"7";"0";"2";"8";"15";"1";""
"202400042394";"155 707 091";"A01";"2";"7";"0";"2";"3";"1";"1";""
"202400042395";"155 707 086";"A01";"1";"7";"3";"0";"3";"13";"1";""
"202400042396";"155 707 085";"B01";"2";"7";"0";"2";"7";"1";"1";""
"202400042396";"155 707 087";"A01";"1";"7";"0";"2";"1";"1";"1";""
"202400042397";"155 707 083";"A01";"3";"7";"8";"2";"8";"1";"1";""
"202400042397";"155 707 084";"B01";"0";"7";"0";"2";"7";"17";"2";""
"202400042398";"155 707 078";"A01";"1";"7";"0";"2";"5";"12";"2";""
"202400042398";"155 707 080";"B01";"1";"37";"0";"2";"3";"1";"1";"3"
"202400042399";"155 707 075";"D01";"1";"7";"0";"2";"4";"2";"1";""
"202400042399";"155 707 076";"A01";"1";"15";"0";"2";"1";"2";"0";""
"202400042399";"155 707 079";"E01";"1";"7";"0";"2";"1";"2";"0";""
"202400042399";"155 707 081";"B01";"1";"7";"0";"2";"4";"2";"1";""
"202400042399";"155 707 082";"C01";"1";"7";"0";"2";"4";"2";"1";""
"202400042400";"155 707 073";"A01";"1";"7";"0";"2";"3";"15";"1";""
"202400042400";"155 707 077";"B01";"2";"7";"0";"2";"2";"1";"1";""
"202400042401";"155 707 072";"B01";"3";"34";"0";"2";"2";"0";"1";""
"202400042401";"155 707 074";"A01";"3";"7";"0";"2";"5";"15";"1";""
"202400042402";"155 707 069";"A01";"2";"33";"0";"2";"7";"1";"1";""
"202400042402";"155 707 071";"B01";"2";"7";"0";"2";"3";"11";"1";""
"202400042403";"155 707 068";"B01";"1";"1";"0";"2";"1";"1";"5";""
"202400042403";"155 707 070";"A01";"2";"50";"0";"2";"1";"5";"3";""
"202400042404";"155 707 067";"A01";"3";"30";"0";"1";"7";"0";"3";""
"202400042405";"155 707 065";"A01";"1";"50";"0";"0";"0";"1";"3";""
"202400042406";"155 707 066";"A01";"2";"10";"0";"1";"1";"15";"1";""
"202400042407";"155 707 063";"A01";"1";"7";"0";"2";"1";"2";"1";""
"202400042407";"155 707 064";"B01";"1";"7";"4";"2";"6";"2";"1";""
"202400042408";"155 707 060";"A01";"1";"7";"4";"0";"1";"14";"1";""
"202400042409";"155 707 059";"A01";"1";"7";"0";"2";"3";"1";"1";""
"202400042409";"155 707 061";"B01";"3";"50";"0";"2";"1";"26";"3";""
"202400042410";"155 707 056";"A01";"2";"7";"0";"2";"2";"1";"1";""
"202400042410";"155 707 058";"B01";"1";"7";"0";"2";"2";"1";"2";""
"202400042411";"155 707 055";"B01";"1";"33";"0";"2";"1";"1";"1";""
"202400042411";"155 707 057";"A01";"2";"7";"0";"2";"8";"15";"1";""
"202400042412";"155 707 054";"A01";"2";"38";"0";"1";"1";"15";"1";"1"
"202400042413";"155 707 051";"A01";"1";"7";"0";"0";"0";"1";"1";""
"202400042413";"155 707 053";"B01";"3";"50";"0";"2";"1";"1";"3";""
"202400042414";"155 707 048";"C01";"1";"33";"0";"9";"0";"0";"1";""
"202400042414";"155 707 050";"A01";"1";"7";"0";"2";"8";"1";"1";""
"202400042414";"155 707 052";"B01";"1";"31";"0";"2";"7";"0";"1";""
"202400042415";"155 707 047";"B01";"1";"7";"0";"0";"1";"1";"1";""
"202400042415";"155 707 049";"A01";"1";"7";"0";"2";"7";"2";"3";""
"202400042416";"155 707 041";"A01";"1";"32";"0";"2";"1";"2";"1";""
"202400042416";"155 707 044";"B01";"1";"7";"0";"2";"6";"2";"1";""
"202400042417";"155 707 042";"A01";"2";"7";"0";"2";"1";"26";"1";""
"202400042417";"155 707 045";"B01";"1";"2";"0";"2";"7";"1";"3";""
"202400042418";"155 707 036";"A01";"1";"7";"1";"0";"1";"1";"1";""
"202400042418";"155 707 039";"B01";"1";"7";"0";"2";"4";"23";"1";""
"202400042418";"155 707 040";"C01";"1";"7";"0";"2";"4";"23";"1";""
"202400042418";"155 707 043";"D01";"1";"7";"0";"2";"1";"1";"1";""
"202400042419";"155 707 034";"B01";"1";"2";"0";"2";"8";"9";"1";""
"202400042419";"155 707 037";"A01";"1";"7";"0";"2";"5";"14";"1";""
"202400042420";"155 707 035";"A01";"3";"34";"0";"2";"8";"18";"1";""
"202400042420";"155 707 038";"B01";"3";"7";"0";"2";"7";"16";"1";""
"202400042421";"155 707 033";"A01";"1";"7";"12";"0";"1";"1";"1";""
"202400042422";"155 707 031";"A01";"2";"50";"0";"1";"1";"1";"3";""
"202400042423";"155 707 029";"A01";"1";"7";"0";"2";"0";"1";"0";""
"202400042423";"155 707 032";"B01";"1";"32";"12";"2";"4";"1";"1";""
"202400042424";"155 707 027";"A01";"0";"7";"0";"2";"1";"1";"1";""
"202400042424";"155 707 028";"B01";"0";"7";"0";"2";"4";"23";"1";""
"202400042424";"155 707 030";"C01";"0";"7";"0";"2";"4";"23";"1";""
"202400042425";"155 707 026";"A01";"2";"10";"0";"1";"5";"4";"1";""
"202400042426";"155 707 024";"A01";"1";"2";"0";"2";"2";"0";"3";""
"202400042426";"155 707 025";"B01";"2";"7";"0";"2";"1";"0";"1";""
"202400042427";"155 707 022";"A01";"1";"1";"0";"1";"1";"10";"5";""
"202400042428";"155 707 023";"A01";"2";"33";"0";"1";"1";"2";"1";""
"202400042429";"155 707 020";"B01";"2";"7";"0";"2";"4";"1";"1";""
"202400042429";"155 707 021";"A01";"2";"31";"0";"2";"1";"1";"1";""
"202400042430";"155 707 017";"Z01";"2";"34";"0";"2";"8";"13";"0";""
"202400042430";"155 707 019";"A01";"1";"31";"0";"2";"8";"1";"1";""
"202400042431";"155 707 016";"B01";"1";"10";"0";"2";"2";"14";"1";""
"202400042431";"155 707 018";"A01";"1";"1";"0";"2";"8";"1";"5";""
"202400042432";"155 707 015";"A01";"1";"37";"0";"1";"0";"23";"1";"1"
"202400042433";"155 707 012";"B01";"3";"33";"0";"2";"7";"1";"1";""
"202400042433";"155 707 014";"A01";"3";"7";"0";"2";"0";"26";"1";""
"202400042434";"155 707 011";"A01";"1";"7";"0";"2";"0";"0";"0";""
"202400042434";"155 707 013";"B01";"2";"7";"0";"2";"0";"0";"1";""
"202400042435";"155 707 010";"B01";"1";"7";"0";"1";"2";"1";"1";""
"202400042436";"155 707 009";"A01";"1";"7";"9";"0";"2";"1";"1";""
"202400042437";"155 707 008";"A01";"2";"7";"0";"0";"1";"2";"2";""
"202400042438";"155 707 006";"A01";"1";"7";"0";"1";"3";"1";"1";""
"202400042439";"155 707 002";"A01";"2";"7";"0";"2";"3";"9";"1";""
"202400042439";"155 707 005";"B01";"1";"7";"0";"2";"3";"1";"1";""
"202400042440";"155 707 000";"B01";"1";"7";"0";"2";"3";"16";"2";""
"202400042440";"155 707 003";"A01";"2";"2";"0";"2";"1";"13";"3";""
"202400042441";"155 706 996";"A01";"1";"1";"0";"1";"1";"1";"5";""
"202400042442";"155 706 995";"A01";"3";"7";"0";"2";"1";"5";"1";""
"202400042442";"155 706 998";"B01";"3";"7";"0";"2";"1";"1";"1";""
"202400042443";"155 706 994";"A01";"2";"7";"0";"2";"1";"2";"1";""
"202400042443";"155 706 997";"B01";"2";"33";"0";"2";"4";"2";"1";""
"202400042444";"155 706 992";"A01";"3";"7";"0";"1";"3";"20";"1";""
"202400042445";"155 706 989";"B01";"3";"33";"0";"2";"1";"1";"1";""
"202400042445";"155 706 993";"A01";"3";"7";"0";"2";"3";"15";"1";""
"202400042446";"155 706 990";"B01";"1";"10";"0";"2";"1";"0";"1";""
"202400042446";"155 706 991";"A01";"1";"33";"0";"2";"0";"0";"1";""
"202400042447";"155 706 988";"A01";"2";"7";"0";"1";"1";"1";"2";""
"202400042448";"155 706 986";"A01";"2";"7";"0";"1";"2";"1";"1";""
"202400042449";"155 706 985";"A01";"1";"37";"0";"2";"2";"1";"1";"3"
"202400042449";"155 706 987";"B01";"2";"14";"0";"2";"0";"0";"1";""
"202400042450";"155 706 983";"A01";"3";"7";"0";"1";"1";"16";"2";""
"202400042451";"155 706 982";"A01";"0";"32";"0";"2";"0";"5";"0";""
"202400042451";"155 706 984";"B01";"1";"32";"0";"2";"4";"1";"1";""
"202400042452";"155 706 979";"A01";"1";"1";"0";"1";"1";"1";"5";""
"202400042453";"155 706 978";"A01";"3";"50";"0";"1";"1";"0";"3";""
"202400042454";"155 706 977";"C01";"3";"7";"0";"2";"1";"2";"1";""
"202400042454";"155 706 980";"A01";"3";"7";"0";"2";"1";"5";"1";""
"202400042454";"155 706 981";"B01";"3";"7";"0";"2";"1";"2";"1";""
"202400042455";"155 706 974";"B01";"3";"50";"0";"2";"1";"25";"3";""
"202400042455";"155 706 976";"A01";"1";"7";"0";"2";"1";"20";"1";""
"202400042456";"155 706 973";"B01";"2";"7";"0";"0";"3";"1";"2";""
"202400042456";"155 706 975";"A01";"3";"31";"0";"2";"1";"1";"1";""
"202400042457";"155 706 972";"A01";"3";"7";"0";"1";"3";"14";"1";""
"202400042458";"155 706 971";"A01";"1";"10";"0";"2";"1";"1";"1";""
"202400042459";"155 706 968";"A01";"1";"7";"0";"2";"1";"0";"1";""
"202400042459";"155 706 970";"B01";"1";"7";"0";"2";"4";"1";"1";""
"202400042460";"155 706 967";"B01";"1";"7";"0";"2";"4";"2";"1";""
"202400042460";"155 706 969";"A01";"1";"7";"0";"2";"1";"2";"2";""
"202400042461";"155 706 965";"A01";"1";"33";"0";"2";"5";"1";"1";""
"202400042461";"155 706 966";"B01";"2";"7";"0";"2";"3";"9";"1";""
"202400042462";"155 706 961";"B01";"3";"7";"0";"2";"3";"1";"1";""
"202400042462";"155 706 963";"A01";"3";"7";"0";"2";"3";"1";"1";""
"202400042463";"155 706 962";"B01";"1";"7";"0";"2";"0";"1";"1";""
"202400042463";"155 706 964";"A01";"1";"7";"12";"0";"1";"9";"1";""
"202400042464";"155 706 960";"A01";"1";"7";"0";"1";"3";"15";"1";""
"202400042465";"155 706 959";"A01";"3";"36";"0";"0";"9";"26";"1";""
"202400042466";"155 706 957";"A01";"1";"32";"0";"2";"1";"1";"1";""
"202400042466";"155 706 958";"B01";"1";"7";"0";"2";"3";"9";"1";""
"202400042467";"155 706 955";"A01";"2";"7";"2";"0";"1";"1";"1";""
"202400042468";"155 706 956";"A01";"2";"7";"0";"1";"1";"1";"1";""
"202400042469";"155 706 953";"A01";"1";"7";"8";"0";"1";"2";"1";""
"202400042470";"155 706 954";"A01";"1";"7";"0";"1";"2";"1";"1";""
"202400042471";"155 706 951";"B01";"1";"2";"0";"2";"3";"26";"1";""
"202400042471";"155 706 952";"A01";"1";"7";"0";"2";"3";"0";"1";""
"202400042472";"155 706 950";"A01";"0";"36";"13";"0";"3";"1";"1";""
"202400042473";"155 706 949";"A01";"2";"7";"1";"1";"3";"1";"1";""
"202400042474";"155 706 946";"A01";"1";"33";"0";"2";"8";"10";"1";""
"202400042474";"155 706 947";"B01";"1";"2";"0";"2";"1";"1";"1";""
"202400042475";"155 706 945";"A01";"3";"50";"0";"2";"1";"1";"3";""
"202400042475";"155 706 948";"B01";"3";"7";"0";"2";"3";"16";"0";""
"202400042476";"155 706 944";"A01";"1";"7";"0";"1";"1";"18";"0";""
"202400042477";"155 706 942";"A01";"0";"7";"0";"2";"1";"15";"1";""
"202400042477";"155 706 943";"B01";"3";"1";"0";"2";"1";"1";"5";""
"202400042478";"155 706 941";"Z01";"2";"7";"0";"1";"3";"1";"1";""
"202400042479";"155 706 940";"A01";"0";"10";"0";"1";"3";"15";"1";""
"202400042480";"155 706 935";"A01";"2";"7";"0";"2";"1";"2";"1";""
"202400042480";"155 706 938";"B01";"2";"7";"3";"0";"4";"2";"1";""
"202400042481";"155 706 937";"A01";"1";"32";"0";"2";"1";"11";"1";""
"202400042481";"155 706 939";"B01";"1";"7";"0";"9";"0";"15";"2";""
"202400042482";"155 706 934";"B01";"2";"7";"0";"2";"1";"1";"1";""
"202400042482";"155 706 936";"A01";"2";"7";"0";"2";"8";"1";"1";""
"202400042483";"155 706 933";"A01";"2";"33";"0";"0";"0";"17";"1";""
"202400042484";"155 706 932";"A01";"1";"50";"1";"0";"1";"13";"3";""
"202400042485";"155 706 931";"A01";"1";"7";"0";"1";"3";"9";"1";""
"202400042486";"155 706 930";"A01";"3";"21";"0";"6";"8";"1";"1";""
"202400042487";"155 706 923";"A01";"2";"7";"0";"2";"3";"13";"1";""
"202400042487";"155 706 928";"C01";"1";"15";"0";"2";"0";"0";"1";""
"202400042487";"155 706 929";"B01";"1";"7";"0";"2";"8";"21";"2";""
"202400042488";"155 706 922";"C01";"1";"7";"0";"0";"1";"0";"0";""
"202400042488";"155 706 925";"A01";"1";"7";"0";"0";"4";"1";"1";""
"202400042488";"155 706 927";"B01";"1";"7";"0";"2";"1";"1";"0";""
"202400042489";"155 706 921";"A01";"2";"7";"0";"2";"1";"2";"1";""
"202400042489";"155 706 924";"B01";"2";"1";"0";"2";"4";"2";"5";""
"202400042489";"155 706 926";"C01";"2";"1";"0";"2";"4";"2";"5";""
"202400042490";"155 706 920";"A01";"0";"10";"0";"1";"2";"1";"1";""
"202400042491";"155 706 919";"A01";"2";"7";"13";"0";"1";"1";"1";""
"202400042492";"155 706 918";"A01";"0";"7";"0";"0";"0";"0";" -1";""
"202400042493";"155 706 914";"A01";"1";"7";"0";"2";"8";"17";"2";""
"202400042493";"155 706 917";"B01";"3";"1";"0";"2";"1";"1";"5";""
"202400042494";"155 706 913";"A01";"2";"7";"0";"9";"3";"1";"1";""
"202400042494";"155 706 916";"B01";"1";"1";"0";"2";"7";"1";"5";""
"202400042495";"155 706 911";"A01";"3";"7";"0";"2";"1";"1";"2";""
"202400042495";"155 706 915";"B01";"1";"32";"0";"2";"4";"23";"1";""
"202400042496";"155 706 908";"A01";"0";"2";"0";"2";"4";"1";"1";""
"202400042496";"155 706 910";"B01";"0";"7";"0";"0";"1";"1";"0";""
"202400042497";"155 706 909";"B01";"0";"1";"0";"2";"7";"19";"5";""
"202400042497";"155 706 912";"A01";"0";"7";"0";"2";"1";"1";"1";""
"202400042498";"155 706 905";"A01";"3";"7";"0";"1";"2";"1";"1";""
"202400042499";"155 706 904";"A01";"1";"7";"0";"2";"2";"2";"1";""
"202400042499";"155 706 907";"B01";"1";"1";"0";"2";"4";"2";"5";""
"202400042500";"155 706 903";"B01";"2";"7";"0";"0";"3";"1";"0";""
"202400042500";"155 706 906";"A01";"1";"7";"0";"2";"3";"13";"1";""
"202400042501";"155 706 902";"A01";"1";"7";"0";"1";"3";"0";"1";""
"202400042502";"155 706 899";"B01";"2";"7";"0";"2";"1";"9";"1";""
"202400042502";"155 706 901";"A01";"1";"7";"0";"2";"7";"1";"1";""
"202400042503";"155 706 897";"B01";"2";"7";"0";"2";"1";"1";"1";""
"202400042503";"155 706 900";"A01";"1";"7";"0";"2";"2";"19";"1";""
"202400042504";"155 706 896";"B01";"0";"2";"0";"2";"3";"1";"3";""
"202400042504";"155 706 898";"A01";"0";"10";"0";"2";"3";"15";"1";""
"202400042505";"155 706 894";"B01";"1";"80";"0";"2";"0";"1";"3";""
"202400042505";"155 706 895";"A01";"1";"10";"0";"2";"7";"17";"1";""
"202400042506";"155 706 893";"A01";"1";"7";"13";"0";"3";"9";"1";""
"202400042507";"155 706 892";"A01";"2";"15";"0";"1";"2";"1";"1";""
"202400042508";"155 706 890";"A01";"1";"7";"6";"0";"2";"14";"1";""
"202400042509";"155 706 888";"A01";"1";"2";"0";"2";"1";"1";"1";""
"202400042509";"155 706 889";"B01";"2";"7";"0";"0";"5";"15";"1";""
"202400042509";"155 706 891";"C01";"2";"7";"0";"2";"3";"1";"1";""
"202400042510";"155 706 886";"A01";"2";"3";"0";"1";"3";"18";"3";""
"202400042511";"155 706 887";"A01";"2";"33";"14";"6";"1";"1";"1";""
"202400042512";"155 706 885";"A01";"3";"7";"1";"0";"2";"1";"1";""
"202400042513";"155 706 884";"A01";"1";"7";"2";"0";"1";"1";"1";""
"202400042514";"155 706 882";"A01";"1";"1";"13";"0";"0";"13";"5";""
"202400042515";"155 706 881";"A01";"1";"10";"13";"0";"9";"1";"1";""
"202400042516";"155 706 880";"B01";"2";"7";"0";"2";"3";"1";"1";""
"202400042516";"155 706 883";"A01";"1";"7";"0";"2";"1";"1";"1";""
"202400042517";"155 706 879";"A01";"1";"2";"1";"0";"7";"1";"1";""
"202400042518";"155 706 877";"A01";"1";"2";"7";"0";"1";"1";"1";""
"202400042519";"155 706 875";"A01";"2";"7";"0";"2";"1";"2";"1";""
"202400042519";"155 706 878";"B01";"2";"2";"0";"0";"4";"2";"1";""
"202400042520";"155 706 874";"A01";"2";"7";"0";"2";"2";"15";"1";""
"202400042520";"155 706 876";"B01";"1";"30";"0";"2";"1";"1";"0";""
"202400042521";"155 706 871";"A01";"2";"7";"6";"0";"1";"16";"1";""
"202400042522";"155 706 869";"B01";"1";"7";"0";"2";"1";"23";"1";""
"202400042522";"155 706 872";"A01";"2";"1";"0";"2";"1";"17";"5";""
"202400042523";"155 706 868";"A01";"2";"33";"0";"0";"7";"1";"1";""
"202400042524";"155 706 865";"B01";"1";"33";"0";"2";"1";"2";"1";""
"202400042524";"155 706 867";"A01";"1";"7";"0";"2";"3";"10";"1";""
"202400042525";"155 706 864";"A01";"3";"7";"0";"2";"1";"15";"1";""
"202400042525";"155 706 866";"B01";"3";"7";"0";"2";"1";"1";"1";""
"202400042526";"155 706 861";"A01";"1";"7";"13";"0";"2";"0";"1";""
"202400042527";"155 706 860";"A01";"1";"33";"0";"2";"7";"15";"1";""
"202400042527";"155 706 863";"B01";"1";"7";"0";"2";"1";"1";"1";""
"202400042528";"155 706 858";"A01";"2";"7";"0";"2";"7";"13";"1";""
"202400042528";"155 706 859";"C01";"2";"7";"0";"2";"4";"1";"1";""
"202400042528";"155 706 862";"B01";"1";"7";"0";"2";"3";"15";"1";""
"202400042529";"155 706 855";"A01";"1";"7";"0";"2";"8";"15";"1";""
"202400042529";"155 706 857";"B01";"2";"7";"0";"2";"1";"1";"1";""
"202400042530";"155 706 854";"A01";"1";"7";"0";"2";"1";"1";"1";""
"202400042530";"155 706 856";"B01";"2";"7";"0";"2";"8";"11";"1";""
"202400042531";"155 706 853";"A01";"2";"10";"0";"1";"3";"15";"1";""
"202400042532";"155 706 851";"A01";"1";"21";"7";"0";"1";"1";"1";""
"202400042533";"155 706 850";"A01";"3";"7";"0";"2";"1";"1";"2";""
"202400042533";"155 706 852";"B01";"3";"7";"0";"2";"1";"13";"1";""
"202400042534";"155 706 849";"A01";"2";"7";"0";"1";"3";"1";"1";""
"202400042535";"155 706 846";"A01";"1";"7";"0";"2";"3";"13";"1";""
"202400042535";"155 706 848";"B01";"2";"2";"0";"2";"1";"13";"1";""
"202400042536";"155 706 847";"A01";"2";"10";"13";"0";"2";"1";"1";""
"202400042537";"155 706 843";"A01";"1";"7";"0";"1";"4";"20";"1";""
"202400042538";"155 706 842";"A01";"1";"1";"0";"2";"0";"1";"5";""
"202400042538";"155 706 844";"B01";"2";"7";"0";"2";"0";"1";"0";""
"202400042539";"155 706 841";"B01";"2";"10";"0";"2";"3";"9";"3";""
"202400042539";"155 706 845";"A01";"2";"50";"0";"2";"1";"15";"3";""
"202400042540";"155 706 840";"A01";"2";"33";"13";"0";"2";"2";"1";""
"202400042541";"155 706 837";"A01";"1";"21";"0";"2";"1";"15";"1";""