"Num_Acc";"id_vehicule";"num_veh";"senc";"catv";"obs";"obsm";"choc";"manv";"motor";"occutc"
"202400042541";"155 706 839";"B01";"2";"7";"0";"2";"8";"1";"1";""
"202400042542";"155 706 836";"A01";"1";"33";"13";"0";"1";"1";"1";""
"202400042543";"155 706 835";"B01";"3";"1";"0";"2";"7";"1";"5";""
"202400042543";"155 706 838";"A01";"3";"7";"0";"2";"1";"1";"1";""
"202400042544";"155 706 831";"B01";"2";"7";"0";"2";"1";"1";"1";""
"202400042544";"155 706 834";"A01";"1";"7";"0";"2";"1";"11";"1";""
"202400042545";"155 706 830";"A01";"2";"7";"0";"2";"3";"13";"1";""
"202400042545";"155 706 833";"B01";"1";"7";"0";"2";"3";"1";"1";""
"202400042546";"155 706 829";"A01";"2";"50";"0";"2";"1";"1";"3";""
"202400042546";"155 706 832";"B01";"1";"50";"0";"2";"8";"1";"3";""
"202400042547";"155 706 825";"A01";"1";"7";"13";"0";"1";"1";"1";""
"202400042548";"155 706 824";"B01";"1";"7";"0";"2";"7";"1";"2";""
"202400042548";"155 706 827";"A01";"1";"2";"0";"2";"1";"1";"1";""
"202400042549";"155 706 822";"A01";"2";"7";"4";"0";"9";"1";"1";""
"202400042549";"155 706 823";"B01";"2";"7";"4";"2";"3";"13";"1";""
"202400042549";"155 706 826";"C01";"2";"7";"0";"0";"6";"1";"3";""
"202400042549";"155 706 828";"D01";"2";"10";"0";"9";"0";"1";"1";""
"202400042550";"155 706 819";"A01";"1";"7";"17";"0";"1";"17";"1";""
"202400042551";"155 706 818";"A01";"2";"7";"0";"2";"1";"13";"1";""
"202400042551";"155 706 821";"B01";"1";"10";"0";"2";"1";"1";"1";""
"202400042552";"155 706 817";"B01";"1";"7";"0";"2";"8";"16";"1";""
"202400042552";"155 706 820";"A01";"1";"7";"0";"2";"1";"1";"1";""
"202400042553";"155 706 814";"B01";"1";"7";"3";"2";"0";"1";"1";""
"202400042553";"155 706 816";"A01";"1";"7";"3";"2";"0";"17";"1";""
"202400042554";"155 706 815";"A01";"1";"7";"2";"0";"3";"13";"1";""
"202400042555";"155 706 813";"A01";"3";"7";"0";"1";"2";"15";"1";""
"202400042556";"155 706 811";"A01";"1";"7";"16";"0";"0";"1";"1";""
"202400042557";"155 706 812";"A01";"2";"2";"0";"0";"0";"21";"1";""
"202400042558";"155 706 810";"A01";"3";"50";"0";"0";"0";"1";"3";""
"202400042559";"155 706 809";"A01";"1";"7";"6";"0";"8";"13";"1";""
"202400042560";"155 706 808";"A01";"2";"7";"15";"0";"3";"13";"1";""
"202400042561";"155 706 805";"A01";"1";"7";"0";"0";"0";"1";"1";""
"202400042562";"155 706 804";"A01";"2";"7";"0";"2";"2";"1";"2";""
"202400042562";"155 706 806";"B01";"1";"7";"0";"2";"1";"13";"1";""
"202400042563";"155 706 803";"B01";"3";"3";"0";"2";"2";"9";"1";""
"202400042563";"155 706 807";"A01";"3";"30";"0";"2";"2";"17";"1";""
"202400042564";"155 706 800";"A01";"2";"1";"0";"2";"1";"2";"5";""
"202400042564";"155 706 802";"B01";"2";"7";"0";"0";"4";"2";"1";""
"202400042565";"155 706 799";"B01";"1";"7";"0";"2";"1";"1";"1";""
"202400042565";"155 706 801";"A01";"2";"33";"0";"2";"1";"1";"1";""
"202400042566";"155 706 798";"A01";"1";"7";"8";"0";"1";"1";"1";""
"202400042567";"155 706 797";"A01";"1";"7";"3";"1";"3";"2";"1";""
"202400042568";"155 706 796";"A01";"2";"7";"6";"0";"1";"1";"1";""
"202400042569";"155 706 794";"A01";"3";"7";"0";"2";"7";"15";"1";""
"202400042569";"155 706 795";"B01";"3";"33";"0";"2";"1";"8";"1";""
"202400042570";"155 706 793";"A01";"3";"31";"0";"0";"0";"1";"1";""
"202400042571";"155 706 790";"B01";"2";"2";"0";"2";"1";"1";"1";""
"202400042571";"155 706 792";"A01";"2";"7";"0";"2";"3";"11";"1";""
"202400042572";"155 706 788";"A01";"1";"33";"0";"2";"1";"11";"1";""
"202400042572";"155 706 791";"B01";"2";"10";"0";"2";"3";"1";"1";""
"202400042573";"155 706 787";"A01";"3";"31";"0";"2";"8";"26";"3";""
"202400042573";"155 706 789";"B01";"3";"7";"0";"2";"3";"26";"1";""
"202400042574";"155 706 786";"A01";"2";"33";"1";"0";"1";"1";"1";""
"202400042575";"155 706 785";"A01";"2";"7";"0";"1";"2";"1";"1";""
"202400042576";"155 706 783";"A01";"1";"7";"0";"0";"3";"1";"1";""
"202400042576";"155 706 784";"B01";"2";"50";"0";"0";"1";"1";"3";""
"202400042577";"155 706 781";"A01";"1";"7";"0";"0";"1";"15";"1";""
"202400042578";"155 706 779";"A01";"1";"7";"0";"2";"1";"9";"1";""
"202400042578";"155 706 782";"B01";"1";"50";"0";"2";"7";"26";"3";""
"202400042579";"155 706 777";"A01";"2";"7";"0";"2";"1";"1";"1";""
"202400042579";"155 706 780";"B01";"2";"7";"0";"0";"7";"1";"3";""
"202400042580";"155 706 774";"A01";"0";"10";"0";"2";"3";"1";"1";""
"202400042580";"155 706 778";"B01";"0";"7";"0";"0";"1";"1";"1";""
"202400042581";"155 706 775";"A01";"2";"33";"0";"2";"1";"2";"1";""
"202400042581";"155 706 776";"B01";"2";"7";"0";"0";"4";"2";"1";""
"202400042582";"155 706 771";"A01";"1";"31";"0";"0";"8";"1";"1";""
"202400042583";"155 706 770";"A01";"0";"7";"0";"1";"1";"15";"1";""
"202400042584";"155 706 769";"A01";"3";"7";"0";"2";"1";"0";"1";""
"202400042584";"155 706 772";"B01";"3";"10";"14";"2";"2";"0";"1";""
"202400042585";"155 706 767";"A01";"1";"7";"0";"1";"1";"1";"2";""
"202400042586";"155 706 765";"A01";"1";"7";"0";"1";"2";"1";"1";""
"202400042587";"155 706 764";"A01";"1";"7";"0";"2";"1";"2";"1";""
"202400042587";"155 706 766";"B01";"1";"7";"0";"2";"5";"2";"1";""
"202400042587";"155 706 768";"C01";"1";"7";"0";"0";"4";"2";"1";""
"202400042588";"155 706 762";"B01";"1";"33";"0";"2";"3";"1";"1";""
"202400042588";"155 706 763";"A01";"2";"7";"0";"0";"1";"1";"1";""
"202400042589";"155 706 759";"A01";"1";"7";"0";"0";"4";"2";"1";""
"202400042589";"155 706 760";"B01";"1";"7";"0";"0";"4";"2";"1";""
"202400042590";"155 706 758";"B01";"2";"33";"0";"2";"1";"1";"0";""
"202400042590";"155 706 761";"A01";"2";"30";"0";"2";"1";"9";"1";""
"202400042591";"155 706 754";"B01";"1";"7";"0";"2";"5";"2";"1";""
"202400042591";"155 706 757";"A01";"1";"33";"0";"2";"1";"2";"1";""
"202400042592";"155 706 753";"B01";"1";"7";"13";"2";"3";"15";"1";""
"202400042592";"155 706 755";"A01";"1";"7";"13";"2";"2";"0";"1";""
"202400042593";"155 706 752";"A01";"3";"7";"0";"2";"2";"19";"1";""
"202400042593";"155 706 756";"B01";"2";"31";"0";"2";"1";"1";"1";""
"202400042594";"155 706 751";"A01";"2";"7";"4";"0";"8";"0";"1";""
"202400042595";"155 706 749";"B01";"2";"33";"0";"2";"1";"1";"1";""
"202400042595";"155 706 750";"A01";"1";"7";"0";"2";"2";"15";"1";""
"202400042596";"155 706 746";"A01";"1";"3";"0";"2";"2";"1";"1";""
"202400042596";"155 706 748";"B01";"2";"7";"0";"2";"2";"1";"1";""
"202400042597";"155 706 745";"A01";"1";"15";"0";"0";"6";"1";"1";""
"202400042597";"155 706 747";"B01";"1";"10";"0";"2";"2";"17";"1";""
"202400042598";"155 706 744";"A01";"0";"3";"1";"0";"1";"14";"1";""
"202400042599";"155 706 741";"A01";"1";"7";"0";"9";"7";"15";"1";""
"202400042599";"155 706 743";"B01";"2";"99";"0";"2";"1";"1";"3";""
"202400042600";"155 706 740";"A01";"1";"2";"0";"0";"2";"26";"1";""
"202400042600";"155 706 742";"B01";"1";"99";"0";"0";"6";"26";"3";""
"202400042601";"155 706 737";"A01";"1";"7";"10";"0";"1";"13";"1";""
"202400042602";"155 706 735";"A01";"2";"34";"0";"2";"1";"1";"1";""
"202400042602";"155 706 738";"B01";"2";"7";"0";"2";"6";"15";"1";""
"202400042603";"155 706 733";"A01";"3";"10";"16";"0";"9";"26";"1";""
"202400042604";"155 706 730";"A01";"1";"33";"1";"1";"1";"14";"0";""
"202400042605";"155 706 729";"B01";"2";"7";"0";"2";"8";"1";"1";""
"202400042605";"155 706 731";"A01";"2";"7";"0";"2";"1";"3";"3";""
"202400042605";"155 706 732";"D01";"2";"7";"4";"0";"1";"21";"1";""
"202400042605";"155 706 734";"E01";"2";"7";"4";"0";"4";"1";"1";""
"202400042605";"155 706 736";"C01";"2";"7";"4";"0";"7";"1";"1";""
"202400042606";"155 706 727";"B01";"1";"80";"0";"0";"4";"1";"3";""
"202400042606";"155 706 728";"A01";"2";"7";"0";"2";"2";"1";"1";""
"202400042607";"155 706 725";"A01";"2";"10";"0";"1";"1";"1";"1";""
"202400042608";"155 706 723";"A01";"1";"7";"0";"2";"2";"12";"1";""
"202400042608";"155 706 726";"B01";"1";"7";"0";"2";"4";"1";"1";""
"202400042609";"155 706 722";"A01";"2";"7";"0";"0";"3";"11";"1";""
"202400042609";"155 706 724";"B01";"2";"33";"0";"0";"7";"17";"1";""
"202400042610";"155 706 720";"A01";"2";"80";"0";"1";"1";"1";"3";""
"202400042611";"155 706 717";"A01";"1";"7";"0";"2";"3";"0";"1";""
"202400042611";"155 706 719";"B01";"1";"7";"0";"2";"5";"1";"2";""
"202400042611";"155 706 721";"C01";"1";"7";"0";"2";"2";"17";"1";""
"202400042612";"155 706 714";"A01";"1";"1";"0";"1";"1";"1";"5";""
"202400042613";"155 706 713";"A01";"1";"7";"0";"2";"1";"1";"1";""
"202400042613";"155 706 716";"B01";"1";"7";"0";"2";"1";"1";"1";""
"202400042613";"155 706 718";"C01";"2";"7";"0";"2";"3";"1";"1";""
"202400042614";"155 706 712";"A01";"1";"7";"0";"2";"7";"12";"1";""
"202400042614";"155 706 715";"B01";"1";"34";"0";"2";"8";"3";"1";""
"202400042615";"155 706 710";"A01";"2";"7";"1";"0";"3";"26";"1";""
"202400042616";"155 706 709";"A01";"1";"7";"1";"0";"1";"2";"1";""
"202400042617";"155 706 711";"Z01";"1";"50";"0";"1";"1";"1";"3";""
"202400042618";"155 706 708";"A01";"1";"7";"1";"2";"1";"13";"1";""
"202400042619";"155 706 706";"A01";"3";"7";"0";"1";"1";"19";"1";""
"202400042620";"155 706 703";"A01";"2";"7";"0";"2";"1";"1";"1";""
"202400042620";"155 706 705";"C01";"2";"7";"0";"2";"4";"1";"1";""
"202400042620";"155 706 707";"B01";"2";"7";"0";"2";"4";"1";"2";""
"202400042621";"155 706 702";"A01";"2";"7";"0";"1";"2";"1";"2";""
"202400042622";"155 706 699";"A01";"2";"7";"13";"0";"2";"15";"1";""
"202400042622";"155 706 701";"B01";"1";"7";"0";"0";"1";"1";"1";""
"202400042622";"155 706 704";"C01";"1";"10";"0";"0";"1";"26";"1";""
"202400042623";"155 706 698";"A01";"2";"7";"0";"2";"1";"2";"1";""
"202400042623";"155 706 700";"B01";"2";"7";"0";"2";"4";"2";"1";""
"202400042624";"155 706 697";"A01";"2";"10";"0";"1";"7";"1";"1";""
"202400042625";"155 706 694";"A01";"2";"31";"0";"2";"8";"0";"1";""
"202400042625";"155 706 696";"B01";"1";"7";"0";"2";"8";"1";"2";""
"202400042626";"155 706 693";"A01";"2";"7";"4";"2";"2";"1";"1";""
"202400042626";"155 706 695";"Z01";"2";"7";"0";"2";"0";"0";"0";""
"202400042627";"155 706 692";"A01";"1";"33";"0";"1";"3";"1";"1";""
"202400042628";"155 706 691";"A01";"2";"7";"15";"9";"1";"14";"1";""
"202400042629";"155 706 688";"Z01";"1";"7";"0";"2";"0";"2";"0";""
"202400042629";"155 706 690";"A01";"1";"7";"0";"2";"6";"2";"1";""
"202400042630";"155 706 687";"A01";"1";"7";"0";"0";"1";"14";"1";""
"202400042631";"155 706 686";"B01";"2";"1";"0";"2";"1";"1";"5";""
"202400042631";"155 706 689";"A01";"2";"13";"0";"9";"2";"16";"1";""
"202400042632";"155 706 681";"B01";"2";"7";"0";"2";"4";"9";"1";""
"202400042632";"155 706 683";"C01";"2";"7";"0";"2";"1";"9";"3";""
"202400042632";"155 706 685";"A01";"2";"7";"0";"2";"1";"2";"1";""
"202400042633";"155 706 680";"B01";"2";"7";"0";"2";"1";"1";"2";""
"202400042633";"155 706 682";"C01";"1";"7";"0";"2";"1";"1";"1";""
"202400042633";"155 706 684";"A01";"1";"7";"0";"2";"1";"13";"1";""
"202400042634";"155 706 678";"B01";"3";"32";"0";"2";"8";"15";"1";""
"202400042634";"155 706 679";"A01";"1";"7";"0";"2";"1";"1";"2";""
"202400042635";"155 706 674";"A01";"1";"7";"0";"2";"8";"9";"1";""
"202400042635";"155 706 676";"B01";"1";"7";"0";"2";"1";"0";"1";""
"202400042636";"155 706 673";"B01";"1";"7";"0";"2";"4";"1";"1";""
"202400042636";"155 706 675";"C01";"1";"7";"0";"2";"4";"2";"1";""
"202400042636";"155 706 677";"A01";"1";"7";"0";"2";"1";"0";"1";""
"202400042637";"155 706 672";"A01";"1";"7";"0";"1";"1";"16";"1";""
"202400042638";"155 706 668";"A01";"3";"7";"0";"1";"3";"10";"1";""
"202400042639";"155 706 667";"B01";"1";"1";"0";"9";"1";"21";"5";""
"202400042639";"155 706 670";"A01";"2";"1";"0";"0";"0";"8";"5";""
"202400042640";"155 706 666";"A01";"0";"7";"1";"0";"1";"0";"1";""
"202400042641";"155 706 664";"A01";"2";"7";"0";"1";"4";"4";"1";""
"202400042642";"155 706 662";"A01";"1";"17";"0";"1";"8";"1";"1";""
"202400042643";"155 706 663";"A01";"3";"33";"0";"2";"1";"1";"1";""
"202400042643";"155 706 665";"B01";"3";"10";"0";"2";"6";"15";"1";""
"202400042644";"155 706 660";"B01";"1";"7";"0";"2";"3";"10";"1";""
"202400042644";"155 706 661";"A01";"1";"30";"0";"2";"3";"1";"3";""
"202400042645";"155 706 657";"A01";"2";"50";"0";"2";"4";"1";"3";""
"202400042645";"155 706 658";"Z01";"0";"7";"0";"2";"1";"0";"1";""
"202400042646";"155 706 654";"A01";"2";"7";"0";"0";"4";"2";"1";""
"202400042646";"155 706 656";"B01";"2";"7";"0";"2";"1";"2";"3";""
"202400042647";"155 706 653";"B01";"1";"80";"0";"0";"8";"26";"3";""
"202400042647";"155 706 655";"A01";"1";"7";"0";"2";"7";"7";"2";""
"202400042648";"155 706 651";"A01";"2";"7";"0";"2";"3";"13";"0";""
"202400042648";"155 706 652";"B01";"1";"7";"0";"2";"4";"1";"0";""
"202400042649";"155 706 649";"A01";"1";"7";"0";"2";"3";"2";"1";""
"202400042649";"155 706 650";"B01";"1";"7";"3";"2";"5";"1";"1";""
"202400042650";"155 706 647";"B01";"1";"1";"0";"2";"1";"16";"5";""
"202400042650";"155 706 648";"A01";"2";"7";"0";"2";"3";"15";"3";""
"202400042651";"155 706 646";"A01";"3";"7";"3";"0";"9";"1";"1";""
"202400042652";"155 706 645";"A01";"2";"7";"4";"0";"2";"1";"1";""
"202400042653";"155 706 643";"A01";"2";"3";"9";"0";"2";"13";"1";""
"202400042654";"155 706 642";"B01";"2";"7";"0";"2";"6";"15";"1";""
"202400042654";"155 706 644";"A01";"2";"34";"0";"2";"1";"17";"1";""
"202400042655";"155 706 640";"B01";"1";"7";"0";"2";"1";"2";"1";""
"202400042655";"155 706 641";"A01";"1";"7";"0";"2";"4";"2";"1";""
"202400042656";"155 706 639";"A01";"1";"7";"0";"1";"1";"1";"1";""
"202400042657";"155 706 636";"B01";"3";"10";"0";"2";"8";"23";"1";""
"202400042657";"155 706 638";"A01";"3";"33";"0";"2";"7";"16";"1";""
"202400042658";"155 706 634";"B01";"1";"7";"0";"2";"4";"1";"1";""
"202400042658";"155 706 635";"C01";"2";"10";"3";"2";"3";"21";"1";""
"202400042658";"155 706 637";"A01";"1";"7";"0";"2";"1";"2";"1";""
"202400042659";"155 706 631";"A01";"1";"7";"0";"1";"8";"1";"1";""
"202400042660";"155 706 629";"C01";"2";"7";"0";"2";"1";"26";"1";""
"202400042660";"155 706 632";"A01";"1";"7";"0";"2";"3";"16";"1";""
"202400042660";"155 706 633";"B01";"1";"7";"0";"2";"3";"16";"1";""
"202400042661";"155 706 626";"D01";"1";"7";"0";"2";"1";"2";"1";""
"202400042661";"155 706 627";"B01";"1";"7";"0";"2";"5";"2";"1";""
"202400042661";"155 706 628";"A01";"1";"7";"1";"2";"1";"1";"1";""
"202400042661";"155 706 630";"C01";"1";"7";"0";"2";"4";"24";"1";""
"202400042662";"155 706 625";"A01";"2";"40";"2";"1";"2";"1";"3";""
"202400042663";"155 706 622";"Z01";"1";"10";"0";"2";"3";"18";"1";""
"202400042663";"155 706 623";"B01";"1";"7";"4";"2";"5";"12";"1";""
"202400042664";"155 706 621";"A01";"1";"33";"15";"2";"1";"12";"1";""
"202400042664";"155 706 624";"B01";"2";"7";"0";"2";"5";"14";"2";""
"202400042665";"155 706 620";"A01";"1";"7";"0";"0";"9";"26";"1";""
"202400042666";"155 706 618";"A01";"1";"31";"0";"2";"7";"17";"1";""
"202400042666";"155 706 619";"B01";"1";"7";"0";"2";"8";"15";"1";""
"202400042667";"155 706 616";"B01";"1";"7";"6";"2";"8";"2";"1";""
"202400042667";"155 706 617";"A01";"1";"10";"0";"2";"2";"14";"1";""
"202400042668";"155 706 614";"A01";"1";"7";"4";"0";"6";"1";"1";""
"202400042669";"155 706 613";"A01";"3";"7";"0";"2";"2";"1";"1";""
"202400042669";"155 706 615";"Z01";"3";"7";"0";"2";"1";"19";"1";""
"202400042670";"155 706 610";"A01";"1";"33";"0";"2";"1";"13";"1";""
"202400042670";"155 706 612";"B01";"2";"15";"0";"2";"3";"1";"1";""
"202400042671";"155 706 609";"B01";"0";"7";"0";"2";"7";"0";"1";""
"202400042671";"155 706 611";"A01";"0";"7";"0";"2";"0";"0";"0";""
"202400042672";"155 706 605";"A01";"1";"7";"0";"2";"4";"1";" -1";""
"202400042672";"155 706 606";"B01";"1";"33";"0";"2";"1";"1";"1";""
"202400042672";"155 706 608";"C01";"1";"33";"0";"2";"1";"1";"1";""
"202400042673";"155 706 604";"A01";"1";"7";"0";"2";"3";"13";"1";""
"202400042673";"155 706 607";"B01";"2";"7";"0";"2";"3";"1";"1";""
"202400042674";"155 706 601";"B01";"1";"33";"0";"2";"1";"17";"1";""
"202400042674";"155 706 603";"A01";"1";"10";"0";"2";"8";"15";"1";""
"202400042675";"155 706 602";"A01";"3";"7";"6";"2";"2";"1";"1";""
"202400042676";"155 706 599";"A01";"0";"2";"0";"1";"0";"0";"1";""
"202400042677";"155 706 598";"B01";"2";"7";"0";"2";"2";"1";"1";""
"202400042677";"155 706 600";"A01";"3";"50";"0";"2";"1";"25";"3";""
"202400042678";"155 706 597";"A01";"3";"7";"0";"1";"2";"0";"1";""
"202400042679";"155 706 593";"A01";"2";"7";"0";"2";"7";"1";"1";""
"202400042679";"155 706 596";"B01";"1";"7";"0";"2";"1";"1";"1";""
"202400042680";"155 706 594";"A01";"2";"7";"0";"0";"5";"23";"1";""
"202400042680";"155 706 595";"B01";"2";"32";"0";"2";"1";"0";"1";""
"202400042681";"155 706 592";"A01";"3";"7";"2";"0";"1";"14";"1";""
"202400042682";"155 706 591";"A01";"1";"7";"0";"1";"1";"13";"1";""
"202400042683";"155 706 589";"A01";"2";"7";"0";"1";"2";"16";"1";""
"202400042684";"155 706 588";"A01";"1";"7";"0";"2";"7";"13";"1";""
"202400042684";"155 706 590";"B01";"2";"7";"0";"2";"1";"1";"1";""
"202400042685";"155 706 587";"A01";"1";"33";"3";"0";"7";"14";"1";""
"202400042686";"155 706 585";"B01";"1";"33";"0";"2";"2";"1";"1";""
"202400042686";"155 706 586";"A01";"2";"7";"0";"2";"2";"15";"3";""
"202400042687";"155 706 584";"A01";"1";"7";"0";"1";"0";"4";"1";""
"202400042688";"155 706 582";"B01";"2";"33";"0";"2";"1";"21";"1";""
"202400042688";"155 706 583";"A01";"1";"10";"0";"2";"2";"9";"1";""
"202400042689";"155 706 580";"B01";"2";"7";"0";"2";"1";"2";"1";""
"202400042689";"155 706 581";"A01";"2";"7";"0";"0";"4";"2";"1";""
"202400042690";"155 706 578";"A01";"1";"7";"0";"2";"1";"16";"2";""
"202400042690";"155 706 579";"B01";"1";"50";"0";"2";"8";"5";"3";""
"202400042691";"155 706 575";"A01";"1";"7";"0";"2";"1";"1";"1";""
"202400042691";"155 706 576";"B01";"2";"7";"0";"2";"1";"1";"1";""
"202400042691";"155 706 577";"C01";"2";"7";"0";"2";"3";"1";"1";""
"202400042692";"155 706 574";"A01";"1";"33";"0";"0";"0";"4";"1";""
"202400042693";"155 706 572";"A01";"1";"7";"6";"0";"1";"13";"1";""
"202400042694";"155 706 571";"A01";"2";"7";"0";"2";"8";"2";"1";""
"202400042694";"155 706 573";"B01";"2";"50";"0";"2";"7";"15";"3";""
"202400042695";"155 706 569";"A01";"1";"7";"0";"2";"1";"1";"1";""
"202400042695";"155 706 570";"B01";"1";"7";"0";"2";"4";"23";"1";""
"202400042696";"155 706 567";"A01";"3";"7";"0";"2";"2";"2";"1";""
"202400042696";"155 706 568";"B01";"1";"10";"0";"2";"4";"2";"1";""
"202400042697";"155 706 566";"A01";"1";"7";"0";"1";"1";"19";"0";""
"202400042698";"155 706 565";"A01";"1";"7";"0";"1";"1";"1";"1";""
"202400042699";"155 706 563";"A01";"1";"1";"0";"2";"8";"1";"5";""
"202400042699";"155 706 564";"B01";"2";"7";"0";"2";"1";"15";"1";""
"202400042700";"155 706 562";"A01";"1";"7";"0";"1";"2";"1";"1";""
"202400042701";"155 706 561";"A01";"2";"33";"12";"0";"1";"1";"1";""
"202400042702";"155 706 560";"A01";"3";"7";"0";"1";"1";"19";"1";""
"202400042703";"155 706 559";"A01";"1";"50";"0";"1";"1";"2";"3";""
"202400042704";"155 706 557";"A01";"3";"7";"0";"2";"3";"13";"1";""
"202400042704";"155 706 558";"B01";"3";"7";"0";"2";"2";"1";"1";""
"202400042705";"155 706 554";"A01";"2";"33";"0";"2";"8";"1";"1";""
"202400042705";"155 706 556";"B01";"1";"7";"0";"2";"1";"1";"1";""
"202400042706";"155 706 552";"B01";"3";"7";"0";"2";"3";"1";"1";""
"202400042706";"155 706 553";"A01";"3";"7";"0";"2";"1";"19";"1";""
"202400042706";"155 706 555";"C01";"3";"7";"0";"2";"3";"1";"2";""
"202400042707";"155 706 551";"A01";"3";"7";"14";"0";"2";"21";"1";""
"202400042708";"155 706 549";"A01";"2";"50";"0";"1";"1";"1";"3";""
"202400042709";"155 706 548";"B01";"2";"10";"0";"2";"4";"0";"0";""
"202400042709";"155 706 550";"A01";"2";"7";"0";"2";"1";"1";"1";""
"202400042710";"155 706 546";"A01";"2";"7";"0";"2";"1";"1";"1";""
"202400042710";"155 706 547";"B01";"2";"7";"0";"2";"6";"1";"1";""
"202400042711";"155 706 543";"A01";"1";"7";"0";"2";"1";"17";"1";""
"202400042711";"155 706 545";"B01";"1";"7";"0";"2";"3";"2";"1";""
"202400042712";"155 706 542";"B01";"1";"31";"0";"2";"1";"0";"1";""
"202400042712";"155 706 544";"A01";"1";"7";"0";"2";"0";"10";"1";""
"202400042713";"155 706 541";"A01";"2";"7";"0";"1";"2";"0";"1";""
"202400042714";"155 706 539";"B01";"1";"30";"0";"0";"0";"0";"1";""
"202400042714";"155 706 540";"A01";"1";"43";"0";"2";"2";"15";"1";""
"202400042715";"155 706 538";"A01";"0";"10";"0";"1";"1";"16";"1";""
"202400042716";"155 706 535";"B01";"1";"10";"0";"2";"3";"1";"1";""
"202400042716";"155 706 537";"A01";"2";"34";"0";"2";"3";"15";"1";""
"202400042717";"155 706 536";"A01";"3";"7";"0";"1";"3";"15";"1";""
"202400042718";"155 706 532";"A01";"2";"37";"0";"2";"3";"17";"1";"1"
"202400042718";"155 706 533";"B01";"1";"7";"0";"2";"3";"0";"1";""
"202400042719";"155 706 531";"A01";"2";"7";"0";"2";"2";"1";"1";""
"202400042719";"155 706 534";"B01";"3";"7";"0";"2";"8";"1";"1";""
"202400042720";"155 706 528";"A01";"1";"7";"0";"1";"1";"1";"1";""
"202400042721";"155 706 529";"A01";"3";"0";"0";"2";"0";"16";"0";""
"202400042721";"155 706 530";"B01";"3";"43";"0";"2";"8";"1";"1";""
"202400042722";"155 706 525";"A01";"1";"7";"0";"2";"1";"15";"1";""
"202400042722";"155 706 526";"B01";"2";"30";"0";"2";"2";"1";"3";""
"202400042723";"155 706 524";"A01";"2";"10";"6";"0";"9";"1";"1";""
"202400042724";"155 706 522";"A01";"1";"7";"0";"2";"2";"0";"1";""
"202400042724";"155 706 523";"B01";"1";"7";"0";"2";"5";"11";"1";""
"202400042725";"155 706 521";"A01";"1";"33";"12";"0";"7";"14";"1";""
"202400042726";"155 706 519";"A01";"2";"33";"0";"2";"1";"1";"1";""
"202400042726";"155 706 520";"B01";"1";"7";"0";"2";"3";"16";"1";""
"202400042727";"155 706 517";"B01";"3";"13";"0";"2";"7";"16";"1";""
"202400042727";"155 706 518";"A01";"3";"33";"0";"2";"3";"18";"1";""
"202400042728";"155 706 515";"A01";"3";"34";"0";"2";"3";"10";"1";""
"202400042728";"155 706 516";"B01";"3";"7";"0";"2";"3";"1";"1";""
"202400042729";"155 706 513";"A01";"2";"7";"0";"2";"2";"15";"1";""
"202400042729";"155 706 514";"B01";"1";"33";"0";"2";"1";"1";"1";""
"202400042730";"155 706 511";"B01";"2";"1";"0";"2";"1";"12";"5";""
"202400042730";"155 706 512";"A01";"2";"10";"0";"2";"5";"20";"1";""
"202400042731";"155 706 509";"A01";"3";"7";"0";"2";"1";"1";"1";""
"202400042731";"155 706 510";"B01";"3";"7";"0";"2";"4";"1";"3";""
"202400042732";"155 706 508";"A01";"3";"7";"8";"0";"1";"14";"1";""
"202400042733";"155 706 507";"A01";"1";"37";"0";"1";"5";"1";"2";"1"
"202400042734";"155 706 505";"A01";"3";"7";"0";"2";"4";"23";"1";""
"202400042734";"155 706 506";"B01";"3";"7";"0";"2";"1";"2";"1";""
"202400042735";"155 706 501";"A01";"2";"7";"0";"2";"1";"1";"1";""
"202400042735";"155 706 502";"B01";"1";"7";"0";"2";"5";"1";"1";""
"202400042735";"155 706 503";"C01";"1";"7";"0";"2";"8";"1";"1";""
"202400042735";"155 706 504";"D01";"1";"7";"0";"2";"8";"1";"1";""
"202400042736";"155 706 499";"A01";"3";"7";"0";"2";"2";"26";"1";""
"202400042736";"155 706 500";"Z01";"1";"7";"0";"2";"1";"1";"1";""
"202400042737";"155 706 498";"Z01";"0";"30";"0";"1";"2";"1";"0";""
"202400042738";"155 706 496";"A01";"1";"33";"0";"2";"1";"1";"1";""
"202400042738";"155 706 497";"B01";"2";"7";"0";"2";"7";"15";"1";""
"202400042739";"155 706 495";"A01";"0";"7";"0";"1";"1";"0";"0";""
"202400042740";"155 706 493";"A01";"1";"7";"0";"2";"2";"9";"1";""
"202400042740";"155 706 494";"B01";"1";"7";"8";"2";"1";"1";"1";""
"202400042741";"155 706 492";"A01";"1";"3";"16";"0";"2";"1";"1";""
"202400042742";"155 706 491";"A01";"1";"1";"0";"0";"0";"2";"5";""
"202400042743";"155 706 490";"A01";"1";"1";"15";"0";"0";"0";"5";""
"202400042744";"155 706 488";"B01";"2";"7";"0";"9";"3";"1";"1";""
"202400042744";"155 706 489";"A01";"1";"1";"0";"2";"1";"1";"5";""
"202400042745";"155 706 487";"A01";"3";"10";"0";"1";"4";"4";"1";""
"202400042746";"155 706 486";"A01";"3";"7";"0";"1";"2";"16";"1";""