"Num_Acc";"id_vehicule";"num_veh";"senc";"catv";"obs";"obsm";"choc";"manv";"motor";"occutc"
"202400042961";"155 706 126";"B01";"3";"7";"0";"2";"1";"9";"1";""
"202400042961";"155 706 129";"A01";"1";"33";"0";"2";"1";"1";"1";""
"202400042962";"155 706 125";"A01";"2";"7";"0";"2";"4";"1";"1";""
"202400042962";"155 706 127";"B01";"2";"10";"0";"2";"1";"1";"1";""
"202400042963";"155 706 123";"A01";"2";"7";"0";"0";"0";"1";"1";""
"202400042964";"155 706 122";"B01";"2";"31";"0";"2";"1";"1";"0";""
"202400042964";"155 706 124";"A01";"1";"7";"0";"2";"2";"15";"0";""
"202400042965";"155 706 119";"A01";"1";"7";"2";"0";"7";"1";"0";""
"202400042966";"155 706 118";"B01";"1";"2";"0";"2";"1";"17";"3";""
"202400042966";"155 706 120";"A01";"1";"7";"0";"2";"3";"15";"1";""
"202400042967";"155 706 117";"A01";"0";"7";"0";"2";"0";"1";"1";""
"202400042967";"155 706 121";"B01";"0";"7";"1";"0";"0";"0";"1";""
"202400042968";"155 706 115";"A01";"2";"7";"13";"0";"2";"14";"1";""
"202400042969";"155 706 114";"B01";"3";"33";"0";"2";"8";"11";"1";""
"202400042969";"155 706 116";"A01";"3";"7";"0";"2";"2";"12";"1";""
"202400042970";"155 706 110";"B01";"3";"37";"0";"2";"2";"1";"1";"1"
"202400042970";"155 706 111";"A01";"3";"50";"0";"2";"3";"15";"3";""
"202400042971";"155 706 112";"A01";"3";"80";"13";"0";"4";"25";"3";""
"202400042972";"155 706 109";"B01";"2";"2";"0";"2";"7";"16";"1";""
"202400042972";"155 706 113";"A01";"2";"7";"0";"2";"3";"16";"1";""
"202400042973";"155 706 107";"B01";"0";"31";"0";"2";"1";"17";"1";""
"202400042973";"155 706 108";"A01";"0";"7";"0";"2";"8";"17";"1";""
"202400042974";"155 706 103";"B01";"1";"7";"0";"2";"1";"2";"1";""
"202400042974";"155 706 105";"A01";"1";"7";"0";"2";"1";"2";"1";""
"202400042975";"155 706 100";"A01";"1";"7";"0";"2";"2";"15";"1";""
"202400042975";"155 706 101";"B01";"2";"7";"0";"2";"8";"0";"1";""
"202400042976";"155 706 102";"B01";"2";"7";"0";"2";"3";"1";"1";""
"202400042976";"155 706 106";"A01";"3";"2";"0";"2";"2";"1";"1";""
"202400042977";"155 706 104";"A01";"2";"2";"0";"0";"0";"19";"1";""
"202400042978";"155 706 099";"A01";"1";"7";"0";"1";"1";"21";"1";""
"202400042979";"155 706 095";"B01";"3";"7";"0";"2";"3";"15";"1";""
"202400042979";"155 706 096";"A01";"3";"33";"0";"2";"3";"17";"1";""
"202400042980";"155 706 098";"A01";"1";"32";"0";"1";"1";"1";"1";""
"202400042981";"155 706 094";"A01";"1";"7";"0";"2";"5";"10";"1";""
"202400042981";"155 706 097";"B01";"2";"2";"0";"2";"1";"1";"1";""
"202400042982";"155 706 093";"A01";"1";"33";"6";"0";"1";"1";"1";""
"202400042983";"155 706 089";"A01";"2";"7";"0";"2";"1";"0";"1";""
"202400042983";"155 706 092";"B01";"3";"7";"0";"2";"4";"23";"1";""
"202400042984";"155 706 090";"A01";"1";"17";"2";"0";"3";"13";"1";""
"202400042985";"155 706 088";"B01";"2";"15";"0";"2";"6";"2";"1";""
"202400042985";"155 706 091";"A01";"2";"10";"3";"2";"2";"14";"1";""
"202400042986";"155 706 086";"B01";"2";"33";"0";"2";"1";"1";"0";""
"202400042986";"155 706 087";"A01";"1";"10";"0";"2";"2";"15";"1";""
"202400042987";"155 706 084";"A01";"1";"30";"0";"1";"1";"26";"1";""
"202400042988";"155 706 083";"A01";"1";"14";"6";"0";"1";"1";"1";""
"202400042989";"155 706 081";"B01";"2";"7";"0";"2";"5";"23";"1";""
"202400042989";"155 706 082";"A01";"2";"2";"0";"2";"1";"14";"1";""
"202400042990";"155 706 085";"A01";"1";"7";"13";"0";"4";"1";"1";""
"202400042991";"155 706 080";"A01";"1";"43";"12";"0";"1";"1";"1";""
"202400042992";"155 706 077";"A01";"3";"30";"0";"2";"1";"1";"1";""
"202400042992";"155 706 079";"B01";"3";"7";"0";"2";"1";"1";"1";""
"202400042993";"155 706 075";"A01";"2";"7";"0";"2";"2";"14";"1";""
"202400042993";"155 706 076";"B01";"1";"50";"0";"2";"1";"1";"3";""
"202400042994";"155 706 078";"A01";"3";"30";"0";"0";"7";"2";"1";""
"202400042995";"155 706 074";"A01";"1";"7";"6";"0";"3";"1";"1";""
"202400042996";"155 706 072";"Z01";"2";"1";"0";"2";"3";"1";"5";""
"202400042996";"155 706 073";"A01";"1";"31";"0";"2";"3";"1";"1";""
"202400042997";"155 706 069";"A01";"1";"50";"0";"2";"1";"2";"3";""
"202400042997";"155 706 070";"B01";"1";"10";"0";"2";"8";"2";"1";""
"202400042998";"155 706 071";"A01";"3";"13";"0";"0";"0";"15";"0";""
"202400042999";"155 706 068";"A01";"1";"7";"4";"0";"2";"1";"1";""
"202400043000";"155 706 064";"A01";"0";"37";"0";"2";"6";"1";"1";"1"
"202400043000";"155 706 067";"B01";"3";"7";"0";"2";"3";"1";"1";""
"202400043001";"155 706 062";"A01";"1";"10";"0";"2";"1";"13";"1";""
"202400043001";"155 706 065";"B01";"1";"7";"0";"2";"1";"0";"1";""
"202400043002";"155 706 063";"A01";"1";"7";"0";"0";"5";"19";"1";""
"202400043002";"155 706 066";"B01";"2";"2";"0";"2";"1";"1";"1";""
"202400043003";"155 706 060";"A01";"1";"7";"0";"0";"3";"1";"1";""
"202400043004";"155 706 061";"A01";"2";"1";"0";"1";"1";"1";"5";""
"202400043005";"155 706 057";"A01";"2";"7";"2";"0";"1";"1";"1";""
"202400043006";"155 706 058";"B01";"1";"7";"6";"2";"3";"1";"1";""
"202400043006";"155 706 059";"A01";"2";"7";"0";"2";"3";"13";"2";""
"202400043007";"155 706 056";"A01";"1";"7";"1";"1";"3";"1";"0";""
"202400043008";"155 706 054";"A01";"1";"2";"0";"1";"1";"1";"3";""
"202400043009";"155 706 053";"A01";"1";"7";"0";"9";"3";"15";"1";""
"202400043009";"155 706 055";"B01";"1";"2";"0";"2";"2";"1";"1";""
"202400043010";"155 706 051";"A01";"1";"10";"0";"2";"3";"13";"1";""
"202400043010";"155 706 052";"B01";"2";"7";"0";"2";"1";"1";"1";""
"202400043011";"155 706 048";"B01";"1";"21";"0";"2";"3";"1";"1";""
"202400043011";"155 706 050";"A01";"2";"10";"0";"2";"3";"1";"1";""
"202400043012";"155 706 049";"Z01";"2";"1";"0";"1";"8";"1";"5";""
"202400043013";"155 706 047";"A01";"1";"7";"0";"6";"1";"1";"2";""
"202400043014";"155 706 046";"A01";"1";"7";"0";"1";"2";"1";"1";""
"202400043015";"155 706 045";"A01";"2";"32";"12";"0";"8";"15";"1";""
"202400043016";"155 706 043";"A01";"1";"21";"16";"0";"9";"1";"1";""
"202400043017";"155 706 042";"A01";"2";"33";"1";"0";"1";"5";"1";""
"202400043017";"155 706 044";"B01";" -1";"7";"0";"0";"3";"26";"1";""
"202400043018";"155 706 041";"A01";"1";"7";"0";"1";"7";"1";"0";""
"202400043019";"155 706 037";"A01";"2";"7";"0";"2";"1";"1";"1";""
"202400043019";"155 706 039";"B01";"2";"17";"0";"0";"4";"1";"1";""
"202400043020";"155 706 036";"A01";"2";"7";"0";"2";"3";"13";"1";""
"202400043020";"155 706 038";"B01";"1";"17";"0";"2";"8";"14";"1";""
"202400043020";"155 706 040";"C01";"1";"13";"0";"2";"2";"13";"1";""
"202400043021";"155 706 032";"B01";"1";"80";"0";"2";"2";"1";"3";""
"202400043021";"155 706 034";"A01";"1";"7";"0";"9";"8";"9";"1";""
"202400043022";"155 706 031";"A01";"2";"34";"0";"2";"1";"17";"1";""
"202400043022";"155 706 035";"B01";"1";"7";"0";"2";"2";"15";"1";""
"202400043023";"155 706 024";"A01";"1";"7";"0";"9";"1";"0";"1";""
"202400043023";"155 706 026";"C01";"1";"1";"0";"0";"4";"1";"5";""
"202400043023";"155 706 028";"D01";"1";"1";"0";"0";"4";"1";"5";""
"202400043023";"155 706 029";"B01";"1";"1";"0";"0";"4";"1";"5";""
"202400043024";"155 706 025";"A01";"1";"32";"0";"1";"1";"21";"1";""
"202400043025";"155 706 023";"A01";"1";"7";"7";"2";"1";"1";"1";""
"202400043025";"155 706 027";"B01";"2";"7";"15";"2";"8";"1";"1";""
"202400043026";"155 706 021";"A01";"2";"7";"0";"2";"2";"2";"1";""
"202400043026";"155 706 022";"B01";"2";"10";"0";"2";"6";"20";"1";""
"202400043027";"155 706 018";"B01";"2";"7";"0";"2";"8";"17";"1";""
"202400043027";"155 706 020";"A01";"2";"7";"7";"2";"7";"17";"1";""
"202400043028";"155 706 015";"A01";"0";"2";"0";"2";"1";"0";"0";""
"202400043028";"155 706 017";"B01";"0";"7";"0";"2";"4";"0";"0";""
"202400043029";"155 706 016";"A01";"1";"7";"3";"0";"1";"1";"1";""
"202400043029";"155 706 019";"B01";"1";"7";"3";"0";"1";"1";"1";""
"202400043030";"155 706 014";"A01";"3";"7";"0";"1";"8";"23";"1";""
"202400043031";"155 706 012";"A01";"3";"7";"0";"2";"3";"13";"1";""
"202400043031";"155 706 013";"B01";"3";"7";"0";"2";"9";"1";"1";""
"202400043032";"155 706 010";"A01";"1";"1";"0";"0";"1";"1";"5";""
"202400043033";"155 706 009";"A01";"0";"10";"0";"1";"5";"26";"1";""
"202400043034";"155 706 007";"A01";"1";"7";"0";"1";"7";"17";"1";""
"202400043035";"155 706 008";"A01";"2";"7";"1";"0";"1";"1";"1";""
"202400043036";"155 706 003";"B01";"1";"60";"0";"2";"6";"19";"5";""
"202400043036";"155 706 006";"Z01";"0";"0";"0";"0";"0";"0";"0";""
"202400043037";"155 706 004";"A01";"3";"13";"13";"0";"3";"1";"1";""
"202400043038";"155 706 001";"A01";"0";"2";"0";"0";"0";"1";"1";""
"202400043039";"155 706 002";"B01";"0";"7";"0";"2";"1";"15";"1";""
"202400043039";"155 706 005";"A01";"2";"7";"1";"1";"7";"1";"1";""
"202400043040";"155 705 997";"A01";"2";"33";"0";"2";"6";"15";"1";""
"202400043040";"155 705 999";"B01";"2";"33";"0";"2";"1";"17";"1";""
"202400043041";"155 705 996";"A01";"1";"1";"0";"2";"1";"13";"5";""
"202400043041";"155 705 998";"B01";"2";"1";"0";"0";"1";"1";"5";""
"202400043042";"155 705 995";"A01";"1";"7";"0";"2";"2";"19";"3";""
"202400043042";"155 706 000";"B01";"1";"7";"0";"2";"3";"1";"1";""
"202400043043";"155 705 992";"A01";"1";"7";"0";"2";"6";"9";"1";""
"202400043043";"155 705 994";"B01";"1";"7";"0";"0";"2";"1";"1";""
"202400043044";"155 705 990";"B01";"2";"7";"0";"2";"3";"1";"1";""
"202400043044";"155 705 991";"A01";"2";"10";"0";"0";"7";"15";"1";""
"202400043045";"155 705 989";"A01";"0";"10";"0";"1";"5";"4";"1";""
"202400043046";"155 705 984";"A01";"1";"7";"0";"2";"1";"19";"1";""
"202400043046";"155 705 986";"B01";"2";"33";"0";"2";"1";"0";"1";""
"202400043047";"155 705 983";"A01";"2";"7";"0";"2";"3";"26";"2";""
"202400043047";"155 705 987";"B01";"1";"7";"0";"2";"3";"26";"1";""
"202400043048";"155 705 981";"A01";"2";"10";"0";"2";"1";"13";"1";""
"202400043048";"155 705 982";"B01";"1";"10";"0";"2";"1";"1";"1";""
"202400043049";"155 705 985";"B01";"2";"7";"0";"2";"1";"1";"1";""
"202400043049";"155 705 988";"A01";"1";"10";"0";"2";"7";"9";"1";""
"202400043050";"155 705 979";"A01";"1";"7";"17";"0";"1";"13";"1";""
"202400043051";"155 705 978";"A01";"1";"7";"0";"2";"3";"15";"1";""
"202400043051";"155 705 980";"B01";"2";"31";"0";"2";"3";"1";"1";""
"202400043052";"155 705 976";"A01";"2";"7";"0";"2";"1";"1";"1";""
"202400043052";"155 705 977";"B01";"1";"7";"0";"2";"3";"1";"1";""
"202400043053";"155 705 972";"A01";"1";"7";"0";"2";"2";"17";"1";""
"202400043053";"155 705 975";"B01";"1";"1";"0";"0";"4";"1";"5";""
"202400043054";"155 705 971";"A01";"1";"7";"0";"2";"7";"17";"0";""
"202400043054";"155 705 973";"B01";"1";"2";"0";"2";"8";"1";"1";""
"202400043055";"155 705 969";"A01";"2";"7";"16";"0";"2";"1";"1";""
"202400043056";"155 705 968";"A01";"1";"7";"0";"0";"4";"1";"1";""
"202400043056";"155 705 970";"B01";"2";"7";"0";"2";"4";"1";"1";""
"202400043056";"155 705 974";"C01";"2";"7";"0";"2";"1";"1";"1";""
"202400043057";"155 705 967";"A01";"1";"7";"9";"0";"0";"1";"1";""
"202400043058";"155 705 962";"B01";"0";"7";"0";"2";"0";"23";"0";""
"202400043058";"155 705 966";"A01";"0";"7";"0";"1";"3";"26";"1";""
"202400043059";"155 705 964";"A01";"2";"7";"2";"0";"2";"1";"1";""
"202400043060";"155 705 963";"A01";"2";"10";"0";"2";"3";"1";"1";""
"202400043060";"155 705 965";"B01";"1";"7";"0";"2";"1";"13";"1";""
"202400043061";"155 705 960";"A01";"1";"7";"0";"2";"2";"0";"1";""
"202400043061";"155 705 961";"B01";"1";"1";"0";"2";"4";"1";"5";""
"202400043062";"155 705 959";"A01";"2";"7";"8";"0";"1";"1";"1";""
"202400043063";"155 705 956";"A01";"0";"7";"2";"0";"3";"0";"1";""
"202400043064";"155 705 954";"A01";"1";"7";"13";"2";"3";"13";"1";""
"202400043064";"155 705 958";"B01";"2";"14";"0";"2";"3";"1";"1";""
"202400043065";"155 705 955";"A01";"1";"7";"0";"2";"2";"15";"1";""
"202400043065";"155 705 957";"B01";"2";"33";"0";"2";"8";"1";"1";""
"202400043066";"155 705 953";"A01";"1";"10";"2";"0";"1";"1";"1";""
"202400043067";"155 705 952";"A01";"2";"33";"0";"0";"7";"1";"1";""
"202400043068";"155 705 948";"B01";"1";"7";"0";"0";"6";"1";"1";""
"202400043068";"155 705 951";"A01";"1";"1";"0";"2";"1";"1";"5";""
"202400043069";"155 705 949";"A01";"1";"7";"0";"2";"7";"0";"1";""
"202400043070";"155 705 945";"B01";"2";"7";"0";"2";"1";"2";"1";""
"202400043070";"155 705 947";"A01";"2";"7";"0";"2";"4";"23";"1";""
"202400043071";"155 705 946";"A01";"1";"7";"0";"2";"3";"1";"1";""
"202400043071";"155 705 950";"B01";"2";"10";"0";"2";"3";"1";"1";""
"202400043072";"155 705 942";"B01";"2";"1";"0";"2";"8";"2";"5";""
"202400043072";"155 705 944";"A01";"2";"7";"0";"9";"1";"9";"1";""
"202400043073";"155 705 943";"A01";"1";"7";"0";"1";"1";"1";"1";""
"202400043074";"155 705 941";"A01";"2";"10";"0";"1";"1";"1";"1";""
"202400043075";"155 705 937";"A01";"2";"7";"0";"2";"3";"13";"1";""
"202400043075";"155 705 939";"B01";"1";"2";"0";"2";"1";"1";"1";""
"202400043076";"155 705 936";"A01";"1";"7";"0";"9";"1";"1";"1";""
"202400043076";"155 705 938";"B01";"2";"1";"0";"2";"1";"13";"5";""
"202400043077";"155 705 935";"A01";"2";"15";"0";"2";"1";"1";"1";""
"202400043077";"155 705 940";"B01";"1";"7";"0";"2";"1";"5";"1";""
"202400043078";"155 705 932";"B01";"3";"7";"0";"2";"7";"19";"2";""
"202400043078";"155 705 934";"A01";"1";"7";"0";"2";"1";"1";"1";""
"202400043079";"155 705 931";"B01";"1";"7";"0";"0";"3";"1";"1";""
"202400043079";"155 705 933";"A01";"1";"2";"0";"2";"1";"16";"1";""
"202400043080";"155 705 929";"A01";"1";"33";"0";"0";"0";"1";"1";""
"202400043081";"155 705 930";"A01";"1";"3";"6";"0";"1";"13";"1";""
"202400043082";"155 705 928";"A01";"2";"7";"13";"0";"1";"12";"1";""
"202400043083";"155 705 926";"A01";"3";"7";"13";"0";"9";"14";"1";""
"202400043084";"155 705 925";"A01";"1";"33";"13";"0";"1";"1";"1";""
"202400043085";"155 705 923";"A01";"3";"33";"8";"0";"1";"0";"1";""
"202400043086";"155 705 922";"A01";"2";"7";"8";"2";"4";"19";"1";""
"202400043086";"155 705 927";"B01";"1";"7";"0";"2";"8";"1";"1";""
"202400043087";"155 705 921";"A01";"2";"21";"0";"1";"1";"1";"0";""
"202400043088";"155 705 920";"A01";"2";"15";"0";"2";"3";"1";"1";""
"202400043088";"155 705 924";"B01";"1";"32";"0";"2";"1";"13";"1";""
"202400043089";"155 705 917";"A01";"0";"7";"2";"0";"8";"0";"1";""
"202400043090";"155 705 916";"A01";"3";"99";"0";"0";"0";"2";"6";""
"202400043090";"155 705 919";"B01";"3";"99";"0";"2";"1";"2";"5";""
"202400043091";"155 705 915";"A01";"1";"7";"0";"2";"1";"15";"1";""
"202400043091";"155 705 918";"B01";"2";"2";"0";"2";"3";"2";"0";""
"202400043092";"155 705 911";"A01";"0";"80";"0";"0";"8";"0";"3";""
"202400043093";"155 705 909";"A01";"1";"7";"0";"2";"7";"1";"1";""
"202400043093";"155 705 912";"B01";"2";"10";"0";"2";"1";"1";"1";""
"202400043094";"155 705 910";"C01";"1";"7";"0";"2";"0";"1";"1";""
"202400043094";"155 705 913";"B01";"1";"7";"0";"2";"1";"1";"1";""
"202400043094";"155 705 914";"A01";"2";"7";"0";"2";"1";"5";"1";""
"202400043095";"155 705 908";"A01";"0";"33";"0";"0";"0";"1";"1";""
"202400043096";"155 705 906";"A01";"1";"7";"0";"2";"2";"1";"1";""
"202400043096";"155 705 907";"B01";"1";"1";"0";"0";"6";"1";"5";""
"202400043097";"155 705 900";"B01";"2";"3";"12";"2";"2";"1";"3";""
"202400043097";"155 705 904";"A01";"1";"7";"0";"2";"3";"1";"3";""
"202400043098";"155 705 902";"A01";"2";"7";"4";"2";"1";"0";"1";""
"202400043098";"155 705 905";"B01";"2";"15";"0";"2";"1";"1";"1";""
"202400043099";"155 705 898";"A01";"1";"37";"0";"2";"3";"1";"1";"1"
"202400043099";"155 705 903";"B01";"2";"7";"0";"2";"3";"1";"1";""
"202400043100";"155 705 899";"A01";"2";"33";"0";"2";"1";"1";"1";""
"202400043100";"155 705 901";"B01";"1";"7";"0";"2";"2";"15";"1";""
"202400043101";"155 705 897";"A01";"2";"7";"16";"0";"1";"5";"1";""
"202400043102";"155 705 896";"A01";"3";"7";"13";"0";"7";"17";"1";""
"202400043103";"155 705 893";"A01";"1";"10";"0";"2";"1";"2";"1";""
"202400043103";"155 705 895";"B01";"1";"7";"0";"2";"4";"2";"1";""
"202400043104";"155 705 886";"A01";"1";"7";"0";"0";"9";"21";"1";""
"202400043105";"155 705 885";"C01";"2";"7";"0";"2";"1";"0";"0";""
"202400043105";"155 705 889";"A01";"2";"7";"0";"2";"4";"0";"1";""
"202400043105";"155 705 892";"B01";"2";"7";"0";"2";"4";"0";"1";""
"202400043106";"155 705 884";"A01";"1";"7";"0";"2";"9";"1";"1";""
"202400043106";"155 705 888";"B01";"1";"7";"0";"2";"8";"1";"1";""
"202400043106";"155 705 891";"C01";"1";"7";"0";"2";"9";"1";"1";""
"202400043106";"155 705 894";"D01";"1";"10";"0";"2";"8";"1";"1";""
"202400043107";"155 705 881";"A01";"3";"31";"14";"0";"1";"1";"1";""
"202400043108";"155 705 879";"D01";"1";"10";"0";"2";"4";"1";"1";""
"202400043108";"155 705 882";"E01";"1";"7";"0";"2";"1";"1";"1";""
"202400043108";"155 705 883";"B01";"1";"7";"0";"2";"3";"1";"1";""
"202400043108";"155 705 887";"C01";"1";"15";"0";"2";"2";"1";"1";""
"202400043108";"155 705 890";"A01";"1";"7";"0";"2";"1";"1";"1";""
"202400043109";"155 705 877";"A01";"1";"7";"0";"2";"1";"2";"1";""
"202400043109";"155 705 880";"B01";"1";"7";"0";"2";"6";"2";"2";""
"202400043110";"155 705 876";"A01";"2";"33";"0";"2";"0";"1";"1";""
"202400043110";"155 705 878";"B01";"2";"7";"0";"2";"6";"1";"1";""
"202400043111";"155 705 872";"A01";"1";"10";"0";"2";"8";"9";"1";""
"202400043111";"155 705 874";"B01";"2";"32";"0";"2";"1";"21";"1";""
"202400043112";"155 705 869";"B01";"2";"10";"0";"2";"4";"1";"1";""
"202400043112";"155 705 873";"A01";"2";"10";"0";"2";"1";"2";"1";""
"202400043113";"155 705 871";"B01";"0";"33";"0";"2";"8";"1";"1";""
"202400043113";"155 705 875";"A01";"3";"7";"0";"2";"8";"15";"1";""
"202400043114";"155 705 868";"A01";"1";"33";"0";"2";"1";"2";"1";""
"202400043114";"155 705 870";"B01";"1";"7";"0";"2";"4";"2";"1";""
"202400043115";"155 705 863";"B01";"2";"7";"0";"2";"4";"2";"1";""
"202400043115";"155 705 865";"C01";"2";"7";"0";"2";"1";"2";"1";""
"202400043115";"155 705 867";"A01";"2";"7";"0";"2";"4";"2";"1";""
"202400043116";"155 705 864";"A01";"1";"33";"0";"0";"8";"16";"1";""
"202400043117";"155 705 861";"A01";"1";"7";"17";"0";"1";"1";"1";""
"202400043118";"155 705 862";"A01";"1";"10";"0";"2";"3";"15";"1";""
"202400043118";"155 705 866";"B01";"2";"2";"1";"0";"8";"1";"3";""
"202400043119";"155 705 858";"A01";"2";"33";"0";"0";"3";"1";"1";""
"202400043120";"155 705 857";"A01";"3";"33";"15";"0";"1";"14";"1";""
"202400043121";"155 705 859";"A01";"1";"7";"4";"0";"1";"0";"1";""
"202400043122";"155 705 856";"B01";"1";"7";"4";"2";"6";"2";"1";""
"202400043122";"155 705 860";"A01";"1";"31";"4";"2";"1";"12";"1";""
"202400043123";"155 705 854";"A01";"2";"7";"2";"0";"1";"0";"2";""
"202400043124";"155 705 851";"A01";"1";"7";"0";"2";"7";"1";"1";""
"202400043124";"155 705 855";"B01";"1";"7";"0";"2";"1";"1";"3";""
"202400043125";"155 705 848";"A01";"1";"7";"4";"2";"9";"6";"1";""
"202400043125";"155 705 850";"B01";"1";"7";"0";"2";"8";"2";"1";""
"202400043125";"155 705 853";"C01";"1";"13";"0";"2";"4";"2";"1";""
"202400043126";"155 705 846";"A01";"1";"33";"13";"0";"1";"13";"1";""
"202400043127";"155 705 844";"A01";"2";"7";"0";"0";"3";"9";"1";""
"202400043127";"155 705 847";"B01";"2";"50";"0";"0";"2";"14";"3";""
"202400043128";"155 705 845";"A01";"1";"7";"0";"2";"1";"1";"1";""
"202400043128";"155 705 849";"B01";"1";"7";"0";"2";"4";"2";"1";""
"202400043128";"155 705 852";"C01";"1";"7";"0";"2";"4";"2";"1";""
"202400043129";"155 705 842";"A01";"2";"10";"0";"2";"2";"14";"1";""
"202400043129";"155 705 843";"B01";"2";"7";"0";"2";"8";"1";"2";""
"202400043130";"155 705 836";"B01";"2";"7";"0";"2";"2";"1";"1";""
"202400043130";"155 705 840";"A01";"2";"15";"0";"2";"6";"9";"1";""
"202400043130";"155 705 841";"C01";"2";"7";"0";"2";"1";"17";"1";""
"202400043131";"155 705 833";"B01";"1";"7";"0";"2";"3";"15";"1";""
"202400043131";"155 705 837";"A01";"1";"7";"0";"2";"1";"17";"1";""
"202400043132";"155 705 835";"A01";"2";"33";"0";"2";"1";"3";"1";""
"202400043132";"155 705 839";"B01";"2";"7";"0";"2";"8";"11";"1";""
"202400043133";"155 705 829";"A01";"0";"33";"0";"0";"0";"1";"1";""
"202400043134";"155 705 827";"A01";"1";"7";"13";"0";"3";"1";"1";""
"202400043135";"155 705 826";"A01";"2";"7";"0";"2";"1";"2";"1";""
"202400043135";"155 705 828";"B01";"2";"7";"0";"2";"4";"2";"1";""
"202400043136";"155 705 825";"A01";"2";"7";"0";"2";"1";"2";"1";""
"202400043136";"155 705 830";"B01";"2";"7";"0";"2";"9";"2";"1";""
"202400043136";"155 705 834";"C01";"2";"7";"0";"2";"9";"1";"1";""
"202400043136";"155 705 838";"D01";"2";"7";"0";"2";"4";"2";"1";""
"202400043137";"155 705 824";"B01";"1";"7";"8";"2";"4";"1";"1";""
"202400043137";"155 705 831";"A01";"2";"14";"0";"2";"2";"13";"1";""
"202400043138";"155 705 820";"A01";"2";"14";"3";"0";"1";"1";"1";""
"202400043139";"155 705 819";"A01";"2";"7";"0";"2";"1";"2";"1";""
"202400043139";"155 705 822";"C01";"2";"7";"0";"2";"4";"2";"1";""
"202400043139";"155 705 823";"B01";"2";"7";"0";"2";"4";"2";"3";""
"202400043140";"155 705 818";"A01";"1";"33";"0";"0";"8";"1";"1";""
"202400043141";"155 705 817";"A01";"3";"7";"0";"2";"1";"6";"1";""
"202400043141";"155 705 821";"B01";"1";"7";"0";"2";"1";"1";"1";""
"202400043142";"155 705 813";"A01";"2";"7";"0";"2";"1";"1";"1";""
"202400043142";"155 705 815";"B01";"2";"15";"0";"0";"4";"1";"1";""
"202400043143";"155 705 812";"B01";"1";"21";"0";"2";"6";"1";"1";""
"202400043143";"155 705 816";"A01";"2";"2";"0";"2";"1";"13";"1";""
"202400043144";"155 705 810";"B01";"2";"7";"0";"2";"2";"12";"1";""
"202400043144";"155 705 814";"A01";"2";"32";"0";"2";"8";"1";"1";""
"202400043145";"155 705 811";"A01";"1";"33";"6";"0";"1";"1";"1";""
"202400043146";"155 705 809";"A01";"1";"10";"0";"1";"0";"1";"1";""
"202400043147";"155 705 807";"A01";"2";"7";"0";"2";"1";"26";"1";""
"202400043147";"155 705 808";"B01";"2";"7";"0";"0";"4";"1";"1";""
"202400043148";"155 705 803";"A01";"1";"7";"7";"0";"0";"1";"1";""
"202400043149";"155 705 801";"A01";"2";"7";"4";"0";"1";"1";"1";""
"202400043150";"155 705 800";"B01";"1";"7";"0";"2";"1";"2";"2";""
"202400043150";"155 705 804";"C01";"2";"7";"0";"2";"1";"2";"1";""
"202400043150";"155 705 806";"A01";"1";"7";"0";"2";"4";"24";"1";""
"202400043151";"155 705 799";"A01";"1";"7";"0";"1";"1";"0";"0";""
"202400043152";"155 705 798";"A01";"2";"33";"0";"2";"1";"17";"1";""
"202400043152";"155 705 802";"B01";"2";"7";"0";"2";"6";"1";"1";""
"202400043152";"155 705 805";"C01";"1";"7";"0";"2";"1";"1";"2";""
"202400043153";"155 705 797";"A01";"1";"7";"4";"0";"1";"1";"1";""
"202400043154";"155 705 795";"A01";"1";"7";"4";"0";"1";"1";"1";""
"202400043155";"155 705 794";"A01";"1";"7";"0";"2";"9";"13";"1";""
"202400043155";"155 705 796";"B01";"2";"38";"0";"2";"1";"1";"1";"1"
"202400043156";"155 705 792";"A01";"2";"7";"4";"0";"0";"0";"1";""
"202400043157";"155 705 793";"A01";"1";"7";"13";"0";"3";"2";"1";""
"202400043158";"155 705 791";"A01";"2";"7";"13";"0";"0";"13";"1";""
"202400043159";"155 705 789";"A01";"1";"7";"13";"0";"1";"1";"1";""
"202400043160";"155 705 787";"A01";"3";"7";"0";"1";"2";"9";"1";""
"202400043161";"155 705 786";"A01";"2";"33";"16";"0";"8";"1";"1";""
"202400043162";"155 705 788";"A01";"0";"10";"12";"2";"0";"0";"1";""
"202400043162";"155 705 790";"B01";"3";"50";"1";"2";"0";"0";"3";""
"202400043163";"155 705 785";"A01";"0";"7";"8";"0";"0";"0";"1";""
"202400043164";"155 705 781";"A01";"3";"60";"0";"2";"8";"19";"5";""
"202400043164";"155 705 783";"B01";"1";"7";"0";"9";"8";"1";"1";""
"202400043165";"155 705 778";"A01";"3";"2";"0";"2";"1";"1";"1";""
"202400043165";"155 705 780";"B01";"3";"7";"0";"2";"3";"19";"1";""
"202400043166";"155 705 776";"A01";"1";"7";"0";"2";"1";"1";"1";""
"202400043166";"155 705 779";"B01";"1";"7";"0";"2";"4";"1";"1";""
"202400043166";"155 705 782";"C01";"1";"7";"0";"2";"4";"1";"1";""
"202400043166";"155 705 784";"D01";"1";"7";"0";"2";"4";"1";"1";""