"Num_Acc";"id_vehicule";"num_veh";"senc";"catv";"obs";"obsm";"choc";"manv";"motor";"occutc"
"202400043369";"155 705 412";"A01";"1";"7";"6";"0";"1";"1";"1";""
"202400043370";"155 705 413";"B01";"1";"33";"0";"2";"7";"3";"1";""
"202400043370";"155 705 415";"A01";"1";"7";"0";"2";"8";"11";"1";""
"202400043371";"155 705 409";"A01";"2";"33";"0";"2";"8";"1";"1";""
"202400043371";"155 705 410";"Z01";"2";"7";"0";"2";"2";"13";"0";""
"202400043372";"155 705 408";"A01";"0";"7";"0";"2";"8";"1";"1";""
"202400043372";"155 705 411";"B01";"0";"7";"0";"2";"8";"1";"1";""
"202400043373";"155 705 405";"B01";"2";"10";"0";"2";"4";"1";"0";""
"202400043373";"155 705 406";"A01";"2";"7";"0";"2";"2";"1";"3";""
"202400043374";"155 705 407";"A01";"1";"31";"12";"0";"5";"1";"1";""
"202400043375";"155 705 403";"A01";"1";"7";"10";"9";"1";"1";"1";""
"202400043376";"155 705 401";"A01";"2";"7";"0";"2";"1";"1";"1";""
"202400043376";"155 705 404";"B01";"2";"7";"0";"2";"3";"1";"1";""
"202400043377";"155 705 397";"B01";"1";"14";"0";"2";"4";"1";"1";""
"202400043377";"155 705 400";"A01";"1";"7";"0";"2";"1";"1";"1";""
"202400043378";"155 705 396";"A01";"1";"33";"0";"2";"1";"3";"1";""
"202400043378";"155 705 398";"C01";"1";"7";"0";"2";"7";"1";"1";""
"202400043378";"155 705 399";"D01";"1";"7";"0";"2";"8";"1";"1";""
"202400043378";"155 705 402";"B01";"1";"33";"0";"2";"4";"3";"1";""
"202400043379";"155 705 395";"A01";"1";"7";"4";"0";"1";"1";"1";""
"202400043380";"155 705 394";"A01";"1";"7";"6";"0";"3";"1";"1";""
"202400043381";"155 705 389";"A01";"1";"33";"0";"2";"2";"18";"1";""
"202400043381";"155 705 392";"B01";"1";"7";"0";"2";"3";"13";"1";""
"202400043382";"155 705 390";"A01";"2";"7";"0";"2";"2";"12";"1";""
"202400043382";"155 705 393";"B01";"2";"33";"0";"2";"2";"11";"1";""
"202400043383";"155 705 386";"A01";"1";"33";"4";"0";"7";"1";"1";""
"202400043384";"155 705 388";"A01";"2";"7";"0";"2";"1";"0";"1";""
"202400043384";"155 705 391";"B01";"2";"7";"0";"0";"4";"0";"1";""
"202400043385";"155 705 379";"A01";"3";"1";"0";"2";"1";"1";"5";""
"202400043385";"155 705 383";"B01";"2";"10";"0";"2";"3";"1";"1";""
"202400043386";"155 705 380";"A01";"2";"10";"0";"2";"1";"2";"1";""
"202400043386";"155 705 384";"B01";"2";"10";"0";"2";"4";"2";"1";""
"202400043387";"155 705 378";"A01";"1";"7";"3";"2";"2";"1";"1";""
"202400043387";"155 705 382";"B01";"1";"7";"0";"0";"6";"1";"1";""
"202400043388";"155 705 377";"A01";"2";"7";"0";"2";"1";"2";"1";""
"202400043388";"155 705 381";"B01";"2";"7";"0";"2";"4";"23";"1";""
"202400043388";"155 705 385";"C01";"2";"7";"0";"2";"4";"23";"1";""
"202400043388";"155 705 387";"D01";"2";"7";"0";"2";"4";"23";"1";""
"202400043389";"155 705 374";"A01";"3";"7";"0";"2";"4";"1";"1";""
"202400043389";"155 705 376";"B01";"3";"7";"0";"2";"3";"23";"2";""
"202400043390";"155 705 369";"A01";"1";"7";"4";"2";"1";"0";"1";""
"202400043390";"155 705 372";"B01";"1";"7";"0";"2";"6";"1";"1";""
"202400043391";"155 705 365";"A01";"1";"1";"14";"1";"1";"1";"5";""
"202400043392";"155 705 366";"A01";"1";"10";"0";"2";"4";"2";"1";""
"202400043392";"155 705 368";"D01";"1";"7";"0";"2";"1";"2";"1";""
"202400043392";"155 705 370";"C01";"1";"7";"0";"2";"4";"1";"1";""
"202400043392";"155 705 373";"B01";"1";"7";"0";"2";"1";"2";"1";""
"202400043392";"155 705 375";"E01";"1";"10";"0";"2";"1";"1";"1";""
"202400043393";"155 705 363";"A01";"1";"7";"6";"0";"1";"13";"1";""
"202400043394";"155 705 357";"A01";"3";"7";"8";"2";"6";"15";"2";""
"202400043394";"155 705 360";"B01";"3";"7";"0";"2";"6";"1";"1";""
"202400043395";"155 705 354";"A01";"1";"7";"0";"2";"1";"13";"1";""
"202400043395";"155 705 356";"B01";"2";"7";"0";"2";"1";"0";"1";""
"202400043396";"155 705 355";"A01";"2";"7";"2";"2";"2";"14";"1";""
"202400043396";"155 705 358";"B01";"2";"32";"0";"2";"7";"17";"1";""
"202400043396";"155 705 362";"C01";"1";"7";"0";"2";"8";"1";"1";""
"202400043396";"155 705 364";"D01";"2";"7";"0";"2";"2";"1";"1";""
"202400043397";"155 705 353";"A01";"3";"37";"0";"1";"2";"7";"1";"1"
"202400043398";"155 705 347";"A01";"3";"7";"15";"4";"2";"26";"0";""
"202400043398";"155 705 349";"B01";"3";"39";"0";"2";"2";"1";"3";""
"202400043399";"155 705 350";"A01";"3";"7";"0";"2";"8";"15";"1";""
"202400043399";"155 705 352";"B01";"3";"31";"0";"2";"1";"2";"1";""
"202400043400";"155 705 346";"A01";"2";"7";"0";"2";"3";"13";"1";""
"202400043400";"155 705 348";"B01";"1";"7";"0";"2";"3";"1";"1";""
"202400043401";"155 705 345";"B01";"1";"7";"0";"2";"6";"15";"1";""
"202400043401";"155 705 351";"A01";"2";"50";"0";"2";"1";"26";"3";""
"202400043402";"155 705 342";"A01";"3";"37";"0";"2";"3";"1";"2";"2"
"202400043402";"155 705 344";"B01";"3";"7";"0";"2";"2";"9";"1";""
"202400043403";"155 705 340";"A01";"1";"7";"2";"0";"1";"13";"1";""
"202400043404";"155 705 341";"A01";"1";"31";"0";"2";"2";"17";"1";""
"202400043404";"155 705 343";"B01";"1";"7";"0";"2";"3";"15";"1";""
"202400043405";"155 705 337";"A01";"2";"30";"0";"2";"1";"2";"1";""
"202400043405";"155 705 339";"B01";"2";"7";"0";"2";"5";"2";"2";""
"202400043406";"155 705 334";"B01";"2";"33";"0";"2";"3";"1";"1";""
"202400043406";"155 705 338";"A01";"1";"7";"0";"2";"0";"15";"0";""
"202400043407";"155 705 333";"A01";"3";"7";"0";"0";"2";"0";"1";""
"202400043407";"155 705 335";"B01";"3";"60";"0";"2";"2";"9";"5";""
"202400043408";"155 705 327";"A01";"1";"7";"0";"1";"1";"14";"1";""
"202400043409";"155 705 328";"A01";"1";"7";"0";"2";"3";"13";"1";""
"202400043409";"155 705 331";"B01";"1";"7";"0";"2";"5";"1";"1";""
"202400043410";"155 705 330";"A01";"1";"31";"0";"2";"1";"2";"1";""
"202400043410";"155 705 332";"B01";"1";"7";"0";"0";"4";"2";"2";""
"202400043411";"155 705 324";"A01";"0";"7";"0";"2";"3";"1";"1";""
"202400043411";"155 705 329";"B01";"3";"7";"0";"2";"1";"1";"1";""
"202400043412";"155 705 325";"B01";"0";"50";"0";"2";"7";"1";"3";""
"202400043412";"155 705 326";"A01";"0";"7";"0";"2";"3";"13";"0";""
"202400043413";"155 705 320";"A01";"2";"1";"0";"1";"1";"1";"5";""
"202400043414";"155 705 319";"A01";"2";"7";"0";"2";"3";"13";"1";""
"202400043414";"155 705 321";"B01";"1";"7";"0";"2";"3";"1";"1";""
"202400043415";"155 705 317";"A01";"3";"33";"0";"0";"1";"2";"1";""
"202400043416";"155 705 316";"B01";"2";"7";"0";"2";"3";"16";"2";""
"202400043416";"155 705 318";"A01";"2";"50";"0";"2";"1";"1";"3";""
"202400043417";"155 705 314";"A01";"2";"7";"4";"2";"3";"13";"1";""
"202400043417";"155 705 322";"B01";"2";"15";"0";"2";"2";"1";"1";""
"202400043418";"155 705 313";"A01";"2";"37";"7";"0";"1";"15";"1";"2"
"202400043419";"155 705 312";"A01";"2";"7";"0";"2";"3";"1";"1";""
"202400043419";"155 705 315";"B01";"1";"7";"0";"2";"3";"1";"1";""
"202400043420";"155 705 309";"A01";"1";"10";"0";"2";"3";"1";"1";""
"202400043420";"155 705 311";"Z01";"2";"20";"0";"2";"1";"1";"5";""
"202400043421";"155 705 308";"A01";"1";"7";"8";"0";"1";"1";"1";""
"202400043422";"155 705 306";"B01";"1";"33";"0";"2";"8";"1";"1";""
"202400043422";"155 705 310";"A01";"1";"7";"0";"2";"1";"1";"1";""
"202400043423";"155 705 305";"A01";"1";"7";"0";"1";"2";"1";"1";""
"202400043424";"155 705 303";"A01";"3";"7";"0";"0";"1";"9";"1";""
"202400043424";"155 705 307";"B01";"3";"80";"0";"2";"1";"1";"3";""
"202400043425";"155 705 301";"A01";"0";"7";"3";"0";"3";"13";"1";""
"202400043426";"155 705 302";"B01";"1";"7";"0";"2";"0";"0";"1";""
"202400043426";"155 705 304";"A01";"1";"7";"0";"2";"0";"0";"1";""
"202400043427";"155 705 298";"A01";"2";"10";"0";"2";"1";"1";"3";""
"202400043427";"155 705 300";"B01";"1";"10";"0";"2";"8";"1";"1";""
"202400043428";"155 705 296";"A01";"1";"7";"0";"0";"1";"13";"1";""
"202400043429";"155 705 297";"B01";"1";"1";"0";"2";"8";"1";"5";""
"202400043429";"155 705 299";"A01";"1";"7";"0";"2";"2";"1";"1";""
"202400043430";"155 705 293";"A01";"2";"7";"2";"0";"9";"13";"1";""
"202400043431";"155 705 288";"A01";"1";"2";"0";"0";"9";"1";"1";""
"202400043432";"155 705 289";"A01";"1";"7";"0";"2";"4";"1";"1";""
"202400043432";"155 705 291";"Z01";"1";"0";"0";"2";"0";"0";"0";""
"202400043433";"155 705 290";"B01";"1";"7";"0";"2";"1";"1";"3";""
"202400043433";"155 705 292";"A01";"1";"3";"0";"2";"1";"15";"3";""
"202400043433";"155 705 295";"C01";"2";"7";"0";"2";"3";"1";"1";""
"202400043434";"155 705 283";"A01";"1";"33";"0";"0";"1";"1";"1";""
"202400043435";"155 705 284";"A01";"2";"10";"0";"2";"1";"13";"0";""
"202400043435";"155 705 286";"B01";"1";"10";"0";"2";"1";"23";"0";""
"202400043436";"155 705 281";"A01";"1";"7";"0";"2";"2";"15";"1";""
"202400043436";"155 705 282";"B01";"2";"31";"0";"2";"3";"1";"1";""
"202400043437";"155 705 278";"A01";"3";"31";"0";"0";"8";"21";"1";""
"202400043438";"155 705 276";"A01";"2";"7";"0";"9";"2";"2";"1";""
"202400043438";"155 705 280";"B01";"2";"1";"0";"0";"4";"2";"5";""
"202400043439";"155 705 275";"B01";"3";"50";"0";"2";"0";"0";"3";""
"202400043439";"155 705 279";"A01";"2";"7";"0";"2";"0";"16";"1";""
"202400043440";"155 705 271";"B01";"2";"21";"0";"2";"3";"15";"1";""
"202400043440";"155 705 274";"A01";"2";"33";"0";"2";"7";"17";"1";""
"202400043441";"155 705 273";"A01";"3";"33";"0";"2";"7";"15";"1";""
"202400043441";"155 705 277";"B01";"1";"7";"0";"2";"1";"9";"1";""
"202400043442";"155 705 272";"A01";"1";"7";"0";"1";"2";"25";"1";""
"202400043443";"155 705 268";"A01";"1";"33";"0";"0";"7";"1";"1";""
"202400043444";"155 705 264";"A01";"1";"7";"0";"2";"1";"1";"1";""
"202400043444";"155 705 269";"B01";"1";"7";"0";"2";"4";"1";"1";""
"202400043445";"155 705 263";"B01";"1";"7";"0";"2";"1";"0";"1";""
"202400043445";"155 705 266";"A01";"1";"99";"0";"2";"3";"0";"1";""
"202400043446";"155 705 262";"A01";"1";"7";"0";"2";"8";"15";"2";""
"202400043446";"155 705 265";"B01";"1";"33";"0";"2";"7";"2";"1";""
"202400043447";"155 705 261";"A01";"1";"1";"13";"0";"0";"1";"5";""
"202400043448";"155 705 257";"A01";"0";"7";"0";"1";"1";"1";"1";""
"202400043449";"155 705 258";"A01";"2";"31";"0";"0";"7";"14";"1";""
"202400043450";"155 705 254";"A01";"2";"14";"0";"2";"8";"1";"1";""
"202400043450";"155 705 255";"B01";"1";"2";"0";"2";"9";"1";"1";""
"202400043451";"155 705 253";"B01";"1";"7";"0";"2";"3";"10";"1";""
"202400043451";"155 705 256";"A01";"1";"2";"0";"2";"1";"14";"3";""
"202400043452";"155 705 251";"A01";"1";"7";"2";"0";"2";"0";"1";""
"202400043453";"155 705 250";"B01";"1";"7";"0";"2";"5";"1";"1";""
"202400043453";"155 705 252";"A01";"1";"32";"0";"2";"8";"18";"1";""
"202400043454";"155 705 247";"A01";"2";"7";"0";"2";"1";"17";"1";""
"202400043454";"155 705 249";"B01";"2";"7";"0";"2";"3";"1";"2";""
"202400043455";"155 705 248";"A01";"2";"7";"0";"1";"1";"26";"1";""
"202400043456";"155 705 246";"A01";"0";"7";"1";"0";"2";"0";"1";""
"202400043457";"155 705 242";"A01";"2";"7";"0";"1";"1";"1";"1";""
"202400043458";"155 705 244";"A01";"1";"7";"0";"1";"2";"1";"1";""
"202400043459";"155 705 241";"B01";"2";"80";"0";"2";"7";"1";"3";""
"202400043459";"155 705 245";"A01";"2";"7";"0";"2";"3";"15";"1";""
"202400043460";"155 705 239";"A01";"3";"32";"0";"2";"1";"17";"1";""
"202400043460";"155 705 243";"B01";"2";"7";"0";"2";"0";"0";"0";""
"202400043461";"155 705 236";"A01";"1";"10";"0";"2";"5";"1";"1";""
"202400043461";"155 705 240";"B01";"2";"2";"0";"2";"1";"1";"1";""
"202400043462";"155 705 235";"B01";"3";"1";"0";"0";"0";"0";"5";""
"202400043462";"155 705 238";"A01";"0";"0";"0";"0";"1";"15";"0";""
"202400043463";"155 705 232";"A01";"2";"2";"6";"0";"8";"1";"1";""
"202400043463";"155 705 237";"B01";"2";"2";"0";"0";"7";"1";"1";""
"202400043464";"155 705 231";"A01";"1";"7";"0";"2";"1";"2";"1";""
"202400043464";"155 705 233";"B01";"1";"31";"0";"2";"4";"2";"1";""
"202400043465";"155 705 225";"A01";"1";"7";"0";"2";"1";"1";"1";""
"202400043465";"155 705 230";"B01";"1";"7";"0";"2";"4";"1";"1";""
"202400043465";"155 705 234";"C01";"1";"7";"0";"2";"4";"1";"1";""
"202400043466";"155 705 224";"B01";"2";"10";"0";"2";"4";"1";"1";""
"202400043466";"155 705 228";"C01";"2";"7";"0";"2";"4";"1";"1";""
"202400043466";"155 705 229";"A01";"2";"7";"0";"2";"9";"1";"1";""
"202400043467";"155 705 223";"B01";"1";"7";"0";"2";"2";"2";"1";""
"202400043467";"155 705 227";"A01";"1";"7";"0";"2";"3";"15";"1";""
"202400043468";"155 705 221";"A01";"1";"7";"0";"2";"3";"1";"1";""
"202400043468";"155 705 226";"B01";"1";"31";"0";"2";"2";"2";"1";""
"202400043469";"155 705 219";"A01";"2";"7";"9";"0";"2";"1";"1";""
"202400043470";"155 705 220";"A01";"2";"7";"0";"2";"8";"13";"0";""
"202400043470";"155 705 222";"B01";"1";"7";"0";"2";"1";"1";"1";""
"202400043471";"155 705 217";"A01";"2";"2";"0";"1";"1";"0";"1";""
"202400043472";"155 705 216";"A01";"1";"7";"0";"1";"1";"1";"1";""
"202400043473";"155 705 214";"A01";"2";"33";"13";"0";"0";"1";"1";""
"202400043474";"155 705 215";"B01";"1";"7";"0";"2";"5";"1";"1";""
"202400043474";"155 705 218";"A01";"1";"31";"0";"2";"1";"14";"1";""
"202400043475";"155 705 209";"A01";"2";"33";"0";"2";"8";"15";"1";""
"202400043475";"155 705 211";"B01";"2";"33";"0";"2";"7";"17";"1";""
"202400043476";"155 705 208";"A01";"1";"7";"0";"1";"3";"15";"1";""
"202400043477";"155 705 206";"B01";"1";"7";"0";"2";"4";"23";"0";""
"202400043477";"155 705 212";"A01";"1";"10";"0";"2";"3";"2";"3";""
"202400043478";"155 705 205";"A01";"0";"7";"0";"1";"3";"17";"1";""
"202400043479";"155 705 202";"D01";"2";"1";"0";"2";"1";"1";"5";""
"202400043479";"155 705 204";"B01";"2";"1";"0";"2";"1";"1";"5";""
"202400043479";"155 705 207";"E01";"2";"1";"0";"2";"1";"1";"5";""
"202400043479";"155 705 210";"A01";"1";"33";"0";"2";"1";"17";"1";""
"202400043479";"155 705 213";"C01";"2";"1";"0";"2";"1";"1";"5";""
"202400043480";"155 705 196";"A01";"1";"7";"0";"2";"5";"20";"1";""
"202400043480";"155 705 199";"B01";"1";"32";"0";"2";"1";"2";"1";""
"202400043481";"155 705 197";"A01";"2";"1";"0";"2";"1";"5";"5";""
"202400043481";"155 705 201";"B01";"1";"33";"0";"2";"1";"1";"1";""
"202400043482";"155 705 189";"A01";"2";"7";"1";"0";"3";"5";"1";""
"202400043483";"155 705 192";"B01";"2";"1";"0";"2";"5";"16";"5";""
"202400043483";"155 705 193";"A01";"2";"7";"0";"2";"1";"2";"2";""
"202400043484";"155 705 188";"B01";"3";"7";"0";"2";"4";"0";"1";""
"202400043484";"155 705 190";"A01";"3";"7";"0";"2";"1";"26";"1";""
"202400043485";"155 705 187";"C01";"2";"7";"0";"2";"1";"23";"1";""
"202400043485";"155 705 191";"A01";"1";"7";"0";"2";"5";"1";"1";""
"202400043485";"155 705 194";"B01";"1";"7";"7";"2";"1";"1";"1";""
"202400043486";"155 705 182";"A01";"3";"2";"0";"2";"2";"12";"1";""
"202400043486";"155 705 185";"B01";"3";"7";"0";"2";"3";"0";"1";""
"202400043487";"155 705 180";"A01";"1";"0";"0";"2";"3";"1";"0";""
"202400043487";"155 705 183";"B01";"2";"0";"6";"2";"3";"1";"1";""
"202400043488";"155 705 181";"A01";"3";"7";"3";"0";"1";"14";"1";""
"202400043489";"155 705 179";"A01";"1";"10";"0";"2";"1";"2";"1";""
"202400043489";"155 705 184";"B01";"1";"7";"0";"2";"1";"24";"1";""
"202400043489";"155 705 186";"C01";"1";"7";"0";"0";"4";"24";"1";""
"202400043490";"155 705 174";"A01";"1";"10";"0";"1";"3";"15";"1";""
"202400043491";"155 705 172";"A01";"3";"33";"0";"2";"3";"0";"1";""
"202400043491";"155 705 175";"B01";"3";"33";"0";"2";"3";"1";"1";""
"202400043492";"155 705 171";"C01";"1";"7";"0";"2";"4";"2";"1";""
"202400043492";"155 705 176";"A01";"1";"7";"0";"0";"0";"0";"1";""
"202400043492";"155 705 178";"B01";"1";"7";"0";"2";"4";"2";"1";""
"202400043493";"155 705 173";"A01";"1";"2";"0";"2";"1";"1";"1";""
"202400043493";"155 705 177";"B01";"2";"7";"0";"2";"3";"15";"1";""
"202400043494";"155 705 169";"A01";"3";"33";"0";"2";"1";"17";"1";""
"202400043494";"155 705 170";"B01";"3";"7";"0";"2";"3";"15";"1";""
"202400043495";"155 705 168";"A01";"2";"30";"0";"1";"1";"17";"1";""
"202400043496";"155 705 167";"A01";"1";"7";"0";"1";"2";"1";"1";""
"202400043497";"155 705 163";"A01";"1";"7";"8";"0";"2";"1";"1";""
"202400043498";"155 705 161";"A01";"0";"7";"0";"2";"1";"9";"2";""
"202400043498";"155 705 164";"B01";"0";"33";"0";"2";"7";"1";"1";""
"202400043499";"155 705 160";"A01";"2";"7";"0";"2";"3";"15";"1";""
"202400043499";"155 705 165";"B01";"1";"2";"0";"2";"7";"21";"1";""
"202400043500";"155 705 162";"A01";"2";"7";"0";"0";"1";"13";"1";""
"202400043500";"155 705 166";"B01";"1";"7";"0";"0";"1";"1";"0";""
"202400043501";"155 705 159";"A01";"0";"33";"6";"0";"1";"1";"1";""
"202400043502";"155 705 156";"A01";"1";"7";"3";"2";"3";"13";"2";""
"202400043502";"155 705 158";"B01";"2";"7";"0";"2";"3";"1";"1";""
"202400043503";"155 705 157";"A01";"1";"34";"0";"0";"8";"1";"1";""
"202400043504";"155 705 154";"A01";"2";"7";"2";"0";"3";"1";"1";""
"202400043505";"155 705 153";"B01";"1";"7";"13";"0";"6";"2";"1";""
"202400043505";"155 705 155";"A01";"1";"7";"0";"2";"2";"2";"1";""
"202400043506";"155 705 150";"B01";"2";"1";"0";"9";"0";"1";"5";""
"202400043506";"155 705 152";"A01";"1";"50";"0";"2";"0";"1";"3";""
"202400043507";"155 705 151";"A01";"1";"7";"1";"1";"2";"14";"1";""
"202400043508";"155 705 148";"B01";"3";"2";"0";"2";"1";"1";"1";""
"202400043508";"155 705 149";"A01";"3";"7";"0";"2";"3";"19";"1";""
"202400043509";"155 705 145";"A01";"1";"2";"0";"0";"0";"1";"1";""
"202400043510";"155 705 144";"B01";"2";"7";"0";"2";"1";"1";"1";""
"202400043510";"155 705 147";"A01";"1";"7";"0";"2";"1";"5";"2";""
"202400043511";"155 705 143";"B01";"1";"10";"0";"2";"7";"26";"1";""
"202400043511";"155 705 146";"A01";"1";"34";"0";"2";"1";"26";"1";""
"202400043512";"155 705 142";"A01";"1";"7";"4";"0";"3";"21";"1";""
"202400043513";"155 705 139";"B01";"2";"33";"0";"2";"8";"1";"1";""
"202400043513";"155 705 140";"A01";"2";"10";"0";"2";"7";"12";"1";""
"202400043514";"155 705 138";"A01";"3";"7";"0";"2";"2";"15";"1";""
"202400043514";"155 705 141";"B01";"3";"32";"0";"2";"1";"1";"1";""
"202400043515";"155 705 137";"A01";"1";"7";"0";"0";"1";"1";"1";""
"202400043516";"155 705 134";"A01";"2";"10";"0";"1";"5";"4";"3";""
"202400043517";"155 705 133";"B01";"1";"7";"0";"2";"2";"1";"1";""
"202400043517";"155 705 136";"A01";"1";"7";"0";"2";"2";"26";"2";""
"202400043518";"155 705 132";"A01";"3";"7";"0";"2";"3";"8";"1";""
"202400043518";"155 705 135";"B01";"3";"1";"0";"2";"1";"1";"5";""
"202400043519";"155 705 128";"Z01";"2";"7";"0";"1";"1";"2";"1";""
"202400043520";"155 705 126";"B01";"2";"2";"0";"2";"1";"1";"1";""
"202400043520";"155 705 130";"A01";"1";"7";"0";"2";"2";"15";"1";""
"202400043521";"155 705 129";"A01";"1";"7";"0";"2";"4";"15";"1";""
"202400043521";"155 705 131";"B01";"1";"10";"0";"2";"1";"2";"3";""
"202400043522";"155 705 123";"A01";"2";"7";"2";"0";"2";"1";"1";""
"202400043523";"155 705 117";"B01";"1";"33";"0";"2";"1";"1";"1";""
"202400043523";"155 705 120";"C01";"1";"33";"0";"2";"1";"1";"1";""
"202400043523";"155 705 122";"A01";"2";"7";"0";"2";"3";"13";"1";""
"202400043524";"155 705 116";"B01";"2";"2";"0";"0";"4";"2";"1";""
"202400043524";"155 705 121";"A01";"2";"7";"3";"2";"1";"2";"1";""
"202400043525";"155 705 118";"B01";"1";"37";"0";"2";"3";"1";"1";"5"
"202400043525";"155 705 124";"A01";"1";"7";"0";"2";"2";"17";"1";""
"202400043526";"155 705 113";"A01";"2";"7";"2";"0";"1";"1";"1";""
"202400043527";"155 705 112";"A01";"2";"7";"0";"1";"3";"1";"1";""
"202400043528";"155 705 110";"B01";"1";"1";"0";"2";"7";"2";"5";""
"202400043528";"155 705 111";"A01";"1";"7";"0";"2";"3";"15";"1";""
"202400043529";"155 705 107";"A01";"2";"7";"0";"2";"8";"15";"1";""
"202400043529";"155 705 109";"B01";"2";"2";"0";"0";"7";"2";"1";""
"202400043530";"155 705 106";"A01";"1";"7";"0";"1";"3";"1";"1";""
"202400043531";"155 705 105";"A01";"3";"33";"0";"0";"3";"21";"1";""
"202400043532";"155 705 104";"A01";"1";"10";"0";"1";"2";"1";"1";""
"202400043533";"155 705 102";"A01";"1";"7";"0";"2";"3";"0";"1";""
"202400043533";"155 705 103";"B01";"2";"7";"0";"2";"3";"0";"1";""
"202400043534";"155 705 101";"A01";"1";"7";"13";"0";"2";"14";"1";""
"202400043535";"155 705 098";"A01";"0";"10";"0";"2";"1";"1";"1";""
"202400043535";"155 705 100";"B01";"0";"7";"0";"2";"4";"1";"1";""
"202400043536";"155 705 097";"A01";"1";"7";"0";"2";"7";"15";"1";""
"202400043536";"155 705 099";"B01";"1";"1";"0";"2";"1";"1";"5";""
"202400043537";"155 705 096";"A01";"0";"7";"13";"0";"1";"0";"1";""
"202400043538";"155 705 095";"A01";"1";"7";"0";"1";"1";"15";"1";""
"202400043539";"155 705 092";"A01";"2";"31";"6";"0";"2";"14";"1";""
"202400043540";"155 705 091";"A01";"1";"10";"0";"2";"2";"17";"1";""
"202400043540";"155 705 094";"B01";"1";"7";"3";"0";"6";"0";"1";""
"202400043541";"155 705 090";"A01";"2";"1";"0";"2";"8";"13";"5";""
"202400043541";"155 705 093";"B01";"2";"7";"0";"2";"7";"17";"2";""
"202400043542";"155 705 087";"A01";"1";"7";"0";"0";"3";"5";"1";""
"202400043542";"155 705 089";"B01";"2";"7";"0";"0";"3";"1";"1";""
"202400043543";"155 705 086";"A01";"3";"7";"0";"1";"1";"1";"2";""
"202400043544";"155 705 084";"A01";"2";"7";"3";"2";"1";"13";"1";""
"202400043544";"155 705 088";"B01";"1";"7";"0";"2";"1";"1";"1";""
"202400043545";"155 705 082";"A01";"1";"2";"0";"2";"1";"3";"1";""
"202400043545";"155 705 083";"B01";"1";"7";"0";"2";"6";"23";"2";""
"202400043545";"155 705 085";"C01";"2";"7";"0";"2";"3";"23";"2";""
"202400043546";"155 705 081";"A01";"1";"7";"6";"0";"3";"0";"1";""
"202400043547";"155 705 079";"A01";"3";"33";"1";"0";"1";"20";"1";""
"202400043547";"155 705 080";"B01";"0";"33";"0";"2";"8";"24";"1";""
"202400043548";"155 705 077";"A01";"2";"7";"0";"1";"2";"2";"3";""
"202400043549";"155 705 076";"B01";"2";"80";"0";"2";"7";"1";"3";""
"202400043549";"155 705 078";"A01";"1";"7";"0";"9";"3";"16";"2";""
"202400043550";"155 705 074";"A01";"2";"32";"13";"0";"8";"1";"1";""
"202400043551";"155 705 073";"A01";"1";"7";"0";"2";"1";"14";"1";""
"202400043551";"155 705 075";"B01";"1";"7";"0";"2";"1";"13";"1";""
"202400043552";"155 705 070";"A01";"1";"7";"0";"2";"2";"6";"1";""
"202400043552";"155 705 072";"B01";"1";"33";"0";"2";"1";"1";"1";""
"202400043553";"155 705 067";"B01";"3";"7";"1";"2";"2";"21";"1";""
"202400043553";"155 705 071";"A01";"3";"10";"0";"2";"4";"20";"1";""
"202400043554";"155 705 065";"A01";"1";"7";"0";"0";"8";"15";"1";""
"202400043554";"155 705 068";"B01";"2";"33";"0";"2";"1";"1";"1";""
"202400043555";"155 705 064";"B01";"2";"7";"0";"2";"1";"1";"1";""
"202400043555";"155 705 069";"A01";"1";"7";"0";"2";"1";"13";"1";""
"202400043556";"155 705 066";"A01";"3";"7";"0";"1";"3";"15";"2";""
"202400043557";"155 705 062";"A01";"2";"99";"0";"2";"1";"23";"1";""
"202400043557";"155 705 063";"B01";"2";"7";"0";"2";"4";"2";"1";""
"202400043558";"155 705 060";"A01";"1";"7";"8";"0";"3";"1";"1";""
"202400043559";"155 705 059";"A01";"1";"33";"0";"2";"1";"2";"1";""
"202400043559";"155 705 061";"B01";"1";"7";"0";"2";"4";"23";"1";""
"202400043560";"155 705 057";"A01";"3";"50";"0";"1";"1";"1";"3";""
"202400043561";"155 705 054";"A01";"0";"7";"0";"1";"1";"16";"1";""
"202400043562";"155 705 053";"B01";"3";"7";"0";"2";"1";"1";"1";""
"202400043562";"155 705 056";"C01";"3";"7";"14";"0";"1";"1";"1";""
"202400043562";"155 705 058";"A01";"3";"7";"0";"2";"1";"13";"1";""
"202400043563";"155 705 052";"A01";"3";"7";"0";"2";"3";"13";"1";""
"202400043563";"155 705 055";"B01";"3";"33";"0";"2";"1";"1";"1";""
"202400043564";"155 705 051";"A01";"1";"7";"0";"1";"5";"1";"1";""
"202400043565";"155 705 047";"A01";"3";"7";"0";"9";"1";"1";"1";""
"202400043566";"155 705 045";"A01";"2";"7";"0";"2";"8";"10";"2";""
"202400043566";"155 705 049";"B01";"2";"34";"0";"2";"3";"17";"0";""
"202400043567";"155 705 044";"A01";"2";"17";"0";"2";"1";"1";"1";""
"202400043567";"155 705 048";"C01";"2";"7";"0";"2";"4";"23";"1";""
"202400043567";"155 705 050";"B01";"2";"7";"0";"2";"4";"23";"1";""