"Num_Acc";"id_vehicule";"num_veh";"senc";"catv";"obs";"obsm";"choc";"manv";"motor";"occutc"
"202400043568";"155 705 041";"A01";"1";"7";"0";"9";"3";"26";"1";""
"202400043568";"155 705 043";"B01";"1";"30";"0";"2";"2";"26";"1";""
"202400043569";"155 705 042";"A01";"2";"7";"0";"0";"7";"19";"1";""
"202400043569";"155 705 046";"B01";"2";"7";"0";"2";"2";"1";"1";""
"202400043570";"155 705 037";"A01";"1";"7";"3";"0";"1";"0";"1";""
"202400043571";"155 705 036";"B01";"1";"2";"0";"2";"1";"1";"0";""
"202400043571";"155 705 040";"A01";"1";"7";"0";"2";"2";"15";"0";""
"202400043572";"155 705 038";"A01";"2";"33";"0";"2";"1";"13";"1";""
"202400043572";"155 705 039";"B01";"1";"7";"0";"2";"3";"15";"1";""
"202400043573";"155 705 035";"A01";"1";"7";"13";"0";"2";"1";"1";""
"202400043574";"155 705 034";"A01";"1";"1";"0";"0";"0";"26";"5";""
"202400043575";"155 705 030";"A01";"1";"10";"13";"0";"1";"1";"1";""
"202400043576";"155 705 029";"A01";"1";"7";"0";"2";"9";"12";"1";""
"202400043576";"155 705 033";"B01";"1";"7";"0";"2";"4";"1";"1";""
"202400043577";"155 705 028";"A01";"1";"7";"8";"0";"3";"0";"1";""
"202400043578";"155 705 027";"A01";"2";"30";"0";"2";"1";"1";"1";""
"202400043578";"155 705 031";"B01";"2";"7";"0";"2";"2";"15";"1";""
"202400043579";"155 705 026";"A01";"1";"7";"8";"0";"1";"0";"1";""
"202400043580";"155 705 024";"A01";"1";"7";"0";"5";"1";"14";"1";""
"202400043581";"155 705 021";"B01";"1";"32";"0";"2";"1";"13";"1";""
"202400043581";"155 705 025";"A01";"1";"7";"0";"0";"8";"15";"0";""
"202400043582";"155 705 018";"A01";"1";"7";"4";"0";"1";"0";"1";""
"202400043583";"155 705 017";"B01";"3";"50";"0";"2";"3";"2";"3";""
"202400043583";"155 705 020";"A01";"0";"10";"0";"2";"0";"20";"0";""
"202400043584";"155 705 014";"D01";"2";"17";"0";"0";"4";"1";"1";""
"202400043584";"155 705 015";"A01";"2";"7";"3";"0";"6";"13";"1";""
"202400043584";"155 705 019";"C01";"2";"7";"4";"0";"2";"1";"1";""
"202400043584";"155 705 022";"E01";"2";"10";"0";"2";"1";"1";"1";""
"202400043584";"155 705 023";"B01";"2";"17";"0";"2";"3";"1";"1";""
"202400043585";"155 705 013";"A01";"3";"7";"0";"2";"1";"1";"1";""
"202400043585";"155 705 016";"B01";"3";"7";"0";"2";"6";"1";"1";""
"202400043586";"155 705 011";"A01";"1";"7";"4";"0";"2";"1";"1";""
"202400043587";"155 705 010";"A01";"2";"7";"0";"2";"3";"11";"1";""
"202400043587";"155 705 012";"B01";"2";"32";"0";"2";"7";"3";"1";""
"202400043588";"155 705 009";"A01";"2";"7";"0";"1";"1";"0";"1";""
"202400043589";"155 705 005";"A01";"2";"7";"0";"2";"1";"19";"1";""
"202400043589";"155 705 007";"B01";"2";"43";"0";"2";"1";"1";"1";""
"202400043590";"155 705 002";"A01";"1";"32";"0";"2";"1";"1";"1";""
"202400043590";"155 705 006";"B01";"1";"7";"0";"2";"4";"1";"3";""
"202400043591";"155 705 001";"B01";"1";"7";"0";"0";"1";"2";"1";""
"202400043591";"155 705 008";"A01";"2";"7";"0";"2";"1";"5";"1";""
"202400043592";"155 705 000";"A01";"2";"33";"14";"0";"1";"1";"1";""
"202400043592";"155 705 004";"B01";"1";"7";"0";"2";"8";"1";"1";""
"202400043593";"155 704 997";"C01";"2";"7";"0";"2";"1";"1";"1";""
"202400043593";"155 704 999";"B01";"2";"7";"0";"2";"1";"1";"1";""
"202400043593";"155 705 003";"A01";"1";"16";"0";"2";"1";"13";"1";""
"202400043594";"155 704 992";"Z01";"1";"7";"0";"2";"0";"0";"1";""
"202400043594";"155 704 996";"A01";"1";"33";"0";"2";"1";"3";"1";""
"202400043595";"155 704 993";"B01";"1";"7";"0";"9";"2";"26";"1";""
"202400043595";"155 704 998";"A01";"1";"80";"0";"2";"2";"5";"2";""
"202400043596";"155 704 989";"A01";"1";"33";"0";"1";"1";"3";"1";""
"202400043597";"155 704 988";"A01";"2";"7";"4";"0";"1";"1";"1";""
"202400043597";"155 704 991";"B01";"2";"7";"0";"0";"4";"1";"1";""
"202400043597";"155 704 994";"C01";"2";"7";"0";"2";"5";"2";"1";""
"202400043597";"155 704 995";"D01";"2";"7";"0";"2";"1";"1";"1";""
"202400043598";"155 704 987";"A01";"2";"7";"0";"2";"2";"15";"1";""
"202400043598";"155 704 990";"B01";"1";"31";"0";"2";"1";"1";"1";""
"202400043599";"155 704 984";"B01";"1";"7";"0";"2";"8";"15";"1";""
"202400043599";"155 704 985";"A01";"1";"33";"0";"2";"1";"1";"1";""
"202400043600";"155 704 980";"A01";"1";"7";"0";"2";"4";"23";"0";""
"202400043600";"155 704 983";"B01";"1";"7";"0";"2";"4";"0";"1";""
"202400043600";"155 704 986";"C01";"1";"7";"0";"2";"1";"1";"1";""
"202400043601";"155 704 978";"A01";"0";"7";"0";"2";"1";"13";"1";""
"202400043601";"155 704 981";"B01";"0";"7";"0";"2";"3";"1";"1";""
"202400043602";"155 704 979";"A01";"2";"7";"0";"1";"3";"26";"1";""
"202400043603";"155 704 977";"B01";"2";"10";"0";"2";"6";"1";"0";""
"202400043603";"155 704 982";"A01";"1";"7";"0";" -1";"1";"19";"1";""
"202400043604";"155 704 972";"A01";"2";"10";"0";"1";"2";"1";"1";""
"202400043605";"155 704 975";"A01";"3";"50";"0";"2";"6";"1";"3";""
"202400043605";"155 704 976";"B01";"3";"7";"0";"9";"1";"2";"0";""
"202400043606";"155 704 970";"A01";"2";"7";"0";"0";"3";"15";"1";""
"202400043606";"155 704 973";"B01";"2";"33";"0";"2";"1";"3";"1";""
"202400043607";"155 704 969";"A01";"1";"7";"0";"1";"8";"1";"2";""
"202400043608";"155 704 967";"A01";"0";"10";"15";"0";"1";"14";"1";""
"202400043609";"155 704 963";"A01";"1";"7";"0";"2";"1";"13";"1";""
"202400043609";"155 704 966";"B01";"2";"7";"0";"2";"1";"1";"1";""
"202400043610";"155 704 965";"A01";"1";"10";"0";"2";"1";"2";"1";""
"202400043610";"155 704 968";"B01";"1";"10";"0";"2";"5";"2";"1";""
"202400043610";"155 704 971";"C01";"1";"7";"0";"2";"4";"2";"1";""
"202400043610";"155 704 974";"D01";"1";"7";"0";"2";"4";"2";"2";""
"202400043611";"155 704 959";"A01";"2";"33";"0";"2";"1";"1";"1";""
"202400043611";"155 704 960";"B01";"1";"33";"0";"2";"3";"1";"1";""
"202400043612";"155 704 958";"A01";"1";"10";"0";"2";"3";"0";"0";""
"202400043612";"155 704 962";"B01";"2";"1";"1";"2";"2";"0";"5";""
"202400043613";"155 704 957";"A01";"1";"33";"0";"1";"1";"1";"1";""
"202400043614";"155 704 955";"A01";"1";"7";"0";"0";"4";"1";"1";""
"202400043615";"155 704 956";"C01";"3";"7";"0";"2";"5";"1";"1";""
"202400043615";"155 704 961";"A01";"3";"7";"0";"2";"2";"12";"1";""
"202400043615";"155 704 964";"B01";"3";"33";"0";"2";"3";"0";"1";""
"202400043616";"155 704 952";"A01";"1";"7";"0";"2";"3";"1";"1";""
"202400043616";"155 704 954";"B01";"2";"33";"0";"2";"1";"5";"1";""
"202400043617";"155 704 949";"A01";"2";"7";"0";"0";"9";"0";"1";""
"202400043618";"155 704 947";"A01";"3";"7";"0";"2";"1";"1";"2";""
"202400043618";"155 704 951";"B01";"3";"30";"0";"2";"2";"1";"1";""
"202400043619";"155 704 945";"C01";"1";"10";"1";"2";"4";"2";"1";""
"202400043619";"155 704 948";"D01";"1";"7";"1";"2";"1";"2";"1";""
"202400043619";"155 704 950";"A01";"1";"7";"1";"2";"4";"2";"1";""
"202400043619";"155 704 953";"B01";"1";"7";"1";"2";"4";"2";"1";""
"202400043620";"155 704 941";"A01";"2";"2";"0";"0";"0";"1";"1";""
"202400043621";"155 704 943";"B01";"3";"7";"0";"2";"1";"1";"1";""
"202400043621";"155 704 946";"A01";"0";"7";"0";"2";"4";"2";"1";""
"202400043622";"155 704 942";"A01";"3";"7";"8";"0";"2";"14";"2";""
"202400043623";"155 704 938";"A01";"2";"33";"0";"2";"2";"1";"1";""
"202400043623";"155 704 940";"B01";"2";"7";"0";"0";"6";"1";"1";""
"202400043623";"155 704 944";"C01";"1";"7";"0";"2";"1";"1";"1";""
"202400043624";"155 704 937";"A01";"2";"7";"0";"2";"1";"2";"1";""
"202400043624";"155 704 939";"B01";"2";"7";"0";"2";"4";"1";"1";""
"202400043625";"155 704 933";"A01";"1";"7";"0";"1";"4";"4";"1";""
"202400043626";"155 704 934";"A01";"2";"7";"0";"2";"2";"1";"1";""
"202400043626";"155 704 936";"B01";"2";"10";"0";"2";"8";"1";"1";""
"202400043627";"155 704 932";"A01";"1";"7";"2";"0";"1";"1";"1";""
"202400043628";"155 704 929";"A01";"1";"7";"0";"2";"1";"0";"1";""
"202400043628";"155 704 931";"B01";"1";"7";"0";"2";"4";"0";"1";""
"202400043628";"155 704 935";"C01";"1";"10";"4";"0";"1";"0";"1";""
"202400043629";"155 704 928";"A01";"1";"7";"0";"2";"2";"1";"1";""
"202400043629";"155 704 930";"B01";"1";"7";"6";"0";"3";"26";"1";""
"202400043630";"155 704 927";"A01";"1";"10";"8";"0";"1";"1";"0";""
"202400043631";"155 704 925";"A01";"1";"7";"2";"0";"1";"14";"1";""
"202400043632";"155 704 924";"A01";"2";"2";"0";"0";"8";"16";"1";""
"202400043632";"155 704 926";"B01";"2";"7";"0";"2";"3";"1";"1";""
"202400043633";"155 704 921";"B01";"1";"7";"0";"2";"7";"15";"1";""
"202400043633";"155 704 923";"A01";"1";"33";"0";"2";"1";"1";"1";""
"202400043634";"155 704 919";"A01";"1";"7";"0";"2";"7";"19";"2";""
"202400043634";"155 704 922";"B01";"1";"2";"0";"2";"1";"17";"1";""
"202400043635";"155 704 918";"A01";"1";"7";"0";"2";"1";"13";"1";""
"202400043635";"155 704 920";"B01";"2";"7";"0";"2";"3";"21";"1";""
"202400043636";"155 704 916";"A01";"2";"2";"0";"0";"0";"1";"6";""
"202400043637";"155 704 915";"A01";"2";"10";"0";"2";"2";"2";"1";""
"202400043637";"155 704 917";"B01";"2";"30";"3";"2";"4";"2";"1";""
"202400043638";"155 704 912";"A01";"2";"7";"0";"0";"9";"1";"1";""
"202400043639";"155 704 911";"A01";"1";"33";"0";"2";"1";"2";"1";""
"202400043639";"155 704 913";"B01";"1";"7";"0";"2";"4";"2";"1";""
"202400043640";"155 704 910";"A01";"1";"7";"2";"0";"8";"14";"1";""
"202400043641";"155 704 909";"B01";"1";"7";"0";"2";"3";"2";"1";""
"202400043641";"155 704 914";"A01";"1";"7";"0";"0";"7";"2";"1";""
"202400043642";"155 704 906";"A01";"1";"10";"0";"1";"0";"1";"1";""
"202400043643";"155 704 904";"A01";"1";"32";"0";"2";"1";"16";"1";""
"202400043643";"155 704 907";"B01";"0";"7";"0";"2";"3";"23";"1";""
"202400043644";"155 704 905";"A01";"1";"33";"0";"2";"1";"1";"1";""
"202400043644";"155 704 908";"B01";"2";"7";"0";"2";"7";"15";"1";""
"202400043645";"155 704 903";"A01";"1";"7";"13";"0";"7";"1";"1";""
"202400043646";"155 704 900";"A01";"1";"7";"0";"9";"8";"15";"1";""
"202400043646";"155 704 902";"B01";"2";"50";"0";"2";"1";"1";"3";""
"202400043647";"155 704 901";"A01";"3";"10";"0";"1";"1";"1";"1";""
"202400043648";"155 704 897";"A01";"1";"7";"6";"2";"1";"1";"1";""
"202400043648";"155 704 899";"B01";"2";"7";"0";"2";"1";"15";"1";""
"202400043649";"155 704 896";"A01";"2";"7";"0";"2";"1";"1";"1";""
"202400043649";"155 704 898";"B01";"2";"7";"0";"2";"4";"1";"1";""
"202400043650";"155 704 894";"A01";"2";"7";"0";"2";"3";"9";"1";""
"202400043650";"155 704 895";"B01";"1";"50";"0";"2";"2";"1";"3";""
"202400043651";"155 704 893";"A01";"1";"7";"0";"1";"1";"1";"1";""
"202400043652";"155 704 892";"A01";"1";"33";"16";"0";"0";"2";"1";""
"202400043653";"155 704 889";"A01";"2";"7";"0";"2";"7";"16";"1";""
"202400043653";"155 704 891";"B01";"2";"2";"0";"2";"1";"1";"1";""
"202400043654";"155 704 887";"A01";"0";"10";"0";"1";"2";"1";"3";""
"202400043655";"155 704 888";"A01";"1";"10";"0";"2";"2";"12";"1";""
"202400043655";"155 704 890";"B01";"1";"33";"0";"2";"8";"1";"1";""
"202400043656";"155 704 884";"B01";"3";"7";"1";"1";"1";"19";"1";""
"202400043657";"155 704 883";"A01";"1";"7";"0";"2";"2";"15";"1";""
"202400043657";"155 704 886";"B01";"2";"50";"0";"2";"1";"1";"3";""
"202400043658";"155 704 880";"A01";"2";"36";"0";"0";"9";"1";"1";""
"202400043659";"155 704 879";"A01";"3";"7";"0";"2";"5";"1";"1";""
"202400043659";"155 704 882";"B01";"3";"50";"0";"2";"5";"1";"3";""
"202400043660";"155 704 877";"B01";"2";"10";"0";"2";"3";"1";"1";""
"202400043660";"155 704 881";"A01";"1";"30";"0";"2";"1";"26";"1";""
"202400043661";"155 704 875";"B01";"1";"7";"0";"2";"3";"1";"3";""
"202400043661";"155 704 878";"A01";"2";"7";"0";"2";"2";"13";"1";""
"202400043662";"155 704 873";"A01";"1";"7";"0";"1";"1";"15";"1";""
"202400043663";"155 704 871";"A01";"2";"7";"4";"2";"0";"1";"1";""
"202400043663";"155 704 874";"B01";"2";"7";"1";"0";"1";"1";"1";""
"202400043663";"155 704 876";"C01";"2";"10";"4";"2";"0";"1";"1";""
"202400043664";"155 704 870";"A01";"2";"1";"0";"0";"0";"1";"5";""
"202400043665";"155 704 868";"A01";"0";"7";"0";"1";"3";"21";"2";""
"202400043666";"155 704 865";"B01";"2";"7";"0";"2";"2";"12";"1";""
"202400043666";"155 704 867";"A01";"2";"7";"0";"2";"6";"1";"1";""
"202400043667";"155 704 866";"A01";"2";"33";"0";"2";"8";"2";"1";""
"202400043667";"155 704 869";"C01";"2";"7";"0";"2";"4";"1";"1";""
"202400043667";"155 704 872";"B01";"2";"7";"0";"2";"7";"1";"1";""
"202400043668";"155 704 863";"A01";"1";"7";"0";"2";"1";"1";"1";""
"202400043668";"155 704 864";"B01";"2";"7";"6";"2";"3";"1";"1";""
"202400043669";"155 704 862";"A01";"1";"7";"0";"1";"3";"1";"1";""
"202400043670";"155 704 856";"A01";"1";"7";"0";"2";"4";"23";"1";""
"202400043670";"155 704 859";"B01";"1";"7";"0";"2";"1";"2";"1";""
"202400043670";"155 704 860";"C01";"1";"7";"0";"2";"1";"2";"1";""
"202400043671";"155 704 855";"B01";"2";"7";"0";"2";"1";"1";"1";""
"202400043671";"155 704 858";"C01";"1";"7";"0";"2";"1";"1";"1";""
"202400043671";"155 704 861";"A01";"1";"7";"0";"2";"5";"15";"1";""
"202400043672";"155 704 854";"A01";"3";"7";"0";"1";"6";"4";"1";""
"202400043673";"155 704 850";"B01";"2";"99";"0";"0";"4";"26";"0";""
"202400043673";"155 704 852";"A01";"2";"7";"0";"0";"4";"0";"0";""
"202400043674";"155 704 847";"A01";"2";"7";"0";"2";"1";"2";"1";""
"202400043674";"155 704 848";"B01";"2";"7";"0";"2";"4";"1";"1";""
"202400043674";"155 704 851";"C01";"2";"7";"0";"2";"4";"1";"1";""
"202400043674";"155 704 853";"D01";"2";"7";"0";"2";"4";"1";"1";""
"202400043675";"155 704 846";"B01";"1";"7";"0";"2";"8";"1";"1";""
"202400043675";"155 704 849";"A01";"2";"7";"0";"2";"1";"1";"1";""
"202400043676";"155 704 844";"A01";"1";"43";"0";"1";"1";"1";"1";""
"202400043677";"155 704 845";"A01";"3";"7";"0";"0";"1";"1";"1";""
"202400043678";"155 704 841";"A01";"2";"17";"0";"2";"1";"2";"1";""
"202400043678";"155 704 843";"B01";"2";"10";"0";"2";"4";"2";"1";""
"202400043679";"155 704 835";"B01";"1";"7";"9";"2";"4";"1";"2";""
"202400043679";"155 704 838";"A01";"1";"10";"14";"2";"1";"1";"1";""
"202400043680";"155 704 837";"A01";"2";"7";"0";"1";"2";"1";"1";""
"202400043681";"155 704 836";"B01";"2";"7";"0";"2";"2";"14";"1";""
"202400043681";"155 704 840";"A01";"2";"7";"0";"2";"6";"1";"1";""
"202400043682";"155 704 833";"A01";"2";"7";"4";"0";"8";"0";"1";""
"202400043683";"155 704 828";"A01";"1";"80";"0";"9";"1";"1";"3";""
"202400043683";"155 704 832";"B01";"1";"7";"0";"2";"7";"15";"3";""
"202400043684";"155 704 829";"A01";"1";"7";"0";"2";"1";"2";"1";""
"202400043684";"155 704 831";"B01";"1";"7";"0";"2";"4";"1";"1";""
"202400043685";"155 704 826";"A01";"1";"30";"0";"2";"1";"2";"1";""
"202400043685";"155 704 830";"B01";"1";"10";"0";"2";"4";"2";"1";""
"202400043686";"155 704 824";"A01";"2";"7";"0";"2";"1";"1";"1";""
"202400043686";"155 704 825";"B01";"2";"7";"0";"2";"4";"1";"1";""
"202400043686";"155 704 827";"C01";"2";"7";"0";"2";"1";"1";"1";""
"202400043687";"155 704 822";"B01";"0";"99";"0";"2";"1";"5";"3";""
"202400043687";"155 704 823";"A01";"0";"7";"0";"2";"1";"1";"1";""
"202400043688";"155 704 820";"A01";"3";"1";"0";"0";"3";"1";"5";""
"202400043689";"155 704 812";"A01";"1";"37";"0";"2";"1";"1";"1";"3"
"202400043689";"155 704 816";"B01";"3";"50";"0";"2";"7";"0";"3";""
"202400043690";"155 704 810";"B01";"3";"1";"0";"2";"3";"1";"5";""
"202400043690";"155 704 814";"Z01";"3";"1";"0";"2";"1";"5";"5";""
"202400043691";"155 704 807";"D01";"2";"7";"0";"2";"4";"23";"1";""
"202400043691";"155 704 809";"E01";"2";"7";"0";"2";"4";"23";"1";""
"202400043691";"155 704 813";"F01";"2";"7";"0";"2";"1";"2";"1";""
"202400043691";"155 704 815";"A01";"2";"10";"0";"2";"1";"2";"1";""
"202400043691";"155 704 818";"B01";"2";"7";"0";"2";"4";"23";"1";""
"202400043691";"155 704 819";"C01";"2";"7";"0";"2";"4";"23";"1";""
"202400043692";"155 704 804";"A01";"2";"1";"0";"2";"3";"19";"5";""
"202400043692";"155 704 806";"B01";"1";"7";"0";"2";"2";"1";"2";""
"202400043693";"155 704 803";"A01";"1";"30";"0";"0";"8";"15";"1";""
"202400043694";"155 704 802";"F01";"2";"7";"0";"2";"4";"1";"1";""
"202400043694";"155 704 805";"D01";"2";"7";"0";"2";"4";"1";"1";""
"202400043694";"155 704 808";"A01";"2";"7";"0";"2";"1";"1";"1";""
"202400043694";"155 704 811";"B01";"2";"7";"0";"2";"9";"1";"1";""
"202400043694";"155 704 817";"C01";"2";"7";"0";"2";"9";"1";"1";""
"202400043694";"155 704 821";"E01";"2";"7";"0";"2";"4";"1";"2";""
"202400043695";"155 704 800";"A01";"1";"34";"0";"2";"1";"3";"1";""
"202400043695";"155 704 801";"B01";"1";"10";"0";"2";"4";"3";"1";""
"202400043696";"155 704 795";"B01";"3";"7";"0";"2";"3";"15";"1";""
"202400043696";"155 704 798";"A01";"3";"31";"0";"2";"3";"1";"1";""
"202400043697";"155 704 793";"A01";"2";"33";"0";"2";"1";"1";"1";""
"202400043697";"155 704 796";"B01";"2";"7";"0";"2";"4";"1";"1";""
"202400043698";"155 704 794";"B01";"2";"7";"0";"2";"5";"15";"1";""
"202400043698";"155 704 797";"C01";"2";"7";"0";"2";"3";"1";"2";""
"202400043698";"155 704 799";"A01";"1";"33";"0";"2";"1";"17";"1";""
"202400043699";"155 704 792";"A01";"2";"7";"4";"0";"1";"1";"1";""
"202400043700";"155 704 790";"A01";"1";"7";"1";"0";"2";"0";"1";""
"202400043701";"155 704 789";"A01";"2";"33";"4";"2";"1";"0";"1";""
"202400043701";"155 704 791";"B01";"2";"7";"4";"2";"4";"0";"1";""
"202400043702";"155 704 786";"A01";"1";"7";"6";"0";"1";"19";"1";""
"202400043703";"155 704 784";"B01";"1";"7";"0";"2";"4";"1";"1";""
"202400043703";"155 704 787";"A01";"1";"7";"0";"2";"4";"1";"1";""
"202400043703";"155 704 788";"C01";"1";"7";"0";"2";"1";"1";"1";""
"202400043704";"155 704 782";"B01";"1";"7";"0";"2";"4";"2";"1";""
"202400043704";"155 704 783";"A01";"1";"7";"0";"2";"1";"2";"1";""
"202400043705";"155 704 781";"B01";"3";"7";"0";"2";"1";"1";"1";""
"202400043705";"155 704 785";"A01";"3";"10";"0";"2";"5";"19";"1";""
"202400043706";"155 704 776";"B01";"2";"7";"0";"2";"4";"2";"3";""
"202400043706";"155 704 779";"A01";"2";"33";"0";"2";"1";"3";"1";""
"202400043707";"155 704 778";"A01";"2";"7";"0";"2";"1";"1";"1";""
"202400043707";"155 704 780";"B01";"2";"7";"0";"2";"4";"1";"1";""
"202400043708";"155 704 775";"B01";"1";"7";"0";"2";"5";"23";"1";""
"202400043708";"155 704 777";"A01";"1";"7";"0";"2";"1";"1";"1";""
"202400043709";"155 704 772";"A01";"3";"7";"0";"2";"3";"16";"1";""
"202400043709";"155 704 774";"B01";"3";"33";"0";"2";"2";"1";"1";""
"202400043710";"155 704 770";"A01";"2";"7";"0";"2";"8";"1";"1";""
"202400043710";"155 704 773";"B01";"2";"15";"0";"2";"7";"12";"1";""
"202400043711";"155 704 768";"B01";"1";"7";"0";"2";"3";"1";"1";""
"202400043711";"155 704 771";"A01";"1";"7";"1";"2";"1";"19";"1";""
"202400043712";"155 704 767";"A01";"2";"10";"0";"2";"7";"1";"1";""
"202400043712";"155 704 769";"B01";"2";"7";"0";"2";"8";"13";"2";""
"202400043713";"155 704 764";"B01";"1";"17";"0";"2";"7";"1";"0";""
"202400043713";"155 704 766";"A01";"1";"10";"4";"2";"2";"9";"1";""
"202400043714";"155 704 763";"A01";"2";"7";"0";"2";"1";"0";"1";""
"202400043714";"155 704 765";"B01";"1";"7";"0";"2";"1";"0";"1";""
"202400043715";"155 704 762";"A01";"1";"7";"15";"0";"1";"21";"2";""
"202400043716";"155 704 760";"B01";"2";"33";"0";"2";"8";"3";"1";""
"202400043716";"155 704 761";"A01";"2";"10";"0";"2";"2";"12";"1";""
"202400043717";"155 704 757";"A01";"1";"10";"0";"2";"1";"13";"1";""
"202400043717";"155 704 759";"B01";"2";"10";"0";"2";"1";"1";"1";""
"202400043718";"155 704 756";"A01";"2";"7";"0";"1";"3";"1";"2";""
"202400043719";"155 704 755";"B01";"1";"2";"0";"2";"1";"17";"1";""
"202400043719";"155 704 758";"A01";"1";"10";"0";"2";"8";"15";"1";""
"202400043720";"155 704 750";"B01";"0";"7";"0";"2";"1";"0";"1";""
"202400043720";"155 704 753";"A01";"0";"1";"0";"2";"1";"26";"5";""
"202400043721";"155 704 751";"A01";"1";"30";"0";"2";"4";"15";"0";""
"202400043721";"155 704 754";"B01";"1";"31";"0";"2";"1";"2";"1";""
"202400043722";"155 704 752";"Z01";"1";"50";"0";"1";"1";"1";"3";""
"202400043723";"155 704 747";"A01";"1";"7";"0";"2";"3";"19";"1";""
"202400043723";"155 704 749";"B01";"2";"7";"0";"2";"2";"1";"1";""
"202400043724";"155 704 744";"A01";"1";"10";"0";"1";"4";"4";"1";""
"202400043725";"155 704 745";"A01";"3";"7";"0";"2";"1";"1";"1";""
"202400043725";"155 704 748";"B01";"3";"1";"0";"2";"8";"19";"5";""
"202400043726";"155 704 743";"A01";"1";"7";"0";"2";"7";"15";"1";""
"202400043726";"155 704 746";"B01";"2";"33";"0";"2";"1";"1";"1";""
"202400043727";"155 704 740";"A01";"2";"40";"0";"1";"3";"1";"3";""
"202400043728";"155 704 739";"B01";"1";"50";"0";"2";"1";"1";"3";""
"202400043728";"155 704 742";"A01";"1";"7";"0";"2";"5";"1";"1";""
"202400043729";"155 704 737";"B01";"2";"50";"1";"0";"1";"0";"3";""
"202400043730";"155 704 736";"A01";"3";"10";"0";"2";"7";"15";"1";""
"202400043730";"155 704 741";"B01";"3";"10";"0";"2";"1";"1";"1";""
"202400043731";"155 704 734";"A01";"3";"7";"0";"2";"1";"1";"1";""
"202400043731";"155 704 738";"B01";"3";"7";"0";"2";"3";"9";"1";""
"202400043732";"155 704 732";"A01";"1";"7";"0";"9";"0";"0";"0";""
"202400043732";"155 704 735";"B01";"1";"1";"0";"2";"1";"2";"5";""
"202400043733";"155 704 731";"B01";"1";"43";"0";"2";"1";"1";"1";""
"202400043733";"155 704 733";"A01";"1";"7";"0";"2";"2";"1";"2";""
"202400043734";"155 704 727";"A01";"1";"50";"0";"1";"1";"25";"3";""
"202400043735";"155 704 726";"A01";"1";"7";"0";"1";"3";"1";"1";""
"202400043736";"155 704 728";"A01";"3";"7";"0";"2";"2";"15";"0";""
"202400043736";"155 704 729";"B01";"2";"33";"0";"2";"1";"0";"0";""
"202400043737";"155 704 725";"A01";"1";"7";"1";"0";"1";"0";"1";""
"202400043738";"155 704 722";"A01";"1";"7";"1";"1";"1";"16";"1";""
"202400043739";"155 704 720";"A01";"1";"2";"0";"2";"2";"5";"1";""
"202400043739";"155 704 723";"B01";"1";"10";"0";"2";"7";"9";"1";""
"202400043740";"155 704 719";"A01";"3";"7";"0";"2";"3";"1";"1";""
"202400043740";"155 704 721";"B01";"3";"7";"0";"2";"1";"15";"1";""
"202400043741";"155 704 718";"B01";"3";"31";"0";"2";"5";"1";"1";""
"202400043741";"155 704 724";"A01";"3";"32";"0";"2";"0";"0";"1";""
"202400043742";"155 704 717";"A01";"2";"7";"0";"1";"8";"23";"2";""
"202400043743";"155 704 716";"A01";"0";"50";"5";"0";"1";"1";"3";""
"202400043744";"155 704 713";"A01";"2";"7";"0";"2";"3";"16";"1";""
"202400043744";"155 704 715";"B01";"1";"1";"0";"2";"3";"19";"5";""
"202400043745";"155 704 712";"A01";"3";"13";"0";"2";"3";"13";"1";""
"202400043745";"155 704 714";"B01";"3";"10";"0";"2";"2";"1";"1";""
"202400043746";"155 704 710";"A01";"2";"7";"0";"1";"3";"15";"2";""
"202400043747";"155 704 711";"A01";"2";"50";"0";"0";"0";"1";"3";""
"202400043748";"155 704 706";"A01";"1";"7";"0";"1";"1";"16";"1";""
"202400043749";"155 704 707";"B01";"2";"7";"0";"2";"4";"15";"1";""
"202400043749";"155 704 708";"A01";"2";"30";"0";"2";"1";"1";"1";""
"202400043750";"155 704 705";"A01";"1";"7";"0";"1";"7";"1";"1";""
"202400043751";"155 704 704";"A01";"2";"50";"0";"2";"1";"26";"3";""
"202400043751";"155 704 709";"B01";"2";"7";"0";"2";"3";"1";"0";""
"202400043752";"155 704 701";"B01";"3";"10";"0";"2";"1";"16";"0";""
"202400043752";"155 704 703";"A01";"3";"30";"0";"2";"1";"5";"1";""
"202400043753";"155 704 700";"A01";"2";"7";"0";"1";"2";"15";"1";""
"202400043754";"155 704 698";"B01";"3";"7";"0";"2";"2";"1";"1";""
"202400043754";"155 704 702";"A01";"3";"7";"0";"2";"7";"1";"1";""
"202400043755";"155 704 699";"A01";"2";"34";"0";"1";"1";"1";"1";""
"202400043756";"155 704 697";"A01";"0";"7";"0";"1";"4";"0";"0";""
"202400043757";"155 704 695";"A01";"2";"7";"0";"1";"0";"26";"1";""
"202400043758";"155 704 694";"B01";"3";"1";"0";"2";"7";"13";"5";""
"202400043758";"155 704 696";"A01";"3";"7";"0";"2";"3";"17";"1";""
"202400043759";"155 704 692";"A01";"3";"10";"0";"2";"3";"9";"1";""
"202400043759";"155 704 693";"B01";"3";"80";"0";"2";"7";"1";"3";""
"202400043760";"155 704 689";"B01";"0";"7";"0";"0";"1";"1";"1";""