"Num_Acc";"id_vehicule";"num_veh";"senc";"catv";"obs";"obsm";"choc";"manv";"motor";"occutc"
"202400043760";"155 704 691";"A01";"0";"7";"1";"2";"1";"13";"1";""
"202400043761";"155 704 687";"A01";"3";"7";"0";"1";"1";"1";"3";""
"202400043762";"155 704 688";"A01";"2";"7";"0";"1";"3";"1";"2";""
"202400043763";"155 704 686";"A01";"2";"7";"0";"2";"1";"0";"1";""
"202400043763";"155 704 690";"B01";"2";"7";"0";"2";"4";"26";"1";""
"202400043764";"155 704 683";"A01";"2";"10";"0";"1";"7";"16";"0";""
"202400043765";"155 704 684";"A01";"1";"7";"0";"1";"1";"1";"1";""
"202400043766";"155 704 682";"A01";"0";"7";"0";"2";"8";"26";"1";""
"202400043766";"155 704 685";"B01";"3";"7";"0";"2";"2";"1";"1";""
"202400043767";"155 704 681";"A01";"2";"7";"0";"0";"2";"1";"1";""
"202400043768";"155 704 680";"A01";"1";"7";"9";"0";"1";"21";"1";""
"202400043769";"155 704 679";"A01";"1";"1";"0";"9";"0";"1";"5";""
"202400043770";"155 704 677";"A01";"2";"7";"0";"1";"1";"15";"1";""
"202400043771";"155 704 676";"A01";"1";"7";"0";"4";"1";"15";"1";""
"202400043771";"155 704 678";"B01";"1";"40";"0";"2";"7";"1";"3";""
"202400043772";"155 704 674";"A01";"2";"1";"0";"2";"5";"26";"5";""
"202400043773";"155 704 671";"B01";"3";"1";"0";"2";"7";"0";"5";""
"202400043773";"155 704 673";"A01";"3";"7";"0";"9";"1";"0";"1";""
"202400043774";"155 704 670";"A01";"2";"7";"0";"2";"2";"1";"1";""
"202400043774";"155 704 675";"B01";"2";"7";"0";"2";"3";"15";"1";""
"202400043775";"155 704 668";"A01";"0";"32";"0";"2";"3";"1";"1";""
"202400043775";"155 704 669";"B01";"0";"7";"0";"2";"3";"15";"1";""
"202400043776";"155 704 665";"A01";"1";"33";"0";"0";"0";"0";"1";""
"202400043776";"155 704 667";"B01";"1";"10";"0";"0";"3";"15";"1";""
"202400043777";"155 704 666";"B01";"1";"7";"0";"2";"1";"1";"1";""
"202400043777";"155 704 672";"A01";"2";"7";"0";"2";"1";"21";"1";""
"202400043778";"155 704 663";"A01";"3";"7";"0";"1";"0";"26";"1";""
"202400043779";"155 704 662";"A01";"1";"60";"0";"2";"1";"9";"5";""
"202400043779";"155 704 664";"Y01";"1";"60";"0";"2";"4";"1";"5";""
"202400043780";"155 704 659";"A01";"2";"10";"0";"2";"8";"15";"1";""
"202400043780";"155 704 661";"B01";"2";"33";"0";"2";"2";"3";"1";""
"202400043781";"155 704 655";"B01";"3";"1";"0";"2";"2";"5";"5";""
"202400043781";"155 704 658";"A01";"3";"7";"0";"9";"3";"26";"1";""
"202400043782";"155 704 656";"B01";"1";"7";"0";"2";"1";"1";"1";""
"202400043782";"155 704 660";"A01";"1";"7";"0";"2";"4";"23";"2";""
"202400043783";"155 704 654";"A01";"3";"3";"0";"2";"1";"1";"1";""
"202400043783";"155 704 657";"B01";"2";"7";"0";"2";"8";"2";"1";""
"202400043784";"155 704 653";"A01";"2";"7";"0";"1";"2";"1";"1";""
"202400043785";"155 704 652";"A01";"2";"7";"0";"1";"7";"25";"1";""
"202400043786";"155 704 649";"A01";"2";"7";"0";"2";"2";"2";"1";""
"202400043786";"155 704 651";"B01";"2";"7";"0";"2";"6";"1";"1";""
"202400043787";"155 704 648";"A01";"1";"7";"0";"1";"2";"1";"1";""
"202400043788";"155 704 647";"B01";"3";"37";"0";"1";"1";"2";"1";"1"
"202400043789";"155 704 646";"A01";"1";"32";"0";"2";"1";"5";"1";""
"202400043789";"155 704 650";"B01";"2";"7";"0";"2";"1";"26";"1";""
"202400043790";"155 704 645";"A01";"2";"7";"0";"1";"1";"1";"1";""
"202400043791";"155 704 643";"A01";"1";"7";"4";"0";"1";"14";"1";""
"202400043792";"155 704 641";"A01";"0";"10";"0";"9";"3";"26";"1";""
"202400043792";"155 704 644";"B01";"0";"1";"0";"2";"1";"1";"5";""
"202400043793";"155 704 640";"B01";"2";"15";"0";"2";"1";"2";"1";""
"202400043793";"155 704 642";"A01";"2";"7";"0";"2";"4";"2";"1";""
"202400043794";"155 704 639";"A01";"1";"10";"0";"1";"1";"1";"1";""
"202400043795";"155 704 636";"A01";"1";"7";"0";"1";"1";"1";"1";""
"202400043796";"155 704 633";"A01";"2";"7";"0";"2";"2";"12";"2";""
"202400043796";"155 704 637";"B01";"2";"7";"0";"2";"6";"1";"1";""
"202400043796";"155 704 638";"C01";"2";"7";"0";"2";"4";"1";"1";""
"202400043797";"155 704 631";"A01";"1";"7";"13";"0";"0";"13";"1";""
"202400043798";"155 704 632";"A01";"3";"10";"0";"2";"5";"15";"1";""
"202400043798";"155 704 635";"B01";"3";"33";"0";"2";"1";"1";"1";""
"202400043799";"155 704 630";"B01";"2";"30";"0";"0";"1";"2";"1";""
"202400043799";"155 704 634";"A01";"2";"7";"0";"0";"0";"15";"1";""
"202400043800";"155 704 627";"A01";"1";"80";"0";"0";"0";"1";"3";""
"202400043801";"155 704 626";"A01";"3";"7";"0";"1";"3";"1";"1";""
"202400043802";"155 704 625";"B01";"1";"7";"0";"2";"4";"2";"3";""
"202400043802";"155 704 628";"C01";"1";"7";"0";"2";"4";"2";"1";""
"202400043802";"155 704 629";"A01";"1";"10";"0";"2";"1";"2";"1";""
"202400043803";"155 704 623";"A01";"2";"7";"0";"2";"1";"2";"1";""
"202400043803";"155 704 624";"B01";"2";"7";"0";"2";"5";"23";"1";""
"202400043804";"155 704 620";"A01";"1";"7";"0";"2";"1";"2";"1";""
"202400043804";"155 704 622";"B01";"1";"7";"0";"2";"4";"2";"1";""
"202400043805";"155 704 617";"A01";"2";"7";"13";"0";"5";"13";"1";""
"202400043806";"155 704 615";"Z01";"1";"7";"0";"2";"1";"19";"1";""
"202400043806";"155 704 619";"B01";"1";"31";"0";"2";"7";"1";"1";""
"202400043807";"155 704 616";"B01";"1";"10";"0";"2";"4";"2";"1";""
"202400043807";"155 704 618";"C01";"1";"7";"0";"2";"4";"2";"1";""
"202400043807";"155 704 621";"A01";"1";"7";"0";"2";"1";"2";"1";""
"202400043808";"155 704 612";"A01";"1";"7";"0";"2";"1";"2";"1";""
"202400043808";"155 704 613";"B01";"1";"7";"0";"2";"4";"2";"1";""
"202400043808";"155 704 614";"C01";"1";"7";"0";"2";"4";"2";"3";""
"202400043809";"155 704 609";"A01";"0";"7";"3";"0";"1";"0";"1";""
"202400043810";"155 704 607";"B01";"1";"7";"0";"2";"4";"2";"1";""
"202400043810";"155 704 610";"A01";"1";"43";"0";"2";"1";"2";"1";""
"202400043811";"155 704 608";"A01";"2";"50";"0";"2";"1";"1";"3";""
"202400043811";"155 704 611";"B01";"2";"7";"0";"0";"7";"16";"1";""
"202400043812";"155 704 606";"A01";"3";"7";"9";"0";"3";"1";"1";""
"202400043813";"155 704 604";"A01";"0";"7";"4";"0";"2";"17";"0";""
"202400043813";"155 704 605";"B01";"0";"7";"4";"0";"6";"1";"1";""
"202400043814";"155 704 599";"A01";"3";"7";"13";"0";"2";"1";"2";""
"202400043815";"155 704 597";"A01";"1";"7";"0";"2";"2";"15";"1";""
"202400043815";"155 704 600";"B01";"2";"32";"0";"2";"1";"1";"1";""
"202400043816";"155 704 598";"B01";"2";"31";"0";"2";"1";"17";"1";""
"202400043816";"155 704 602";"A01";"2";"7";"0";"2";"3";"15";"2";""
"202400043817";"155 704 596";"B01";"1";"7";"0";"2";"7";"1";"3";""
"202400043817";"155 704 601";"C01";"1";"33";"0";"2";"8";"1";"1";""
"202400043817";"155 704 603";"A01";"1";"33";"0";"2";"7";"12";"1";""
"202400043818";"155 704 593";"B01";"3";"7";"0";"0";"8";"1";"1";""
"202400043818";"155 704 595";"A01";"3";"10";"0";"2";"2";"9";"1";""
"202400043819";"155 704 589";"A01";"3";"50";"0";"2";"1";"26";"3";""
"202400043819";"155 704 594";"B01";"2";"7";"0";"2";"1";"1";"1";""
"202400043820";"155 704 590";"B01";"1";"7";"0";"2";"5";"2";"1";""
"202400043820";"155 704 592";"A01";"1";"31";"0";"2";"1";"2";"1";""
"202400043821";"155 704 588";"A01";"3";"50";"16";"0";"1";"1";"3";""
"202400043822";"155 704 587";"A01";"0";"10";"0";"1";"1";"16";"3";""
"202400043823";"155 704 585";"B01";"2";"80";"0";"2";"3";"11";"3";""
"202400043823";"155 704 591";"A01";"2";"7";"0";"9";"2";"2";"1";""
"202400043824";"155 704 583";"B01";"1";"1";"0";"2";"6";"19";"5";""
"202400043824";"155 704 586";"A01";"2";"7";"0";"2";"2";"1";"2";""
"202400043825";"155 704 584";"A01";"1";"7";"0";"1";"2";"16";"2";""
"202400043826";"155 704 580";"A01";"1";"7";"2";"0";"8";"1";"1";""
"202400043827";"155 704 578";"A01";"2";"7";"0";"1";"3";"1";"1";""
"202400043828";"155 704 577";"B01";"2";"32";"0";"2";"1";"0";"1";""
"202400043828";"155 704 579";"A01";"2";"14";"0";"2";"6";"0";"1";""
"202400043829";"155 704 576";"A01";"0";"7";"0";"0";"0";"1";"1";""
"202400043830";"155 704 573";"B01";"2";"7";"3";"2";"8";"1";"2";""
"202400043830";"155 704 575";"A01";"2";"7";"0";"2";"3";"16";"1";""
"202400043831";"155 704 571";"A01";"1";"1";"0";"0";"1";"1";"5";""
"202400043832";"155 704 574";"A01";"1";"33";"12";"0";"0";"13";"1";""
"202400043833";"155 704 570";"B01";"3";"7";"0";"2";"3";"15";"1";""
"202400043833";"155 704 572";"A01";"2";"7";"0";"2";"3";"1";"3";""
"202400043834";"155 704 569";"A01";"1";"7";"0";"1";"2";"1";"1";""
"202400043835";"155 704 566";"A01";"1";"7";"0";"1";"8";"21";"1";""
"202400043836";"155 704 567";"Z01";"2";"30";"0";"1";"1";"1";"3";""
"202400043837";"155 704 565";"B01";"2";"7";"0";"2";"3";"1";"1";""
"202400043837";"155 704 568";"A01";"1";"7";"0";"2";"3";"13";"1";""
"202400043838";"155 704 563";"B01";"1";"7";"0";"2";"7";"1";"1";""
"202400043838";"155 704 564";"A01";"1";"7";"0";"2";"8";"12";"1";""
"202400043839";"155 704 562";"A01";"3";"33";"4";"0";"3";"0";"0";""
"202400043840";"155 704 560";"A01";"0";"40";"0";"1";"1";"1";"3";""
"202400043841";"155 704 559";"B01";"3";"32";"0";"2";"7";"2";"1";""
"202400043841";"155 704 561";"A01";"3";"7";"0";"2";"8";"11";"1";""
"202400043842";"155 704 556";"A01";"1";"2";"0";"2";"6";"2";"1";""
"202400043842";"155 704 558";"B01";"1";"7";"0";"2";"5";"2";"1";""
"202400043843";"155 704 554";"A01";"2";"7";"8";"0";"3";"15";"1";""
"202400043843";"155 704 557";"B01";"2";"7";"0";"2";"1";"17";"1";""
"202400043844";"155 704 551";"B01";"1";"7";"0";"2";"3";"23";"2";""
"202400043844";"155 704 553";"A01";"1";"1";"0";"2";"2";"13";"5";""
"202400043845";"155 704 550";"B01";"3";"7";"0";"2";"4";"23";"1";""
"202400043845";"155 704 555";"A01";"3";"7";"0";"2";"1";"2";"1";""
"202400043846";"155 704 549";"A01";"3";"10";"0";"2";"3";"13";"1";""
"202400043846";"155 704 552";"B01";"3";"7";"0";"2";"3";"1";"1";""
"202400043847";"155 704 545";"B01";"1";"7";"0";"2";"1";"1";"1";""
"202400043847";"155 704 547";"A01";"2";"10";"0";"2";"1";"1";"1";""
"202400043847";"155 704 548";"C01";"1";"7";"0";"2";"1";"1";"1";""
"202400043848";"155 704 544";"A01";"1";"7";"0";"1";"2";"1";"1";""
"202400043849";"155 704 542";"B01";"2";"7";"0";"2";"1";"1";"1";""
"202400043849";"155 704 546";"A01";"1";"1";"0";"2";"1";"5";"5";""
"202400043850";"155 704 543";"A01";"2";"7";"14";"0";"1";"13";"1";""
"202400043851";"155 704 539";"A01";"1";"7";"0";"0";"2";"16";"1";""
"202400043851";"155 704 541";"B01";"1";"2";"0";"2";"1";"1";"1";""
"202400043852";"155 704 536";"A01";"3";"1";"0";"2";"7";"19";"5";""
"202400043852";"155 704 540";"B01";"3";"7";"0";"2";"3";"1";"1";""
"202400043853";"155 704 535";"A01";"2";"50";"0";"2";"1";"5";"3";""
"202400043853";"155 704 538";"B01";"1";"7";"0";"2";"3";"1";"1";""
"202400043854";"155 704 534";"A01";"1";"33";"0";"2";"1";"1";"1";""
"202400043854";"155 704 537";"B01";"1";"32";"0";"2";"8";"1";"1";""
"202400043855";"155 704 533";"Z01";"1";"0";"0";"1";"0";"1";"0";""
"202400043856";"155 704 530";"A01";"3";"32";"0";"2";"1";"1";"1";""
"202400043856";"155 704 532";"B01";"3";"10";"0";"0";"6";"23";"1";""
"202400043857";"155 704 531";"A01";"2";"33";"0";"0";"0";"1";"1";""
"202400043858";"155 704 529";"A01";"1";"7";"0";"1";"1";"15";"1";""
"202400043859";"155 704 525";"A01";"1";"36";"0";"2";"0";"16";"1";""
"202400043860";"155 704 524";"A01";"1";"7";"0";"2";"1";"7";"1";""
"202400043860";"155 704 527";"B01";"1";"37";"0";"2";"4";"7";"3";"3"
"202400043861";"155 704 526";"B01";"1";"33";"0";"2";"1";"17";"1";""
"202400043861";"155 704 528";"A01";"1";"7";"0";"2";"3";"13";"2";""
"202400043862";"155 704 522";"A01";"2";"1";"0";"0";"0";"1";"5";""
"202400043863";"155 704 521";"A01";"2";"7";"0";"2";"7";"16";"1";""
"202400043864";"155 704 520";"A01";"1";"7";"0";"2";"1";"2";"1";""
"202400043864";"155 704 523";"B01";"1";"7";"0";"2";"4";"1";"1";""
"202400043865";"155 704 519";"A01";"3";"7";"0";"1";"1";"1";"1";""
"202400043866";"155 704 517";"A01";"1";"7";"1";"0";"7";"1";"0";""
"202400043867";"155 704 516";"B01";"2";"1";"1";"2";"1";"1";"5";""
"202400043867";"155 704 518";"A01";"2";"7";"0";"2";"8";"24";"1";""
"202400043868";"155 704 513";"A01";"3";"7";"0";"2";"1";"1";"1";""
"202400043868";"155 704 515";"B01";"3";"7";"0";"2";"4";"1";"1";""
"202400043869";"155 704 512";"B01";"2";"3";"0";"2";"1";"1";"1";""
"202400043869";"155 704 514";"A01";"1";"7";"0";"2";"7";"11";"2";""
"202400043870";"155 704 510";"A01";"2";"30";"0";"0";"1";"1";"1";""
"202400043870";"155 704 511";"B01";"3";"7";"0";"2";"3";"1";"2";""
"202400043871";"155 704 507";"A01";"2";"7";"0";"2";"1";"13";"1";""
"202400043871";"155 704 509";"B01";"1";"7";"0";"2";"1";"1";"1";""
"202400043872";"155 704 505";"B01";"3";"10";"0";"2";"4";"2";"1";""
"202400043872";"155 704 508";"A01";"3";"37";"0";"2";"2";"2";"0";"1"
"202400043873";"155 704 504";"A01";"1";"7";"0";"1";"1";"1";"1";""
"202400043874";"155 704 498";"A01";"1";"50";"0";"2";"8";"11";"3";""
"202400043874";"155 704 501";"B01";"1";"10";"0";"2";"7";"1";"1";""
"202400043875";"155 704 499";"B01";"2";"7";"0";"2";"4";"2";"1";""
"202400043875";"155 704 503";"A01";"2";"7";"0";"2";"1";"2";"1";""
"202400043876";"155 704 497";"C01";"1";"7";"0";"2";"4";"23";"1";""
"202400043876";"155 704 500";"A01";"1";"7";"0";"2";"1";"1";"1";""
"202400043876";"155 704 502";"B01";"1";"7";"0";"2";"4";"1";"0";""
"202400043876";"155 704 506";"D01";"1";"7";"0";"2";"0";"1";"1";""
"202400043877";"155 704 495";"A01";"3";"10";"0";"1";"2";"9";"3";""
"202400043878";"155 704 494";"B01";"1";"7";"0";"2";"3";"1";"1";""
"202400043878";"155 704 496";"A01";"3";"50";"0";"2";"8";"1";"3";""
"202400043879";"155 704 492";"A01";"1";"7";"0";"1";"1";"1";"1";""
"202400043880";"155 704 489";"C01";"1";"7";"0";"2";"5";"1";"1";""
"202400043880";"155 704 491";"B01";"1";"1";"0";"2";"1";"1";"5";""
"202400043880";"155 704 493";"A01";"1";"7";"0";"2";"8";"24";"2";""
"202400043881";"155 704 488";"B01";"2";"7";"0";"2";"3";"13";"1";""
"202400043881";"155 704 490";"A01";"1";"7";"0";"2";"3";"1";"1";""
"202400043882";"155 704 487";"A01";"3";"50";"0";"0";"0";"1";"3";""
"202400043883";"155 704 484";"A01";"1";"10";"0";"2";"1";"2";"1";""
"202400043883";"155 704 486";"B01";"1";"32";"0";"2";"4";"2";"1";""
"202400043884";"155 704 485";"A01";"3";"2";"0";"0";"3";"0";"1";""
"202400043885";"155 704 482";"A01";"3";"10";"0";"2";"1";"2";"1";""
"202400043885";"155 704 483";"B01";"3";"7";"0";"0";"0";"16";"0";""
"202400043886";"155 704 481";"A01";"2";"33";"0";"1";"5";"1";"1";""
"202400043887";"155 704 480";"A01";"3";"7";"0";"1";"2";"1";"1";""
"202400043888";"155 704 479";"A01";"3";"7";"0";"1";"6";"20";"3";""
"202400043889";"155 704 476";"B01";"3";"33";"0";"2";"0";"0";"0";""
"202400043889";"155 704 478";"A01";"1";"7";"0";"2";"4";"10";"1";""
"202400043890";"155 704 477";"A01";"1";"50";"0";"0";"1";"1";"3";""
"202400043891";"155 704 475";"A01";"2";"7";"1";"1";"3";"1";"1";""
"202400043892";"155 704 471";"A01";"1";"3";"0";"2";"7";"1";"1";""
"202400043893";"155 704 470";"B01";"0";"1";"0";"2";"1";"19";"5";""
"202400043893";"155 704 473";"A01";"1";"10";"0";"2";"2";"19";"1";""
"202400043894";"155 704 472";"B01";"1";"13";"0";"2";"4";"23";"1";""
"202400043894";"155 704 474";"A01";"1";"7";"0";"2";"1";"2";"1";""
"202400043895";"155 704 466";"A01";"2";"7";"0";"1";"2";"1";"1";""
"202400043896";"155 704 468";"X01";"1";"7";"0";"2";"3";"15";"1";""
"202400043896";"155 704 469";"A01";"1";"50";"0";"2";"1";"17";"3";""
"202400043897";"155 704 465";"B01";"1";"7";"0";"2";"4";"0";"0";""
"202400043897";"155 704 467";"A01";"1";"7";"0";"2";"1";"26";"0";""
"202400043898";"155 704 464";"A01";"1";"7";"0";"1";"7";"1";"1";""
"202400043899";"155 704 463";"A01";"1";"7";"0";"1";"1";"1";"0";""
"202400043900";"155 704 460";"B01";"3";"31";"0";"2";"1";"3";"1";""
"202400043900";"155 704 462";"A01";"1";"10";"0";"2";"6";"11";"1";""
"202400043901";"155 704 458";"A01";"3";"7";"0";"2";"1";"2";"1";""
"202400043901";"155 704 461";"B01";"3";"7";"0";"2";"4";"2";"1";""
"202400043902";"155 704 457";"B01";"1";"10";"0";"2";"1";"1";"1";""
"202400043902";"155 704 459";"A01";"2";"10";"0";"2";"8";"9";"1";""
"202400043903";"155 704 455";"B01";"2";"34";"0";"2";"6";"1";"1";""
"202400043903";"155 704 456";"A01";"2";"31";"0";"2";"2";"21";"1";""
"202400043904";"155 704 452";"A01";"2";"7";"0";"2";"8";"1";"1";""
"202400043904";"155 704 454";"B01";"2";"10";"0";"2";"1";"1";"1";""
"202400043905";"155 704 451";"B01";"1";"7";"0";"2";"4";"0";"1";""
"202400043905";"155 704 453";"A01";"3";"33";"0";"2";"4";"23";"1";""
"202400043906";"155 704 448";"B01";"3";"7";"0";"2";"3";"1";"1";""
"202400043906";"155 704 450";"A01";"3";"7";"0";"2";"0";"0";"2";""
"202400043907";"155 704 446";"B01";"3";"7";"0";"2";"3";"19";"1";""
"202400043907";"155 704 449";"A01";"3";"10";"0";"2";"2";"1";"1";""
"202400043908";"155 704 445";"A01";"0";"10";"0";"2";"1";"2";"1";""
"202400043908";"155 704 447";"B01";"0";"7";"0";"2";"4";"1";"1";""
"202400043909";"155 704 441";"A01";"2";"2";"0";"2";"1";"1";"1";""
"202400043909";"155 704 443";"B01";"1";"7";"0";"2";"8";"1";"1";""
"202400043910";"155 704 440";"A01";"1";"13";"0";"0";"1";"1";"1";""
"202400043911";"155 704 442";"B01";"2";"7";"0";"2";"1";"1";"1";""
"202400043911";"155 704 444";"A01";"2";"7";"0";"2";"4";"23";"1";""
"202400043912";"155 704 437";"A01";"1";"13";"0";"2";"8";"15";"1";""
"202400043912";"155 704 439";"B01";"1";"33";"0";"2";"1";"1";"1";""
"202400043913";"155 704 435";"B01";"1";"7";"0";"2";"2";"9";"1";""
"202400043913";"155 704 436";"A01";"2";"80";"0";"2";"1";"1";"3";""
"202400043914";"155 704 434";"A01";"2";"33";"0";"2";"1";"1";"1";""
"202400043914";"155 704 438";"B01";"2";"7";"0";"2";"3";"15";"3";""
"202400043915";"155 704 433";"A01";"2";"30";"0";"9";"1";"17";"1";""
"202400043916";"155 704 432";"A01";"2";"7";"1";"0";"1";"13";"1";""
"202400043917";"155 704 430";"A01";"2";"7";"2";"0";"1";"21";"1";""
"202400043918";"155 704 431";"A01";"1";"33";"0";"1";"1";"1";"1";""
"202400043919";"155 704 427";"B01";"2";"7";"0";"2";"2";"5";"1";""
"202400043919";"155 704 429";"A01";"1";"33";"0";"2";"2";"5";"1";""
"202400043920";"155 704 426";"A01";"1";"30";"0";"2";"1";"17";"1";""
"202400043920";"155 704 428";"B01";"2";"7";"0";"2";"3";"10";"1";""
"202400043921";"155 704 425";"A01";"1";"34";"0";"0";"0";"26";"0";""
"202400043922";"155 704 423";"A01";"1";"33";"0";"2";"1";"1";"1";""
"202400043922";"155 704 424";"B01";"1";"7";"0";"2";"7";"15";"1";""
"202400043923";"155 704 420";"A01";"0";"31";"0";"0";"0";"0";"0";""
"202400043923";"155 704 422";"B01";"0";"7";"0";"0";"0";"0";"0";""
"202400043924";"155 704 418";"A01";"1";"33";"0";"1";"1";"1";"1";""
"202400043925";"155 704 419";"B01";"1";"30";"0";"2";"2";"13";"1";""
"202400043925";"155 704 421";"A01";"1";"7";"0";"2";"3";"15";"2";""
"202400043926";"155 704 417";"A01";"2";"7";"0";"1";"2";"1";"1";""
"202400043927";"155 704 414";"B01";"2";"7";"0";"2";"4";"1";"1";""
"202400043927";"155 704 416";"A01";"2";"10";"0";"2";"1";"1";"1";""
"202400043928";"155 704 412";"B01";"2";"33";"0";"2";"7";"2";"0";""
"202400043928";"155 704 413";"A01";"2";"7";"0";"2";"1";"15";"0";""
"202400043929";"155 704 411";"A01";"2";"7";"0";"1";"2";"17";"1";""
"202400043930";"155 704 415";"A01";"0";"10";"8";"0";"2";"0";"1";""
"202400043931";"155 704 409";"B01";"3";"1";"0";"2";"3";"9";"5";""
"202400043931";"155 704 410";"A01";"2";"10";"0";"9";"3";"9";"1";""
"202400043932";"155 704 406";"A01";"3";"7";"0";"2";"1";"1";"1";""
"202400043932";"155 704 408";"B01";"3";"7";"0";"2";"1";"1";"2";""
"202400043933";"155 704 405";"A01";"1";"33";"3";"0";"2";"21";"1";""
"202400043934";"155 704 399";"A01";"1";"7";"0";"2";"1";"15";"1";""
"202400043934";"155 704 401";"B01";"2";"30";"0";"2";"8";"1";"1";""
"202400043935";"155 704 403";"A01";"1";"7";"0";"2";"1";"1";"1";""
"202400043935";"155 704 407";"B01";"1";"7";"8";"0";"4";"1";"1";""
"202400043936";"155 704 398";"A01";"2";"7";"0";"2";"1";"15";"1";""
"202400043936";"155 704 400";"B01";"1";"33";"0";"2";"1";"1";"1";""
"202400043937";"155 704 402";"A01";"0";"7";"0";"2";"3";"15";"1";""
"202400043937";"155 704 404";"B01";"0";"33";"0";"2";"1";"1";"1";""
"202400043938";"155 704 397";"A01";"3";"30";"5";"0";"1";"9";"1";""
"202400043939";"155 704 394";"A01";"2";"3";"0";"2";"1";"1";"1";""
"202400043939";"155 704 396";"B01";"2";"10";"0";"2";"4";"1";"1";""
"202400043940";"155 704 393";"A01";"1";"7";"13";"0";"2";"1";"1";""
"202400043941";"155 704 391";"B01";"2";"33";"8";"2";"1";"2";"1";""
"202400043941";"155 704 392";"A01";"3";"30";"0";"2";"4";"19";"1";""
"202400043942";"155 704 388";"B01";"1";"7";"0";"2";"4";"2";"1";""
"202400043942";"155 704 390";"A01";"1";"7";"0";"2";"1";"2";"1";""
"202400043943";"155 704 387";"A01";"0";"30";"0";"2";"2";"26";"1";""
"202400043943";"155 704 389";"B01";"3";"7";"0";"0";"2";"21";"1";""
"202400043944";"155 704 395";"A01";"3";"32";"12";"0";"1";"26";"1";""
"202400043945";"155 704 385";"B01";"2";"7";"0";"2";"4";"2";"2";""
"202400043945";"155 704 386";"A01";"2";"7";"0";"2";"1";"2";"1";""
"202400043946";"155 704 382";"A01";"1";"31";"0";"2";"1";"2";"1";""
"202400043946";"155 704 384";"B01";"1";"7";"0";"2";"4";"2";"2";""
"202400043947";"155 704 381";"B01";"1";"7";"0";"2";"3";"1";"1";""
"202400043947";"155 704 383";"A01";"1";"33";"0";"2";"3";"3";"1";""
"202400043948";"155 704 378";"A01";"2";"33";"0";"2";"1";"3";"1";""
"202400043948";"155 704 380";"B01";"2";"7";"0";"2";"4";"1";"1";""
"202400043949";"155 704 377";"A01";"0";"7";"0";"1";"1";"15";"1";""
"202400043950";"155 704 374";"A01";"3";"1";"0";"0";"0";"23";"5";""
"202400043951";"155 704 375";"A01";"1";"1";"0";"2";"8";"15";"5";""
"202400043951";"155 704 376";"B01";"1";"7";"0";"2";"7";"2";"2";""
"202400043952";"155 704 373";"A01";"2";"10";"0";"2";"4";"4";"3";""
"202400043952";"155 704 379";"B01";"1";"30";"0";"2";"1";"1";"1";""
"202400043953";"155 704 371";"B01";"1";"60";"0";"2";"3";"1";"5";""
"202400043953";"155 704 372";"A01";"1";"10";"0";"2";"7";"1";"1";""
"202400043954";"155 704 370";"A01";"2";"7";"2";"0";"2";"1";"1";""
"202400043955";"155 704 367";"A01";"2";"7";"0";"1";"5";"1";"1";""
"202400043956";"155 704 368";"A01";"2";"50";"0";"1";"1";"25";"3";""
"202400043957";"155 704 366";"A01";"2";"7";"0";"1";"1";"19";"2";""
"202400043958";"155 704 369";"A01";"1";"7";"0";"1";"1";"19";"1";""
"202400043959";"155 704 363";"A01";"1";"10";"0";"1";"1";"19";"1";""
"202400043960";"155 704 364";"A01";"1";"7";"0";"2";"7";"16";"2";""
"202400043960";"155 704 365";"B01";"3";"50";"0";"2";"2";"1";"3";""
"202400043961";"155 704 360";"A01";"1";"33";"10";"0";"3";"1";"1";""
"202400043962";"155 704 359";"B01";"2";"1";"0";"0";"0";"15";"5";""
"202400043962";"155 704 362";"A01";"1";"7";"0";"0";"3";"1";"1";""
"202400043963";"155 704 358";"B01";"1";"14";"0";"1";"7";"7";"3";""
"202400043963";"155 704 361";"A01";"0";"7";"0";"2";"4";"20";"3";""
"202400043964";"155 704 357";"A01";"2";"7";"0";"0";"0";"1";"1";""
"202400043965";"155 704 356";"A01";"2";"33";"1";"0";"7";"16";"1";""
"202400043966";"155 704 354";"A01";"1";"2";"0";"0";"0";"1";"1";""
"202400043967";"155 704 355";"Z01";"1";"1";"0";"1";"1";"25";"5";""
"202400043968";"155 704 351";"A01";"3";"1";"0";"0";"0";"1";"5";""
"202400043969";"155 704 353";"A01";"3";"50";"15";"0";"1";"1";"3";""
"202400043970";"155 704 350";"A01";"1";"10";"0";"2";"2";"16";"1";""
"202400043970";"155 704 352";"B01";"1";"1";"0";"2";"1";"18";"5";""
"202400043971";"155 704 349";"A01";"1";"31";"14";"0";"2";"14";"1";""
"202400043972";"155 704 343";"B01";"1";"1";"0";"2";"7";"1";"5";""
"202400043972";"155 704 348";"A01";"2";"7";"0";"2";"1";"9";"1";""
"202400043973";"155 704 342";"A01";"1";"30";"9";"0";"1";"14";"1";""
"202400043974";"155 704 345";"A01";"3";"7";"0";"9";"0";"0";"0";""
"202400043974";"155 704 347";"B01";"3";"50";"0";"2";"0";"0";"3";""
"202400043975";"155 704 341";"A01";"2";"32";"0";"2";"1";"1";"1";""
"202400043975";"155 704 344";"B01";"2";"7";"0";"2";"5";"23";"1";""