"Num_Acc";"id_vehicule";"num_veh";"senc";"catv";"obs";"obsm";"choc";"manv";"motor";"occutc"
"202400044191";"155 703 975";"A01";"1";"7";"0";"2";"1";"2";"1";""
"202400044191";"155 703 976";"B01";"1";"34";"0";"0";"4";"2";"1";""
"202400044192";"155 703 973";"A01";"3";"10";"0";"0";"9";"1";"1";""
"202400044193";"155 703 972";"A01";"1";"7";"0";"2";"3";"1";"1";""
"202400044193";"155 703 974";"B01";"1";"7";"0";"2";"3";"1";"1";""
"202400044194";"155 703 971";"A01";"0";"7";"8";"1";"3";"6";"1";""
"202400044195";"155 703 969";"A01";"1";"33";"0";"2";"1";"1";"1";""
"202400044195";"155 703 970";"B01";"2";"10";"0";"2";"8";"1";"1";""
"202400044196";"155 703 967";"A01";"1";"7";"0";"1";"7";"1";"1";""
"202400044197";"155 703 965";"A01";"2";"7";"0";"2";"5";"12";"1";""
"202400044197";"155 703 968";"B01";"2";"7";"0";"2";"3";"1";"1";""
"202400044198";"155 703 962";"A01";"1";"10";"0";"1";"3";"9";"1";""
"202400044199";"155 703 961";"B01";"3";"2";"0";"2";"1";"1";"1";""
"202400044199";"155 703 964";"A01";"3";"7";"0";"2";"7";"15";"3";""
"202400044200";"155 703 963";"A01";"2";"7";"0";"2";"3";"11";"1";""
"202400044200";"155 703 966";"B01";"2";"7";"0";"2";"2";"1";"1";""
"202400044201";"155 703 960";"A01";"2";"7";"5";"0";"2";"0";"1";""
"202400044202";"155 703 957";"A01";"1";"99";"0";"0";"6";"0";"1";""
"202400044202";"155 703 959";"C01";"2";"33";"0";"0";"3";"1";"1";""
"202400044203";"155 703 955";"A01";"2";"15";"0";"1";"1";"1";"1";""
"202400044204";"155 703 954";"A01";"1";"7";"0";"2";"1";"13";"0";""
"202400044204";"155 703 958";"B01";"2";"7";"0";"2";"1";"1";"1";""
"202400044205";"155 703 950";"A01";"2";"10";"0";"0";"3";"15";"1";""
"202400044205";"155 703 952";"B01";"2";"43";"0";"2";"1";"17";"1";""
"202400044206";"155 703 951";"Z01";"2";"14";"0";"2";"7";"12";"1";""
"202400044206";"155 703 953";"B01";"2";"7";"3";"2";"6";"1";"1";""
"202400044206";"155 703 956";"C01";"2";"7";"0";"2";"1";"0";"1";""
"202400044207";"155 703 947";"A01";"0";"7";"0";"2";"0";"0";"2";""
"202400044207";"155 703 949";"B01";"1";"32";"0";"2";"0";"0";"1";""
"202400044208";"155 703 946";"B01";"0";"7";"0";"2";"1";"1";"1";""
"202400044208";"155 703 948";"A01";"3";"33";"0";"2";"7";"1";"1";""
"202400044209";"155 703 944";"A01";"2";"7";"0";"2";"8";"13";"1";""
"202400044209";"155 703 945";"B01";"1";"10";"0";"2";"8";"1";"1";""
"202400044210";"155 703 942";"Z01";"1";"15";"0";"1";"1";"2";"0";""
"202400044211";"155 703 940";"B01";"3";"7";"0";"2";"8";"1";"1";""
"202400044211";"155 703 943";"A01";"3";"10";"0";"2";"1";"1";"1";""
"202400044212";"155 703 939";"A01";"1";"2";"0";"2";"0";"9";"1";""
"202400044212";"155 703 941";"B01";"1";"7";"0";"2";"2";"14";"1";""
"202400044213";"155 703 937";"A01";"1";"32";"0";"2";"1";"1";"1";""
"202400044213";"155 703 938";"B01";"1";"7";"0";"0";"4";"1";"1";""
"202400044214";"155 703 934";"A01";"1";"7";"13";"0";"9";"19";"1";""
"202400044215";"155 703 933";"B01";"3";"7";"0";"2";"3";"1";"1";""
"202400044215";"155 703 936";"A01";"3";"7";"0";"2";"2";"1";"1";""
"202400044216";"155 703 929";"A01";"2";"7";"0";"9";"9";"1";"1";""
"202400044217";"155 703 928";"B01";"3";"7";"0";"2";"1";"1";"1";""
"202400044217";"155 703 931";"A01";"3";"1";"0";"2";"7";"1";"5";""
"202400044218";"155 703 925";"B01";"1";"33";"0";"2";"1";"1";"1";""
"202400044218";"155 703 927";"A01";"0";"10";"0";"2";"2";"15";"1";""
"202400044219";"155 703 924";"B01";"1";"7";"14";"0";"4";"23";"1";""
"202400044219";"155 703 926";"C01";"1";"7";"0";"2";"4";"26";"1";""
"202400044219";"155 703 930";"D01";"1";"7";"0";"2";"5";"2";"1";""
"202400044219";"155 703 932";"E01";"1";"7";"0";"2";"1";"2";"3";""
"202400044219";"155 703 935";"A01";"1";"7";"0";"2";"1";"2";"2";""
"202400044220";"155 703 921";"A01";"3";"10";"0";"1";"1";"1";"1";""
"202400044221";"155 703 920";"A01";"1";"2";"0";"2";"1";"1";"1";""
"202400044221";"155 703 922";"B01";"2";"7";"0";"2";"3";"1";"1";""
"202400044222";"155 703 919";"B01";"2";"7";"0";"2";"1";"15";"1";""
"202400044222";"155 703 923";"A01";"2";"33";"0";"2";"7";"1";"1";""
"202400044223";"155 703 916";"A01";"1";"7";"2";"0";"1";"0";"1";""
"202400044224";"155 703 910";"A01";"1";"7";"0";"2";"3";"1";"1";""
"202400044224";"155 703 913";"B01";"2";"7";"0";"2";"3";"1";"1";""
"202400044225";"155 703 912";"A01";"2";"10";"0";"2";"1";"1";"1";""
"202400044225";"155 703 914";"B01";"2";"7";"0";"2";"4";"1";"1";""
"202400044225";"155 703 917";"C01";"2";"7";"0";"2";"4";"1";"1";""
"202400044226";"155 703 909";"A01";"1";"13";"0";"2";"8";"13";"4";""
"202400044226";"155 703 911";"B01";"1";"10";"0";"2";"7";"1";"3";""
"202400044226";"155 703 915";"C01";"1";"7";"0";"2";"4";"2";"2";""
"202400044226";"155 703 918";"D01";"1";"10";"0";"2";"4";"2";"1";""
"202400044227";"155 703 908";"A01";"2";"7";"0";"1";"2";"1";"1";""
"202400044228";"155 703 907";"A01";"1";"7";"13";"0";"2";"1";"1";""
"202400044229";"155 703 906";"A01";"2";"7";"0";"2";"2";"9";"1";""
"202400044230";"155 703 903";"A01";"2";"7";"0";"2";"5";"12";"1";""
"202400044230";"155 703 905";"B01";"2";"33";"0";"2";"3";"3";"1";""
"202400044231";"155 703 901";"A01";"1";"7";"0";"2";"1";"1";"1";""
"202400044231";"155 703 904";"B01";"2";"14";"0";"2";"1";"1";"1";""
"202400044232";"155 703 896";"B01";"1";"10";"0";"2";"1";"1";"1";""
"202400044232";"155 703 902";"A01";"2";"7";"0";"2";"7";"1";"1";""
"202400044233";"155 703 897";"A01";"2";"34";"0";"2";"2";"2";"1";""
"202400044233";"155 703 900";"B01";"2";"7";"0";"2";"4";"23";"1";""
"202400044234";"155 703 898";"A01";"1";"7";"0";"2";"2";"16";"1";""
"202400044234";"155 703 899";"B01";"2";"1";"0";"2";"7";"1";"5";""
"202400044235";"155 703 893";"Z01";"1";"50";"0";"1";"0";"1";"3";""
"202400044236";"155 703 892";"A01";"2";"7";"15";"0";"1";"17";"1";""
"202400044237";"155 703 890";"B01";"1";"7";"2";"2";"4";"2";"1";""
"202400044237";"155 703 894";"C01";"1";"7";"0";"0";"5";"2";"1";""
"202400044237";"155 703 895";"A01";"1";"15";"0";"2";"2";"2";"1";""
"202400044238";"155 703 889";"A01";"2";"7";"7";"2";"2";"15";"1";""
"202400044238";"155 703 891";"B01";"1";"7";"7";"2";"3";"1";"1";""
"202400044239";"155 703 884";"A01";"3";"31";"0";"2";"7";"21";"1";""
"202400044239";"155 703 888";"B01";"3";"7";"0";"2";"6";"4";"1";""
"202400044240";"155 703 882";"A01";"0";"31";"0";"0";"0";"26";"1";""
"202400044241";"155 703 883";"A01";"0";"33";"0";"2";"1";"1";"1";""
"202400044241";"155 703 886";"B01";"0";"7";"0";"0";"4";"15";"1";""
"202400044242";"155 703 881";"C01";"1";"17";"0";"2";"7";"24";"1";""
"202400044242";"155 703 885";"B01";"1";"33";"0";"2";"8";"1";"1";""
"202400044242";"155 703 887";"A01";"1";"10";"0";"2";"7";"12";"1";""
"202400044243";"155 703 878";"A01";"1";"33";"3";"0";"2";"1";"1";""
"202400044244";"155 703 877";"B01";"1";"34";"0";"2";"1";"1";"1";""
"202400044244";"155 703 879";"A01";"1";"7";"0";"0";"8";"22";"1";""
"202400044245";"155 703 876";"B01";"1";"7";"0";"0";"4";"23";"1";""
"202400044245";"155 703 880";"A01";"1";"7";"1";"0";"1";"1";"1";""
"202400044246";"155 703 874";"A01";"1";"7";"13";"0";"9";"12";"1";""
"202400044247";"155 703 875";"A01";"1";"7";"0";"2";"1";"1";"2";""
"202400044248";"155 703 871";"Z01";"2";"7";"0";"2";"0";"0";"0";""
"202400044248";"155 703 873";"B01";"2";"7";"0";"2";"6";"1";"1";""
"202400044249";"155 703 870";"B01";"0";"7";"0";"2";"3";"1";"1";""
"202400044249";"155 703 872";"A01";"0";"30";"0";"2";"1";"15";"1";""
"202400044250";"155 703 865";"A01";"2";"10";"0";"2";"1";"2";"1";""
"202400044250";"155 703 868";"B01";"2";"7";"0";"0";"4";"2";"1";""
"202400044251";"155 703 866";"A01";"2";"7";"4";"0";"4";"26";"1";""
"202400044251";"155 703 869";"B01";"2";"7";"0";"2";"4";"1";"1";""
"202400044252";"155 703 863";"A01";"2";"7";"0";"2";"4";"2";"1";""
"202400044252";"155 703 867";"B01";"2";"7";"0";"2";"1";"2";"1";""
"202400044253";"155 703 862";"A01";"1";"7";"0";"2";"8";"22";"1";""
"202400044253";"155 703 864";"B01";"1";"1";"0";"2";"1";"1";"5";""
"202400044254";"155 703 858";"A01";"1";"7";"4";"2";"1";"12";"1";""
"202400044254";"155 703 861";"B01";"1";"7";"0";"0";"4";"1";"1";""
"202400044255";"155 703 857";"A01";"2";"40";"0";"1";"3";"1";"3";""
"202400044256";"155 703 856";"A01";"1";"7";"0";"2";"1";"11";"1";""
"202400044256";"155 703 860";"B01";"1";"13";"0";"2";"2";"1";"1";""
"202400044257";"155 703 855";"A01";"2";"33";"0";"2";"1";"1";"1";""
"202400044257";"155 703 859";"B01";"2";"7";"0";"2";"5";"1";"1";""
"202400044258";"155 703 853";"A01";"2";"7";"2";"0";"1";"14";"1";""
"202400044259";"155 703 852";"A01";"1";"33";"0";"0";"8";"1";"1";""
"202400044260";"155 703 851";"A01";"0";"7";"0";"2";"3";"15";"1";""
"202400044260";"155 703 854";"B01";"0";"1";"0";"2";"3";"1";"5";""
"202400044261";"155 703 848";"A01";"2";"7";"0";"2";"1";"1";"1";""
"202400044261";"155 703 850";"B01";"2";"10";"0";"2";"4";"1";"1";""
"202400044262";"155 703 846";"A01";"2";"7";"0";"2";"3";"1";"1";""
"202400044262";"155 703 849";"B01";"1";"7";"0";"2";"1";"5";"1";""
"202400044263";"155 703 845";"A01";"2";"7";"0";"2";"5";"16";"1";""
"202400044263";"155 703 847";"B01";"2";"1";"0";"2";"1";"1";"5";""
"202400044264";"155 703 843";"A01";"2";"33";"12";"2";"1";"18";"1";""
"202400044264";"155 703 844";"B01";"2";"1";"12";"2";"7";"7";"5";""
"202400044265";"155 703 840";"A01";"2";"33";"0";"2";"7";"5";"1";""
"202400044265";"155 703 842";"B01";"0";"7";"1";"2";"1";"1";"1";""
"202400044266";"155 703 837";"A01";"3";"7";"0";"2";"1";"26";"1";""
"202400044266";"155 703 839";"B01";"3";"7";"0";"2";"3";"0";"1";""
"202400044267";"155 703 832";"B01";"1";"33";"0";"2";"2";"1";"1";""
"202400044267";"155 703 835";"A01";"1";"7";"0";"2";"3";"15";"2";""
"202400044268";"155 703 833";"A01";"2";"10";"0";"2";"1";"2";"1";""
"202400044268";"155 703 836";"B01";"2";"10";"0";"2";"4";"2";"1";""
"202400044268";"155 703 838";"C01";"2";"10";"0";"2";"4";"2";"1";""
"202400044268";"155 703 841";"D01";"2";"7";"0";"2";"5";"2";"3";""
"202400044269";"155 703 830";"B01";"2";"1";"0";"2";"2";"1";"5";""
"202400044269";"155 703 834";"A01";"2";"7";"0";"2";"3";"16";"1";""
"202400044270";"155 703 829";"B01";"1";"1";"0";"2";"4";"1";"5";""
"202400044270";"155 703 831";"A01";"1";"7";"0";"2";"3";"1";"2";""
"202400044271";"155 703 826";"A01";"0";"33";"0";"0";"0";"0";"1";""
"202400044272";"155 703 823";"A01";"1";"1";"0";"2";"1";"15";"5";""
"202400044272";"155 703 827";"B01";"1";"33";"0";"2";"8";"1";"1";""
"202400044273";"155 703 822";"A01";"2";"10";"0";"2";"1";"2";"1";""
"202400044273";"155 703 825";"B01";"2";"7";"0";"2";"1";"2";"1";""
"202400044273";"155 703 828";"C01";"2";"7";"0";"2";"4";"23";"2";""
"202400044274";"155 703 821";"A01";"1";"2";"0";"2";"1";"1";"1";""
"202400044274";"155 703 824";"B01";"3";"2";"0";"2";"1";"1";"1";""
"202400044275";"155 703 820";"A01";"1";"33";"8";"0";"1";"0";"1";""
"202400044276";"155 703 816";"A01";"1";"10";"0";"9";"7";"16";"1";""
"202400044276";"155 703 819";"B01";"1";"1";"0";"2";"8";"1";"5";""
"202400044277";"155 703 815";"A01";"2";"7";"0";"0";"1";"1";"1";""
"202400044278";"155 703 814";"A01";"1";"15";"0";"2";"1";"2";"1";""
"202400044278";"155 703 818";"B01";"1";"7";"0";"2";"4";"2";"1";""
"202400044279";"155 703 813";"A01";"1";"1";"0";"2";"1";"3";"5";""
"202400044279";"155 703 817";"B01";"1";"7";"0";"2";"2";"1";"1";""
"202400044280";"155 703 812";"A01";"1";"32";"0";"1";"1";"1";"1";""
"202400044281";"155 703 809";"A01";"1";"7";"0";"0";"4";"15";"1";""
"202400044281";"155 703 811";"B01";"1";"7";"0";"0";"1";"2";"1";""
"202400044282";"155 703 806";"A01";"1";"32";"0";"2";"1";"2";"1";""
"202400044282";"155 703 810";"B01";"2";"7";"0";"2";"3";"2";"2";""
"202400044283";"155 703 804";"A01";"2";"33";"0";"2";"2";"3";"1";""
"202400044283";"155 703 808";"B01";"2";"7";"0";"2";"3";"11";"2";""
"202400044284";"155 703 805";"A01";"1";"33";"0";"2";"1";"1";"1";""
"202400044284";"155 703 807";"B01";"2";"7";"0";"2";"2";"15";"1";""
"202400044285";"155 703 801";"B01";"1";"7";"0";"1";"4";"2";"1";""
"202400044285";"155 703 803";"A01";"1";"10";"0";"2";"1";"2";"1";""
"202400044286";"155 703 800";"A01";"2";"10";"0";"1";"0";"0";"1";""
"202400044287";"155 703 798";"A01";"1";"7";"0";"2";"1";"2";"1";""
"202400044287";"155 703 802";"B01";"1";"7";"13";"0";"4";"15";"1";""
"202400044288";"155 703 795";"C01";"2";"7";"0";"2";"4";"2";"1";""
"202400044288";"155 703 797";"A01";"2";"7";"0";"2";"1";"2";"2";""
"202400044288";"155 703 799";"B01";"2";"7";"0";"2";"4";"2";"1";""
"202400044289";"155 703 792";"A01";"2";"10";"0";"0";"6";"1";"1";""
"202400044289";"155 703 794";"B01";"2";"33";"0";"0";"1";"2";"1";""
"202400044290";"155 703 791";"A01";"2";"7";"0";"2";"2";"15";"1";""
"202400044290";"155 703 793";"B01";"3";"80";"0";"2";"1";"25";"3";""
"202400044291";"155 703 790";"A01";"2";"7";"0";"2";"1";"1";"1";""
"202400044291";"155 703 796";"B01";"1";"7";"0";"2";"3";"1";"2";""
"202400044292";"155 703 788";"A01";"1";"7";"0";"1";"3";"1";"1";""
"202400044293";"155 703 784";"A01";"2";"7";"1";"0";"3";"1";"1";""
"202400044293";"155 703 786";"B01";"1";"7";"0";"2";"8";"24";"1";""
"202400044294";"155 703 783";"C01";"2";"7";"0";"2";"6";"15";"1";""
"202400044294";"155 703 787";"A01";"2";"7";"0";"2";"1";"0";"1";""
"202400044294";"155 703 789";"B01";"2";"7";"0";"2";"4";"0";"1";""
"202400044295";"155 703 782";"B01";"1";"34";"0";"2";"1";"2";"1";""
"202400044295";"155 703 785";"A01";"1";"7";"0";"2";"7";"11";"1";""
"202400044296";"155 703 781";"A01";"1";"7";"0";"1";"2";"26";"1";""
"202400044297";"155 703 780";"A01";"2";"50";"0";"0";"1";"1";"3";""
"202400044298";"155 703 778";"A01";"1";"7";"2";"0";"1";"21";"1";""
"202400044299";"155 703 776";"A01";"1";"33";"0";"2";"3";"3";"1";""
"202400044299";"155 703 779";"B01";"1";"7";"0";"2";"2";"12";"1";""
"202400044300";"155 703 773";"A01";"2";"80";"0";"1";"1";"5";"3";""
"202400044301";"155 703 775";"A01";"3";"7";"0";"2";"3";"15";"1";""
"202400044301";"155 703 777";"B01";"0";"33";"0";"2";"1";"1";"1";""
"202400044302";"155 703 772";"A01";"2";"7";"0";"2";"8";"19";"1";""
"202400044302";"155 703 774";"B01";"2";"33";"0";"2";"1";"1";"1";""
"202400044303";"155 703 768";"B01";"1";"7";"0";"2";"5";"2";"1";""
"202400044303";"155 703 769";"A01";"1";"7";"0";"2";"1";"2";"1";""
"202400044304";"155 703 766";"A01";"3";"7";"0";"1";"3";"15";"1";""
"202400044305";"155 703 767";"A01";"2";"7";"0";"2";"3";"15";"0";""
"202400044305";"155 703 770";"B01";"2";"32";"0";"2";"3";"17";"1";""
"202400044306";"155 703 765";"A01";"1";"7";"0";"2";"1";"1";"1";""
"202400044306";"155 703 771";"B01";"2";"7";"0";"2";"5";"1";"1";""
"202400044307";"155 703 761";"A01";"1";"30";"0";"2";"2";"11";"1";""
"202400044307";"155 703 764";"B01";"1";"7";"0";"2";"3";"11";"2";""
"202400044308";"155 703 760";"B01";"1";"7";"0";"2";"1";"2";"1";""
"202400044308";"155 703 763";"A01";"1";"7";"0";"2";"4";"2";"1";""
"202400044309";"155 703 759";"B01";"1";"7";"0";"2";"5";"1";"1";""
"202400044309";"155 703 762";"A01";"1";"7";"0";"2";"2";"1";"1";""
"202400044310";"155 703 755";"A01";"3";"7";"0";"2";"1";"1";"1";""
"202400044310";"155 703 757";"B01";"3";"10";"0";"2";"4";"10";"1";""
"202400044311";"155 703 754";"A01";"1";"7";"0";"2";"1";"9";"1";""
"202400044311";"155 703 758";"B01";"1";"7";"0";"2";"8";"1";"1";""
"202400044312";"155 703 753";"A01";"1";"7";"0";"2";"3";"15";"1";""
"202400044312";"155 703 756";"B01";"1";"30";"0";"2";"1";"1";"1";""
"202400044313";"155 703 751";"A01";"1";"33";"12";"0";"2";"26";"1";""
"202400044314";"155 703 747";"A01";"2";"7";"0";"2";"1";"1";"3";""
"202400044314";"155 703 750";"B01";"2";"7";"0";"0";"4";"1";"1";""
"202400044314";"155 703 752";"C01";"1";"7";"0";"2";"8";"1";"1";""
"202400044315";"155 703 745";"A01";"1";"10";"0";"2";"3";"1";"1";""
"202400044315";"155 703 749";"B01";"1";"7";"0";"2";"3";"1";"1";""
"202400044316";"155 703 743";"A01";"2";"7";"4";"1";"3";"1";"1";""
"202400044317";"155 703 738";"A01";"1";"7";"0";"2";"2";"16";"1";""
"202400044317";"155 703 741";"B01";"1";"32";"0";"2";"8";"1";"1";""
"202400044318";"155 703 740";"D01";"1";"7";"0";"2";"4";"2";"1";""
"202400044318";"155 703 744";"B01";"1";"7";"0";"2";"4";"2";"1";""
"202400044318";"155 703 746";"C01";"1";"7";"0";"2";"0";"0";"1";""
"202400044318";"155 703 748";"A01";"1";"7";"0";"2";"1";"2";"1";""
"202400044319";"155 703 739";"A01";"1";"7";"0";"2";"3";"15";"1";""
"202400044319";"155 703 742";"B01";"1";"1";"0";"2";"1";"1";"5";""
"202400044320";"155 703 735";"A01";"1";"2";"0";"2";"1";"1";"1";""
"202400044320";"155 703 737";"B01";"1";"50";"0";"2";"0";"9";"3";""
"202400044321";"155 703 733";"A01";"1";"10";"0";"1";"1";"15";"1";""
"202400044322";"155 703 732";"B01";"1";"7";"0";"2";"4";"23";"1";""
"202400044322";"155 703 734";"C01";"1";"7";"0";"2";"4";"23";"1";""
"202400044322";"155 703 736";"A01";"1";"7";"0";"2";"1";"2";"1";""
"202400044323";"155 703 730";"B01";"1";"7";"1";"0";"1";"1";"1";""
"202400044323";"155 703 731";"A01";"3";"7";"1";"0";"4";"24";"1";""
"202400044324";"155 703 728";"A01";"3";"7";"0";"1";"1";"2";"1";""
"202400044325";"155 703 725";"B01";"3";"1";"0";"2";"1";"19";"5";""
"202400044325";"155 703 727";"A01";"2";"7";"0";"9";"2";"2";"1";""
"202400044326";"155 703 726";"A01";"2";"1";"0";"2";"1";"21";"5";""
"202400044326";"155 703 729";"B01";"2";"7";"0";"2";"4";"23";"1";""
"202400044327";"155 703 724";"A01";"0";"7";"0";"2";"3";"1";"1";""
"202400044328";"155 703 723";"A01";"1";"7";"0";"1";"2";"16";"1";""
"202400044329";"155 703 720";"A01";"2";"7";"0";"2";"1";"2";"1";""
"202400044329";"155 703 721";"C01";"2";"10";"0";"2";"4";"23";"1";""
"202400044329";"155 703 722";"B01";"2";"7";"0";"2";"4";"23";"1";""
"202400044330";"155 703 717";"A01";"1";"7";"2";"2";"3";"1";"1";""
"202400044330";"155 703 719";"B01";"1";"7";"0";"2";"1";"9";"1";""
"202400044331";"155 703 715";"A01";"3";"7";"0";"2";"2";"19";"1";""
"202400044331";"155 703 718";"B01";"0";"7";"0";"2";"3";"1";"1";""
"202400044332";"155 703 713";"C01";"1";"7";"0";"2";"3";"1";"1";""
"202400044332";"155 703 714";"Z01";"2";"7";"0";"2";"7";"17";"1";""
"202400044332";"155 703 716";"B01";"2";"7";"0";"2";"8";"1";"1";""
"202400044333";"155 703 712";"A01";"3";"3";"0";"0";"7";"15";"3";""
"202400044334";"155 703 709";"B01";"2";"36";"13";"0";"3";"21";"1";""
"202400044334";"155 703 711";"A01";"1";"7";"0";"2";"3";"26";"1";""
"202400044335";"155 703 705";"B01";"3";"7";"0";"2";"1";"1";"3";""
"202400044335";"155 703 707";"A01";"0";"7";"8";"2";"2";"1";"1";""
"202400044336";"155 703 704";"A01";"1";"33";"1";"0";"9";"1";"1";""
"202400044337";"155 703 703";"A01";"3";"1";"0";"9";"1";"1";"5";""
"202400044337";"155 703 706";"B01";"3";"1";"0";"9";"1";"5";"5";""
"202400044338";"155 703 702";"A01";"1";"15";"0";"1";"0";"13";"1";""
"202400044339";"155 703 698";"A01";"0";"7";"0";"2";"8";"19";"1";""
"202400044339";"155 703 701";"B01";"0";"7";"0";"2";"0";"1";"2";""
"202400044340";"155 703 699";"B01";"1";"80";"0";"2";"3";"0";"3";""
"202400044340";"155 703 700";"A01";"1";"2";"0";"9";"3";"0";"1";""
"202400044341";"155 703 696";"A01";"0";"50";"0";"2";"0";"15";"3";""
"202400044341";"155 703 697";"B01";"0";"7";"0";"2";"2";"15";"1";""
"202400044342";"155 703 694";"A01";"2";"10";"0";"1";"4";"4";"1";""
"202400044343";"155 703 693";"A01";"1";"7";"2";"0";"1";"13";"1";""
"202400044344";"155 703 692";"A01";"3";"7";"0";"2";"3";"15";"1";""
"202400044344";"155 703 695";"B01";"1";"7";"0";"2";"2";"1";"1";""
"202400044345";"155 703 683";"B01";"0";"7";"1";"0";"1";"2";"1";""
"202400044345";"155 703 684";"C01";"0";"7";"0";"2";"6";"1";"1";""
"202400044345";"155 703 689";"A01";"0";"7";"0";"2";"4";"23";"1";""
"202400044346";"155 703 681";"A01";"3";"7";"2";"0";"1";"0";"0";""
"202400044347";"155 703 680";"A01";"1";"7";"7";"0";"2";"1";"1";""
"202400044348";"155 703 679";"A01";"2";"10";"0";"2";"7";"15";"1";""
"202400044348";"155 703 682";"B01";"1";"33";"0";"2";"1";"1";"1";""
"202400044349";"155 703 678";"A01";"1";"7";"0";"1";"1";"1";"1";""
"202400044350";"155 703 677";"A01";"0";"7";"0";"1";"1";"0";"1";""
"202400044351";"155 703 675";"A01";"1";"7";"4";"0";"9";"1";"1";""
"202400044352";"155 703 673";"A01";"1";"7";"0";"1";"2";"16";"1";""
"202400044353";"155 703 672";"A01";"3";"33";"0";"1";"1";"26";"0";""
"202400044354";"155 703 671";"B01";"0";"50";"0";"2";"1";"1";"3";""
"202400044354";"155 703 674";"A01";"0";"7";"0";"2";"1";"9";"1";""
"202400044355";"155 703 669";"B01";"1";"50";"0";"2";"2";"5";"3";""
"202400044355";"155 703 670";"A01";"3";"7";"0";"2";"1";"15";"1";""
"202400044356";"155 703 668";"A01";"0";"7";"13";"0";"1";"15";"1";""
"202400044357";"155 703 665";"A01";"1";"50";"0";"0";"1";"25";"3";""
"202400044358";"155 703 666";"B01";"1";"2";"0";"2";"3";"3";"1";""
"202400044358";"155 703 667";"A01";"1";"10";"0";"2";"2";"1";"1";""
"202400044359";"155 703 664";"A01";"2";"7";"13";"0";"3";"1";"1";""
"202400044360";"155 703 661";"B01";"1";"7";"0";"2";"1";"26";"1";""
"202400044360";"155 703 663";"A01";"1";"7";"0";"2";"0";"0";"1";""
"202400044361";"155 703 662";"A01";"1";"10";"0";"1";"1";"16";"1";""
"202400044362";"155 703 658";"A01";"2";"7";"13";"0";"0";"17";"1";""
"202400044362";"155 703 660";"B01";"2";"10";"3";"0";"8";"2";"1";""
"202400044363";"155 703 657";"A01";"1";"7";"2";"0";"1";"1";"1";""
"202400044364";"155 703 659";"A01";"2";"31";"0";"0";"1";"0";"1";""
"202400044365";"155 703 656";"A01";"2";"7";"0";"0";"2";"14";"1";""
"202400044366";"155 703 654";"A01";"1";"7";"8";"0";"7";"13";"1";""
"202400044367";"155 703 653";"A01";"1";"1";"0";"2";"1";"1";"5";""
"202400044367";"155 703 655";"B01";"2";"7";"0";"2";"1";"16";"1";""
"202400044368";"155 703 652";"A01";"1";"7";"0";"1";"2";"13";"1";""
"202400044369";"155 703 650";"A01";"1";"7";"2";"0";"3";"13";"1";""
"202400044370";"155 703 648";"A01";"3";"7";"0";"2";"1";"15";"1";""
"202400044370";"155 703 651";"B01";"3";"1";"0";"2";"8";"15";"5";""
"202400044371";"155 703 647";"A01";"2";"50";"0";"2";"1";"1";"3";""
"202400044371";"155 703 649";"B01";"2";"7";"0";"2";"8";"1";"1";""
"202400044372";"155 703 646";"A01";"1";"7";"16";"0";"0";"1";"1";""
"202400044373";"155 703 645";"A01";"2";"7";"0";"1";"3";"15";"1";""
"202400044374";"155 703 642";"B01";"2";"7";"0";"2";"3";"1";"1";""
"202400044374";"155 703 643";"A01";"1";"60";"0";"2";"1";"1";"5";""
"202400044375";"155 703 639";"A01";"1";"7";"0";"2";"1";"15";"0";""
"202400044375";"155 703 641";"B01";"1";"1";"0";"2";"1";"1";"0";""
"202400044376";"155 703 638";"B01";"1";"7";"0";"2";"3";"1";"1";""
"202400044376";"155 703 640";"A01";"2";"10";"0";"2";"3";"1";"1";""
"202400044377";"155 703 636";"A01";"1";"10";"9";"0";"1";"12";"1";""
"202400044378";"155 703 635";"A01";"1";"50";"0";"2";"1";"5";"3";""
"202400044378";"155 703 637";"B01";"2";"10";"0";"2";"2";"16";"2";""
"202400044379";"155 703 634";"A01";"2";"2";"0";"0";"0";"1";"1";""
"202400044380";"155 703 630";"A01";"1";"7";"2";"0";"1";"0";"2";""
"202400044381";"155 703 632";"A01";"2";"33";"0";"2";"3";"18";"1";""
"202400044381";"155 703 633";"B01";"2";"10";"0";"2";"7";"16";"1";""
"202400044382";"155 703 629";"A01";"1";"15";"0";"5";"8";"1";"0";""
"202400044382";"155 703 631";"B01";"2";"10";"0";"2";"0";"0";"0";""
"202400044383";"155 703 625";"B01";"2";"1";"0";"2";"1";"1";"5";""
"202400044383";"155 703 627";"A01";"1";"7";"0";"2";"3";"16";"3";""
"202400044384";"155 703 624";"B01";"1";"7";"0";"2";"1";"1";"1";""
"202400044384";"155 703 628";"A01";"1";"7";"6";"2";"3";"15";"1";""
"202400044385";"155 703 623";"B01";"1";"7";"12";"0";"1";"16";"1";""
"202400044385";"155 703 626";"A01";"1";"80";"0";"2";"1";"19";"3";""
"202400044386";"155 703 621";"B01";"1";"10";"0";"9";"3";"0";"3";""
"202400044386";"155 703 622";"A01";"2";"50";"0";"2";"1";"26";"3";""
"202400044387";"155 703 619";"A01";"1";"7";"13";"0";"0";"1";"1";""