"Num_Acc";"id_vehicule";"num_veh";"senc";"catv";"obs";"obsm";"choc";"manv";"motor";"occutc"
"202400044388";"155 703 618";"A01";"2";"7";"0";"2";"3";"15";"1";""
"202400044388";"155 703 620";"B01";"2";"38";"0";"2";"1";"1";"1";"1"
"202400044389";"155 703 615";"B01";"1";"33";"0";"2";"8";"1";"1";""
"202400044389";"155 703 617";"A01";"2";"10";"0";"2";"1";"15";"1";""
"202400044390";"155 703 611";"B01";"3";"50";"0";"2";"7";"1";"3";""
"202400044390";"155 703 614";"A01";"2";"7";"0";"2";"2";"1";"1";""
"202400044391";"155 703 610";"A01";"1";"7";"0";"2";"4";"23";"1";""
"202400044391";"155 703 612";"B01";"1";"7";"0";"2";"4";"23";"1";""
"202400044391";"155 703 613";"C01";"1";"7";"0";"2";"4";"23";"1";""
"202400044391";"155 703 616";"D01";"1";"7";"0";"2";"1";"1";"1";""
"202400044392";"155 703 607";"B01";"3";"2";"0";"2";"2";"0";"1";""
"202400044392";"155 703 609";"A01";"3";"7";"0";"2";"3";"11";"1";""
"202400044393";"155 703 606";"A01";"3";"10";"6";"0";"1";"13";"1";""
"202400044394";"155 703 605";"Z01";"3";"14";"0";"0";"0";"0";"0";""
"202400044394";"155 703 608";"B01";"3";"30";"0";"2";"8";"1";"1";""
"202400044395";"155 703 604";"A01";"3";"7";"0";"1";"4";"26";"1";""
"202400044396";"155 703 602";"A01";"2";"7";"8";"0";"1";"13";"1";""
"202400044397";"155 703 601";"B01";"3";"7";"0";"2";"6";"1";"1";""
"202400044397";"155 703 603";"A01";"1";"7";"0";"2";"1";"9";"1";""
"202400044398";"155 703 600";"A01";"3";"7";"0";"1";"2";"15";"1";""
"202400044399";"155 703 599";"A01";"2";"7";"0";"1";"8";"1";"1";""
"202400044400";"155 703 597";"A01";"1";"10";"0";"1";"1";"1";"1";""
"202400044401";"155 703 596";"A01";"1";"10";"0";"1";"2";"1";"1";""
"202400044402";"155 703 595";"A01";"2";"7";"0";"2";"1";"17";"1";""
"202400044402";"155 703 598";"B01";"1";"7";"0";"2";"1";"1";"1";""
"202400044403";"155 703 592";"A01";"1";"7";"13";"0";"1";"1";"1";""
"202400044404";"155 703 591";"A01";"1";"7";"0";"2";"3";"1";"1";""
"202400044404";"155 703 594";"B01";"2";"7";"0";"2";"2";"15";"1";""
"202400044405";"155 703 588";"Y01";"1";"1";"0";"0";"0";"0";"5";""
"202400044405";"155 703 590";"A01";"1";"7";"1";"0";"2";"5";"1";""
"202400044405";"155 703 593";"B01";"0";"7";"0";"0";"0";"0";"1";""
"202400044406";"155 703 586";"A01";"2";"7";"0";"1";"1";"1";"1";""
"202400044407";"155 703 587";"B01";"1";"10";"0";"0";"8";"1";"1";""
"202400044407";"155 703 589";"A01";"1";"7";"0";"2";"1";"1";"1";""
"202400044408";"155 703 583";"A01";"3";"38";"0";"2";"2";"7";"1";"1"
"202400044408";"155 703 585";"B01";"3";"7";"0";"2";"3";"11";"1";""
"202400044409";"155 703 582";"A01";"1";"7";"0";"1";"3";"1";"1";""
"202400044410";"155 703 579";"A01";"1";"7";"0";"1";"3";"9";"1";""
"202400044411";"155 703 578";"A01";"2";"7";"1";"6";"1";"1";"1";""
"202400044411";"155 703 581";"B01";"2";"7";"0";"6";"1";"1";"1";""
"202400044411";"155 703 584";"C01";"2";"7";"1";"6";"1";"14";"1";""
"202400044412";"155 703 577";"B01";"1";"7";"0";"2";"4";"23";"1";""
"202400044412";"155 703 580";"A01";"1";"7";"0";"2";"1";"1";"1";""
"202400044413";"155 703 573";"B01";"1";"7";"0";"2";"1";"1";"1";""
"202400044413";"155 703 575";"A01";"2";"7";"0";"2";"3";"13";"1";""
"202400044414";"155 703 572";"B01";"1";"7";"0";"2";"3";"15";"1";""
"202400044414";"155 703 576";"A01";"2";"31";"0";"2";"1";"1";"1";""
"202400044415";"155 703 571";"B01";"3";"7";"0";"2";"3";"1";"1";""
"202400044415";"155 703 574";"A01";"3";"33";"0";"2";"8";"13";"1";""
"202400044416";"155 703 568";"A01";"2";"7";"4";"6";"1";"0";"1";""
"202400044417";"155 703 569";"A01";"3";"32";"0";"1";"1";"1";"1";""
"202400044418";"155 703 567";"B01";"3";"50";"0";"2";"5";"19";"3";""
"202400044418";"155 703 570";"A01";"3";"7";"0";"2";"1";"9";"2";""
"202400044419";"155 703 564";"A01";"3";"7";"0";"1";"0";"4";"1";""
"202400044420";"155 703 563";"B01";"2";"38";"0";"2";"1";"1";"1";"1"
"202400044420";"155 703 565";"A01";"1";"7";"0";"2";"7";"13";"1";""
"202400044421";"155 703 562";"A01";"1";"7";"0";"2";"2";"0";"1";""
"202400044421";"155 703 566";"B01";"1";"17";"0";"0";"6";"1";"1";""
"202400044422";"155 703 560";"A01";"1";"7";"1";"0";"3";"26";"1";""
"202400044423";"155 703 558";"A01";"2";"50";"0";"2";"4";"23";"3";""
"202400044423";"155 703 561";"B01";"1";"32";"0";"2";"1";"1";"1";""
"202400044424";"155 703 559";"A01";"1";"3";"2";"0";"1";"1";"1";""
"202400044425";"155 703 556";"A01";"2";"7";"0";"1";"1";"1";"1";""
"202400044426";"155 703 555";"A01";"1";"7";"4";"0";"1";"1";"1";""
"202400044427";"155 703 554";"A01";"1";"50";"0";"2";"1";"25";"3";""
"202400044427";"155 703 557";"B01";"3";"7";"0";"2";"2";"9";"1";""
"202400044428";"155 703 551";"B01";"3";"7";"0";"2";"1";"1";"3";""
"202400044428";"155 703 553";"A01";"2";"7";"0";"2";"3";"1";"1";""
"202400044429";"155 703 550";"A01";"2";"7";"0";"1";"3";"13";"3";""
"202400044430";"155 703 549";"A01";"2";"7";"0";"2";"7";"13";"1";""
"202400044430";"155 703 552";"B01";"1";"7";"0";"2";"1";"1";"1";""
"202400044431";"155 703 547";"A01";"1";"10";"0";"2";"1";"1";"1";""
"202400044431";"155 703 548";"B01";"1";"50";"0";"2";"8";"19";"3";""
"202400044432";"155 703 544";"A01";"1";"7";"0";"1";"8";"1";"1";""
"202400044433";"155 703 543";"A01";"1";"7";"0";"1";"1";"1";"1";""
"202400044434";"155 703 545";"A01";"3";"7";"0";"2";"8";"19";"2";""
"202400044434";"155 703 546";"B01";"1";"7";"0";"2";"1";"0";"3";""
"202400044435";"155 703 539";"A01";"2";"7";"0";"2";"1";"16";"1";""
"202400044435";"155 703 540";"B01";"3";"2";"0";"2";"1";"15";"1";""
"202400044436";"155 703 538";"A01";"1";"7";"0";"2";"3";"19";"1";""
"202400044436";"155 703 542";"B01";"1";"30";"0";"2";"1";"1";"1";""
"202400044437";"155 703 537";"A01";"1";"7";"0";"2";"1";"9";"1";""
"202400044437";"155 703 541";"B01";"2";"80";"0";"2";"7";"1";"3";""
"202400044438";"155 703 536";"A01";"3";"33";"1";"0";"3";"1";"1";""
"202400044439";"155 703 533";"A01";"3";"7";"0";"2";"2";"15";"1";""
"202400044439";"155 703 535";"B01";"3";"30";"0";"2";"1";"1";"1";""
"202400044440";"155 703 530";"B01";"1";"1";"0";"2";"7";"1";"5";""
"202400044440";"155 703 532";"A01";"2";"7";"0";"9";"3";"9";"1";""
"202400044441";"155 703 529";"A01";"1";"50";"0";"0";"0";"1";"3";""
"202400044442";"155 703 527";"C01";"3";"7";"0";"2";"4";"20";"1";""
"202400044442";"155 703 528";"B01";"3";"7";"0";"2";"4";"23";"1";""
"202400044442";"155 703 531";"A01";"3";"10";"0";"2";"1";"2";"1";""
"202400044443";"155 703 525";"A01";"3";"7";"0";"0";"3";"1";"1";""
"202400044444";"155 703 524";"A01";"0";"50";"0";"0";"3";"16";"3";""
"202400044444";"155 703 526";"B01";"3";"7";"0";"0";"2";"1";"1";""
"202400044445";"155 703 523";"A01";"2";"7";"0";"1";"3";"1";"1";""
"202400044446";"155 703 522";"A01";"3";"7";"0";"0";"5";"14";"1";""
"202400044447";"155 703 520";"A01";"2";"7";"0";"2";"1";"1";"1";""
"202400044447";"155 703 521";"B01";"1";"10";"0";"2";"1";"13";"1";""
"202400044448";"155 703 519";"A01";"3";"14";"0";"1";"6";"4";"1";""
"202400044449";"155 703 517";"A01";"3";"7";"1";"0";"1";"1";"1";""
"202400044449";"155 703 518";"B01";"3";"7";"0";"2";"4";"23";"1";""
"202400044450";"155 703 515";"A01";"1";"7";"0";"2";"1";"13";"1";""
"202400044450";"155 703 516";"B01";"2";"10";"0";"2";"3";"1";"1";""
"202400044451";"155 703 514";"A01";"2";"7";"8";"0";"1";"1";"1";""
"202400044452";"155 703 513";"A01";"2";"7";"9";"0";"1";"14";"1";""
"202400044453";"155 703 511";"A01";"1";"7";"0";"1";"1";"1";"1";""
"202400044454";"155 703 508";"A01";"2";"2";"0";"2";"0";"2";"1";""
"202400044454";"155 703 509";"B01";"2";"7";"0";"2";"4";"2";"1";""
"202400044455";"155 703 506";"A01";"3";"7";"0";"1";"1";"1";"1";""
"202400044456";"155 703 505";"A01";"1";"80";"0";"2";"8";"19";"3";""
"202400044456";"155 703 507";"B01";"2";"7";"0";"2";"2";"1";"1";""
"202400044457";"155 703 501";"A01";"3";"7";"0";"2";"2";"15";"1";""
"202400044457";"155 703 503";"B01";"3";"33";"0";"2";"1";"1";"1";""
"202400044458";"155 703 500";"C01";"2";"7";"0";"2";"4";"23";"1";""
"202400044458";"155 703 502";"A01";"2";"7";"0";"2";"1";"1";"1";""
"202400044458";"155 703 504";"B01";"2";"7";"0";"2";"4";"23";"1";""
"202400044459";"155 703 498";"A01";"2";"2";"0";"2";"2";"0";"1";""
"202400044459";"155 703 499";"B01";"1";"7";"0";"2";"2";"0";"1";""
"202400044460";"155 703 497";"A01";"1";"50";"1";"0";"1";"1";"3";""
"202400044461";"155 703 495";"A01";"2";"7";"0";"1";"2";"1";"1";""
"202400044462";"155 703 493";"A01";"1";"37";"0";"1";"2";"1";"6";"1"
"202400044463";"155 703 494";"A01";"2";"99";"0";"2";"5";"2";"1";""
"202400044463";"155 703 496";"B01";"3";"10";"0";"2";"3";"15";"1";""
"202400044464";"155 703 487";"B01";"1";"7";"0";"2";"3";"1";"1";""
"202400044464";"155 703 490";"A01";"1";"50";"0";"2";"3";"5";"3";""
"202400044465";"155 703 488";"B01";"3";"33";"0";"2";"1";"1";"1";""
"202400044465";"155 703 491";"A01";"3";"7";"0";"2";"3";"15";"1";""
"202400044466";"155 703 489";"B01";"1";"31";"0";"2";"1";"1";"0";""
"202400044466";"155 703 492";"A01";"2";"7";"0";"2";"3";"15";"2";""
"202400044467";"155 703 485";"A01";"1";"7";"1";"0";"1";"19";"1";""
"202400044468";"155 703 483";"B01";"1";"2";"0";"2";"1";"17";"1";""
"202400044468";"155 703 484";"A01";"1";"7";"0";"2";"6";"15";"1";""
"202400044469";"155 703 482";"A01";"1";"7";"0";"0";"1";"13";"1";""
"202400044469";"155 703 486";"B01";"2";"10";"0";"2";"8";"2";"1";""
"202400044470";"155 703 480";"B01";"1";"31";"0";"2";"3";"0";"1";""
"202400044470";"155 703 481";"A01";"1";"7";"0";"2";"7";"12";"1";""
"202400044471";"155 703 478";"A01";"3";"7";"13";"0";"1";"14";"1";""
"202400044472";"155 703 476";"B01";"2";"7";"0";"2";"3";"1";"1";""
"202400044472";"155 703 477";"C01";"1";"7";"0";"2";"6";"1";"1";""
"202400044472";"155 703 479";"A01";"1";"33";"0";"2";"3";"17";"1";""
"202400044473";"155 703 474";"A01";"1";"7";"0";"1";"1";"15";"0";""
"202400044474";"155 703 469";"A01";"3";"10";"0";"2";"3";"15";"1";""
"202400044474";"155 703 472";"B01";"3";"7";"0";"2";"2";"17";"1";""
"202400044475";"155 703 468";"A01";"1";"7";"0";"2";"1";"13";"1";""
"202400044475";"155 703 470";"B01";"2";"7";"0";"2";"1";"1";"1";""
"202400044476";"155 703 467";"C01";"1";"7";"0";"2";"4";"1";"1";""
"202400044476";"155 703 471";"B01";"1";"7";"0";"2";"4";"1";"1";""
"202400044476";"155 703 473";"A01";"1";"7";"0";"2";"1";"1";"1";""
"202400044476";"155 703 475";"D01";"1";"7";"0";"2";"4";"1";"1";""
"202400044477";"155 703 466";"A01";"1";"50";"0";"1";"8";"25";"3";""
"202400044478";"155 703 463";"A01";"2";"7";"0";"2";"1";"2";"1";""
"202400044478";"155 703 464";"B01";"2";"7";"0";"2";"4";"2";"1";""
"202400044479";"155 703 458";"A01";"3";"7";"8";"2";"1";"7";"1";""
"202400044479";"155 703 461";"B01";"3";"7";"0";"2";"1";"15";"1";""
"202400044480";"155 703 456";"A01";"1";"7";"0";"2";"1";"2";"1";""
"202400044480";"155 703 460";"B01";"1";"7";"0";"2";"4";"2";"1";""
"202400044480";"155 703 462";"C01";"1";"7";"0";"2";"4";"2";"1";""
"202400044480";"155 703 465";"D01";"1";"7";"0";"2";"4";"2";"1";""
"202400044481";"155 703 454";"A01";"1";"33";"0";"2";"1";"1";"1";""
"202400044481";"155 703 455";"B01";"1";"7";"0";"2";"3";"1";"1";""
"202400044482";"155 703 451";"B01";"3";"7";"0";"0";"0";"9";"1";""
"202400044482";"155 703 453";"A01";"3";"32";"0";"2";"7";"21";"1";""
"202400044483";"155 703 450";"A01";"1";"7";"0";"2";"2";"2";"1";""
"202400044483";"155 703 452";"B01";"1";"7";"0";"2";"4";"2";"1";""
"202400044484";"155 703 449";"A01";"2";"7";"1";"1";"1";"1";"2";""
"202400044485";"155 703 448";"A01";"3";"7";"6";"1";"3";"13";"1";""
"202400044486";"155 703 447";"A01";"2";"33";"0";"0";"7";"1";"1";""
"202400044487";"155 703 443";"A01";"1";"7";"0";"0";"1";"1";"1";""
"202400044488";"155 703 442";"A01";"1";"7";"14";"0";"1";"2";"1";""
"202400044488";"155 703 444";"B01";"1";"7";"14";"0";"4";"23";"1";""
"202400044488";"155 703 446";"C01";"1";"7";"0";"2";"4";"23";"1";""
"202400044489";"155 703 441";"B01";"3";"7";"0";"2";"7";"15";"1";""
"202400044489";"155 703 445";"A01";"3";"10";"0";"2";"1";"1";"1";""
"202400044490";"155 703 438";"A01";"3";"37";"0";"1";"5";"26";"1";"1"
"202400044491";"155 703 437";"A01";"1";"7";"0";"2";"3";"9";"1";""
"202400044491";"155 703 440";"B01";"1";"7";"12";"2";"7";"1";"1";""
"202400044492";"155 703 436";"A01";"1";"7";"0";"2";"6";"9";"1";""
"202400044492";"155 703 439";"B01";"2";"32";"0";"2";"5";"15";"1";""
"202400044493";"155 703 431";"A01";"1";"7";"4";"2";"3";"13";"1";""
"202400044493";"155 703 434";"B01";"1";"7";"0";"2";"2";"1";"2";""
"202400044494";"155 703 430";"A01";"1";"7";"0";"2";"2";"11";"1";""
"202400044494";"155 703 433";"B01";"1";"10";"0";"0";"0";"0";"1";""
"202400044495";"155 703 425";"B01";"2";"7";"0";"2";"4";"11";"1";""
"202400044495";"155 703 427";"A01";"2";"43";"0";"2";"1";"3";"1";""
"202400044496";"155 703 424";"B01";"1";"33";"0";"2";"3";"3";"1";""
"202400044496";"155 703 426";"A01";"1";"10";"0";"2";"2";"12";"1";""
"202400044497";"155 703 422";"A01";"2";"31";"3";"0";"1";"1";"1";""
"202400044498";"155 703 421";"B01";"1";"2";"0";"2";"2";"0";"3";""
"202400044498";"155 703 423";"A01";"1";"7";"0";"2";"2";"15";"1";""
"202400044499";"155 703 418";"A01";"3";"7";"2";"0";"2";"21";"1";""
"202400044500";"155 703 419";"A01";"1";"33";"6";"0";"3";"1";"1";""
"202400044501";"155 703 416";"A01";"2";"10";"0";"2";"1";"2";"1";""
"202400044501";"155 703 417";"B01";"2";"7";"0";"2";"4";"2";"2";""
"202400044501";"155 703 420";"C01";"2";"10";"0";"0";"4";"2";"1";""
"202400044502";"155 703 414";"B01";"1";"7";"0";"2";"3";"15";"1";""
"202400044502";"155 703 415";"A01";"1";"31";"0";"2";"1";"1";"1";""
"202400044503";"155 703 412";"A01";"2";"7";"0";"1";"3";"1";"1";""
"202400044504";"155 703 413";"A01";"3";"10";"2";"0";"2";"26";"1";""
"202400044505";"155 703 410";"A01";"2";"33";"0";"1";"1";"1";"1";""
"202400044506";"155 703 408";"A01";"1";"7";"6";"0";"1";"1";"2";""
"202400044507";"155 703 407";"C01";"0";"7";"0";"2";"1";"1";"1";""
"202400044507";"155 703 409";"A01";"3";"7";"0";"2";"4";"23";"1";""
"202400044507";"155 703 411";"B01";"0";"7";"0";"2";"4";"23";"1";""
"202400044508";"155 703 405";"A01";"1";"31";"0";"1";"1";"1";"1";""
"202400044509";"155 703 402";"A01";"1";"30";"0";"2";"3";"1";"3";""
"202400044509";"155 703 403";"B01";"3";"7";"0";"2";"3";"23";"1";""
"202400044510";"155 703 401";"A01";"3";"14";"0";"2";"2";"21";"1";""
"202400044510";"155 703 404";"B01";"3";"7";"0";"2";"3";"13";"1";""
"202400044511";"155 703 397";"A01";"1";"7";"0";"1";"1";"15";"2";""
"202400044512";"155 703 396";"D01";"2";"7";"0";"2";"3";"1";"3";""
"202400044512";"155 703 398";"A01";"2";"7";"0";"2";"3";"13";"1";""
"202400044512";"155 703 399";"C01";"2";"7";"0";"2";"4";"1";"1";""
"202400044512";"155 703 400";"E01";"2";"7";"0";"2";"4";"1";"1";""
"202400044512";"155 703 406";"B01";"2";"10";"0";"2";"7";"1";"1";""
"202400044513";"155 703 394";"B01";"2";"33";"0";"2";"1";"1";"0";""
"202400044513";"155 703 395";"A01";"1";"7";"0";"2";"7";"10";"1";""
"202400044514";"155 703 391";"B01";"1";"31";"0";"2";"1";"1";"1";""
"202400044514";"155 703 393";"A01";"2";"7";"0";"2";"8";"15";"1";""
"202400044515";"155 703 389";"A01";"3";"33";"16";"0";"8";"0";"1";""
"202400044516";"155 703 388";"C01";"2";"2";"0";"9";"7";"2";"1";""
"202400044516";"155 703 390";"A01";"2";"50";"0";"9";"1";"2";"3";""
"202400044516";"155 703 392";"B01";"2";"1";"0";"9";"8";"1";"5";""
"202400044517";"155 703 387";"A01";"2";"7";"0";"1";"1";"1";"2";""
"202400044518";"155 703 386";"A01";"1";"7";"0";"1";"1";"1";"1";""
"202400044519";"155 703 385";"A01";"2";"10";"0";"1";"0";"1";"1";""
"202400044520";"155 703 384";"A01";"1";"7";"0";"1";"3";"1";"0";""
"202400044521";"155 703 382";"A01";"2";"33";"0";"2";"1";"26";"1";""
"202400044521";"155 703 383";"B01";"2";"7";"0";"2";"7";"15";"1";""
"202400044522";"155 703 378";"B01";"3";"31";"0";"2";"3";"15";"3";""
"202400044522";"155 703 380";"A01";"3";"1";"0";"2";"1";"1";"5";""
"202400044523";"155 703 377";"A01";"1";"7";"0";"2";"5";"1";"1";""
"202400044523";"155 703 381";"B01";"2";"7";"0";"2";"2";"2";"1";""
"202400044524";"155 703 376";"B01";"1";"1";"1";"0";"1";"2";"5";""
"202400044524";"155 703 379";"A01";"1";"10";"1";"2";"8";"22";"1";""
"202400044525";"155 703 373";"A01";"1";"7";"0";"1";"3";"0";"0";""
"202400044526";"155 703 372";"B01";"1";"31";"0";"2";"6";"23";"1";""
"202400044526";"155 703 375";"A01";"1";"31";"0";"2";"1";"12";"1";""
"202400044527";"155 703 374";"Z01";"2";"10";"0";"1";"6";"0";"0";""
"202400044528";"155 703 368";"A01";"1";"7";"0";"2";"2";"14";"1";""
"202400044528";"155 703 370";"B01";"1";"34";"0";"2";"3";"18";"1";""
"202400044529";"155 703 369";"A01";"2";"7";"0";"2";"3";"13";"1";""
"202400044529";"155 703 371";"B01";"1";"7";"0";"2";"3";"1";"1";""
"202400044530";"155 703 367";"A01";"2";"1";"12";"0";"1";"26";"5";""
"202400044531";"155 703 365";"A01";"3";"7";"0";"9";"1";"15";"1";""
"202400044531";"155 703 366";"B01";"3";"50";"0";"2";"1";"1";"3";""
"202400044532";"155 703 363";"A01";"1";"7";"0";"1";"2";"13";"1";""
"202400044533";"155 703 364";"A01";"1";"7";"0";"1";"1";"15";"2";""
"202400044534";"155 703 362";"A01";"2";"7";"0";"1";"1";"1";"1";""
"202400044535";"155 703 361";"A01";"2";"32";"0";"1";"1";"5";"1";""
"202400044536";"155 703 358";"A01";"1";"33";"0";"2";"3";"26";"1";""
"202400044536";"155 703 360";"B01";"1";"99";"0";"0";"1";"26";"1";""
"202400044537";"155 703 356";"A01";"2";"7";"0";"2";"3";"10";"1";""
"202400044537";"155 703 357";"B01";"1";"32";"0";"2";"1";"1";"1";""
"202400044538";"155 703 355";"A01";"3";"7";"5";"2";"1";"26";"1";""
"202400044538";"155 703 359";"B01";"3";"7";"5";"2";"9";"26";"1";""
"202400044539";"155 703 354";"A01";"3";"37";"0";"0";"2";"1";"1";"1"
"202400044540";"155 703 351";"A01";"2";"7";"0";"2";"1";"15";"1";""
"202400044540";"155 703 353";"B01";"1";"80";"0";"2";"1";"15";"2";""
"202400044541";"155 703 348";"A01";"1";"10";"0";"2";"0";"0";"1";""
"202400044541";"155 703 350";"B01";"1";"7";"0";"2";"4";"1";"1";""
"202400044542";"155 703 349";"B01";"1";"80";"0";"2";"8";"13";"3";""
"202400044542";"155 703 352";"A01";"1";"7";"0";"2";"7";"17";"1";""
"202400044543";"155 703 347";"A01";"3";"7";"0";"1";"1";"16";"1";""
"202400044544";"155 703 345";"A01";"1";"34";"0";"1";"1";"2";"1";""
"202400044544";"155 703 346";"B01";"1";"7";"0";"2";"7";"2";"1";""
"202400044545";"155 703 343";"A01";"1";"1";"0";"2";"1";"1";"5";""
"202400044545";"155 703 344";"Z01";"2";"7";"0";"2";"3";"15";"2";""
"202400044546";"155 703 338";"C01";"0";"7";"0";"2";"2";"1";"0";""
"202400044546";"155 703 339";"A01";"0";"7";"0";"2";"3";"20";"1";""
"202400044546";"155 703 341";"B01";"0";"33";"0";"2";"7";"2";"1";""
"202400044547";"155 703 335";"B01";"0";"1";"0";"2";"7";"1";"5";""
"202400044547";"155 703 336";"A01";"0";"7";"0";"2";"1";"16";"0";""
"202400044548";"155 703 334";"A01";"0";"7";"9";"0";"1";"1";"1";""
"202400044549";"155 703 331";"B01";"2";"30";"0";"0";"0";"0";"0";""
"202400044549";"155 703 332";"A01";"1";"7";"0";"2";"3";"9";"0";""
"202400044550";"155 703 333";"A01";"2";"7";"1";"2";"3";"23";"2";""
"202400044550";"155 703 337";"B01";"2";"31";"0";"2";"1";"1";"3";""
"202400044551";"155 703 329";"B01";"1";"30";"0";"2";"1";"1";"1";""
"202400044551";"155 703 330";"A01";"1";"10";"0";"2";"6";"0";"1";""
"202400044552";"155 703 340";"B01";"3";"7";"0";"2";"4";"1";"1";""
"202400044552";"155 703 342";"A01";"3";"15";"0";"2";"1";"2";"1";""
"202400044553";"155 703 326";"A01";"0";"7";"0";"2";"2";"16";"1";""
"202400044553";"155 703 328";"B01";"0";"33";"0";"2";"1";"18";"1";""
"202400044554";"155 703 324";"A01";"3";"7";"0";"2";"1";"15";"1";""
"202400044554";"155 703 325";"B01";"3";"33";"0";"2";"1";"1";"1";""
"202400044555";"155 703 321";"A01";"3";"1";"0";"2";"1";"1";"5";""
"202400044555";"155 703 323";"B01";"3";"7";"0";"2";"1";"0";"1";""
"202400044556";"155 703 322";"A01";"1";"7";"0";"2";"1";"15";"2";""
"202400044556";"155 703 327";"B01";"2";"7";"0";"2";"5";"0";"1";""
"202400044557";"155 703 317";"B01";"1";"7";"0";"2";"5";"15";"0";""
"202400044557";"155 703 320";"A01";"1";"33";"0";"2";"1";"1";"1";""
"202400044558";"155 703 316";"A01";"1";"1";"0";"2";"3";"15";"5";""
"202400044558";"155 703 319";"B01";"1";"10";"0";"2";"2";"1";"1";""
"202400044559";"155 703 315";"B01";"2";"1";"0";"2";"3";"22";"5";""
"202400044559";"155 703 318";"A01";"2";"7";"0";"2";"3";"22";"1";""
"202400044560";"155 703 314";"A01";"0";"10";"0";"1";"1";"1";"1";""
"202400044561";"155 703 312";"A01";"3";"33";"0";"2";"1";"2";"1";""
"202400044561";"155 703 313";"B01";"3";"7";"0";"2";"8";"15";"2";""
"202400044562";"155 703 311";"A01";"0";"7";"0";"1";"1";"15";"1";""
"202400044563";"155 703 308";"B01";"3";"33";"0";"2";"2";"2";"1";""
"202400044563";"155 703 309";"A01";"3";"7";"0";"2";"3";"9";"1";""
"202400044564";"155 703 305";"A01";"1";"7";"0";"2";"6";"2";"1";""
"202400044565";"155 703 303";"A01";"3";"7";"0";"1";"5";"20";"3";""
"202400044566";"155 703 302";"B01";"0";"13";"0";"2";"2";"1";"3";""
"202400044566";"155 703 304";"A01";"2";"7";"0";"2";"1";"14";"1";""
"202400044567";"155 703 301";"A01";"2";"7";"0";"1";"2";"15";"2";""
"202400044568";"155 703 299";"Z01";"1";"7";"0";"1";"2";"1";"1";""
"202400044569";"155 703 298";"B01";"3";"7";"0";"2";"1";"1";"2";""
"202400044569";"155 703 300";"A01";"3";"7";"0";"2";"8";"15";"1";""
"202400044570";"155 703 294";"A01";"0";"10";"0";"2";"1";"0";"1";""
"202400044570";"155 703 296";"B01";"0";"10";"0";"2";"1";"0";"1";""
"202400044571";"155 703 292";"B01";"3";"7";"1";"2";"7";"1";"1";""
"202400044571";"155 703 295";"A01";"3";"7";"0";"2";"1";"1";"1";""
"202400044572";"155 703 291";"A01";"1";"7";"0";"2";"1";"15";"1";""
"202400044572";"155 703 293";"B01";"2";"32";"0";"2";"1";"1";"1";""
"202400044573";"155 703 289";"A01";"3";"7";"0";"1";"1";"21";"1";""
"202400044574";"155 703 288";"A01";"2";"7";"4";"5";"9";"2";"3";""
"202400044574";"155 703 290";"B01";"2";"7";"0";"2";"1";"2";"1";""
"202400044575";"155 703 287";"A01";"1";"7";"0";"1";"0";"13";"0";""
"202400044576";"155 703 284";"B01";"1";"50";"15";"2";"2";"0";"3";""
"202400044576";"155 703 286";"A01";"1";"7";"8";"9";"2";"16";"1";""
"202400044577";"155 703 283";"A01";"1";"7";"0";"2";"1";"5";"1";""
"202400044577";"155 703 285";"B01";"2";"7";"0";"2";"1";"1";"1";""
"202400044578";"155 703 281";"A01";"1";"7";"3";"2";"2";"13";"0";""
"202400044578";"155 703 282";"B01";"2";"38";"0";"2";"7";"11";"1";"1"
"202400044579";"155 703 279";"A01";"1";"32";"0";"2";"7";"17";"1";""
"202400044579";"155 703 280";"B01";"1";"7";"0";"2";"8";"15";"1";""
"202400044580";"155 703 278";"A01";"1";"7";"0";"1";"6";"1";"1";""
"202400044581";"155 703 275";"B01";"1";"33";"0";"2";"1";"1";"1";""
"202400044581";"155 703 277";"A01";"2";"7";"0";"2";"2";"15";"1";""
"202400044582";"155 703 274";"B01";"0";"30";"0";"2";"7";"1";"1";""
"202400044582";"155 703 276";"A01";"0";"7";"0";"2";"1";"1";"1";""
"202400044583";"155 703 272";"B01";"0";"1";"0";"2";"7";"1";"5";""
"202400044583";"155 703 273";"A01";"3";"7";"0";"2";"3";"9";"1";""
"202400044584";"155 703 270";"A01";"3";"7";"1";"0";"1";"0";"1";""
"202400044585";"155 703 269";"A01";"2";"10";"0";"2";"1";"1";"1";""
"202400044585";"155 703 271";"B01";"2";"7";"0";"2";"4";"1";"1";""
"202400044586";"155 703 268";"A01";"2";"14";"1";"1";"3";"20";"1";""
"202400044587";"155 703 267";"A01";"1";"13";"0";"1";"7";"1";"0";""
"202400044588";"155 703 266";"A01";"2";"7";"0";"1";"0";"2";"1";""
"202400044589";"155 703 265";"A01";"0";"50";"15";"0";"1";"1";"3";""
"202400044590";"155 703 263";"A01";"1";"10";"0";"2";"7";"14";"1";""
"202400044590";"155 703 264";"B01";"1";"50";"0";"2";"8";"1";"3";""
"202400044591";"155 703 261";"A01";"0";"10";"0";"1";"3";"20";"1";""
"202400044592";"155 703 258";"B01";"1";"1";"0";"2";"7";"19";"5";""
"202400044592";"155 703 260";"A01";"1";"7";"0";"2";"1";"1";"1";""