"Num_Acc";"id_vehicule";"num_veh";"senc";"catv";"obs";"obsm";"choc";"manv";"motor";"occutc"
"202400044593";"155 703 259";"B01";"2";"7";"0";"0";"1";"5";"1";""
"202400044593";"155 703 262";"A01";"1";"14";"0";"0";"1";"1";"1";""
"202400044594";"155 703 256";"B01";"3";"2";"0";"2";"1";"11";"1";""
"202400044594";"155 703 257";"A01";"3";"7";"0";"2";"3";"0";"1";""
"202400044595";"155 703 254";"A01";"1";"33";"0";"0";"7";"1";"1";""
"202400044596";"155 703 253";"A01";"3";"50";"12";"0";"0";"26";"3";""
"202400044597";"155 703 252";"B01";"1";"7";"0";"2";"8";"1";"1";""
"202400044597";"155 703 255";"A01";"2";"30";"0";"2";"1";"1";"1";""
"202400044598";"155 703 248";"A01";"1";"7";"0";"2";"7";"15";"1";""
"202400044598";"155 703 250";"B01";"2";"43";"0";"2";"1";"1";"1";""
"202400044599";"155 703 246";"A01";"0";"7";"0";"2";"1";"1";"1";""
"202400044599";"155 703 251";"B01";"0";"10";"0";"0";"8";"1";"1";""
"202400044600";"155 703 247";"A01";"1";"7";"0";"2";"2";"16";"1";""
"202400044600";"155 703 249";"B01";"1";"1";"0";"2";"1";"1";"5";""
"202400044601";"155 703 244";"A01";"2";"10";"0";"2";"7";"17";"1";""
"202400044601";"155 703 245";"B01";"0";"60";"0";"0";"0";"0";"5";""
"202400044602";"155 703 242";"A01";"3";"7";"0";"2";"3";"1";"1";""
"202400044602";"155 703 243";"B01";"3";"32";"0";"2";"1";"1";"1";""
"202400044603";"155 703 240";"A01";"2";"10";"0";"1";"8";"15";"1";""
"202400044604";"155 703 239";"A01";"3";"7";"0";"2";"1";"1";"1";""
"202400044604";"155 703 241";"B01";"3";"7";"0";"2";"8";"15";"1";""
"202400044605";"155 703 237";"A01";"1";"15";"5";"2";"6";"13";"0";""
"202400044605";"155 703 238";"B01";"1";"7";"0";"2";"3";"1";"1";""
"202400044606";"155 703 233";"A01";"3";"10";"8";"0";"2";"14";"1";""
"202400044607";"155 703 231";"B01";"1";"34";"0";"2";"1";"1";"1";""
"202400044607";"155 703 235";"A01";"1";"32";"0";"2";"7";"16";"1";""
"202400044608";"155 703 232";"A01";"3";"7";"0";"2";"4";"2";"1";""
"202400044608";"155 703 234";"B01";"1";"31";"0";"2";"4";"23";"1";""
"202400044608";"155 703 236";"C01";"1";"7";"0";"2";"2";"2";"1";""
"202400044609";"155 703 230";"A01";"3";"7";"2";"0";"3";"13";"1";""
"202400044610";"155 703 228";"A01";"3";"7";"0";"1";"1";"2";"2";""
"202400044611";"155 703 226";"A01";"1";"7";"14";"2";"8";"6";"1";""
"202400044611";"155 703 227";"C01";"1";"7";"0";"2";"8";"2";"1";""
"202400044611";"155 703 229";"B01";"1";"10";"0";"2";"6";"0";"3";""
"202400044612";"155 703 225";"A01";"2";"2";"9";"0";"7";"1";"1";""
"202400044613";"155 703 223";"B01";"1";"7";"0";"2";"8";"1";"1";""
"202400044613";"155 703 224";"A01";"1";"2";"12";"2";"8";"17";"1";""
"202400044614";"155 703 221";"A01";"1";"7";"2";"0";"7";"1";"1";""
"202400044615";"155 703 218";"A01";"1";"7";"0";"1";"1";"0";"1";""
"202400044616";"155 703 219";"B01";"2";"7";"13";"2";"3";"1";"1";""
"202400044616";"155 703 220";"C01";"1";"13";"0";"2";"2";"1";"1";""
"202400044616";"155 703 222";"A01";"1";"7";"0";"0";"0";"26";"1";""
"202400044617";"155 703 217";"A01";"1";"7";"0";"1";"2";"19";"1";""
"202400044618";"155 703 215";"A01";"1";"7";"1";"0";"1";"26";"1";""
"202400044619";"155 703 214";"A01";"1";"10";"0";"2";"3";"13";"1";""
"202400044619";"155 703 216";"B01";"2";"7";"0";"2";"3";"1";"1";""
"202400044620";"155 703 212";"A01";"2";"7";"0";"0";"4";"2";"1";""
"202400044620";"155 703 213";"B01";"2";"33";"0";"0";"1";"2";"1";""
"202400044621";"155 703 210";"A01";"1";"3";"0";"2";"1";"2";"1";""
"202400044621";"155 703 211";"B01";"1";"7";"0";"2";"4";"2";"1";""
"202400044622";"155 703 209";"A01";"2";"1";"0";"0";"1";"1";"5";""
"202400044623";"155 703 208";"A01";"1";"7";"14";"0";"3";"11";"1";""
"202400044624";"155 703 207";"A01";"3";"7";"0";"1";"1";"26";"1";""
"202400044625";"155 703 203";"B01";"2";"1";"0";"0";"4";"1";"5";""
"202400044625";"155 703 205";"A01";"2";"7";"0";"2";"2";"1";"1";""
"202400044626";"155 703 204";"A01";"1";"7";"0";"2";"0";"1";"1";""
"202400044626";"155 703 206";"B01";"2";"21";"0";"2";"6";"11";"0";""
"202400044627";"155 703 201";"B01";"1";"50";"0";"2";"0";"0";"3";""
"202400044627";"155 703 202";"A01";"1";"15";"0";"2";"3";"1";"1";""
"202400044628";"155 703 199";"A01";"2";"7";"7";"0";"1";"1";"1";""
"202400044629";"155 703 197";"A01";"1";"50";"8";"0";"1";"1";"3";""
"202400044630";"155 703 195";"A01";"2";"31";"0";"2";"1";"1";"1";""
"202400044630";"155 703 198";"B01";"1";"7";"0";"9";"6";"1";"1";""
"202400044630";"155 703 200";"C01";"1";"7";"0";"2";"2";"1";"2";""
"202400044631";"155 703 194";"A01";"3";"7";"0";"0";"2";"0";"1";""
"202400044631";"155 703 196";"B01";"3";"7";"0";"0";"1";"0";"1";""
"202400044632";"155 703 192";"A01";"2";"7";"0";"1";"2";"1";"1";""
"202400044633";"155 703 191";"A01";"3";"7";"0";"2";"2";"1";"1";""
"202400044633";"155 703 193";"B01";"3";"7";"0";"2";"1";"1";"1";""
"202400044634";"155 703 189";"A01";"2";"7";"0";"2";"2";"13";"1";""
"202400044634";"155 703 190";"B01";"1";"7";"3";"2";"1";"1";"1";""
"202400044635";"155 703 185";"A01";"2";"7";"3";"0";"1";"0";"3";""
"202400044636";"155 703 183";"C01";"1";"7";"0";"2";"1";"0";"1";""
"202400044636";"155 703 184";"B01";"1";"7";"0";"2";"1";"0";"1";""
"202400044636";"155 703 187";"A01";"1";"7";"0";"2";"4";"23";"1";""
"202400044637";"155 703 181";"A01";"0";"7";"2";"0";"0";"1";"1";""
"202400044638";"155 703 182";"A01";"1";"7";"0";"0";"4";"23";"2";""
"202400044638";"155 703 186";"B01";"1";"10";"1";"0";"1";"1";"1";""
"202400044639";"155 703 179";"A01";"0";"1";"0";"0";"0";"25";"5";""
"202400044640";"155 703 178";"B01";"3";"33";"0";"2";"7";"1";"1";""
"202400044640";"155 703 180";"A01";"3";"7";"0";"2";"7";"9";"3";""
"202400044641";"155 703 177";"A01";"1";"7";"2";"0";"3";"14";"1";""
"202400044642";"155 703 175";"A01";"1";"21";"0";"2";"2";"16";"1";""
"202400044642";"155 703 176";"B01";"1";"1";"0";"2";"8";"19";"5";""
"202400044643";"155 703 174";"A01";"1";"7";"0";"0";"1";"1";"1";""
"202400044644";"155 703 173";"A01";"1";"13";"0";"1";"1";"15";"1";""
"202400044645";"155 703 172";"A01";"1";"7";"14";"0";"1";"1";"1";""
"202400044646";"155 703 170";"B01";"1";"33";"7";"0";"3";"1";"1";""
"202400044647";"155 703 171";"A01";"1";"7";"0";"1";"3";"15";"1";""
"202400044648";"155 703 167";"B01";"2";"1";"0";"2";"4";"2";"5";""
"202400044648";"155 703 169";"A01";"2";"7";"0";"2";"2";"2";"1";""
"202400044649";"155 703 165";"A01";"3";"7";"0";"2";"1";"17";"0";""
"202400044649";"155 703 166";"B01";"3";"7";"0";"2";"3";"1";"1";""
"202400044649";"155 703 168";"C01";"3";"7";"0";"2";"6";"1";"1";""
"202400044650";"155 703 164";"A01";"2";"7";"0";"1";"1";"1";"1";""
"202400044651";"155 703 163";"A01";"3";"7";"0";"1";"1";"15";"1";""
"202400044652";"155 703 161";"A01";"2";"7";"0";"2";"6";"10";"1";""
"202400044652";"155 703 162";"B01";"1";"33";"0";"2";"1";"2";"1";""
"202400044653";"155 703 157";"A01";"3";"2";"0";"2";"1";"17";"1";""
"202400044653";"155 703 159";"B01";"3";"7";"0";"2";"3";"1";"1";""
"202400044654";"155 703 158";"A01";"1";"7";"0";"2";"7";"15";"1";""
"202400044654";"155 703 160";"B01";"2";"7";"0";"2";"2";"1";"1";""
"202400044655";"155 703 155";"A01";"3";"7";"0";"2";"3";"1";"1";""
"202400044655";"155 703 156";"B01";"3";"2";"0";"2";"1";"1";"1";""
"202400044656";"155 703 154";"Z01";"1";"0";"0";"1";"1";"1";"0";""
"202400044657";"155 703 152";"A01";"3";"7";"0";"2";"1";"1";"1";""
"202400044657";"155 703 153";"B01";"3";"7";"0";"2";"4";"1";"1";""
"202400044658";"155 703 151";"A01";"2";"7";"2";"0";"1";"1";"1";""
"202400044659";"155 703 148";"A01";"1";"21";"0";"2";"6";"15";"1";""
"202400044659";"155 703 149";"B01";"1";"33";"0";"2";"1";"17";"1";""
"202400044660";"155 703 147";"B01";"1";"50";"0";"2";"7";"26";"3";""
"202400044660";"155 703 150";"A01";"3";"7";"0";"2";"1";"1";"2";""
"202400044661";"155 703 146";"A01";"2";"7";"2";"0";"1";"13";"1";""
"202400044662";"155 703 144";"A01";"0";"7";"0";"2";"6";"9";"1";""
"202400044662";"155 703 145";"B01";"0";"50";"0";"2";"1";"1";"3";""
"202400044663";"155 703 142";"A01";"2";"7";"0";"0";"8";"19";"1";""
"202400044663";"155 703 143";"B01";"2";"7";"0";"2";"1";"1";"1";""
"202400044664";"155 703 140";"B01";"2";"7";"0";"2";"8";"1";"1";""
"202400044664";"155 703 141";"A01";"1";"7";"0";"2";"1";"9";"1";""
"202400044665";"155 703 139";"A01";"1";"7";"0";"1";"1";"1";"1";""
"202400044666";"155 703 138";"A01";"2";"7";"0";"1";"3";"15";"1";""
"202400044667";"155 703 137";"A01";"1";"7";"9";"0";"1";"6";"1";""
"202400044668";"155 703 135";"A01";"1";"7";"2";"0";"1";"1";"1";""
"202400044669";"155 703 132";"A01";"1";"7";"0";"2";"1";"1";"1";""
"202400044669";"155 703 133";"B01";"1";"7";"0";"0";"1";"1";"1";""
"202400044669";"155 703 134";"C01";"1";"7";"0";"2";"1";"1";"1";""
"202400044669";"155 703 136";"D01";"1";"7";"0";"2";"4";"1";"1";""
"202400044670";"155 703 129";"A01";"1";"7";"0";"9";"1";"1";"1";""
"202400044670";"155 703 130";"B01";"2";"1";"0";"2";"1";"1";"5";""
"202400044670";"155 703 131";"C01";"2";"1";"0";"0";"1";"1";"5";""
"202400044671";"155 703 127";"B01";"1";"7";"0";"1";"1";"1";"1";""
"202400044671";"155 703 128";"A01";"1";"7";"0";"2";"1";"1";"1";""
"202400044672";"155 703 125";"B01";"2";"7";"0";"2";"2";"15";"1";""
"202400044672";"155 703 126";"A01";"2";"7";"0";"2";"1";"1";"2";""
"202400044673";"155 703 124";"A01";"1";"10";"0";"1";"1";"21";"1";""
"202400044674";"155 703 123";"A01";"2";"7";"11";"0";"1";"1";"2";""
"202400044675";"155 703 122";"A01";"3";"7";"0";"1";"1";"1";"1";""
"202400044676";"155 703 119";"A01";"3";"37";"0";"1";"5";"15";"1";"1"
"202400044677";"155 703 116";"A01";"2";"7";"0";"1";"3";"1";"1";""
"202400044678";"155 703 115";"B01";"2";"1";"0";"2";"4";"1";"5";""
"202400044678";"155 703 117";"A01";"2";"7";"0";"9";"0";"0";"0";""
"202400044679";"155 703 114";"A01";"2";"7";"2";"0";"3";"1";"1";""
"202400044680";"155 703 113";"A01";"1";"7";"0";"1";"2";"1";"1";""
"202400044681";"155 703 110";"A01";"2";"10";"0";"0";"5";"15";"1";""
"202400044681";"155 703 112";"B01";"2";"7";"0";"2";"3";"1";"1";""
"202400044682";"155 703 107";"B01";"2";"33";"0";"2";"1";"1";"1";""
"202400044682";"155 703 108";"A01";"2";"7";"0";"2";"7";"19";"1";""
"202400044683";"155 703 104";"A01";"3";"7";"0";"2";"3";"9";"1";""
"202400044683";"155 703 105";"B01";"3";"32";"0";"2";"1";"1";"1";""
"202400044684";"155 703 106";"A01";"1";"7";"0";"2";"3";"2";"1";""
"202400044684";"155 703 109";"C01";"1";"7";"0";"2";"6";"1";"1";""
"202400044684";"155 703 111";"B01";"1";"7";"0";"2";"4";"23";"1";""
"202400044685";"155 703 103";"A01";"2";"7";"9";"0";"2";"1";"2";""
"202400044686";"155 703 100";"A01";"0";"7";"0";"2";"1";"5";"1";""
"202400044686";"155 703 102";"B01";"0";"7";"0";"2";"1";"1";"1";""
"202400044687";"155 703 099";"A01";"2";"7";"0";"2";"3";"1";"1";""
"202400044687";"155 703 101";"B01";"1";"7";"0";"2";"3";"1";"1";""
"202400044688";"155 703 096";"A01";"0";"7";"0";"1";"4";"4";"1";""
"202400044689";"155 703 097";"A01";"3";"10";"0";"2";"2";"14";"3";""
"202400044689";"155 703 098";"B01";"3";"1";"0";"2";"1";"1";"5";""
"202400044690";"155 703 094";"B01";"3";"1";"0";"0";"4";"1";"5";""
"202400044690";"155 703 095";"A01";"3";"0";"0";"2";"0";"1";"0";""
"202400044691";"155 703 093";"A01";"1";"7";"0";"1";"8";"1";"1";""
"202400044692";"155 703 091";"A01";"3";"10";"0";"2";"2";"1";"1";""
"202400044692";"155 703 092";"B01";"0";"7";"0";"2";"6";"1";"1";""
"202400044693";"155 703 087";"A01";"2";"33";"0";"2";"9";"7";"1";""
"202400044693";"155 703 088";"B01";"2";"7";"0";"2";"7";"1";"1";""
"202400044694";"155 703 085";"A01";"1";"7";"0";"2";"4";"11";"0";""
"202400044694";"155 703 086";"B01";"1";"7";"0";"2";"1";"1";"1";""
"202400044695";"155 703 083";"B01";"2";"17";"0";"2";"4";"1";"1";""
"202400044695";"155 703 084";"A01";"2";"14";"0";"2";"1";"1";"1";""
"202400044696";"155 703 082";"A01";"3";"7";"0";"1";"1";"0";"0";""
"202400044697";"155 703 081";"A01";"1";"10";"0";"0";"1";"1";"0";""
"202400044698";"155 703 079";"A01";"2";"7";"0";"2";"1";"2";"1";""
"202400044698";"155 703 080";"B01";"2";"7";"0";"2";"4";"1";"1";""
"202400044699";"155 703 075";"A01";"0";"14";"0";"2";"3";"15";"1";""
"202400044699";"155 703 076";"B01";"3";"1";"0";"2";"0";"0";"5";""
"202400044700";"155 703 074";"A01";"2";"10";"0";"1";"1";"15";"1";""
"202400044701";"155 703 072";"A01";"3";"7";"0";"2";"3";"1";"1";""
"202400044701";"155 703 073";"B01";"3";"7";"0";"0";"7";"19";"2";""
"202400044702";"155 703 071";"A01";"0";"2";"0";"0";"0";"1";"1";""
"202400044703";"155 703 069";"A01";"3";"7";"0";"2";"2";"15";"1";""
"202400044703";"155 703 070";"B01";"3";"2";"0";"2";"1";"1";"1";""
"202400044704";"155 703 066";"A01";"1";"7";"0";"2";"1";"2";"1";""
"202400044704";"155 703 067";"B01";"1";"7";"0";"2";"4";"2";"1";""
"202400044704";"155 703 068";"C01";"1";"7";"0";"2";"4";"2";"2";""
"202400044705";"155 703 064";"A01";"1";"10";"0";"2";"1";"1";"1";""
"202400044705";"155 703 065";"B01";"1";"7";"0";"2";"4";"15";"1";""
"202400044706";"155 703 063";"A01";"1";"10";"0";"1";"1";"1";"1";""
"202400044707";"155 703 061";"A01";"2";"7";"0";"2";"3";"9";"1";""
"202400044707";"155 703 062";"B01";"3";"50";"0";"2";"0";"0";"3";""
"202400044708";"155 703 059";"B01";"2";"1";"0";"2";"7";"19";"5";""
"202400044708";"155 703 060";"A01";"2";"10";"0";"2";"1";"1";"3";""
"202400044709";"155 703 058";"B01";"3";"1";"0";"0";"0";"21";"5";""
"202400044710";"155 703 057";"A01";"3";"7";"0";"1";"1";"1";"1";""
"202400044711";"155 703 056";"A01";"2";"10";"0";"1";"2";"1";"1";""
"202400044712";"155 703 054";"A01";"1";"7";"0";"2";"4";"23";"1";""
"202400044712";"155 703 055";"B01";"1";"50";"0";"2";"1";"2";"3";""
"202400044713";"155 703 053";"A01";"2";"7";"0";"1";"2";"17";"1";""
"202400044714";"155 703 052";"A01";"2";"7";"0";"1";"2";"1";"1";""
"202400044715";"155 703 051";"A01";"3";"7";"8";"0";"1";"13";"0";""
"202400044716";"155 703 049";"B01";"3";"7";"0";"2";"4";"2";"1";""
"202400044716";"155 703 050";"A01";"3";"7";"0";"2";"1";"2";"1";""
"202400044717";"155 703 048";"A01";"3";"7";"0";"2";"1";"1";"1";""
"202400044718";"155 703 046";"A01";"1";"10";"0";"2";"7";"1";"1";""
"202400044718";"155 703 047";"B01";"2";"7";"0";"2";"1";"1";"1";""
"202400044719";"155 703 044";"A01";"1";"7";"0";"2";"3";"15";"1";""
"202400044719";"155 703 045";"B01";"1";"30";"0";"2";"3";"1";"1";""
"202400044720";"155 703 042";"A01";"2";"7";"0";"2";"6";"1";"1";""
"202400044720";"155 703 043";"B01";"2";"7";"0";"2";"1";"1";"1";""
"202400044721";"155 703 041";"A01";"3";"7";"0";"1";"1";"1";"1";""
"202400044722";"155 703 039";"A01";"1";"7";"0";"2";"3";"26";"2";""
"202400044722";"155 703 040";"B01";"1";"50";"0";"2";"1";"5";"3";""
"202400044723";"155 703 037";"B01";"3";"7";"0";"2";"1";"1";"1";""
"202400044723";"155 703 038";"A01";"3";"7";"0";"2";"1";"13";"1";""
"202400044724";"155 703 035";"B01";"3";"7";"0";"2";"2";"15";"1";""
"202400044724";"155 703 036";"A01";"3";"33";"0";"2";"1";"1";"1";""
"202400044725";"155 703 034";"A01";"1";"7";"0";"1";"3";"16";"1";""
"202400044726";"155 703 032";"A01";"3";"7";"0";"2";"1";"0";"1";""
"202400044726";"155 703 033";"B01";"3";"7";"0";"2";"4";"2";"1";""
"202400044727";"155 703 029";"A01";"1";"7";"0";"2";"1";"0";"2";""
"202400044727";"155 703 030";"B01";"1";"7";"0";"2";"1";"0";"1";""
"202400044728";"155 703 027";"B01";"2";"10";"0";"2";"3";"15";"6";""
"202400044728";"155 703 028";"A01";"1";"32";"0";"2";"1";"7";"1";""
"202400044729";"155 703 025";"B01";"2";"80";"0";"2";"4";"2";"3";""
"202400044729";"155 703 026";"A01";"3";"10";"0";"9";"2";"2";"3";""
"202400044730";"155 703 023";"A01";"0";"7";"0";"2";"3";"15";"1";""
"202400044730";"155 703 024";"B01";"0";"80";"0";"2";"1";"1";"3";""
"202400044731";"155 703 021";"A01";"1";"34";"0";"2";"1";"17";"1";""
"202400044731";"155 703 022";"B01";"1";"7";"0";"2";"8";"1";"2";""
"202400044732";"155 703 018";"A01";"2";"7";"6";"2";"1";"13";"1";""
"202400044733";"155 703 016";"B01";"1";"7";"0";"2";"3";"13";"1";""
"202400044733";"155 703 017";"A01";"2";"7";"0";"2";"3";"1";"2";""
"202400044734";"155 703 011";"C01";"1";"7";"0";"2";"4";"23";"1";""
"202400044734";"155 703 012";"B01";"1";"7";"0";"2";"4";"2";"1";""
"202400044734";"155 703 014";"A01";"1";"7";"0";"2";"1";"1";"1";""
"202400044734";"155 703 015";"D01";"1";"7";"0";"2";"4";"23";"1";""
"202400044735";"155 703 010";"A01";"1";"7";"0";"2";"1";"1";"1";""
"202400044735";"155 703 013";"B01";"1";"7";"0";"0";"4";"1";"1";""
"202400044736";"155 703 009";"A01";"1";"7";"8";"0";"3";"2";"1";""
"202400044737";"155 703 008";"A01";"2";"7";"13";"0";"1";"0";"1";""
"202400044738";"155 703 006";"A01";"3";"7";"0";"1";"1";"1";"1";""
"202400044739";"155 703 003";"A01";"3";"7";"1";"0";"3";"16";"1";""
"202400044739";"155 703 004";"B01";"2";"7";"0";"2";"1";"1";"1";""
"202400044740";"155 703 001";"A01";"2";"30";"0";"1";"1";"1";"1";""
"202400044741";"155 703 000";"A01";"1";"10";"15";"2";"1";"1";"1";""
"202400044741";"155 703 002";"B01";"1";"7";"15";"2";"8";"1";"1";""
"202400044742";"155 702 994";"A01";"1";"7";"0";"9";"1";"1";"1";""
"202400044742";"155 702 996";"B01";"2";"1";"0";"2";"8";"19";"5";""
"202400044743";"155 702 993";"D01";"1";"7";"0";"9";"1";"1";"1";""
"202400044743";"155 702 995";"E01";"1";"7";"0";"9";"1";"1";"1";""
"202400044743";"155 702 997";"A01";"1";"10";"4";"0";"1";"1";"0";""
"202400044743";"155 702 998";"C01";"1";"7";"0";"9";"1";"1";"1";""
"202400044743";"155 702 999";"B01";"1";"7";"0";"9";"9";"1";"1";""
"202400044744";"155 702 990";"B01";"2";"10";"0";"9";"1";"9";"1";""
"202400044744";"155 702 992";"A01";"2";"80";"0";"2";"7";"1";"3";""
"202400044745";"155 702 989";"B01";"1";"7";"0";"2";"4";"23";"1";""
"202400044745";"155 702 991";"A01";"1";"10";"0";"2";"1";"1";"1";""
"202400044746";"155 702 987";"A01";"1";"7";"0";"1";"2";"1";"1";""
"202400044747";"155 702 986";"A01";"2";"7";"0";"0";"6";"23";"1";""
"202400044747";"155 702 988";"B01";"2";"31";"0";"2";"1";"1";"1";""
"202400044748";"155 702 984";"A01";"2";"7";"0";"1";"3";"16";"1";""
"202400044749";"155 702 983";"A01";"2";"33";"0";"9";"1";"1";"1";""
"202400044749";"155 702 985";"B01";"1";"7";"0";"2";"8";"19";"0";""
"202400044750";"155 702 982";"A01";"2";"7";"8";"0";"1";"13";"1";""
"202400044751";"155 702 981";"A01";"1";"2";"0";"0";"7";"14";"1";""
"202400044752";"155 702 978";"C01";"2";"33";"0";"2";"4";"1";"1";""
"202400044752";"155 702 979";"A01";"2";"33";"0";"2";"1";"2";"1";""
"202400044752";"155 702 980";"B01";"2";"33";"0";"2";"4";"2";"1";""
"202400044753";"155 702 977";"A01";"2";"7";"2";"0";"3";"1";"3";""
"202400044754";"155 702 973";"A01";"1";"10";"0";"2";"1";"2";"1";""
"202400044754";"155 702 974";"C01";"1";"10";"0";"2";"4";"2";"1";""
"202400044754";"155 702 976";"B01";"1";"7";"0";"2";"4";"2";"2";""
"202400044755";"155 702 972";"A01";"1";"33";"0";"2";"1";"12";"1";""
"202400044755";"155 702 975";"B01";"2";"7";"0";"2";"6";"1";"1";""
"202400044756";"155 702 971";"A01";"2";"1";"0";"0";"0";"1";"5";""
"202400044757";"155 702 970";"A01";"2";"7";"8";"0";"2";"1";"1";""
"202400044758";"155 702 969";"A01";"1";"34";"0";"1";"1";"18";"3";""
"202400044759";"155 702 967";"A01";"2";"7";"0";"2";"2";"13";"1";""
"202400044759";"155 702 968";"B01";"1";"7";"0";"2";"2";"1";"1";""
"202400044760";"155 702 966";"A01";"1";"33";"0";"0";"2";"1";"1";""
"202400044761";"155 702 963";"B01";"1";"1";"0";"2";"3";"1";"5";""
"202400044761";"155 702 965";"A01";"2";"50";"0";"2";"3";"15";"3";""
"202400044762";"155 702 962";"A01";"2";"7";"0";"2";"1";"1";"1";""
"202400044762";"155 702 964";"B01";"2";"7";"0";"2";"1";"15";"1";""
"202400044763";"155 702 960";"Z01";"1";"7";"0";"2";"0";"2";"1";""
"202400044763";"155 702 961";"A01";"1";"1";"0";"2";"4";"23";"5";""
"202400044764";"155 702 959";"A01";"1";"1";"0";"1";"1";"1";"5";""
"202400044765";"155 702 957";"A01";"2";"1";"0";"1";"1";"1";"5";""
"202400044766";"155 702 956";"A01";"3";"7";"0";"2";"1";"13";"1";""
"202400044766";"155 702 958";"B01";"3";"7";"0";"2";"1";"1";"1";""
"202400044767";"155 702 955";"A01";"1";"7";"0";"1";"2";"1";"1";""
"202400044768";"155 702 953";"A01";"1";"7";"0";"2";"3";"1";"1";""
"202400044768";"155 702 954";"B01";"2";"7";"0";"2";"3";"1";"1";""
"202400044769";"155 702 952";"A01";"1";"30";"0";"0";"0";"1";"1";""
"202400044770";"155 702 951";"A01";"0";"7";"15";"0";"1";"1";"1";""
"202400044771";"155 702 949";"A01";"1";"7";"0";"2";"3";"15";"1";""
"202400044771";"155 702 950";"B01";"1";"1";"0";"0";"7";"1";"5";""
"202400044772";"155 702 948";"A01";"2";"33";"13";"0";"1";"1";"1";""
"202400044773";"155 702 945";"B01";"1";"7";"8";"2";"3";"1";"1";""
"202400044773";"155 702 947";"A01";"1";"2";"8";"2";"3";"17";"1";""
"202400044774";"155 702 944";"A01";"2";"7";"0";"2";"3";"17";"1";""
"202400044774";"155 702 946";"B01";"1";"2";"0";"2";"1";"1";"1";""
"202400044775";"155 702 943";"A01";"1";"1";"0";"0";" -1";"1";"5";""
"202400044776";"155 702 941";"A01";"3";"7";"0";"2";"8";"0";"1";""
"202400044776";"155 702 942";"B01";"3";"7";"0";"2";"2";"0";"1";""
"202400044777";"155 702 939";"B01";"2";"1";"8";"2";"0";"0";"5";""
"202400044777";"155 702 940";"A01";"2";"33";"8";"2";"0";"0";"1";""
"202400044778";"155 702 938";"A01";"3";"7";"0";"1";"2";"17";"1";""
"202400044779";"155 702 935";"A01";"2";"1";"0";"0";"8";"1";"5";""
"202400044779";"155 702 937";"Z01";"2";"1";"0";"2";"1";"17";"5";""
"202400044780";"155 702 934";"A01";"2";"7";"0";"2";"3";"5";"1";""
"202400044780";"155 702 936";"B01";"1";"7";"0";"2";"3";"1";"1";""
"202400044781";"155 702 932";"A01";"2";"15";"3";"0";"2";"1";"1";""
"202400044782";"155 702 931";"B01";"1";"7";"0";"2";"4";"0";"1";""
"202400044782";"155 702 933";"A01";"1";"10";"0";"2";"1";"26";"1";""
"202400044783";"155 702 930";"A01";"1";"7";"0";"1";"7";"15";"3";""
"202400044784";"155 702 929";"A01";"2";"7";"0";"0";"0";"19";"1";""
"202400044785";"155 702 927";"A01";"1";"33";"0";"6";"1";"17";"1";""
"202400044786";"155 702 924";"A01";"1";"10";"0";"2";"4";"23";"1";""
"202400044786";"155 702 926";"B01";"1";"10";"1";"0";"2";"21";"1";""
"202400044787";"155 702 923";"A01";"1";"7";"0";"2";"2";"1";"1";""
"202400044787";"155 702 925";"B01";"1";"10";"0";"2";"6";"11";"1";""
"202400044788";"155 702 921";"A01";"1";"33";"0";"6";"1";"1";"1";""
"202400044789";"155 702 920";"B01";"2";"50";"0";"2";"1";"1";"3";""
"202400044789";"155 702 922";"A01";"1";"1";"0";"2";"1";"25";"5";""
"202400044790";"155 702 917";"B01";"1";"1";"0";"0";"4";"1";"5";""
"202400044790";"155 702 919";"A01";"1";"10";"0";"2";"2";"2";"1";""
"202400044791";"155 702 916";"B01";"3";"7";"0";"2";"1";"2";"1";""
"202400044791";"155 702 918";"A01";"3";"15";"0";"2";"4";"26";"1";""
"202400044792";"155 702 914";"B01";"1";"7";"2";"2";"0";"1";"1";""
"202400044792";"155 702 915";"A01";"1";"7";"2";"2";"0";"17";"1";""
"202400044793";"155 702 913";"A01";"2";"7";"0";"0";"2";"0";"1";""
"202400044794";"155 702 909";"B01";"3";"7";"0";"2";"3";"1";"1";""
"202400044794";"155 702 911";"C01";"3";"7";"0";"2";"1";"1";"1";""
"202400044794";"155 702 912";"A01";"3";"7";"0";"2";"3";"1";"1";""
"202400044795";"155 702 910";"A01";"1";"7";"3";"0";"1";"14";"1";""
"202400044796";"155 702 908";"A01";"1";"7";"0";"1";"1";"1";"1";""
"202400044797";"155 702 905";"A01";"1";"7";"0";"1";"1";"1";"1";""
"202400044798";"155 702 903";"B01";"0";"37";"0";"1";"0";"15";"1";"1"
"202400044798";"155 702 907";"A01";"0";"0";"0";"2";"0";"19";"5";""
"202400044799";"155 702 904";"B01";"1";"2";"0";"2";"8";"1";"1";""
"202400044799";"155 702 906";"A01";"1";"2";"0";"0";"7";"1";"1";""
"202400044800";"155 702 900";"B01";"1";"1";"0";"2";"1";"13";"5";""
"202400044800";"155 702 902";"A01";"2";"10";"0";"2";"6";"1";"1";""
"202400044801";"155 702 898";"A01";"1";"30";"0";"2";"8";"1";"1";""
"202400044801";"155 702 901";"B01";"1";"7";"0";"2";"8";"0";"0";""