"Num_Acc";"id_vehicule";"num_veh";"senc";"catv";"obs";"obsm";"choc";"manv";"motor";"occutc"
"202400044999";"155 702 540";"A01";"2";"37";"0";"2";"6";"1";"2";"1"
"202400044999";"155 702 543";"B01";"3";"1";"0";"2";"1";"19";"5";""
"202400045000";"155 702 542";"A01";"1";"10";"0";"2";"1";"19";"1";""
"202400045000";"155 702 546";"B01";"2";"1";"0";"0";"7";"15";"5";""
"202400045001";"155 702 539";"A01";"3";"37";"0";"1";"2";"26";"4";"1"
"202400045002";"155 702 537";"A01";"1";"7";"0";"2";"1";"0";"1";""
"202400045003";"155 702 536";"A01";"3";"7";"15";"1";"5";"1";"1";""
"202400045004";"155 702 534";"A01";"1";"7";"2";"0";"1";"1";"1";""
"202400045005";"155 702 533";"C01";"3";"7";"0";"2";"4";"1";"1";""
"202400045005";"155 702 535";"B01";"3";"7";"0";"2";"4";"2";"1";""
"202400045005";"155 702 538";"A01";"0";"7";"0";"2";"1";"2";"2";""
"202400045006";"155 702 532";"A01";"0";"7";"0";"1";"0";"0";"0";""
"202400045007";"155 702 530";"A01";"3";"1";"0";"0";"0";"1";"5";""
"202400045008";"155 702 531";"A01";"2";"7";"1";"0";"1";"1";"1";""
"202400045009";"155 702 524";"A01";"1";"3";"13";"0";"1";"21";"1";""
"202400045010";"155 702 526";"C01";"3";"7";"0";"2";"1";"26";"1";""
"202400045010";"155 702 528";"A01";"3";"7";"0";"2";"4";"0";"1";""
"202400045010";"155 702 529";"B01";"3";"7";"0";"2";"1";"0";"1";""
"202400045011";"155 702 523";"B01";"3";"7";"0";"2";"7";"1";"1";""
"202400045011";"155 702 527";"A01";"3";"7";"0";"2";"2";"15";"1";""
"202400045012";"155 702 522";"B01";"2";"7";"0";"2";"1";"1";"1";""
"202400045012";"155 702 525";"A01";"0";"7";"0";"2";"3";"15";"1";""
"202400045013";"155 702 520";"A01";"1";"7";"0";"0";"0";"1";"1";""
"202400045014";"155 702 517";"B01";"0";"1";"0";"2";"3";"1";"5";""
"202400045014";"155 702 521";"A01";"1";"7";"0";"2";"1";"15";"1";""
"202400045015";"155 702 515";"A01";"3";"30";"0";"2";"1";"1";"1";""
"202400045015";"155 702 518";"B01";"3";"7";"0";"2";"1";"15";"1";""
"202400045016";"155 702 516";"A01";"1";"7";"0";"2";"3";"19";"1";""
"202400045016";"155 702 519";"B01";"1";"1";"0";"2";"4";"1";"5";""
"202400045017";"155 702 511";"B01";"3";"7";"0";"2";"3";"15";"1";""
"202400045017";"155 702 513";"A01";"3";"7";"0";"2";"1";"1";"1";""
"202400045018";"155 702 509";"A01";"1";"7";"2";"0";"2";"1";"1";""
"202400045019";"155 702 506";"A01";"2";"7";"0";"1";"3";"1";"1";""
"202400045020";"155 702 504";"B01";"3";"7";"0";"2";"2";"0";"0";""
"202400045020";"155 702 508";"A01";"3";"7";"0";"2";"3";"15";"0";""
"202400045021";"155 702 507";"A01";"3";"33";"0";"0";"1";"14";"1";""
"202400045022";"155 702 500";"A01";"1";"7";"0";"2";"1";"2";"1";""
"202400045022";"155 702 503";"B01";"1";"7";"0";"2";"6";"26";"1";""
"202400045022";"155 702 505";"C01";"1";"7";"0";"2";"4";"26";"1";""
"202400045023";"155 702 499";"A01";"1";"7";"0";"9";"1";"16";"1";""
"202400045023";"155 702 502";"B01";"1";"1";"0";"2";"5";"1";"5";""
"202400045024";"155 702 501";"A01";"0";"33";"1";"0";"2";"1";"1";""
"202400045025";"155 702 497";"A01";"1";"7";"0";"1";"4";"4";"2";""
"202400045026";"155 702 496";"A01";"0";"10";"8";"0";"3";"0";"1";""
"202400045027";"155 702 494";"B01";"3";"33";"1";"0";"3";"13";"1";""
"202400045028";"155 702 492";"A01";"1";"7";"0";"2";"5";"16";"1";""
"202400045028";"155 702 493";"B01";"1";"30";"0";"2";"3";"1";"1";""
"202400045029";"155 702 490";"A01";"2";"7";"4";"0";"5";"26";"1";""
"202400045030";"155 702 489";"A01";"1";"33";"0";"2";"1";"13";"1";""
"202400045030";"155 702 491";"B01";"2";"7";"0";"2";"2";"1";"1";""
"202400045031";"155 702 485";"A01";"3";"7";"0";"2";"2";"0";"1";""
"202400045031";"155 702 487";"B01";"3";"80";"0";"2";"1";"19";"2";""
"202400045032";"155 702 486";"A01";"2";"7";"0";"2";"1";"15";"1";""
"202400045032";"155 702 488";"B01";"1";"33";"0";"2";"1";"1";"1";""
"202400045033";"155 702 482";"A01";"1";"7";"0";"2";"2";"15";"1";""
"202400045033";"155 702 484";"B01";"2";"30";"0";"2";"1";"1";"3";""
"202400045034";"155 702 479";"A01";"2";"7";"0";"2";"2";"20";"1";""
"202400045034";"155 702 483";"B01";"1";"2";"0";"2";"1";"1";"1";""
"202400045035";"155 702 478";"A01";"2";"7";"3";"2";"1";"1";"1";""
"202400045035";"155 702 480";"B01";"1";"7";"0";"2";"1";"1";"1";""
"202400045036";"155 702 477";"A01";"1";"7";"0";"2";"1";"1";"1";""
"202400045036";"155 702 481";"B01";"1";"7";"0";"0";"0";"0";"1";""
"202400045037";"155 702 474";"A01";"0";"7";"0";"2";"4";"2";"1";""
"202400045037";"155 702 475";"B01";"0";"7";"14";"2";"1";"2";"0";""
"202400045038";"155 702 473";"A01";"3";"30";"0";"1";"1";"1";"1";""
"202400045039";"155 702 471";"A01";"2";"7";"0";"2";"1";"1";"1";""
"202400045039";"155 702 476";"B01";"2";"30";"0";"2";"3";"0";"1";""
"202400045040";"155 702 465";"B01";"1";"50";"0";"2";"1";"1";"3";""
"202400045040";"155 702 468";"A01";"1";"7";"0";"2";"3";"1";"1";""
"202400045041";"155 702 464";"A01";"1";"34";"0";"2";"1";"17";"1";""
"202400045041";"155 702 467";"B01";"1";"7";"0";"2";"6";"15";"1";""
"202400045042";"155 702 462";"A01";"1";"7";"5";"2";"0";"17";"1";""
"202400045042";"155 702 466";"B01";"1";"7";"5";"2";"0";"1";"1";""
"202400045043";"155 702 461";"A01";"2";"7";"0";"2";"3";"1";"1";""
"202400045043";"155 702 463";"B01";"2";"7";"14";"2";"2";"12";"1";""
"202400045044";"155 702 459";"A01";"3";"33";"13";"9";"1";"17";"1";""
"202400045045";"155 702 458";"A01";"2";"7";"0";"2";"3";"16";"2";""
"202400045045";"155 702 470";"B01";"2";"7";"0";"2";"2";"1";"1";""
"202400045046";"155 702 457";"A01";"2";"7";"0";"2";"1";"19";"2";""
"202400045046";"155 702 460";"B01";"1";"1";"0";"2";"7";"1";"5";""
"202400045047";"155 702 455";"A01";"0";"2";"0";"0";"0";"1";"3";""
"202400045048";"155 702 453";"B01";"1";"30";"0";"2";"1";"5";"1";""
"202400045048";"155 702 456";"A01";"2";"7";"0";"2";"2";"1";"1";""
"202400045049";"155 702 454";"A01";"2";"7";"3";"0";"8";"2";"1";""
"202400045050";"155 702 451";"A01";"1";"1";"0";"1";"2";"9";"5";""
"202400045051";"155 702 449";"B01";"2";"10";"0";"2";"1";"1";"1";""
"202400045051";"155 702 452";"A01";"1";"10";"0";"2";"3";"15";"1";""
"202400045052";"155 702 447";"A01";"3";"7";"0";"1";"1";"16";"1";""
"202400045053";"155 702 446";"A01";"1";"7";"2";"2";"1";"17";"1";""
"202400045053";"155 702 450";"B01";"2";"33";"0";"2";"1";"1";"1";""
"202400045054";"155 702 445";"A01";"1";"15";"0";"2";"7";"16";"1";""
"202400045054";"155 702 448";"B01";"1";"7";"0";"2";"8";"1";"3";""
"202400045055";"155 702 442";"A01";"1";"38";"0";"0";"7";"14";"1";"1"
"202400045056";"155 702 439";"A01";"1";"7";"3";"2";"1";"17";"1";""
"202400045056";"155 702 444";"B01";"1";"7";"3";"2";"4";"1";"1";""
"202400045057";"155 702 437";"A01";"2";"33";"0";"2";"2";"17";"1";""
"202400045057";"155 702 440";"B01";"2";"7";"0";"2";"3";"15";"1";""
"202400045058";"155 702 441";"A01";"2";"7";"12";"0";"3";"26";"2";""
"202400045058";"155 702 443";"B01";"1";"2";"0";"2";"1";"5";"1";""
"202400045059";"155 702 432";"A01";"1";"7";"13";"0";"3";"1";"1";""
"202400045060";"155 702 431";"A01";"3";"7";"0";"2";"1";"1";"1";""
"202400045060";"155 702 435";"B01";"3";"7";"0";"2";"8";"1";"1";""
"202400045061";"155 702 430";"A01";"2";"7";"1";"2";"1";"1";"1";""
"202400045061";"155 702 433";"B01";"2";"7";"1";"2";"4";"1";"1";""
"202400045061";"155 702 436";"D01";"2";"7";"0";"2";"4";"1";"1";""
"202400045061";"155 702 438";"C01";"2";"7";"1";"2";"4";"1";"1";""
"202400045062";"155 702 428";"B01";"2";"1";"0";"2";"1";"1";"5";""
"202400045062";"155 702 434";"C01";"1";"7";"0";"2";"7";"15";"1";""
"202400045063";"155 702 426";"A01";"1";"31";"0";"0";"8";"13";"1";""
"202400045064";"155 702 425";"A01";"3";"7";"0";"2";"5";"1";"1";""
"202400045064";"155 702 429";"B01";"3";"33";"0";"2";"1";"1";"1";""
"202400045065";"155 702 424";"A01";"1";"7";"4";"0";"3";"0";"1";""
"202400045066";"155 702 423";"B01";"3";"7";"0";"2";"7";"1";"1";""
"202400045066";"155 702 427";"A01";"2";"10";"0";"2";"1";"19";"1";""
"202400045067";"155 702 418";"A01";"2";"30";"0";"2";"1";"2";"1";""
"202400045067";"155 702 421";"B01";"2";"7";"0";"2";"4";"2";"2";""
"202400045068";"155 702 417";"A01";"1";"7";"0";"2";"2";"2";"1";""
"202400045068";"155 702 420";"B01";"1";"33";"7";"2";"1";"2";"1";""
"202400045069";"155 702 416";"A01";"1";"7";"0";"2";"4";"26";"2";""
"202400045069";"155 702 419";"B01";"1";"7";"0";"2";"1";"2";"1";""
"202400045070";"155 702 415";"A01";"2";"7";"0";"2";"3";"13";"1";""
"202400045070";"155 702 422";"B01";"1";"7";"0";"2";"3";"1";"1";""
"202400045071";"155 702 410";"B01";"2";"7";"0";"2";"3";"15";"1";""
"202400045071";"155 702 413";"A01";"2";"33";"0";"2";"2";"17";"1";""
"202400045072";"155 702 409";"A01";"1";"7";"0";"2";"9";"17";"1";""
"202400045072";"155 702 414";"B01";"1";"7";"0";"2";"4";"1";"1";""
"202400045073";"155 702 408";"A01";"2";"7";"0";"2";"6";"1";"1";""
"202400045073";"155 702 411";"B01";"2";"31";"0";"2";"2";"3";"1";""
"202400045074";"155 702 407";"B01";"1";"33";"0";"2";"1";"1";"1";""
"202400045074";"155 702 412";"A01";"0";"7";"0";"2";"7";"19";"2";""
"202400045075";"155 702 405";"A01";"2";"7";"0";"0";"9";"1";"1";""
"202400045076";"155 702 401";"A01";"1";"33";"0";"0";"8";"26";"1";""
"202400045077";"155 702 398";"A01";"1";"7";"8";"2";"1";"0";"1";""
"202400045077";"155 702 403";"B01";"1";"7";"0";"2";"6";"0";"1";""
"202400045078";"155 702 394";"B01";"3";"7";"0";"2";"3";"19";"1";""
"202400045078";"155 702 399";"A01";"1";"7";"0";"2";"2";"1";"1";""
"202400045079";"155 702 392";"A01";"2";"33";"0";"2";"1";"2";"1";""
"202400045079";"155 702 396";"B01";"2";"7";"0";"2";"4";"2";"1";""
"202400045080";"155 702 391";"A01";"3";"7";"0";"0";"2";"1";"1";""
"202400045080";"155 702 395";"B01";"3";"1";"0";"2";"1";"19";"5";""
"202400045081";"155 702 387";"A01";"1";"7";"0";"0";"4";"1";"1";""
"202400045081";"155 702 390";"B01";"1";"7";"0";"2";"1";"1";"1";""
"202400045081";"155 702 393";"C01";"1";"7";"0";"2";"3";"21";"1";""
"202400045081";"155 702 397";"D01";"1";"7";"0";"2";"1";"21";"1";""
"202400045081";"155 702 400";"E01";"1";"7";"0";"2";"6";"24";"1";""
"202400045081";"155 702 404";"F01";"1";"0";"0";"2";"1";"0";"0";""
"202400045082";"155 702 385";"A01";"2";"7";"0";"2";"8";"13";"1";""
"202400045082";"155 702 386";"B01";"2";"33";"0";"2";"1";"3";"1";""
"202400045083";"155 702 384";"B01";"2";"33";"0";"2";"1";"1";"1";""
"202400045083";"155 702 389";"A01";"1";"7";"0";"2";"2";"0";"3";""
"202400045084";"155 702 383";"A01";"3";"7";"0";"2";"5";"10";"1";""
"202400045084";"155 702 388";"B01";"3";"7";"0";"2";"3";"1";"1";""
"202400045085";"155 702 380";"A01";"1";"21";"0";"2";"3";"5";"0";""
"202400045085";"155 702 382";"B01";"1";"10";"0";"2";"3";"1";"0";""
"202400045086";"155 702 376";"A01";"1";"7";"0";"2";"4";"17";"1";""
"202400045086";"155 702 379";"C01";"1";"1";"0";"9";"6";"1";"5";""
"202400045086";"155 702 381";"B01";"1";"99";"0";"2";"1";"1";"1";""
"202400045087";"155 702 374";"A01";"1";"7";"4";"0";"3";"1";"1";""
"202400045088";"155 702 372";"A01";"2";"7";"13";"0";"3";"13";"1";""
"202400045089";"155 702 373";"A01";"1";"50";"0";"2";"1";"13";"3";""
"202400045089";"155 702 375";"B01";"1";"7";"0";"2";"2";"1";"0";""
"202400045090";"155 702 371";"A01";"2";"1";"0";"0";"0";"0";"5";""
"202400045091";"155 702 377";"A01";"0";"7";"0";"2";"3";"9";"1";""
"202400045091";"155 702 378";"B01";"1";"33";"0";"2";"2";"0";"1";""
"202400045092";"155 702 367";"A01";"1";"7";"8";"0";"2";"1";"1";""
"202400045093";"155 702 365";"A01";"2";"7";"0";"2";"2";"2";"1";""
"202400045093";"155 702 369";"B01";"2";"1";"0";"2";"4";"1";"5";""
"202400045094";"155 702 363";"A01";"2";"10";"8";"2";"1";"9";"1";""
"202400045094";"155 702 366";"B01";"2";"7";"8";"2";"4";"0";"1";""
"202400045094";"155 702 370";"C01";"2";"33";"8";"2";"1";"1";"1";""
"202400045095";"155 702 364";"B01";"0";"7";"0";"2";"4";"23";"1";""
"202400045095";"155 702 368";"A01";"0";"30";"0";"2";"1";"2";"1";""
"202400045096";"155 702 361";"A01";"2";"36";"0";"0";"8";"26";"1";""
"202400045097";"155 702 360";"A01";"0";"7";"0";"1";"1";"1";"1";""
"202400045098";"155 702 356";"B01";"3";"7";"0";"2";"8";"1";"1";""
"202400045098";"155 702 362";"A01";"3";"50";"0";"2";"1";"1";"3";""
"202400045099";"155 702 353";"B01";"2";"7";"0";"2";"1";"2";"1";""
"202400045099";"155 702 357";"A01";"1";"7";"13";"2";"1";"13";"1";""
"202400045100";"155 702 354";"A01";"2";"50";"8";"2";"1";"15";"3";""
"202400045100";"155 702 358";"B01";"1";"7";"0";"2";"3";"1";"1";""
"202400045101";"155 702 352";"A01";"1";"7";"0";"2";"4";"2";"3";""
"202400045101";"155 702 355";"B01";"1";"7";"0";"2";"1";"2";"1";""
"202400045101";"155 702 359";"C01";"1";"7";"0";"2";"4";"2";"1";""
"202400045102";"155 702 350";"A01";"1";"7";"0";"9";"8";"1";"1";""
"202400045102";"155 702 351";"B01";"1";"1";"0";"2";"1";"1";"5";""
"202400045103";"155 702 349";"A01";"2";"7";"2";"0";"0";"13";"1";""
"202400045104";"155 702 348";"A01";"0";"10";"0";"1";"5";"4";"1";""
"202400045105";"155 702 343";"A01";"0";"10";"0";"2";"1";"1";"1";""
"202400045105";"155 702 347";"B01";"0";"7";"0";"2";"3";"1";"1";""
"202400045106";"155 702 341";"A01";"1";"43";"0";"2";"1";"2";"1";""
"202400045106";"155 702 344";"B01";"1";"33";"0";"2";"4";"2";"1";""
"202400045107";"155 702 345";"Z01";"0";"7";"0";"1";"0";"15";"0";""
"202400045108";"155 702 342";"B01";"1";"7";"0";"2";"7";"1";"1";""
"202400045108";"155 702 346";"A01";"2";"7";"0";"2";"1";"9";"1";""
"202400045109";"155 702 337";"A01";"3";"7";"0";"2";"5";"0";"1";""
"202400045109";"155 702 339";"B01";"3";"10";"0";"2";"1";"0";"1";""
"202400045110";"155 702 338";"A01";"1";"7";"0";"2";"1";"9";"1";""
"202400045110";"155 702 340";"B01";"1";"7";"0";"2";"8";"1";"1";""
"202400045111";"155 702 336";"A01";"1";"10";"0";"1";"3";"1";"1";""
"202400045112";"155 702 332";"A01";"1";"7";"0";"1";"0";"1";"0";""
"202400045113";"155 702 331";"A01";"3";"7";"0";"2";"7";"11";"1";""
"202400045113";"155 702 335";"B01";"2";"33";"0";"2";"1";"1";"1";""
"202400045114";"155 702 329";"A01";"2";"10";"0";"2";"1";"15";"1";""
"202400045114";"155 702 333";"B01";"2";"31";"0";"2";"1";"1";"1";""
"202400045115";"155 702 327";"B01";"2";"2";"0";"2";"1";"1";"1";""
"202400045115";"155 702 334";"A01";"1";"7";"0";"2";"5";"15";"1";""
"202400045116";"155 702 328";"B01";"2";"1";"0";"2";"3";"2";"5";""
"202400045116";"155 702 330";"A01";"1";"14";"0";"2";"8";"1";"1";""
"202400045117";"155 702 324";"A01";"1";"1";"0";"2";"1";"1";"5";""
"202400045117";"155 702 326";"B01";"2";"1";"0";"2";"1";"1";"5";""
"202400045118";"155 702 325";"A01";"1";"7";"0";"1";"1";"1";"1";""
"202400045119";"155 702 322";"A01";"3";"31";"0";"2";"2";"1";"1";""
"202400045119";"155 702 323";"Z01";"3";"7";"0";"2";"0";"0";"0";""
"202400045120";"155 702 318";"A01";"2";"7";"0";"2";"2";"1";"1";""
"202400045120";"155 702 321";"B01";"2";"7";"0";"2";"4";"16";"1";""
"202400045121";"155 702 317";"A01";"2";"7";"0";"2";"1";"5";"2";""
"202400045121";"155 702 319";"B01";"1";"10";"0";"2";"8";"1";"1";""
"202400045122";"155 702 315";"B01";"2";"33";"0";"2";"1";"1";"1";""
"202400045122";"155 702 316";"A01";"1";"7";"0";"2";"8";"0";"1";""
"202400045123";"155 702 313";"A01";"2";"7";"4";"0";"2";"1";"1";""
"202400045124";"155 702 311";"A01";"2";"7";"8";"0";"1";"1";"1";""
"202400045125";"155 702 312";"A01";"2";"30";"0";"1";"1";"1";"1";""
"202400045126";"155 702 308";"A01";"1";"7";"0";"2";"1";"1";"1";""
"202400045126";"155 702 310";"B01";"2";"7";"0";"2";"2";"19";"1";""
"202400045127";"155 702 309";"A01";"2";"7";"0";"2";"4";"2";"1";""
"202400045127";"155 702 314";"B01";"2";"7";"0";"2";"4";"1";"1";""
"202400045128";"155 702 302";"A01";"1";"1";"0";"2";"2";"1";"5";""
"202400045128";"155 702 306";"B01";"2";"10";"0";"2";"3";"15";"0";""
"202400045129";"155 702 301";"A01";"1";"7";"8";"0";"1";"1";"1";""
"202400045130";"155 702 304";"A01";"1";"10";"0";"2";"1";"13";"1";""
"202400045130";"155 702 305";"B01";"2";"7";"0";"2";"3";"1";"1";""
"202400045130";"155 702 307";"C01";"2";"7";"0";"2";"1";"1";"1";""
"202400045131";"155 702 303";"A01";"3";"7";"8";"0";"1";"1";"1";""
"202400045132";"155 702 300";"A01";"2";"10";"0";"1";"2";"17";"1";""
"202400045133";"155 702 298";"A01";"1";"14";"15";"0";"3";"0";"0";""
"202400045134";"155 702 297";"A01";"1";"7";"0";"2";"4";"9";"1";""
"202400045134";"155 702 299";"B01";"1";"7";"0";"2";"1";"9";"2";""
"202400045135";"155 702 296";"A01";"2";"1";"0";"0";"0";"23";"5";""
"202400045136";"155 702 293";"B01";"2";"7";"0";"2";"1";"1";"0";""
"202400045136";"155 702 295";"A01";"1";"1";"0";"2";"2";"15";"5";""
"202400045137";"155 702 290";"A01";"0";"2";"0";"2";"3";"11";"1";""
"202400045137";"155 702 294";"B01";"0";"7";"0";"2";"7";"1";"1";""
"202400045138";"155 702 289";"B01";"1";"37";"0";"2";"4";"23";"1";"1"
"202400045138";"155 702 291";"A01";"1";"7";"0";"2";"1";"1";"1";""
"202400045139";"155 702 287";"A01";"2";"2";"3";"0";"7";"1";"1";""
"202400045140";"155 702 288";"A01";"2";"34";"0";"2";"1";"1";"1";""
"202400045140";"155 702 292";"B01";"3";"7";"0";"2";"1";"15";"1";""
"202400045141";"155 702 285";"A01";"1";"7";"0";"2";"4";"4";"1";""
"202400045141";"155 702 286";"B01";"1";"2";"0";"2";"1";"2";"1";""
"202400045142";"155 702 281";"A01";"1";"7";"0";"9";"6";"23";"1";""
"202400045142";"155 702 284";"B01";"1";"1";"0";"2";"1";"2";"5";""
"202400045143";"155 702 279";"A01";"1";"7";"13";"0";"1";"0";"1";""
"202400045144";"155 702 278";"A01";"1";"7";"0";"9";"3";"1";"0";""
"202400045144";"155 702 282";"B01";"2";"33";"0";"2";"3";"1";"1";""
"202400045145";"155 702 280";"A01";"1";"33";"0";"2";"3";"17";"1";""
"202400045145";"155 702 283";"B01";"2";"7";"0";"2";"3";"1";"1";""
"202400045146";"155 702 274";"A01";"3";"7";"0";"2";"6";"10";"2";""
"202400045146";"155 702 276";"B01";"3";"43";"0";"2";"1";"1";"1";""
"202400045147";"155 702 273";"A01";"2";"1";"0";"2";"0";"0";"5";""
"202400045147";"155 702 277";"B01";"3";"50";"0";"2";"0";"0";"3";""
"202400045148";"155 702 271";"B01";"1";"33";"0";"2";"1";"1";"1";""
"202400045148";"155 702 275";"A01";"2";"7";"0";"2";"8";"9";"2";""
"202400045149";"155 702 272";"A01";"1";"31";"0";"0";"9";"21";"1";""
"202400045150";"155 702 270";"A01";"1";"7";"0";"1";"8";"1";"1";""
"202400045151";"155 702 269";"A01";"1";"7";"0";"1";"1";"1";"1";""
"202400045152";"155 702 265";"B01";"1";"14";"0";"0";"4";"2";"1";""
"202400045152";"155 702 267";"A01";"1";"10";"0";"2";"1";"17";"1";""
"202400045153";"155 702 264";"A01";"0";"7";"0";"2";"7";"9";"1";""
"202400045153";"155 702 266";"B01";"0";"33";"0";"2";"1";"1";"1";""
"202400045154";"155 702 263";"A01";"2";"7";"0";"2";"8";"1";"1";""
"202400045154";"155 702 268";"B01";"1";"33";"0";"2";"1";"1";"1";""
"202400045155";"155 702 262";"A01";"1";"0";"0";"1";"8";"2";"0";""
"202400045156";"155 702 259";"A01";"2";"7";"0";"1";"3";"1";"1";""
"202400045157";"155 702 258";"A01";"0";"7";"14";"0";"1";"1";"1";""
"202400045158";"155 702 256";"A01";"1";"7";"0";"2";"7";"15";"1";""
"202400045158";"155 702 260";"B01";"2";"32";"0";"2";"1";"0";"1";""
"202400045159";"155 702 255";"B01";"2";"50";"0";"2";"0";"0";"3";""
"202400045159";"155 702 261";"A01";"2";"7";"0";"9";"3";"0";"1";""
"202400045160";"155 702 254";"A01";"1";"7";"0";"2";"6";"15";"1";""
"202400045160";"155 702 257";"B01";"2";"34";"0";"2";"2";"21";"1";""
"202400045161";"155 702 253";"A01";"1";"1";"12";"0";"0";"14";"5";""
"202400045162";"155 702 251";"B01";"1";"80";"0";"2";"1";"1";"3";""
"202400045162";"155 702 252";"A01";"2";"7";"0";"2";"1";"26";"1";""
"202400045163";"155 702 249";"B01";"2";"10";"0";"2";"1";"1";"1";""
"202400045163";"155 702 250";"A01";"2";"1";"0";"2";"1";"5";"5";""
"202400045164";"155 702 241";"B01";"2";"32";"0";"2";"3";"1";"1";""
"202400045164";"155 702 244";"A01";"2";"7";"0";"2";"5";"2";"1";""
"202400045165";"155 702 242";"B01";"1";"2";"0";"2";"2";"1";"1";""
"202400045165";"155 702 246";"A01";"2";"7";"0";"2";"3";"9";"1";""
"202400045166";"155 702 239";"A01";"1";"7";"0";"0";"4";"23";"1";""
"202400045166";"155 702 247";"B01";"1";"7";"1";"0";"1";"2";"1";""
"202400045167";"155 702 238";"D01";"0";"10";"0";"2";"4";"1";"1";""
"202400045167";"155 702 240";"A01";"3";"7";"0";"2";"1";"1";"0";""
"202400045167";"155 702 245";"B01";"3";"7";"0";"2";"6";"1";"1";""
"202400045167";"155 702 248";"C01";"3";"7";"0";"2";"4";"1";"1";""
"202400045168";"155 702 237";"A01";"2";"7";"0";"2";"1";"2";"1";""
"202400045168";"155 702 243";"B01";"2";"7";"0";"2";"4";"15";"1";""
"202400045169";"155 702 236";"A01";"1";"50";"0";"0";"0";"0";"3";""
"202400045170";"155 702 233";"A01";"1";"7";"0";"9";"1";"15";"1";""
"202400045170";"155 702 235";"B01";"2";"99";"0";"2";"8";"1";"0";""
"202400045171";"155 702 229";"A01";"1";"43";"0";"2";"3";"17";"1";""
"202400045171";"155 702 232";"B01";"1";"10";"0";"2";"6";"15";"1";""
"202400045172";"155 702 228";"A01";"2";"33";"13";"0";"7";"1";"1";""
"202400045173";"155 702 226";"A01";"0";"80";"0";"0";"0";"0";"3";""
"202400045174";"155 702 225";"B01";"1";"15";"0";"2";"7";"12";"0";""
"202400045174";"155 702 227";"A01";"1";"33";"0";"2";"8";"1";"1";""
"202400045174";"155 702 230";"C01";"1";"7";"0";"2";"7";"1";"2";""
"202400045174";"155 702 231";"D01";"1";"7";"0";"2";"7";"1";"1";""
"202400045174";"155 702 234";"E01";"1";"10";"0";"2";"4";"1";"1";""
"202400045175";"155 702 224";"A01";"3";"40";"0";"1";"5";"1";"3";""
"202400045176";"155 702 221";"B01";"2";"80";"0";"2";"2";"5";"3";""
"202400045176";"155 702 223";"A01";"1";"7";"0";"2";"2";"16";"1";""
"202400045177";"155 702 217";"B01";"3";"7";"0";"2";"1";"1";"1";""
"202400045177";"155 702 222";"A01";"2";"7";"0";"2";"2";"1";"1";""
"202400045178";"155 702 218";"A01";"1";"14";"0";"2";"1";"15";"1";""
"202400045178";"155 702 220";"B01";"2";"1";"0";"2";"1";"1";"5";""
"202400045179";"155 702 213";"A01";"0";"7";"0";"2";"1";"1";"1";""
"202400045179";"155 702 214";"B01";"0";"7";"0";"2";"4";"23";"1";""
"202400045180";"155 702 210";"A01";"3";"7";"0";"1";"1";"1";"1";""
"202400045181";"155 702 211";"A01";"1";"7";"13";"0";"3";"13";"1";""
"202400045182";"155 702 208";"A01";"1";"7";"0";"2";"1";"17";"2";""
"202400045182";"155 702 215";"B01";"1";"7";"0";"2";"1";"1";"1";""
"202400045182";"155 702 216";"C01";"2";"15";"0";"2";"1";"1";"1";""
"202400045182";"155 702 219";"D01";"2";"7";"0";"2";"1";"1";"1";""
"202400045183";"155 702 204";"A01";"1";"33";"13";"0";"2";"1";"1";""
"202400045184";"155 702 205";"A01";"3";"10";"0";"1";"3";"15";"1";""
"202400045185";"155 702 202";"A01";"0";"10";"0";"2";"1";"9";"1";""
"202400045185";"155 702 207";"B01";"0";"7";"0";"2";"7";"1";"1";""
"202400045186";"155 702 200";"B01";"1";"50";"0";"2";"1";"19";"3";""
"202400045186";"155 702 203";"A01";"1";"10";"0";"2";"7";"1";"1";""
"202400045187";"155 702 199";"A01";"2";"7";"16";"0";"0";"1";"1";""
"202400045188";"155 702 201";"A01";"3";"36";"0";"2";"3";"13";"1";""
"202400045188";"155 702 206";"B01";"3";"31";"0";"2";"1";"1";"1";""
"202400045189";"155 702 198";"A01";"3";"30";"0";"0";"7";"1";"3";""
"202400045190";"155 702 193";"A01";"1";"33";"0";"0";"2";"21";"1";""
"202400045191";"155 702 191";"A01";"2";"20";"0";"0";"1";"0";"1";""
"202400045192";"155 702 192";"A01";"1";"7";"0";"2";"7";"12";"1";""
"202400045192";"155 702 196";"B01";"1";"32";"0";"2";"8";"1";"1";""
"202400045193";"155 702 195";"A01";"1";"7";"0";"1";"1";"1";"1";""
"202400045194";"155 702 188";"A01";"2";"34";"0";"2";"2";"1";"1";""
"202400045194";"155 702 190";"B01";"3";"7";"0";"2";"3";"1";"1";""
"202400045195";"155 702 186";"A01";"1";"2";"0";"1";"1";"2";"1";""
"202400045196";"155 702 182";"A01";"1";"7";"0";"2";"4";"1";"1";""
"202400045196";"155 702 183";"B01";"1";"7";"0";"2";"6";"2";"1";""
"202400045196";"155 702 187";"C01";"1";"7";"0";"2";"1";"2";"1";""
"202400045196";"155 702 189";"D01";"1";"7";"0";"2";"1";"2";"1";""
"202400045197";"155 702 179";"A01";"1";"1";"0";"0";"0";"1";"5";""