"Num_Acc";"id_vehicule";"num_veh";"senc";"catv";"obs";"obsm";"choc";"manv";"motor";"occutc"
"202400045198";"155 702 176";"A01";"3";"7";"0";"2";"2";"15";"1";""
"202400045198";"155 702 184";"B01";"2";"33";"0";"2";"7";"2";"1";""
"202400045199";"155 702 180";"A01";"1";"7";"4";"0";"1";"1";"1";""
"202400045200";"155 702 175";"B01";"1";"50";"0";"2";"1";"1";"3";""
"202400045200";"155 702 178";"A01";"2";"7";"0";"2";"8";"15";"1";""
"202400045201";"155 702 174";"A01";"2";"7";"0";"2";"1";"2";"1";""
"202400045201";"155 702 177";"D01";"2";"7";"0";"2";"4";"2";"1";""
"202400045201";"155 702 181";"B01";"2";"7";"0";"2";"4";"2";"1";""
"202400045201";"155 702 185";"C01";"2";"7";"0";"2";"4";"23";"1";""
"202400045202";"155 702 169";"A01";"1";"31";"16";"0";"7";"13";"1";""
"202400045203";"155 702 166";"A01";"1";"7";"0";"2";"4";"1";"1";""
"202400045203";"155 702 171";"B01";"1";"7";"0";"2";"4";"1";"1";""
"202400045203";"155 702 172";"C01";"1";"7";"0";"2";"4";"1";"1";""
"202400045203";"155 702 173";"D01";"1";"7";"0";"2";"1";"1";"1";""
"202400045204";"155 702 164";"B01";"3";"7";"0";"2";"3";"1";"1";""
"202400045204";"155 702 167";"A01";"3";"7";"0";"2";"3";"1";"1";""
"202400045205";"155 702 163";"A01";"2";"7";"0";"1";"1";"1";"1";""
"202400045206";"155 702 165";"A01";"2";"30";"0";"2";"1";"1";"1";""
"202400045206";"155 702 170";"B01";"1";"7";"0";"2";"2";"15";"1";""
"202400045207";"155 702 162";"A01";"3";"7";"1";"0";"8";"0";"1";""
"202400045207";"155 702 168";"B01";"3";"7";"0";"2";"1";"24";"1";""
"202400045208";"155 702 161";"A01";"2";"17";"0";"0";"8";"1";"1";""
"202400045209";"155 702 160";"A01";"2";"7";"2";"0";"4";"1";"1";""
"202400045210";"155 702 158";"A01";"2";"7";"2";"0";"1";"1";"1";""
"202400045211";"155 702 157";"A01";"3";"33";"0";"2";"8";"1";"1";""
"202400045211";"155 702 159";"B01";"3";"7";"0";"2";"2";"12";"1";""
"202400045212";"155 702 152";"A01";"1";"7";"2";"0";"1";"1";"1";""
"202400045213";"155 702 154";"B01";"2";"33";"0";"2";"8";"3";"1";""
"202400045213";"155 702 156";"A01";"2";"7";"0";"2";"2";"12";"1";""
"202400045214";"155 702 151";"A01";"1";"33";"12";"0";"8";"16";"1";""
"202400045215";"155 702 153";"A01";"1";"7";"0";"1";"2";"1";"1";""
"202400045216";"155 702 150";"A01";"2";"7";"0";"2";"1";"1";"1";""
"202400045216";"155 702 155";"B01";"2";"20";"0";"2";"4";"1";"1";""
"202400045217";"155 702 148";"A01";"2";"10";"0";"2";"4";"1";"0";""
"202400045217";"155 702 149";"B01";"2";"14";"0";"2";"1";"0";"0";""
"202400045218";"155 702 146";"A01";"1";"34";"0";"0";"0";"1";"1";""
"202400045219";"155 702 143";"A01";"1";"7";"0";"2";"1";"13";"1";""
"202400045219";"155 702 147";"B01";"2";"7";"0";"2";"1";"13";"1";""
"202400045220";"155 702 142";"A01";"1";"33";"0";"2";"7";"1";"1";""
"202400045220";"155 702 145";"B01";"1";"7";"0";"2";"8";"15";"2";""
"202400045221";"155 702 141";"A01";"1";"7";"0";"1";"2";"15";"1";""
"202400045222";"155 702 140";"B01";"1";"32";"0";"2";"1";"1";"1";""
"202400045222";"155 702 144";"A01";"1";"7";"0";"2";"5";"1";"1";""
"202400045223";"155 702 136";"A01";"2";"30";"0";"2";"7";"12";"1";""
"202400045223";"155 702 139";"B01";"2";"10";"0";"2";"6";"1";"1";""
"202400045224";"155 702 132";"A01";"3";"7";"0";"0";"2";"1";"1";""
"202400045225";"155 702 130";"B01";"1";"7";"0";"1";"3";"24";"1";""
"202400045225";"155 702 134";"A01";"1";"10";"1";"0";"2";"1";"1";""
"202400045226";"155 702 131";"A01";"3";"21";"0";"0";"9";"0";"1";""
"202400045226";"155 702 137";"B01";"3";"7";"0";"0";"2";"1";"1";""
"202400045227";"155 702 129";"A01";"2";"7";"0";"2";"1";"1";"1";""
"202400045227";"155 702 135";"B01";"2";"7";"0";"2";"4";"1";"1";""
"202400045227";"155 702 138";"C01";"2";"7";"0";"2";"1";"1";"1";""
"202400045228";"155 702 128";"A01";"1";"7";"0";"0";"1";"15";"1";""
"202400045228";"155 702 133";"B01";"2";"33";"0";"0";"8";"2";"1";""
"202400045229";"155 702 124";"B01";"1";"7";"0";"2";"8";"1";"1";""
"202400045229";"155 702 127";"A01";"1";"33";"0";"2";"7";"15";"1";""
"202400045230";"155 702 125";"A01";"2";"10";"0";"2";"7";"2";"3";""
"202400045230";"155 702 126";"B01";"2";"33";"0";"2";"1";"0";"1";""
"202400045231";"155 702 123";"A01";"1";"33";"0";"0";"1";"21";"1";""
"202400045232";"155 702 122";"A01";"1";"7";"13";"0";"3";"1";"1";""
"202400045233";"155 702 119";"B01";"1";"33";"0";"2";"1";"3";"1";""
"202400045233";"155 702 121";"A01";"1";"10";"0";"2";"6";"12";"1";""
"202400045234";"155 702 117";"A01";"1";"7";"0";"2";"7";"1";"1";""
"202400045234";"155 702 120";"B01";"2";"10";"0";"2";"1";"1";"1";""
"202400045235";"155 702 116";"A01";"2";"7";"17";"0";"1";"0";"1";""
"202400045236";"155 702 115";"A01";"2";"7";"6";"0";"1";"14";"1";""
"202400045237";"155 702 110";"A01";"2";"7";"0";"2";"6";"15";"1";""
"202400045237";"155 702 114";"B01";"2";"33";"0";"2";"1";"17";"1";""
"202400045238";"155 702 112";"A01";"1";"7";"0";"2";"3";"11";"2";""
"202400045238";"155 702 113";"B01";"1";"31";"0";"2";"7";"3";"1";""
"202400045238";"155 702 118";"C01";"1";"7";"0";"2";"4";"1";"1";""
"202400045239";"155 702 109";"A01";"2";"17";"8";"0";"7";"2";"1";""
"202400045240";"155 702 108";"A01";"2";"43";"0";"2";"1";"3";"1";""
"202400045240";"155 702 111";"B01";"2";"7";"0";"2";"5";"12";"1";""
"202400045241";"155 702 106";"A01";"2";"7";"0";"1";"3";"1";"1";""
"202400045242";"155 702 105";"B01";"1";"7";"0";"2";"1";"0";"1";""
"202400045242";"155 702 107";"A01";"2";"3";"0";"2";"2";"15";"1";""
"202400045243";"155 702 101";"A01";"2";"7";"0";"9";"2";"1";"1";""
"202400045243";"155 702 103";"B01";"2";"1";"0";"0";"4";"1";"5";""
"202400045244";"155 702 100";"A01";"2";"7";"4";"0";"1";"14";"1";""
"202400045245";"155 702 099";"A01";"1";"7";"0";"2";"1";"2";"1";""
"202400045245";"155 702 104";"B01";"1";"7";"0";"2";"4";"2";"1";""
"202400045246";"155 702 096";"A01";"2";"1";"0";"1";"2";"1";"5";""
"202400045247";"155 702 093";"B01";"1";"7";"0";"2";"4";"23";"1";""
"202400045247";"155 702 095";"A01";"1";"7";"0";"2";"1";"1";"1";""
"202400045248";"155 702 098";"A01";"0";"14";"0";"2";"5";"16";"1";""
"202400045248";"155 702 102";"B01";"0";"1";"0";"2";"1";"1";"5";""
"202400045249";"155 702 094";"A01";"1";"7";"6";"0";"3";"1";"1";""
"202400045250";"155 702 097";"A01";"0";"7";"0";"1";"3";"15";"1";""
"202400045251";"155 702 091";"B01";"2";"17";"0";"2";"4";"2";"1";""
"202400045251";"155 702 092";"A01";"2";"37";"0";"2";"1";"2";"1";"1"
"202400045252";"155 702 089";"A01";"1";"7";"13";"0";"1";"1";"1";""
"202400045253";"155 702 087";"A01";"1";"7";"0";"2";"1";"15";"1";""
"202400045253";"155 702 090";"B01";"2";"31";"0";"2";"2";"1";"1";""
"202400045254";"155 702 082";"A01";"1";"33";"3";"0";"5";"1";"1";""
"202400045254";"155 702 086";"B01";"2";"33";"0";"2";"0";"1";"1";""
"202400045255";"155 702 080";"A01";"0";"7";"0";"2";"1";"13";"1";""
"202400045255";"155 702 085";"B01";"0";"7";"0";"2";"1";"1";"1";""
"202400045256";"155 702 083";"A01";"2";"10";"13";"0";"1";"13";"1";""
"202400045257";"155 702 078";"A01";"2";"7";"0";"2";"2";"1";"1";""
"202400045257";"155 702 081";"B01";"2";"7";"0";"2";"6";"11";"1";""
"202400045257";"155 702 088";"C01";"2";"7";"0";"2";"1";"2";"2";""
"202400045258";"155 702 075";"A01";"2";"42";"0";"2";"8";"3";"1";""
"202400045258";"155 702 079";"B01";"2";"7";"0";"2";"7";"12";"1";""
"202400045258";"155 702 084";"C01";"2";"7";"0";"2";"4";"1";"2";""
"202400045259";"155 702 073";"A01";"2";"7";"0";"2";"5";"22";"2";""
"202400045259";"155 702 077";"B01";"3";"1";"0";"2";"1";"1";"5";""
"202400045260";"155 702 071";"A01";"1";"7";"2";"0";"1";"1";"1";""
"202400045261";"155 702 070";"A01";"2";"7";"0";"2";"3";"17";"1";""
"202400045261";"155 702 072";"B01";"1";"33";"0";"2";"1";"1";"1";""
"202400045262";"155 702 068";"A01";"1";"7";"6";"0";"1";"1";"1";""
"202400045263";"155 702 069";"B01";"2";"99";"7";"2";"3";"1";"0";""
"202400045263";"155 702 074";"C01";"2";"7";"0";"0";"1";"23";"2";""
"202400045263";"155 702 076";"A01";"1";"10";"9";"2";"1";"1";"1";""
"202400045264";"155 702 065";"B01";"2";"7";"0";"2";"4";"1";"1";""
"202400045264";"155 702 067";"A01";"2";"7";"0";"2";"1";"1";"1";""
"202400045265";"155 702 064";"A01";"2";"7";"0";"2";"1";"1";"1";""
"202400045265";"155 702 066";"B01";"1";"7";"0";"2";"1";"1";"1";""
"202400045266";"155 702 063";"A01";"2";"7";"4";"0";"1";"13";"1";""
"202400045267";"155 702 062";"A01";"1";"1";"12";"0";"1";"2";"5";""
"202400045268";"155 702 059";"A01";"2";"7";"14";"0";"3";"1";"1";""
"202400045269";"155 702 058";"A01";"1";"7";"0";"2";"1";"1";"1";""
"202400045269";"155 702 060";"B01";"1";"7";"0";"0";"4";"1";"1";""
"202400045270";"155 702 055";"A01";"2";"7";"0";"2";"3";"9";"1";""
"202400045270";"155 702 061";"B01";"2";"7";"0";"2";"1";"1";"1";""
"202400045271";"155 702 057";"A01";"3";"7";"0";"1";"2";"15";"1";""
"202400045272";"155 702 054";"A01";"2";"7";"3";"0";"1";"26";"1";""
"202400045273";"155 702 053";"A01";"1";"7";"4";"0";"1";"21";"1";""
"202400045274";"155 702 051";"A01";"1";"7";"5";"2";"1";"1";"1";""
"202400045274";"155 702 056";"B01";"1";"7";"0";"2";"6";"1";"1";""
"202400045275";"155 702 052";"A01";"2";"10";"0";"1";"4";"4";"1";""
"202400045276";"155 702 048";"B01";"1";"7";"0";"2";"3";"1";"1";""
"202400045276";"155 702 050";"A01";"1";"33";"0";"2";"1";"5";"1";""
"202400045277";"155 702 045";"A01";"1";"7";"1";"0";"0";"0";"1";""
"202400045278";"155 702 044";"A01";"1";"7";"0";"2";"8";"10";"3";""
"202400045278";"155 702 049";"B01";"1";"7";"0";"2";"6";"1";"2";""
"202400045279";"155 702 042";"Z01";"2";"7";"0";"2";"7";"16";"1";""
"202400045279";"155 702 046";"B01";"2";"34";"0";"2";"8";"3";"1";""
"202400045280";"155 702 039";"A01";"1";"7";"0";"2";"3";"11";"1";""
"202400045280";"155 702 041";"B01";"1";"7";"0";"2";"1";"2";"1";""
"202400045281";"155 702 043";"A01";"2";"7";"0";"2";"7";"15";"1";""
"202400045281";"155 702 047";"B01";"1";"2";"0";"2";"1";"1";"1";""
"202400045282";"155 702 037";"A01";"1";"30";"0";"0";"0";"0";"1";""
"202400045283";"155 702 036";"B01";"1";"7";"0";"2";"1";"1";"2";""
"202400045283";"155 702 040";"A01";"3";"31";"0";"2";"3";"19";"1";""
"202400045284";"155 702 033";"A01";"3";"2";"0";"2";"1";"13";"1";""
"202400045284";"155 702 035";"B01";"3";"7";"0";"2";"1";"1";"1";""
"202400045285";"155 702 034";"A01";"1";"10";"0";"2";"3";"13";"1";""
"202400045285";"155 702 038";"B01";"2";"7";"0";"2";"3";"1";"1";""
"202400045286";"155 702 032";"A01";"1";"7";"3";"0";"2";"1";"1";""
"202400045287";"155 702 030";"A01";"1";"7";"0";"1";"3";"1";"1";""
"202400045288";"155 702 026";"B01";"3";"10";"0";"2";"6";"24";"1";""
"202400045288";"155 702 029";"A01";"3";"7";"1";"0";"2";"14";"2";""
"202400045289";"155 702 028";"A01";"1";"32";"0";"2";"3";"3";"1";""
"202400045289";"155 702 031";"B01";"1";"7";"0";"2";"2";"12";"1";""
"202400045290";"155 702 023";"A01";"2";"33";"13";"0";"1";"13";"1";""
"202400045290";"155 702 027";"B01";"2";"33";"13";"0";"1";"13";"1";""
"202400045291";"155 702 022";"A01";"1";"7";"7";"0";"1";"1";"1";""
"202400045292";"155 702 024";"A01";"1";"7";"0";"1";"1";"1";"1";""
"202400045293";"155 702 020";"A01";"1";"33";"0";"0";"0";"0";"1";""
"202400045294";"155 702 019";"A01";"1";"7";"0";"9";"8";"23";"1";""
"202400045294";"155 702 021";"B01";"1";"7";"0";"9";"4";"23";"1";""
"202400045294";"155 702 025";"C01";"1";"7";"0";"2";"7";"2";"1";""
"202400045295";"155 702 015";"A01";"1";"31";"0";"2";"8";"3";"3";""
"202400045295";"155 702 018";"B01";"1";"7";"0";"2";"7";"14";"1";""
"202400045296";"155 702 013";"A01";"1";"30";"0";"2";"3";"11";"3";""
"202400045296";"155 702 016";"B01";"1";"32";"0";"2";"2";"1";"1";""
"202400045297";"155 702 011";"A01";"1";"1";"1";"0";"2";"1";"5";""
"202400045298";"155 702 014";"A01";"2";"7";"0";"1";"1";"1";"1";""
"202400045299";"155 702 012";"B01";"2";"1";"0";"2";"2";"16";"5";""
"202400045299";"155 702 017";"A01";"2";"7";"0";"2";"3";"15";"1";""
"202400045300";"155 702 008";"A01";"2";"7";"0";"0";"0";"14";"1";""
"202400045301";"155 702 009";"A01";"3";"7";"2";"0";"1";"1";"1";""
"202400045302";"155 702 005";"B01";"3";"30";"0";"2";"1";"1";"1";""
"202400045302";"155 702 010";"A01";"3";"7";"0";"2";"6";"19";"1";""
"202400045303";"155 702 003";"A01";"2";"33";"12";"0";"1";"1";"1";""
"202400045304";"155 702 000";"A01";" -1";"7";"0";"2";"1";"1";"2";""
"202400045304";"155 702 004";"B01";" -1";"7";"0";"0";"4";" -1";"1";""
"202400045305";"155 701 999";"A01";"2";"7";"0";"0";"4";"26";"1";""
"202400045305";"155 702 002";"B01";"2";"7";"0";"2";"4";"26";"1";""
"202400045305";"155 702 007";"C01";"2";"7";"0";"2";"1";"26";"1";""
"202400045306";"155 702 001";"A01";"1";"7";"0";"2";"2";"19";"1";""
"202400045306";"155 702 006";"B01";"2";"7";"0";"2";"1";"1";"1";""
"202400045307";"155 701 996";"A01";"1";"7";"6";"9";"2";"2";"1";""
"202400045308";"155 701 995";"A01";"3";"33";"0";"0";"0";"0";"1";""
"202400045309";"155 701 993";"B01";"1";"32";"0";"2";"1";"2";"1";""
"202400045309";"155 701 997";"A01";"1";"7";"0";"2";"2";"1";"1";""
"202400045310";"155 701 990";"A01";"2";"15";"0";"2";"1";"2";"1";""
"202400045310";"155 701 994";"B01";"2";"7";"0";"2";"4";"2";"1";""
"202400045310";"155 701 998";"C01";"2";"14";"0";"2";"4";"2";"1";""
"202400045311";"155 701 989";"A01";"3";"10";"0";"2";"1";"17";"1";""
"202400045311";"155 701 992";"B01";"3";"7";"0";"2";"1";"1";"1";""
"202400045312";"155 701 988";"A01";"1";"7";"0";"2";"1";"15";"1";""
"202400045312";"155 701 991";"B01";"2";"2";"0";"2";"2";"1";"1";""
"202400045313";"155 701 987";"A01";"2";"7";"0";"1";"3";"11";"2";""
"202400045314";"155 701 985";"A01";"2";"7";"0";"0";"0";"1";"1";""
"202400045315";"155 701 981";"A01";"2";"43";"0";"2";"1";"3";"1";""
"202400045315";"155 701 984";"B01";"2";"7";"0";"2";"8";"2";"1";""
"202400045316";"155 701 980";"A01";"1";"10";"0";"2";"4";"26";"1";""
"202400045316";"155 701 983";"B01";"1";"7";"0";"2";"4";"0";"1";""
"202400045316";"155 701 986";"C01";"1";"7";"0";"2";"4";"0";"1";""
"202400045317";"155 701 979";"A01";"1";"7";"0";"1";"1";"1";"1";""
"202400045318";"155 701 977";"A01";"1";"7";"0";"2";"3";"13";"1";""
"202400045318";"155 701 982";"B01";"2";"15";"0";"2";"3";"1";"1";""
"202400045319";"155 701 974";"B01";"1";"7";"0";"2";"8";"1";"1";""
"202400045319";"155 701 976";"A01";"1";"50";"0";"2";"1";"16";"3";""
"202400045320";"155 701 973";"A01";"1";"7";"8";"2";"1";"13";"1";""
"202400045321";"155 701 975";"A01";"1";"21";"0";"2";"3";"15";"1";""
"202400045321";"155 701 978";"B01";"2";"33";"0";"2";"1";"1";"1";""
"202400045322";"155 701 972";"A01";"1";"33";"8";"0";"1";"0";"1";""
"202400045323";"155 701 967";"A01";"1";"7";"6";"0";"3";"1";"1";""
"202400045324";"155 701 965";"A01";"1";"7";"6";"0";"1";"0";"1";""
"202400045325";"155 701 963";"C01";"1";"7";"0";"2";"4";"23";"1";""
"202400045325";"155 701 969";"A01";"1";"7";"0";"2";"1";"1";"1";""
"202400045325";"155 701 971";"B01";"1";"10";"0";"2";"4";"23";"1";""
"202400045326";"155 701 964";"B01";"3";"33";"0";"2";"8";"16";"1";""
"202400045326";"155 701 968";"A01";"1";"7";"0";"2";"2";"1";"1";""
"202400045327";"155 701 966";"A01";"3";"7";"0";"1";"4";"26";"1";""
"202400045328";"155 701 962";"B01";"2";"7";"0";"2";"1";"1";"1";""
"202400045328";"155 701 970";"A01";"1";"7";"0";"2";"7";"19";"1";""
"202400045329";"155 701 957";"A01";"1";"7";"4";"0";"1";"26";"1";""
"202400045330";"155 701 959";"B01";"1";"7";"0";"2";"8";"15";"1";""
"202400045330";"155 701 961";"A01";"1";"33";"0";"2";"0";"0";"1";""
"202400045331";"155 701 956";"A01";"1";"33";"0";"2";"2";"3";"1";""
"202400045331";"155 701 960";"B01";"1";"7";"0";"2";"5";"1";"2";""
"202400045332";"155 701 953";"A01";"1";"10";"0";"2";"2";"2";"1";""
"202400045332";"155 701 958";"B01";"1";"80";"0";"2";"4";"2";"3";""
"202400045333";"155 701 954";"A01";"1";"7";"0";"1";"1";"1";"1";""
"202400045334";"155 701 952";"A01";"1";"7";"0";"1";"1";"1";"1";""
"202400045334";"155 701 955";"B01";"2";"7";"0";"0";" -1";"23";"1";""
"202400045335";"155 701 948";"A01";"2";"7";"0";"1";"1";"16";"1";""
"202400045336";"155 701 945";"A01";"2";"33";"0";"2";"1";"1";"1";""
"202400045336";"155 701 950";"B01";"2";"7";"0";"2";"6";"1";"1";""
"202400045337";"155 701 944";"A01";"2";"7";"0";"0";"4";"1";"1";""
"202400045337";"155 701 949";"B01";"2";"7";"0";"0";"1";"2";"0";""
"202400045338";"155 701 946";"A01";"2";"7";"0";"1";"3";"1";"1";""
"202400045339";"155 701 947";"A01";"2";"33";"0";"2";"1";"11";"1";""
"202400045339";"155 701 951";"B01";"2";"21";"0";"2";"6";"15";"1";""
"202400045340";"155 701 942";"A01";"2";"10";"4";"0";"1";"1";"1";""
"202400045341";"155 701 940";"B01";"1";"7";"0";"2";"1";"2";"1";""
"202400045341";"155 701 943";"A01";"1";"7";"0";"2";"4";"2";"1";""
"202400045342";"155 701 938";"A01";"2";"7";"13";"0";"2";"1";"1";""
"202400045343";"155 701 937";"A01";"3";"7";"0";"1";"1";"1";"1";""
"202400045344";"155 701 934";"B01";"2";"7";"0";"2";"4";"2";"1";""
"202400045344";"155 701 939";"A01";"2";"7";"0";"2";"1";"2";"1";""
"202400045344";"155 701 941";"C01";"2";"10";"0";"2";"4";"2";"1";""
"202400045345";"155 701 936";"A01";"2";"7";"0";"0";"9";"1";"1";""
"202400045346";"155 701 931";"A01";"1";"33";"0";"2";"8";"1";"1";""
"202400045347";"155 701 933";"A01";"1";"7";"0";"2";"6";"16";"1";""
"202400045347";"155 701 935";"B01";"2";"1";"0";"2";"1";"17";"5";""
"202400045348";"155 701 932";"A01";"1";"1";"0";"5";"1";"1";"5";""
"202400045349";"155 701 928";"A01";"2";"33";"3";"0";"9";"1";"1";""
"202400045350";"155 701 929";"A01";"1";"7";"3";"0";"1";"0";"1";""
"202400045351";"155 701 927";"A01";"1";"33";"4";"0";"8";"17";"1";""
"202400045352";"155 701 925";"B01";"3";"50";"0";"2";"1";"1";"3";""
"202400045352";"155 701 930";"A01";"3";"7";"0";"2";"0";"26";"0";""
"202400045353";"155 701 924";"A01";"3";"7";"0";"9";"1";"1";"1";""
"202400045353";"155 701 926";"B01";"3";"50";"0";"2";"1";"13";"3";""
"202400045354";"155 701 921";"A01";"2";"33";"4";"0";"8";"16";"1";""
"202400045355";"155 701 917";"A01";"2";"7";"0";"2";"4";"1";"1";""
"202400045355";"155 701 922";"B01";"2";"10";"0";"2";"1";"1";"1";""
"202400045356";"155 701 916";"A01";"1";"33";"0";"2";"1";"2";"1";""
"202400045356";"155 701 920";"B01";"1";"7";"0";"2";"6";"0";"1";""
"202400045357";"155 701 919";"A01";"1";"7";"0";"2";"1";"5";"1";""
"202400045357";"155 701 923";"B01";"2";"7";"0";"2";"2";"1";"1";""
"202400045358";"155 701 915";"A01";"0";"30";"0";"2";"1";"17";"1";""
"202400045358";"155 701 918";"B01";"0";"7";"0";"2";"3";"9";"1";""
"202400045359";"155 701 911";"A01";"1";"7";"0";"2";"4";"1";"1";""
"202400045359";"155 701 914";"B01";"1";"10";"0";"2";"1";"1";"1";""
"202400045360";"155 701 908";"A01";"1";"13";"0";"2";"2";"12";"1";""
"202400045360";"155 701 913";"B01";"1";"7";"0";"2";"6";"1";"0";""
"202400045361";"155 701 909";"A01";"1";"7";"13";"0";"8";"1";"1";""
"202400045362";"155 701 906";"A01";"0";"7";"0";"2";"1";"26";"1";""
"202400045362";"155 701 912";"B01";"0";"7";"0";"2";"1";"0";"1";""
"202400045363";"155 701 904";"A01";"1";"7";"0";"2";"1";"2";"1";""
"202400045363";"155 701 907";"B01";"1";"7";"0";"2";"4";"2";"1";""
"202400045363";"155 701 910";"C01";"1";"7";"0";"2";"4";"2";"1";""
"202400045364";"155 701 899";"A01";"2";"7";"0";"2";"2";"16";"1";""
"202400045364";"155 701 903";"B01";"2";"1";"0";"2";"1";"1";"5";""
"202400045365";"155 701 898";"B01";"3";"7";"0";"2";"4";"23";"1";""
"202400045365";"155 701 905";"A01";"1";"7";"0";"2";"1";"2";"1";""
"202400045366";"155 701 894";"A01";"1";"30";"0";"0";"0";"0";"1";""
"202400045367";"155 701 895";"B01";"1";"1";"0";"0";"9";"1";"5";""
"202400045367";"155 701 897";"A01";"1";"10";"0";"0";"0";"18";"1";""
"202400045367";"155 701 902";"C01";"1";"1";"0";"2";"1";"1";"5";""
"202400045368";"155 701 888";"A01";"3";"31";"0";"2";"1";"1";"1";""
"202400045368";"155 701 892";"B01";"1";"7";"0";"2";"0";"0";"1";""
"202400045369";"155 701 885";"C01";"1";"7";"0";"2";"4";"2";"1";""
"202400045369";"155 701 889";"D01";"1";"7";"0";"2";"5";"2";"2";""
"202400045369";"155 701 890";"E01";"1";"7";"0";"2";"8";"1";"1";""
"202400045369";"155 701 893";"F01";"1";"7";"0";"2";"4";"1";"1";""
"202400045369";"155 701 896";"A01";"1";"7";"0";"2";"1";"2";"1";""
"202400045369";"155 701 900";"B01";"1";"33";"0";"2";"4";"2";"1";""
"202400045370";"155 701 886";"A01";"3";"7";"13";"0";"1";"13";"1";""
"202400045371";"155 701 882";"B01";"0";"1";"0";"2";"1";"1";"5";""
"202400045371";"155 701 887";"A01";"0";"7";"0";"2";"1";"16";"1";""
"202400045372";"155 701 884";"A01";"1";"7";"4";"2";"6";"18";"1";""
"202400045372";"155 701 891";"B01";"1";"7";"4";"2";"5";"0";"1";""
"202400045372";"155 701 901";"C01";"1";"7";"4";"2";"0";"0";"2";""
"202400045373";"155 701 881";"B01";"1";"60";"0";"2";"8";"19";"5";""
"202400045373";"155 701 883";"A01";"1";"7";"0";"2";"2";"0";"1";""
"202400045374";"155 701 878";"A01";"2";"7";"13";"0";"1";"13";"1";""
"202400045375";"155 701 877";"A01";"1";"7";"0";"1";"2";"1";"1";""
"202400045376";"155 701 876";"A01";"0";"7";"0";"2";"1";"1";"1";""
"202400045376";"155 701 880";"B01";"0";"7";"0";"2";"1";"13";"1";""
"202400045377";"155 701 872";"A01";"3";"7";"0";"1";"3";"1";"1";""
"202400045378";"155 701 871";"A01";"1";"7";"0";"2";"1";"1";"1";""
"202400045378";"155 701 879";"B01";"1";"3";"0";"2";"8";"1";"3";""
"202400045379";"155 701 874";"A01";"1";"10";"0";"1";"2";"0";"1";""
"202400045380";"155 701 873";"A01";"2";"10";"0";"2";"0";"0";"1";""
"202400045380";"155 701 875";"B01";"2";"32";"0";"2";"1";"1";"1";""
"202400045381";"155 701 868";"A01";"1";"32";"0";"2";"5";"17";"1";""
"202400045381";"155 701 870";"B01";"1";"15";"0";"2";"5";"1";"1";""
"202400045382";"155 701 867";"B01";"1";"33";"0";"2";"1";"1";"1";""
"202400045382";"155 701 869";"A01";"2";"7";"0";"2";"3";"15";"1";""
"202400045383";"155 701 864";"A01";"2";"33";"0";"0";"0";"3";"1";""
"202400045384";"155 701 863";"A01";"1";"7";"8";"2";"1";"13";"1";""
"202400045384";"155 701 865";"B01";"2";"32";"0";"2";"1";"1";"1";""
"202400045385";"155 701 861";"A01";"1";"7";"7";"2";"2";"5";"1";""
"202400045385";"155 701 866";"B01";"2";"7";"12";"2";"1";"1";"1";""
"202400045386";"155 701 859";"A01";"2";"7";"0";"1";"7";"2";"1";""
"202400045387";"155 701 858";"B01";"3";"7";"0";"9";"3";"0";"1";""
"202400045387";"155 701 860";"A01";"3";"50";"0";"2";"3";"26";"3";""
"202400045388";"155 701 857";"A01";"2";"7";"5";"0";"4";"1";"1";""
"202400045389";"155 701 856";"B01";"0";"7";"1";"0";"3";"13";"1";""
"202400045389";"155 701 862";"A01";"0";"7";"0";"2";"3";"24";"1";""
"202400045390";"155 701 855";"A01";"2";"7";"0";"1";"0";"0";"2";""
"202400045391";"155 701 853";"A01";"0";"36";"8";"0";"2";"0";"1";""
"202400045392";"155 701 852";"A01";"1";"7";"0";"0";"2";"0";"1";""
"202400045393";"155 701 850";"A01";"3";"7";"0";"1";"6";"26";"2";""
"202400045394";"155 701 849";"A01";"1";"33";"1";"2";"7";"14";"1";""
"202400045394";"155 701 851";"C01";"1";"7";"0";"2";"2";"1";"1";""
"202400045395";"155 701 844";"B01";"2";"50";"0";"2";"7";"1";"3";""
"202400045395";"155 701 847";"A01";"2";"7";"0";"2";"1";"9";"1";""
"202400045396";"155 701 845";"B01";"1";"33";"0";"2";"2";"2";"1";""
"202400045396";"155 701 848";"A01";"1";"7";"0";"0";"3";"10";"1";""
"202400045397";"155 701 842";"A01";"1";"7";"0";"2";"3";"19";"1";""
"202400045397";"155 701 843";"B01";"1";"7";"0";"2";"1";"1";"1";""
"202400045398";"155 701 846";"A01";"1";"7";"0";"0";"3";"0";"1";""
"202400045399";"155 701 835";"A01";"1";"33";"0";"0";"8";"1";"1";""
"202400045400";"155 701 836";"A01";"1";"7";"0";"9";"1";"1";"1";""
"202400045400";"155 701 841";"B01";"1";"1";"0";"2";"6";"9";"5";""
"202400045401";"155 701 837";"B01";"2";"10";"0";"2";"1";"1";"1";""
"202400045401";"155 701 840";"A01";"2";"32";"0";"2";"4";"2";" -1";""
"202400045402";"155 701 831";"D01";"1";"7";"1";"2";"4";"0";"1";""
"202400045402";"155 701 834";"A01";"1";"7";"1";"0";"2";"14";"1";""