"Num_Acc";"id_vehicule";"num_veh";"senc";"catv";"obs";"obsm";"choc";"manv";"motor";"occutc"
"202400046007";"155 700 763";"A01";"1";"14";"0";"1";"7";"2";"1";""
"202400046008";"155 700 757";"B01";"2";"1";"0";"0";"1";"19";"5";""
"202400046008";"155 700 761";"A01";"2";"7";"0";"9";"3";"26";"1";""
"202400046009";"155 700 754";"A01";"3";"10";"0";"1";"0";"1";"1";""
"202400046010";"155 700 755";"A01";"1";"33";"0";"2";"2";"2";"1";""
"202400046010";"155 700 759";"B01";"1";"7";"0";"2";"2";"0";"2";""
"202400046010";"155 700 762";"C01";"1";"7";"0";"0";"6";"1";"1";""
"202400046011";"155 700 752";"A01";"1";"7";"0";"2";"7";"17";"1";""
"202400046011";"155 700 760";"B01";"1";"15";"0";"2";"6";"1";"1";""
"202400046012";"155 700 753";"A01";"3";"7";"0";"2";"2";"15";"1";""
"202400046012";"155 700 756";"B01";"3";"30";"0";"2";"1";"1";"1";""
"202400046013";"155 700 758";"A01";"1";"15";"14";"0";"1";"1";"1";""
"202400046014";"155 700 748";"B01";"1";"7";"0";"2";"8";"15";"1";""
"202400046014";"155 700 751";"A01";"1";"31";"0";"2";"1";"17";"1";""
"202400046015";"155 700 744";"A01";"1";"7";"0";"2";"3";"1";"1";""
"202400046015";"155 700 749";"B01";"1";"7";"0";"2";"3";"0";"1";""
"202400046016";"155 700 740";"B01";"3";"2";"0";"2";"1";"1";"1";""
"202400046016";"155 700 743";"A01";"3";"10";"0";"2";"2";"13";"1";""
"202400046017";"155 700 739";"A01";"1";"7";"0";"2";"2";"1";"1";""
"202400046017";"155 700 747";"B01";"2";"50";"0";"2";"3";"1";"3";""
"202400046018";"155 700 735";"A01";"1";"7";"0";"2";"1";"2";"1";""
"202400046018";"155 700 738";"B01";"1";"7";"0";"2";"4";"1";"1";""
"202400046018";"155 700 742";"C01";"1";"7";"0";"2";"4";"2";"1";""
"202400046019";"155 700 736";"A01";"1";"10";"0";"2";"9";"2";"1";""
"202400046019";"155 700 741";"C01";"1";"7";"0";"2";"1";"2";"1";""
"202400046019";"155 700 746";"B01";"1";"15";"0";"0";"5";"2";"1";""
"202400046020";"155 700 734";"A01";"2";"7";"0";"1";"1";"1";"1";""
"202400046021";"155 700 729";"A01";"2";"7";"0";"2";"3";"19";"1";""
"202400046021";"155 700 731";"B01";"1";"31";"0";"2";"1";"1";"1";""
"202400046022";"155 700 726";"A01";"1";"7";"0";"2";"1";"2";"1";""
"202400046022";"155 700 730";"Z01";"1";"7";"0";"2";"8";"0";"1";""
"202400046023";"155 700 727";"B01";"2";"7";"0";"2";"8";"15";"1";""
"202400046023";"155 700 732";"A01";"1";"7";"0";"2";"2";"17";"1";""
"202400046024";"155 700 725";"B01";"1";"33";"0";"2";"8";"1";"1";""
"202400046024";"155 700 728";"A01";"1";"7";"0";"2";"5";"12";"1";""
"202400046025";"155 700 723";"A01";"2";"7";"4";"2";"9";"1";"1";""
"202400046025";"155 700 724";"C01";"2";"7";"0";"0";"4";"1";"1";""
"202400046025";"155 700 733";"B01";"2";"7";"4";"2";"9";"1";"1";""
"202400046025";"155 700 737";"D01";"2";"7";"4";"0";"3";"1";"1";""
"202400046025";"155 700 745";"E01";"2";"7";"0";"2";"2";"1";"1";""
"202400046026";"155 700 721";"A01";"1";"7";"0";"1";"5";"26";"1";""
"202400046027";"155 700 718";"B01";"2";"7";"0";"2";"4";"2";"1";""
"202400046027";"155 700 722";"A01";"2";"7";"0";"2";"1";"2";"1";""
"202400046028";"155 700 717";"A01";"3";"32";"12";"0";"1";"13";"1";""
"202400046029";"155 700 719";"A01";"3";"36";"0";"0";"3";"1";"1";""
"202400046030";"155 700 715";"A01";"1";"7";"0";"2";"8";"11";"1";""
"202400046030";"155 700 720";"B01";"1";"34";"0";"2";"7";"2";"1";""
"202400046031";"155 700 713";"A01";"2";"16";"0";"2";"4";"4";"1";""
"202400046031";"155 700 716";"B01";"2";"31";"0";"0";"1";"2";"1";""
"202400046032";"155 700 710";"A01";"3";"7";"0";"2";"8";"15";"2";""
"202400046032";"155 700 714";"B01";"3";"33";"0";"2";"1";"1";"1";""
"202400046033";"155 700 707";"A01";"2";"38";"2";"0";"3";"13";"1";"1"
"202400046034";"155 700 708";"A01";"2";"7";"0";"2";"3";"1";"1";""
"202400046034";"155 700 712";"Z01";"2";"7";"0";"2";"1";"1";"0";""
"202400046035";"155 700 706";"A01";"1";"15";"0";"0";"1";"1";"1";""
"202400046036";"155 700 705";"A01";"0";"7";"0";"0";"2";"0";"1";""
"202400046036";"155 700 709";"B01";"3";"7";"0";"0";"1";"0";"1";""
"202400046037";"155 700 704";"A01";"3";"7";"0";"1";"1";"15";"3";""
"202400046038";"155 700 703";"A01";"1";"10";"0";"1";"0";"1";"1";""
"202400046039";"155 700 698";"A01";"1";"7";"0";"2";"1";"5";"1";""
"202400046039";"155 700 701";"B01";"2";"7";"0";"2";"1";"1";"1";""
"202400046040";"155 700 699";"A01";"2";"7";"2";"0";"1";"0";"1";""
"202400046041";"155 700 700";"A01";"1";"33";"4";"0";"8";"16";"1";""
"202400046042";"155 700 697";"A01";"3";"7";"0";"2";"8";"15";"1";""
"202400046042";"155 700 702";"B01";"2";"32";"0";"2";"3";"0";"1";""
"202400046043";"155 700 696";"A01";"3";"33";"0";"0";"0";"1";"1";""
"202400046044";"155 700 695";"A01";"1";"7";"0";"1";"0";"1";"1";""
"202400046045";"155 700 690";"A01";"1";"50";"0";"2";"1";"1";"3";""
"202400046045";"155 700 693";"B01";"1";"3";"0";"0";"3";"15";"1";""
"202400046046";"155 700 689";"A01";"3";"2";"0";"0";"0";"2";"1";""
"202400046047";"155 700 688";"A01";"1";"7";"3";"2";"4";"9";"1";""
"202400046047";"155 700 692";"B01";"1";"38";"0";"2";"2";"2";"1";"1"
"202400046048";"155 700 686";"B01";"1";"7";"0";"2";"6";"2";"1";""
"202400046048";"155 700 691";"A01";"1";"32";"0";"2";"1";"2";"1";""
"202400046049";"155 700 684";"C01";"3";"7";"0";"2";"1";"1";"1";""
"202400046049";"155 700 687";"A01";"3";"7";"0";"2";"5";"10";"1";""
"202400046049";"155 700 694";"B01";"3";"7";"0";"2";"1";"21";"1";""
"202400046050";"155 700 683";"A01";"3";"37";"0";"2";"7";"16";"1";"1"
"202400046050";"155 700 685";"B01";"3";"33";"0";"2";"1";"1";"1";""
"202400046051";"155 700 680";"A01";"0";"7";"0";"2";"1";"15";"1";""
"202400046051";"155 700 682";"B01";"0";"7";"0";"2";"1";"1";"1";""
"202400046052";"155 700 679";"A01";"2";"7";"0";"0";"9";"26";"1";""
"202400046053";"155 700 678";"B01";"2";"7";"0";"2";"3";"1";"1";""
"202400046053";"155 700 681";"A01";"1";"10";"0";"2";"3";"1";"1";""
"202400046054";"155 700 674";"B01";"3";"50";"0";"2";"8";"19";"3";""
"202400046054";"155 700 676";"A01";"1";"7";"0";"2";"2";"1";"1";""
"202400046055";"155 700 673";"A01";"1";"7";"0";"2";"1";"17";"1";""
"202400046055";"155 700 677";"B01";"2";"7";"3";"2";"1";"1";"2";""
"202400046056";"155 700 671";"B01";"2";"7";"0";"0";"6";"2";"1";""
"202400046056";"155 700 675";"A01";"2";"7";"0";"2";"2";"2";"1";""
"202400046057";"155 700 670";"A01";"1";"32";"0";"6";"1";"1";"1";""
"202400046058";"155 700 668";"A01";"1";"7";"0";"1";"1";"1";"1";""
"202400046059";"155 700 665";"A01";"0";"32";"2";"0";"1";"1";"1";""
"202400046060";"155 700 667";"B01";"0";"33";"0";"2";"7";"1";"1";""
"202400046060";"155 700 672";"A01";"0";"7";"0";"9";"2";"15";"1";""
"202400046061";"155 700 664";"B01";"2";"7";"0";"2";"3";"1";"1";""
"202400046061";"155 700 669";"A01";"1";"31";"0";"2";"3";"1";"1";""
"202400046062";"155 700 663";"B01";"1";"1";"0";"2";"8";"15";"5";""
"202400046062";"155 700 666";"A01";"1";"7";"0";"9";"2";"16";"1";""
"202400046063";"155 700 661";"A01";"2";"10";"9";"0";"1";"1";"1";""
"202400046064";"155 700 656";"A01";"1";"33";"5";"0";"1";"1";"1";""
"202400046065";"155 700 657";"A01";"2";"30";"0";"0";"0";"0";"6";""
"202400046066";"155 700 660";"A01";"2";"10";"0";"2";"5";"11";"1";""
"202400046066";"155 700 662";"B01";"1";"33";"0";"2";"1";"1";"1";""
"202400046067";"155 700 655";"B01";"3";"10";"13";"0";"8";"1";"1";""
"202400046067";"155 700 659";"A01";"3";"7";"0";"2";"1";"9";"1";""
"202400046068";"155 700 652";"A01";"2";"33";"3";"0";"7";"16";"1";""
"202400046069";"155 700 649";"A01";"2";"33";"8";"0";"8";"1";"1";""
"202400046070";"155 700 648";"A01";"2";"2";"0";"0";"8";"1";"1";""
"202400046071";"155 700 650";"A01";"2";"33";"0";"2";"1";"2";"1";""
"202400046071";"155 700 653";"B01";"2";"7";"0";"2";"4";"2";"1";""
"202400046072";"155 700 647";"B01";"2";"7";"0";"2";"3";"1";"1";""
"202400046072";"155 700 651";"A01";"2";"15";"0";"2";"2";"12";"1";""
"202400046073";"155 700 645";"A01";"1";"7";"0";"0";"3";"1";"1";""
"202400046074";"155 700 644";"A01";"1";"33";"0";"2";"7";"2";"1";""
"202400046074";"155 700 646";"B01";"1";"10";"0";"2";"0";"0";"1";""
"202400046075";"155 700 639";"A01";"3";"7";"1";"0";"3";"1";"1";""
"202400046076";"155 700 636";"A01";"1";"7";"0";"2";"8";"1";"1";""
"202400046076";"155 700 641";"B01";"1";"7";"0";"2";"1";"9";"1";""
"202400046077";"155 700 637";"A01";"1";"33";"0";"2";"4";"11";"1";""
"202400046077";"155 700 642";"B01";"1";"33";"0";"2";"1";"3";"1";""
"202400046078";"155 700 638";"A01";"1";"10";"0";"1";"1";"26";"1";""
"202400046079";"155 700 633";"D01";"2";"7";"2";"2";"1";"1";"2";""
"202400046079";"155 700 635";"A01";"1";"7";"1";"0";"1";"13";"1";""
"202400046079";"155 700 640";"B01";"1";"7";"0";"2";"6";"23";"1";""
"202400046079";"155 700 643";"C01";"1";"7";"0";"2";"4";"17";"1";""
"202400046080";"155 700 629";"A01";"3";"7";"0";"2";"3";"19";"1";""
"202400046080";"155 700 632";"B01";"3";"33";"0";"2";"8";"17";"1";""
"202400046081";"155 700 628";"A01";"2";"17";"0";"2";"3";"1";"1";""
"202400046081";"155 700 631";"B01";"1";"31";"0";"2";"1";"13";"1";""
"202400046082";"155 700 630";"A01";"1";"50";"14";"0";"8";"1";"3";""
"202400046083";"155 700 627";"A01";"0";"30";"13";"0";"2";"1";"1";""
"202400046084";"155 700 626";"A01";"2";"10";"0";"2";"2";"16";"1";""
"202400046084";"155 700 634";"B01";"2";"7";"0";"2";"8";"1";"1";""
"202400046085";"155 700 624";"A01";"3";"7";"8";"0";"5";"1";"1";""
"202400046086";"155 700 622";"A01";"1";"2";"0";"0";"6";"2";"1";""
"202400046087";"155 700 621";"A01";"1";"10";"0";"2";"1";"1";"1";""
"202400046087";"155 700 623";"B01";"1";"1";"0";"2";"7";"1";"5";""
"202400046088";"155 700 619";"A01";"1";"7";"0";"2";"3";"1";"3";""
"202400046088";"155 700 625";"B01";"2";"32";"0";"2";"1";"1";"1";""
"202400046089";"155 700 616";"B01";"1";"1";"0";"2";"7";"1";"5";""
"202400046089";"155 700 618";"Z01";"2";"7";"0";"2";"1";"16";"1";""
"202400046090";"155 700 615";"A01";"0";"7";"1";"1";"1";"0";"1";""
"202400046091";"155 700 612";"A01";"3";"3";"0";"0";"0";"14";"1";""
"202400046092";"155 700 611";"A01";"3";"10";"0";"2";"3";"2";"1";""
"202400046092";"155 700 614";"B01";"3";"7";"7";"2";"2";"15";"1";""
"202400046093";"155 700 609";"B01";"2";"1";"0";"2";"8";"1";"5";""
"202400046093";"155 700 613";"A01";"2";"10";"0";"9";"1";"1";"1";""
"202400046094";"155 700 610";"A01";"1";"10";"8";"0";"1";"1";"3";""
"202400046095";"155 700 617";"B01";"1";"1";"0";"2";"3";"1";"5";""
"202400046095";"155 700 620";"A01";"1";"7";"0";"2";"2";"16";"1";""
"202400046096";"155 700 606";"A01";"2";"10";"0";"2";"1";"2";"1";""
"202400046096";"155 700 608";"B01";"2";"13";"0";"2";"4";"2";"0";""
"202400046097";"155 700 604";"B01";"2";"15";"0";"2";"5";"1";"0";""
"202400046097";"155 700 607";"A01";"1";"7";"0";"2";"2";"21";"1";""
"202400046098";"155 700 599";"A01";"3";"7";"0";"2";"1";"9";"1";""
"202400046098";"155 700 603";"B01";"2";"1";"0";"2";"8";"1";"5";""
"202400046099";"155 700 596";"A01";"1";"2";"0";"2";"7";"1";"3";""
"202400046099";"155 700 605";"Z01";"1";"7";"0";"2";"1";"1";"2";""
"202400046100";"155 700 595";"B01";"2";"7";"0";"2";"1";"2";"1";""
"202400046100";"155 700 600";"A01";"2";"7";"0";"2";"1";"2";"1";""
"202400046100";"155 700 601";"C01";"2";"7";"0";"2";"4";"2";"1";""
"202400046101";"155 700 594";"A01";"2";"33";"8";"2";"6";"1";"1";""
"202400046101";"155 700 598";"B01";"1";"7";"0";"2";"3";"0";"1";""
"202400046102";"155 700 592";"C01";"2";"7";"0";"2";"0";"1";"1";""
"202400046102";"155 700 597";"A01";"2";"7";"0";"2";"1";"13";"1";""
"202400046102";"155 700 602";"B01";"1";"7";"0";"2";"1";"1";"1";""
"202400046103";"155 700 591";"A01";"2";"3";"0";"2";"3";"19";"1";""
"202400046103";"155 700 593";"B01";"1";"7";"0";"2";"1";"1";"1";""
"202400046104";"155 700 590";"A01";"3";"7";"3";"0";"0";"1";"1";""
"202400046105";"155 700 586";"A01";"1";"2";"0";"2";"1";"18";"3";""
"202400046105";"155 700 589";"B01";"1";"7";"0";"2";"5";"1";"1";""
"202400046106";"155 700 587";"A01";"1";"7";"0";"1";"1";"1";"1";""
"202400046107";"155 700 581";"A01";"1";"7";"0";"2";"3";"15";"1";""
"202400046107";"155 700 588";"B01";"1";"7";"0";"2";"1";"1";"1";""
"202400046108";"155 700 579";"A01";"3";"7";"0";"2";"2";"2";"1";""
"202400046108";"155 700 583";"B01";"3";"1";"0";"2";"1";"19";"5";""
"202400046109";"155 700 580";"A01";"2";"17";"0";"0";"4";"15";"1";""
"202400046109";"155 700 584";"B01";"2";"7";"0";"0";"1";"1";"1";""
"202400046110";"155 700 573";"A01";"1";"32";"0";"2";"2";"16";"1";""
"202400046110";"155 700 575";"B01";"1";"7";"0";"2";"3";"1";"2";""
"202400046111";"155 700 572";"A01";"1";"7";"0";"2";"1";"16";"1";""
"202400046111";"155 700 574";"B01";"1";"7";"0";"2";"4";"23";"1";""
"202400046112";"155 700 570";"A01";"2";"7";"0";"1";"3";"1";"1";""
"202400046113";"155 700 569";"A01";"1";"10";"0";"0";"0";"0";"1";""
"202400046114";"155 700 576";"A01";"2";"10";"0";"2";"1";"2";"1";""
"202400046114";"155 700 578";"B01";"2";"2";"0";"2";"5";"2";"1";""
"202400046115";"155 700 567";"B01";"1";"50";"0";"2";"0";"0";"3";""
"202400046115";"155 700 571";"A01";"2";"33";"0";"2";"1";"1";"0";""
"202400046116";"155 700 565";"A01";"2";"10";"0";"2";"1";"2";"1";""
"202400046116";"155 700 568";"B01";"2";"7";"0";"0";"4";"2";"1";""
"202400046117";"155 700 562";"A01";"2";"7";"0";"2";"3";"11";"1";""
"202400046117";"155 700 564";"B01";"2";"32";"0";"2";"7";"1";"1";""
"202400046118";"155 700 563";"Z01";"2";"7";"0";"2";"1";"1";"0";""
"202400046118";"155 700 566";"A01";"1";"31";"0";"2";"1";"1";"3";""
"202400046119";"155 700 559";"A01";"2";"50";"0";"2";"8";"19";"3";""
"202400046119";"155 700 561";"Z01";"2";"32";"0";"2";"0";"0";"0";""
"202400046120";"155 700 557";"A01";"3";"7";"0";"2";"1";"19";"1";""
"202400046120";"155 700 560";"B01";"3";"2";"0";"2";"2";"1";"1";""
"202400046121";"155 700 553";"B01";"1";"7";"0";"2";"4";"2";"1";""
"202400046121";"155 700 558";"A01";"1";"7";"0";"2";"1";"2";"1";""
"202400046122";"155 700 551";"B01";"2";"7";"0";"2";"4";"1";"1";""
"202400046122";"155 700 554";"C01";"2";"14";"0";"2";"4";"1";"1";""
"202400046122";"155 700 556";"A01";"2";"10";"0";"2";"1";"1";"1";""
"202400046123";"155 700 552";"B01";"2";"7";"0";"2";"8";"1";"1";""
"202400046123";"155 700 555";"A01";"1";"7";"9";"2";"3";"13";"1";""
"202400046124";"155 700 547";"A01";"3";"7";"0";"2";"2";"10";"1";""
"202400046124";"155 700 549";"B01";"3";"31";"0";"2";"1";"1";"1";""
"202400046125";"155 700 548";"A01";"1";"10";"0";"2";"2";"26";"1";""
"202400046125";"155 700 550";"B01";"1";"33";"0";"2";"3";"0";"1";""
"202400046126";"155 700 545";"A01";"1";"10";"4";"0";"0";"0";"1";""
"202400046127";"155 700 544";"A01";"2";"7";"0";"2";"2";"2";"1";""
"202400046127";"155 700 546";"B01";"2";"7";"0";"2";"4";"23";"3";""
"202400046128";"155 700 541";"Z01";"1";"7";"0";"1";"1";"0";"0";""
"202400046129";"155 700 543";"A01";"3";"1";"0";"0";"0";"1";"5";""
"202400046130";"155 700 539";"B01";"2";"10";"0";"2";"3";"1";"1";""
"202400046130";"155 700 540";"A01";"2";"7";"0";"2";"8";"26";"1";""
"202400046131";"155 700 538";"A01";"1";"7";"0";"9";"3";"1";"1";""
"202400046131";"155 700 542";"B01";"0";"1";"0";"2";"7";"15";"5";""
"202400046132";"155 700 536";"A01";"1";"7";"5";"2";"1";"14";"1";""
"202400046132";"155 700 537";"B01";"1";"7";"0";"2";"4";"12";"1";""
"202400046133";"155 700 534";"A01";"2";"50";"0";"1";"1";"14";"3";""
"202400046134";"155 700 533";"B01";"2";"1";"0";"2";"0";"1";"5";""
"202400046134";"155 700 535";"Z01";"1";"50";"0";"2";"1";"15";"3";""
"202400046135";"155 700 530";"A01";"1";"7";"0";"1";"1";"1";"1";""
"202400046136";"155 700 529";"A01";"2";"31";"0";"2";"1";"3";"1";""
"202400046136";"155 700 532";"B01";"2";"7";"0";"2";"5";"1";"1";""
"202400046137";"155 700 528";"A01";"2";"7";"0";"2";"1";"1";"1";""
"202400046137";"155 700 531";"B01";"2";"7";"0";"2";"4";"1";"1";""
"202400046138";"155 700 527";"A01";"2";"1";"0";"0";"3";"11";"5";""
"202400046139";"155 700 524";"B01";"1";"32";"0";"2";"7";"1";"1";""
"202400046139";"155 700 526";"A01";"1";"7";"0";"2";"3";"13";"1";""
"202400046140";"155 700 521";"A01";"1";"7";"0";"2";"2";"1";"1";""
"202400046140";"155 700 525";"B01";"1";"7";"0";"2";"3";"1";"1";""
"202400046141";"155 700 519";"A01";"2";"7";"0";"2";"4";"2";"1";""
"202400046141";"155 700 523";"B01";"2";"7";"0";"2";"1";"2";"1";""
"202400046142";"155 700 517";"A01";"3";"50";"0";"0";"9";"1";"3";""
"202400046143";"155 700 515";"B01";"2";"7";"0";"2";"0";"0";"1";""
"202400046143";"155 700 516";"A01";"3";"7";"0";"2";"0";"1";"1";""
"202400046144";"155 700 512";"A01";"3";"7";"0";"2";"1";"2";"1";""
"202400046144";"155 700 514";"B01";"3";"7";"0";"2";"4";"2";"2";""
"202400046145";"155 700 510";"C01";"1";"7";"0";"2";"4";"2";"0";""
"202400046145";"155 700 511";"A01";"1";"10";"0";"2";"1";"2";"3";""
"202400046145";"155 700 513";"B01";"1";"7";"0";"2";"4";"2";"1";""
"202400046146";"155 700 509";"A01";"2";"7";"6";"0";"1";"15";"1";""
"202400046147";"155 700 505";"A01";"2";"7";"0";"1";"1";"1";"1";""
"202400046148";"155 700 503";"A01";"1";"7";"0";"2";"3";"1";"1";""
"202400046148";"155 700 507";"B01";"1";"34";"0";"2";"2";"9";"1";""
"202400046149";"155 700 502";"A01";"2";"33";"0";"2";"1";"3";"1";""
"202400046149";"155 700 504";"B01";"2";"10";"0";"2";"8";"1";"1";""
"202400046150";"155 700 499";"A01";"2";"7";"6";"0";"1";"14";"1";""
"202400046151";"155 700 498";"A01";"3";"7";"5";"0";"2";"14";"2";""
"202400046152";"155 700 497";"B01";"2";"50";"8";"2";"7";"19";"3";""
"202400046152";"155 700 500";"A01";"2";"7";"12";"2";"2";"26";"1";""
"202400046153";"155 700 494";"A01";"3";"7";"1";"0";"6";"26";"1";""
"202400046154";"155 700 490";"B01";"1";"1";"0";"2";"7";"1";"5";""
"202400046154";"155 700 495";"A01";"1";"7";"0";"2";"1";"1";"1";""
"202400046155";"155 700 492";"A01";"1";"7";"0";"2";"1";"2";"1";""
"202400046155";"155 700 496";"B01";"1";"7";"0";"2";"4";"2";"1";""
"202400046156";"155 700 489";"A01";"3";"7";"0";"2";"3";"1";"1";""
"202400046156";"155 700 491";"B01";"0";"32";"0";"2";"1";"1";"1";""
"202400046157";"155 700 488";"A01";"2";"1";"0";"2";"1";"1";"5";""
"202400046157";"155 700 493";"B01";"2";"7";"0";"2";"3";"0";"1";""
"202400046158";"155 700 482";"A01";"2";"7";"0";"2";"1";"1";"3";""
"202400046158";"155 700 486";"B01";"2";"1";"0";"2";"0";"23";"5";""
"202400046159";"155 700 483";"A01";"3";"7";"0";"2";"4";"23";"1";""
"202400046159";"155 700 487";"B01";"3";"7";"0";"2";"1";"1";"1";""
"202400046160";"155 700 481";"A01";"1";"10";"1";"2";"3";"26";"1";""
"202400046160";"155 700 485";"B01";"1";"33";"1";"2";"1";"17";"1";""
"202400046161";"155 700 480";"B01";"1";"15";"0";"2";"4";"1";"1";""
"202400046161";"155 700 484";"A01";"1";"7";"0";"2";"1";"1";"2";""
"202400046162";"155 700 477";"B01";"0";"1";"0";"2";"1";"15";"5";""
"202400046162";"155 700 479";"A01";"0";"7";"0";"9";"2";"1";"1";""
"202400046163";"155 700 472";"A01";"3";"10";"0";"2";"2";"16";"1";""
"202400046163";"155 700 478";"B01";"3";"7";"0";"2";"3";"1";"1";""
"202400046164";"155 700 470";"A01";"2";"7";"0";"2";"6";"1";"1";""
"202400046164";"155 700 474";"B01";"2";"33";"0";"2";"7";"21";"1";""
"202400046165";"155 700 471";"A01";"2";"10";"0";"2";"8";"22";"1";""
"202400046165";"155 700 475";"B01";"2";"1";"0";"2";"1";"17";"5";""
"202400046166";"155 700 469";"A01";"1";"33";"0";"2";"1";"2";"1";""
"202400046166";"155 700 473";"B01";"1";"7";"0";"2";"4";"2";"1";""
"202400046166";"155 700 476";"C01";"1";"7";"0";"2";"4";"2";"1";""
"202400046167";"155 700 467";"A01";"2";"7";"9";"0";"1";"13";"1";""
"202400046168";"155 700 466";"A01";"1";"2";"14";"0";"1";"14";"1";""
"202400046169";"155 700 464";"A01";"2";"7";"0";"1";"1";"1";"1";""
"202400046170";"155 700 463";"B01";"2";"7";"0";"2";"1";"26";"1";""
"202400046170";"155 700 468";"A01";"2";"7";"0";"2";"2";"0";"1";""
"202400046171";"155 700 462";"A01";"2";"7";"0";"2";"8";"11";"1";""
"202400046171";"155 700 465";"B01";"2";"33";"0";"2";"7";"3";"1";""
"202400046172";"155 700 459";"A01";"2";"7";"0";"1";"7";"17";"1";""
"202400046173";"155 700 458";"B01";"3";"1";"0";"2";"0";"0";"5";""
"202400046173";"155 700 461";"A01";"3";"50";"0";"2";"1";"25";"3";""
"202400046174";"155 700 456";"A01";"1";"10";"0";"2";"3";"1";"1";""
"202400046174";"155 700 460";"B01";"1";"50";"0";"2";"3";"1";"3";""
"202400046175";"155 700 455";"A01";"3";"3";"12";"0";"2";"21";"1";""
"202400046176";"155 700 451";"B01";"2";"7";"0";"2";"2";"1";"1";""
"202400046176";"155 700 453";"A01";"2";"7";"0";"2";"3";"9";"1";""
"202400046177";"155 700 454";"A01";"1";"38";"0";"2";"1";"2";"1";"1"
"202400046177";"155 700 457";"B01";"1";"7";"0";"2";"4";"2";"1";""
"202400046178";"155 700 450";"A01";"1";"7";"0";"0";"9";"1";"1";""
"202400046179";"155 700 452";"A01";"1";"40";"0";"1";"7";"1";"3";""
"202400046180";"155 700 447";"B01";"2";"3";"0";"2";"6";"11";"1";""
"202400046180";"155 700 449";"A01";"1";"7";"0";"2";"2";"1";"1";""
"202400046181";"155 700 444";"B01";"1";"7";"0";"2";"7";"0";"1";""
"202400046181";"155 700 446";"A01";"1";"7";"0";"2";"1";"9";"1";""
"202400046182";"155 700 442";"C01";"1";"50";"0";"2";"8";"0";"3";""
"202400046182";"155 700 445";"Z01";"1";"7";"0";"1";"1";"18";"1";""
"202400046182";"155 700 448";"B01";"1";"60";"0";"2";"8";"19";"5";""
"202400046183";"155 700 441";"B01";"3";"10";"0";"2";"1";"1";"1";""
"202400046183";"155 700 443";"A01";"3";"7";"15";"2";"7";"15";"1";""
"202400046184";"155 700 440";"A01";"2";"10";"0";"1";"2";"1";"1";""
"202400046185";"155 700 437";"B01";"1";"7";"0";"2";"5";"26";"1";""
"202400046185";"155 700 439";"A01";"1";"7";"0";"2";"3";"26";"1";""
"202400046186";"155 700 434";"A01";"2";"7";"0";"1";"1";"26";"1";""
"202400046187";"155 700 436";"A01";"0";"7";"0";"0";"0";"0";"0";""
"202400046187";"155 700 438";"B01";"0";"33";"0";"0";"0";"0";"0";""
"202400046188";"155 700 433";"B01";"3";"33";"0";"2";"1";"1";"0";""
"202400046188";"155 700 435";"A01";"3";"7";"0";"2";"3";"15";"6";""
"202400046189";"155 700 430";"A01";"1";"7";"0";"1";"3";"15";"1";""
"202400046190";"155 700 428";"A01";"0";"10";"0";"1";"1";"1";"1";""
"202400046191";"155 700 426";"A01";"0";"7";"0";"2";"1";"15";"1";""
"202400046191";"155 700 427";"B01";"1";"60";"0";"2";"1";"19";"5";""
"202400046192";"155 700 425";"B01";"2";"7";"0";"2";"3";"2";"1";""
"202400046192";"155 700 429";"A01";"1";"37";"0";"2";"2";"2";"3";"3"
"202400046193";"155 700 423";"A01";"1";"7";"0";"0";"7";"13";"1";""
"202400046193";"155 700 424";"B01";"1";"1";"0";"2";"8";"11";"5";""
"202400046194";"155 700 421";"A01";"1";"10";"0";"1";"3";"1";"1";""
"202400046195";"155 700 420";"A01";"3";"7";"0";"1";"0";"0";"1";""
"202400046196";"155 700 422";"A01";"3";"7";"0";"1";"2";"1";"1";""
"202400046197";"155 700 416";"A01";"2";"34";"0";"2";"1";"2";"1";""
"202400046197";"155 700 419";"B01";"2";"10";"0";"2";"3";"2";"1";""
"202400046198";"155 700 413";"A01";"2";"7";"0";"2";"3";"15";"1";""
"202400046198";"155 700 415";"B01";"2";"50";"0";"2";"1";"5";"3";""
"202400046199";"155 700 414";"A01";"1";"2";"0";"2";"1";"1";"1";""
"202400046199";"155 700 417";"B01";"1";"10";"0";"2";"4";"1";"1";""
"202400046200";"155 700 412";"B01";"1";"1";"0";"2";"0";"19";"5";""
"202400046200";"155 700 418";"A01";"1";"7";"0";"2";"2";"1";"1";""
"202400046201";"155 700 407";"A01";"1";"7";"0";"2";"3";"9";"1";""
"202400046201";"155 700 411";"B01";"1";"7";"0";"2";"1";"1";"1";""
"202400046202";"155 700 406";"B01";"3";"50";"0";"2";"1";"1";"3";""
"202400046202";"155 700 408";"A01";"3";"7";"0";"2";"7";"15";"1";""
"202400046203";"155 700 405";"B01";"3";"33";"0";"2";"1";"1";"1";""
"202400046203";"155 700 410";"A01";"3";"7";"0";"2";"8";"10";"1";""
"202400046204";"155 700 402";"A01";"1";"37";"0";"1";"5";"26";"1";"1"
"202400046205";"155 700 400";"A01";"3";"7";"0";"2";"1";"15";"2";""
"202400046205";"155 700 404";"B01";"3";"7";"0";"2";"1";"2";"1";""
"202400046205";"155 700 409";"C01";"3";"33";"0";"2";"1";"2";"1";""