"Num_Acc";"id_vehicule";"num_veh";"senc";"catv";"obs";"obsm";"choc";"manv";"motor";"occutc"
"202400046807";"155 699 314";"A01";"1";"7";"0";"2";"3";"1";"3";""
"202400046807";"155 699 317";"B01";"2";"1";"0";"2";"1";"1";"5";""
"202400046808";"155 699 315";"C01";"2";"7";"0";"0";"0";"5";"1";""
"202400046808";"155 699 318";"A01";"1";"7";"0";"2";"1";"21";"1";""
"202400046808";"155 699 319";"B01";"1";"7";"0";"2";"4";"2";"1";""
"202400046809";"155 699 313";"A01";"2";"7";"17";"0";"2";"1";"2";""
"202400046810";"155 699 311";"A01";"1";"7";"0";"1";"3";"1";"1";""
"202400046811";"155 699 312";"A01";"1";"1";"0";"1";"1";"16";"5";""
"202400046812";"155 699 306";"A01";"1";"1";"9";"1";"1";"1";"5";""
"202400046813";"155 699 308";"A01";"1";"7";"0";"2";"1";"15";"1";""
"202400046813";"155 699 310";"B01";"3";"7";"0";"2";"1";"1";"1";""
"202400046814";"155 699 305";"A01";"1";"7";"0";"2";"3";"2";"1";""
"202400046814";"155 699 307";"B01";"1";"7";"0";"2";"6";"15";"1";""
"202400046814";"155 699 309";"C01";"2";"7";"0";"0";"8";"1";"2";""
"202400046815";"155 699 301";"A01";"1";"30";"0";"2";"1";"0";"1";""
"202400046815";"155 699 304";"B01";"1";"7";"0";"2";"3";"15";"1";""
"202400046816";"155 699 300";"A01";"1";"2";"0";"0";"0";"1";"1";""
"202400046817";"155 699 302";"A01";"2";"13";"0";"2";"3";"24";"3";""
"202400046817";"155 699 303";"B01";"2";"1";"0";"2";"1";"7";"5";""
"202400046818";"155 699 298";"A01";"0";"7";"0";"9";"8";"9";"1";""
"202400046818";"155 699 299";"B01";"0";"50";"0";"2";"1";"25";"3";""
"202400046819";"155 699 295";"A01";"2";"7";"0";"2";"7";"2";"1";""
"202400046819";"155 699 296";"B01";"2";"33";"12";"2";"0";"0";"1";""
"202400046820";"155 699 292";"B01";"3";"37";"0";"2";"1";"1";"1";"1"
"202400046820";"155 699 293";"A01";"0";"7";"0";"2";"1";"13";"1";""
"202400046821";"155 699 290";"A01";"2";"34";"0";"2";"3";"18";"1";""
"202400046821";"155 699 291";"B01";"2";"7";"0";"2";"2";"16";"1";""
"202400046822";"155 699 289";"A01";"2";"7";"0";"1";"1";"1";"1";""
"202400046823";"155 699 285";"A01";"1";"10";"0";"2";"3";"24";"1";""
"202400046823";"155 699 287";"B01";"2";"1";"0";"2";"1";"1";"5";""
"202400046824";"155 699 284";"A01";"2";"7";"1";"0";"2";"14";"1";""
"202400046824";"155 699 286";"B01";"2";"7";"1";"0";"1";"24";"1";""
"202400046825";"155 699 288";"C01";"1";"7";"0";"2";"1";"1";"1";""
"202400046825";"155 699 294";"B01";"1";"10";"0";"2";"1";"1";"1";""
"202400046825";"155 699 297";"A01";"1";"0";"0";"2";"4";"23";"0";""
"202400046826";"155 699 281";"B01";"2";"7";"0";"2";"1";"1";"1";""
"202400046826";"155 699 283";"A01";"1";"7";"0";"2";"7";"10";"1";""
"202400046827";"155 699 280";"B01";"1";"1";"1";"2";"1";"1";"5";""
"202400046827";"155 699 282";"A01";"1";"7";"0";"2";"3";"20";"1";""
"202400046828";"155 699 278";"A01";"1";"7";"0";"1";"8";"1";"0";""
"202400046829";"155 699 277";"A01";"1";"7";"0";"2";"4";"1";"1";""
"202400046829";"155 699 279";"B01";"1";"7";"0";"2";"1";"2";"1";""
"202400046830";"155 699 275";"A01";"2";"7";"1";"0";"2";"14";"3";""
"202400046831";"155 699 276";"A01";"1";"7";"1";"0";"3";"21";"1";""
"202400046832";"155 699 270";"B01";"3";"7";"0";"2";"2";"1";"1";""
"202400046832";"155 699 272";"A01";"3";"1";"0";"2";"1";"9";"5";""
"202400046833";"155 699 268";"B01";"1";"7";"0";"2";"4";"2";"1";""
"202400046833";"155 699 271";"C01";"1";"7";"0";"2";"4";"2";"1";""
"202400046833";"155 699 273";"D01";"1";"7";"0";"2";"1";"2";"1";""
"202400046833";"155 699 274";"A01";"1";"7";"0";"2";"4";"2";"3";""
"202400046834";"155 699 269";"A01";"2";"33";"0";"1";"3";"1";"1";""
"202400046835";"155 699 267";"A01";"3";"7";"0";"1";"7";"9";"1";""
"202400046836";"155 699 265";"A01";"2";"7";"1";"1";"2";"1";"1";""
"202400046837";"155 699 264";"Z01";"2";"7";"0";"2";"1";"2";"1";""
"202400046837";"155 699 266";"B01";"2";"7";"0";"2";"4";"1";"1";""
"202400046838";"155 699 262";"A01";"3";"7";"0";"2";"3";"15";"1";""
"202400046838";"155 699 263";"B01";"1";"34";"0";"0";"0";"0";"1";""
"202400046839";"155 699 260";"A01";"3";"33";"0";"2";"1";"1";"1";""
"202400046839";"155 699 261";"B01";"3";"7";"0";"2";"5";"15";"2";""
"202400046840";"155 699 258";"A01";"3";"7";"14";"0";"1";"2";"1";""
"202400046841";"155 699 253";"A01";"1";"30";"0";"2";"3";"15";"1";""
"202400046841";"155 699 255";"B01";"1";"43";"0";"2";"5";"1";"1";""
"202400046842";"155 699 252";"A01";"2";"7";"0";"2";"1";"1";"1";""
"202400046842";"155 699 256";"B01";"2";"7";"0";"2";"1";"1";"1";""
"202400046842";"155 699 257";"C01";"2";"7";"0";"2";"4";"1";"1";""
"202400046842";"155 699 259";"D01";"2";"7";"0";"2";"4";"1";"1";""
"202400046843";"155 699 251";"A01";"2";"7";"0";"2";"2";"5";"1";""
"202400046843";"155 699 254";"B01";"1";"7";"0";"2";"7";"1";"1";""
"202400046844";"155 699 248";"A01";"1";"10";"0";"1";"2";"1";"1";""
"202400046845";"155 699 250";"A01";"3";"0";"0";"1";"1";"1";"0";""
"202400046846";"155 699 247";"A01";"1";"7";"0";"2";"6";"11";"1";""
"202400046846";"155 699 249";"B01";"1";"33";"0";"2";"1";"3";"1";""
"202400046847";"155 699 246";"A01";"1";"10";"7";"0";"1";"13";"3";""
"202400046848";"155 699 245";"A01";"3";"7";"0";"1";"2";"26";"0";""
"202400046849";"155 699 244";"A01";"2";"7";"3";"0";"1";"1";"1";""
"202400046850";"155 699 242";"A01";"1";"7";"1";"0";"2";"1";"1";""
"202400046851";"155 699 241";"B01";"1";"33";"0";"2";"7";"1";"1";""
"202400046851";"155 699 243";"A01";"1";"7";"0";"2";"3";"13";"1";""
"202400046852";"155 699 239";"A01";"2";"33";"4";"2";"0";"2";"1";""
"202400046852";"155 699 240";"B01";"2";"7";"0";"2";"3";"1";"1";""
"202400046853";"155 699 237";"A01";"1";"7";"0";"2";"1";"9";"1";""
"202400046853";"155 699 238";"B01";"1";"2";"0";"2";"4";"1";"1";""
"202400046854";"155 699 235";"A01";"2";"7";"3";"0";"1";"1";"1";""
"202400046855";"155 699 236";"A01";"0";"7";"0";"1";"1";"1";" -1";""
"202400046856";"155 699 234";"A01";"3";"7";"0";"1";"1";"1";"2";""
"202400046857";"155 699 229";"A01";"1";"7";"0";"2";"1";"2";"1";""
"202400046857";"155 699 231";"B01";"1";"7";"0";"2";"4";"2";"3";""
"202400046857";"155 699 233";"C01";"1";"7";"0";"2";"4";"2";"1";""
"202400046858";"155 699 230";"A01";"1";"7";"14";"0";"3";"2";"1";""
"202400046859";"155 699 228";"B01";"1";"7";"16";"0";"4";"1";"2";""
"202400046859";"155 699 232";"A01";"1";"30";"0";"2";"1";"1";"1";""
"202400046860";"155 699 224";"C01";"2";"7";"0";"2";"1";"1";"1";""
"202400046860";"155 699 226";"A01";"2";"33";"0";"2";"1";"1";"1";""
"202400046860";"155 699 227";"B01";"2";"7";"0";"2";"4";"1";"1";""
"202400046861";"155 699 225";"A01";"1";"31";"0";"1";"1";"26";"1";""
"202400046862";"155 699 222";"A01";"2";"33";"0";"0";"2";"16";"1";""
"202400046863";"155 699 221";"B01";"0";"7";"0";"0";"0";"0";"1";""
"202400046863";"155 699 223";"A01";"3";"7";"0";"2";"3";"15";"1";""
"202400046864";"155 699 220";"Z01";"1";"50";"0";"1";"1";"1";"3";""
"202400046865";"155 699 216";"A01";"3";"7";"0";"1";"1";"14";"3";""
"202400046866";"155 699 217";"B01";"1";"7";"0";"2";"1";"1";"1";""
"202400046866";"155 699 218";"A01";"2";"7";"0";"2";"1";"1";"1";""
"202400046867";"155 699 215";"A01";"3";"7";"0";"2";"7";"12";"1";""
"202400046867";"155 699 219";"B01";"3";"33";"0";"2";"3";"2";"1";""
"202400046868";"155 699 210";"B01";"2";"1";"0";"2";"3";"1";"5";""
"202400046868";"155 699 213";"A01";"1";"7";"0";"2";"2";"15";"1";""
"202400046869";"155 699 212";"A01";"1";"7";"0";"2";"2";"13";"1";""
"202400046869";"155 699 214";"B01";"1";"7";"0";"2";"1";"0";"1";""
"202400046870";"155 699 207";"A01";"1";"32";"1";"0";"8";"17";"1";""
"202400046870";"155 699 209";"C01";"1";"7";"0";"2";"4";"1";"1";""
"202400046870";"155 699 211";"B01";"1";"7";"1";"0";"1";"0";"2";""
"202400046871";"155 699 205";"A01";"2";"7";"0";"2";"2";"5";"1";""
"202400046871";"155 699 206";"B01";"1";"7";"0";"2";"3";"1";"1";""
"202400046872";"155 699 204";"C01";"3";"7";"0";"2";"0";"24";"1";""
"202400046872";"155 699 208";"A01";"1";"10";"0";"2";"0";"0";"1";""
"202400046873";"155 699 203";"A01";"3";"50";"0";"1";"1";"1";"3";""
"202400046874";"155 699 202";"A01";"1";"7";"0";"0";"8";"26";"1";""
"202400046875";"155 699 200";"A01";"1";"7";"0";"2";"4";"23";"1";""
"202400046875";"155 699 201";"B01";"1";"7";"0";"2";"1";"2";"1";""
"202400046876";"155 699 199";"A01";"1";"32";"1";"0";"0";"17";"0";""
"202400046877";"155 699 196";"A01";"1";"2";"0";"2";"1";"1";"1";""
"202400046877";"155 699 198";"B01";"3";"7";"0";"2";"7";"1";"1";""
"202400046878";"155 699 194";"A01";"1";"7";"0";"2";"0";"13";"0";""
"202400046878";"155 699 197";"B01";"2";"38";"0";"2";"3";"1";"1";"3"
"202400046879";"155 699 193";"B01";"1";"7";"0";"2";"3";"1";"1";""
"202400046879";"155 699 195";"A01";"1";"50";"0";"2";"1";"1";"3";""
"202400046880";"155 699 189";"A01";"0";"7";"0";"0";"0";"0";"1";""
"202400046880";"155 699 191";"B01";"0";"2";"0";"0";"0";"0";"3";""
"202400046881";"155 699 190";"A01";"0";"7";"0";"0";"0";"0";"1";""
"202400046881";"155 699 192";"B01";"0";"7";"0";"0";"0";"0";"1";""
"202400046882";"155 699 188";"A01";"3";"7";"0";"1";"1";"13";"1";""
"202400046883";"155 699 185";"B01";"2";"7";"0";"2";"4";"2";"1";""
"202400046883";"155 699 187";"A01";"2";"37";"0";"2";"1";"2";"1";"1"
"202400046884";"155 699 184";"B01";"1";"7";"0";"2";"3";"16";"1";""
"202400046884";"155 699 186";"A01";"1";"2";"0";"2";"1";"15";"1";""
"202400046885";"155 699 183";"A01";"2";"7";"0";"1";"0";"2";"0";""
"202400046886";"155 699 181";"A01";"3";"7";"0";"2";"1";"1";"1";""
"202400046886";"155 699 182";"B01";"3";"7";"0";"2";"4";"1";"1";""
"202400046887";"155 699 180";"A01";"0";"7";"0";"1";"3";"1";"1";""
"202400046888";"155 699 177";"A01";"1";"43";"0";"2";"1";"2";"1";""
"202400046888";"155 699 179";"B01";"1";"7";"0";"2";"5";"2";"1";""
"202400046889";"155 699 176";"A01";"2";"7";"13";"0";"2";"0";"1";""
"202400046890";"155 699 175";"A01";"3";"7";"0";"2";"7";"17";"1";""
"202400046890";"155 699 178";"B01";"3";"50";"0";"2";"0";"0";"3";""
"202400046891";"155 699 172";"A01";"2";"7";"0";"1";"3";"1";"1";""
"202400046892";"155 699 173";"A01";"3";"80";"0";"1";"2";"25";"3";""
"202400046893";"155 699 170";"A01";"1";"17";"0";"0";"0";"2";"1";""
"202400046893";"155 699 171";"B01";"1";"31";"14";"0";"1";"2";"1";""
"202400046894";"155 699 169";"A01";"3";"7";"0";"1";"1";"2";"1";""
"202400046895";"155 699 168";"A01";"2";"7";"2";"0";"6";"14";"1";""
"202400046896";"155 699 166";"A01";"2";"7";"0";"1";"3";"1";"1";""
"202400046897";"155 699 167";"A01";"1";"31";"1";"0";"1";"14";"1";""
"202400046898";"155 699 164";"B01";"2";"33";"0";"2";"1";"1";"1";""
"202400046898";"155 699 165";"A01";"1";"7";"0";"2";"1";"15";"1";""
"202400046899";"155 699 162";"A01";"2";"14";"0";"2";"8";"1";"1";""
"202400046899";"155 699 163";"B01";"1";"21";"0";"2";"6";"1";"0";""
"202400046900";"155 699 160";"A01";"1";"7";"6";"0";"3";"13";"1";""
"202400046901";"155 699 157";"B01";"2";"7";"0";"0";"1";"1";"1";""
"202400046901";"155 699 161";"A01";"1";"7";"0";"0";"3";"9";"1";""
"202400046902";"155 699 153";"A01";"1";"7";"0";"0";"4";"1";"1";""
"202400046902";"155 699 156";"B01";"1";"7";"0";"2";"1";"1";"1";""
"202400046903";"155 699 148";"C01";"2";"7";"0";"2";"4";"2";"1";""
"202400046903";"155 699 152";"A01";"2";"7";"0";"2";"4";"2";"1";""
"202400046903";"155 699 154";"B01";"2";"7";"0";"2";"4";"2";"1";""
"202400046904";"155 699 149";"A01";"1";"10";"0";"2";"7";"13";"1";""
"202400046904";"155 699 151";"B01";"2";"7";"0";"2";"1";"1";"1";""
"202400046905";"155 699 150";"A01";"1";"7";"0";"2";"3";"1";"1";""
"202400046905";"155 699 155";"B01";"2";"7";"0";"2";"1";"1";"1";""
"202400046906";"155 699 146";"B01";"3";"1";"0";"2";"1";"15";"5";""
"202400046906";"155 699 147";"A01";"3";"7";"0";"2";"5";"15";"1";""
"202400046907";"155 699 145";"A01";"2";"7";"0";"1";"2";"1";"1";""
"202400046908";"155 699 144";"A01";"1";"7";"4";"0";"3";"13";"1";""
"202400046909";"155 699 142";"A01";"2";"80";"1";"0";"7";"21";"3";""
"202400046910";"155 699 137";"A01";"2";"7";"0";"2";"1";"2";"1";""
"202400046910";"155 699 141";"B01";"2";"7";"0";"2";"4";"2";"1";""
"202400046910";"155 699 143";"C01";"2";"10";"0";"0";"6";"2";"1";""
"202400046911";"155 699 134";"B01";"1";"7";"0";"2";"1";"1";"1";""
"202400046911";"155 699 139";"C01";"2";"7";"0";"2";"1";"1";"1";""
"202400046911";"155 699 140";"A01";"1";"7";"0";"2";"5";"19";"1";""
"202400046912";"155 699 136";"A01";"1";"30";"8";"0";"1";"1";"1";""
"202400046913";"155 699 135";"A01";"3";"7";"0";"2";"1";"15";"1";""
"202400046913";"155 699 138";"B01";"3";"7";"0";"2";"1";"1";"3";""
"202400046914";"155 699 133";"A01";"1";"7";"3";"0";"3";"1";"1";""
"202400046915";"155 699 130";"A01";"2";"7";"0";"2";"2";"1";"1";""
"202400046915";"155 699 132";"B01";"2";"7";"0";"2";"8";"1";"1";""
"202400046916";"155 699 131";"A01";"2";"7";"13";"0";"2";"21";"1";""
"202400046917";"155 699 127";"A01";"1";"7";"0";"2";"6";"15";"1";""
"202400046917";"155 699 128";"B01";"1";"33";"0";"2";"2";"17";"1";""
"202400046918";"155 699 124";"A01";"1";"7";"13";"0";"1";"1";"1";""
"202400046919";"155 699 126";"B01";"1";"33";"0";"2";"2";"17";"1";""
"202400046919";"155 699 129";"A01";"1";"7";"0";"2";"3";"15";"3";""
"202400046920";"155 699 121";"B01";"1";"7";"0";"2";"3";"16";"1";""
"202400046920";"155 699 123";"A01";"2";"7";"0";"2";"3";"1";"1";""
"202400046920";"155 699 125";"T01";"2";"7";"0";"0";"0";"2";"1";""
"202400046921";"155 699 120";"A01";"2";"2";"0";"0";"9";"13";"1";""
"202400046922";"155 699 122";"A01";"1";"50";"0";"1";"1";"1";"3";""
"202400046923";"155 699 119";"A01";"1";"7";"0";"0";"0";"1";"1";""
"202400046924";"155 699 117";"A01";"1";"33";"0";"5";"7";"1";"1";""
"202400046925";"155 699 116";"A01";"2";"7";"2";"0";"3";"1";"1";""
"202400046926";"155 699 115";"A01";"1";"3";"0";"2";"7";"15";"1";""
"202400046926";"155 699 118";"Z01";"1";"7";"0";"2";"1";"15";"1";""
"202400046927";"155 699 113";"A01";"1";"33";"0";"0";"6";"10";"1";""
"202400046927";"155 699 114";"B01";"1";"33";"0";"2";"2";"1";"1";""
"202400046928";"155 699 109";"A01";"2";"33";"0";"2";"2";"2";"1";""
"202400046928";"155 699 111";"B01";"1";"7";"0";"2";"6";"2";"1";""
"202400046929";"155 699 110";"A01";"2";"7";"0";"2";"3";"13";"1";""
"202400046929";"155 699 112";"B01";"1";"10";"0";"2";"3";"1";"1";""
"202400046930";"155 699 108";"A01";"2";"10";"0";"1";"1";"1";"1";""
"202400046931";"155 699 107";"A01";"3";"2";"0";"0";"0";"1";"0";""
"202400046932";"155 699 104";"A01";"1";"7";"0";"2";"3";"2";"1";""
"202400046932";"155 699 106";"B01";"1";"7";"0";"2";"4";"2";"1";""
"202400046933";"155 699 103";"A01";"2";"7";"13";"0";"2";"1";"1";""
"202400046934";"155 699 102";"A01";"1";"7";"0";"2";"2";"15";"1";""
"202400046934";"155 699 105";"B01";"2";"2";"0";"2";"1";"1";"1";""
"202400046935";"155 699 101";"A01";"2";"7";"0";"0";"1";"2";"1";""
"202400046936";"155 699 100";"A01";"1";"7";"1";"1";"5";"1";"1";""
"202400046937";"155 699 098";"A01";"1";"7";"6";"9";"1";"17";"1";""
"202400046938";"155 699 097";"A01";"1";"2";"12";"0";"1";"14";"1";""
"202400046939";"155 699 096";"A01";"3";"7";"0";"2";"3";"20";"1";""
"202400046939";"155 699 099";"B01";"3";"33";"0";"2";"2";"1";"1";""
"202400046940";"155 699 092";"A01";"1";"31";"6";"0";"0";"1";"1";""
"202400046941";"155 699 090";"A01";"2";"7";"0";"2";"1";"3";"1";""
"202400046941";"155 699 093";"B01";"1";"7";"0";"2";"1";"1";"1";""
"202400046942";"155 699 088";"A01";"0";"7";"0";"0";"1";"1";"1";""
"202400046943";"155 699 087";"A01";"3";"7";"0";"2";"4";"2";"1";""
"202400046943";"155 699 089";"B01";"3";"7";"0";"2";"4";"2";"1";""
"202400046943";"155 699 091";"C01";"3";"7";"0";"2";"4";"2";"1";""
"202400046943";"155 699 094";"D01";"3";"7";"0";"2";"4";"2";"1";""
"202400046943";"155 699 095";"E01";"3";"7";"0";"2";"1";"1";"1";""
"202400046944";"155 699 086";"A01";"2";"33";"0";"0";"2";"0";"1";""
"202400046945";"155 699 083";"A01";"2";"33";"0";"0";"0";"1";"1";""
"202400046946";"155 699 082";"A01";"2";"33";"0";"2";"2";"12";"1";""
"202400046946";"155 699 085";"B01";"2";"7";"0";"2";"6";"2";"1";""
"202400046947";"155 699 081";"B01";"1";"7";"0";"2";"7";"15";"1";""
"202400046947";"155 699 084";"A01";"1";"7";"0";"2";"1";"1";"1";""
"202400046948";"155 699 080";"A01";"0";"80";"0";"0";"0";"0";"3";""
"202400046949";"155 699 078";"A01";"3";"7";"2";"0";"1";"0";"1";""
"202400046950";"155 699 076";"A01";"1";"7";"0";"2";"2";"1";"1";""
"202400046950";"155 699 077";"B01";"3";"1";"0";"2";"1";"19";"5";""
"202400046951";"155 699 075";"A01";"0";"7";"0";"2";"1";"1";"1";""
"202400046951";"155 699 079";"B01";"0";"1";"0";"2";"1";"5";"5";""
"202400046952";"155 699 074";"A01";"1";"31";"0";"0";"0";"2";"3";""
"202400046953";"155 699 072";"A01";"3";"7";"0";"0";"7";"15";"1";""
"202400046954";"155 699 071";"B01";"0";"7";"0";"2";"1";"1";"1";""
"202400046954";"155 699 073";"A01";"3";"10";"0";"2";"2";"19";"1";""
"202400046955";"155 699 068";"A01";"3";"43";"0";"2";"2";"17";"1";""
"202400046955";"155 699 070";"B01";"3";"7";"0";"2";"3";"15";"1";""
"202400046956";"155 699 066";"A01";"1";"33";"2";"0";"0";"17";"1";""
"202400046957";"155 699 065";"A01";"1";"33";"0";"0";"7";"1";"1";""
"202400046957";"155 699 067";"B01";"1";"13";"0";"0";"0";"9";" -1";""
"202400046958";"155 699 064";"A01";"2";"10";"0";"2";"1";"2";"1";""
"202400046958";"155 699 069";"B01";"2";"15";"0";"2";"4";"2";"1";""
"202400046959";"155 699 061";"C01";"1";"7";"0";"2";"1";"21";"1";""
"202400046959";"155 699 062";"A01";"2";"7";"0";"2";"9";"13";"3";""
"202400046959";"155 699 063";"B01";"1";"7";"0";"2";"1";"21";"3";""
"202400046960";"155 699 060";"A01";"1";"33";"13";"0";"1";"13";"1";""
"202400046961";"155 699 059";"A01";"1";"7";"8";"0";"0";"1";"1";""
"202400046962";"155 699 057";"A01";"0";"7";"0";"0";"1";"0";"1";""
"202400046963";"155 699 054";"B01";"2";"7";"0";"2";"2";"15";"1";""
"202400046963";"155 699 056";"A01";"1";"7";"6";"0";"3";"2";"1";""
"202400046964";"155 699 055";"A01";"1";"7";"0";"2";"3";"1";"1";""
"202400046964";"155 699 058";"B01";"2";"17";"0";"2";"3";"1";"1";""
"202400046965";"155 699 052";"A01";"2";"2";"13";"0";"1";"1";"1";""
"202400046966";"155 699 053";"A01";"2";"7";"2";"0";"1";"1";"1";""
"202400046967";"155 699 049";"B01";"1";"7";"0";"2";"6";"23";"1";""
"202400046967";"155 699 051";"A01";"1";"7";"0";"2";"1";"1";"1";""
"202400046968";"155 699 048";"A01";"2";"7";"0";"2";"3";"19";"1";""
"202400046968";"155 699 050";"B01";"1";"2";"0";"2";"1";"1";"1";""
"202400046969";"155 699 045";"A01";"1";"7";"8";"0";"1";"1";"1";""
"202400046970";"155 699 046";"A01";"2";"33";"0";"0";"0";"21";"1";""
"202400046971";"155 699 043";"A01";"1";"7";"1";"0";"2";"21";"1";""
"202400046971";"155 699 047";"B01";"1";"14";"0";"0";"6";"24";"1";""
"202400046972";"155 699 040";"B01";"3";"2";"0";"2";"1";"1";"1";""
"202400046972";"155 699 041";"A01";"3";"7";"0";"2";"1";"15";"1";""
"202400046973";"155 699 039";"A01";"1";"2";"8";"0";"1";"1";"1";""
"202400046974";"155 699 037";"A01";"1";"7";"0";"1";"2";"17";"1";""
"202400046975";"155 699 034";"A01";"2";"7";"0";"2";"1";"2";"1";""
"202400046975";"155 699 035";"B01";"2";"7";"0";"0";"4";"2";"2";""
"202400046976";"155 699 033";"A01";"3";"7";"0";"2";"2";"10";"1";""
"202400046976";"155 699 036";"B01";"3";"30";"0";"2";"1";"26";"1";""
"202400046977";"155 699 032";"A01";"1";"7";"0";"1";"3";"1";"1";""
"202400046978";"155 699 031";"A01";"3";"7";"0";"1";"2";"4";"1";""
"202400046979";"155 699 028";"A01";"1";"7";"3";"0";"4";"23";"1";""
"202400046979";"155 699 030";"B01";"1";"13";"1";"0";"1";"21";"1";""
"202400046980";"155 699 027";"A01";"2";"7";"0";"2";"3";"11";"1";""
"202400046980";"155 699 029";"B01";"1";"32";"1";"2";"1";"13";"1";""
"202400046981";"155 699 022";"A01";"1";"32";"0";"2";"1";"17";"1";""
"202400046981";"155 699 023";"B01";"1";"7";"0";"0";"8";"15";"1";""
"202400046982";"155 699 017";"A01";"0";"7";"0";"2";"3";"13";"0";""
"202400046982";"155 699 020";"B01";"0";"7";"0";"2";"1";"1";"0";""
"202400046982";"155 699 021";"C01";"0";"7";"0";"2";"6";"1";"0";""
"202400046983";"155 699 015";"A01";"2";"10";"0";"2";"4";"4";"1";""
"202400046983";"155 699 018";"B01";"2";"1";"0";"2";"7";"1";"5";""
"202400046984";"155 699 019";"B01";"1";"7";"0";"2";"1";"1";"1";""
"202400046984";"155 699 024";"A01";"1";"7";"0";"2";"3";"9";"1";""
"202400046985";"155 699 014";"A01";"2";"7";"0";"2";"3";"13";"1";""
"202400046985";"155 699 016";"B01";"1";"17";"0";"2";"3";"1";"1";""
"202400046986";"155 699 011";"A01";"1";"1";"0";"0";"4";"2";"5";""
"202400046986";"155 699 013";"B01";"1";"7";"0";"2";"2";"2";"1";""
"202400046987";"155 699 009";"A01";"1";"1";"13";"0";"3";"1";"5";""
"202400046988";"155 699 008";"B01";"2";"99";"0";"0";"6";"21";"1";""
"202400046988";"155 699 012";"A01";"1";"7";"0";"2";"3";"13";"1";""
"202400046989";"155 699 007";"B01";"1";"30";"0";"2";"3";"15";"1";""
"202400046989";"155 699 010";"A01";"1";"7";"0";"2";"5";"17";"3";""
"202400046990";"155 699 003";"A01";"1";"7";"0";"2";"1";"17";"2";""
"202400046990";"155 699 005";"B01";"1";"7";"8";"2";"8";"15";"1";""
"202400046991";"155 699 002";"A01";"3";"7";"6";"0";"1";"16";"1";""
"202400046992";"155 699 001";"A01";"2";"7";"13";"0";"1";"1";"1";""
"202400046993";"155 699 000";"A01";"1";"7";"4";"0";"0";"26";"1";""
"202400046993";"155 699 004";"B01";"1";"7";"0";"2";"3";"2";"2";""
"202400046993";"155 699 006";"C01";"1";"10";"0";"2";"3";"1";"3";""
"202400046994";"155 698 999";"A01";"2";"7";"3";"0";"1";"9";"0";""
"202400046995";"155 698 998";"A01";"1";"7";"0";"1";"2";"1";"1";""
"202400046996";"155 698 995";"A01";"1";"7";"4";"0";"9";"13";"1";""
"202400046997";"155 698 996";"A01";"2";"7";"0";"2";"1";"2";"1";""
"202400046997";"155 698 997";"B01";"2";"7";"0";"0";"4";"23";"1";""
"202400046998";"155 698 993";"A01";"2";"7";"13";"0";"9";"1";"1";""
"202400046999";"155 698 992";"B01";"2";"7";"0";"2";"3";"1";"1";""
"202400046999";"155 698 994";"A01";"1";"7";"6";"2";"1";"13";"1";""
"202400047000";"155 698 989";"A01";"3";"7";"0";"1";"3";"1";"1";""
"202400047001";"155 698 990";"A01";"2";"7";"13";"0";"9";"1";"1";""
"202400047002";"155 698 988";"A01";"2";"7";"0";"2";"1";"1";"0";""
"202400047002";"155 698 991";"B01";"2";"7";"0";"2";"4";"1";"0";""
"202400047003";"155 698 987";"A01";"0";"7";"0";"1";"1";"15";"1";""
"202400047004";"155 698 985";"B01";"2";"7";"0";"2";"1";"1";"1";""
"202400047004";"155 698 986";"A01";"1";"10";"0";"2";"1";"1";"1";""
"202400047005";"155 698 978";"A01";"2";"7";"0";"1";"1";"1";"1";""
"202400047006";"155 698 979";"B01";"2";"7";"0";"0";"0";"0";"1";""
"202400047006";"155 698 983";"A01";"2";"7";"0";"2";"1";"2";"1";""
"202400047007";"155 698 980";"B01";"1";"1";"0";"0";"4";"15";"5";""
"202400047007";"155 698 984";"A01";"1";"7";"0";"2";"1";"9";"1";""
"202400047008";"155 698 977";"A01";"0";"31";"15";"0";"8";"1";"1";""
"202400047009";"155 698 976";"A01";"1";"7";"2";"0";"1";"1";"1";""
"202400047010";"155 698 971";"A01";"1";"30";"0";"2";"7";"21";"1";""
"202400047010";"155 698 972";"B01";"1";"7";"0";"2";"2";"24";"1";""
"202400047011";"155 698 969";"C01";"1";"7";"0";"2";"4";"2";"1";""
"202400047011";"155 698 973";"A01";"1";"7";"0";"2";"1";"2";"1";""
"202400047011";"155 698 975";"B01";"1";"7";"0";"2";"5";"2";"1";""
"202400047012";"155 698 967";"A01";"1";"7";"0";"0";"4";"1";"1";""
"202400047012";"155 698 970";"B01";"1";"7";"0";"2";"1";"2";"1";""
"202400047013";"155 698 968";"A01";"2";"33";"0";"2";"3";"10";"1";""
"202400047013";"155 698 974";"B01";"2";"33";"0";"2";"1";"21";"1";""
"202400047014";"155 698 966";"A01";"3";"7";"0";"1";"1";"15";"1";""
"202400047015";"155 698 965";"A01";"2";"7";"4";"2";"1";"1";"1";""
"202400047016";"155 698 962";"A01";"2";"10";"0";"0";"0";"1";"1";""
"202400047016";"155 698 964";"B01";"2";"33";"0";"9";"1";"21";"1";""
"202400047017";"155 698 963";"A01";"2";"7";"4";"0";"1";"1";"1";""