"Num_Acc";"id_vehicule";"num_veh";"senc";"catv";"obs";"obsm";"choc";"manv";"motor";"occutc"
"202400047220";"155 698 598";"A01";"1";"30";"0";"2";"1";"2";"1";""
"202400047220";"155 698 603";"B01";"1";"7";"0";"2";"6";"26";"1";""
"202400047221";"155 698 601";"A01";"2";"7";"8";"1";"1";"26";"1";""
"202400047222";"155 698 593";"A01";"2";"33";"0";"2";"4";"16";"1";""
"202400047222";"155 698 596";"B01";"1";"7";"0";"2";"1";"1";"1";""
"202400047223";"155 698 590";"A01";"2";"10";"0";"0";"6";"23";"1";""
"202400047223";"155 698 594";"B01";"2";"42";"0";"2";"1";"2";"1";""
"202400047224";"155 698 591";"A01";"2";"7";"0";"2";"1";"17";"1";""
"202400047224";"155 698 595";"B01";"2";"7";"0";"9";"6";"1";"1";""
"202400047224";"155 698 597";"C01";"1";"7";"0";"2";"1";"1";"2";""
"202400047225";"155 698 589";"A01";"3";"7";"4";"0";"0";"12";"1";""
"202400047226";"155 698 588";"A01";"2";"33";"0";"2";"1";"1";"1";""
"202400047226";"155 698 592";"B01";"2";"7";"0";"2";"3";"10";"2";""
"202400047227";"155 698 585";"A01";"1";"7";"0";"2";"1";"15";"1";""
"202400047227";"155 698 587";"B01";"2";"33";"0";"2";"1";"1";"1";""
"202400047228";"155 698 577";"A01";"1";"33";"0";"2";"3";"3";"1";""
"202400047228";"155 698 580";"B01";"1";"7";"0";"2";"5";"1";"3";""
"202400047228";"155 698 584";"C01";"1";"10";"0";"2";"3";"1";"1";""
"202400047229";"155 698 578";"B01";"2";"10";"0";"2";"1";"1";"1";""
"202400047229";"155 698 582";"A01";"1";"7";"0";"2";"1";"5";"1";""
"202400047230";"155 698 579";"A01";"1";"7";"0";"2";"9";"1";"1";""
"202400047230";"155 698 583";"B01";"1";"7";"0";"2";"9";"0";"2";""
"202400047230";"155 698 586";"C01";"1";"7";"0";"2";"1";"1";"1";""
"202400047231";"155 698 572";"B01";"2";"32";"0";"2";"1";"2";"3";""
"202400047231";"155 698 575";"A01";"2";"7";"0";"2";"6";"2";"1";""
"202400047232";"155 698 571";"A01";"1";"10";"0";"2";"1";"2";"1";""
"202400047232";"155 698 573";"B01";"1";"7";"0";"2";"4";"23";"1";""
"202400047233";"155 698 570";"A01";"2";"7";"0";"2";"7";"9";"1";""
"202400047233";"155 698 574";"B01";"1";"15";"0";"2";"1";"1";"1";""
"202400047234";"155 698 567";"Z01";"2";"50";"0";"1";"0";"26";"3";""
"202400047235";"155 698 564";"A01";"2";"7";"0";"2";"1";"13";"1";""
"202400047235";"155 698 568";"B01";"1";"7";"0";"2";"1";"1";"1";""
"202400047235";"155 698 576";"C01";"1";"10";"0";"2";"1";"2";"1";""
"202400047235";"155 698 581";"D01";"1";"7";"0";"2";"8";"2";"1";""
"202400047236";"155 698 565";"A01";"1";"7";"0";"2";"1";"1";"1";""
"202400047236";"155 698 569";"B01";"1";"7";"0";"0";"4";"1";"1";""
"202400047237";"155 698 563";"A01";"2";"33";"0";"2";"1";"12";"1";""
"202400047237";"155 698 566";"B01";"2";"7";"0";"2";"5";"1";"1";""
"202400047238";"155 698 559";"B01";"1";"10";"0";"2";"3";"10";"1";""
"202400047238";"155 698 561";"A01";"1";"34";"0";"2";"1";"26";"1";""
"202400047239";"155 698 558";"A01";"2";"40";"0";"1";"7";"1";"3";""
"202400047240";"155 698 557";"A01";"1";"33";"0";"0";"8";"0";"1";""
"202400047241";"155 698 554";"A01";"3";"7";"0";"2";"1";"13";"1";""
"202400047241";"155 698 560";"B01";"3";"7";"0";"2";"1";"15";"1";""
"202400047242";"155 698 555";"B01";"0";"60";"0";"2";"8";"19";"5";""
"202400047242";"155 698 562";"A01";"1";"7";"0";"9";"1";"16";"1";""
"202400047243";"155 698 552";"A01";"2";"30";"0";"2";"1";"2";"3";""
"202400047243";"155 698 556";"B01";"2";"10";"0";"2";"4";"2";"1";""
"202400047244";"155 698 551";"A01";"1";"7";"0";"2";"1";"2";"1";""
"202400047244";"155 698 553";"B01";"1";"7";"0";"2";"4";"2";"2";""
"202400047245";"155 698 550";"A01";"1";"31";"0";"1";"8";"1";"0";""
"202400047246";"155 698 545";"A01";"0";"7";"1";"2";"7";"25";"2";""
"202400047246";"155 698 548";"B01";"0";"7";"1";"2";"8";"0";"2";""
"202400047247";"155 698 546";"A01";"1";"7";"0";"1";"3";"1";"2";""
"202400047248";"155 698 543";"A01";"0";"50";"0";"2";"0";"0";"3";""
"202400047248";"155 698 549";"B01";"2";"7";"0";"2";"0";"0";"1";""
"202400047249";"155 698 541";"B01";"3";"1";"0";"2";"1";"1";"5";""
"202400047249";"155 698 547";"A01";"0";"7";"0";"2";"2";"15";"1";""
"202400047250";"155 698 542";"A01";"2";"2";"15";"0";"0";"0";"1";""
"202400047251";"155 698 540";"B01";"2";"7";"0";"2";"3";"15";"1";""
"202400047251";"155 698 544";"A01";"2";"33";"0";"2";"1";"17";"1";""
"202400047252";"155 698 538";"B01";"3";"7";"0";"2";"4";"23";"1";""
"202400047252";"155 698 539";"A01";"3";"7";"0";"2";"1";"2";"1";""
"202400047253";"155 698 533";"A01";"3";"31";"0";"1";"1";"0";"1";""
"202400047254";"155 698 530";"A01";"3";"7";"0";"1";"2";"14";"1";""
"202400047255";"155 698 535";"B01";"3";"33";"0";"2";"8";"1";"1";""
"202400047255";"155 698 537";"A01";"3";"10";"0";"2";"3";"15";"0";""
"202400047256";"155 698 529";"A01";"1";"7";"0";"2";"2";"1";"1";""
"202400047256";"155 698 534";"B01";"1";"1";"0";"0";"4";"15";"5";""
"202400047257";"155 698 528";"A01";"1";"7";"0";"2";"2";"1";"1";""
"202400047257";"155 698 536";"B01";"2";"7";"0";"2";"3";"1";"1";""
"202400047258";"155 698 527";"B01";"1";"30";"1";"0";"7";"1";"3";""
"202400047258";"155 698 532";"A01";"1";"7";"0";"2";"8";"20";"1";""
"202400047259";"155 698 526";"B01";"3";"10";"0";"0";"7";"1";"0";""
"202400047259";"155 698 531";"A01";"3";"7";"0";"2";"1";"15";"1";""
"202400047260";"155 698 523";"A01";"1";"7";"13";"0";"2";"1";"1";""
"202400047261";"155 698 522";"A01";"2";"7";"0";"2";"4";"2";"1";""
"202400047261";"155 698 525";"B01";"2";"7";"0";"2";"1";"2";"1";""
"202400047262";"155 698 520";"A01";"1";"36";"16";"0";"0";"1";"1";""
"202400047263";"155 698 517";"A01";"2";"7";"0";"2";"1";"13";"1";""
"202400047263";"155 698 524";"B01";"1";"7";"0";"2";"1";"1";"1";""
"202400047264";"155 698 519";"A01";"2";"30";"4";"0";"7";"14";"1";""
"202400047265";"155 698 516";"A01";"3";"7";"0";"1";"3";"20";"1";""
"202400047266";"155 698 518";"B01";"2";"7";"1";"2";"1";"2";"1";""
"202400047266";"155 698 521";"A01";"2";"7";"0";"2";"4";"23";"1";""
"202400047267";"155 698 514";"A01";"1";"33";"0";"0";"0";"1";"1";""
"202400047268";"155 698 511";"A01";"2";"33";"0";"2";"1";"1";"1";""
"202400047268";"155 698 513";"B01";"1";"10";"0";"2";"7";"15";"1";""
"202400047269";"155 698 512";"B01";"2";"7";"0";"2";"1";"1";"1";""
"202400047269";"155 698 515";"A01";"1";"7";"0";"2";"1";"15";"1";""
"202400047270";"155 698 506";"A01";"1";"7";"0";"2";"7";"19";"1";""
"202400047270";"155 698 510";"B01";"1";"30";"0";"2";"1";"1";"1";""
"202400047271";"155 698 504";"B01";"1";"1";"0";"0";"3";"2";"5";""
"202400047271";"155 698 507";"A01";"1";"1";"0";"0";"2";"17";"5";""
"202400047272";"155 698 502";"A01";"2";"30";"0";"2";"2";"15";"1";""
"202400047272";"155 698 509";"Z01";"2";"34";"0";"2";"0";"0";"0";""
"202400047273";"155 698 505";"A01";"1";"7";"0";"0";"3";"9";"0";""
"202400047273";"155 698 508";"B01";"1";"33";"0";"2";"1";"1";"1";""
"202400047274";"155 698 503";"A01";"3";"33";"6";"0";"8";"1";"1";""
"202400047275";"155 698 501";"A01";"2";"38";"2";"0";"1";"1";"1";"7"
"202400047276";"155 698 496";"A01";"1";"7";"0";"2";"1";"26";"0";""
"202400047277";"155 698 497";"A01";"3";"7";"0";"2";"4";"26";"1";""
"202400047277";"155 698 500";"B01";"3";"30";"0";"2";"1";"1";"1";""
"202400047278";"155 698 494";"Z01";"1";"7";"0";"2";"0";"0";"0";""
"202400047278";"155 698 498";"B01";"1";"80";"0";"2";"8";"26";"3";""
"202400047279";"155 698 491";"A01";"1";"33";"0";"2";"2";"17";"1";""
"202400047279";"155 698 495";"B01";"1";"21";"0";"2";"3";"15";"1";""
"202400047280";"155 698 489";"A01";"2";"7";"0";"2";"2";"13";"1";""
"202400047280";"155 698 493";"B01";"1";"7";"0";"2";"1";"1";"2";""
"202400047281";"155 698 487";"A01";"1";"13";"1";"0";"4";"4";"0";""
"202400047282";"155 698 485";"A01";"1";"7";"0";"1";"2";"17";"1";""
"202400047283";"155 698 486";"A01";"1";"7";"0";"2";"3";"15";"1";""
"202400047283";"155 698 492";"B01";"2";"33";"6";"2";"1";"1";"1";""
"202400047284";"155 698 484";"B01";"0";"7";"0";"2";"3";"2";"1";""
"202400047284";"155 698 488";"C01";"3";"7";"0";"2";"5";"1";"1";""
"202400047284";"155 698 490";"A01";"3";"7";"0";"2";"2";"2";"1";""
"202400047285";"155 698 482";"A01";"1";"33";"0";"0";"8";"1";"1";""
"202400047286";"155 698 478";"A01";"2";"10";"0";"0";"9";"1";"1";""
"202400047287";"155 698 481";"B01";"2";"7";"3";"0";"3";"1";"1";""
"202400047287";"155 698 483";"A01";"1";"7";"0";"0";"3";"0";"1";""
"202400047288";"155 698 480";"A01";"3";"7";"0";"0";"0";"16";"1";""
"202400047289";"155 698 479";"A01";"3";"7";"0";"1";"2";"1";"1";""
"202400047290";"155 698 477";"A01";"1";"7";"0";"1";"1";"1";"1";""
"202400047291";"155 698 476";"A01";"1";"10";"0";"1";"3";"17";"1";""
"202400047292";"155 698 470";"A01";"2";"33";"4";"0";"7";"1";"1";""
"202400047293";"155 698 472";"B01";"1";"7";"0";"9";"6";"9";"1";""
"202400047293";"155 698 475";"A01";"1";"33";"0";"2";"1";"1";"1";""
"202400047294";"155 698 466";"A01";"2";"7";"0";"2";"1";"19";"1";""
"202400047294";"155 698 469";"B01";"1";"7";"0";"2";"1";"1";"1";""
"202400047295";"155 698 468";"B01";"3";"7";"0";"2";"2";"1";"1";""
"202400047295";"155 698 474";"A01";"3";"1";"0";"2";"9";"5";"5";""
"202400047296";"155 698 464";"A01";"2";"50";"0";"2";"1";"19";"3";""
"202400047296";"155 698 473";"B01";"1";"15";"0";"2";"6";"16";"1";""
"202400047297";"155 698 461";"B01";"2";"43";"0";"2";"1";"1";"1";""
"202400047297";"155 698 465";"Z01";"1";"7";"0";"2";"2";"15";"0";""
"202400047298";"155 698 463";"A01";"2";"7";"0";"2";"8";"11";"1";""
"202400047298";"155 698 467";"B01";"1";"34";"0";"2";"7";"1";"1";""
"202400047298";"155 698 471";"C01";"1";"7";"0";"2";"7";"23";"1";""
"202400047299";"155 698 457";"B01";"2";"7";"0";"2";"3";"15";"1";""
"202400047299";"155 698 462";"A01";"2";"2";"0";"2";"2";"1";"1";""
"202400047300";"155 698 459";"A01";"2";"7";"0";"1";"1";"15";"1";""
"202400047301";"155 698 455";"A01";"1";"7";"0";"0";"6";"10";"4";""
"202400047301";"155 698 458";"B01";"1";"33";"0";"2";"1";"1";"1";""
"202400047302";"155 698 452";"A01";"2";"7";"15";"0";"3";"2";"1";""
"202400047303";"155 698 450";"B01";"2";"38";"0";"2";"2";"21";"1";"1"
"202400047303";"155 698 453";"A01";"1";"7";"0";"2";"1";"13";"1";""
"202400047304";"155 698 449";"A01";"1";"7";"0";"2";"1";"10";"1";""
"202400047304";"155 698 454";"B01";"1";"7";"0";"2";"8";"1";"1";""
"202400047305";"155 698 448";"A01";"1";"7";"0";"2";"8";"9";"3";""
"202400047305";"155 698 456";"B01";"1";"1";"0";"2";"1";"0";"5";""
"202400047306";"155 698 447";"A01";"1";"32";"0";"2";"1";"17";"1";""
"202400047306";"155 698 451";"B01";"3";"7";"0";"2";"2";"15";"1";""
"202400047307";"155 698 446";"A01";"1";"33";"13";"0";"3";"1";"1";""
"202400047308";"155 698 445";"A01";"2";"7";"0";"1";"4";"4";"1";""
"202400047309";"155 698 442";"A01";"2";"7";"0";"1";"3";"1";"1";""
"202400047310";"155 698 444";"B01";"3";"7";"0";"2";"3";"16";"1";""
"202400047310";"155 698 460";"A01";"3";"2";"0";"2";"1";"15";"1";""
"202400047311";"155 698 438";"A01";"2";"7";"0";"9";"3";"9";"1";""
"202400047311";"155 698 440";"B01";"2";"3";"0";"2";"1";"1";"3";""
"202400047312";"155 698 436";"A01";"1";"7";"6";"2";"7";"9";"1";""
"202400047312";"155 698 443";"B01";"1";"7";"6";"2";"8";"2";"1";""
"202400047313";"155 698 437";"A01";"1";"1";"0";"2";"1";"1";"5";""
"202400047313";"155 698 441";"B01";"3";"7";"0";"2";"1";"1";"1";""
"202400047314";"155 698 433";"B01";"2";"50";"0";"2";"1";"1";"3";""
"202400047314";"155 698 435";"A01";" -1";"7";"0";"2";"3";"22";"1";""
"202400047315";"155 698 430";"A01";"2";"33";"15";"0";"9";"17";"1";""
"202400047315";"155 698 434";"B01";"2";"7";"0";"0";"0";"0";"1";""
"202400047316";"155 698 429";"A01";"2";"2";"0";"2";"1";"2";"1";""
"202400047316";"155 698 432";"B01";"3";"7";"0";"0";"4";"2";"1";""
"202400047317";"155 698 428";"A01";"1";"2";"16";"0";"1";"1";"1";""
"202400047318";"155 698 424";"A01";"1";"7";"12";"2";"1";"15";"1";""
"202400047319";"155 698 423";"A01";"3";"7";"2";"0";"1";"13";"1";""
"202400047320";"155 698 421";"A01";"3";"7";"0";"2";"3";"11";"1";""
"202400047320";"155 698 426";"B01";"1";"7";"0";"2";"2";"1";"1";""
"202400047321";"155 698 420";"A01";"3";"7";"0";"2";"3";"19";"1";""
"202400047321";"155 698 427";"B01";"3";"50";"0";"2";"1";"19";"3";""
"202400047322";"155 698 419";"A01";"1";"43";"0";"0";"1";"2";"1";""
"202400047323";"155 698 418";"B01";"2";"1";"0";"9";"1";"25";"5";""
"202400047323";"155 698 422";"A01";"1";"50";"0";"9";"1";"25";"3";""
"202400047324";"155 698 417";"A01";"1";"1";"0";"2";"8";"1";"5";""
"202400047324";"155 698 425";"B01";"1";"7";"0";"2";"1";"1";"1";""
"202400047325";"155 698 413";"A01";"1";"7";"0";"1";"1";"1";"1";""
"202400047326";"155 698 412";"A01";"2";"7";"0";"2";"1";"13";"1";""
"202400047326";"155 698 416";"B01";"1";"50";"0";"2";"1";"5";"3";""
"202400047327";"155 698 411";"A01";"1";"15";"0";"2";"1";"2";"1";""
"202400047327";"155 698 415";"B01";"1";"7";"0";"2";"4";"1";"1";""
"202400047328";"155 698 408";"A01";"2";"33";"0";"2";"2";"17";"1";""
"202400047328";"155 698 414";"B01";"2";"7";"0";"2";"8";"15";"1";""
"202400047329";"155 698 406";"A01";"2";"7";"0";"0";"2";"0";"1";""
"202400047329";"155 698 409";"B01";"1";"7";"0";"2";"3";"13";"1";""
"202400047330";"155 698 405";"A01";"3";"10";"0";"2";"1";"16";"0";""
"202400047330";"155 698 410";"B01";"3";"10";"0";"2";"2";"2";"0";""
"202400047331";"155 698 404";"A01";"3";"7";"8";"0";"2";"14";"1";""
"202400047332";"155 698 402";"A01";"2";"7";"3";"2";"7";"17";"1";""
"202400047332";"155 698 407";"B01";"2";"10";"0";"2";"1";"1";"1";""
"202400047333";"155 698 400";"A01";"3";"7";"0";"2";"4";"13";"1";""
"202400047333";"155 698 403";"B01";"3";"7";"0";"2";"1";"1";"1";""
"202400047334";"155 698 399";"A01";"1";"7";"15";"0";"1";"1";"1";""
"202400047335";"155 698 394";"A01";"1";"7";"0";"2";"2";"1";"2";""
"202400047335";"155 698 398";"B01";"1";"7";"0";"0";"6";"23";"2";""
"202400047336";"155 698 391";"A01";"2";"7";"0";"0";"5";"0";"1";""
"202400047336";"155 698 396";"B01";"2";"33";"0";"2";"3";"13";"1";""
"202400047337";"155 698 393";"B01";"1";"33";"0";"2";"1";"3";"1";""
"202400047337";"155 698 397";"A01";"1";"7";"0";"2";"5";"14";"1";""
"202400047337";"155 698 401";"C01";"1";"34";"0";"2";"1";"3";"1";""
"202400047338";"155 698 390";"A01";"2";"99";"0";"2";"2";"15";"3";""
"202400047338";"155 698 395";"B01";"3";"7";"0";"2";"3";"1";"1";""
"202400047339";"155 698 387";"A01";"1";"7";"0";"2";"4";"23";"1";""
"202400047339";"155 698 389";"B01";"1";"7";"0";"2";"1";"1";"1";""
"202400047340";"155 698 386";"A01";"1";"32";"0";"1";"1";"1";"1";""
"202400047341";"155 698 385";"C01";"1";"7";"0";"2";"2";"2";"1";""
"202400047341";"155 698 388";"A01";"1";"1";"0";"0";"6";"2";"5";""
"202400047342";"155 698 383";"A01";"2";"10";"0";"1";"1";"1";"1";""
"202400047343";"155 698 381";"A01";"1";"7";"0";"2";"1";"17";"1";""
"202400047343";"155 698 384";"B01";"1";"7";"0";"2";"4";"1";"1";""
"202400047344";"155 698 382";"A01";"1";"7";"2";"0";"1";"1";"1";""
"202400047345";"155 698 380";"A01";"1";"7";"8";"0";"1";"1";"1";""
"202400047346";"155 698 376";"A01";"3";"7";"0";"1";"1";"1";"1";""
"202400047347";"155 698 375";"A01";"1";"7";"0";"1";"7";"1";"1";""
"202400047348";"155 698 373";"A01";"3";"31";"0";"0";"8";"1";"1";""
"202400047349";"155 698 378";"A01";"2";"10";"3";"0";"1";"14";"1";""
"202400047350";"155 698 374";"B01";"2";"99";"0";"0";"1";"2";"0";""
"202400047350";"155 698 377";"A01";"2";"10";"1";"0";"3";"22";"1";""
"202400047351";"155 698 372";"A01";"2";"7";"13";"0";"2";"1";"1";""
"202400047352";"155 698 368";"A01";"1";"7";"0";"2";"1";"1";"1";""
"202400047352";"155 698 379";"B01";"2";"7";"0";"2";"1";"1";"1";""
"202400047353";"155 698 367";"A01";"2";"7";"10";"0";"1";"1";"1";""
"202400047354";"155 698 366";"A01";"1";"7";"0";"1";"2";"1";"1";""
"202400047355";"155 698 364";"A01";"1";"33";"0";"2";"1";"1";"1";""
"202400047355";"155 698 370";"B01";"2";"2";"0";"2";"1";"1";"1";""
"202400047356";"155 698 365";"A01";"3";"32";"0";"2";"2";"1";"1";""
"202400047356";"155 698 369";"B01";"3";"31";"0";"2";"1";"1";"1";""
"202400047357";"155 698 362";"A01";"1";"7";"0";"2";"1";"2";"1";""
"202400047357";"155 698 371";"B01";"1";"7";"4";"0";"4";"2";"1";""
"202400047358";"155 698 363";"A01";"3";"7";"0";"1";"1";"1";"1";""
"202400047359";"155 698 359";"A01";"1";"30";"0";"0";"8";"1";"1";""
"202400047360";"155 698 361";"A01";"2";"31";"2";"0";"1";"0";"1";""
"202400047361";"155 698 360";"A01";"1";"80";"12";"0";"1";"1";"3";""
"202400047362";"155 698 352";"A01";"1";"7";"12";"2";"1";"2";"1";""
"202400047362";"155 698 357";"B01";"1";"7";"12";"0";"4";"2";"1";""
"202400047363";"155 698 351";"A01";"1";"7";"0";"2";"3";"0";"0";""
"202400047363";"155 698 356";"B01";"2";"7";"0";"2";"3";"0";"2";""
"202400047364";"155 698 354";"A01";"2";"10";"0";"2";"2";"2";"1";""
"202400047364";"155 698 358";"B01";"2";"7";"0";"2";"6";"1";"1";""
"202400047365";"155 698 349";"A01";"0";"7";"0";"2";"2";"9";"1";""
"202400047365";"155 698 355";"B01";"1";"1";"0";"2";"5";"9";"5";""
"202400047366";"155 698 353";"A01";"1";"37";"0";"1";"1";"1";"1";"1"
"202400047367";"155 698 347";"B01";"2";"34";"0";"2";"8";"1";"1";""
"202400047367";"155 698 350";"A01";"2";"7";"0";"2";"1";"19";"1";""
"202400047368";"155 698 346";"A01";"2";"3";"0";"1";"1";"15";"1";""
"202400047369";"155 698 344";"A01";"1";"7";"2";"0";"1";"1";"1";""
"202400047370";"155 698 343";"A01";"1";"13";"0";"2";"1";"13";"1";""
"202400047370";"155 698 348";"B01";"2";"10";"0";"2";"3";"1";"1";""
"202400047371";"155 698 340";"A01";"3";"7";"13";"0";"1";"13";"1";""
"202400047372";"155 698 339";"A01";"1";"7";"0";"2";"2";"9";"1";""
"202400047372";"155 698 342";"B01";"2";"2";"0";"2";"2";"3";"1";""
"202400047373";"155 698 338";"B01";"1";"7";"0";"9";"1";"2";"1";""
"202400047373";"155 698 345";"A01";"1";"50";"0";"2";"3";"15";"3";""
"202400047374";"155 698 337";"A01";"1";"1";"0";"0";"0";"1";"5";""
"202400047375";"155 698 336";"A01";"2";"7";"0";"2";"2";"9";"1";""
"202400047375";"155 698 341";"B01";"1";"7";"0";"2";"1";"1";"1";""
"202400047376";"155 698 331";"B01";"1";"7";"0";"1";"3";"17";"1";""
"202400047377";"155 698 328";"A01";"1";"32";"0";"2";"1";"1";"1";""
"202400047377";"155 698 334";"B01";"1";"10";"0";"2";"4";"1";"1";""
"202400047378";"155 698 326";"A01";"1";"7";"0";"2";"3";"11";"1";""
"202400047378";"155 698 332";"B01";"2";"1";"0";"2";"1";"1";"5";""
"202400047379";"155 698 327";"A01";"0";"7";"0";"2";"3";"15";"0";""
"202400047379";"155 698 333";"B01";"0";"32";"0";"2";"1";"17";"0";""
"202400047380";"155 698 324";"A01";"2";"2";"0";"0";"7";"21";"1";""
"202400047381";"155 698 322";"A01";"1";"33";"13";"0";"1";"1";"1";""
"202400047382";"155 698 323";"A01";"2";"7";"0";"2";"3";"9";"1";""
"202400047382";"155 698 325";"B01";"2";"1";"0";"2";"7";"1";"5";""
"202400047383";"155 698 321";"Z01";"3";"10";"0";"1";"2";"16";"0";""
"202400047384";"155 698 314";"B01";"1";"14";"0";"9";"4";"23";"0";""
"202400047384";"155 698 318";"A01";"1";"2";"0";"2";"1";"2";"1";""
"202400047385";"155 698 316";"B01";"1";"50";"0";"2";"7";"15";"3";""
"202400047385";"155 698 320";"A01";"2";"7";"0";"9";"1";"9";"1";""
"202400047386";"155 698 313";"A01";"3";"7";"0";"2";"1";"1";"1";""
"202400047386";"155 698 319";"B01";"3";"7";"0";"2";"4";"1";"1";""
"202400047387";"155 698 312";"A01";"3";"1";"0";"0";"3";"19";"5";""
"202400047387";"155 698 315";"B01";"3";"7";"0";"2";"0";"0";"1";""
"202400047388";"155 698 317";"B01";"2";"7";"0";"2";"8";"9";"1";""
"202400047388";"155 698 330";"A01";"1";"10";"0";"2";"1";"1";"1";""
"202400047389";"155 698 310";"A01";"3";"50";"6";"0";"1";"1";"3";""
"202400047390";"155 698 307";"A01";"1";"2";"6";"0";"3";"1";"1";""
"202400047391";"155 698 308";"A01";"3";"7";"0";"1";"8";"15";"1";""
"202400047392";"155 698 306";"A01";"1";"7";"0";"2";"1";"1";"1";""
"202400047392";"155 698 311";"B01";"1";"1";"0";"2";"4";"2";"5";""
"202400047393";"155 698 305";"A01";"3";"7";"15";"1";"3";"25";"1";""
"202400047394";"155 698 303";"A01";"1";"7";"0";"2";"2";"1";"1";""
"202400047394";"155 698 309";"B01";"1";"7";"0";"2";"3";"1";"0";""
"202400047395";"155 698 297";"B01";"1";"1";"0";"2";"2";"2";"5";""
"202400047395";"155 698 302";"A01";"1";"7";"0";"2";"1";"16";"1";""
"202400047396";"155 698 299";"B01";"2";"7";"0";"2";"1";"17";"1";""
"202400047396";"155 698 301";"A01";"2";"7";"0";"2";"3";"15";"3";""
"202400047397";"155 698 298";"B01";"1";"7";"0";"2";"2";"16";"1";""
"202400047397";"155 698 300";"A01";"1";"33";"0";"2";"3";"14";"1";""
"202400047398";"155 698 293";"A01";"1";"10";"0";"2";"1";"1";"1";""
"202400047398";"155 698 296";"B01";"1";"7";"0";"2";"4";"1";"1";""
"202400047399";"155 698 292";"A01";"2";"7";"1";"0";"2";"14";"1";""
"202400047400";"155 698 295";"A01";"3";"2";"0";"0";"0";"1";"1";""
"202400047401";"155 698 290";"A01";"1";"10";"0";"0";"1";"2";"1";""
"202400047401";"155 698 291";"B01";"2";"10";"0";"2";"4";"23";"1";""
"202400047402";"155 698 294";"A01";"1";"33";"12";"0";"1";"17";"1";""
"202400047403";"155 698 289";"A01";"1";"33";"11";"0";"0";"1";"0";""
"202400047404";"155 698 288";"A01";"3";"7";"0";"1";"1";"1";"2";""
"202400047405";"155 698 283";"A01";"2";"7";"13";"0";"3";"11";"1";""
"202400047406";"155 698 282";"B01";"1";"7";"0";"2";"8";"1";"1";""
"202400047406";"155 698 286";"A01";"2";"7";"0";"2";"3";"1";"1";""
"202400047407";"155 698 279";"A01";"1";"7";"0";"2";"8";"15";"1";""
"202400047407";"155 698 285";"B01";"3";"14";"0";"2";"1";"1";"0";""
"202400047408";"155 698 281";"A01";"3";"7";"0";"2";"8";"16";"1";""
"202400047408";"155 698 287";"B01";"3";"33";"3";"2";"1";"1";"1";""
"202400047409";"155 698 277";"Z01";"2";"30";"0";"1";"1";"1";"1";""
"202400047410";"155 698 275";"A01";"2";"32";"0";"0";"1";"1";"1";""
"202400047411";"155 698 274";"C01";"1";"7";"0";"0";"1";"0";"1";""
"202400047411";"155 698 278";"A01";"1";"15";"0";"2";"3";"0";"1";""
"202400047411";"155 698 284";"B01";"1";"15";"0";"0";"8";"0";"1";""
"202400047412";"155 698 273";"A01";"1";"7";"14";"0";"3";"13";"1";""
"202400047413";"155 698 276";"B01";"3";"32";"0";"2";"6";"17";"1";""
"202400047413";"155 698 280";"A01";"3";"1";"0";"2";"1";"17";"5";""
"202400047414";"155 698 269";"A01";"1";"37";"5";"1";"2";"1";"2";"1"
"202400047415";"155 698 270";"A01";"1";"1";"0";"0";"0";"0";"5";""
"202400047416";"155 698 268";"A01";"2";"3";"0";"0";"3";"15";"1";""
"202400047416";"155 698 272";"B01";"2";"31";"0";"2";"1";"2";"1";""
"202400047417";"155 698 266";"A01";"2";"7";"0";"2";"6";"1";"1";""
"202400047417";"155 698 271";"B01";"2";"7";"0";"2";"2";"14";"1";""
"202400047418";"155 698 265";"A01";"1";"30";"1";"0";"6";"14";"1";""
"202400047419";"155 698 264";"A01";"1";"33";"0";"9";"1";"1";"1";""
"202400047420";"155 698 263";"B01";"1";"1";"0";"2";"1";"1";"5";""
"202400047420";"155 698 267";"A01";"2";"7";"0";"2";"3";"9";"1";""
"202400047421";"155 698 262";"A01";"1";"7";"6";"0";"1";"5";"1";""
"202400047422";"155 698 260";"A01";"2";"7";"0";"0";"8";"21";"1";""
"202400047423";"155 698 256";"A01";"3";"7";"13";"0";"9";"1";"1";""
"202400047424";"155 698 259";"A01";"3";"37";"0";"1";"6";"12";"2";"1"
"202400047425";"155 698 255";"A01";"1";"7";"0";"1";"1";"15";"1";""
"202400047426";"155 698 254";"B01";"1";"7";"0";"2";"1";"1";"1";""
"202400047426";"155 698 257";"A01";"2";"7";"0";"2";"1";"11";"1";""
"202400047427";"155 698 252";"B01";"1";"50";"0";"2";"1";"1";"3";""
"202400047427";"155 698 258";"A01";"1";"7";"0";"2";"3";"15";"1";""
"202400047428";"155 698 247";"A01";"1";"7";"0";"2";"3";"15";"1";""
"202400047428";"155 698 253";"B01";"1";"37";"0";"2";"2";"1";"1";"2"
"202400047429";"155 698 249";"A01";"2";"7";"0";"1";"2";"1";"1";""
"202400047430";"155 698 246";"A01";"1";"10";"0";"2";"3";"1";"1";""
"202400047430";"155 698 251";"B01";"3";"7";"13";"2";"7";"1";"1";""
"202400047431";"155 698 248";"A01";"3";"7";"0";"2";"8";"22";"1";""
"202400047431";"155 698 250";"B01";"3";"1";"1";"0";"1";"1";"5";""