"Num_Acc";"id_vehicule";"num_veh";"senc";"catv";"obs";"obsm";"choc";"manv";"motor";"occutc"
"202400047643";"155 697 890";"A01";"2";"10";"0";"2";"1";"2";"1";""
"202400047643";"155 697 892";"B01";"2";"7";"0";"2";"4";"2";"1";""
"202400047643";"155 697 897";"C01";"2";"7";"0";"2";"4";"2";"1";""
"202400047644";"155 697 888";"A01";"2";"7";"0";"1";"1";"1";"1";""
"202400047645";"155 697 885";"A01";"1";"7";"0";"2";"2";"1";"1";""
"202400047645";"155 697 889";"B01";"1";"7";"0";"2";"3";"16";"1";""
"202400047646";"155 697 886";"Z01";"3";"7";"0";"1";"0";"0";"0";""
"202400047647";"155 697 882";"A01";"1";"7";"3";"0";"1";"2";"1";""
"202400047647";"155 697 884";"Z01";"1";"7";"0";"0";"0";"0";"0";""
"202400047648";"155 697 883";"A01";"3";"7";"0";"2";"1";"1";"1";""
"202400047648";"155 697 887";"B01";"3";"7";"0";"2";"7";"15";"1";""
"202400047649";"155 697 881";"B01";"1";"1";"0";"2";"0";"2";"5";""
"202400047650";"155 697 880";"A01";"1";"50";"0";"9";"7";"1";"3";""
"202400047651";"155 697 879";"A01";"3";"31";"4";"0";"3";"13";"1";""
"202400047652";"155 697 877";"A01";"2";"7";"0";"1";"3";"1";"1";""
"202400047653";"155 697 876";"A01";"2";"10";"2";"0";"2";"14";"1";""
"202400047654";"155 697 874";"A01";"1";"7";"0";"2";"4";"2";"3";""
"202400047654";"155 697 878";"B01";"1";"7";"0";"2";"1";"2";"1";""
"202400047655";"155 697 873";"A01";"3";"21";"0";"9";"5";"17";"0";""
"202400047655";"155 697 875";"B01";"0";"1";"0";"2";"8";"2";"5";""
"202400047656";"155 697 872";"A01";"2";"10";"4";"0";"1";"1";"1";""
"202400047657";"155 697 867";"A01";"1";"7";"0";"2";"3";"10";"0";""
"202400047657";"155 697 870";"B01";"1";"30";"0";"2";"1";"1";"1";""
"202400047658";"155 697 863";"A01";"1";"7";"0";"2";"1";"1";"1";""
"202400047658";"155 697 871";"B01";"1";"7";"0";"2";"9";"19";"1";""
"202400047659";"155 697 860";"A01";"2";"7";"0";"0";"2";"14";"1";""
"202400047660";"155 697 862";"A01";"1";"7";"0";"2";"1";"1";"1";""
"202400047660";"155 697 865";"B01";"1";"7";"0";"2";"9";"1";"2";""
"202400047660";"155 697 869";"C01";"1";"7";"0";"2";"4";"1";"1";""
"202400047661";"155 697 861";"A01";"2";"7";"0";"2";"1";"1";"3";""
"202400047661";"155 697 864";"B01";"2";"7";"0";"2";"4";"1";"1";""
"202400047661";"155 697 866";"C01";"2";"7";"0";"2";"4";"1";"1";""
"202400047661";"155 697 868";"D01";"2";"7";"0";"0";"4";"15";"1";""
"202400047662";"155 697 858";"B01";"3";"7";"0";"2";"1";"15";"1";""
"202400047662";"155 697 859";"A01";"2";"50";"0";"2";"2";"5";"3";""
"202400047663";"155 697 857";"A01";"2";"7";"0";"1";"1";"1";"1";""
"202400047664";"155 697 855";"A01";"3";"36";"8";"0";"1";"14";"1";""
"202400047665";"155 697 848";"A01";"1";"7";"0";"2";"1";"2";"1";""
"202400047665";"155 697 852";"B01";"1";"7";"0";"2";"4";"23";"1";""
"202400047666";"155 697 851";"A01";"2";"7";"0";"2";"1";"1";"1";""
"202400047666";"155 697 854";"B01";"2";"10";"0";"2";"4";"1";"1";""
"202400047667";"155 697 850";"A01";"1";"7";"0";"1";"3";"1";"1";""
"202400047668";"155 697 847";"A01";"1";"7";"0";"2";"1";"17";"1";""
"202400047668";"155 697 853";"C01";"1";"7";"0";"2";"1";"1";"1";""
"202400047668";"155 697 856";"B01";"2";"7";"0";"2";"6";"1";"1";""
"202400047669";"155 697 846";"A01";"1";"21";"0";"9";"8";"26";"1";""
"202400047669";"155 697 849";"B01";"1";"1";"0";"2";"1";"1";"5";""
"202400047670";"155 697 844";"A01";"1";"43";"0";"1";"1";"0";"1";""
"202400047671";"155 697 838";"A01";"0";"7";"0";"1";"1";"0";"1";""
"202400047672";"155 697 843";"A01";"1";"7";"0";"1";"2";"1";"1";""
"202400047673";"155 697 839";"A01";"1";"7";"0";"2";"2";"14";"1";""
"202400047673";"155 697 842";"B01";"1";"7";"0";"2";"6";"1";"1";""
"202400047674";"155 697 837";"B01";"1";"7";"0";"2";"9";"1";"1";""
"202400047674";"155 697 840";"C01";"1";"7";"0";"2";"4";"1";"1";""
"202400047674";"155 697 845";"A01";"1";"10";"0";"2";"1";"1";"1";""
"202400047675";"155 697 836";"A01";"1";"7";"0";"2";"1";"0";"1";""
"202400047675";"155 697 841";"B01";"1";"7";"0";"2";"8";"0";"1";""
"202400047676";"155 697 833";"A01";"2";"30";"0";"2";"8";"1";"1";""
"202400047676";"155 697 835";"B01";"1";"50";"0";"2";"8";"1";"3";""
"202400047677";"155 697 834";"A01";"1";"33";"0";"0";"0";"21";"1";""
"202400047678";"155 697 830";"A01";"3";"7";"0";"2";"1";"26";"1";""
"202400047678";"155 697 832";"B01";"1";"33";"0";"2";"0";"0";"1";""
"202400047679";"155 697 829";"A01";"1";"7";"0";"1";"4";"4";"1";""
"202400047680";"155 697 822";"A01";"1";"10";"0";"1";"2";"1";"1";""
"202400047681";"155 697 825";"A01";"2";"10";"0";"2";"1";"2";"1";""
"202400047681";"155 697 827";"B01";"2";"10";"0";"2";"4";"2";"0";""
"202400047681";"155 697 831";"C01";"2";"10";"0";"2";"4";"2";"1";""
"202400047682";"155 697 823";"A01";"1";"7";"8";"0";"1";"13";"1";""
"202400047683";"155 697 821";"A01";"1";"37";"0";"2";"1";"10";"1";"1"
"202400047683";"155 697 824";"B01";"2";"7";"0";"2";"1";"1";"1";""
"202400047684";"155 697 819";"B01";"2";"7";"0";"2";"3";"1";"1";""
"202400047684";"155 697 826";"A01";"1";"7";"0";"2";"3";"1";"1";""
"202400047685";"155 697 817";"B01";"2";"7";"0";"2";"4";"1";"1";""
"202400047685";"155 697 818";"A01";"2";"7";"0";"2";"1";"1";"1";""
"202400047685";"155 697 820";"C01";"2";"7";"0";"0";"4";"23";"1";""
"202400047686";"155 697 814";"B01";"1";"10";"0";"2";"5";"1";"1";""
"202400047686";"155 697 816";"A01";"1";"33";"0";"2";"1";"12";"3";""
"202400047687";"155 697 810";"A01";"2";"7";"0";"2";"3";"13";"1";""
"202400047687";"155 697 812";"B01";"1";"10";"0";"2";"3";"21";"1";""
"202400047688";"155 697 809";"A01";"0";"7";"0";"9";"0";"1";"1";""
"202400047688";"155 697 815";"B01";"0";"1";"0";"2";"0";"1";"5";""
"202400047689";"155 697 811";"A01";"3";"31";"0";"0";"8";"26";"1";""
"202400047690";"155 697 808";"B01";"2";"7";"0";"2";"7";"1";"1";""
"202400047690";"155 697 813";"A01";"2";"33";"4";"2";"3";"3";"1";""
"202400047691";"155 697 807";"A01";"1";"7";"7";"0";"1";"1";"2";""
"202400047692";"155 697 804";"A01";"3";"7";"0";"1";"4";"20";"1";""
"202400047693";"155 697 802";"B01";"1";"7";"0";"2";"6";"14";"1";""
"202400047693";"155 697 806";"A01";"2";"15";"0";"2";"2";"2";"1";""
"202400047694";"155 697 801";"A01";"1";"7";"0";"2";"1";"13";"1";""
"202400047694";"155 697 805";"B01";"2";"7";"0";"2";"1";"1";"1";""
"202400047695";"155 697 797";"A01";"2";"7";"0";"0";"3";"15";"2";""
"202400047695";"155 697 800";"B01";"2";"30";"0";"2";"1";"17";"1";""
"202400047696";"155 697 798";"A01";"2";"10";"0";"2";"1";"14";"1";""
"202400047696";"155 697 803";"B01";"2";"7";"0";"2";"6";"1";"1";""
"202400047697";"155 697 795";"B01";"3";"50";"0";"2";"8";"19";"3";""
"202400047697";"155 697 799";"A01";"1";"7";"0";"2";"8";"15";"2";""
"202400047698";"155 697 793";"B01";"1";"7";"0";"2";"6";"2";"1";""
"202400047698";"155 697 796";"A01";"1";"33";"0";"2";"2";"3";"1";""
"202400047699";"155 697 789";"C01";"1";"7";"0";"2";"4";"1";"1";""
"202400047699";"155 697 792";"A01";"1";"7";"0";"2";"1";"1";"1";""
"202400047699";"155 697 794";"B01";"1";"33";"0";"2";"9";"1";"1";""
"202400047700";"155 697 787";"A01";"2";"7";"0";"1";"4";"1";"1";""
"202400047701";"155 697 786";"B01";"2";"7";"0";"2";"3";"1";"1";""
"202400047701";"155 697 790";"A01";"2";"33";"0";"9";"2";"3";"1";""
"202400047702";"155 697 785";"B01";"1";"1";"0";"2";"6";"9";"5";""
"202400047702";"155 697 791";"A01";"2";"7";"0";"9";"2";"2";"1";""
"202400047703";"155 697 784";"A01";"2";"32";"0";"2";"1";"2";"1";""
"202400047703";"155 697 788";"B01";"2";"7";"0";"2";"4";"2";"2";""
"202400047704";"155 697 780";"A01";"2";"30";"0";"2";"2";"1";"1";""
"202400047704";"155 697 782";"B01";"2";"7";"0";"2";"5";"16";"1";""
"202400047705";"155 697 778";"B01";"1";"7";"0";"2";"4";"1";"3";""
"202400047705";"155 697 781";"A01";"1";"31";"0";"2";"1";"1";"1";""
"202400047706";"155 697 774";"A01";"3";"7";"0";"1";"1";"1";"1";""
"202400047707";"155 697 773";"B01";"0";"1";"0";"2";"7";"19";"5";""
"202400047707";"155 697 776";"A01";"0";"7";"0";"2";"1";"2";"1";""
"202400047708";"155 697 775";"C01";"1";"7";"0";"2";"4";"2";"1";""
"202400047708";"155 697 779";"A01";"1";"7";"0";"2";"1";"2";"2";""
"202400047708";"155 697 783";"B01";"1";"7";"0";"2";"4";"2";"1";""
"202400047709";"155 697 770";"A01";"1";"0";"0";"2";"3";"20";"0";""
"202400047709";"155 697 772";"B01";"2";"31";"0";"2";"7";"13";"1";""
"202400047710";"155 697 771";"A01";"2";"43";"0";"2";"2";"1";"1";""
"202400047710";"155 697 777";"Z01";"2";"0";"0";"2";"3";"0";"0";""
"202400047711";"155 697 767";"B01";"2";"1";"15";"2";"8";"1";"5";""
"202400047711";"155 697 769";"A01";"2";"15";"0";"2";"5";"17";"0";""
"202400047712";"155 697 766";"A01";"1";"7";"0";"1";"1";"15";"1";""
"202400047713";"155 697 764";"A01";"1";"31";"0";"2";"1";"2";"1";""
"202400047713";"155 697 768";"B01";"1";"7";"0";"9";"5";"2";"3";""
"202400047714";"155 697 762";"A01";"1";"7";"0";"1";"1";"1";"1";""
"202400047715";"155 697 760";"B01";"2";"33";"0";"2";"8";"21";"1";""
"202400047715";"155 697 763";"A01";"2";"7";"0";"2";"6";"2";"1";""
"202400047716";"155 697 759";"A01";"1";"10";"0";"2";"1";"19";"1";""
"202400047716";"155 697 761";"B01";"1";"7";"0";"2";"8";"1";"1";""
"202400047717";"155 697 757";"A01";"2";"7";"0";"2";"1";"2";"1";""
"202400047717";"155 697 765";"B01";"2";"7";"0";"2";"4";"9";"2";""
"202400047718";"155 697 755";"A01";"2";"7";"1";"0";"9";"2";"1";""
"202400047719";"155 697 753";"A01";"2";"7";"0";"2";"2";"11";"1";""
"202400047719";"155 697 756";"B01";"2";"7";"0";"2";"6";"1";"1";""
"202400047720";"155 697 748";"A01";"2";"33";"0";"2";"1";"13";"1";""
"202400047720";"155 697 752";"B01";"2";"7";"0";"2";"4";"1";"1";""
"202400047721";"155 697 749";"B01";"1";"1";"0";"2";"4";"26";"5";""
"202400047721";"155 697 751";"A01";"2";"10";"0";"2";"2";"9";"1";""
"202400047722";"155 697 745";"A01";"0";"7";"0";"2";"2";"15";"1";""
"202400047722";"155 697 746";"B01";"0";"30";"0";"2";"2";"1";"1";""
"202400047723";"155 697 750";"A01";"1";"32";"0";"2";"1";"3";"1";""
"202400047723";"155 697 754";"B01";"1";"7";"0";"2";"4";"1";"1";""
"202400047724";"155 697 739";"A01";"1";"7";"0";"2";"2";"12";"1";""
"202400047724";"155 697 740";"B01";"1";"33";"0";"2";"3";"3";"1";""
"202400047725";"155 697 743";"A01";"1";"14";"0";"2";"3";"1";"1";""
"202400047725";"155 697 747";"B01";"2";"32";"0";"2";"3";"5";"1";""
"202400047726";"155 697 737";"A01";"2";"7";"0";"2";"5";"1";"1";""
"202400047726";"155 697 741";"Z01";"2";"10";"0";"2";"0";"12";"0";""
"202400047726";"155 697 744";"B01";"2";"32";"0";"2";"6";"1";"1";""
"202400047727";"155 697 742";"A01";"1";"34";"0";"1";"1";"7";"1";""
"202400047728";"155 697 735";"B01";"2";"7";"0";"2";"1";"2";"2";""
"202400047728";"155 697 738";"A01";"2";"7";"0";"2";"4";"11";"1";""
"202400047729";"155 697 734";"A01";"1";"7";"0";"2";"1";"2";"1";""
"202400047729";"155 697 736";"B01";"1";"7";"0";"2";"4";"15";"1";""
"202400047730";"155 697 733";"A01";"2";"33";"0";"0";"0";"16";"1";""
"202400047731";"155 697 729";"Z01";"1";"30";"0";"2";"0";"23";"0";""
"202400047731";"155 697 732";"A01";"1";"30";"0";"2";"1";"1";"1";""
"202400047732";"155 697 726";"A01";"1";"7";"0";"2";"6";"11";"1";""
"202400047732";"155 697 730";"B01";"1";"31";"0";"2";"2";"1";"1";""
"202400047733";"155 697 723";"A01";"1";"31";"1";"0";"1";"3";"1";""
"202400047733";"155 697 724";"B01";"1";"7";"0";"2";"3";"24";"1";""
"202400047734";"155 697 721";"B01";"3";"7";"0";"2";"3";"1";"1";""
"202400047734";"155 697 727";"A01";"3";"7";"0";"2";"7";"15";"1";""
"202400047735";"155 697 725";"B01";"3";"2";"0";"2";"1";"10";"1";""
"202400047735";"155 697 731";"A01";"1";"31";"0";"2";"2";"1";"1";""
"202400047736";"155 697 720";"A01";"0";"7";"0";"2";"2";"26";"1";""
"202400047736";"155 697 728";"B01";"0";"1";"0";"2";"1";"26";"5";""
"202400047737";"155 697 722";"A01";"1";"7";"0";"1";"1";"1";"1";""
"202400047738";"155 697 719";"A01";"1";"10";"0";"1";"2";"1";"1";""
"202400047739";"155 697 718";"V01";"1";"1";"0";"0";"0";"1";"5";""
"202400047740";"155 697 713";"A01";"1";"7";"0";"2";"1";"1";"1";""
"202400047740";"155 697 716";"B01";"2";"7";"0";"2";"8";"15";"1";""
"202400047741";"155 697 712";"B01";"2";"7";"0";"9";"3";"2";"1";""
"202400047741";"155 697 717";"A01";"2";"60";"0";"2";"2";"2";"5";""
"202400047742";"155 697 708";"B01";"1";"7";"0";"2";"8";"9";"1";""
"202400047742";"155 697 714";"A01";"1";"1";"0";"2";"1";"1";"5";""
"202400047743";"155 697 709";"A01";"1";"7";"0";"2";"1";"1";"1";""
"202400047743";"155 697 711";"B01";"1";"7";"0";"2";"4";"1";"1";""
"202400047744";"155 697 706";"A01";"1";"7";"0";"1";"0";"1";"1";""
"202400047745";"155 697 710";"B01";"1";"7";"0";"9";"1";"14";"1";""
"202400047745";"155 697 715";"A01";"1";"1";"0";"2";"4";"26";"5";""
"202400047746";"155 697 704";"A01";"2";"7";"1";"0";"1";"1";"1";""
"202400047747";"155 697 703";"A01";"3";"7";"0";"2";"2";"19";"1";""
"202400047747";"155 697 705";"B01";"1";"33";"0";"2";"1";"1";"1";""
"202400047748";"155 697 699";"A01";"1";"7";"0";"2";"5";"15";"1";""
"202400047748";"155 697 701";"B01";"2";"34";"0";"2";"3";"1";"1";""
"202400047749";"155 697 700";"A01";"1";"33";"0";"2";"7";"1";"1";""
"202400047749";"155 697 702";"B01";"1";"7";"0";"2";"8";"20";"3";""
"202400047750";"155 697 692";"B01";"3";"37";"0";"2";"1";"1";"1";"1"
"202400047750";"155 697 697";"A01";"3";"50";"0";"2";"8";"19";"3";""
"202400047751";"155 697 691";"A01";"1";"33";"0";"2";"1";"1";"1";""
"202400047751";"155 697 696";"B01";"2";"10";"0";"2";"5";"15";"1";""
"202400047752";"155 697 688";"C01";"2";"7";"0";"2";"3";"1";"1";""
"202400047752";"155 697 690";"A01";"1";"7";"0";"2";"3";"13";"1";""
"202400047752";"155 697 695";"B01";"2";"15";"0";"2";"3";"1";"1";""
"202400047753";"155 697 694";"B01";"3";"7";"0";"0";"6";"24";"1";""
"202400047753";"155 697 698";"A01";"2";"7";"1";"0";"2";"14";"1";""
"202400047754";"155 697 689";"A01";"3";"32";"0";"2";"1";"7";"1";""
"202400047754";"155 697 693";"B01";"3";"7";"0";"2";"7";"16";"1";""
"202400047755";"155 697 685";"B01";"2";"80";"0";"2";"1";"2";"3";""
"202400047755";"155 697 687";"A01";"2";"50";"0";"2";"4";"2";"3";""
"202400047756";"155 697 682";"A01";"1";"30";"0";"2";"1";"1";"1";""
"202400047756";"155 697 686";"B01";"1";"7";"0";"2";"5";"1";"1";""
"202400047757";"155 697 681";"Z01";"1";"7";"0";"2";"0";"26";"1";""
"202400047757";"155 697 684";"B01";"2";"33";"0";"2";"1";"1";"1";""
"202400047758";"155 697 680";"A01";"1";"33";"13";"0";"1";"1";"1";""
"202400047759";"155 697 677";"A01";"2";"7";"0";"2";"3";"17";"1";""
"202400047759";"155 697 683";"B01";"1";"30";"0";"2";"1";"1";"1";""
"202400047760";"155 697 678";"A01";"2";"10";"0";"1";"2";"1";"1";""
"202400047761";"155 697 676";"A01";"1";"7";"0";"2";"2";"14";"1";""
"202400047761";"155 697 679";"B01";"1";"7";"0";"2";"2";"23";"2";""
"202400047762";"155 697 673";"A01";"2";"10";"0";"1";"1";"1";"2";""
"202400047763";"155 697 669";"B01";"1";"33";"0";"2";"1";"2";"1";""
"202400047763";"155 697 672";"A01";"1";"7";"0";"2";"4";"23";"1";""
"202400047764";"155 697 671";"AB01";"2";"1";"0";"2";"8";"2";"5";""
"202400047764";"155 697 674";"Z01";"2";"0";"0";"2";"0";"0";"0";""
"202400047765";"155 697 670";"A01";"2";"3";"1";"0";"2";"1";"1";""
"202400047766";"155 697 668";"A01";"1";"7";"0";"2";"2";"1";"1";""
"202400047766";"155 697 675";"B01";"1";"7";"0";"2";"8";"1";"2";""
"202400047767";"155 697 664";"A01";"1";"33";"0";"2";"1";"2";"1";""
"202400047767";"155 697 666";"B01";"1";"32";"0";"2";"4";"2";"3";""
"202400047768";"155 697 667";"A01";"2";"1";"0";"1";"1";"1";"5";""
"202400047769";"155 697 661";"A01";"1";"7";"13";"0";"2";"14";"1";""
"202400047770";"155 697 663";"B01";"3";"7";"0";"2";"4";"1";"1";""
"202400047770";"155 697 665";"A01";"3";"2";"0";"2";"1";"17";"3";""
"202400047771";"155 697 660";"A01";"2";"10";"0";"1";"4";"4";"1";""
"202400047772";"155 697 659";"A01";"2";"7";"0";"2";"6";"15";"0";""
"202400047772";"155 697 662";"B01";"2";"2";"0";"2";"2";"2";"0";""
"202400047773";"155 697 654";"A01";"1";"31";"0";"2";"1";"17";"1";""
"202400047773";"155 697 658";"B01";"1";"10";"0";"2";"3";"15";"1";""
"202400047774";"155 697 651";"A01";"2";"7";"0";"2";"1";"1";"1";""
"202400047774";"155 697 656";"B01";"1";"33";"0";"2";"1";"13";"1";""
"202400047775";"155 697 650";"A01";"3";"1";"9";"0";"3";"13";"5";""
"202400047775";"155 697 655";"B01";"3";"33";"9";"9";"2";"1";"1";""
"202400047776";"155 697 649";"B01";"2";"32";"0";"2";"3";"17";"1";""
"202400047776";"155 697 657";"A01";"2";"7";"0";"2";"2";"15";"1";""
"202400047777";"155 697 648";"A01";"2";"7";"0";"2";"2";"1";"1";""
"202400047777";"155 697 652";"B01";"1";"7";"0";"2";"1";"9";"1";""
"202400047778";"155 697 647";"B01";"2";"50";"0";"2";"3";"1";"3";""
"202400047778";"155 697 653";"A01";"2";"7";"0";"2";"2";"16";"1";""
"202400047779";"155 697 645";"B01";"3";"33";"0";"2";"1";"1";"1";""
"202400047779";"155 697 646";"A01";"3";"7";"0";"2";"2";"15";"1";""
"202400047780";"155 697 643";"A01";"2";"33";"0";"1";"1";"1";"1";""
"202400047781";"155 697 638";"A01";"3";"1";"0";"0";"7";"2";"5";""
"202400047782";"155 697 633";"B01";"3";"7";"0";"2";"8";"0";"1";""
"202400047782";"155 697 641";"A01";"3";"14";"0";"2";"7";"1";"1";""
"202400047783";"155 697 632";"A01";"1";"33";"0";"2";"1";"2";"1";""
"202400047783";"155 697 637";"B01";"1";"10";"0";"2";"4";"2";"1";""
"202400047784";"155 697 636";"A01";"2";"7";"0";"2";"3";"1";"1";""
"202400047784";"155 697 642";"B01";"1";"7";"0";"2";"2";"1";"1";""
"202400047785";"155 697 635";"A01";"1";"7";"0";"2";"1";"1";"2";""
"202400047785";"155 697 639";"B01";"1";"7";"0";"2";"4";"1";"1";""
"202400047785";"155 697 644";"C01";"1";"7";"0";"2";"4";"1";"1";""
"202400047786";"155 697 631";"A01";"1";"14";"1";"1";"2";"16";"1";""
"202400047787";"155 697 634";"A01";"2";"7";"0";"2";"7";"15";"1";""
"202400047787";"155 697 640";"B01";"2";"30";"0";"2";"1";"1";"1";""
"202400047788";"155 697 630";"A01";"1";"2";"12";"0";"2";"1";"3";""
"202400047789";"155 697 626";"A01";"2";"80";"12";"0";"7";"14";"3";""
"202400047790";"155 697 625";"A01";"2";"7";"0";"1";"2";"1";"1";""
"202400047791";"155 697 624";"A01";"1";"10";"0";"2";"1";"2";"0";""
"202400047791";"155 697 629";"B01";"1";"7";"0";"2";"4";"2";"0";""
"202400047792";"155 697 627";"A01";"2";"50";"0";"1";"8";"1";"3";""
"202400047793";"155 697 622";"B01";"2";"7";"0";"2";"3";"15";"1";""
"202400047793";"155 697 623";"A01";"2";"7";"0";"2";"2";"26";"1";""
"202400047794";"155 697 620";"A01";"2";"31";"4";"0";"1";"0";"1";""
"202400047795";"155 697 617";"A01";"2";"33";"0";"1";"1";"5";"1";""
"202400047796";"155 697 618";"A01";"1";"7";"0";"1";"1";"1";"1";""
"202400047797";"155 697 616";"Z01";"1";"7";"0";"1";"3";"1";"1";""
"202400047798";"155 697 614";"A01";"1";"7";"0";"2";"3";"15";"1";""
"202400047798";"155 697 619";"B01";"2";"34";"0";"2";"1";"1";"1";""
"202400047799";"155 697 615";"A01";"1";"1";"0";"2";"2";"15";"5";""
"202400047799";"155 697 621";"B01";"1";"1";"0";"2";"1";"1";"5";""
"202400047800";"155 697 613";"A01";"2";"1";"1";"0";"2";"2";"5";""
"202400047801";"155 697 612";"A01";"1";"7";"0";"1";"1";"15";"1";""
"202400047802";"155 697 611";"A01";"3";"30";"0";"1";"1";"1";"1";""
"202400047803";"155 697 610";"A01";"2";"1";"0";"1";"1";"1";"5";""
"202400047804";"155 697 605";"A01";"2";"7";"0";"2";"2";"15";"1";""
"202400047804";"155 697 609";"B01";"1";"50";"0";"2";"1";"1";"3";""
"202400047805";"155 697 607";"A01";"1";"32";"0";"0";"0";"0";"1";""
"202400047806";"155 697 604";"A01";"3";"32";"0";"2";"4";"1";"1";""
"202400047807";"155 697 602";"A01";"1";"50";"0";"2";"3";"15";"3";""
"202400047807";"155 697 606";"B01";"3";"7";"0";"2";"2";"1";"2";""
"202400047808";"155 697 601";"B01";"3";"0";"0";"1";"1";"25";"0";""
"202400047809";"155 697 600";"A01";"1";"7";"0";"1";"8";"1";"1";""
"202400047810";"155 697 596";"A01";"3";"7";"0";"2";"3";"15";"1";""
"202400047810";"155 697 598";"B01";"3";"50";"0";"2";"1";"2";"3";""
"202400047811";"155 697 597";"A01";"2";"10";"0";"2";"1";"17";"1";""
"202400047811";"155 697 599";"B01";"1";"10";"0";"2";"1";"1";"1";""
"202400047811";"155 697 603";"D01";"0";"7";"0";"2";"1";"23";"1";""
"202400047811";"155 697 608";"C01";"0";"7";"0";"2";"8";"24";"1";""
"202400047812";"155 697 594";"A01";"1";"7";"15";"0";"2";"1";"1";""
"202400047813";"155 697 592";"Z01";"2";"10";"0";"1";"4";"4";"1";""
"202400047814";"155 697 593";"B01";"3";"43";"0";"2";"1";"18";"0";""
"202400047814";"155 697 595";"A01";"3";"10";"1";"0";"5";"16";"0";""
"202400047815";"155 697 590";"A01";"1";"7";"1";"0";"3";"2";"2";""
"202400047816";"155 697 587";"A01";"2";"7";"0";"2";"7";"14";"1";""
"202400047816";"155 697 589";"B01";"2";"50";"0";"2";"3";"1";"3";""
"202400047817";"155 697 591";"A01";"1";"1";"0";"1";"2";"26";"5";""
"202400047818";"155 697 586";"A01";"3";"50";"0";"1";"1";"18";"3";""
"202400047819";"155 697 585";"B01";"2";"7";"0";"2";"6";"15";"1";""
"202400047819";"155 697 588";"A01";"2";"33";"0";"2";"1";"2";"1";""
"202400047820";"155 697 584";"A01";"2";"7";"2";"0";"2";"1";"1";""
"202400047821";"155 697 581";"A01";"2";"7";"0";"1";"1";"15";"1";""
"202400047822";"155 697 582";"A01";"2";"7";"0";"2";"2";"15";"1";""
"202400047823";"155 697 579";"A01";"3";"37";"0";"2";"3";"1";"0";"1"
"202400047823";"155 697 583";"B01";"0";"7";"0";"2";"7";"0";"1";""
"202400047824";"155 697 578";"B01";"2";"1";"0";"2";"8";"16";"5";""
"202400047824";"155 697 580";"A01";"2";"37";"0";"2";"2";"16";"2";"1"
"202400047825";"155 697 567";"A01";"0";"7";"0";"2";"1";"19";"1";""
"202400047825";"155 697 577";"B01";"0";"10";"0";"2";"8";"1";"1";""
"202400047826";"155 697 572";"A01";"1";"2";"0";"2";"1";"17";"1";""
"202400047826";"155 697 576";"B01";"1";"7";"0";"2";"8";"15";"1";""
"202400047827";"155 697 570";"B01";"1";"33";"0";"2";"1";"0";"1";""
"202400047827";"155 697 574";"A01";"0";"7";"0";"2";"2";"10";"1";""
"202400047828";"155 697 566";"A01";"1";"10";"0";"2";"2";"1";"1";""
"202400047828";"155 697 569";"B01";"2";"1";"0";"2";"8";"0";"5";""
"202400047829";"155 697 568";"A01";"3";"1";"0";"2";"0";"1";"5";""
"202400047829";"155 697 573";"B01";"3";"7";"0";"2";"0";"1";"1";""
"202400047830";"155 697 571";"A01";"1";"7";"0";"2";"1";"1";"1";""
"202400047830";"155 697 575";"B01";"2";"7";"0";"2";"3";"1";"1";""
"202400047831";"155 697 561";"A01";"2";"7";"0";"1";"3";"1";"1";""
"202400047832";"155 697 563";"A01";"2";"7";"0";"1";"4";"4";"1";""
"202400047833";"155 697 557";"B01";"2";"33";"0";"2";"7";"26";"1";""
"202400047833";"155 697 560";"A01";"2";"10";"0";"2";"8";"9";"1";""
"202400047834";"155 697 556";"A01";"2";"7";"0";"0";"2";"19";"0";""
"202400047834";"155 697 564";"B01";"1";"7";"0";"0";"0";"0";"0";""
"202400047835";"155 697 554";"A01";"1";"50";"0";"2";"1";"19";"3";""
"202400047835";"155 697 562";"B01";"2";"7";"0";"9";"7";"1";"1";""
"202400047836";"155 697 555";"B01";"2";"33";"0";"2";"1";"5";"0";""
"202400047836";"155 697 559";"A01";"2";"7";"0";"2";"3";"15";"1";""
"202400047837";"155 697 558";"B01";"2";"30";"0";"2";"1";"1";"1";""
"202400047837";"155 697 565";"A01";"2";"7";"0";"2";"3";"9";"3";""
"202400047838";"155 697 551";"A01";"0";"10";"0";"2";"2";"1";"1";""
"202400047838";"155 697 553";"B01";"3";"7";"0";"2";"2";"15";"1";""
"202400047839";"155 697 547";"B01";"3";"33";"0";"0";"0";"0";"1";""
"202400047839";"155 697 552";"A01";"3";"7";"0";"2";"1";"26";"2";""
"202400047840";"155 697 546";"A01";"1";"60";"0";"2";"7";"14";"5";""
"202400047840";"155 697 549";"B01";"1";"0";"0";"2";"8";"17";"0";""
"202400047841";"155 697 542";"A01";"1";"10";"0";"2";"1";"2";"1";""
"202400047841";"155 697 550";"B01";"1";"15";"0";"2";"4";"1";"1";""
"202400047842";"155 697 538";"A01";"2";"10";"0";"2";"1";"15";"1";""
"202400047842";"155 697 543";"B01";"1";"37";"0";"2";"8";"1";"1";"2"
"202400047843";"155 697 537";"A01";"1";"7";"0";"2";"4";"26";"1";""
"202400047843";"155 697 540";"B01";"1";"32";"12";"2";"1";"13";"1";""