"Num_Acc";"id_vehicule";"num_veh";"senc";"catv";"obs";"obsm";"choc";"manv";"motor";"occutc"
"202400047844";"155 697 539";"A01";"3";"7";"0";"2";"2";"1";"1";""
"202400047844";"155 697 548";"B01";"3";"10";"0";"2";"3";"1";"1";""
"202400047845";"155 697 535";"A01";"2";"7";"1";"0";"2";"26";"1";""
"202400047846";"155 697 541";"A01";"2";"7";"9";"2";"1";"16";"1";""
"202400047846";"155 697 544";"B01";"1";"1";"0";"2";"1";"1";"5";""
"202400047847";"155 697 532";"B01";"1";"7";"0";"2";"7";"1";"1";""
"202400047847";"155 697 545";"A01";"1";"7";"0";"2";"1";"1";"1";""
"202400047848";"155 697 531";"A01";"1";"7";"9";"0";"2";"19";"1";""
"202400047849";"155 697 530";"A01";"2";"30";"0";"2";"1";"18";"3";""
"202400047849";"155 697 534";"B01";"1";"7";"0";"2";"2";"15";"1";""
"202400047850";"155 697 528";"B01";"2";"2";"0";"2";"1";"0";"1";""
"202400047850";"155 697 529";"A01";"1";"7";"0";"2";"1";"15";"1";""
"202400047851";"155 697 526";"A01";"1";"7";"0";"1";"2";"26";"3";""
"202400047852";"155 697 525";"A01";"3";"31";"16";"0";"0";"1";"1";""
"202400047853";"155 697 527";"A01";"2";"32";"1";"0";"6";"1";"1";""
"202400047854";"155 697 521";"A01";"3";"7";"0";"2";"1";"24";"1";""
"202400047854";"155 697 522";"B01";"3";"1";"1";"0";"1";"1";"5";""
"202400047855";"155 697 519";"A01";"3";"7";"0";"2";"7";"2";"1";""
"202400047855";"155 697 524";"Y01";"3";"80";"0";"2";"8";"2";"3";""
"202400047856";"155 697 520";"B01";"1";"7";"0";"9";"1";"2";"1";""
"202400047856";"155 697 523";"A01";"1";"1";"0";"2";"1";"2";"5";""
"202400047857";"155 697 516";"A01";"3";"33";"0";"1";"1";"0";"1";""
"202400047858";"155 697 515";"A01";"1";"7";"0";"9";"1";"1";"1";""
"202400047858";"155 697 518";"Y01";"3";"1";"0";"2";"8";"26";"5";""
"202400047859";"155 697 514";"A01";"1";"32";"0";"2";"1";"0";"1";""
"202400047859";"155 697 517";"B01";"1";"7";"0";"0";"6";"1";"2";""
"202400047860";"155 697 513";"A01";"1";"7";"0";"1";"1";"16";"1";""
"202400047861";"155 697 508";"A01";"3";"1";"0";"0";"0";"1";"5";""
"202400047862";"155 697 506";"A01";"2";"31";"0";"2";"1";"1";"1";""
"202400047862";"155 697 510";"B01";"1";"7";"0";"2";"2";"21";"1";""
"202400047863";"155 697 509";"A01";"3";"7";"0";"2";"1";"1";"2";""
"202400047863";"155 697 511";"B01";"3";"7";"0";"2";"7";"1";"1";""
"202400047864";"155 697 504";"B01";"3";"7";"0";"2";"7";"1";"1";""
"202400047864";"155 697 512";"A01";"3";"2";"16";"2";"1";"2";"1";""
"202400047865";"155 697 502";"A01";"1";"7";"0";"1";"2";"15";"1";""
"202400047866";"155 697 501";"A01";"2";"7";"0";"2";"6";"16";"1";""
"202400047866";"155 697 505";"B01";"1";"50";"0";"2";"1";"1";"3";""
"202400047867";"155 697 503";"A01";"2";"7";"0";"9";"7";"18";"1";""
"202400047867";"155 697 507";"B01";"2";"80";"0";"0";"8";"2";"3";""
"202400047868";"155 697 498";"A01";"1";"7";"0";"2";"2";"15";"1";""
"202400047868";"155 697 499";"B01";"2";"50";"0";"2";"8";"1";"3";""
"202400047869";"155 697 493";"A01";"1";"7";"6";"2";"1";"21";"1";""
"202400047870";"155 697 492";"B01";"2";"7";"0";"0";"4";"2";"1";""
"202400047870";"155 697 497";"A01";"2";"2";"0";"2";"1";"2";"1";""
"202400047871";"155 697 491";"Z01";"3";"7";"0";"9";"0";"0";"0";""
"202400047871";"155 697 495";"B01";"3";"1";"0";"2";"8";"2";"5";""
"202400047872";"155 697 494";"B01";"1";"7";"0";"9";"2";"21";"1";""
"202400047872";"155 697 500";"A01";"2";"1";"0";"2";"8";"15";"5";""
"202400047873";"155 697 490";"A01";"1";"7";"8";"0";"1";"13";"1";""
"202400047874";"155 697 489";"B01";"1";"2";"0";"2";"1";"1";"1";""
"202400047874";"155 697 496";"A01";"1";"10";"0";"2";"7";"15";"1";""
"202400047875";"155 697 484";"A01";"1";"7";"8";"0";"9";"0";"1";""
"202400047876";"155 697 482";"B01";"2";"80";"0";"2";"1";"1";"3";""
"202400047876";"155 697 487";"A01";"1";"7";"0";"2";"2";"15";"1";""
"202400047877";"155 697 485";"A01";"1";"7";"0";"1";"2";"1";"1";""
"202400047878";"155 697 481";"B01";"2";"2";"0";"2";"1";"2";"1";""
"202400047878";"155 697 488";"A01";"2";"2";"0";"0";"9";"1";"1";""
"202400047879";"155 697 479";"A01";"3";"7";"0";"2";"8";"11";"1";""
"202400047879";"155 697 483";"B01";"3";"33";"0";"2";"7";"17";"1";""
"202400047880";"155 697 478";"A01";"0";"7";"0";"0";"4";"23";"1";""
"202400047880";"155 697 480";"B01";"0";"10";"0";"2";"1";"1";"1";""
"202400047881";"155 697 476";"A01";"1";"33";"0";"0";"9";"17";"1";""
"202400047882";"155 697 475";"A01";"3";"32";"0";"0";"0";"0";"1";""
"202400047883";"155 697 473";"A01";"3";"10";"0";"2";"2";"1";"1";""
"202400047883";"155 697 477";"B01";"3";"7";"0";"2";"3";"15";"1";""
"202400047884";"155 697 470";"A01";"3";"15";"0";"2";"2";"0";"1";""
"202400047884";"155 697 472";"B01";"3";"7";"0";"2";"3";"0";"1";""
"202400047885";"155 697 469";"A01";"2";"7";"0";"2";"1";"1";"1";""
"202400047885";"155 697 474";"B01";"2";"10";"0";"2";"6";"9";"1";""
"202400047886";"155 697 465";"A01";"3";"7";"0";"1";"3";"1";"1";""
"202400047887";"155 697 464";"A01";"1";"10";"0";"2";"3";"13";"1";""
"202400047887";"155 697 468";"B01";"2";"7";"12";"2";"3";"1";"1";""
"202400047888";"155 697 466";"A01";"1";"32";"0";"2";"3";"10";"1";""
"202400047888";"155 697 471";"B01";"3";"7";"0";"2";"7";"14";"2";""
"202400047889";"155 697 463";"A01";"1";"50";"0";"2";"1";"19";"3";""
"202400047889";"155 697 467";"B01";"1";"7";"0";"2";"7";"26";"1";""
"202400047890";"155 697 462";"A01";"1";"15";"13";"0";"3";"21";"1";""
"202400047891";"155 697 459";"B01";"1";"7";"3";"2";"1";"1";"1";""
"202400047891";"155 697 460";"A01";"1";"7";"0";"2";"4";"1";"1";""
"202400047892";"155 697 455";"B01";"1";"3";"0";"2";"1";"0";"1";""
"202400047892";"155 697 461";"A01";"3";"7";"0";"2";"1";"9";"1";""
"202400047893";"155 697 453";"A01";"1";"7";"0";"2";"6";"15";"1";""
"202400047893";"155 697 458";"B01";"2";"33";"0";"2";"1";"1";"1";""
"202400047894";"155 697 450";"B01";"1";"33";"0";"2";"1";"1";"1";""
"202400047894";"155 697 454";"A01";"1";"10";"0";"2";"8";"15";"1";""
"202400047895";"155 697 451";"B01";"1";"30";"0";"2";"1";"1";"1";""
"202400047895";"155 697 457";"A01";"2";"7";"0";"2";"1";"5";"1";""
"202400047896";"155 697 447";"A01";"2";"7";"0";"2";"0";"1";"2";""
"202400047896";"155 697 449";"B01";"0";"50";"0";"2";"0";"19";"3";""
"202400047897";"155 697 445";"A01";"1";"7";"4";"0";"1";"26";"1";""
"202400047898";"155 697 441";"B01";"3";"7";"0";"2";"5";"1";"1";""
"202400047898";"155 697 444";"A01";"0";"2";"0";"2";"1";"1";"1";""
"202400047899";"155 697 443";"B01";"1";"7";"0";"2";"4";"0";"1";""
"202400047899";"155 697 446";"C01";"1";"7";"0";"2";"1";"0";"1";""
"202400047899";"155 697 448";"E01";"1";"34";"0";"2";"0";"0";"3";""
"202400047899";"155 697 452";"A01";"1";"7";"0";"2";"1";"0";"1";""
"202400047899";"155 697 456";"D01";"1";"7";"0";"2";"0";"0";"1";""
"202400047900";"155 697 439";"A01";"2";"7";"0";"0";"1";"14";"1";""
"202400047901";"155 697 438";"A01";"3";"32";"0";"2";"1";"9";"1";""
"202400047901";"155 697 440";"B01";"3";"7";"0";"2";"3";"0";"2";""
"202400047902";"155 697 436";"B01";"1";"7";"0";"2";"4";"2";"2";""
"202400047902";"155 697 442";"A01";"1";"7";"0";"2";"1";"2";"1";""
"202400047903";"155 697 437";"A01";"2";"7";"8";"0";"1";"1";"1";""
"202400047904";"155 697 430";"A01";"0";"7";"0";"2";"3";"16";"1";""
"202400047904";"155 697 435";"B01";"1";"2";"0";"2";"1";"1";"0";""
"202400047905";"155 697 434";"A01";"2";"7";"0";"1";"2";"1";"1";""
"202400047906";"155 697 431";"A01";"1";"7";"0";"0";"3";"9";"1";""
"202400047906";"155 697 433";"B01";"2";"31";"0";"0";"8";"1";"1";""
"202400047907";"155 697 428";"B01";"1";"7";"0";"2";"4";"23";"1";""
"202400047907";"155 697 432";"A01";"1";"10";"0";"2";"1";"1";"1";""
"202400047908";"155 697 429";"A01";"2";"30";"0";"0";"7";"16";"1";""
"202400047909";"155 697 426";"A01";"3";"36";"0";"0";"9";"23";"1";""
"202400047910";"155 697 425";"A01";"1";"33";"0";"2";"8";"9";"1";""
"202400047910";"155 697 427";"B01";"1";"7";"0";"2";"0";"1";"1";""
"202400047911";"155 697 423";"A01";"1";"7";"0";"1";"8";"15";"0";""
"202400047912";"155 697 420";"A01";"1";"7";"0";"2";"3";"19";"1";""
"202400047912";"155 697 424";"B01";"1";"80";"0";"2";"2";"1";"3";""
"202400047913";"155 697 419";"A01";"2";"7";"1";"2";"3";"15";"1";""
"202400047913";"155 697 422";"B01";"2";"34";"0";"2";"1";"1";"1";""
"202400047914";"155 697 418";"A01";"2";"7";"13";"0";"2";"1";"1";""
"202400047915";"155 697 416";"A01";"1";"33";"0";"1";"1";"1";"1";""
"202400047916";"155 697 417";"A01";"1";"7";"0";"1";"2";"16";"2";""
"202400047917";"155 697 415";"A01";"1";"7";"0";"2";"3";"19";"1";""
"202400047917";"155 697 421";"B01";"1";"7";"0";"2";"1";"1";"1";""
"202400047918";"155 697 410";"A01";"2";"7";"0";"2";"3";"15";"1";""
"202400047918";"155 697 414";"B01";"1";"33";"0";"2";"1";"1";"1";""
"202400047919";"155 697 409";"A01";"1";"7";"1";"0";"3";"13";"1";""
"202400047920";"155 697 411";"A01";"2";"33";"0";"1";"1";"1";"1";""
"202400047921";"155 697 405";"A01";"1";"33";"0";"2";"8";"21";"1";""
"202400047921";"155 697 408";"B01";"2";"7";"0";"2";"3";"17";"0";""
"202400047922";"155 697 407";"B01";"2";"60";"0";"2";"1";"1";"5";""
"202400047922";"155 697 412";"A01";"1";"7";"0";"2";"2";"15";"1";""
"202400047923";"155 697 406";"B01";"1";"7";"0";"2";"1";"15";"1";""
"202400047923";"155 697 413";"A01";"2";"33";"0";"2";"1";"1";"1";""
"202400047924";"155 697 399";"A01";"1";"7";"0";"2";"1";"13";"1";""
"202400047924";"155 697 404";"B01";"1";"7";"0";"2";"2";"1";"1";""
"202400047925";"155 697 398";"A01";"2";"34";"2";"0";"1";"1";"1";""
"202400047926";"155 697 397";"B01";"3";"50";"0";"2";"7";"1";"3";""
"202400047926";"155 697 401";"Z01";"3";"10";"0";"2";"8";"2";"0";""
"202400047927";"155 697 395";"A01";"2";"7";"0";"0";"9";"1";"2";""
"202400047927";"155 697 396";"C01";"2";"7";"0";"2";"1";"1";"1";""
"202400047927";"155 697 402";"B01";"1";"7";"0";"2";"9";"1";"1";""
"202400047928";"155 697 394";"A01";"2";"7";"0";"2";"7";"15";"1";""
"202400047928";"155 697 403";"B01";"1";"7";"0";"2";"1";"1";"1";""
"202400047929";"155 697 392";"B01";"3";"33";"0";"2";"2";"26";"1";""
"202400047929";"155 697 393";"A01";"0";"10";"0";"2";"6";"15";"1";""
"202400047930";"155 697 388";"A01";"1";"14";"0";"2";"2";"16";"1";""
"202400047930";"155 697 390";"B01";"2";"7";"12";"2";"2";"26";"1";""
"202400047931";"155 697 400";"A01";"1";"34";"0";"1";"1";"0";"1";""
"202400047932";"155 697 387";"A01";"1";"33";"12";"0";"1";"1";"1";""
"202400047933";"155 697 386";"A01";"1";"10";"0";"2";"1";"1";"3";""
"202400047933";"155 697 389";"B01";"1";"7";"0";"2";"4";"1";"1";""
"202400047933";"155 697 391";"C01";"1";"7";"0";"2";"4";"1";"1";""
"202400047934";"155 697 384";"B01";"2";"7";"0";"2";"1";"5";"1";""
"202400047934";"155 697 385";"A01";"1";"7";"0";"2";"1";"5";"1";""
"202400047935";"155 697 382";"B01";"2";"20";"0";"2";"4";"2";"1";""
"202400047935";"155 697 383";"A01";"2";"10";"0";"2";"1";"2";"1";""
"202400047936";"155 697 380";"A01";"2";"7";"13";"0";"9";"13";"1";""
"202400047937";"155 697 377";"A01";"1";"1";"0";"1";"1";"1";"5";""
"202400047938";"155 697 374";"A01";"1";"7";"0";"2";"3";"9";"1";""
"202400047938";"155 697 381";"B01";"2";"50";"0";"2";"0";"0";"3";""
"202400047939";"155 697 376";"A01";"1";"10";"0";"2";"7";"15";"0";""
"202400047939";"155 697 379";"B01";"2";"50";"0";"2";"1";"1";"3";""
"202400047940";"155 697 372";"A01";"2";"15";"0";"2";"2";"12";"1";""
"202400047940";"155 697 375";"B01";"2";"7";"0";"2";"8";"1";"1";""
"202400047941";"155 697 371";"A01";"2";"7";"0";"0";"9";"1";"1";""
"202400047942";"155 697 369";"A01";"3";"33";"13";"0";"1";"1";"1";""
"202400047943";"155 697 363";"A01";"2";"50";"0";"2";"1";"19";"3";""
"202400047943";"155 697 370";"B01";"3";"7";"0";"2";"8";"2";"3";""
"202400047944";"155 697 365";"A01";"1";"7";"0";"2";"1";"2";"3";""
"202400047944";"155 697 367";"B01";"1";"7";"0";"2";"4";"2";"1";""
"202400047945";"155 697 364";"B01";"2";"7";"0";"2";"6";"17";"2";""
"202400047945";"155 697 366";"A01";"2";"33";"0";"2";"1";"21";"1";""
"202400047946";"155 697 362";"A01";"1";"13";"0";"1";"0";"1";"1";""
"202400047947";"155 697 361";"B01";"2";"7";"0";"2";"1";"0";"1";""
"202400047947";"155 697 368";"A01";"1";"7";"0";"2";"8";"1";"1";""
"202400047948";"155 697 360";"A01";"0";"14";"8";"0";"3";"2";"1";""
"202400047949";"155 697 358";"B01";"2";"7";"0";"2";"3";"11";"1";""
"202400047949";"155 697 359";"A01";"2";"43";"0";"2";"1";"3";"1";""
"202400047950";"155 697 356";"A01";"2";"7";"0";"1";"1";"1";"1";""
"202400047951";"155 697 350";"C01";"1";"33";"14";"0";"9";"19";"1";""
"202400047951";"155 697 353";"A01";"1";"15";"0";"2";"9";"19";"1";""
"202400047951";"155 697 357";"B01";"1";"7";"0";"2";"1";"1";"3";""
"202400047952";"155 697 351";"B01";"2";"10";"0";"0";"6";"2";"1";""
"202400047952";"155 697 354";"A01";"2";"1";"0";"2";"1";"2";"5";""
"202400047953";"155 697 348";"B01";"2";"7";"3";"2";"4";"1";"1";""
"202400047953";"155 697 352";"A01";"2";"10";"0";"2";"2";"17";"1";""
"202400047954";"155 697 347";"A01";"1";"17";"0";"2";"7";"12";"1";""
"202400047954";"155 697 349";"B01";"1";"7";"0";"2";"8";"1";"1";""
"202400047955";"155 697 346";"A01";"2";"7";"2";"0";"3";"1";"1";""
"202400047956";"155 697 345";"A01";"2";"10";"0";"0";"5";"2";"1";""
"202400047957";"155 697 344";"A01";"1";"7";"0";"2";"3";"1";"1";""
"202400047957";"155 697 355";"B01";"2";"33";"0";"2";"1";"0";"1";""
"202400047958";"155 697 339";"A01";"2";"7";"0";"2";"3";"13";"1";""
"202400047958";"155 697 343";"B01";"1";"7";"1";"2";"3";"2";"1";""
"202400047959";"155 697 340";"B01";"2";"7";"0";"2";"7";"1";"1";""
"202400047959";"155 697 342";"A01";"2";"43";"0";"2";"7";"1";"1";""
"202400047960";"155 697 338";"B01";"2";"15";"0";"2";"6";"12";"1";""
"202400047960";"155 697 341";"A01";"2";"7";"4";"2";"2";"11";"1";""
"202400047961";"155 697 334";"A01";"1";"7";"0";"2";"5";"12";"2";""
"202400047961";"155 697 337";"B01";"1";"33";"0";"2";"3";"1";"1";""
"202400047962";"155 697 333";"A01";"1";"7";"0";"2";"3";"15";"2";""
"202400047962";"155 697 335";"B01";"2";"31";"0";"2";"1";"1";"1";""
"202400047963";"155 697 332";"A01";"1";"7";"0";"2";"3";"13";"1";""
"202400047963";"155 697 336";"B01";"2";"33";"0";"2";"1";"1";"1";""
"202400047964";"155 697 329";"A01";"1";"33";"0";"2";"1";"3";"2";""
"202400047964";"155 697 331";"B01";"1";"7";"0";"2";"5";"12";"1";""
"202400047965";"155 697 328";"A01";"1";"7";"2";"0";"3";"0";"1";""
"202400047966";"155 697 326";"A01";"1";"7";"13";"0";"1";"13";"1";""
"202400047967";"155 697 323";"A01";"1";"7";"0";"0";"2";"15";"1";""
"202400047967";"155 697 330";"B01";"1";"14";"0";"2";"8";"2";"1";""
"202400047968";"155 697 320";"A01";"1";"10";"1";"0";"3";"2";"1";""
"202400047968";"155 697 325";"B01";"1";"7";"0";"2";"5";"24";"1";""
"202400047968";"155 697 327";"C01";"1";"7";"0";"2";"4";"24";"1";""
"202400047969";"155 697 321";"A01";"2";"7";"0";"2";"6";"2";"0";""
"202400047969";"155 697 324";"B01";"2";"31";"0";"2";"2";"2";"0";""
"202400047970";"155 697 319";"B01";"3";"17";"0";"2";"8";"9";"1";""
"202400047970";"155 697 322";"A01";"2";"17";"0";"2";"1";"1";"1";""
"202400047971";"155 697 317";"Z01";"1";"32";"0";"1";"1";"1";"0";""
"202400047972";"155 697 316";"A01";"0";"7";"0";"1";"0";"0";"0";""
"202400047973";"155 697 312";"B01";"2";"32";"0";"2";"8";"0";"1";""
"202400047973";"155 697 315";"A01";"2";"7";"0";"2";"7";"0";"2";""
"202400047974";"155 697 314";"A01";"2";"10";"0";"2";"8";"15";"1";""
"202400047974";"155 697 318";"B01";"1";"32";"0";"2";"1";"1";"1";""
"202400047975";"155 697 313";"A01";"0";"33";"0";"0";"0";"0";"1";""
"202400047976";"155 697 311";"A01";"2";"7";"0";"1";"2";"2";"2";""
"202400047977";"155 697 309";"A01";"1";"7";"0";"1";"2";"1";"1";""
"202400047978";"155 697 307";"A01";"1";"7";"0";"2";"1";"1";"1";""
"202400047978";"155 697 310";"B01";"2";"7";"0";"2";"1";"1";"1";""
"202400047979";"155 697 306";"A01";"2";"33";"0";"2";"3";"3";"1";""
"202400047979";"155 697 308";"B01";"2";"7";"0";"2";"2";"1";"2";""
"202400047980";"155 697 305";"A01";"1";"2";"3";"0";"3";"1";"1";""
"202400047981";"155 697 298";"A01";"3";"7";"0";"1";"2";"20";"1";""
"202400047982";"155 697 300";"A01";"1";"7";"0";"2";"4";"1";"1";""
"202400047982";"155 697 304";"B01";"1";"7";"0";"0";"4";"2";"1";""
"202400047983";"155 697 296";"B01";"2";"7";"0";"9";"1";"0";"1";""
"202400047983";"155 697 301";"A01";"2";"7";"4";"0";"1";"13";"1";""
"202400047984";"155 697 294";"B01";"2";"10";"0";"2";"8";"1";"1";""
"202400047984";"155 697 303";"A01";"3";"1";"0";"2";"1";"1";"5";""
"202400047985";"155 697 295";"A01";"1";"7";"0";"2";"2";"17";"0";""
"202400047985";"155 697 299";"B01";"1";"1";"0";"2";"8";"1";"5";""
"202400047986";"155 697 297";"A01";"1";"2";"0";"2";"1";"1";"1";""
"202400047986";"155 697 302";"B01";"2";"7";"0";"2";"3";"9";"1";""
"202400047987";"155 697 291";"A01";"2";"7";"3";"0";"3";"21";"1";""
"202400047988";"155 697 288";"A01";"1";"7";"0";"2";"1";"2";"1";""
"202400047988";"155 697 292";"B01";"1";"7";"0";"2";"4";"2";"1";""
"202400047989";"155 697 290";"A01";"2";"80";"0";"0";"1";"2";"3";""
"202400047990";"155 697 287";"A01";"1";"7";"0";"2";"1";"1";"1";""
"202400047990";"155 697 289";"B01";"2";"2";"0";"2";"1";"5";"1";""
"202400047991";"155 697 285";"A01";"2";"7";"0";"9";"3";"16";"1";""
"202400047991";"155 697 293";"B01";"2";"1";"0";"2";"7";"1";"5";""
"202400047992";"155 697 283";"B01";"1";"1";"0";"2";"4";"2";"5";""
"202400047992";"155 697 286";"A01";"1";"1";"0";"2";"1";"2";"5";""
"202400047993";"155 697 280";"A01";"3";"7";"0";"9";"3";"9";"3";""
"202400047993";"155 697 284";"B01";"3";"1";"0";"2";"2";"1";"5";""
"202400047994";"155 697 278";"A01";"1";"7";"1";"0";"1";"24";"1";""
"202400047994";"155 697 281";"B01";"1";"7";"0";"2";"4";"24";"2";""
"202400047995";"155 697 279";"B01";"3";"10";"0";"2";"2";"9";"1";""
"202400047995";"155 697 282";"A01";"3";"2";"0";"2";"1";"1";"1";""
"202400047996";"155 697 276";"A01";"2";"7";"0";"2";"6";"1";"1";""
"202400047996";"155 697 277";"B01";"1";"33";"0";"2";"6";"13";"1";""
"202400047997";"155 697 275";"A01";"2";"7";"8";"0";"8";"1";"1";""
"202400047998";"155 697 273";"A01";"3";"7";"0";"5";"4";"14";"1";""
"202400047999";"155 697 271";"A01";"1";"7";"8";"0";"1";"26";"0";""
"202400048000";"155 697 272";"A01";"1";"80";"0";"2";"1";"1";"3";""
"202400048001";"155 697 269";"A01";"2";"2";"0";"0";"0";"1";"1";""
"202400048002";"155 697 267";"A01";"1";"7";"1";"0";"1";"2";"1";""
"202400048002";"155 697 270";"B01";"1";"7";"0";"2";"4";"2";"1";""
"202400048002";"155 697 274";"C01";"1";"7";"0";"2";"4";"1";"1";""
"202400048003";"155 697 265";"A01";"1";"7";"0";"2";"1";"13";"1";""
"202400048003";"155 697 268";"B01";"2";"7";"0";"2";"1";"1";"1";""
"202400048004";"155 697 260";"B01";"0";"7";"0";"2";"3";"0";"1";""
"202400048004";"155 697 266";"A01";"1";"7";"0";"2";"1";"0";"1";""
"202400048005";"155 697 261";"A01";"2";"50";"0";"1";"1";"1";"3";""
"202400048006";"155 697 259";"A01";"1";"7";"0";"0";"4";"23";"3";""
"202400048006";"155 697 263";"B01";"1";"7";"0";"2";"1";"2";"1";""
"202400048007";"155 697 262";"B01";"1";"7";"0";"2";"3";"1";"1";""
"202400048007";"155 697 264";"A01";"1";"7";"0";"2";"0";"19";"1";""
"202400048008";"155 697 258";"A01";"0";"7";"0";"1";"8";"1";"1";""
"202400048009";"155 697 255";"A01";"1";"1";"0";"0";"0";"0";"5";""
"202400048010";"155 697 253";"B01";"3";"7";"0";"2";"3";"1";"3";""
"202400048010";"155 697 257";"A01";"3";"2";"0";"2";"7";"26";"1";""
"202400048011";"155 697 252";"A01";"1";"2";"0";"2";"1";"13";"1";""
"202400048011";"155 697 254";"B01";"2";"7";"0";"2";"1";"13";"1";""
"202400048012";"155 697 250";"A01";"1";"7";"0";"2";"2";"1";"2";""
"202400048012";"155 697 256";"B01";"2";"1";"0";"2";"7";"1";"5";""
"202400048013";"155 697 247";"A01";"1";"7";"0";"0";"1";"1";"1";""
"202400048013";"155 697 251";"B01";"2";"7";"0";"0";"0";"5";"0";""
"202400048014";"155 697 248";"A01";"3";"99";"0";"2";"0";"19";"1";""
"202400048014";"155 697 249";"B01";"3";"7";"0";"2";"1";"19";"1";""
"202400048015";"155 697 246";"A01";"1";"7";"0";"1";"1";"1";"1";""
"202400048016";"155 697 245";"A01";"2";"10";"2";"0";"2";"0";"1";""
"202400048017";"155 697 244";"A01";"1";"10";"0";"1";"3";"15";"1";""
"202400048018";"155 697 239";"A01";"2";"7";"0";"0";"4";"0";"1";""
"202400048018";"155 697 241";"B01";"2";"10";"0";"2";"1";"0";"1";""
"202400048019";"155 697 240";"A01";"2";"7";"0";"2";"1";"1";" -1";""
"202400048019";"155 697 243";"B01";"2";"32";"0";"2";"2";"1";" -1";""
"202400048020";"155 697 237";"A01";"1";"7";"0";"1";"3";"1";"1";""
"202400048021";"155 697 233";"B01";"2";"7";"0";"2";"6";"1";"0";""
"202400048021";"155 697 238";"A01";"2";"10";"0";"2";"2";"17";"1";""
"202400048021";"155 697 242";"C01";"1";"7";"0";"9";"8";"0";"1";""
"202400048022";"155 697 234";"B01";"1";"2";"0";"2";"2";"1";"3";""
"202400048022";"155 697 236";"A01";"1";"1";"0";"2";"8";"15";"5";""
"202400048023";"155 697 230";"A01";"2";"2";"12";"0";"1";"9";"1";""
"202400048024";"155 697 232";"A01";"3";"2";"0";"2";"1";"13";"1";""
"202400048024";"155 697 235";"B01";"3";"7";"0";"2";"3";"1";"1";""
"202400048025";"155 697 228";"A01";"2";"7";"0";"2";"3";"15";"1";""
"202400048025";"155 697 231";"B01";"1";"7";"0";"2";"3";"1";"1";""
"202400048026";"155 697 227";"A01";"2";"7";"6";"0";"3";"19";"1";""
"202400048026";"155 697 229";"B01";"1";"7";"0";"0";"1";"1";"1";""
"202400048027";"155 697 226";"A01";"1";"1";"0";"0";"0";"1";"5";""
"202400048028";"155 697 221";"B01";"3";"1";"0";"9";"4";"0";"5";""
"202400048028";"155 697 224";"A01";"3";"1";"0";"2";"1";"0";"5";""
"202400048029";"155 697 219";"A01";"2";"7";"3";"0";"1";"14";"2";""
"202400048030";"155 697 218";"A01";"1";"7";"0";"2";"1";"1";"1";""
"202400048030";"155 697 223";"B01";"1";"14";"0";"2";"8";"16";"1";""
"202400048031";"155 697 216";"B01";"3";"33";"0";"2";"1";"0";"1";""
"202400048031";"155 697 222";"A01";"3";"33";"0";"2";"1";"0";"1";""
"202400048032";"155 697 217";"A01";"1";"17";"0";"0";"0";"23";"1";""
"202400048032";"155 697 220";"C01";"1";"17";"0";"9";"3";"1";"1";""
"202400048032";"155 697 225";"E01";"1";"7";"0";"9";"3";"1";"1";""
"202400048033";"155 697 214";"A01";"2";"10";"0";"2";"7";"5";"1";""
"202400048033";"155 697 215";"B01";"2";"1";"0";"2";"7";"19";"5";""
"202400048034";"155 697 213";"A01";"2";"33";"15";"0";"2";"14";"1";""
"202400048035";"155 697 210";"A01";"2";"7";"8";"0";"1";"1";"1";""
"202400048036";"155 697 209";"A01";"1";"7";"0";"2";"3";"13";"1";""
"202400048036";"155 697 212";"B01";"2";"7";"0";"2";"3";"1";"1";""
"202400048037";"155 697 208";"A01";"3";"50";"0";"0";"9";"1";"3";""
"202400048038";"155 697 207";"A01";"3";"14";"0";"2";"3";"15";"1";""
"202400048038";"155 697 211";"B01";"3";"7";"0";"2";"8";"15";"1";""
"202400048039";"155 697 204";"A01";"2";"7";"13";"0";"2";"1";"1";""
"202400048040";"155 697 201";"A01";"1";"10";"0";"2";"4";"1";"1";""
"202400048040";"155 697 205";"B01";"1";"7";"0";"2";"1";"2";"1";""
"202400048040";"155 697 206";"C01";"1";"7";"0";"2";"1";"2";"1";""
"202400048041";"155 697 199";"C01";"3";"80";"0";"2";"4";"1";"3";""
"202400048041";"155 697 203";"Z01";"3";"7";"0";"2";"1";"5";"1";""
"202400048042";"155 697 197";"A01";"0";"1";"0";"2";"3";"1";"5";""
"202400048042";"155 697 200";"B01";"0";"1";"0";"2";"3";"1";"5";""
"202400048043";"155 697 194";"A01";"1";"33";"0";"2";"7";"1";"1";""
"202400048043";"155 697 198";"B01";"1";"10";"0";"2";"8";"15";"1";""
"202400048044";"155 697 193";"C01";"1";"7";"0";"2";"1";"1";"1";""
"202400048044";"155 697 196";"A01";"2";"7";"0";"2";"1";"1";"1";""
"202400048044";"155 697 202";"B01";"1";"7";"0";"2";"7";"1";"1";""
"202400048045";"155 697 191";"B01";"1";"21";"0";"2";"1";"1";"6";""
"202400048045";"155 697 195";"A01";"2";"33";"0";"2";"1";"13";"1";""
"202400048046";"155 697 189";"A01";"2";"30";"2";"2";"1";"1";"1";""
"202400048046";"155 697 192";"B01";"2";"7";"1";"2";"7";"15";"1";""