"Num_Acc";"id_vehicule";"num_veh";"senc";"catv";"obs";"obsm";"choc";"manv";"motor";"occutc"
"202400048047";"155 697 186";"A01";"1";"7";"12";"2";"2";"20";"1";""
"202400048047";"155 697 187";"B01";"1";"50";"12";"2";"3";"1";"3";""
"202400048048";"155 697 185";"A01";"2";"31";"0";"2";"3";"15";"1";""
"202400048048";"155 697 190";"B01";"2";"32";"0";"2";"7";"0";"1";""
"202400048049";"155 697 182";"B01";"0";"7";"0";"0";"3";"23";"1";""
"202400048049";"155 697 188";"A01";"1";"2";"0";"2";"2";"0";"1";""
"202400048050";"155 697 181";"A01";"2";"7";"0";"2";"8";"1";"1";""
"202400048050";"155 697 184";"B01";"1";"7";"0";"2";"8";"1";"1";""
"202400048051";"155 697 178";"A01";"1";"37";"0";"1";"5";"26";"1";"1"
"202400048052";"155 697 180";"A01";"3";"7";"0";"2";"1";"15";"1";""
"202400048052";"155 697 183";"B01";"3";"31";"0";"0";"8";"1";"1";""
"202400048053";"155 697 174";"A01";"2";"7";"0";"9";"3";"15";"1";""
"202400048053";"155 697 177";"B01";"1";"50";"0";"2";"1";"1";"3";""
"202400048054";"155 697 175";"A01";"1";"50";"0";"0";"0";"1";"3";""
"202400048055";"155 697 176";"A01";"3";"13";"0";"2";"3";"15";"1";""
"202400048055";"155 697 179";"Y01";"3";"1";"0";"2";"1";"1";"5";""
"202400048056";"155 697 171";"A01";"1";"33";"0";"0";"8";"17";"1";""
"202400048057";"155 697 170";"A01";"1";"2";"0";"2";"1";"1";"1";""
"202400048057";"155 697 172";"B01";"1";"7";"0";"2";"5";"1";"1";""
"202400048058";"155 697 169";"A01";"2";"7";"0";"2";"2";"15";"1";""
"202400048058";"155 697 173";"B01";"2";"7";"0";"2";"3";"1";"1";""
"202400048059";"155 697 168";"A01";"1";"7";"0";"0";"0";"26";"1";""
"202400048060";"155 697 164";"B01";"2";"33";"0";"2";"8";"1";"1";""
"202400048060";"155 697 167";"A01";"2";"7";"0";"2";"1";"10";"2";""
"202400048061";"155 697 163";"A01";"2";"7";"0";"2";"4";"23";"1";""
"202400048061";"155 697 166";"B01";"2";"32";"0";"2";"1";"1";"1";""
"202400048062";"155 697 165";"A01";"1";"7";"0";"2";"3";"1";"3";""
"202400048063";"155 697 162";"A01";"2";"33";"5";"0";"7";"26";"0";""
"202400048064";"155 697 159";"A01";" -1";"3";"0";"2";"1";"9";"3";""
"202400048064";"155 697 161";"B01";" -1";"50";"0";"2";"7";"1";"3";""
"202400048065";"155 697 160";"A01";"2";"7";"6";"9";"1";"2";"1";""
"202400048066";"155 697 155";"A01";"2";"7";"0";"1";"6";"26";"1";""
"202400048067";"155 697 156";"A01";"3";"13";"0";"2";"1";"14";"6";""
"202400048067";"155 697 158";"B01";"3";"1";"0";"2";"8";"1";"5";""
"202400048068";"155 697 153";"A01";"1";"50";"1";"0";"3";"2";"3";""
"202400048068";"155 697 157";"B01";"1";"10";"1";"0";"0";"0";"1";""
"202400048069";"155 697 154";"A01";"1";"31";"12";"0";"0";"16";"1";""
"202400048070";"155 697 151";"A01";"1";"2";"12";"0";"1";"1";"1";""
"202400048071";"155 697 150";"A01";"1";"33";"0";"2";"7";"17";"1";""
"202400048071";"155 697 152";"B01";"1";"7";"0";"2";"3";"15";"1";""
"202400048072";"155 697 147";"A01";"2";"30";"0";"1";"1";"3";"1";""
"202400048073";"155 697 144";"A01";"3";"60";"0";"2";"8";"19";"5";""
"202400048073";"155 697 149";"B01";"2";"33";"0";"2";"2";"1";"1";""
"202400048074";"155 697 146";"A01";"2";"7";"6";"0";"1";"16";"1";""
"202400048075";"155 697 145";"B01";"1";"10";"0";"2";"3";"1";"1";""
"202400048075";"155 697 148";"A01";"1";"32";"0";"2";"5";"13";"1";""
"202400048076";"155 697 140";"B01";"3";"1";"0";"2";"7";"1";"5";""
"202400048076";"155 697 143";"A01";"3";"7";"0";"2";"1";"1";"1";""
"202400048077";"155 697 138";"A01";"1";"80";"0";"0";"0";"1";"3";""
"202400048078";"155 697 139";"B01";"0";"17";"0";"2";"2";"1";"1";""
"202400048078";"155 697 142";"A01";"3";"7";"6";"2";"3";"26";"1";""
"202400048079";"155 697 136";"B01";"2";"7";"0";"2";"3";"1";"1";""
"202400048079";"155 697 141";"A01";"2";"7";"0";"2";"5";"1";"1";""
"202400048080";"155 697 132";"A01";"2";"10";"0";"2";"1";"15";"0";""
"202400048080";"155 697 135";"D01";"0";"1";"0";"2";"7";"0";"5";""
"202400048081";"155 697 134";"A01";"1";"7";"2";"0";"1";"14";"1";""
"202400048082";"155 697 133";"A01";"2";"7";"2";"0";"1";"1";"1";""
"202400048083";"155 697 131";"A01";"2";"7";"2";"0";"1";"1";"1";""
"202400048084";"155 697 130";"A01";"3";"7";"0";"2";"3";"1";"1";""
"202400048084";"155 697 137";"B01";"1";"7";"0";"2";"8";"1";"1";""
"202400048085";"155 697 129";"A01";"3";"10";"2";"0";"3";"1";"1";""
"202400048086";"155 697 126";"A01";"0";"1";"0";"0";"0";"1";"5";""
"202400048087";"155 697 124";"A01";"1";"33";"0";"2";"1";"9";"1";""
"202400048087";"155 697 127";"B01";"1";"7";"0";"2";"3";"1";"1";""
"202400048088";"155 697 123";"A01";"0";"7";"0";"2";"3";"1";"1";""
"202400048088";"155 697 128";"B01";"3";"7";"0";"2";"2";"15";"1";""
"202400048089";"155 697 121";"A01";"1";"7";"8";"0";"1";"1";"1";""
"202400048090";"155 697 120";"A01";"2";"7";"1";"0";"9";"1";"1";""
"202400048091";"155 697 119";"A01";"1";"7";"0";"2";"4";"23";"1";""
"202400048091";"155 697 125";"B01";"1";"13";"0";"2";"0";"0";"1";""
"202400048092";"155 697 117";"A01";"1";"7";"0";"1";"1";"1";"1";""
"202400048093";"155 697 115";"C01";"1";"7";"0";"0";"6";"1";"0";""
"202400048093";"155 697 118";"A01";"1";"7";"15";"0";"7";"17";"1";""
"202400048093";"155 697 122";"B01";"1";"7";"0";"0";"3";"13";"1";""
"202400048094";"155 697 113";"A01";"1";"7";"2";"0";"1";"1";"1";""
"202400048095";"155 697 112";"B01";"1";"7";"0";"2";"4";"2";"1";""
"202400048096";"155 697 110";"A01";"2";"33";"0";"2";"1";"2";"1";""
"202400048096";"155 697 114";"B01";"2";"7";"0";"2";"6";"2";"1";""
"202400048097";"155 697 111";"A01";"1";"7";"0";"2";"4";"23";"1";""
"202400048097";"155 697 116";"B01";"1";"7";"0";"2";"1";"1";"1";""
"202400048098";"155 697 108";"A01";"1";"7";"0";"2";"7";"15";"1";""
"202400048098";"155 697 109";"B01";"1";"33";"0";"2";"1";"26";"1";""
"202400048099";"155 697 103";"A01";"1";"7";"0";"2";"1";"13";"1";""
"202400048099";"155 697 107";"B01";"2";"7";"0";"2";"1";"1";"1";""
"202400048100";"155 697 100";"A01";"3";"7";"0";"2";"1";"9";"1";""
"202400048100";"155 697 105";"B01";"3";"50";"0";"2";"7";"1";"3";""
"202400048101";"155 697 099";"B01";"1";"99";"0";"2";"1";"1";"0";""
"202400048101";"155 697 104";"A01";"1";"7";"0";"2";"2";"16";"1";""
"202400048102";"155 697 101";"A01";"0";"7";"0";"2";"7";"1";"1";""
"202400048102";"155 697 106";"B01";"0";"2";"0";"2";"1";"1";"1";""
"202400048103";"155 697 097";"A01";"2";"32";"0";"9";"3";"16";"1";""
"202400048103";"155 697 098";"B01";"2";"10";"0";"2";"3";"0";"1";""
"202400048104";"155 697 096";"A01";"2";"16";"0";"1";"1";"1";"1";""
"202400048105";"155 697 091";"B01";"2";"17";"0";"2";"4";"1";"1";""
"202400048105";"155 697 095";"A01";"2";"7";"3";"2";"1";"2";"1";""
"202400048106";"155 697 089";"B01";"1";"1";"0";"2";"8";"0";"5";""
"202400048106";"155 697 093";"A01";"1";"7";"0";"2";"5";"16";"1";""
"202400048107";"155 697 088";"B01";"2";"10";"0";"2";"2";"1";"1";""
"202400048107";"155 697 094";"A01";"1";"7";"0";"2";"2";"13";"1";""
"202400048108";"155 697 090";"B01";"2";"7";"0";"2";"3";"21";"1";""
"202400048108";"155 697 092";"A01";"2";"32";"0";"2";"1";"21";"1";""
"202400048109";"155 697 087";"A01";"1";"10";"0";"1";"2";"1";"1";""
"202400048110";"155 697 080";"B01";"2";"7";"0";"2";"7";"2";"1";""
"202400048110";"155 697 083";"C01";"2";"7";"0";"0";"4";"0";"1";""
"202400048110";"155 697 086";"A01";"2";"7";"0";"2";"3";"2";"2";""
"202400048111";"155 697 078";"A01";"0";"7";"0";"9";"1";"1";"1";""
"202400048111";"155 697 082";"B01";"0";"50";"0";"2";"8";"19";"3";""
"202400048112";"155 697 076";"A01";"2";"33";"0";"2";"7";"17";"1";""
"202400048112";"155 697 079";"B01";"2";"7";"0";"2";"8";"15";"1";""
"202400048113";"155 697 077";"Z01";"1";"7";"0";"2";"1";"1";"1";""
"202400048113";"155 697 084";"B01";"1";"2";"0";"2";"7";"1";"1";""
"202400048114";"155 697 074";"A01";"2";"7";"0";"2";"1";"17";"1";""
"202400048114";"155 697 081";"B01";"1";"7";"0";"2";"3";"1";"2";""
"202400048115";"155 697 073";"B01";"2";"7";"0";"2";"6";"2";"1";""
"202400048115";"155 697 075";"A01";"2";"7";"3";"2";"2";"2";"1";""
"202400048116";"155 697 072";"A01";"1";"10";"0";"1";"3";"14";"1";""
"202400048117";"155 697 071";"A01";"2";"60";"1";"0";"1";"9";"5";""
"202400048118";"155 697 069";"A01";"1";"7";"8";"0";"3";"0";"1";""
"202400048119";"155 697 066";"B01";"2";"2";"0";"2";"2";"1";"3";""
"202400048119";"155 697 070";"A01";"2";"30";"0";"2";"1";"0";"0";""
"202400048120";"155 697 063";"A01";"1";"7";"0";"2";"5";"1";"1";""
"202400048120";"155 697 067";"B01";"1";"7";"0";"2";"2";"2";"1";""
"202400048121";"155 697 061";"A01";"1";"7";"0";"2";"2";"2";"1";""
"202400048121";"155 697 065";"C01";"1";"7";"0";"2";"1";"17";"1";""
"202400048121";"155 697 068";"B01";"1";"7";"0";"0";"6";"2";"2";""
"202400048122";"155 697 058";"A01";"0";"33";"0";"2";"8";"13";"1";""
"202400048122";"155 697 064";"B01";"1";"7";"0";"2";"1";"1";"1";""
"202400048123";"155 697 057";"B01";"2";"7";"0";"2";"1";"2";"1";""
"202400048123";"155 697 060";"A01";"2";"7";"0";"2";"1";"1";"1";""
"202400048123";"155 697 062";"C01";"2";"7";"0";"2";"4";"2";"1";""
"202400048124";"155 697 054";"A01";"3";"7";"13";"0";"1";"14";"1";""
"202400048125";"155 697 055";"B01";"1";"7";"0";"2";"1";"10";"0";""
"202400048125";"155 697 059";"A01";"1";"7";"0";"2";"6";"1";"0";""
"202400048126";"155 697 053";"A01";"1";"1";"0";"2";"1";"18";"5";""
"202400048126";"155 697 056";"B01";"1";"7";"0";"9";"5";"16";"1";""
"202400048127";"155 697 049";"A01";"1";"2";"0";"0";"0";"0";"1";""
"202400048127";"155 697 052";"B01";"1";"7";"0";"2";"1";"0";"0";""
"202400048128";"155 697 047";"A01";"2";"21";"0";"0";"6";"23";"1";""
"202400048128";"155 697 051";"B01";"2";"7";"1";"0";"2";"1";"1";""
"202400048129";"155 697 046";"A01";"1";"33";"0";"2";"1";"17";"1";""
"202400048129";"155 697 050";"B01";"2";"14";"0";"2";"1";"1";"1";""
"202400048130";"155 697 043";"B01";"2";"32";"0";"2";"1";"3";"1";""
"202400048130";"155 697 045";"A01";"2";"7";"0";"2";"3";"15";"1";""
"202400048131";"155 697 044";"A01";"1";"7";"0";"0";"5";"15";"2";""
"202400048131";"155 697 048";"B01";"1";"2";"0";"2";"1";"16";"1";""
"202400048132";"155 697 040";"B01";"2";"2";"0";"2";"1";"13";"1";""
"202400048132";"155 697 042";"A01";"1";"7";"0";"2";"2";"1";"1";""
"202400048133";"155 697 041";"A01";"2";"38";"6";"0";"1";"14";"1";"12"
"202400048134";"155 697 039";"A01";"3";"32";"0";"1";"2";"1";"1";""
"202400048135";"155 697 035";"A01";"0";"2";"0";"0";"0";"0";"3";""
"202400048136";"155 697 031";"A01";"2";"7";"0";"2";"1";"26";"1";""
"202400048136";"155 697 036";"B01";"1";"43";"0";"2";"7";"2";"1";""
"202400048137";"155 697 034";"A01";"2";"7";"0";"2";"1";"13";"1";""
"202400048137";"155 697 037";"B01";"1";"17";"0";"2";"3";"1";"1";""
"202400048138";"155 697 032";"A01";"1";"7";"0";"2";"8";"15";"1";""
"202400048138";"155 697 038";"B01";"2";"7";"0";"2";"1";"1";"1";""
"202400048139";"155 697 030";"A01";"3";"10";"0";"1";"4";"26";"1";""
"202400048140";"155 697 033";"A01";"2";"7";"0";"1";"2";"16";"1";""
"202400048141";"155 697 026";"B01";"2";"15";"0";"2";"4";"1";"1";""
"202400048141";"155 697 028";"A01";"2";"7";"3";"2";"1";"14";"1";""
"202400048142";"155 697 024";"A01";"2";"7";"0";"2";"1";"13";"1";""
"202400048142";"155 697 029";"B01";"1";"7";"0";"2";"1";"1";"1";""
"202400048143";"155 697 022";"A01";"1";"43";"0";"2";"1";"1";"1";""
"202400048143";"155 697 025";"B01";"2";"7";"0";"2";"2";"1";"1";""
"202400048144";"155 697 021";"A01";"1";"7";"0";"2";"3";"15";"1";""
"202400048144";"155 697 027";"B01";"2";"33";"0";"2";"8";"21";"1";""
"202400048145";"155 697 020";"A01";"1";"21";"0";"2";"3";"1";"1";""
"202400048145";"155 697 023";"B01";"2";"2";"0";"2";"1";"13";"1";""
"202400048146";"155 697 015";"A01";"3";"7";"0";"2";"3";"15";"1";""
"202400048146";"155 697 017";"B01";"3";"31";"0";"2";"3";"1";"1";""
"202400048147";"155 697 012";"A01";"2";"2";"4";"0";"0";"2";"1";""
"202400048148";"155 697 013";"A01";"0";"7";"0";"0";"4";"23";"1";""
"202400048148";"155 697 018";"B01";"0";"7";"1";"0";"1";"1";"1";""
"202400048149";"155 697 019";"A01";"2";"7";"0";"1";"2";"1";"1";""
"202400048150";"155 697 011";"B01";"3";"7";"0";"2";"1";"1";"1";""
"202400048150";"155 697 014";"A01";"2";"50";"0";"2";"1";"5";"3";""
"202400048151";"155 697 016";"A01";"1";"33";"10";"0";"1";"17";"1";""
"202400048152";"155 697 006";"A01";"0";"7";"0";"2";"1";"19";"1";""
"202400048152";"155 697 010";"B01";"0";"7";"0";"2";"8";"1";"1";""
"202400048153";"155 697 004";"A01";"2";"7";"0";"2";"2";"17";"1";""
"202400048153";"155 697 009";"B01";"2";"14";"0";"2";"6";"1";"1";""
"202400048154";"155 697 002";"B01";"0";"7";"0";"9";"2";"1";"1";""
"202400048154";"155 697 007";"A01";"0";"50";"0";"2";"1";"5";"3";""
"202400048155";"155 697 003";"B01";"2";"7";"0";"2";"3";"13";"1";""
"202400048155";"155 697 008";"A01";"1";"14";"0";"2";"3";"1";"1";""
"202400048156";"155 697 001";"A01";"2";"7";"0";"2";"3";"15";"1";""
"202400048156";"155 697 005";"B01";"2";"33";"0";"2";"0";"17";"1";""
"202400048157";"155 696 998";"A01";"1";"7";"0";"2";"1";"17";"1";""
"202400048157";"155 696 999";"B01";"2";"7";"0";"2";"1";"1";"1";""
"202400048158";"155 696 995";"A01";"1";"33";"2";"0";"1";"1";"1";""
"202400048159";"155 696 993";"A01";"1";"7";"16";"0";"0";"0";"1";""
"202400048160";"155 696 994";"B01";"2";"33";"0";"2";"1";"1";"1";""
"202400048160";"155 697 000";"A01";"1";"7";"0";"2";"6";"15";"1";""
"202400048161";"155 696 991";"A01";"2";"33";"0";"2";"1";"1";"1";""
"202400048161";"155 696 996";"B01";"3";"7";"0";"2";"1";"15";"3";""
"202400048162";"155 696 990";"A01";"3";"7";"0";"2";"0";"17";"1";""
"202400048162";"155 696 992";"B01";"3";"7";"0";"2";"3";"1";"1";""
"202400048162";"155 696 997";"C01";"3";"7";"0";"2";"1";"1";"1";""
"202400048163";"155 696 987";"A01";"3";"7";"13";"0";"9";"1";"1";""
"202400048164";"155 696 983";"A01";"2";"7";"0";"0";"4";"23";"1";""
"202400048164";"155 696 986";"B01";"2";"10";"0";"2";"4";"23";"1";""
"202400048164";"155 696 989";"C01";"2";"7";"0";"2";"3";"2";"3";""
"202400048165";"155 696 982";"A01";"1";"99";"0";"2";"4";"1";"0";""
"202400048165";"155 696 985";"B01";"1";"1";"0";"2";"1";"1";"5";""
"202400048166";"155 696 980";"B01";"2";"7";"0";"2";"3";"1";"1";""
"202400048166";"155 696 988";"A01";"1";"7";"2";"2";"1";"13";"1";""
"202400048167";"155 696 979";"B01";"0";"33";"0";"0";"0";"1";"1";""
"202400048168";"155 696 981";"A01";"3";"7";"0";"2";"3";"15";"1";""
"202400048168";"155 696 984";"B01";"1";"33";"0";"2";"1";"1";"1";""
"202400048169";"155 696 978";"A01";"1";"7";"2";"0";"1";"14";"1";""
"202400048170";"155 696 977";"A01";"3";"33";"0";"1";"1";"1";"1";""
"202400048171";"155 696 976";"A01";"2";"7";"8";"0";"1";"14";"1";""
"202400048172";"155 696 974";"A01";"0";"10";"0";"1";"1";"1";"1";""
"202400048173";"155 696 975";"A01";"2";"33";"2";"0";"0";"26";"0";""
"202400048174";"155 696 968";"A01";"1";"7";"0";"2";"2";"15";"1";""
"202400048174";"155 696 972";"B01";"2";"7";"0";"2";"1";"1";"1";""
"202400048175";"155 696 970";"A01";"1";"7";"0";"2";"2";"1";"1";""
"202400048175";"155 696 971";"B01";"1";"1";"0";"2";"4";"15";"5";""
"202400048176";"155 696 967";"A01";"0";"7";"0";"1";"0";"1";"1";""
"202400048177";"155 696 964";"A01";"2";"1";"0";"2";"8";"19";"5";""
"202400048177";"155 696 969";"B01";"2";"7";"0";"9";"5";"21";"1";""
"202400048178";"155 696 962";"A01";"2";"33";"0";"0";"0";"13";"1";""
"202400048179";"155 696 966";"B01";"2";"7";"0";"2";"3";"1";"1";""
"202400048179";"155 696 973";"A01";"1";"7";"15";"2";"2";"1";"1";""
"202400048180";"155 696 963";"A01";"3";"33";"12";"0";"1";"15";"1";""
"202400048181";"155 696 961";"A01";"2";"33";"0";"2";"2";"17";"1";""
"202400048181";"155 696 965";"B01";"2";"7";"0";"2";"3";"15";"1";""
"202400048182";"155 696 960";"A01";"0";"1";"0";"0";"0";"26";"5";""
"202400048183";"155 696 957";"A01";"2";"10";"0";"0";"7";"14";"1";""
"202400048184";"155 696 956";"A01";"1";"10";"0";"1";"3";"1";"1";""
"202400048185";"155 696 955";"B01";"2";"31";"0";"2";"3";"15";"1";""
"202400048185";"155 696 959";"A01";"1";"7";"0";"2";"1";"1";"1";""
"202400048186";"155 696 953";"A01";"1";"10";"0";"1";"3";"1";"1";""
"202400048187";"155 696 954";"A01";"3";"7";"0";"2";"2";"1";"1";""
"202400048187";"155 696 958";"B01";"3";"7";"0";"2";"5";"1";"1";""
"202400048188";"155 696 952";"A01";"1";"7";"13";"0";"1";"10";"1";""
"202400048189";"155 696 947";"B01";"2";"7";"0";"2";"6";"15";"2";""
"202400048189";"155 696 951";"A01";"2";"33";"0";"2";"1";"1";"1";""
"202400048190";"155 696 948";"A01";"1";"1";"0";"0";"0";"1";"5";""
"202400048191";"155 696 945";"A01";"3";"7";"0";"1";"1";"1";"1";""
"202400048192";"155 696 944";"A01";"1";"7";"0";"2";"3";"13";"1";""
"202400048192";"155 696 949";"B01";"2";"15";"0";"2";"8";"1";"1";""
"202400048193";"155 696 946";"A01";"3";"7";"0";"2";"3";"15";"1";""
"202400048193";"155 696 950";"B01";"3";"32";"0";"2";"1";"1";"1";""
"202400048194";"155 696 942";"A01";"2";"1";"0";"0";"0";"1";"5";""
"202400048194";"155 696 943";"B01";"2";"7";"0";"0";"0";"1";"0";""
"202400048195";"155 696 941";"A01";"1";"7";"0";"1";"1";"1";"2";""
"202400048196";"155 696 938";"A01";"3";"7";"0";"2";"7";"26";"2";""
"202400048196";"155 696 940";"B01";"3";"33";"0";"2";"1";"1";"1";""
"202400048197";"155 696 939";"A01";"2";"7";"6";"0";"1";"1";"1";""
"202400048198";"155 696 936";"A01";"1";"7";"2";"0";"3";"1";"1";""
"202400048199";"155 696 935";"A01";"1";"7";"0";"2";"1";"1";"1";""
"202400048199";"155 696 937";"B01";"2";"7";"0";"2";"1";"13";"1";""
"202400048200";"155 696 932";"A01";"1";"7";"6";"0";"1";"1";"1";""
"202400048201";"155 696 931";"B01";"1";"7";"0";"0";"3";"1";"1";""
"202400048201";"155 696 934";"A01";"1";"7";"4";"2";"9";"17";"1";""
"202400048202";"155 696 927";"A01";"3";"33";"0";"2";"8";"2";"1";""
"202400048202";"155 696 930";"B01";"3";"16";"0";"2";"7";"2";"1";""
"202400048203";"155 696 925";"B01";"1";"7";"0";"2";"2";"1";"2";""
"202400048203";"155 696 933";"A01";"2";"7";"0";"2";"2";"13";"1";""
"202400048204";"155 696 926";"A01";"0";"7";"0";"2";"8";"16";"1";""
"202400048204";"155 696 928";"B01";"3";"1";"0";"2";"8";"1";"5";""
"202400048205";"155 696 922";"A01";"1";"10";"2";"0";"3";"13";"1";""
"202400048206";"155 696 921";"A01";"1";"7";"2";"0";"3";"1";"1";""
"202400048207";"155 696 920";"A01";"0";"7";"0";"2";"1";"13";"1";""
"202400048208";"155 696 919";"A01";"1";"7";"0";"2";"3";"1";"1";""
"202400048208";"155 696 923";"B01";"2";"10";"0";"2";"3";"1";"1";""
"202400048209";"155 696 917";"A01";"2";"7";"6";"0";"1";"0";"1";""
"202400048210";"155 696 916";"A01";"2";"33";"2";"0";"9";"1";"1";""
"202400048211";"155 696 914";"A01";"1";"7";"12";"0";"1";"1";"1";""
"202400048211";"155 696 918";"B01";"2";"13";"0";"0";"8";"1";"1";""
"202400048212";"155 696 913";"B01";"1";"17";"0";"2";"8";"2";"6";""
"202400048212";"155 696 915";"A01";"1";"43";"11";"2";"1";"2";"1";""
"202400048213";"155 696 910";"A01";"2";"33";"13";"0";"9";"21";"1";""
"202400048214";"155 696 909";"A01";"1";"3";"0";"2";"3";"13";"1";""
"202400048214";"155 696 912";"B01";"2";"33";"0";"2";"1";"1";"1";""
"202400048215";"155 696 904";"B01";"1";"7";"0";"2";"6";"18";"1";""
"202400048215";"155 696 908";"A01";"0";"7";"0";"2";"9";"2";"1";""
"202400048216";"155 696 905";"B01";"0";"50";"0";"2";"1";"1";"3";""
"202400048216";"155 696 911";"A01";"0";"7";"0";"2";"7";"1";"1";""
"202400048217";"155 696 903";"A01";"1";"7";"0";"2";"2";"1";"2";""
"202400048217";"155 696 906";"B01";"0";"7";"0";"0";"3";"23";"1";""
"202400048218";"155 696 902";"B01";"0";"7";"0";"2";"1";"1";"1";""
"202400048218";"155 696 907";"A01";"0";"7";"0";"2";"2";"19";"2";""
"202400048219";"155 696 896";"B01";"2";"33";"0";"2";"1";"2";"1";""
"202400048219";"155 696 900";"A01";"2";"7";"0";"2";"3";"10";"1";""
"202400048220";"155 696 897";"B01";"3";"50";"0";"2";"0";"1";"3";""
"202400048220";"155 696 899";"A01";"2";"7";"0";"2";"7";"15";"1";""
"202400048221";"155 696 895";"A01";"2";"7";"0";"2";"1";"1";"2";""
"202400048221";"155 696 901";"B01";"2";"17";"0";"2";"4";"1";"1";""
"202400048222";"155 696 889";"A01";"1";"2";"6";"0";"1";"1";"1";""
"202400048223";"155 696 887";"C01";"1";"7";"0";"2";"7";"1";"1";""
"202400048223";"155 696 891";"B01";"1";"7";"0";"2";"5";"2";"1";""
"202400048223";"155 696 894";"A01";"1";"10";"0";"2";"3";"2";"1";""
"202400048224";"155 696 890";"C01";"3";"7";"0";"2";"1";"23";"1";""
"202400048224";"155 696 893";"A01";"3";"7";"0";"2";"3";"15";"1";""
"202400048224";"155 696 898";"B01";"3";"7";"0";"2";"1";"1";"1";""
"202400048225";"155 696 886";"A01";"1";"7";"0";"2";"7";"17";"1";""
"202400048225";"155 696 892";"B01";"1";"21";"0";"2";"8";"2";"1";""
"202400048226";"155 696 885";"A01";"2";"2";"0";"0";"9";"1";"1";""
"202400048227";"155 696 884";"A01";"1";"7";"0";"2";"8";"9";"1";""
"202400048227";"155 696 888";"B01";"1";"50";"0";"2";"7";"1";"3";""
"202400048228";"155 696 879";"A01";"1";"7";"0";"2";"3";"15";"1";""
"202400048228";"155 696 881";"B01";"1";"2";"13";"2";"2";"17";"1";""
"202400048229";"155 696 882";"A01";"0";"7";"15";"0";"2";"1";"1";""
"202400048230";"155 696 878";"A01";"1";"7";"6";"0";"3";"13";"1";""
"202400048231";"155 696 874";"A01";"1";"7";"0";"2";"3";"1";"1";""
"202400048231";"155 696 877";"B01";"2";"7";"0";"2";"3";"1";"1";""
"202400048232";"155 696 870";"A01";"2";"7";"0";"2";"1";"5";"1";""
"202400048232";"155 696 875";"B01";"1";"7";"0";"2";"1";"1";"1";""
"202400048232";"155 696 880";"C01";"2";"7";"0";"2";"7";"21";"1";""
"202400048233";"155 696 872";"A01";"3";"7";"7";"0";"1";"1";"1";""
"202400048234";"155 696 866";"A01";"2";"1";"6";"0";"0";"14";"5";""
"202400048235";"155 696 865";"A01";"3";"33";"0";"2";"0";"16";"0";""
"202400048235";"155 696 869";"B01";"3";"1";"0";"2";"0";"2";"5";""
"202400048235";"155 696 876";"C01";"3";"7";"0";"2";"3";"0";"0";""
"202400048236";"155 696 867";"D01";"1";"7";"0";"2";"1";"2";"1";""
"202400048236";"155 696 871";"A01";"1";"33";"0";"2";"2";"14";"1";""
"202400048236";"155 696 873";"B01";"1";"7";"0";"2";"8";"1";"1";""
"202400048236";"155 696 883";"C01";"1";"7";"0";"2";"4";"1";"1";""
"202400048237";"155 696 864";"A01";"3";"7";"0";"2";"4";"2";"1";""
"202400048237";"155 696 868";"B01";"3";"33";"0";"2";"1";"2";"1";""
"202400048238";"155 696 862";"A01";"2";"1";"14";"0";"1";"1";"5";""
"202400048239";"155 696 861";"B01";"0";"7";"0";"2";"7";"19";"1";""
"202400048239";"155 696 863";"A01";"3";"3";"0";"2";"8";"1";"1";""
"202400048240";"155 696 859";"A01";"1";"7";"0";"1";"2";"1";"1";""
"202400048241";"155 696 858";"B01";"2";"0";"0";"9";"7";"17";"0";""
"202400048241";"155 696 860";"A01";"2";"1";"0";"2";"8";"2";"5";""
"202400048242";"155 696 856";"A01";"1";"33";"6";"0";"7";"26";"1";""
"202400048243";"155 696 854";"A01";"1";"7";"0";"9";"1";"15";"1";""
"202400048243";"155 696 857";"B01";"2";"50";"0";"2";"1";"1";"3";""
"202400048244";"155 696 853";"A01";"3";"7";"0";"2";"5";"9";"1";""
"202400048244";"155 696 855";"B01";"1";"31";"0";"2";"1";"2";"1";""
"202400048245";"155 696 848";"B01";"1";"7";"0";"2";"1";"15";"1";""
"202400048245";"155 696 852";"A01";"2";"7";"0";"2";"1";"1";"1";""
"202400048246";"155 696 847";"A01";"3";"7";"0";"0";"1";"0";"1";""
"202400048246";"155 696 850";"B01";"3";"2";"0";"2";"1";"1";"1";""
"202400048247";"155 696 849";"A01";"2";"7";"0";"9";"1";"15";"1";""
"202400048247";"155 696 851";"B01";"2";"1";"0";"2";"1";"1";"5";""
"202400048248";"155 696 846";"A01";"2";"3";"1";"0";"2";"2";"1";""
"202400048249";"155 696 844";"B01";"1";"7";"0";"2";"1";"2";"1";""
"202400048249";"155 696 845";"A01";"1";"7";"3";"2";"4";"1";"1";""
"202400048250";"155 696 842";"A01";"1";"50";"0";"1";"1";"1";"3";""
"202400048251";"155 696 840";"A01";"2";"7";"2";"0";"1";"1";"1";""
"202400048252";"155 696 839";"B01";"1";"7";"0";"2";"8";"1";"1";""
"202400048252";"155 696 843";"A01";"2";"43";"0";"2";"1";"13";"1";""
"202400048253";"155 696 836";"A01";"1";"7";"0";"2";"5";"1";"1";""