"Num_Acc";"id_vehicule";"num_veh";"senc";"catv";"obs";"obsm";"choc";"manv";"motor";"occutc"
"202400048253";"155 696 838";"B01";"1";"31";"0";"2";"8";"1";"1";""
"202400048254";"155 696 834";"A01";"2";"7";"2";"0";"3";"1";"1";""
"202400048255";"155 696 833";"A01";"1";"7";"4";"0";"3";"1";"1";""
"202400048256";"155 696 832";"B01";"1";"15";"0";"2";"5";"1";"1";""
"202400048256";"155 696 835";"A01";"1";"7";"0";"2";"2";"9";"1";""
"202400048257";"155 696 831";"A01";"1";"7";"13";"0";"2";"1";"1";""
"202400048258";"155 696 829";"A01";"1";"7";"0";"2";"6";"1";"1";""
"202400048258";"155 696 830";"B01";"1";"33";"0";"2";"7";"3";"1";""
"202400048259";"155 696 824";"A01";"1";"7";"0";"2";"5";"2";"1";""
"202400048259";"155 696 827";"B01";"1";"7";"0";"2";"4";"1";"1";""
"202400048259";"155 696 828";"C01";"1";"7";"0";"0";"0";"0";"1";""
"202400048260";"155 696 820";"B01";"1";"7";"0";"0";"4";"2";"1";""
"202400048260";"155 696 826";"A01";"1";"7";"0";"2";"1";"2";"1";""
"202400048261";"155 696 818";"A01";"1";"10";"0";"2";"3";"10";"1";""
"202400048261";"155 696 823";"B01";"2";"30";"0";"2";"1";"1";"1";""
"202400048262";"155 696 817";"B01";"1";"7";"0";"0";"1";"0";"1";""
"202400048262";"155 696 822";"A01";"2";"7";"0";"2";"1";"0";"1";""
"202400048263";"155 696 815";"A01";"2";"33";"0";"2";"1";"3";"1";""
"202400048263";"155 696 819";"C01";"2";"7";"0";"2";"7";"0";"1";""
"202400048263";"155 696 825";"B01";"2";"10";"0";"0";"4";"1";"1";""
"202400048264";"155 696 814";"B01";"1";"10";"0";"2";"4";"0";"1";""
"202400048264";"155 696 816";"C01";"1";"10";"0";"2";"2";"1";"3";""
"202400048264";"155 696 821";"A01";"1";"10";"0";"2";"4";"1";"1";""
"202400048265";"155 696 813";"A01";"1";"7";"4";"0";"3";"1";"1";""
"202400048266";"155 696 810";"A01";"1";"7";"5";"0";"3";"1";"1";""
"202400048267";"155 696 812";"A01";"2";"7";"3";"2";"1";"14";"1";""
"202400048268";"155 696 808";"A01";"2";"7";"0";"1";"1";"21";"1";""
"202400048269";"155 696 807";"A01";"1";"7";"0";"2";"5";"1";"1";""
"202400048269";"155 696 811";"B01";"1";"32";"0";"2";"1";"1";"1";""
"202400048270";"155 696 806";"A01";"1";"7";"0";"2";"4";"1";"1";""
"202400048270";"155 696 809";"B01";"1";"7";"0";"2";"1";"2";"1";""
"202400048271";"155 696 805";"A01";"1";"10";"2";"0";"1";"1";"1";""
"202400048272";"155 696 803";"B01";"2";"33";"0";"2";"2";"3";"1";""
"202400048272";"155 696 804";"A01";"2";"7";"0";"2";"8";"11";"1";""
"202400048273";"155 696 802";"A01";"2";"10";"4";"0";"3";"1";"1";""
"202400048274";"155 696 801";"A01";"1";"33";"6";"0";"3";"1";"1";""
"202400048275";"155 696 797";"A01";"3";"10";"0";"9";"1";"13";"1";""
"202400048275";"155 696 799";"B01";"3";"1";"0";"2";"1";"1";"5";""
"202400048276";"155 696 795";"A01";"1";"7";"0";"2";"1";"2";"1";""
"202400048276";"155 696 798";"C01";"1";"7";"0";"2";"4";"2";"1";""
"202400048276";"155 696 800";"B01";"1";"7";"0";"2";"4";"2";"1";""
"202400048277";"155 696 793";"A01";"2";"7";"0";"2";"4";"1";"1";""
"202400048277";"155 696 796";"B01";"2";"7";"0";"2";"1";"2";"1";""
"202400048278";"155 696 792";"A01";"1";"33";"0";"0";"8";"1";"1";""
"202400048279";"155 696 791";"B01";"1";"7";"0";"2";"4";"2";"1";""
"202400048279";"155 696 794";"A01";"1";"7";"0";"2";"1";"2";"1";""
"202400048280";"155 696 790";"A01";"1";"2";"0";"0";"2";"15";"1";""
"202400048281";"155 696 789";"A01";"2";"31";"0";"2";"7";"3";"1";""
"202400048282";"155 696 786";"A01";"2";"7";"0";"2";"3";"11";"1";""
"202400048282";"155 696 788";"B01";"2";"7";"0";"2";"5";"1";"1";""
"202400048283";"155 696 784";"A01";"1";"7";"4";"1";"1";"17";"2";""
"202400048284";"155 696 785";"A01";"0";"7";"6";"0";"2";"0";"1";""
"202400048285";"155 696 783";"A01";"1";"7";"0";"0";"2";"1";"1";""
"202400048286";"155 696 781";"A01";"1";"7";"0";"0";"4";"1";"0";""
"202400048286";"155 696 787";"B01";"1";"7";"0";"2";"1";"1";"0";""
"202400048287";"155 696 780";"B01";"2";"7";"0";"2";"4";"2";"1";""
"202400048287";"155 696 782";"A01";"2";"32";"0";"2";"1";"2";"1";""
"202400048288";"155 696 776";"B01";"1";"7";"0";"2";"4";"0";"1";""
"202400048288";"155 696 779";"A01";"1";"7";"0";"2";"1";"2";"1";""
"202400048289";"155 696 777";"A01";"1";"7";"4";"0";"9";"21";"1";""
"202400048290";"155 696 773";"B01";"1";"33";"0";"2";"1";"1";"1";""
"202400048290";"155 696 778";"A01";"1";"7";"0";"2";"2";"19";"2";""
"202400048291";"155 696 768";"B01";"1";"33";"0";"2";"7";"1";"1";""
"202400048291";"155 696 772";"A01";"1";"7";"0";"2";"8";"11";"1";""
"202400048292";"155 696 766";"A01";"2";"33";"6";"2";"8";"17";"1";""
"202400048292";"155 696 770";"B01";"1";"33";"0";"2";"8";"1";"1";""
"202400048293";"155 696 765";"A01";"1";"7";"0";"2";"1";"2";"1";""
"202400048293";"155 696 771";"B01";"1";"7";"0";"2";"4";"2";"1";""
"202400048293";"155 696 774";"C01";"1";"7";"0";"2";"4";"2";"1";""
"202400048294";"155 696 764";"B01";"1";"7";"0";"2";"4";"1";"1";""
"202400048294";"155 696 769";"A01";"1";"7";"0";"2";"1";"2";"1";""
"202400048295";"155 696 763";"A01";"2";"7";"0";"2";"8";"1";"1";""
"202400048295";"155 696 767";"B01";"2";"2";"0";"2";"2";"9";"1";""
"202400048296";"155 696 762";"A01";"2";"7";"5";"0";"1";"1";"1";""
"202400048297";"155 696 761";"A01";"1";"7";"14";"0";"1";"13";"1";""
"202400048298";"155 696 760";"A01";"3";"36";"1";"0";"1";"1";"1";""
"202400048299";"155 696 758";"A01";"1";"32";"0";"2";"1";"2";"1";""
"202400048299";"155 696 759";"B01";"1";"7";"0";"2";"4";"0";"1";""
"202400048300";"155 696 756";"A01";"2";"7";"2";"0";"1";"1";"1";""
"202400048301";"155 696 755";"A01";"2";"33";"14";"0";"7";"1";"1";""
"202400048302";"155 696 753";"A01";"1";"7";"3";"2";"2";"2";"1";""
"202400048302";"155 696 757";"B01";"1";"14";"0";"0";"4";"1";"1";""
"202400048303";"155 696 750";"A01";"2";"33";"0";"0";"1";"21";"1";""
"202400048304";"155 696 751";"A01";"0";"1";"0";"0";"7";"0";"5";""
"202400048304";"155 696 754";"B01";"0";"7";"0";"0";"1";"1";"1";""
"202400048305";"155 696 745";"A01";"1";"7";"0";"2";"1";"2";"1";""
"202400048305";"155 696 748";"B01";"1";"10";"0";"2";"4";"2";"1";""
"202400048306";"155 696 746";"C01";"2";"7";"0";"2";"3";"2";"2";""
"202400048306";"155 696 749";"A01";"2";"7";"0";"2";"2";"2";"1";""
"202400048306";"155 696 752";"B01";"2";"7";"0";"2";"7";"12";"1";""
"202400048307";"155 696 744";"A01";"1";"7";"17";"2";"3";"1";"1";""
"202400048307";"155 696 747";"B01";"2";"14";"0";"2";"8";"1";"1";""
"202400048308";"155 696 741";"A01";"2";"34";"0";"0";"7";"23";"1";""
"202400048309";"155 696 736";"D01";"1";"7";"0";"2";"4";"2";"1";""
"202400048309";"155 696 739";"A01";"1";"7";"0";"2";"1";"2";"1";""
"202400048309";"155 696 742";"B01";"1";"7";"0";"2";"9";"2";"1";""
"202400048309";"155 696 743";"C01";"1";"7";"0";"2";"4";"2";"2";""
"202400048310";"155 696 737";"A01";"1";"10";"0";"2";"4";"2";"1";""
"202400048310";"155 696 740";"B01";"1";"7";"0";"2";"1";"2";"1";""
"202400048311";"155 696 735";"A01";"1";"7";"0";"2";"4";"2";"1";""
"202400048311";"155 696 738";"B01";"1";"7";"0";"2";"1";"0";"1";""
"202400048312";"155 696 730";"A01";"2";"7";"0";"2";"3";"1";"1";""
"202400048312";"155 696 733";"B01";"1";"2";"0";"2";"1";"13";"1";""
"202400048313";"155 696 723";"A01";"1";"10";"0";"2";"1";"1";"1";""
"202400048313";"155 696 728";"B01";"1";"7";"0";"2";"4";"1";"1";""
"202400048313";"155 696 732";"C01";"1";"7";"0";"2";"4";"1";"2";""
"202400048314";"155 696 725";"A01";"1";"7";"0";"2";"2";"12";"1";""
"202400048314";"155 696 726";"B01";"1";"7";"0";"2";"4";"24";"1";""
"202400048315";"155 696 722";"A01";"1";"7";"0";"2";"2";"2";"1";""
"202400048315";"155 696 729";"B01";"1";"7";"0";"0";"4";"2";"1";""
"202400048315";"155 696 734";"C01";"1";"7";"0";"0";"4";"13";"1";""
"202400048316";"155 696 721";"D01";"1";"7";"0";"2";"4";"1";"1";""
"202400048316";"155 696 724";"A01";"1";"7";"0";"2";"1";"1";"1";""
"202400048316";"155 696 727";"B01";"1";"7";"0";"2";"4";"1";"1";""
"202400048316";"155 696 731";"C01";"1";"7";"0";"2";"4";"1";"1";""
"202400048317";"155 696 718";"A01";"1";"7";"4";"0";"1";"1";"1";""
"202400048318";"155 696 717";"B01";"1";"1";"0";"2";"4";"1";"5";""
"202400048318";"155 696 720";"A01";"1";"10";"0";"2";"7";"17";"1";""
"202400048319";"155 696 716";"A01";"1";"7";"3";"0";"2";"1";"1";""
"202400048320";"155 696 713";"B01";"1";"7";"0";"2";"1";"1";"1";""
"202400048320";"155 696 719";"A01";"2";"1";"0";"2";"1";"5";"5";""
"202400048321";"155 696 712";"A01";"3";"7";"0";"2";"1";"1";"1";""
"202400048321";"155 696 715";"B01";"3";"17";"0";"2";"4";"2";"1";""
"202400048322";"155 696 708";"A01";"2";"7";"0";"2";"1";"2";"1";""
"202400048322";"155 696 710";"B01";"2";"7";"0";"2";"4";"2";"1";""
"202400048322";"155 696 714";"C01";"2";"7";"0";"2";"4";"2";"1";""
"202400048323";"155 696 707";"A01";"2";"10";"0";"2";"4";"12";"1";""
"202400048323";"155 696 711";"B01";"2";"43";"0";"2";"1";"0";"1";""
"202400048324";"155 696 704";"A01";"3";"37";"1";"0";"1";"20";"1";"1"
"202400048325";"155 696 703";"A01";"1";"7";"0";"2";"1";"1";"1";""
"202400048325";"155 696 706";"B01";"2";"34";"0";"2";"7";"13";"1";""
"202400048326";"155 696 705";"A01";"2";"7";"0";"2";"2";"0";"0";""
"202400048326";"155 696 709";"B01";"1";"7";"0";"2";"2";"15";"1";""
"202400048327";"155 696 700";"B01";"2";"7";"0";"2";"5";"1";"1";""
"202400048327";"155 696 702";"A01";"2";"32";"0";"2";"1";"3";"1";""
"202400048328";"155 696 699";"A01";"3";"7";"0";"2";"2";"15";"1";""
"202400048328";"155 696 701";"B01";"3";"33";"0";"2";"1";"1";"1";""
"202400048329";"155 696 694";"A01";"3";"7";"0";"2";"1";"0";"1";""
"202400048329";"155 696 697";"B01";"1";"33";"0";"2";"1";"1";"1";""
"202400048330";"155 696 693";"A01";"2";"7";"4";"0";"9";"1";"1";""
"202400048331";"155 696 691";"A01";"2";"2";"0";"2";"7";"1";"1";""
"202400048331";"155 696 696";"B01";"3";"7";"0";"2";"1";"19";"2";""
"202400048332";"155 696 690";"A01";"2";"7";"0";"2";"0";"0";"1";""
"202400048332";"155 696 692";"B01";"2";"60";"0";"2";"0";"0";"5";""
"202400048333";"155 696 685";"A01";"1";"7";"0";"2";"3";"15";"1";""
"202400048333";"155 696 689";"B01";"1";"32";"0";"2";"1";"1";"1";""
"202400048334";"155 696 683";"A01";"1";"17";"0";"2";"8";"2";"1";""
"202400048334";"155 696 688";"B01";"1";"31";"0";"2";"7";"0";"1";""
"202400048335";"155 696 682";"A01";"2";"7";"0";"2";"1";"1";"1";""
"202400048335";"155 696 687";"B01";"2";"50";"0";"2";"4";"15";"3";""
"202400048336";"155 696 680";"C01";"2";"7";"0";"2";"6";"1";"1";""
"202400048336";"155 696 681";"B01";"2";"7";"0";"2";"1";"17";"1";""
"202400048336";"155 696 686";"A01";"1";"33";"0";"2";"1";"1";"1";""
"202400048337";"155 696 679";"B01";"1";"7";"0";"2";"0";"1";"3";""
"202400048337";"155 696 684";"A01";"1";"7";"0";"2";"0";"0";"1";""
"202400048338";"155 696 676";"A01";"1";"7";"0";"2";"3";"13";"2";""
"202400048338";"155 696 678";"B01";"2";"7";"0";"2";"3";"1";"1";""
"202400048339";"155 696 673";"A01";"2";"7";"2";"0";"1";"1";"1";""
"202400048340";"155 696 675";"B01";"2";"33";"0";"2";"7";"3";"1";""
"202400048340";"155 696 677";"A01";"2";"7";"0";"2";"3";"11";"1";""
"202400048341";"155 696 672";"B01";"2";"7";"13";"2";"7";"1";"1";""
"202400048341";"155 696 674";"A01";"1";"7";"0";"2";"1";"1";"1";""
"202400048342";"155 696 668";"A01";"1";"7";"0";"2";"3";"13";"1";""
"202400048342";"155 696 670";"B01";"2";"15";"0";"2";"3";"1";"1";""
"202400048343";"155 696 667";"A01";"2";"7";"0";"0";"4";"0";"1";""
"202400048343";"155 696 669";"B01";"2";"33";"0";"2";"1";"0";"1";""
"202400048344";"155 696 665";"B01";"3";"50";"0";"2";"0";"0";"3";""
"202400048344";"155 696 671";"A01";"3";"7";"0";"2";"8";"1";"1";""
"202400048345";"155 696 661";"A01";"3";"7";"0";"1";"1";"16";"1";""
"202400048346";"155 696 660";"A01";"2";"7";"0";"1";"1";"1";"1";""
"202400048347";"155 696 659";"A01";"3";"7";"0";"2";"1";"0";"1";""
"202400048347";"155 696 663";"B01";"3";"7";"0";"2";"4";"0";"1";""
"202400048348";"155 696 658";"A01";"2";"7";"0";"2";"3";"1";"1";""
"202400048348";"155 696 664";"B01";"1";"50";"0";"2";"7";"19";"3";""
"202400048349";"155 696 657";"B01";"1";"7";"0";"2";"3";"1";"1";""
"202400048349";"155 696 662";"A01";"2";"7";"0";"2";"2";"13";"1";""
"202400048350";"155 696 653";"A01";"1";"7";"0";"1";"0";"0";"1";""
"202400048351";"155 696 652";"A01";"1";"2";"0";"2";"0";"7";"1";""
"202400048351";"155 696 656";"B01";"1";"7";"0";"2";"0";"1";"1";""
"202400048352";"155 696 651";"A01";"1";"50";"0";"2";"7";"12";"3";""
"202400048352";"155 696 655";"B01";"2";"10";"0";"2";"1";"1";"1";""
"202400048353";"155 696 648";"C01";"1";"15";"0";"2";"6";"24";"1";""
"202400048353";"155 696 650";"A01";"1";"7";"1";"2";"2";"14";"1";""
"202400048353";"155 696 654";"B01";"1";"7";"0";"0";"1";"1";"1";""
"202400048354";"155 696 647";"A01";"2";"7";"0";"2";"7";"16";"1";""
"202400048354";"155 696 649";"B01";"2";"1";"0";"2";"8";"1";"5";""
"202400048355";"155 696 643";"A01";"1";"33";"0";"2";"1";"1";"1";""
"202400048355";"155 696 646";"B01";"1";"7";"0";"2";"7";"1";"1";""
"202400048356";"155 696 641";"A01";"1";"7";"0";"2";"8";"10";"1";""
"202400048356";"155 696 645";"B01";"1";"33";"0";"2";"1";"1";"1";""
"202400048357";"155 696 640";"A01";"3";"7";"6";"2";"7";"15";"1";""
"202400048357";"155 696 644";"B01";"3";"1";"0";"2";"1";"1";"5";""
"202400048358";"155 696 639";"A01";"0";"2";"12";"0";"1";"26";"1";""
"202400048359";"155 696 635";"B01";"1";"1";"0";"2";"0";"0";"5";""
"202400048359";"155 696 637";"A01";"1";"7";"0";"2";"0";"0";"1";""
"202400048360";"155 696 634";"A01";"1";"7";"0";"9";"3";"13";"1";""
"202400048360";"155 696 636";"B01";"1";"31";"0";"2";"7";"1";"0";""
"202400048361";"155 696 633";"C01";"1";"10";"0";"2";"2";"21";"1";""
"202400048361";"155 696 638";"A01";"2";"7";"0";"2";"3";"13";"1";""
"202400048361";"155 696 642";"B01";"1";"10";"0";"2";"8";"21";"1";""
"202400048362";"155 696 631";"A01";"2";"33";"0";"2";"1";"1";"1";""
"202400048362";"155 696 632";"B01";"2";"2";"0";"2";"1";"19";"1";""
"202400048363";"155 696 627";"A01";"2";"7";"9";"2";"1";"1";"1";""
"202400048363";"155 696 630";"B01";"1";"7";"0";"2";"2";"0";"2";""
"202400048364";"155 696 628";"A01";"1";"7";"0";"1";"3";"15";"1";""
"202400048365";"155 696 626";"A01";"1";"7";"0";"2";"3";"1";"1";""
"202400048365";"155 696 629";"B01";"1";"43";"0";"2";"7";"3";"1";""
"202400048366";"155 696 625";"A01";"2";"7";"2";"0";"1";"21";"1";""
"202400048367";"155 696 622";"B01";"1";"7";"0";"2";"2";"1";"1";""
"202400048367";"155 696 624";"A01";"1";"34";"0";"2";"1";"17";"1";""
"202400048368";"155 696 618";"A01";"3";"7";"0";"2";"3";"1";"1";""
"202400048368";"155 696 621";"B01";"3";"7";"0";"2";"2";"9";"1";""
"202400048369";"155 696 614";"B01";"1";"13";"0";"2";"2";"2";"1";""
"202400048369";"155 696 616";"A01";"1";"7";"0";"2";"3";"13";"1";""
"202400048370";"155 696 613";"A01";"1";"80";"0";"2";"1";"1";"5";""
"202400048370";"155 696 617";"B01";"1";"10";"0";"9";"1";"1";"1";""
"202400048371";"155 696 609";"A01";"2";"7";"0";"2";"2";"1";"1";""
"202400048371";"155 696 611";"B01";"2";"7";"0";"2";"5";"1";"1";""
"202400048372";"155 696 610";"A01";"1";"7";"0";"2";"3";"14";"1";""
"202400048372";"155 696 612";"B01";"1";"7";"0";"2";"5";"1";"1";""
"202400048372";"155 696 615";"C01";"1";"7";"0";"2";"1";"1";"3";""
"202400048373";"155 696 608";"A01";"2";"7";"3";"0";"9";"0";"1";""
"202400048374";"155 696 606";"B01";"2";"7";"0";"2";"3";"1";"1";""
"202400048374";"155 696 607";"A01";"1";"7";"0";"2";"3";"13";"1";""
"202400048375";"155 696 604";"A01";"1";"33";"4";"0";"0";"1";"1";""
"202400048376";"155 696 601";"A01";"1";"7";"0";"1";"1";"1";"1";""
"202400048376";"155 696 602";"Z01";"1";"10";"0";"1";"1";"1";"0";""
"202400048377";"155 696 600";"B01";"1";"7";"0";"2";"4";"26";"1";""
"202400048377";"155 696 603";"A01";"1";"7";"0";"2";"1";"2";"1";""
"202400048378";"155 696 595";"A01";"2";"7";"8";"0";"2";"14";"1";""
"202400048379";"155 696 596";"B01";"2";"33";"0";"2";"3";"1";"1";""
"202400048379";"155 696 598";"A01";"2";"7";"0";"2";"7";"12";"1";""
"202400048380";"155 696 594";"A01";"3";"10";"0";"2";"1";"26";"1";""
"202400048380";"155 696 599";"B01";"1";"0";"0";"2";"7";"0";"0";""
"202400048381";"155 696 593";"B01";"1";"7";"0";"0";"0";"1";"1";""
"202400048381";"155 696 597";"A01";"1";"33";"3";"0";"1";"21";"1";""
"202400048382";"155 696 591";"A01";"2";"10";"0";"1";"2";"1";"0";""
"202400048383";"155 696 585";"A01";"1";"7";"0";"2";"7";"16";"1";""
"202400048383";"155 696 589";"B01";"1";"1";"0";"2";"8";"1";"5";""
"202400048384";"155 696 583";"B01";"2";"7";"0";"2";"4";"2";"1";""
"202400048384";"155 696 587";"A01";"2";"7";"0";"2";"1";"2";"1";""
"202400048384";"155 696 590";"C01";"2";"7";"0";"2";"4";"2";"1";""
"202400048384";"155 696 592";"D01";"2";"10";"0";"2";"4";"2";"1";""
"202400048385";"155 696 582";"B01";"2";"7";"4";"2";"4";"2";"1";""
"202400048385";"155 696 584";"D01";"2";"7";"4";"2";"4";"2";"1";""
"202400048385";"155 696 586";"A01";"2";"7";"4";"2";"1";"2";"1";""
"202400048385";"155 696 588";"C01";"2";"7";"4";"2";"8";"2";"1";""
"202400048386";"155 696 581";"A01";"2";"7";"0";"1";"1";"2";"2";""
"202400048387";"155 696 577";"B01";"3";"7";"0";"2";"4";"2";"1";""
"202400048387";"155 696 580";"A01";"3";"7";"0";"2";"1";"2";"1";""
"202400048388";"155 696 576";"A01";"2";"10";"4";"2";"3";"13";"1";""
"202400048388";"155 696 579";"B01";"2";"32";"4";"2";"7";"14";"1";""
"202400048389";"155 696 575";"A01";"1";"7";"0";"2";"2";"1";"1";""
"202400048389";"155 696 578";"B01";"2";"7";"0";"2";"3";"1";"1";""
"202400048390";"155 696 573";"A01";"2";"7";"0";"2";"2";"1";"0";""
"202400048390";"155 696 574";"B01";"3";"50";"0";"2";"8";"19";"3";""
"202400048391";"155 696 570";"B01";"2";"7";"0";"2";"5";"12";"2";""
"202400048391";"155 696 571";"A01";"2";"31";"0";"2";"1";"3";"1";""
"202400048392";"155 696 569";"B01";"1";"7";"0";"2";"0";"0";"1";""
"202400048392";"155 696 572";"A01";"2";"50";"0";"2";"1";"1";"3";""
"202400048393";"155 696 565";"A01";"3";"7";"0";"2";"2";"16";"1";""
"202400048393";"155 696 568";"B01";"3";"1";"0";"2";"7";"9";"5";""
"202400048394";"155 696 564";"A01";"2";"32";"0";"2";"1";"0";"1";""
"202400048394";"155 696 567";"B01";"2";"7";"0";"2";"3";"0";"1";""
"202400048395";"155 696 563";"A01";"2";"7";"0";"2";"1";"1";"1";""
"202400048395";"155 696 566";"B01";"2";"7";"0";"2";"4";"1";"1";""
"202400048396";"155 696 562";"A01";"3";"7";"0";"1";"1";"1";"1";""
"202400048397";"155 696 560";"A01";"1";"33";"3";"2";"1";"3";"1";""
"202400048397";"155 696 561";"B01";"1";"15";"0";"2";"6";"1";"1";""
"202400048398";"155 696 559";"A01";"0";"7";"0";"1";"1";"1";"1";""
"202400048399";"155 696 558";"A01";"1";"7";"4";"0";"2";"14";"1";""
"202400048400";"155 696 554";"B01";"2";"7";"0";"2";"5";"2";"2";""
"202400048400";"155 696 555";"C01";"2";"7";"0";"2";"4";"2";"1";""
"202400048400";"155 696 557";"A01";"2";"7";"0";"2";"1";"2";"1";""
"202400048401";"155 696 553";"A01";"0";"7";"0";"1";"1";"0";"1";""
"202400048402";"155 696 551";"B01";"2";"7";"0";"2";"1";"1";"1";""
"202400048402";"155 696 552";"C01";"1";"7";"0";"2";"8";"1";"1";""
"202400048402";"155 696 556";"A01";"1";"7";"0";"2";"6";"16";"2";""
"202400048403";"155 696 548";"B01";"3";"33";"0";"2";"1";"0";"1";""
"202400048403";"155 696 550";"A01";"3";"43";"0";"0";"1";"1";"1";""
"202400048404";"155 696 546";"B01";"2";"2";"0";"2";"3";"1";"1";""
"202400048404";"155 696 549";"A01";"1";"7";"0";"2";"3";"15";"1";""
"202400048405";"155 696 545";"Z01";"2";"7";"0";"2";"0";"0";"0";""
"202400048405";"155 696 547";"A01";"1";"34";"0";"2";"0";"0";"1";""
"202400048406";"155 696 540";"A01";"1";"3";"0";"2";"3";"1";"1";""
"202400048406";"155 696 544";"B01";"2";"7";"0";"0";"3";"1";"1";""
"202400048407";"155 696 539";"B01";"2";"1";"0";"2";"8";"1";"5";""
"202400048407";"155 696 541";"A01";"2";"37";"0";"2";"2";"1";"1";"1"
"202400048408";"155 696 538";"A01";"1";"33";"0";"0";"8";"1";"1";""
"202400048409";"155 696 534";"A01";"1";"33";"0";"2";"1";"0";"1";""
"202400048409";"155 696 536";"B01";"1";"7";"0";"2";"7";"15";"1";""
"202400048410";"155 696 531";"B01";"2";"7";"0";"2";"1";"1";"1";""
"202400048410";"155 696 535";"A01";"1";"7";"0";"2";"7";"15";"1";""
"202400048411";"155 696 530";"A01";"2";"33";"0";"2";"1";"1";"0";""
"202400048411";"155 696 532";"B01";"1";"7";"0";"2";"1";"13";"1";""
"202400048412";"155 696 527";"A01";"2";"7";"0";"2";"2";"17";"1";""
"202400048412";"155 696 528";"B01";"2";"50";"0";"2";"3";"1";"3";""
"202400048413";"155 696 526";"A01";"1";"7";"12";"0";"2";"3";"1";""
"202400048414";"155 696 522";"B01";"3";"7";"0";"2";"4";"2";"1";""
"202400048414";"155 696 524";"A01";"3";"7";"0";"2";"1";"2";"2";""
"202400048415";"155 696 521";"B01";"2";"33";"0";"2";"1";"1";"1";""
"202400048415";"155 696 523";"A01";"1";"7";"0";"2";"1";"15";"2";""
"202400048416";"155 696 520";"A01";"2";"7";"0";"9";"2";"9";"1";""
"202400048416";"155 696 525";"B01";"1";"1";"0";"2";"0";"0";"5";""
"202400048417";"155 696 519";"A01";"3";"50";"0";"1";"0";"16";"3";""
"202400048418";"155 696 514";"A01";"2";"7";"0";"2";"1";"15";"1";""
"202400048418";"155 696 515";"B01";"2";"7";"0";"2";"8";"1";"0";""
"202400048419";"155 696 511";"A01";"3";"7";"0";"2";"1";"15";"1";""
"202400048419";"155 696 516";"B01";"3";"50";"0";"2";"1";"1";"3";""
"202400048420";"155 696 509";"A01";"3";"7";"0";"2";"8";"16";"1";""
"202400048420";"155 696 512";"B01";"3";"2";"0";"2";"2";"1";"1";""
"202400048421";"155 696 508";"A01";"1";"10";"13";"0";"1";"1";"1";""
"202400048422";"155 696 506";"A01";"3";"50";"0";"2";"1";"19";"3";""
"202400048422";"155 696 507";"B01";"0";"7";"0";"2";"6";"2";"1";""
"202400048423";"155 696 505";"A01";"2";"7";"8";"0";"1";"13";"1";""
"202400048424";"155 696 504";"A01";"3";"7";"0";"0";"1";"2";"1";""
"202400048425";"155 696 503";"A01";"1";"10";"2";"0";"3";"1";"1";""
"202400048426";"155 696 500";"A01";"1";"7";"0";"1";"1";"13";"1";""
"202400048427";"155 696 499";"B01";"1";"2";"0";"2";"6";"16";"1";""
"202400048427";"155 696 502";"Z01";"1";"7";"0";"2";"1";"1";"2";""
"202400048428";"155 696 498";"A01";"1";"7";"0";"2";"3";"15";"1";""
"202400048428";"155 696 501";"B01";"1";"2";"0";"2";"7";"17";"1";""
"202400048429";"155 696 497";"A01";"2";"10";"3";"0";"2";"26";"1";""
"202400048430";"155 696 496";"A01";"2";"7";"0";"1";"1";"1";"1";""
"202400048431";"155 696 493";"B01";"2";"33";"0";"2";"1";"1";"1";""
"202400048431";"155 696 495";"A01";"1";"7";"0";"2";"8";"19";"1";""
"202400048432";"155 696 492";"A01";"2";"7";"1";"0";"6";"24";"1";""
"202400048432";"155 696 494";"B01";"0";"1";"0";"0";"0";"0";"5";""
"202400048433";"155 696 490";"B01";"3";"7";"0";"2";"1";"1";"1";""
"202400048433";"155 696 491";"A01";"3";"7";"0";"2";"8";"19";"2";""
"202400048434";"155 696 488";"A01";"2";"30";"0";"2";"1";"2";"1";""
"202400048434";"155 696 489";"B01";"2";"7";"0";"2";"4";"2";"1";""
"202400048435";"155 696 484";"B01";"2";"7";"0";"2";"4";"2";"1";""
"202400048435";"155 696 486";"A01";"2";"7";"0";"2";"1";"2";"1";""
"202400048436";"155 696 483";"A01";"1";"7";"0";"1";"1";"26";"1";""
"202400048437";"155 696 482";"A01";"1";"3";"0";"2";"1";"2";"3";""
"202400048437";"155 696 485";"B01";"1";"7";"0";"2";"4";"23";"1";""
"202400048437";"155 696 487";"C01";"1";"7";"0";"2";"4";"23";"1";""
"202400048438";"155 696 480";"A01";"2";"7";"0";"2";"3";"15";"1";""
"202400048438";"155 696 481";"B01";"1";"32";"0";"2";"3";"1";"1";""
"202400048439";"155 696 477";"B01";"1";"10";"0";"2";"1";"26";"1";""
"202400048439";"155 696 479";"A01";"1";"50";"0";"2";"1";"26";"3";""
"202400048440";"155 696 476";"A01";"3";"7";"0";"2";"1";"5";"1";""
"202400048440";"155 696 478";"B01";"2";"7";"0";"2";"1";"1";"1";""
"202400048441";"155 696 473";"A01";"2";"7";"0";"2";"1";"0";"1";""
"202400048441";"155 696 475";"B01";"1";"7";"0";"2";"1";"0";"1";""
"202400048442";"155 696 472";"B01";"1";"1";"0";"2";"0";"0";"5";""
"202400048442";"155 696 474";"A01";"1";"10";"0";"2";"0";"0";"1";""