"Num_Acc";"id_vehicule";"num_veh";"senc";"catv";"obs";"obsm";"choc";"manv";"motor";"occutc"
"202400048644";"155 696 113";"B01";"1";"33";"0";"2";"4";"11";"1";""
"202400048644";"155 696 114";"A01";"1";"16";"0";"2";"2";"12";"1";""
"202400048645";"155 696 112";"A01";"1";"7";"0";"1";"7";"1";"1";""
"202400048646";"155 696 111";"A01";"1";"2";"2";"0";"1";"14";"1";""
"202400048647";"155 696 109";"B01";"2";"7";"0";"2";"1";"1";"1";""
"202400048647";"155 696 110";"A01";"1";"7";"0";"2";"1";"13";"1";""
"202400048648";"155 696 107";"A01";"1";"7";"0";"2";"0";"0";"1";""
"202400048648";"155 696 108";"B01";"1";"7";"0";"2";"4";"0";"1";""
"202400048649";"155 696 106";"A01";"2";"33";"8";"0";"1";"14";"1";""
"202400048650";"155 696 103";"A01";"1";"30";"0";"0";"0";"26";"1";""
"202400048651";"155 696 104";"A01";"2";"32";"0";"2";"3";"21";"1";""
"202400048651";"155 696 105";"B01";"2";"50";"0";"2";"3";"1";"3";""
"202400048652";"155 696 102";"A01";"1";"3";"2";"0";"1";"1";"1";""
"202400048653";"155 696 099";"A01";"0";"33";"0";"2";"8";"26";"1";""
"202400048653";"155 696 101";"B01";"0";"37";"0";"2";"1";"15";"1";"1"
"202400048654";"155 696 097";"B01";"3";"34";"0";"2";"1";"9";"1";""
"202400048654";"155 696 100";"A01";"3";"7";"0";"2";"1";"5";"1";""
"202400048655";"155 696 096";"A01";"1";"30";"0";"0";"0";"1";"1";""
"202400048656";"155 696 094";"A01";"2";"7";"12";"0";"4";"1";"1";""
"202400048656";"155 696 098";"B01";"2";"7";"11";"2";"1";"1";"1";""
"202400048657";"155 696 092";"B01";"1";"7";"0";"2";"4";"2";"1";""
"202400048657";"155 696 095";"Z01";"1";"7";"0";"2";"1";"2";"1";""
"202400048658";"155 696 091";"B01";"1";"7";"0";"2";"3";"1";"1";""
"202400048658";"155 696 093";"A01";"3";"1";"0";"2";"1";"1";"5";""
"202400048659";"155 696 089";"A01";"3";"7";"14";"0";"1";"0";"1";""
"202400048660";"155 696 087";"B01";"2";"31";"0";"2";"3";"1";"1";""
"202400048660";"155 696 090";"A01";"1";"7";"0";"2";"3";"15";"1";""
"202400048661";"155 696 086";"B01";"2";"7";"0";"2";"7";"1";"1";""
"202400048661";"155 696 088";"A01";"2";"7";"0";"2";"1";"15";"0";""
"202400048662";"155 696 084";"A01";"2";"7";"0";"2";"3";"10";"1";""
"202400048662";"155 696 085";"B01";"2";"33";"0";"2";"8";"1";"1";""
"202400048663";"155 696 082";"A01";"1";"30";"0";"2";"4";"23";"1";""
"202400048663";"155 696 083";"B01";"1";"7";"0";"2";"3";"17";"1";""
"202400048664";"155 696 081";"A01";"2";"7";"0";"0";"0";"1";"1";""
"202400048665";"155 696 080";"A01";"2";"50";"14";"0";"1";"1";"3";""
"202400048666";"155 696 078";"B01";"1";"7";"0";"2";"4";"2";"1";""
"202400048666";"155 696 079";"A01";"1";"30";"0";"2";"1";"2";"1";""
"202400048667";"155 696 076";"Z01";"2";"7";"0";"1";"0";"0";"0";""
"202400048668";"155 696 074";"A01";"1";"7";"0";"2";"3";"15";"1";""
"202400048668";"155 696 077";"B01";"2";"33";"0";"2";"0";"0";"1";""
"202400048669";"155 696 075";"A01";"1";"10";"2";"0";"1";"1";"1";""
"202400048670";"155 696 071";"A01";"3";"10";"0";"2";"1";"16";"1";""
"202400048670";"155 696 073";"B01";"0";"50";"0";"2";"7";"26";"3";""
"202400048671";"155 696 070";"A01";"0";"7";"0";"2";"7";"19";"0";""
"202400048671";"155 696 072";"B01";"0";"7";"0";"2";"1";"1";"0";""
"202400048672";"155 696 067";"B01";"2";"7";"0";"2";"5";"1";"1";""
"202400048672";"155 696 068";"C01";"2";"7";"0";"2";"5";"1";"1";""
"202400048672";"155 696 069";"A01";"2";"7";"0";"2";"8";"11";"1";""
"202400048673";"155 696 064";"A01";"1";"32";"0";"2";"1";"26";"1";""
"202400048673";"155 696 066";"B01";"1";"7";"0";"2";"2";"15";"1";""
"202400048674";"155 696 063";"A01";"2";"7";"0";"2";"1";"1";"1";""
"202400048674";"155 696 065";"B01";"3";"60";"0";"2";"8";"19";"5";""
"202400048675";"155 696 062";"A01";"2";"7";"4";"0";"3";"2";"1";""
"202400048676";"155 696 057";"A01";"0";"7";"1";"0";"1";"1";"1";""
"202400048676";"155 696 059";"C01";"0";"7";"1";"0";"0";"0";"1";""
"202400048676";"155 696 061";"D01";"0";"7";"1";"0";"0";"0";"1";""
"202400048677";"155 696 058";"A01";"3";"7";"0";"2";"2";"15";"1";""
"202400048677";"155 696 060";"B01";"3";"1";"0";"2";"1";"1";"5";""
"202400048678";"155 696 053";"A01";"2";"7";"6";"1";"3";"23";"1";""
"202400048679";"155 696 054";"A01";"2";"7";"0";"2";"2";"26";"1";""
"202400048679";"155 696 056";"B01";"2";"7";"0";"2";"6";"1";"1";""
"202400048680";"155 696 052";"B01";"2";"7";"0";"0";"0";"0";"0";""
"202400048680";"155 696 055";"A01";"1";"30";"0";"2";"0";"9";"1";""
"202400048681";"155 696 046";"A01";"1";"7";"0";"2";"5";"21";"1";""
"202400048681";"155 696 051";"B01";"1";"7";"0";"2";"1";"1";"1";""
"202400048682";"155 696 047";"A01";"1";"7";"0";"2";"1";"2";"3";""
"202400048682";"155 696 049";"B01";"1";"10";"0";"2";"4";"2";"1";""
"202400048683";"155 696 045";"A01";"1";"7";"0";"2";"2";"1";"1";""
"202400048683";"155 696 048";"B01";"1";"10";"0";"2";"1";"1";"1";""
"202400048683";"155 696 050";"C01";"1";"7";"0";"2";"6";"23";"1";""
"202400048684";"155 696 044";"A01";"2";"2";"2";"0";"1";"14";"1";""
"202400048685";"155 696 039";"A01";"1";"7";"0";"2";"1";"1";"1";""
"202400048685";"155 696 042";"B01";"1";"7";"0";"2";"4";"1";"1";""
"202400048686";"155 696 038";"A01";"2";"33";"0";"2";"7";"17";"1";""
"202400048686";"155 696 040";"B01";"2";"7";"0";"2";"6";"1";"2";""
"202400048687";"155 696 041";"A01";"2";"33";"0";"2";"1";"1";"1";""
"202400048687";"155 696 043";"B01";"2";"10";"0";"2";"5";"1";"1";""
"202400048688";"155 696 035";"A01";"2";"7";"6";"1";"1";"13";"1";""
"202400048689";"155 696 036";"A01";"1";"33";"0";"2";"1";"2";"1";""
"202400048689";"155 696 037";"B01";"1";"7";"0";"2";"6";"0";"1";""
"202400048690";"155 696 033";"A01";"1";"7";"0";"9";"1";"15";"1";""
"202400048690";"155 696 034";"B01";"3";"50";"0";"0";"7";"19";"3";""
"202400048691";"155 696 032";"A01";"3";"2";"0";"0";"7";"14";"1";""
"202400048692";"155 696 031";"A01";"1";"32";"0";"2";"8";"1";"1";""
"202400048693";"155 696 028";"A01";"1";"7";"0";"2";"7";"16";"1";""
"202400048693";"155 696 030";"B01";"1";"31";"0";"2";"7";"1";"1";""
"202400048694";"155 696 026";"B01";"1";"7";"0";"2";"1";"1";"1";""
"202400048694";"155 696 029";"A01";"2";"33";"0";"2";"1";"13";"1";""
"202400048695";"155 696 024";"A01";"2";"7";"0";"2";"2";"2";"1";""
"202400048695";"155 696 025";"B01";"2";"7";"0";"2";"6";"2";"1";""
"202400048695";"155 696 027";"C01";"2";"15";"0";"2";"6";"2";"1";""
"202400048696";"155 696 023";"A01";"3";"80";"0";"0";"0";"1";"3";""
"202400048697";"155 696 022";"A01";"2";"7";"0";"1";"1";"1";"1";""
"202400048698";"155 696 018";"A01";"2";"7";"0";"2";"8";"11";"1";""
"202400048698";"155 696 021";"B01";"2";"33";"0";"2";"2";"3";"1";""
"202400048699";"155 696 017";"A01";"2";"7";"0";"2";"1";"2";"1";""
"202400048699";"155 696 020";"B01";"2";"3";"0";"2";"4";"2";"1";""
"202400048700";"155 696 016";"A01";"1";"7";"0";"2";"2";"1";"1";""
"202400048700";"155 696 019";"B01";"1";"7";"0";"2";"1";"16";"1";""
"202400048701";"155 696 013";"A01";"2";"7";"0";"1";"1";"1";"1";""
"202400048702";"155 696 012";"A01";"2";"7";"0";"2";"1";"2";"1";""
"202400048702";"155 696 014";"B01";"2";"10";"0";"0";"4";"1";"1";""
"202400048703";"155 696 011";"B01";"3";"7";"0";"2";"1";"1";"1";""
"202400048703";"155 696 015";"A01";"3";"7";"0";"2";"7";"1";"1";""
"202400048704";"155 696 009";"A01";"2";"7";"2";"0";"1";"1";"1";""
"202400048705";"155 696 005";"A01";"2";"7";"0";"2";"6";"26";"1";""
"202400048705";"155 696 007";"B01";"2";"33";"0";"2";"1";"17";"1";""
"202400048706";"155 696 006";"A01";"1";"7";"2";"0";"3";"2";"1";""
"202400048707";"155 696 002";"B01";"2";"33";"0";"2";"1";"1";"1";""
"202400048707";"155 696 003";"A01";"2";"7";"0";"0";"6";"2";"1";""
"202400048708";"155 696 000";"A01";"2";"7";"0";"2";"1";"15";"1";""
"202400048708";"155 696 004";"B01";"1";"7";"0";"2";"5";"1";"1";""
"202400048709";"155 695 999";"A01";"3";"7";"0";"2";"8";"13";"1";""
"202400048709";"155 696 001";"B01";"3";"2";"0";"2";"2";"1";"1";""
"202400048710";"155 695 998";"A01";"2";"31";"0";"6";"1";"1";"1";""
"202400048711";"155 695 995";"A01";"1";"7";"0";"2";"1";"15";"1";""
"202400048711";"155 695 997";"B01";"2";"1";"0";"2";"8";"1";"5";""
"202400048712";"155 695 994";"A01";"1";"7";"0";"2";"0";"26";"1";""
"202400048712";"155 695 996";"B01";"1";"7";"0";"2";"0";"0";"1";""
"202400048713";"155 695 992";"A01";"1";"7";"0";"2";"3";"2";"1";""
"202400048713";"155 695 993";"B01";"1";"1";"0";"2";"5";"2";"5";""
"202400048714";"155 695 988";"A01";"1";"7";"0";"1";"1";"1";"1";""
"202400048715";"155 695 985";"A01";"1";"7";"15";"2";"1";"14";"1";""
"202400048715";"155 695 987";"B01";"1";"7";"0";"2";"2";"1";"1";""
"202400048715";"155 695 990";"C01";"1";"7";"0";"2";"3";"1";"1";""
"202400048715";"155 695 991";"D01";"1";"7";"0";"2";"1";"1";"1";""
"202400048716";"155 695 984";"A01";"1";"7";"0";"2";"1";"1";"1";""
"202400048716";"155 695 986";"B01";"1";"7";"0";"2";"4";"15";"1";""
"202400048716";"155 695 989";"C01";"2";"33";"0";"2";"1";"1";"1";""
"202400048717";"155 695 982";"A01";"1";"31";"0";"2";"1";"13";"1";""
"202400048717";"155 695 983";"B01";"2";"7";"0";"2";"3";"1";"1";""
"202400048718";"155 695 981";"A01";"1";"7";"0";"1";"3";"1";"1";""
"202400048719";"155 695 979";"A01";"1";"7";"0";"1";"2";"1";"1";""
"202400048720";"155 695 978";"A01";"1";"14";"0";"2";"2";"1";"1";""
"202400048720";"155 695 980";"B01";"2";"7";"0";"2";"2";"13";"1";""
"202400048721";"155 695 972";"A01";"1";"7";"1";"0";"2";"2";"1";""
"202400048721";"155 695 975";"C01";"1";"7";"0";"2";"4";"23";"1";""
"202400048721";"155 695 976";"B01";"1";"10";"1";"2";"6";"23";"1";""
"202400048722";"155 695 974";"A01";"1";"7";"0";"1";"3";"5";"1";""
"202400048723";"155 695 973";"B01";"3";"7";"0";"2";"6";"1";"1";""
"202400048723";"155 695 977";"A01";"3";"10";"1";"2";"1";"19";"1";""
"202400048724";"155 695 970";"A01";"1";"7";"13";"0";"3";"1";"1";""
"202400048725";"155 695 969";"A01";"2";"10";"0";"1";"1";"1";"1";""
"202400048726";"155 695 968";"A01";"2";"7";"0";"2";"3";"15";"1";""
"202400048726";"155 695 971";"B01";"2";"33";"0";"2";"1";"1";"1";""
"202400048727";"155 695 967";"A01";"1";"33";"16";"0";"1";"1";"1";""
"202400048728";"155 695 966";"A01";"2";"7";"4";"0";"1";"11";"1";""
"202400048729";"155 695 962";"B01";"2";"7";"0";"2";"1";"1";"1";""
"202400048729";"155 695 965";"A01";"1";"7";"6";"0";"6";"16";"1";""
"202400048730";"155 695 963";"A01";"0";"7";"0";"9";"3";"0";"1";""
"202400048730";"155 695 964";"B01";"0";"99";"0";"2";"4";"2";"5";""
"202400048731";"155 695 961";"A01";"2";"40";"1";"1";"1";"1";"0";""
"202400048732";"155 695 956";"A01";"2";"7";"0";"2";"2";"1";"1";""
"202400048732";"155 695 958";"B01";"2";"7";"0";"2";"3";"26";"1";""
"202400048733";"155 695 959";"A01";"2";"33";"0";"2";"1";"1";"1";""
"202400048733";"155 695 960";"B01";"1";"7";"0";"2";"6";"15";"1";""
"202400048734";"155 695 957";"A01";"2";"33";"9";"0";"1";"1";"1";""
"202400048735";"155 695 949";"A01";"2";"7";"0";"2";"3";"2";"1";""
"202400048735";"155 695 951";"B01";"2";"2";"0";"0";"5";"23";"3";""
"202400048735";"155 695 953";"C01";"1";"7";"0";"0";"1";"1";"1";""
"202400048736";"155 695 950";"A01";"0";"7";"0";"1";"2";"1";"1";""
"202400048737";"155 695 948";"A01";"3";"7";"0";"2";"3";"15";"1";""
"202400048737";"155 695 952";"B01";"2";"7";"0";"2";"3";"0";"1";""
"202400048738";"155 695 946";"B01";"1";"15";"0";"2";"3";"1";"1";""
"202400048738";"155 695 947";"A01";"2";"7";"0";"2";"3";"13";"1";""
"202400048739";"155 695 944";"A01";"3";"7";"0";"1";"1";"20";"1";""
"202400048740";"155 695 943";"A01";"2";"7";"0";"0";"6";"7";"1";""
"202400048740";"155 695 945";"B01";"2";"33";"0";"2";"1";"1";"1";""
"202400048741";"155 695 939";"B01";"1";"15";"0";"2";"3";"2";"1";""
"202400048741";"155 695 941";"C01";"2";"10";"0";"2";"3";"1";"1";""
"202400048741";"155 695 942";"A01";"1";"7";"0";"2";"4";"15";"2";""
"202400048742";"155 695 938";"B01";"0";"7";"0";"1";"2";"0";"1";""
"202400048743";"155 695 937";"A01";"1";"7";"0";"2";"2";"17";"1";""
"202400048743";"155 695 940";"B01";"1";"50";"0";"2";"1";"19";"3";""
"202400048744";"155 695 935";"A01";"3";"10";"15";"0";"1";"14";"1";""
"202400048745";"155 695 933";"A01";"2";"7";"0";"1";"2";"1";"1";""
"202400048746";"155 695 934";"A01";"3";"7";"0";"0";"3";"11";"1";""
"202400048746";"155 695 936";"B01";"3";"33";"0";"2";"2";"21";"0";""
"202400048747";"155 695 931";"B01";"1";"10";"0";"2";"3";"1";"1";""
"202400048747";"155 695 932";"A01";"2";"7";"16";"0";"3";"13";"1";""
"202400048748";"155 695 930";"A01";"2";"7";"2";"0";"3";"13";"1";""
"202400048749";"155 695 925";"A01";"2";"7";"0";"9";"1";"1";"1";""
"202400048749";"155 695 927";"B01";"1";"1";"0";"2";"1";"9";"5";""
"202400048750";"155 695 924";"A01";"2";"34";"0";"2";"2";"17";"1";""
"202400048750";"155 695 926";"B01";"2";"7";"0";"2";"3";"15";"1";""
"202400048751";"155 695 928";"B01";"2";"2";"0";"2";"1";"1";"1";""
"202400048751";"155 695 929";"A01";"1";"10";"0";"2";"1";"15";"1";""
"202400048752";"155 695 923";"A01";"2";"50";"0";"0";"0";"1";"3";""
"202400048753";"155 695 920";"A01";"3";"7";"0";"2";"1";"2";"1";""
"202400048753";"155 695 922";"B01";"3";"7";"0";"2";"6";"2";"1";""
"202400048754";"155 695 917";"A01";"1";"7";"0";"2";"3";"0";"1";""
"202400048754";"155 695 918";"B01";"2";"33";"0";"2";"0";"0";"0";""
"202400048755";"155 695 916";"A01";"1";"1";"0";"0";"0";"1";"5";""
"202400048756";"155 695 915";"B01";"3";"7";"0";"2";"8";"1";"1";""
"202400048756";"155 695 919";"A01";"3";"7";"0";"2";"1";"1";"1";""
"202400048757";"155 695 914";"A01";"1";"7";"0";"2";"8";"0";"1";""
"202400048757";"155 695 921";"B01";"1";"7";"0";"2";"1";"0";"1";""
"202400048758";"155 695 912";"A01";"1";"7";"0";"9";"7";"15";"1";""
"202400048758";"155 695 913";"B01";"1";"1";"0";"0";"3";"15";"5";""
"202400048759";"155 695 909";"A01";"1";"17";"0";"2";"3";"1";"1";""
"202400048759";"155 695 911";"B01";"2";"10";"1";"2";"3";"13";"1";""
"202400048760";"155 695 907";"B01";"1";"7";"0";"2";"0";"0";"0";""
"202400048760";"155 695 910";"A01";"1";"7";"0";"2";"7";"15";"1";""
"202400048761";"155 695 906";"A01";"2";"7";"2";"0";"9";"14";"1";""
"202400048762";"155 695 905";"A01";"1";"7";"0";"2";"1";"2";"1";""
"202400048762";"155 695 908";"B01";"1";"7";"0";"2";"4";"1";"1";""
"202400048763";"155 695 904";"A01";"3";"7";"0";"1";"2";"1";"1";""
"202400048764";"155 695 902";"A01";"0";"7";"8";"0";"3";"1";"1";""
"202400048765";"155 695 900";"A01";"3";"7";"0";"1";"4";"4";"3";""
"202400048766";"155 695 898";"A01";"3";"7";"0";"2";"1";"13";"0";""
"202400048766";"155 695 901";"B01";"3";"7";"8";"2";"3";"1";"0";""
"202400048766";"155 695 903";"C01";"3";"7";"0";"2";"1";"1";"0";""
"202400048767";"155 695 897";"A01";"1";"1";"0";"0";"0";"26";"5";""
"202400048768";"155 695 896";"A01";"2";"2";"0";"0";"0";"9";"1";""
"202400048769";"155 695 892";"A01";"1";"7";"3";"0";"1";"2";"1";""
"202400048770";"155 695 893";"B01";"1";"0";"0";"2";"3";"2";"0";""
"202400048770";"155 695 895";"A01";"1";"33";"0";"2";"2";"15";"1";""
"202400048771";"155 695 891";"A01";"2";"7";"8";"0";"7";"13";"1";""
"202400048772";"155 695 888";"A01";"2";"33";"0";"1";"1";"1";"1";""
"202400048773";"155 695 886";"A01";"1";"7";"2";"0";"8";"14";"1";""
"202400048774";"155 695 884";"A01";"1";"10";"1";"0";"3";"13";"3";""
"202400048774";"155 695 887";"B01";"1";"37";"1";"0";"5";"24";"1";"1"
"202400048775";"155 695 881";"A01";"1";"7";"13";"0";"1";"14";"1";""
"202400048776";"155 695 877";"C01";"2";"7";"0";"2";"1";"1";"1";""
"202400048776";"155 695 879";"A01";"2";"10";"0";"2";"4";"23";"1";""
"202400048776";"155 695 882";"B01";"2";"7";"0";"2";"1";"1";"1";""
"202400048776";"155 695 883";"D01";"2";"7";"0";"2";"1";"1";"1";""
"202400048777";"155 695 875";"B01";"2";"1";"0";"2";"1";"1";"5";""
"202400048777";"155 695 878";"A01";"1";"2";"0";"2";"1";"15";"1";""
"202400048778";"155 695 876";"A01";"2";"7";"0";"2";"3";"15";"1";""
"202400048778";"155 695 880";"B01";"1";"33";"1";"2";"1";"1";"1";""
"202400048779";"155 695 872";"A01";"3";"10";"0";"2";"2";"12";"1";""
"202400048779";"155 695 874";"B01";"3";"31";"0";"2";"8";"1";"3";""
"202400048780";"155 695 871";"A01";"2";"10";"4";"0";"8";"13";"1";""
"202400048781";"155 695 869";"A01";"1";"7";"0";"0";"3";"1";"1";""
"202400048781";"155 695 873";"B01";"2";"7";"0";"0";"3";"17";"3";""
"202400048782";"155 695 867";"A01";"3";"7";"14";"0";"3";"1";"1";""
"202400048783";"155 695 868";"B01";"0";"2";"0";"2";"1";"15";"1";""
"202400048783";"155 695 870";"Z01";"0";"50";"0";"2";"0";"16";"3";""
"202400048784";"155 695 866";"A01";"2";"7";"4";"0";"9";"9";"1";""
"202400048785";"155 695 865";"A01";"1";"10";"0";"1";"4";"4";"1";""
"202400048786";"155 695 864";"A01";"1";"7";"13";"0";"1";"1";"1";""
"202400048787";"155 695 863";"A01";"2";"7";"4";"0";"3";"1";"1";""
"202400048788";"155 695 862";"A01";"1";"7";"4";"0";"1";"1";"1";""
"202400048789";"155 695 860";"A01";"1";"1";"0";"1";"1";"1";"5";""
"202400048790";"155 695 861";"A01";"2";"33";"0";"0";"1";"26";"1";""
"202400048791";"155 695 859";"A01";"3";"7";"8";"0";"1";"1";"1";""
"202400048792";"155 695 857";"A01";"2";"10";"0";"0";"0";"1";"1";""
"202400048792";"155 695 858";"B01";"2";"7";"0";"9";"2";"1";"1";""
"202400048793";"155 695 854";"A01";"2";"7";"16";"0";"1";"1";"1";""
"202400048794";"155 695 853";"A01";"3";"10";"0";"2";"2";"15";"1";""
"202400048794";"155 695 856";"B01";"3";"43";"0";"2";"3";"1";"1";""
"202400048795";"155 695 852";"B01";"2";"33";"0";"2";"1";"2";"1";""
"202400048795";"155 695 855";"A01";"2";"7";"0";"0";"4";"1";"1";""
"202400048796";"155 695 851";"A01";"1";"33";"4";"0";"1";"13";"1";""
"202400048797";"155 695 849";"A01";"2";"10";"0";"1";"1";"1";"3";""
"202400048798";"155 695 848";"A01";"1";"7";"3";"0";"1";"21";"1";""
"202400048799";"155 695 847";"B01";"3";"7";"0";"2";"5";"2";"1";""
"202400048799";"155 695 850";"A01";"3";"30";"0";"2";"1";"2";"1";""
"202400048800";"155 695 846";"A01";"2";"10";"0";"1";"4";"20";"1";""
"202400048801";"155 695 844";"A01";"2";"1";"0";"1";"3";"5";"5";""
"202400048802";"155 695 842";"A01";"1";"80";"0";"0";"0";"0";"3";""
"202400048803";"155 695 840";"A01";"2";"7";"0";"2";"1";"2";"1";""
"202400048803";"155 695 845";"B01";"2";"7";"0";"2";"4";"2";"1";""
"202400048804";"155 695 841";"B01";"1";"1";"0";"2";"8";"14";"5";""
"202400048804";"155 695 843";"A01";"2";"7";"0";"2";"2";"1";"1";""
"202400048805";"155 695 839";"A01";"3";"1";"10";"0";"1";"26";"5";""
"202400048806";"155 695 836";"A01";"3";"7";"12";"0";"9";"1";"1";""
"202400048807";"155 695 838";"A01";"1";"7";"1";"0";"2";"14";"1";""
"202400048808";"155 695 835";"A01";"1";"7";"0";"2";"2";"1";"1";""
"202400048808";"155 695 837";"B01";"1";"7";"0";"2";"6";"11";"1";""
"202400048809";"155 695 834";"A01";"1";"2";"0";"0";"8";"1";"1";""
"202400048810";"155 695 828";"A01";"3";"7";"2";"0";"1";"13";"1";""
"202400048811";"155 695 831";"Z01";"3";"7";"0";"1";"1";"1";"1";""
"202400048812";"155 695 830";"A01";"2";"7";"0";"2";"1";"15";"1";""
"202400048812";"155 695 832";"B01";"1";"34";"0";"2";"8";"1";"1";""
"202400048813";"155 695 824";"A01";"1";"17";"0";"2";"2";"1";"1";""
"202400048813";"155 695 827";"C01";"1";"7";"0";"2";"1";"1";"1";""
"202400048813";"155 695 829";"D01";"1";"7";"0";"2";"1";"0";"1";""
"202400048813";"155 695 833";"B01";"1";"7";"0";"2";"4";"11";"2";""
"202400048814";"155 695 823";"A01";"3";"7";"0";"9";"5";"16";"1";""
"202400048814";"155 695 826";"B01";"3";"1";"0";"2";"1";"15";"5";""
"202400048815";"155 695 822";"B01";"1";"7";"0";"2";"1";"26";"1";""
"202400048815";"155 695 825";"A01";"0";"2";"0";"2";"1";"5";"1";""
"202400048816";"155 695 820";"B01";"1";"37";"0";"2";"1";"15";"1";"1"
"202400048816";"155 695 821";"A01";"1";"1";"0";"2";"1";"1";"5";""
"202400048817";"155 695 816";"A01";"2";"7";"0";"2";"0";"17";"1";""
"202400048817";"155 695 819";"B01";"1";"30";"0";"2";"1";"15";"1";""
"202400048818";"155 695 814";"A01";"2";"7";"1";"1";"3";"0";"1";""
"202400048819";"155 695 811";"B01";"2";"2";"0";"2";"1";"1";"1";""
"202400048819";"155 695 815";"A01";"1";"7";"0";"2";"2";"1";"1";""
"202400048820";"155 695 808";"B01";"1";"7";"0";"2";"8";"13";"1";""
"202400048820";"155 695 810";"A01";"1";"33";"0";"2";"8";"1";"1";""
"202400048821";"155 695 807";"B01";"2";"7";"0";"0";"8";"15";"1";""
"202400048821";"155 695 809";"A01";"2";"33";"0";"2";"7";"17";"1";""
"202400048822";"155 695 805";"A01";"1";"7";"0";"1";"1";"1";"0";""
"202400048823";"155 695 804";"A01";"1";"7";"0";"2";"2";"12";"1";""
"202400048823";"155 695 806";"B01";"1";"33";"0";"2";"8";"3";"1";""
"202400048824";"155 695 802";"A01";"2";"10";"0";"1";"3";"2";"1";""
"202400048825";"155 695 803";"A01";"1";"7";"0";"1";"3";"26";"1";""
"202400048826";"155 695 799";"B01";"3";"7";"0";"2";"6";"15";"1";""
"202400048826";"155 695 801";"A01";"0";"34";"0";"2";"1";"2";"1";""
"202400048827";"155 695 798";"B01";"1";"7";"4";"2";"3";"1";"1";""
"202400048827";"155 695 800";"A01";"1";"7";"0";"2";"5";"12";"1";""
"202400048828";"155 695 794";"A01";"2";"7";"0";"1";"4";"4";"0";""
"202400048829";"155 695 792";"A01";"3";"7";"0";"2";"3";"15";"1";""
"202400048829";"155 695 797";"B01";"3";"50";"0";"2";"2";"9";"3";""
"202400048830";"155 695 793";"Z01";"1";"7";"0";"2";"1";"1";"0";""
"202400048830";"155 695 796";"A01";"1";"7";"0";"9";"4";"1";"1";""
"202400048831";"155 695 791";"B01";"3";"7";"0";"2";"1";"1";"1";""
"202400048831";"155 695 795";"A01";"3";"60";"0";"2";"7";"19";"5";""
"202400048832";"155 695 788";"A01";"1";"7";"0";"1";"3";"15";"1";""
"202400048833";"155 695 787";"A01";"1";"7";"0";"9";"0";"0";"0";""
"202400048833";"155 695 789";"B01";"2";"1";"0";"2";"4";"2";"5";""
"202400048834";"155 695 785";"A01";"1";"7";"0";"0";"3";"1";"1";""
"202400048834";"155 695 790";"B01";"1";"2";"0";"0";"4";"0";"1";""
"202400048835";"155 695 780";"B01";"2";"10";"0";"2";"7";"16";"0";""
"202400048835";"155 695 783";"A01";"2";"32";"0";"2";"1";"1";"1";""
"202400048836";"155 695 781";"B01";"1";"7";"0";"2";"1";"1";"1";""
"202400048836";"155 695 784";"C01";"1";"7";"0";"2";"8";"1";"1";""
"202400048836";"155 695 786";"A01";"1";"1";"0";"2";"8";"19";"5";""
"202400048837";"155 695 778";"A01";"1";"7";"3";"0";"1";"0";"1";""
"202400048838";"155 695 779";"B01";"1";"2";"0";"2";"8";"1";"1";""
"202400048838";"155 695 782";"A01";"1";"7";"0";"9";"3";"15";"1";""
"202400048839";"155 695 776";"Z01";"1";"7";"0";"1";"0";"0";"0";""
"202400048840";"155 695 775";"B01";"2";"34";"0";"2";"1";"1";"1";""
"202400048840";"155 695 777";"A01";"2";"10";"0";"2";"5";"1";"1";""
"202400048841";"155 695 771";"A01";"1";"7";"0";"1";"4";"4";"1";""
"202400048842";"155 695 770";"A01";"2";"7";"0";"2";"8";"10";"1";""
"202400048842";"155 695 773";"B01";"2";"34";"0";"2";"1";"1";"1";""
"202400048843";"155 695 768";"A01";"1";"7";"0";"1";"2";"1";"1";""
"202400048844";"155 695 769";"C01";"1";"17";"0";"2";"2";"1";"1";""
"202400048844";"155 695 772";"A01";"1";"7";"3";"2";"6";"18";"1";""
"202400048844";"155 695 774";"B01";"1";"7";"3";"2";"2";"1";"0";""
"202400048845";"155 695 764";"B01";"2";"60";"0";"2";"4";"0";"5";""
"202400048845";"155 695 767";"A01";"2";"1";"0";"2";"4";"14";"5";""
"202400048846";"155 695 759";"A01";"1";"50";"0";"2";"1";"1";"3";""
"202400048846";"155 695 761";"B01";"2";"10";"0";"9";"3";"15";"3";""
"202400048847";"155 695 760";"B01";"2";"7";"0";"0";"4";"23";"1";""
"202400048847";"155 695 762";"A01";"2";"17";"0";"2";"3";"1";"1";""
"202400048848";"155 695 765";"A01";"0";"32";"0";"2";"1";"0";"1";""
"202400048848";"155 695 766";"B01";"0";"7";"0";"2";"3";"0";"1";""
"202400048849";"155 695 755";"A01";"2";"3";"0";"2";"2";"15";"1";""
"202400048849";"155 695 758";"B01";"2";"32";"0";"2";"1";"1";"1";""
"202400048850";"155 695 754";"A01";"3";"10";"1";"2";"0";"1";"0";""
"202400048850";"155 695 756";"B01";"3";"10";"1";"2";"5";"1";"1";""
"202400048851";"155 695 753";"A01";"2";"7";"0";"2";"3";"0";"1";""