"Num_Acc";"id_vehicule";"num_veh";"senc";"catv";"obs";"obsm";"choc";"manv";"motor";"occutc"
"202400048851";"155 695 757";"B01";"1";"7";"0";"2";"3";"0";"1";""
"202400048852";"155 695 750";"A01";"1";"50";"0";"2";"3";"25";"3";""
"202400048852";"155 695 752";"B01";"1";"7";"0";"2";"1";"1";"1";""
"202400048853";"155 695 745";"B01";"1";"17";"0";"2";"2";"1";"1";""
"202400048853";"155 695 747";"A01";"2";"7";"0";"2";"8";"16";"1";""
"202400048854";"155 695 743";"B01";"1";"33";"0";"2";"8";"1";"1";""
"202400048854";"155 695 744";"A01";"1";"7";"0";"2";"8";"15";"1";""
"202400048855";"155 695 742";"B01";"2";"7";"8";"2";"4";"2";"1";""
"202400048855";"155 695 746";"A01";"2";"10";"0";"2";"1";"2";"1";""
"202400048856";"155 695 739";"Z01";"2";"0";"0";"2";"0";"2";"0";""
"202400048857";"155 695 737";"A01";"0";"1";"0";"0";"0";"1";"5";""
"202400048858";"155 695 741";"A01";"1";"7";"0";"1";"1";"17";"2";""
"202400048859";"155 695 738";"B01";"1";"7";"0";"2";"2";"1";"1";""
"202400048859";"155 695 740";"A01";"1";"7";"0";"2";"3";"9";"1";""
"202400048860";"155 695 735";"A01";"2";"7";"13";"0";"9";"2";"1";""
"202400048861";"155 695 733";"A01";"1";"7";"2";"0";"7";"14";"1";""
"202400048862";"155 695 734";"B01";"1";"7";"0";"2";"4";"1";"1";""
"202400048862";"155 695 736";"A01";"1";"7";"0";"2";"1";"1";"1";""
"202400048863";"155 695 732";"A01";"2";"7";"0";"1";"2";"1";"1";""
"202400048864";"155 695 729";"B01";"2";"7";"0";"2";"8";"15";"1";""
"202400048864";"155 695 731";"A01";"2";"30";"0";"2";"1";"17";"3";""
"202400048865";"155 695 730";"A01";"1";"33";"0";"0";"7";"14";"1";""
"202400048866";"155 695 722";"A01";"1";"30";"0";"2";"7";"1";"1";""
"202400048866";"155 695 727";"B01";"3";"7";"0";"2";"3";"1";"1";""
"202400048867";"155 695 723";"A01";"1";"7";"0";"2";"1";"2";"0";""
"202400048867";"155 695 726";"B01";"1";"3";"0";"2";"4";"1";"0";""
"202400048867";"155 695 728";"C01";"1";"2";"0";"2";"4";"2";"0";""
"202400048868";"155 695 721";"A01";"1";"7";"13";"0";"2";"1";"1";""
"202400048869";"155 695 720";"A01";"1";"7";"0";"2";"1";"1";"1";""
"202400048869";"155 695 724";"B01";"3";"50";"0";"2";"0";"0";"3";""
"202400048870";"155 695 719";"A01";"1";"13";"13";"0";"1";"0";"1";""
"202400048871";"155 695 716";"A01";"2";"7";"0";"2";"6";"15";"1";""
"202400048871";"155 695 718";"B01";"2";"2";"0";"2";"3";"17";"1";""
"202400048872";"155 695 713";"A01";"1";"7";"0";"2";"8";"15";"1";""
"202400048872";"155 695 717";"B01";"1";"33";"0";"2";"2";"0";"1";""
"202400048873";"155 695 710";"A01";"0";"7";"0";"2";"3";"15";"1";""
"202400048873";"155 695 715";"B01";"0";"80";"0";"2";"8";"1";"3";""
"202400048874";"155 695 707";"A01";"2";"7";"0";"2";"2";"11";"1";""
"202400048874";"155 695 709";"B01";"2";"32";"0";"2";"1";"1";"1";""
"202400048875";"155 695 705";"A01";"2";"7";"2";"0";"3";"1";"1";""
"202400048876";"155 695 708";"A01";"2";"7";"0";"2";"5";"15";"1";""
"202400048876";"155 695 712";"B01";"1";"2";"0";"2";"2";"1";"1";""
"202400048877";"155 695 704";"B01";"2";"33";"0";"2";"1";"1";"1";""
"202400048877";"155 695 706";"A01";"2";"7";"0";"2";"2";"9";"1";""
"202400048878";"155 695 703";"A01";"1";"7";"0";"1";"1";"1";"1";""
"202400048879";"155 695 702";"A01";"3";"30";"0";"1";"1";"1";"1";""
"202400048880";"155 695 701";"A01";"1";"7";"2";"0";"1";"1";"1";""
"202400048881";"155 695 698";"A01";"2";"31";"6";"0";"1";"26";"1";""
"202400048882";"155 695 699";"A01";"1";"33";"0";"2";"1";"5";"1";""
"202400048882";"155 695 700";"B01";"1";"7";"0";"2";"3";"15";"1";""
"202400048883";"155 695 694";"A01";"1";"7";"0";"2";"5";"15";"1";""
"202400048883";"155 695 696";"B01";"2";"1";"0";"2";"1";"1";"5";""
"202400048884";"155 695 693";"A01";"1";"33";"17";"0";"1";"1";"1";""
"202400048885";"155 695 691";"A01";"2";"10";"13";"0";"1";"14";"1";""
"202400048886";"155 695 690";"Y01";"3";"1";"0";"0";"7";"14";"5";""
"202400048886";"155 695 692";"B01";"2";"7";"0";"0";"0";"0";"0";""
"202400048887";"155 695 686";"B01";"2";"2";"0";"2";"3";"1";"1";""
"202400048887";"155 695 688";"A01";"3";"7";"0";"0";"5";"19";"1";""
"202400048888";"155 695 683";"A01";"1";"7";"8";"0";"3";"1";"1";""
"202400048889";"155 695 685";"A01";"3";"7";"0";"2";"2";"15";"1";""
"202400048889";"155 695 689";"B01";"3";"7";"0";"2";"8";"1";"1";""
"202400048890";"155 695 682";"C01";"2";"7";"0";"2";"4";"2";"1";""
"202400048890";"155 695 684";"B01";"2";"7";"0";"2";"4";"2";"1";""
"202400048890";"155 695 687";"A01";"2";"7";"0";"2";"1";"2";"1";""
"202400048891";"155 695 678";"A01";"2";"7";"2";"0";"2";"14";"1";""
"202400048892";"155 695 679";"A01";"2";"7";"0";"2";"2";"13";"1";""
"202400048892";"155 695 681";"B01";"2";"7";"0";"0";"6";"11";"1";""
"202400048893";"155 695 674";"A01";"1";"7";"0";"2";"3";"9";"1";""
"202400048893";"155 695 677";"B01";"1";"7";"0";"2";"2";"1";"1";""
"202400048894";"155 695 672";"A01";"1";"7";"0";"2";"3";"17";"1";""
"202400048894";"155 695 675";"B01";"2";"7";"0";"2";"3";"1";"1";""
"202400048895";"155 695 671";"A01";"1";"32";"0";"2";"4";"0";"1";""
"202400048895";"155 695 673";"B01";"1";"13";"0";"2";"1";"2";"1";""
"202400048895";"155 695 676";"C01";"1";"7";"0";"2";"6";"0";"1";""
"202400048895";"155 695 680";"D01";"1";"14";"0";"2";"2";"0";"1";""
"202400048896";"155 695 669";"A01";"2";"10";"0";"2";"1";"17";"1";""
"202400048896";"155 695 670";"B01";"1";"7";"0";"2";"1";"1";"1";""
"202400048897";"155 695 667";"Z01";"3";"0";"0";"1";"1";"15";"0";""
"202400048898";"155 695 666";"Z01";"3";"7";"0";"2";"0";"15";"0";""
"202400048899";"155 695 665";"A01";"2";"7";"0";"2";"1";"1";"1";""
"202400048899";"155 695 668";"B01";"2";"7";"0";"2";"4";"1";"1";""
"202400048900";"155 695 662";"B01";"2";"1";"0";"2";"4";"23";"5";""
"202400048900";"155 695 664";"A01";"2";"7";"0";"2";"2";"1";"2";""
"202400048901";"155 695 659";"A01";"2";"7";"9";"0";"4";"1";"1";""
"202400048902";"155 695 657";"C01";"2";"7";"0";"2";"8";"2";"1";""
"202400048902";"155 695 661";"A01";"2";"7";"0";"2";"1";"2";"1";""
"202400048902";"155 695 663";"B01";"2";"7";"0";"2";"5";"2";"1";""
"202400048903";"155 695 660";"A01";"1";"7";"0";"1";"2";"1";"1";""
"202400048904";"155 695 656";"A01";"2";"7";"13";"0";"9";"0";"1";""
"202400048905";"155 695 655";"A01";"3";"30";"0";"2";"1";"13";"1";""
"202400048905";"155 695 658";"B01";"3";"7";"0";"2";"1";"1";"1";""
"202400048906";"155 695 653";"A01";"1";"17";"3";"0";"1";"12";"1";""
"202400048907";"155 695 652";"B01";"2";"7";"0";"2";"1";"1";"1";""
"202400048907";"155 695 654";"A01";"1";"7";"0";"2";"7";"13";"1";""
"202400048908";"155 695 650";"A01";"1";"7";"13";"0";"1";"1";"1";""
"202400048909";"155 695 646";"A01";"1";"33";"0";"2";"1";"1";"1";""
"202400048909";"155 695 649";"B01";"1";"38";"0";"2";"4";"1";"1";"1"
"202400048910";"155 695 648";"A01";"1";"7";"0";"2";"2";"1";"1";""
"202400048910";"155 695 651";"B01";"3";"1";"0";"2";"1";"19";"5";""
"202400048911";"155 695 644";"A01";"2";"7";"0";"2";"7";"13";"1";""
"202400048911";"155 695 647";"B01";"1";"7";"0";"2";"1";"1";"1";""
"202400048912";"155 695 642";"A01";"3";"7";"0";"2";"3";"1";"1";""
"202400048912";"155 695 645";"B01";"3";"7";"0";"2";"3";"1";"1";""
"202400048913";"155 695 640";"A01";"0";"7";"6";"0";"1";"1";"1";""
"202400048914";"155 695 638";"C01";"2";"7";"0";"2";"1";"1";"1";""
"202400048914";"155 695 641";"A01";"2";"10";"0";"2";"9";"1";"1";""
"202400048914";"155 695 643";"B01";"2";"7";"0";"2";"6";"23";"3";""
"202400048915";"155 695 635";"A01";"3";"7";"0";"2";"3";"16";"1";""
"202400048915";"155 695 637";"B01";"3";"1";"0";"2";"2";"5";"5";""
"202400048916";"155 695 634";"A01";"1";"7";"0";"2";"5";"16";"1";""
"202400048916";"155 695 639";"B01";"1";"1";"0";"2";"1";"1";"5";""
"202400048917";"155 695 633";"B01";"1";"2";"0";"2";"1";"1";"1";""
"202400048917";"155 695 636";"A01";"2";"7";"0";"2";"2";"15";"1";""
"202400048918";"155 695 626";"B01";"1";"7";"0";"2";"8";"1";"1";""
"202400048918";"155 695 630";"A01";"2";"7";"0";"2";"3";"17";"1";""
"202400048918";"155 695 632";"C01";"2";"37";"0";"2";"3";"1";"1";"1"
"202400048919";"155 695 623";"A01";"1";"7";"0";"2";"1";"15";"1";""
"202400048919";"155 695 627";"B01";"2";"33";"0";"2";"1";"1";"1";""
"202400048920";"155 695 622";"A01";"3";"7";"0";"2";"1";"1";"1";""
"202400048920";"155 695 629";"B01";"3";"7";"0";"2";"4";"0";"1";""
"202400048921";"155 695 624";"B01";"2";"7";"0";"2";"6";"1";"0";""
"202400048921";"155 695 628";"C01";"2";"7";"0";"2";"4";"1";"0";""
"202400048921";"155 695 631";"A01";"2";"7";"0";"2";"2";"1";"0";""
"202400048922";"155 695 621";"B01";"1";"34";"0";"2";"1";"1";"1";""
"202400048922";"155 695 625";"A01";"2";"10";"0";"2";"3";"15";"1";""
"202400048923";"155 695 620";"A01";"1";"7";"0";"1";"2";"16";"1";""
"202400048924";"155 695 616";"A01";"2";"33";"12";"2";"1";"18";"1";""
"202400048924";"155 695 619";"B01";"2";"10";"0";"2";"5";"1";"1";""
"202400048925";"155 695 615";"A01";"1";"10";"0";"2";"3";"1";"1";""
"202400048925";"155 695 618";"B01";"2";"7";"0";"2";"3";"1";"1";""
"202400048926";"155 695 613";"A01";"3";"7";"6";"0";"3";"1";"1";""
"202400048926";"155 695 617";"B01";"3";"7";"9";"2";"1";"1";"1";""
"202400048927";"155 695 609";"A01";"0";"2";"7";"0";"1";"5";"1";""
"202400048928";"155 695 608";"A01";"1";"7";"0";"2";"7";"15";"1";""
"202400048928";"155 695 612";"B01";"2";"34";"0";"2";"1";"1";"1";""
"202400048929";"155 695 604";"A01";"1";"7";"0";"2";"1";"1";"1";""
"202400048929";"155 695 607";"C01";"1";"7";"0";"2";"4";"1";"1";""
"202400048929";"155 695 610";"B01";"1";"7";"0";"2";"4";"1";"1";""
"202400048930";"155 695 605";"A01";"1";"7";"0";"2";"1";"1";"1";""
"202400048930";"155 695 611";"B01";"1";"7";"0";"2";"4";"1";"1";""
"202400048930";"155 695 614";"C01";"1";"7";"0";"2";"4";"1";"1";""
"202400048931";"155 695 602";"A01";"3";"1";"0";"2";"8";"21";"5";""
"202400048931";"155 695 606";"B01";"3";"1";"0";"2";"7";"21";"5";""
"202400048932";"155 695 600";"A01";"2";"7";"0";"2";"2";"1";"1";""
"202400048932";"155 695 603";"B01";"2";"7";"0";"2";"3";"9";"1";""
"202400048933";"155 695 601";"A01";"1";"50";"0";"1";"0";"1";"3";""
"202400048934";"155 695 596";"A01";"2";"7";"3";"0";"1";"14";"1";""
"202400048935";"155 695 595";"A01";"1";"33";"0";"2";"1";"2";"1";""
"202400048935";"155 695 599";"B01";"1";"7";"0";"2";"4";"2";"0";""
"202400048936";"155 695 594";"A01";"2";"30";"0";"2";"1";"17";"1";""
"202400048936";"155 695 598";"B01";"2";"7";"0";"2";"3";"15";"1";""
"202400048937";"155 695 592";"A01";"2";"7";"0";"0";"6";"1";"1";""
"202400048937";"155 695 597";"B01";"2";"10";"0";"2";"2";"1";"1";""
"202400048938";"155 695 590";"A01";"1";"7";"1";"0";"1";"13";"1";""
"202400048939";"155 695 589";"A01";"2";"7";"0";"2";"3";"15";"1";""
"202400048939";"155 695 593";"B01";"2";"2";"0";"2";"1";"17";"1";""
"202400048940";"155 695 585";"B01";"3";"7";"0";"2";"4";"23";"1";""
"202400048940";"155 695 587";"A01";"3";"7";"0";"2";"1";"2";"2";""
"202400048941";"155 695 584";"A01";"1";"2";"0";"2";"7";"17";"1";""
"202400048941";"155 695 588";"B01";"2";"7";"0";"2";"1";"15";"1";""
"202400048942";"155 695 576";"F01";"2";"10";"0";"2";"1";"2";"1";""
"202400048942";"155 695 580";"A01";"2";"7";"0";"2";"4";"23";"1";""
"202400048942";"155 695 582";"B01";"2";"7";"0";"2";"4";"23";"1";""
"202400048942";"155 695 583";"C01";"2";"7";"0";"2";"0";"0";"1";""
"202400048942";"155 695 586";"D01";"2";"7";"0";"2";"1";"2";"1";""
"202400048942";"155 695 591";"E01";"2";"7";"0";"2";"1";"1";"1";""
"202400048943";"155 695 574";"B01";"1";"7";"0";"2";"0";"0";"1";""
"202400048943";"155 695 581";"A01";"2";"50";"0";"2";"1";"26";"3";""
"202400048944";"155 695 573";"B01";"1";"7";"0";"2";" -1";"0";"1";""
"202400048944";"155 695 577";"A01";"3";"38";"0";"2";"3";"20";"1";"1"
"202400048945";"155 695 571";"A01";"2";"7";"0";"2";"1";"1";"1";""
"202400048945";"155 695 575";"B01";"2";"7";"0";"2";"4";"1";"1";""
"202400048945";"155 695 578";"C01";"2";"7";"3";"0";"4";"1";"1";""
"202400048946";"155 695 572";"A01";"1";"7";"0";"2";"1";"2";"1";""
"202400048946";"155 695 579";"B01";"1";"7";"0";"0";"4";"1";"1";""
"202400048947";"155 695 568";"A01";"1";"7";"0";"2";"2";"17";"1";""
"202400048947";"155 695 570";"B01";"1";"7";"0";"2";"6";"1";"1";""
"202400048948";"155 695 566";"A01";"1";"7";"0";"1";"1";"1";"2";""
"202400048949";"155 695 565";"A01";"1";"7";"0";"2";"2";"2";"1";""
"202400048949";"155 695 569";"B01";"1";"10";"14";"2";"4";"2";"1";""
"202400048950";"155 695 564";"A01";"2";"7";"0";"1";"2";"1";"1";""
"202400048951";"155 695 563";"A01";"2";"7";"0";"2";"3";"5";"1";""
"202400048951";"155 695 567";"B01";"1";"7";"3";"2";"1";"1";"1";""
"202400048952";"155 695 558";"A01";"2";"33";"0";"0";"7";"1";"1";""
"202400048953";"155 695 556";"B01";"1";"7";"0";"2";"7";"1";"1";""
"202400048953";"155 695 560";"A01";"2";"10";"0";"2";"1";"1";"1";""
"202400048954";"155 695 559";"A01";"1";"7";"1";"0";"1";"14";"1";""
"202400048955";"155 695 552";"A01";"0";"7";"2";"0";"1";"1";"1";""
"202400048956";"155 695 551";"A01";"1";"33";"0";"2";"1";"5";"1";""
"202400048956";"155 695 555";"B01";"2";"7";"0";"2";"1";"16";"1";""
"202400048957";"155 695 550";"A01";"1";"7";"0";"2";"1";"10";"1";""
"202400048957";"155 695 554";"B01";"1";"7";"0";"2";"8";"21";"1";""
"202400048957";"155 695 557";"C01";"1";"7";"0";"2";"2";"1";"1";""
"202400048957";"155 695 562";"D01";"1";"7";"0";"2";"1";"1";"1";""
"202400048958";"155 695 548";"A01";"0";"2";"0";"1";"1";"1";"1";""
"202400048959";"155 695 547";"A01";"1";"3";"0";"1";"1";"1";"1";""
"202400048960";"155 695 549";"B01";"1";"31";"1";"2";"1";"9";"1";""
"202400048960";"155 695 553";"C01";"3";"7";"1";"2";"3";"24";"1";""
"202400048960";"155 695 561";"A01";"2";"7";"0";"2";"3";"15";"1";""
"202400048961";"155 695 545";"A01";"3";"7";"0";"1";"3";"15";"1";""
"202400048962";"155 695 542";"A01";"3";"2";"0";"2";"3";"1";"6";""
"202400048962";"155 695 544";"B01";"3";"7";"6";"2";"3";"15";"1";""
"202400048963";"155 695 546";"A01";"3";"7";"11";"0";"1";"1";"1";""
"202400048964";"155 695 539";"A01";"2";"33";"0";"0";"0";"17";"1";""
"202400048965";"155 695 541";"B01";"3";"7";"0";"2";"7";"1";"1";""
"202400048965";"155 695 543";"A01";"1";"10";"0";"2";"1";"1";"0";""
"202400048966";"155 695 536";"A01";"1";"7";"13";"0";"1";"1";"1";""
"202400048967";"155 695 534";"B01";"1";"7";"0";"2";"5";"2";"3";""
"202400048967";"155 695 538";"A01";"2";"7";"0";"2";"0";"1";"1";""
"202400048967";"155 695 540";"C01";"1";"1";"0";"2";"0";"0";"5";""
"202400048968";"155 695 532";"A01";"2";"7";"3";"0";"1";"1";"1";""
"202400048969";"155 695 537";"A01";"2";"7";"1";"1";"4";"23";"1";""
"202400048970";"155 695 531";"B01";"2";"1";"0";"2";"1";"1";"5";""
"202400048970";"155 695 533";"A01";"3";"7";"0";"2";"3";"9";"2";""
"202400048971";"155 695 528";"B01";"1";"2";"0";"2";"8";"1";"1";""
"202400048971";"155 695 530";"A01";"2";"10";"0";"2";"1";"10";"1";""
"202400048972";"155 695 527";"A01";"2";"7";"0";"2";"7";"13";"1";""
"202400048972";"155 695 529";"B01";"1";"7";"0";"2";"1";"1";"1";""
"202400048973";"155 695 535";"A01";"1";"7";"13";"0";"1";"6";"1";""
"202400048974";"155 695 522";"A01";"1";"7";"0";"2";"3";"0";"1";""
"202400048974";"155 695 524";"B01";"2";"7";"0";"2";"3";"0";"2";""
"202400048975";"155 695 521";"A01";"3";"50";"0";"2";"1";"1";"3";""
"202400048975";"155 695 525";"B01";"3";"7";"0";"2";"1";"1";"1";""
"202400048976";"155 695 518";"B01";"1";"7";"0";"2";"2";"1";"1";""
"202400048976";"155 695 523";"A01";"1";"33";"0";"2";"6";"13";"1";""
"202400048977";"155 695 516";"A01";"3";"7";"0";"1";"2";"1";"1";""
"202400048978";"155 695 515";"A01";"2";"7";"0";"2";"3";"13";"1";""
"202400048978";"155 695 520";"B01";"1";"7";"0";"2";"8";"0";"1";""
"202400048979";"155 695 514";"A01";"2";"7";"0";"2";"1";"2";"1";""
"202400048979";"155 695 517";"B01";"2";"7";"0";"2";"1";"1";"1";""
"202400048980";"155 695 513";"A01";"1";"7";"0";"2";"1";"1";"1";""
"202400048980";"155 695 519";"B01";"1";"7";"0";"2";"4";"23";"3";""
"202400048981";"155 695 508";"A01";"1";"7";"14";"0";"7";"13";"1";""
"202400048981";"155 695 510";"B01";"2";"7";"0";"2";"1";"23";"1";""
"202400048982";"155 695 509";"B01";"2";"7";"0";"2";"1";"2";"1";""
"202400048982";"155 695 511";"A01";"2";"7";"0";"2";"4";"2";"1";""
"202400048983";"155 695 507";"A01";"2";"7";"0";"2";"4";"1";"1";""
"202400048983";"155 695 512";"B01";"0";"10";"0";"2";"1";"1";"1";""
"202400048984";"155 695 502";"A01";"1";"7";"14";"0";"2";"1";"1";""
"202400048985";"155 695 504";"A01";"1";"33";"0";"2";"2";"3";"1";""
"202400048985";"155 695 505";"B01";"1";"7";"0";"2";"6";"15";"1";""
"202400048986";"155 695 500";"B01";"2";"7";"8";"2";"2";"1";"1";""
"202400048986";"155 695 506";"A01";"1";"7";"0";"2";"1";"19";"1";""
"202400048987";"155 695 496";"A01";"2";"7";"0";"0";"5";"2";"1";""
"202400048987";"155 695 499";"B01";"2";"7";"0";"2";"3";"2";"1";""
"202400048987";"155 695 503";"C01";"2";"7";"0";"2";"2";"2";"1";""
"202400048988";"155 695 493";"Z01";"2";"7";"0";"2";"0";"13";"0";""
"202400048988";"155 695 495";"B01";"2";"7";"0";"2";"7";"1";"1";""
"202400048988";"155 695 497";"C01";"2";"7";"4";"2";"3";"21";"2";""
"202400048989";"155 695 489";"A01";"1";"40";"0";"1";"8";"26";"3";""
"202400048990";"155 695 491";"B01";"2";"14";"0";"2";"1";"0";"0";""
"202400048990";"155 695 494";"A01";"1";"7";"0";"2";"3";"9";"2";""
"202400048991";"155 695 485";"B01";"0";"2";"0";"0";"8";"0";"1";""
"202400048991";"155 695 488";"A01";"3";"7";"0";"2";"1";"1";"1";""
"202400048991";"155 695 490";"Z01";"3";"7";"0";"2";"0";"0";"1";""
"202400048992";"155 695 484";"A01";"2";"33";"14";"0";"1";"1";"1";""
"202400048993";"155 695 482";"A01";"1";"7";"0";"1";"1";"1";"1";""
"202400048994";"155 695 480";"A01";"1";"30";"16";"2";"2";"24";"1";""
"202400048994";"155 695 487";"C01";"1";"99";"0";"2";"1";"1";"0";""
"202400048994";"155 695 492";"B01";"1";"99";"14";"2";"8";"16";"1";""
"202400048995";"155 695 476";"A01";"1";"7";"0";"2";"2";"15";"1";""
"202400048995";"155 695 479";"B01";"1";"32";"0";"2";"8";"1";"1";""
"202400048996";"155 695 477";"A01";"1";"7";"0";"2";"3";"16";"1";""
"202400048996";"155 695 481";"B01";"1";"31";"0";"2";"1";"1";"1";""
"202400048997";"155 695 472";"A01";"2";"7";"0";"1";"2";"26";"1";""
"202400048998";"155 695 471";"A01";"1";"34";"0";"2";"0";"1";"1";""
"202400048998";"155 695 474";"B01";"1";"10";"0";"2";"4";"1";"1";""
"202400048999";"155 695 468";"A01";"2";"7";"3";"0";"1";"1";"1";""
"202400049000";"155 695 470";"A01";"2";"7";"0";"2";"3";"1";"1";""
"202400049000";"155 695 475";"C01";"2";"7";"0";"2";"4";"23";"1";""
"202400049000";"155 695 478";"B01";"2";"7";"0";"2";"4";"23";"1";""
"202400049001";"155 695 473";"A01";"2";"7";"1";"1";"3";"21";"1";""
"202400049002";"155 695 466";"A01";"1";"7";"0";"1";"5";"1";"3";""
"202400049003";"155 695 464";"B01";"3";"33";"0";"2";"3";"1";"1";""
"202400049003";"155 695 469";"A01";"3";"7";"0";"2";"3";"15";"1";""
"202400049004";"155 695 458";"A01";"1";"7";"0";"2";"1";"1";"1";""
"202400049004";"155 695 463";"B01";"1";"7";"0";"2";"4";"1";"2";""
"202400049005";"155 695 459";"A01";"3";"7";"0";"1";"1";"0";"2";""
"202400049006";"155 695 457";"A01";"1";"2";"14";"2";"3";"3";"1";""
"202400049006";"155 695 460";"B01";"1";"7";"0";"2";"2";"13";"2";""
"202400049007";"155 695 462";"A01";"2";"14";"6";"2";"4";"1";"1";""
"202400049007";"155 695 465";"B01";"2";"2";"0";"2";"1";"2";"1";""
"202400049008";"155 695 453";"C01";"1";"7";"0";"0";"6";"1";"1";""
"202400049008";"155 695 455";"A01";"1";"7";"0";"2";"1";"1";"1";""
"202400049008";"155 695 456";"B01";"1";"7";"0";"2";"4";"1";"1";""
"202400049009";"155 695 454";"A01";"1";"2";"0";"0";"8";"15";"3";""
"202400049010";"155 695 461";"B01";"3";"50";"0";"2";"0";"0";"3";""
"202400049010";"155 695 467";"A01";"2";"7";"0";"2";"7";"1";"1";""
"202400049011";"155 695 448";"B01";"1";"7";"6";"2";"8";"1";"1";""
"202400049011";"155 695 452";"A01";"2";"7";"0";"2";"1";"15";"1";""
"202400049012";"155 695 447";"B01";"1";"2";"0";"0";"0";"2";"1";""
"202400049012";"155 695 449";"A01";"1";"7";"0";"0";"0";"2";"1";""
"202400049013";"155 695 446";"A01";"2";"7";"0";"2";"7";"16";"1";""
"202400049013";"155 695 451";"B01";"2";"50";"0";"2";"8";"1";"3";""
"202400049014";"155 695 442";"A01";"2";"7";"3";"2";"7";"17";"1";""
"202400049014";"155 695 443";"B01";"2";"14";"0";"2";"8";"1";"1";""
"202400049014";"155 695 445";"C01";"2";"7";"0";"2";"8";"1";"1";""
"202400049014";"155 695 450";"D01";"2";"10";"0";"2";"7";"1";"1";""
"202400049015";"155 695 440";"A01";"2";"50";"0";"1";"1";"1";"3";""
"202400049016";"155 695 441";"A01";"1";"7";"0";"1";"3";"19";"1";""
"202400049017";"155 695 439";"A01";"1";"34";"0";"2";"2";"2";"1";""
"202400049017";"155 695 444";"B01";"1";"7";"0";"2";"3";"2";"2";""
"202400049018";"155 695 434";"A01";"1";"1";"0";"0";"1";"1";"5";""
"202400049019";"155 695 435";"B01";"2";"7";"0";"2";"6";"23";"2";""
"202400049019";"155 695 438";"A01";"2";"33";"0";"2";"1";"3";"1";""
"202400049020";"155 695 436";"A01";"1";"7";"0";"1";"2";"1";"1";""
"202400049021";"155 695 429";"B01";"1";"7";"0";"9";"3";"2";"2";""
"202400049021";"155 695 432";"A01";"1";"1";"0";"2";"1";"2";"5";""
"202400049022";"155 695 430";"A01";"1";"7";"6";"0";"2";"1";"1";""
"202400049023";"155 695 427";"A01";"1";"7";"0";"2";"1";"1";"1";""
"202400049023";"155 695 431";"B01";"1";"2";"0";"2";"1";"1";"1";""
"202400049024";"155 695 426";"A01";"2";"7";"0";"2";"2";"21";"1";""
"202400049024";"155 695 428";"B01";"2";"33";"0";"2";"4";"2";"1";""
"202400049025";"155 695 424";"A01";"2";"31";"0";"2";"1";"18";"3";""
"202400049025";"155 695 425";"B01";"2";"7";"0";"0";"7";"14";"1";""
"202400049026";"155 695 422";"A01";"0";"7";"0";"1";"3";"1";"1";""
"202400049027";"155 695 419";"A01";"1";"7";"0";"2";"1";"13";"1";""
"202400049027";"155 695 421";"B01";"1";"7";"0";"2";"5";"1";"1";""
"202400049028";"155 695 420";"A01";"2";"10";"0";"2";"8";"11";"1";""
"202400049028";"155 695 423";"B01";"2";"7";"0";"2";"1";"1";"1";""
"202400049029";"155 695 416";"B01";"1";"30";"0";"2";"1";"1";"1";""
"202400049029";"155 695 418";"A01";"2";"7";"0";"2";"2";"15";"1";""
"202400049030";"155 695 414";"A01";"2";"10";"14";"1";"2";"1";"1";""
"202400049031";"155 695 408";"A01";"3";"7";"0";"2";"1";"2";"1";""
"202400049031";"155 695 411";"B01";"3";"7";"0";"2";"4";"23";"1";""
"202400049032";"155 695 407";"C01";"2";"10";"0";"2";"4";"2";"1";""
"202400049032";"155 695 410";"D01";"2";"7";"0";"2";"4";"2";"2";""
"202400049032";"155 695 412";"B01";"2";"7";"0";"2";"4";"2";"3";""
"202400049032";"155 695 415";"A01";"2";"7";"0";"2";"1";"2";"2";""
"202400049033";"155 695 406";"A01";"1";"7";"0";"2";"3";"1";"1";""
"202400049033";"155 695 409";"B01";"2";"2";"0";"2";"1";"3";"1";""
"202400049034";"155 695 413";"A01";"1";"2";"12";"2";"4";"26";"1";""
"202400049035";"155 695 405";"A01";"3";"7";"0";"2";"3";"15";"1";""
"202400049035";"155 695 417";"B01";"3";"1";"0";"2";"0";"13";"5";""
"202400049036";"155 695 401";"A01";"2";"34";"0";"2";"1";"13";"1";""
"202400049036";"155 695 404";"B01";"1";"7";"0";"2";"1";"26";"1";""
"202400049037";"155 695 399";"A01";"2";"2";"0";"2";"1";"18";"1";""
"202400049037";"155 695 403";"B01";"3";"7";"0";"9";"1";"2";"1";""
"202400049038";"155 695 397";"A01";"1";"10";"0";"0";"0";"1";"1";""
"202400049038";"155 695 402";"B01";"1";"7";"0";"9";"1";"1";"1";""
"202400049039";"155 695 398";"A01";"1";"7";"0";"1";"3";"15";"1";""
"202400049040";"155 695 393";"A01";"1";"37";"0";"1";"5";"16";"1";"1"
"202400049041";"155 695 394";"A01";"1";"7";"0";"0";"9";"16";"1";""
"202400049042";"155 695 391";"A01";"3";"30";"0";"2";"2";"1";"1";""
"202400049042";"155 695 395";"B01";"3";"7";"1";"2";"1";"15";"1";""
"202400049043";"155 695 390";"A01";"1";"7";"2";"0";"7";"13";"1";""
"202400049044";"155 695 396";"A01";"1";"7";"6";"0";"1";"1";"1";""