"Num_Acc";"id_vehicule";"num_veh";"senc";"catv";"obs";"obsm";"choc";"manv";"motor";"occutc"
"202400049045";"155 695 387";"A01";"1";"1";"0";"2";"3";"13";"5";""
"202400049045";"155 695 389";"B01";"1";"7";"0";"2";"5";"1";"1";""
"202400049046";"155 695 386";"A01";"3";"7";"0";"0";"3";"22";"1";""
"202400049046";"155 695 392";"B01";"3";"1";"0";"0";"1";"1";"5";""
"202400049047";"155 695 385";"A01";"1";"7";"0";"1";"2";"1";"1";""
"202400049048";"155 695 383";"A01";"2";"7";"0";"2";"1";"1";"1";""
"202400049048";"155 695 388";"B01";"1";"7";"0";"2";"3";"1";"1";""
"202400049049";"155 695 382";"A01";"2";"2";"12";"0";"1";"2";"1";""
"202400049050";"155 695 381";"A01";"1";"7";"1";"0";"1";"1";"1";""
"202400049051";"155 695 379";"A01";"1";"7";"1";"0";"2";"13";"1";""
"202400049052";"155 695 378";"B01";"1";"50";"0";"2";"1";"1";"3";""
"202400049052";"155 695 384";"A01";"1";"7";"0";"2";"7";"1";"1";""
"202400049053";"155 695 377";"A01";"1";"7";"3";"0";"1";"1";"1";""
"202400049054";"155 695 375";"Z01";"1";"7";"0";"2";"2";"5";"1";""
"202400049054";"155 695 380";"B01";"2";"31";"0";"2";"1";"1";"1";""
"202400049055";"155 695 371";"A01";"1";"7";"0";"2";"1";"0";"1";""
"202400049055";"155 695 374";"B01";"1";"7";"0";"0";"4";"2";"1";""
"202400049056";"155 695 370";"B01";"1";"50";"0";"2";"4";"16";"3";""
"202400049056";"155 695 373";"A01";"1";"7";"0";"9";"1";"2";"0";""
"202400049057";"155 695 372";"A01";"0";"7";"0";"2";"4";"2";"1";""
"202400049057";"155 695 376";"B01";"0";"7";"0";"2";"1";"2";"1";""
"202400049058";"155 695 368";"A01";"2";"7";"4";"0";"1";"0";"1";""
"202400049059";"155 695 365";"A01";"3";"7";"0";"9";"3";"10";"1";""
"202400049059";"155 695 367";"B01";"3";"33";"0";"2";"1";"2";"1";""
"202400049060";"155 695 364";"Z01";"3";"30";"0";"2";"1";"19";"0";""
"202400049060";"155 695 366";"A01";"1";"30";"0";"2";"8";"15";"1";""
"202400049061";"155 695 360";"A01";"3";"7";"0";"0";"4";"26";"0";""
"202400049061";"155 695 363";"B01";"3";"1";"0";"2";"0";"0";"5";""
"202400049062";"155 695 358";"A01";"3";"7";"0";"2";"6";"23";"1";""
"202400049062";"155 695 369";"B01";"2";"7";"0";"2";"1";"21";"1";""
"202400049063";"155 695 354";"A01";"2";"7";"0";"2";"3";"13";"1";""
"202400049063";"155 695 362";"B01";"1";"10";"0";"2";"1";"1";"1";""
"202400049064";"155 695 353";"A01";"2";"7";"0";"2";"8";"13";"1";""
"202400049064";"155 695 357";"B01";"2";"7";"0";"2";"3";"1";"1";""
"202400049065";"155 695 352";"A01";"1";"10";"0";"2";"2";"16";"1";""
"202400049065";"155 695 356";"B01";"1";"50";"0";"2";"1";"1";"3";""
"202400049066";"155 695 349";"A01";"3";"7";"0";"2";"1";"21";"1";""
"202400049066";"155 695 355";"B01";"3";"7";"0";"2";"4";"23";"1";""
"202400049067";"155 695 348";"A01";"1";"7";"1";"0";"2";"1";"0";""
"202400049067";"155 695 350";"B01";"3";"50";"0";"0";"0";"0";"3";""
"202400049068";"155 695 347";"A01";"1";"7";"0";"2";"1";"1";"1";""
"202400049068";"155 695 351";"C01";"1";"7";"0";"2";"1";"1";"1";""
"202400049068";"155 695 359";"B01";"1";"7";"0";"2";"4";"1";"1";""
"202400049068";"155 695 361";"D01";"1";"10";"0";"2";"1";"1";"1";""
"202400049069";"155 695 346";"Z01";"1";"7";"0";"1";"2";"1";"0";""
"202400049070";"155 695 341";"A01";"1";"33";"0";"0";"0";"1";"1";""
"202400049071";"155 695 340";"B01";"2";"32";"0";"2";"1";"0";"1";""
"202400049071";"155 695 345";"Z01";"1";"0";"0";"2";"0";"0";"0";""
"202400049072";"155 695 339";"A01";"2";"7";"0";"0";"7";"20";"1";""
"202400049072";"155 695 344";"B01";"1";"1";"0";"2";"1";"1";"5";""
"202400049073";"155 695 336";"B01";"2";"10";"0";"2";"3";"1";"1";""
"202400049073";"155 695 343";"A01";"2";"1";"0";"2";"2";"19";"5";""
"202400049074";"155 695 328";"A01";"2";"7";"0";"2";"1";"26";"1";""
"202400049074";"155 695 333";"B01";"2";"7";"0";"2";"4";"2";"1";""
"202400049074";"155 695 337";"C01";"2";"7";"0";"2";"1";"2";"1";""
"202400049075";"155 695 330";"B01";"2";"1";"0";"2";"1";"1";"5";""
"202400049075";"155 695 334";"A01";"1";"7";"1";"2";"1";"26";"1";""
"202400049076";"155 695 331";"C01";"1";"7";"0";"2";"4";"2";"1";""
"202400049076";"155 695 338";"A01";"1";"7";"0";"2";"4";"2";"1";""
"202400049076";"155 695 342";"B01";"1";"7";"0";"2";"4";"1";"1";""
"202400049077";"155 695 332";"A01";"1";"7";"0";"2";"4";"23";"1";""
"202400049077";"155 695 335";"B01";"1";"30";"0";"2";"1";"1";"1";""
"202400049078";"155 695 326";"A01";"2";"7";"13";"0";"1";"14";"1";""
"202400049079";"155 695 329";"A01";"2";"34";"4";"0";"1";"2";"1";""
"202400049080";"155 695 325";"A01";"1";"7";"0";"2";"5";"15";"1";""
"202400049080";"155 695 327";"B01";"2";"31";"0";"2";"1";"2";"1";""
"202400049081";"155 695 321";"A01";"1";"7";"15";"0";"3";"1";"1";""
"202400049082";"155 695 320";"A01";"2";"7";"0";"2";"2";"1";"1";""
"202400049082";"155 695 324";"B01";"2";"15";"0";"0";"5";"1";"1";""
"202400049083";"155 695 323";"A01";"0";"7";"0";"1";"4";"4";"1";""
"202400049084";"155 695 317";"A01";"2";"7";"15";"0";"1";"1";"1";""
"202400049085";"155 695 316";"A01";"1";"7";"9";"0";"1";"1";"2";""
"202400049086";"155 695 310";"A01";"1";"7";"0";"2";"4";"0";"1";""
"202400049086";"155 695 315";"B01";"1";"1";"0";"2";"1";"1";"5";""
"202400049087";"155 695 312";"A01";"0";"2";"1";"0";"1";"0";"1";""
"202400049088";"155 695 311";"A01";"2";"31";"0";"2";"8";"3";"1";""
"202400049088";"155 695 319";"B01";"2";"7";"0";"2";"7";"12";"3";""
"202400049089";"155 695 313";"A01";"1";"7";"0";"2";"1";"9";"1";""
"202400049089";"155 695 318";"B01";"3";"7";"0";"2";"5";"1";"1";""
"202400049090";"155 695 309";"A01";"2";"7";"2";"0";"3";"1";"1";""
"202400049091";"155 695 306";"A01";"2";"33";"0";"0";"9";"1";"1";""
"202400049092";"155 695 303";"A01";"1";"32";"0";"1";"2";"0";"1";""
"202400049093";"155 695 304";"B01";"2";"7";"0";"2";"1";"1";"1";""
"202400049093";"155 695 308";"A01";"1";"7";"0";"2";"7";"15";"3";""
"202400049094";"155 695 301";"A01";"1";"7";"0";"2";"2";"15";"1";""
"202400049094";"155 695 307";"B01";"2";"30";"0";"2";"9";"12";"1";""
"202400049095";"155 695 298";"A01";"1";"10";"0";"9";"2";"17";"1";""
"202400049095";"155 695 302";"B01";"1";"80";"0";"2";"3";"13";"3";""
"202400049096";"155 695 294";"A01";"1";"2";"0";"2";"1";"19";"1";""
"202400049096";"155 695 300";"B01";"2";"15";"0";"2";"7";"1";"1";""
"202400049097";"155 695 291";"B01";"2";"7";"0";"2";"6";"21";"1";""
"202400049097";"155 695 297";"A01";"1";"7";"0";"2";"3";"13";"2";""
"202400049098";"155 695 292";"A01";"3";"7";"1";"0";"2";"1";"1";""
"202400049099";"155 695 293";"A01";"1";"34";"0";"2";"1";"17";"1";""
"202400049099";"155 695 299";"C01";"2";"7";"0";"2";"1";"1";"3";""
"202400049099";"155 695 305";"B01";"2";"10";"0";"2";"5";"15";"1";""
"202400049100";"155 695 290";"A01";"1";"7";"0";"2";"2";"12";"1";""
"202400049100";"155 695 295";"B01";"1";"7";"0";"2";"8";"1";"1";""
"202400049101";"155 695 287";"A01";"1";"80";"0";"0";"0";"21";"3";""
"202400049102";"155 695 286";"A01";"1";"7";"2";"0";"2";"14";"1";""
"202400049103";"155 695 296";"A01";"1";"7";"1";"0";"0";"1";"1";""
"202400049104";"155 695 282";"B01";"2";"7";"0";"2";"5";"15";"1";""
"202400049104";"155 695 289";"A01";"1";"32";"0";"2";"1";"1";"1";""
"202400049105";"155 695 281";"A01";"2";"1";"0";"2";"9";"13";"5";""
"202400049105";"155 695 285";"B01";"1";"21";"0";"0";"6";"1";"1";""
"202400049105";"155 695 288";"C01";"2";"1";"0";"9";"1";"2";"5";""
"202400049106";"155 695 278";"A01";"3";"10";"0";"1";"3";"26";"1";""
"202400049107";"155 695 276";"B01";"3";"7";"9";"2";"1";"1";"1";""
"202400049107";"155 695 283";"A01";"3";"7";"1";"2";"9";"1";"1";""
"202400049108";"155 695 279";"A01";"3";"7";"1";"2";"1";"13";"0";""
"202400049108";"155 695 284";"B01";"3";"7";"0";"2";"1";"1";"0";""
"202400049109";"155 695 277";"A01";"1";"15";"0";"2";"4";"2";"1";""
"202400049109";"155 695 280";"B01";"1";"33";"0";"2";"1";"23";"1";""
"202400049110";"155 695 273";"A01";"1";"31";"0";"1";"1";"1";"1";""
"202400049111";"155 695 269";"A01";"2";"36";"15";"0";"1";"1";"1";""
"202400049112";"155 695 272";"A01";"2";"7";"0";"2";"7";"1";"1";""
"202400049112";"155 695 275";"B01";"3";"1";"0";"2";"1";"19";"5";""
"202400049113";"155 695 264";"A01";"2";"10";"13";"0";"1";"0";"0";""
"202400049114";"155 695 268";"B01";"1";"43";"0";"2";"1";"2";"1";""
"202400049114";"155 695 274";"A01";"2";"7";"0";"2";"2";"10";"1";""
"202400049115";"155 695 263";"A01";"1";"10";"0";"2";"5";"1";"1";""
"202400049115";"155 695 266";"B01";"2";"7";"0";"2";"1";"1";"1";""
"202400049116";"155 695 265";"B01";"2";"50";"0";"2";"4";"1";"3";""
"202400049116";"155 695 270";"A01";"2";"7";"0";"2";"1";"15";"0";""
"202400049117";"155 695 261";"A01";"2";"33";"0";"0";"1";"1";"1";""
"202400049118";"155 695 262";"A01";"2";"7";"0";"1";"1";"1";"1";""
"202400049119";"155 695 259";"A01";"1";"7";"0";"2";"7";"10";"1";""
"202400049119";"155 695 267";"B01";"2";"31";"0";"2";"1";"0";"1";""
"202400049120";"155 695 260";"A01";"0";"7";"0";"1";"2";"1";"1";""
"202400049121";"155 695 255";"A01";"1";"7";"0";"2";"2";"19";"1";""
"202400049121";"155 695 271";"B01";"2";"7";"0";"2";"3";"1";"1";""
"202400049122";"155 695 254";"A01";"2";"7";"0";"2";"4";"1";"1";""
"202400049122";"155 695 257";"B01";"2";"31";"0";"2";"1";"1";"1";""
"202400049123";"155 695 253";"A01";"1";"7";"7";"0";"3";"13";"1";""
"202400049124";"155 695 248";"A01";"2";"2";"0";"2";"3";"1";"3";""
"202400049124";"155 695 251";"B01";"2";"7";"0";"2";"5";"1";"1";""
"202400049125";"155 695 252";"B01";"1";"43";"0";"2";"2";"15";"1";""
"202400049125";"155 695 258";"A01";"1";"10";"0";"2";"3";"15";"1";""
"202400049126";"155 695 247";"B01";"1";"7";"0";"2";"2";"19";"3";""
"202400049126";"155 695 256";"A01";"2";"50";"0";"2";"1";"26";"3";""
"202400049127";"155 695 245";"A01";"1";"7";"0";"2";"2";"1";"1";""
"202400049127";"155 695 249";"B01";"0";"50";"0";"2";"5";"19";"3";""
"202400049128";"155 695 243";"A01";"2";"7";"0";"2";"7";"17";"1";""
"202400049128";"155 695 246";"B01";"1";"33";"0";"2";"7";"1";"1";""
"202400049129";"155 695 244";"A01";"1";"33";"0";"1";"0";"1";"1";""
"202400049130";"155 695 241";"B01";"2";"7";"0";"2";"3";"0";"1";""
"202400049130";"155 695 242";"A01";"1";"7";"0";"2";"3";"13";"1";""
"202400049131";"155 695 240";"A01";"2";"7";"0";"2";"1";"21";"1";""
"202400049131";"155 695 250";"B01";"2";"7";"0";"0";"4";"2";"1";""
"202400049132";"155 695 239";"A01";"3";"7";"0";"1";"1";"16";"1";""
"202400049133";"155 695 234";"A01";"2";"13";"0";"1";"3";"1";"1";""
"202400049134";"155 695 232";"A01";"1";"7";"0";"2";"2";"17";"1";""
"202400049134";"155 695 236";"B01";"1";"7";"0";"2";"6";"1";"1";""
"202400049135";"155 695 228";"A01";"3";"33";"0";"2";"1";"13";"1";""
"202400049135";"155 695 230";"B01";"3";"7";"0";"2";"2";"1";"1";""
"202400049136";"155 695 231";"A01";"2";"2";"0";"2";"1";"1";"3";""
"202400049136";"155 695 235";"B01";"2";"7";"0";"2";"4";"16";"1";""
"202400049137";"155 695 226";"B01";"2";"7";"1";"2";"9";"23";"2";""
"202400049137";"155 695 233";"C01";"2";"13";"0";"0";"4";"23";"3";""
"202400049137";"155 695 238";"A01";"2";"7";"1";"2";"1";"1";"1";""
"202400049138";"155 695 221";"A01";"3";"10";"0";"9";"3";"16";"1";""
"202400049138";"155 695 237";"B01";"1";"1";"0";"2";"2";"1";"5";""
"202400049139";"155 695 225";"A01";"1";"7";"0";"1";"3";"15";"1";""
"202400049140";"155 695 222";"B01";"3";"1";"0";"2";"2";"1";"5";""
"202400049140";"155 695 229";"A01";"3";"7";"0";"9";"3";"16";"1";""
"202400049141";"155 695 219";"A01";"1";"7";"15";"0";"1";"15";"1";""
"202400049142";"155 695 218";"B01";"3";"7";"0";"2";"2";"21";"1";""
"202400049142";"155 695 227";"A01";"2";"7";"0";"2";"1";"14";"1";""
"202400049143";"155 695 220";"B01";"2";"33";"0";"2";"1";"1";"1";""
"202400049143";"155 695 224";"A01";"2";"7";"0";"2";"5";"19";"1";""
"202400049144";"155 695 217";"A01";"1";"43";"14";"2";"7";"14";"1";""
"202400049145";"155 695 215";"B01";"2";"7";"0";"2";"1";"1";"1";""
"202400049145";"155 695 223";"A01";"3";"7";"7";"2";"2";"1";"1";""
"202400049146";"155 695 213";"A01";"1";"34";"0";"2";"1";"13";"1";""
"202400049146";"155 695 216";"B01";"2";"7";"0";"2";"3";"15";"1";""
"202400049147";"155 695 214";"A01";"1";"7";"6";"0";"1";"0";"1";""
"202400049148";"155 695 211";"A01";"3";"1";"0";"0";"1";"21";"5";""
"202400049149";"155 695 210";"A01";"3";"7";"0";"1";"3";"15";"1";""
"202400049150";"155 695 212";"A01";"1";"2";"13";"0";"1";"0";"1";""
"202400049151";"155 695 209";"A01";"2";"7";"0";"1";"1";"15";"1";""
"202400049152";"155 695 208";"A01";"1";"10";"15";"0";"1";"0";"1";""
"202400049153";"155 695 207";"A01";"1";"7";"10";"0";"1";"13";"1";""
"202400049154";"155 695 205";"A01";"0";"7";"0";"1";"2";"19";"2";""
"202400049155";"155 695 204";"A01";"1";"80";"0";"0";"7";"15";"3";""
"202400049155";"155 695 206";"B01";"2";"1";"0";"0";"7";"1";"5";""
"202400049156";"155 695 200";"A01";"2";"7";"0";"0";"7";"15";"1";""
"202400049156";"155 695 203";"B01";"1";"33";"0";"2";"1";"0";"1";""
"202400049157";"155 695 197";"B01";"3";"7";"0";"2";"1";"26";"1";""
"202400049157";"155 695 202";"A01";"3";"30";"0";"2";"1";"26";"1";""
"202400049158";"155 695 194";"A01";"3";"10";"0";"2";"1";"0";"1";""
"202400049158";"155 695 198";"B01";"0";"34";"0";"0";"7";"16";"1";""
"202400049159";"155 695 189";"A01";"1";"7";"6";"0";"3";"0";"1";""
"202400049160";"155 695 193";"A01";"2";"7";"0";"2";"1";"5";"1";""
"202400049160";"155 695 201";"B01";"1";"7";"0";"2";"1";"5";"1";""
"202400049161";"155 695 188";"A01";"1";"32";"0";"2";"1";"1";"1";""
"202400049161";"155 695 192";"B01";"2";"7";"0";"2";"1";"1";"1";""
"202400049162";"155 695 183";"Z01";"0";"7";"0";"2";"2";"17";"0";""
"202400049162";"155 695 187";"B01";"0";"80";"0";"2";"8";"1";"3";""
"202400049163";"155 695 191";"B01";"1";"80";"1";"2";"1";"15";"3";""
"202400049163";"155 695 195";"A01";"2";"7";"1";"0";"1";"1";"1";""
"202400049164";"155 695 181";"A01";"2";"7";"0";"2";"3";"13";"1";""
"202400049164";"155 695 185";"B01";"1";"7";"0";"2";"3";"21";"1";""
"202400049165";"155 695 184";"A01";"1";"31";"0";"2";"3";"1";"1";""
"202400049165";"155 695 186";"B01";"2";"7";"9";"2";"2";"15";"1";""
"202400049166";"155 695 190";"A01";"3";"33";"12";"2";"0";"17";"1";""
"202400049166";"155 695 196";"B01";"0";"7";"0";"2";"3";"15";"1";""
"202400049167";"155 695 176";"A01";"2";"33";"0";"0";"3";"1";"1";""
"202400049168";"155 695 172";"A01";"1";"7";"0";"2";"4";"12";"1";""
"202400049168";"155 695 178";"C01";"1";"7";"0";"2";"1";"2";"1";""
"202400049168";"155 695 180";"B01";"1";"10";"0";"2";"1";"2";"1";""
"202400049169";"155 695 174";"A01";"1";"34";"9";"2";"1";"1";"1";""
"202400049169";"155 695 177";"B01";"1";"7";"0";"2";"3";"1";"1";""
"202400049170";"155 695 170";"A01";"1";"7";"6";"0";"2";"1";"1";""
"202400049171";"155 695 166";"B01";"1";"7";"0";"2";"2";"16";"1";""
"202400049171";"155 695 171";"A01";"1";"1";"0";"2";"7";"16";"5";""
"202400049172";"155 695 167";"A01";"2";"7";"0";"1";"1";"15";"1";""
"202400049173";"155 695 160";"A01";"1";"7";"0";"2";"2";"9";"1";""
"202400049173";"155 695 163";"B01";"1";"1";"0";"2";"6";"1";"5";""
"202400049174";"155 695 164";"A01";"1";"7";"0";"2";"1";"21";"1";""
"202400049174";"155 695 169";"B01";"1";"7";"0";"2";"4";"24";"1";""
"202400049174";"155 695 173";"C01";"1";"7";"0";"2";"4";"23";"1";""
"202400049175";"155 695 168";"A01";"2";"7";"0";"2";"3";"15";"1";""
"202400049175";"155 695 182";"B01";"1";"32";"0";"2";"1";"1";"0";""
"202400049176";"155 695 159";"A01";"2";"7";"0";"2";"1";"11";"1";""
"202400049176";"155 695 165";"B01";"1";"7";"0";"2";"1";"2";"1";""
"202400049177";"155 695 158";"B01";"2";"7";"0";"2";"3";"1";"1";""
"202400049177";"155 695 161";"A01";"1";"50";"0";"2";"1";"19";"3";""
"202400049178";"155 695 152";"A01";"2";"7";"0";"1";"3";"1";"1";""
"202400049179";"155 695 149";"A01";"1";"33";"12";"0";"2";"1";"1";""
"202400049180";"155 695 155";"A01";"1";"7";"0";"1";"1";"2";"1";""
"202400049181";"155 695 151";"A01";"2";"7";"0";"2";"2";"16";"1";""
"202400049181";"155 695 156";"B01";"2";"50";"0";"2";"1";"25";"3";""
"202400049182";"155 695 157";"A01";"1";"10";"0";"2";"3";"0";"1";""
"202400049182";"155 695 162";"B01";"2";"1";"0";"2";"3";"0";"5";""
"202400049183";"155 695 148";"A01";"2";"7";"0";"2";"8";"10";"1";""
"202400049183";"155 695 154";"B01";"2";"7";"0";"2";"1";"1";"1";""
"202400049184";"155 695 147";"Y01";"1";"1";"0";"2";"0";"0";"5";""
"202400049184";"155 695 153";"A01";"0";"7";"0";"9";"2";"26";"1";""
"202400049185";"155 695 142";"A01";"1";"7";"1";"0";"2";"14";"1";""
"202400049186";"155 695 140";"A01";"3";"7";"6";"0";"3";"1";"1";""
"202400049187";"155 695 141";"A01";"1";"7";"0";"2";"1";"13";"1";""
"202400049187";"155 695 145";"B01";"2";"15";"3";"2";"1";"1";"1";""
"202400049187";"155 695 146";"C01";"1";"10";"3";"2";"1";"1";"1";""
"202400049187";"155 695 150";"D01";"1";"7";"0";"0";"1";"1";"1";""
"202400049188";"155 695 137";"A01";"3";"50";"0";"2";"1";"25";"3";""
"202400049188";"155 695 144";"B01";"1";"30";"0";"2";"0";"0";"0";""
"202400049189";"155 695 138";"Z01";"1";"7";"0";"1";"7";"1";"1";""
"202400049190";"155 695 135";"B01";"2";"37";"0";"2";"2";"1";"1";"1"
"202400049190";"155 695 143";"A01";"1";"7";"0";"2";"1";"1";"2";""
"202400049191";"155 695 133";"B01";"0";"50";"0";"0";"1";"0";"3";""
"202400049191";"155 695 136";"A01";"0";"7";"0";"2";"0";"9";"1";""
"202400049192";"155 695 134";"B01";"0";"7";"14";"0";"1";"1";"1";""
"202400049192";"155 695 139";"A01";"0";"7";"0";"1";"1";"23";"1";""
"202400049193";"155 695 128";"A01";"1";"7";"0";"2";"1";"13";"1";""
"202400049193";"155 695 132";"B01";"2";"15";"0";"2";"1";"1";"1";""
"202400049194";"155 695 125";"A01";"2";"10";"0";"2";"1";"1";"1";""
"202400049194";"155 695 130";"B01";"1";"7";"0";"2";"4";"1";"1";""
"202400049195";"155 695 123";"B01";"2";"7";"0";"2";"8";"1";"1";""
"202400049195";"155 695 126";"A01";"1";"7";"6";"2";"1";"13";"1";""
"202400049196";"155 695 122";"A01";"0";"33";"0";"2";"1";"1";"1";""
"202400049196";"155 695 124";"B01";"0";"7";"0";"2";"3";"15";"1";""
"202400049197";"155 695 118";"B01";"3";"7";"0";"0";"0";"0";"1";""
"202400049197";"155 695 127";"A01";"3";"1";"0";"2";"1";"1";"5";""
"202400049198";"155 695 120";"B01";"3";"1";"0";"2";"7";"19";"5";""
"202400049198";"155 695 129";"A01";"3";"7";"0";"2";"3";"1";"2";""
"202400049199";"155 695 116";"A01";"1";"7";"0";"2";"0";"15";"1";""
"202400049199";"155 695 119";"B01";"1";"33";"0";"0";"0";"0";"1";""
"202400049200";"155 695 109";"A01";"3";"7";"13";"0";"1";"1";"1";""
"202400049201";"155 695 113";"A01";"1";"15";"0";"2";"1";"1";"1";""
"202400049201";"155 695 115";"B01";"1";"7";"0";"2";"4";"23";"1";""
"202400049201";"155 695 121";"C01";"1";"7";"0";"2";"4";"23";"1";""
"202400049201";"155 695 131";"D01";"1";"7";"0";"0";"4";"23";"1";""
"202400049202";"155 695 107";"B01";"1";"32";"0";"2";"2";"1";"1";""
"202400049202";"155 695 112";"A01";"1";"7";"0";"2";"3";"16";"1";""
"202400049203";"155 695 111";"B01";"3";"1";"0";"2";"7";"1";"5";""
"202400049203";"155 695 117";"A01";"2";"7";"0";"2";"3";"1";"1";""
"202400049204";"155 695 108";"A01";"1";"33";"0";"0";"9";"1";"1";""
"202400049205";"155 695 106";"A01";"2";"7";"2";"0";"1";"1";"1";""
"202400049206";"155 695 105";"A01";"1";"7";"0";"2";"5";"22";"2";""
"202400049206";"155 695 110";"B01";"1";"33";"0";"2";"8";"1";"1";""
"202400049207";"155 695 114";"A01";"3";"7";"0";"1";"3";"1";"1";""
"202400049208";"155 695 103";"A01";"1";"7";"0";"1";"3";"1";"1";""
"202400049209";"155 695 104";"A01";"2";"17";"0";"0";"8";"1";"1";""
"202400049210";"155 695 101";"A01";"1";"7";"0";"2";"1";"13";"1";""
"202400049210";"155 695 102";"B01";"2";"7";"0";"2";"1";"1";"1";""
"202400049211";"155 695 099";"A01";"3";"50";"0";"0";"0";"26";"3";""
"202400049212";"155 695 096";"A01";"1";"7";"0";"2";"7";"15";"1";""
"202400049212";"155 695 098";"B01";"2";"30";"0";"2";"1";"1";"1";""
"202400049213";"155 695 093";"A01";"1";"7";"0";"1";"1";"1";"1";""
"202400049214";"155 695 094";"B01";"1";"7";"0";"2";"4";"1";"2";""
"202400049214";"155 695 097";"A01";"1";"10";"0";"2";"1";"1";"3";""
"202400049215";"155 695 091";"A01";"1";"33";"3";"0";"8";"1";"1";""
"202400049216";"155 695 095";"A01";"2";"7";"3";"0";"2";"0";"1";""
"202400049217";"155 695 090";"B01";"3";"7";"0";"2";"3";"1";"1";""
"202400049217";"155 695 100";"A01";"3";"7";"0";"2";"1";"19";"1";""
"202400049218";"155 695 088";"A01";"1";"7";"0";"1";"1";"15";"1";""
"202400049219";"155 695 086";"B01";"2";"7";"0";"2";"8";"1";"1";""
"202400049219";"155 695 092";"A01";"2";"7";"0";"2";"1";"15";"1";""
"202400049220";"155 695 078";"A01";"3";"32";"0";"2";"2";"17";"1";""
"202400049220";"155 695 084";"B01";"3";"7";"0";"2";"6";"23";"1";""
"202400049220";"155 695 087";"C01";"3";"7";"0";"2";"3";"1";"1";""
"202400049221";"155 695 081";"A01";"3";"33";"0";"2";"1";"21";"1";""
"202400049221";"155 695 089";"B01";"3";"7";"0";"2";"6";"1";"1";""
"202400049222";"155 695 082";"A01";"3";"7";"2";"0";"1";"13";"2";""
"202400049223";"155 695 080";"B01";"1";"1";"0";"2";"3";"1";"5";""
"202400049223";"155 695 085";"A01";"1";"7";"0";"2";"2";"15";"3";""
"202400049224";"155 695 079";"A01";"2";"33";"0";"1";"1";"17";"1";""
"202400049225";"155 695 077";"A01";"3";"7";"0";"1";"0";"1";"1";""
"202400049226";"155 695 073";"B01";"3";"7";"0";"2";"3";"24";"1";""
"202400049226";"155 695 075";"A01";"1";"7";"1";"1";"1";"26";"1";""
"202400049227";"155 695 072";"A01";"2";"7";"3";"0";"2";"14";"1";""
"202400049228";"155 695 071";"A01";"1";"7";"0";"2";"2";"1";"0";""
"202400049228";"155 695 076";"B01";"1";"2";"0";"2";"0";"1";"0";""
"202400049229";"155 695 070";"A01";"2";"1";"0";"1";"1";"1";"5";""
"202400049230";"155 695 068";"A01";"3";"40";"0";"1";"2";"1";"3";""
"202400049231";"155 695 064";"A01";"1";"7";"0";"0";"1";"1";"1";""
"202400049231";"155 695 067";"B01";"1";"7";"8";"0";"1";"1";"1";""
"202400049232";"155 695 063";"A01";"1";"30";"0";"2";"2";"17";"1";""
"202400049232";"155 695 066";"B01";"1";"7";"0";"2";"3";"15";"1";""
"202400049233";"155 695 057";"B01";"3";"7";"0";"2";"4";"23";"1";""
"202400049233";"155 695 061";"A01";"3";"10";"0";"2";"2";"1";"1";""
"202400049234";"155 695 056";"A01";"3";"1";"0";"0";"0";"1";"5";""
"202400049235";"155 695 059";"A01";"2";"7";"0";"2";"4";"1";"1";""
"202400049235";"155 695 069";"B01";"2";"7";"0";"2";"1";"1";"0";""
"202400049236";"155 695 054";"B01";"1";"10";"0";"2";"3";"1";"1";""
"202400049236";"155 695 058";"A01";"2";"7";"0";"2";"3";"13";"1";""
"202400049237";"155 695 052";"A01";"2";"7";"16";"0";"2";"1";"1";""
"202400049238";"155 695 048";"A01";"1";"34";"0";"2";"1";"1";"1";""
"202400049238";"155 695 053";"B01";"1";"7";"0";"2";"3";"9";"1";""
"202400049239";"155 695 049";"A01";"1";"10";"0";"2";"1";"1";"2";""
"202400049239";"155 695 051";"C01";"1";"10";"0";"2";"4";"23";"3";""
"202400049239";"155 695 055";"B01";"1";"50";"0";"2";"1";"23";"3";""
"202400049240";"155 695 046";"A01";"1";"10";"4";"0";"1";"17";"1";""
"202400049241";"155 695 044";"A01";"1";"10";"16";"0";"0";"1";"1";""
"202400049242";"155 695 047";"A01";"3";"10";"2";"0";"1";"1";"1";""
"202400049243";"155 695 043";"A01";"1";"7";"0";"1";"3";"17";"1";""
"202400049244";"155 695 042";"A01";"2";"50";"8";"0";"1";"25";"3";""
"202400049245";"155 695 041";"A01";"1";"1";"0";"2";"1";"1";"5";""
"202400049245";"155 695 045";"B01";"1";"7";"0";"2";"4";"1";"1";""
"202400049246";"155 695 035";"A01";"1";"7";"0";"1";"2";"2";"1";""
"202400049247";"155 695 033";"B01";"1";"31";"0";"2";"1";"1";"1";""
"202400049247";"155 695 040";"A01";"1";"7";"0";"2";"2";"10";"1";""
"202400049248";"155 695 034";"A01";"1";"7";"0";"2";"1";"1";"1";""
"202400049248";"155 695 038";"B01";"2";"7";"0";"2";"1";"13";"1";""
"202400049249";"155 695 032";"A01";"0";"7";"2";"0";"6";"1";"1";""
"202400049250";"155 695 030";"A01";"0";"7";"0";"2";"3";"1";"1";""
"202400049250";"155 695 039";"B01";"0";"7";"0";"2";"1";"1";"1";""