"Num_Acc";"id_vehicule";"num_veh";"senc";"catv";"obs";"obsm";"choc";"manv";"motor";"occutc"
"202400049251";"155 695 031";"A01";"1";"7";"0";"9";"1";"1";"1";""
"202400049251";"155 695 037";"B01";"1";"60";"0";"2";"8";"19";"5";""
"202400049252";"155 695 026";"C01";"1";"32";"0";"2";"1";"1";"1";""
"202400049252";"155 695 029";"A01";"2";"10";"0";"2";"6";"13";"1";""
"202400049252";"155 695 036";"B01";"2";"32";"0";"2";"7";"17";"1";""
"202400049253";"155 695 028";"A01";"3";"32";"0";"0";"7";"2";"1";""
"202400049254";"155 695 022";"B01";"2";"14";"0";"2";"6";"26";"1";""
"202400049254";"155 695 025";"A01";"1";"32";"0";"2";"2";"26";"1";""
"202400049255";"155 695 023";"A01";"3";"7";"0";"2";"8";"9";"1";""
"202400049255";"155 695 027";"B01";"3";"7";"0";"2";"2";"1";"1";""
"202400049256";"155 695 021";"A01";"2";"10";"0";"1";"2";"16";"6";""
"202400049257";"155 695 020";"A01";"1";"7";"6";"2";"1";"1";"1";""
"202400049258";"155 695 024";"A01";"1";"31";"6";"0";"1";"1";"1";""
"202400049259";"155 695 019";"A01";"2";"7";"0";"0";"1";"1";"1";""
"202400049260";"155 695 013";"A01";"3";"7";"0";"1";"3";"1";"1";""
"202400049261";"155 695 011";"B01";"2";"7";"12";"0";"1";"1";"1";""
"202400049261";"155 695 017";"A01";"3";"7";"6";"2";"6";"19";"2";""
"202400049262";"155 695 012";"B01";"2";"1";"0";"2";"1";"1";"5";""
"202400049262";"155 695 018";"A01";"1";"7";"15";"1";"2";"1";"2";""
"202400049263";"155 695 004";"B01";"2";"7";"0";"2";"1";"1";"1";""
"202400049263";"155 695 010";"A01";"1";"7";"0";"2";"1";"13";"2";""
"202400049264";"155 695 003";"A01";"1";"37";"0";"2";"5";"14";"1";"1"
"202400049264";"155 695 009";"B01";"1";"37";"0";"2";"6";"1";"2";"2"
"202400049265";"155 695 006";"B01";"2";"80";"0";"0";"0";"0";"3";""
"202400049265";"155 695 015";"A01";"2";"7";"0";"2";"3";"26";"1";""
"202400049266";"155 695 005";"A01";"1";"30";"0";"2";"1";"13";"1";""
"202400049266";"155 695 016";"B01";"1";"14";"0";"2";"2";"16";"1";""
"202400049267";"155 694 999";"A01";"3";"33";"0";"0";"0";"0";"1";""
"202400049268";"155 694 998";"A01";"2";"38";"0";"2";"3";"1";"1";"1"
"202400049268";"155 695 001";"B01";"1";"31";"0";"2";"1";"21";"1";""
"202400049269";"155 695 002";"C01";"1";"7";"0";"0";"0";"23";"1";""
"202400049269";"155 695 008";"A01";"1";"7";"0";"2";"1";"26";"1";""
"202400049269";"155 695 014";"B01";"1";"50";"0";"9";"3";"19";"3";""
"202400049270";"155 694 994";"A01";"2";"7";"0";"1";"1";"1";"3";""
"202400049271";"155 694 996";"A01";"1";"7";"0";"2";"1";"13";"1";""
"202400049271";"155 694 997";"B01";"2";"7";"0";"2";"8";"1";"1";""
"202400049271";"155 695 007";"C01";"2";"10";"0";"2";"1";"1";"1";""
"202400049272";"155 694 992";"A01";"1";"7";"9";"0";"1";"1";"1";""
"202400049273";"155 694 986";"B01";"3";"7";"0";"2";"8";"1";"1";""
"202400049273";"155 694 990";"C01";"3";"7";"0";"2";"3";"1";"1";""
"202400049273";"155 694 993";"A01";"3";"7";"0";"2";"3";"13";"1";""
"202400049274";"155 694 991";"A01";"2";"7";"0";"2";"3";"15";"1";""
"202400049274";"155 695 000";"B01";"2";"7";"0";"2";"3";"1";"1";""
"202400049275";"155 694 987";"B01";"2";"2";"0";"2";"6";"13";"1";""
"202400049275";"155 694 995";"A01";"2";"30";"0";"2";"1";"1";"1";""
"202400049276";"155 694 984";"A01";"2";"7";"0";"1";"3";"19";"1";""
"202400049277";"155 694 980";"A01";"3";"7";"0";"2";"2";"20";"1";""
"202400049277";"155 694 981";"B01";"3";"32";"0";"2";"1";"1";"1";""
"202400049278";"155 694 978";"B01";"1";"33";"0";"2";"1";"1";"1";""
"202400049278";"155 694 983";"A01";"2";"7";"0";"2";"3";"15";"1";""
"202400049279";"155 694 979";"A01";"3";"7";"0";"2";"6";"5";"1";""
"202400049279";"155 694 988";"B01";"3";"1";"0";"2";"1";"16";"5";""
"202400049280";"155 694 976";"A01";"1";"7";"0";"0";"7";"10";"1";""
"202400049280";"155 694 982";"B01";"1";"2";"0";"2";"1";"1";"1";""
"202400049281";"155 694 975";"A01";"2";"7";"13";"0";"1";"1";"1";""
"202400049282";"155 694 973";"A01";"2";"15";"0";"0";"4";"1";"1";""
"202400049282";"155 694 974";"B01";"2";"7";"0";"2";"1";"1";"1";""
"202400049283";"155 694 972";"Y01";"1";"60";"0";"2";"7";"2";"5";""
"202400049283";"155 694 977";"A01";"1";"7";"0";"9";"8";"2";"3";""
"202400049284";"155 694 969";"A01";"0";"7";"0";"1";"1";"1";"6";""
"202400049285";"155 694 966";"A01";"2";"14";"0";"2";"3";"1";"1";""
"202400049285";"155 694 971";"B01";"1";"7";"0";"2";"1";"13";"1";""
"202400049286";"155 694 960";"B01";"1";"7";"0";"2";"3";"1";"2";""
"202400049286";"155 694 962";"A01";"2";"7";"0";"2";"1";"13";"1";""
"202400049287";"155 694 959";"B01";"0";"2";"0";"2";"1";"26";"1";""
"202400049287";"155 694 965";"A01";"0";"7";"0";"2";"3";"26";"1";""
"202400049288";"155 694 957";"A01";"3";"7";"13";"0";"7";"0";"0";""
"202400049289";"155 694 963";"B01";"3";"10";"0";"2";"1";"1";"1";""
"202400049289";"155 694 970";"A01";"3";"7";"0";"2";"2";"1";"1";""
"202400049290";"155 694 958";"A01";"1";"7";"0";"2";"1";"17";"1";""
"202400049290";"155 694 961";"B01";"2";"7";"0";"2";"1";"1";"1";""
"202400049290";"155 694 967";"C01";"2";"7";"0";"2";"1";"1";"1";""
"202400049291";"155 694 955";"A01";"3";"7";"16";"0";"0";"0";"1";""
"202400049292";"155 694 953";"A01";"1";"50";"1";"0";"1";"1";"3";""
"202400049293";"155 694 956";"B01";"1";"7";"0";"9";"8";"26";"1";""
"202400049293";"155 694 964";"A01";"1";"1";"0";"2";"7";"19";"5";""
"202400049294";"155 694 954";"A01";"2";"7";"0";"2";"1";"15";"1";""
"202400049294";"155 694 968";"B01";"1";"7";"0";"2";"7";"1";"1";""
"202400049295";"155 694 948";"A01";"1";"7";"0";"1";"3";"1";"2";""
"202400049296";"155 694 950";"A01";"2";"32";"12";"0";"1";"13";"1";""
"202400049297";"155 694 952";"Z01";"1";"0";"0";"1";"0";"0";"1";""
"202400049298";"155 694 945";"A01";"1";"7";"13";"0";"8";"11";"1";""
"202400049298";"155 694 951";"B01";"1";"7";"13";"2";"2";"17";"1";""
"202400049299";"155 694 943";"A01";"3";"33";"0";"2";"7";"21";"1";""
"202400049299";"155 694 947";"B01";"3";"7";"0";"2";"6";"1";"3";""
"202400049300";"155 694 937";"A01";"1";"7";"0";"2";"8";"15";"1";""
"202400049300";"155 694 944";"B01";"2";"7";"0";"2";"1";"1";"1";""
"202400049301";"155 694 938";"A01";"1";"7";"0";"2";"1";"9";"1";""
"202400049301";"155 694 949";"B01";"1";"7";"0";"0";"5";"1";"1";""
"202400049302";"155 694 940";"B01";"2";"1";"0";"2";"7";"1";"5";""
"202400049302";"155 694 942";"A01";"1";"7";"0";"2";"2";"16";"2";""
"202400049303";"155 694 935";"A01";"2";"7";"0";"2";"8";"11";"1";""
"202400049303";"155 694 939";"B01";"2";"2";"0";"2";"2";"1";"3";""
"202400049304";"155 694 933";"A01";"1";"10";"0";"1";"2";"1";"1";""
"202400049305";"155 694 936";"B01";"0";"7";"0";"2";"4";"2";"1";""
"202400049305";"155 694 941";"C01";"0";"7";"0";"2";"4";"2";"1";""
"202400049305";"155 694 946";"A01";"0";"10";"0";"2";"1";"2";"1";""
"202400049306";"155 694 931";"B01";"1";"7";"0";"2";"2";"2";"1";""
"202400049306";"155 694 934";"A01";"1";"7";"0";"2";"4";"1";"1";""
"202400049307";"155 694 930";"A01";"1";"7";"0";"2";"3";"10";"1";""
"202400049307";"155 694 932";"B01";"1";"33";"0";"2";"1";"1";"1";""
"202400049308";"155 694 922";"A01";"1";"50";"1";"0";"1";"21";"3";""
"202400049309";"155 694 923";"A01";"3";"7";"0";"2";"3";"16";"1";""
"202400049309";"155 694 928";"B01";"3";"50";"0";"2";"0";"0";"3";""
"202400049310";"155 694 921";"A01";"3";"7";"0";"2";"1";"26";"1";""
"202400049310";"155 694 929";"B01";"1";"2";"0";"2";"8";"0";"3";""
"202400049311";"155 694 920";"A01";"3";"7";"0";"2";"1";"19";"2";""
"202400049311";"155 694 927";"B01";"3";"31";"0";"2";"7";"1";"1";""
"202400049312";"155 694 919";"A01";"1";"7";"2";"0";"1";"13";"1";""
"202400049313";"155 694 917";"A01";"2";"7";"0";"2";"8";"0";"1";""
"202400049313";"155 694 926";"B01";"1";"2";"0";"2";"3";"11";"1";""
"202400049314";"155 694 916";"B01";"2";"7";"0";"2";"1";"1";"1";""
"202400049314";"155 694 924";"A01";"1";"7";"0";"2";"7";"13";"1";""
"202400049315";"155 694 918";"A01";"0";"7";"0";"9";"3";"24";"1";""
"202400049315";"155 694 925";"B01";"0";"1";"1";"0";"1";"1";"5";""
"202400049316";"155 694 915";"A01";"1";"7";"6";"0";"1";"2";"1";""
"202400049317";"155 694 913";"A01";"2";"7";"3";"0";"1";"13";"1";""
"202400049318";"155 694 912";"A01";"1";"7";"2";"0";"1";"1";" -1";""
"202400049319";"155 694 910";"A01";"1";"50";"0";"1";"1";"2";"3";""
"202400049320";"155 694 909";"B01";"0";"2";"0";"2";"1";"1";"0";""
"202400049320";"155 694 914";"A01";"0";"7";"0";"2";"3";"1";"1";""
"202400049321";"155 694 906";"A01";"3";"7";"6";"0";"4";"26";"1";""
"202400049322";"155 694 907";"A01";"1";"10";"4";"0";"3";"1";"1";""
"202400049323";"155 694 905";"B01";"2";"7";"0";"2";"2";"1";"1";""
"202400049323";"155 694 911";"A01";"2";"7";"0";"2";"1";"19";"1";""
"202400049324";"155 694 904";"B01";"1";"17";"0";"2";"3";"1";"1";""
"202400049324";"155 694 908";"A01";"2";"7";"0";"2";"7";"26";"1";""
"202400049325";"155 694 898";"A01";"1";"7";"0";"9";"1";"1";"1";""
"202400049326";"155 694 897";"A01";"1";"2";"12";"0";"0";"14";"3";""
"202400049327";"155 694 894";"A01";"2";"7";"0";"2";"6";"1";"1";""
"202400049327";"155 694 899";"B01";"2";"7";"0";"2";"3";"1";"1";""
"202400049328";"155 694 896";"A01";"1";"7";"0";"2";"2";"15";"1";""
"202400049328";"155 694 900";"B01";"2";"33";"0";"2";"1";"21";"1";""
"202400049329";"155 694 895";"A01";"3";"7";"9";"0";"2";"26";"1";""
"202400049329";"155 694 902";"B01";"3";"1";"0";"2";"8";"19";"5";""
"202400049330";"155 694 893";"A01";"2";"7";"2";"0";"1";"1";"1";""
"202400049331";"155 694 890";"A01";"2";"7";"2";"0";"1";"1";"1";""
"202400049332";"155 694 886";"B01";"1";"7";"0";"2";"1";"1";"1";""
"202400049332";"155 694 889";"A01";"2";"7";"0";"2";"1";"13";"1";""
"202400049333";"155 694 885";"A01";"2";"7";"13";"0";"2";"1";"1";""
"202400049334";"155 694 882";"A01";"1";"7";"0";"2";"2";"9";"1";""
"202400049334";"155 694 891";"B01";"2";"7";"0";"2";"2";"1";"1";""
"202400049335";"155 694 884";"A01";"2";"7";"13";"0";"2";"14";"1";""
"202400049336";"155 694 883";"A01";"3";"99";"1";"2";"1";"2";"0";""
"202400049336";"155 694 888";"B01";"3";"7";"0";"2";"4";"23";"1";""
"202400049337";"155 694 880";"A01";"1";"7";"0";"2";"2";"19";"1";""
"202400049337";"155 694 892";"B01";"2";"7";"0";"2";"1";"1";"1";""
"202400049338";"155 694 881";"B01";"3";"7";"0";"2";"4";"1";"2";""
"202400049338";"155 694 887";"A01";"3";"33";"0";"2";"1";"2";"1";""
"202400049339";"155 694 878";"A01";"1";"7";"0";"1";"2";"2";"0";""
"202400049340";"155 694 876";"A01";"0";"7";"0";"1";"3";"15";"1";""
"202400049341";"155 694 869";"A01";"1";"7";"0";"9";"2";"1";"1";""
"202400049341";"155 694 874";"B01";"1";"1";"0";"2";"4";"1";"5";""
"202400049342";"155 694 867";"A01";"2";"10";"6";"0";"1";"13";"1";""
"202400049343";"155 694 864";"A01";"2";"7";"0";"1";"1";"1";"1";""
"202400049344";"155 694 868";"A01";"1";"7";"0";"1";"1";"9";"1";""
"202400049345";"155 694 871";"A01";"1";"33";"0";"2";"7";"2";"1";""
"202400049345";"155 694 875";"B01";"1";"50";"0";"2";"0";"0";"3";""
"202400049346";"155 694 861";"B01";"2";"7";"4";"2";"4";"1";"2";""
"202400049346";"155 694 866";"A01";"2";"7";"4";"2";"1";"12";"1";""
"202400049347";"155 694 865";"A01";"1";"7";"0";"2";"1";"9";"1";""
"202400049347";"155 694 873";"B01";"2";"7";"0";"2";"3";"1";"1";""
"202400049348";"155 694 862";"A01";"3";"7";"0";"2";"1";"26";"1";""
"202400049348";"155 694 872";"B01";"0";"7";"0";"2";"3";"26";"1";""
"202400049349";"155 694 863";"B01";"1";"50";"0";"0";"0";"9";"3";""
"202400049349";"155 694 870";"A01";"1";"7";"0";"0";"0";"0";"0";""
"202400049350";"155 694 859";"A01";"2";"7";"2";"0";"1";"14";"1";""
"202400049351";"155 694 854";"B01";"1";"10";"0";"0";"3";"15";"1";""
"202400049351";"155 694 860";"A01";"1";"33";"0";"2";"1";"17";"1";""
"202400049352";"155 694 855";"Z01";"1";"14";"0";"1";"1";"1";"1";""
"202400049353";"155 694 852";"A01";"1";"2";"0";"2";"1";"12";"1";""
"202400049353";"155 694 857";"B01";"1";"7";"0";"0";"4";"2";"1";""
"202400049354";"155 694 850";"B01";"3";"7";"0";"9";"2";"19";"1";""
"202400049354";"155 694 858";"A01";"1";"80";"0";"2";"1";"19";"3";""
"202400049355";"155 694 849";"A01";"2";"7";"0";"2";"1";"21";"1";""
"202400049355";"155 694 856";"B01";"2";"7";"0";"2";"6";"1";"1";""
"202400049356";"155 694 847";"A01";"3";"31";"1";"2";"1";"2";"0";""
"202400049356";"155 694 851";"B01";"0";"10";"0";"2";"5";"15";"1";""
"202400049357";"155 694 844";"A01";"1";"2";"0";"0";"8";"1";"1";""
"202400049357";"155 694 853";"B01";"1";"7";"0";"2";"7";"17";"1";""
"202400049358";"155 694 845";"A01";"3";"7";"0";"2";"3";"13";"1";""
"202400049358";"155 694 848";"B01";"3";"7";"0";"2";"3";"0";"1";""
"202400049359";"155 694 840";"A01";"1";"10";"0";"2";"1";"1";"1";""
"202400049359";"155 694 842";"B01";"3";"7";"0";"2";"1";"1";"1";""
"202400049360";"155 694 836";"A01";"1";"10";"0";"1";"1";"2";"1";""
"202400049360";"155 694 841";"B01";"1";"7";"0";"0";"4";"2";"1";""
"202400049361";"155 694 837";"A01";"1";"7";"0";"2";"1";"16";"2";""
"202400049361";"155 694 843";"B01";"2";"1";"0";"2";"1";"2";"5";""
"202400049362";"155 694 831";"A01";"1";"7";"4";"0";"2";"0";"1";""
"202400049363";"155 694 834";"A01";"2";"10";"1";"1";"1";"1";"0";""
"202400049364";"155 694 829";"B01";"1";"7";"0";"2";"4";"2";"2";""
"202400049364";"155 694 835";"C01";"1";"7";"0";"2";"4";"2";"1";""
"202400049364";"155 694 838";"A01";"1";"7";"0";"2";"1";"2";"1";""
"202400049365";"155 694 832";"A01";"1";"7";"0";"2";"7";"2";"1";""
"202400049365";"155 694 839";"B01";"0";"1";"0";"2";"0";"0";"5";""
"202400049366";"155 694 830";"A01";"1";"7";"0";"2";"1";"13";"1";""
"202400049366";"155 694 846";"B01";"2";"13";"0";"2";"1";"1";"1";""
"202400049367";"155 694 828";"B01";"3";"7";"0";"2";"3";"1";"1";""
"202400049367";"155 694 833";"A01";"3";"2";"0";"2";"8";"1";"1";""
"202400049368";"155 694 823";"A01";"1";"7";"2";"0";"1";"13";"1";""
"202400049369";"155 694 825";"A01";"1";"7";"2";"0";"1";"1";"1";""
"202400049370";"155 694 820";"A01";"1";"2";"0";"2";"1";"0";"1";""
"202400049370";"155 694 826";"B01";"2";"7";"0";"2";"3";"0";"0";""
"202400049371";"155 694 816";"A01";"0";"7";"0";"2";"2";"9";"1";""
"202400049371";"155 694 827";"B01";"0";"31";"0";"2";"3";"1";"1";""
"202400049372";"155 694 814";"B01";"2";"7";"0";"2";"4";"26";"1";""
"202400049372";"155 694 821";"A01";"1";"33";"0";"2";"1";"26";"1";""
"202400049373";"155 694 812";"A01";"2";"7";"11";"0";"3";"6";"1";""
"202400049373";"155 694 818";"B01";"1";"10";"0";"0";"1";"21";"1";""
"202400049374";"155 694 809";"A01";"2";"7";"0";"2";"7";"23";"1";""
"202400049374";"155 694 819";"B01";"2";"33";"0";"2";"1";"3";"1";""
"202400049374";"155 694 824";"C01";"2";"7";"0";"2";"8";"23";"2";""
"202400049375";"155 694 811";"C01";"1";"99";"0";"2";"1";"1";"1";""
"202400049375";"155 694 817";"A01";"1";"10";"0";"2";"1";"2";"1";""
"202400049375";"155 694 822";"B01";"1";"7";"0";"2";"4";"2";"1";""
"202400049376";"155 694 807";"A01";"1";"7";"0";"2";"6";"15";"1";""
"202400049376";"155 694 813";"B01";"1";"2";"0";"2";"1";"17";"1";""
"202400049377";"155 694 808";"B01";"1";"7";"13";"0";"1";"2";"1";""
"202400049377";"155 694 815";"A01";"2";"7";"0";"0";"1";"2";"1";""
"202400049378";"155 694 806";"A01";"2";"2";"0";"2";"1";"1";"1";""
"202400049378";"155 694 810";"B01";"2";"7";"0";"2";"4";"23";"1";""
"202400049379";"155 694 803";"A01";"2";"7";"0";"0";"4";"2";"1";""
"202400049379";"155 694 805";"B01";"2";"2";"0";"2";"1";"2";"1";""
"202400049380";"155 694 800";"A01";"1";"7";"4";"2";"6";"1";"1";""
"202400049381";"155 694 798";"A01";"1";"7";"0";"2";"2";"26";"1";""
"202400049381";"155 694 804";"B01";"1";"1";"0";"2";"0";"1";"5";""
"202400049382";"155 694 796";"A01";"1";"1";"0";"0";"4";"1";"5";""
"202400049382";"155 694 801";"B01";"1";"0";"0";"0";"2";"17";"0";""
"202400049383";"155 694 797";"A01";"1";"7";"3";"1";"3";"5";"1";""
"202400049384";"155 694 795";"B01";"3";"33";"0";"2";"1";"17";"1";""
"202400049384";"155 694 799";"A01";"3";"7";"0";"2";"3";"10";"2";""
"202400049385";"155 694 788";"A01";"3";"2";"0";"0";"7";"13";"1";""
"202400049386";"155 694 787";"A01";"1";"33";"0";"2";"3";"1";"1";""
"202400049386";"155 694 794";"B01";"2";"38";"0";"2";"8";"1";"1";"4"
"202400049387";"155 694 786";"B01";"1";"7";"0";"0";"3";"1";"1";""
"202400049387";"155 694 793";"A01";"2";"7";"0";"2";"1";"13";"1";""
"202400049388";"155 694 783";"A01";"1";"43";"0";"0";"8";"1";"1";""
"202400049389";"155 694 784";"A01";"1";"7";"11";"2";"7";"12";"1";""
"202400049389";"155 694 789";"B01";"1";"33";"11";"2";"8";"1";"1";""
"202400049390";"155 694 781";"A01";"1";"7";"0";"1";"1";"1";"1";""
"202400049391";"155 694 779";"A01";"2";"7";"1";"0";"2";"2";"1";""
"202400049391";"155 694 791";"B01";"3";"38";"0";"0";"6";"26";"1";"0"
"202400049392";"155 694 778";"B01";"1";"7";"0";"2";"4";"1";"1";""
"202400049392";"155 694 785";"C01";"1";"10";"0";"2";"3";"1";"1";""
"202400049392";"155 694 790";"A01";"1";"10";"0";"2";"1";"2";"1";""
"202400049393";"155 694 777";"A01";"2";"7";"2";"0";"1";"21";"1";""
"202400049393";"155 694 782";"B01";"1";"14";"0";"0";"0";"17";"1";""
"202400049394";"155 694 780";"B01";"2";"7";"0";"2";"6";"10";"2";""
"202400049394";"155 694 792";"Z01";"1";"7";"0";"2";"1";"1";"2";""
"202400049395";"155 694 768";"A01";"2";"7";"3";"0";"1";"21";"1";""
"202400049396";"155 694 770";"B01";"1";"99";"0";"2";"3";"1";"1";""
"202400049396";"155 694 773";"A01";"3";"7";"0";"2";"2";"1";"2";""
"202400049397";"155 694 765";"A01";"1";"7";"0";"2";"3";"13";"1";""
"202400049397";"155 694 769";"B01";"2";"15";"0";"2";"3";"1";"1";""
"202400049398";"155 694 774";"A01";"1";"7";"0";"2";"2";"16";"1";""
"202400049398";"155 694 776";"B01";"1";"7";"13";"2";"3";"2";"1";""
"202400049399";"155 694 762";"A01";"1";"7";"4";"2";"3";"2";"1";""
"202400049400";"155 694 764";"A01";"1";"7";"2";"0";"8";"17";"1";""
"202400049401";"155 694 763";"A01";"1";"7";"0";"2";"8";"15";"2";""
"202400049401";"155 694 767";"B01";"1";"1";"0";"2";"1";"1";"5";""
"202400049402";"155 694 761";"B01";"2";"10";"0";"2";"2";"0";"1";""
"202400049402";"155 694 766";"A01";"1";"10";"0";"2";"2";"13";"1";""
"202400049403";"155 694 758";"A01";"1";"7";"0";"0";"0";"0";"1";""
"202400049404";"155 694 757";"A01";"3";"7";"12";"1";"3";"14";"1";""
"202400049405";"155 694 756";"A01";"3";"50";"0";"1";"7";"1";"3";""
"202400049406";"155 694 753";"A01";"1";"7";"16";"2";"2";"1";"1";""
"202400049406";"155 694 759";"B01";"1";"21";"0";"2";"3";"15";"1";""
"202400049407";"155 694 755";"A01";"1";"7";"0";"2";"8";"11";"1";""
"202400049407";"155 694 760";"B01";"1";"15";"0";"2";"2";"1";"1";""
"202400049408";"155 694 752";"A01";"1";"7";"0";"0";"9";"2";"1";""
"202400049409";"155 694 751";"A01";"1";"7";"2";"0";"2";"1";"1";""
"202400049410";"155 694 748";"B01";"3";"7";"0";"2";"4";"1";"1";""
"202400049410";"155 694 750";"A01";"1";"33";"0";"2";"1";"1";"1";""
"202400049411";"155 694 747";"A01";"3";"37";"0";"2";"5";"1";"1";"1"
"202400049411";"155 694 754";"B01";"3";"7";"0";"2";"1";"1";"2";""
"202400049412";"155 694 745";"A01";"3";"7";"0";"2";"1";"1";"1";""
"202400049412";"155 694 749";"B01";"0";"7";"0";"2";"1";"5";"2";""
"202400049413";"155 694 744";"A01";"1";"7";"0";"2";"1";"17";"2";""
"202400049413";"155 694 746";"B01";"2";"13";"0";"2";"3";"5";"1";""
"202400049414";"155 694 741";"A01";"3";"7";"0";"1";"1";"1";"1";""
"202400049415";"155 694 739";"AB01";"0";" -1";"0";"0";"0";"0";" -1";""
"202400049415";"155 694 743";"Z01";"2";"7";"0";"0";"1";"2";"1";""
"202400049416";"155 694 734";"A01";"2";"7";"0";"2";"3";"13";"1";""
"202400049416";"155 694 740";"B01";"1";"7";"0";"2";"3";"1";"1";""
"202400049417";"155 694 732";"A01";"1";"33";"0";"2";"1";"2";"1";""
"202400049417";"155 694 738";"B01";"1";"33";"0";"0";"4";"2";"1";""
"202400049418";"155 694 731";"A01";"3";"2";"0";"2";"1";"5";"1";""
"202400049418";"155 694 737";"B01";"3";"10";"0";"2";"3";"1";"1";""
"202400049419";"155 694 728";"A01";"1";"7";"0";"2";"1";"0";"1";""
"202400049419";"155 694 736";"B01";"1";"7";"0";"2";"4";"1";"1";""
"202400049419";"155 694 742";"C01";"1";"7";"0";"2";"6";"1";"1";""
"202400049420";"155 694 724";"A01";"2";"10";"0";"0";"1";"1";"1";""
"202400049420";"155 694 730";"B01";"1";"7";"0";"2";"5";"13";"1";""
"202400049421";"155 694 725";"A01";"2";"1";"1";"2";"1";"1";"5";""
"202400049421";"155 694 727";"Y01";"2";"60";"1";"0";"8";"19";"5";""
"202400049422";"155 694 726";"A01";"3";"33";"0";"2";"1";"1";"1";""
"202400049422";"155 694 733";"B01";"3";"7";"0";"2";"4";"1";"1";""
"202400049423";"155 694 723";"A01";"3";"7";"0";"1";"7";"1";"6";""
"202400049424";"155 694 714";"A01";"2";"34";"0";"2";"1";"2";"1";""
"202400049424";"155 694 720";"B01";"2";"7";"0";"2";"6";"2";"1";""
"202400049425";"155 694 716";"A01";"1";"15";"0";"2";"3";"12";"1";""
"202400049425";"155 694 721";"B01";"1";"7";"3";"0";"5";"1";"1";""
"202400049426";"155 694 713";"A01";"2";"7";"0";"2";"1";"15";"1";""
"202400049426";"155 694 718";"B01";"1";"7";"0";"2";"2";"1";"1";""
"202400049427";"155 694 712";"A01";"2";"7";"0";"2";"1";"15";"1";""
"202400049427";"155 694 717";"B01";"1";"2";"0";"2";"8";"1";"1";""
"202400049428";"155 694 711";"B01";"2";"50";"0";"2";"1";"25";"3";""
"202400049428";"155 694 722";"A01";"3";"7";"0";"2";"8";"19";"1";""
"202400049429";"155 694 709";"A01";"0";"7";"0";"0";"3";"19";"2";""
"202400049429";"155 694 719";"B01";"2";"31";"0";"2";"2";"3";"1";""
"202400049430";"155 694 708";"B01";"2";"7";"0";"2";"4";"1";"3";""
"202400049430";"155 694 715";"A01";"2";"7";"0";"2";"1";"1";"1";""
"202400049431";"155 694 706";"A01";"1";"10";"0";"2";"1";"1";"0";""
"202400049431";"155 694 710";"B01";"1";"7";"0";"2";"5";"12";"3";""
"202400049432";"155 694 702";"A01";"2";"1";"0";"0";"0";"0";"5";""
"202400049433";"155 694 704";"A01";"1";"7";"0";"2";"3";"15";"1";""
"202400049433";"155 694 707";"B01";"3";"1";"0";"2";"3";"1";"5";""
"202400049434";"155 694 698";"B01";"1";"7";"0";"2";"1";"5";"0";""
"202400049434";"155 694 703";"A01";"2";"34";"0";"2";"1";"1";"1";""
"202400049435";"155 694 699";"A01";"1";"7";"8";"0";"3";"16";"1";""
"202400049436";"155 694 697";"A01";"2";"7";"2";"0";"3";"14";"1";""
"202400049437";"155 694 696";"A01";"1";"7";"0";"2";"0";"16";"1";""
"202400049437";"155 694 701";"B01";"1";"7";"0";"2";"9";"1";"1";""
"202400049438";"155 694 694";"A01";"2";"1";"0";"1";"1";"1";"5";""
"202400049439";"155 694 693";"A01";"1";"50";"0";"0";"2";"14";"3";""
"202400049440";"155 694 692";"B01";"2";"7";"0";"2";"4";"1";"1";""
"202400049440";"155 694 695";"C01";"2";"7";"0";"2";"8";"1";"1";""
"202400049440";"155 694 700";"Z01";"2";"7";"0";"2";"8";"11";"1";""
"202400049440";"155 694 705";"A01";"2";"33";"0";"2";"7";"3";"1";""
"202400049441";"155 694 688";"A01";"1";"7";"4";"0";"1";"1";"1";""
"202400049442";"155 694 685";"A01";"2";"7";"0";"2";"3";"13";"1";""
"202400049442";"155 694 691";"B01";"1";"7";"0";"2";"3";"1";"2";""
"202400049443";"155 694 687";"A01";"0";"34";"1";"0";"1";"1";"1";""
"202400049444";"155 694 684";"A01";"1";"7";"13";"0";"1";"1";"1";""
"202400049445";"155 694 681";"B01";"3";"7";"0";"2";"6";"1";"1";""
"202400049445";"155 694 683";"A01";"3";"7";"1";"0";"7";"1";"1";""
"202400049446";"155 694 680";"A01";"1";"7";"0";"2";"4";"2";"1";""
"202400049446";"155 694 686";"B01";"1";"7";"0";"2";"2";"17";"1";""
"202400049447";"155 694 689";"A01";"1";"33";"0";"2";"2";"3";"1";""
"202400049448";"155 694 679";"A01";"1";"7";"0";"2";"1";"1";"1";""
"202400049448";"155 694 690";"B01";"1";"80";"0";"2";"4";"15";"3";""
"202400049449";"155 694 673";"A01";"2";"3";"0";"2";"8";"9";"1";""
"202400049449";"155 694 677";"B01";"1";"13";"0";"2";"1";"1";"1";""
"202400049450";"155 694 668";"A01";"1";"10";"8";"1";"0";"25";"1";""
"202400049450";"155 694 674";"B01";"2";"10";"0";"2";"1";"1";"1";""
"202400049451";"155 694 667";"C01";"1";"33";"0";"2";"1";"1";"1";""
"202400049451";"155 694 672";"B01";"1";"33";"0";"2";"7";"1";"1";""