"Num_Acc";"id_vehicule";"num_veh";"senc";"catv";"obs";"obsm";"choc";"manv";"motor";"occutc"
"202400049451";"155 694 676";"A01";"3";"7";"0";"2";"1";"15";"1";""
"202400049452";"155 694 666";"A01";"3";"10";"0";"9";"1";"1";"0";""
"202400049452";"155 694 671";"B01";"3";"60";"0";"2";"8";"1";"5";""
"202400049453";"155 694 665";"A01";"0";"33";"0";"0";"0";"0";"1";""
"202400049454";"155 694 664";"A01";"3";"7";"0";"2";"1";"17";"1";""
"202400049454";"155 694 669";"B01";"3";"7";"0";"2";"8";"15";"1";""
"202400049455";"155 694 662";"A01";"1";"7";"3";"0";"1";"1";"2";""
"202400049456";"155 694 661";"A01";"3";"21";"0";"2";"2";"1";"1";""
"202400049456";"155 694 675";"B01";"1";"7";"0";"2";"1";"1";"1";""
"202400049457";"155 694 663";"A01";"1";"14";"0";"2";"6";"24";"1";""
"202400049457";"155 694 670";"B01";"0";"33";"0";"0";"1";"1";"1";""
"202400049458";"155 694 657";"A01";"3";"7";"13";"0";"2";"14";"1";""
"202400049459";"155 694 655";"B01";"2";"31";"1";"2";"1";"2";"1";""
"202400049459";"155 694 659";"A01";"2";"10";"1";"2";"6";"2";"1";""
"202400049460";"155 694 653";"A01";"1";"7";"0";"2";"1";"13";"1";""
"202400049460";"155 694 658";"B01";"2";"7";"0";"2";"1";"1";"1";""
"202400049460";"155 694 660";"C01";"2";"10";"0";"2";"8";"1";"1";""
"202400049461";"155 694 652";"A01";"3";"37";"0";"1";"2";"1";"1";"1"
"202400049462";"155 694 648";"A01";"2";"7";"0";"2";"2";"17";"1";""
"202400049462";"155 694 654";"B01";"2";"1";"0";"2";"6";"13";"5";""
"202400049463";"155 694 647";"A01";"1";"1";"0";"0";"0";"1";"5";""
"202400049464";"155 694 649";"A01";"1";"7";"13";"0";"3";"13";"1";""
"202400049465";"155 694 650";"B01";"3";"7";"0";"2";"4";"23";"1";""
"202400049465";"155 694 656";"A01";"3";"7";"0";"2";"1";"1";"1";""
"202400049466";"155 694 643";"B01";"2";"7";"0";"2";"7";"1";"1";""
"202400049466";"155 694 646";"C01";"2";"7";"0";"2";"8";"1";"1";""
"202400049466";"155 694 651";"A01";"2";"7";"0";"2";"2";"26";"1";""
"202400049467";"155 694 645";"A01";"1";"32";"0";"1";"7";"1";"1";""
"202400049468";"155 694 641";"A01";"1";"7";"0";"2";"3";"15";"1";""
"202400049468";"155 694 644";"B01";"2";"30";"0";"2";"8";"1";"1";""
"202400049469";"155 694 638";"A01";"3";"50";"0";"0";"1";"1";"3";""
"202400049470";"155 694 637";"A01";"2";"7";"0";"2";"1";"13";"1";""
"202400049470";"155 694 640";"B01";"1";"7";"0";"2";"1";"1";"1";""
"202400049471";"155 694 636";"A01";"3";"7";"0";"2";"2";"16";"1";""
"202400049471";"155 694 642";"B01";"3";"10";"13";"0";"3";"1";"1";""
"202400049472";"155 694 633";"A01";"1";"33";"0";"2";"2";"1";"1";""
"202400049472";"155 694 639";"B01";"1";"7";"0";"2";"3";"9";"1";""
"202400049473";"155 694 631";"B01";"1";"10";"0";"2";"7";"14";"1";""
"202400049473";"155 694 634";"A01";"1";"7";"0";"2";"6";"1";"3";""
"202400049474";"155 694 628";"A01";"2";"7";"0";"2";"3";"15";"1";""
"202400049474";"155 694 635";"B01";"1";"33";"0";"2";"1";"1";"1";""
"202400049475";"155 694 627";"A01";"2";"7";"3";"0";"1";"1";"1";""
"202400049476";"155 694 625";"A01";"2";"7";"0";"6";"2";"1";"1";""
"202400049477";"155 694 626";"A01";"1";"7";"1";"0";"1";"1";"1";""
"202400049477";"155 694 629";"B01";"3";"7";"0";"2";"7";"24";"1";""
"202400049478";"155 694 624";"A01";"2";"32";"0";"2";"1";"5";"1";""
"202400049478";"155 694 632";"B01";"0";"7";"0";"2";"3";"9";"2";""
"202400049479";"155 694 623";"A01";"0";"33";"8";"0";"0";"0";"1";""
"202400049480";"155 694 621";"A01";"3";"7";"0";"1";"3";"1";"1";""
"202400049481";"155 694 620";"A01";"1";"7";"0";"2";"3";"13";"1";""
"202400049481";"155 694 622";"C01";"2";"7";"0";"2";"3";"1";"1";""
"202400049481";"155 694 630";"B01";"2";"7";"0";"2";"3";"1";"1";""
"202400049482";"155 694 616";"A01";"1";"34";"0";"0";"2";"1";"1";""
"202400049483";"155 694 611";"A01";"1";"7";"0";"1";"7";"9";"1";""
"202400049484";"155 694 608";"A01";"1";"7";"0";"2";"1";"0";"1";""
"202400049484";"155 694 612";"B01";"1";"10";"0";"2";"1";"0";"1";""
"202400049485";"155 694 609";"A01";"3";"30";"0";"2";"8";"11";"3";""
"202400049485";"155 694 615";"B01";"3";"7";"0";"2";"2";"1";"1";""
"202400049486";"155 694 607";"A01";"2";"7";"0";"2";"3";"9";"1";""
"202400049486";"155 694 614";"B01";"1";"2";"0";"2";"1";"26";"1";""
"202400049487";"155 694 606";"B01";"3";"7";"0";"2";"2";"1";"1";""
"202400049487";"155 694 618";"A01";"3";"10";"0";"2";"3";"5";"1";""
"202400049488";"155 694 605";"A01";"2";"33";"0";"0";"9";"16";"1";""
"202400049489";"155 694 601";"A01";"1";"7";"0";"2";"4";"2";"2";""
"202400049489";"155 694 613";"B01";"1";"7";"0";"2";"1";"2";"1";""
"202400049490";"155 694 602";"A01";"1";"33";"8";"0";"1";"0";"1";""
"202400049491";"155 694 600";"A01";"2";"33";"0";"2";"1";"2";"1";""
"202400049491";"155 694 604";"B01";"2";"7";"0";"2";"6";"0";"1";""
"202400049491";"155 694 610";"C01";"2";"7";"0";"2";"5";"2";"1";""
"202400049491";"155 694 617";"D01";"2";"7";"0";"2";"5";"2";"1";""
"202400049491";"155 694 619";"E01";"2";"7";"0";"2";"6";"2";"2";""
"202400049492";"155 694 598";"B01";"1";"1";"0";"2";"8";"15";"5";""
"202400049492";"155 694 603";"A01";"1";"7";"0";"9";"1";"1";"1";""
"202400049493";"155 694 594";"A01";"1";"7";"0";"1";"2";"1";"1";""
"202400049494";"155 694 595";"A01";"0";"10";"13";"0";"1";"1";"1";""
"202400049495";"155 694 593";"A01";"1";"7";"0";"2";"1";"9";"1";""
"202400049495";"155 694 599";"B01";"1";"2";"0";"0";"4";"1";"1";""
"202400049496";"155 694 597";"A01";"1";"7";"0";"1";"1";"15";"1";""
"202400049497";"155 694 590";"B01";"3";"50";"0";"2";"6";"23";"3";""
"202400049497";"155 694 596";"A01";"3";"7";"0";"2";"2";"1";"1";""
"202400049498";"155 694 588";"B01";"2";"2";"0";"2";"1";"1";"1";""
"202400049498";"155 694 592";"A01";"1";"7";"0";"2";"1";"15";"1";""
"202400049499";"155 694 582";"A01";"3";"7";"0";"2";"3";"1";"1";""
"202400049499";"155 694 587";"B01";"3";"7";"0";"2";"3";"1";"1";""
"202400049500";"155 694 585";"A01";"2";"36";"0";"0";"0";"13";"1";""
"202400049501";"155 694 581";"A01";"1";"30";"0";"2";"1";"2";"1";""
"202400049501";"155 694 591";"B01";"1";"30";"0";"2";"8";"2";"1";""
"202400049502";"155 694 578";"A01";"1";"7";"0";"2";"7";"12";"1";""
"202400049502";"155 694 583";"B01";"1";"33";"0";"2";"8";"3";"1";""
"202400049502";"155 694 589";"C01";"1";"7";"0";"2";"6";"1";"1";""
"202400049503";"155 694 573";"A01";"1";"7";"0";"2";"2";"1";"2";""
"202400049503";"155 694 580";"B01";"1";"30";"0";"0";"4";"1";"1";""
"202400049503";"155 694 584";"C01";"1";"32";"0";"0";"4";"1";"3";""
"202400049504";"155 694 571";"A01";"2";"7";"0";"2";"8";"10";"1";""
"202400049504";"155 694 576";"B01";"2";"33";"0";"2";"1";"17";"1";""
"202400049505";"155 694 569";"A01";"2";"32";"16";"0";"7";"1";"1";""
"202400049506";"155 694 572";"A01";"2";"32";"0";"0";"0";"1";"1";""
"202400049507";"155 694 568";"A01";"0";"50";"0";"2";"1";"19";"3";""
"202400049507";"155 694 574";"B01";"0";"7";"0";"0";"7";"1";"1";""
"202400049508";"155 694 570";"A01";"1";"7";"0";"2";"6";"15";"2";""
"202400049508";"155 694 575";"B01";"2";"33";"0";"2";"1";"1";"1";""
"202400049509";"155 694 567";"B01";"3";"7";"0";"0";"8";"1";"1";""
"202400049509";"155 694 579";"A01";"3";"7";"0";"0";"1";"1";"1";""
"202400049510";"155 694 566";"A01";"0";"7";"0";"1";"3";"1";"1";""
"202400049511";"155 694 565";"A01";"1";"33";"0";"0";"7";"1";"1";""
"202400049512";"155 694 562";"A01";"1";"7";"4";"0";"3";"1";"1";""
"202400049513";"155 694 557";"A01";"1";"10";"0";"2";"8";"24";"1";""
"202400049513";"155 694 563";"B01";"1";"50";"1";"0";"1";"1";"3";""
"202400049514";"155 694 559";"A01";"2";"33";"0";"2";"1";"0";"1";""
"202400049514";"155 694 564";"B01";"2";"7";"0";"0";"5";"1";"1";""
"202400049515";"155 694 556";"A01";"1";"31";"13";"0";"1";"1";"1";""
"202400049516";"155 694 555";"A01";"1";"31";"0";"2";"7";"17";"1";""
"202400049516";"155 694 560";"B01";"2";"7";"0";"2";"1";"1";"2";""
"202400049517";"155 694 554";"B01";"3";"2";"0";"2";"3";"1";"1";""
"202400049517";"155 694 558";"A01";"3";"7";"0";"2";"5";"17";"1";""
"202400049518";"155 694 551";"A01";"1";"7";"0";"2";"3";"15";"1";""
"202400049518";"155 694 561";"B01";"1";"34";"0";"2";"1";"1";"1";""
"202400049519";"155 694 546";"A01";"2";"33";"16";"0";"7";"1";"1";""
"202400049520";"155 694 547";"A01";"1";"7";"2";"0";"1";"13";"1";""
"202400049521";"155 694 544";"A01";"2";"10";"0";"2";"1";"11";"1";""
"202400049521";"155 694 549";"B01";"2";"10";"0";"2";"4";"1";"1";""
"202400049521";"155 694 553";"C01";"2";"7";"3";"2";"4";"1";"1";""
"202400049522";"155 694 545";"C01";"1";"7";"0";"2";"8";"1";"1";""
"202400049522";"155 694 550";"A01";"2";"7";"0";"2";"3";"13";"1";""
"202400049522";"155 694 552";"B01";"1";"7";"0";"2";"3";"1";"1";""
"202400049523";"155 694 540";"B01";"1";"2";"0";"2";"1";"1";"3";""
"202400049523";"155 694 548";"A01";"2";"7";"0";"2";"7";"1";"1";""
"202400049524";"155 694 538";"A01";"1";"7";"0";"2";"1";"9";"1";""
"202400049524";"155 694 543";"B01";"1";"7";"0";"2";"8";"26";"1";""
"202400049525";"155 694 539";"A01";"2";"33";"0";"2";"1";"3";"1";""
"202400049525";"155 694 541";"B01";"2";"7";"0";"2";"6";"1";"1";""
"202400049526";"155 694 533";"A01";"2";"7";"0";"2";"3";"13";"1";""
"202400049526";"155 694 542";"B01";"1";"7";"0";"2";"1";"1";"1";""
"202400049527";"155 694 535";"A01";"2";"31";"0";"0";"7";"1";"1";""
"202400049528";"155 694 531";"A01";"1";"7";"9";"2";"7";"1";"1";""
"202400049528";"155 694 537";"B01";"1";"13";"0";"2";"1";"19";"1";""
"202400049529";"155 694 532";"A01";"1";"7";"0";"2";"1";"1";"1";""
"202400049529";"155 694 536";"B01";"1";"7";"0";"2";"4";"1";"1";""
"202400049530";"155 694 525";"A01";"3";"37";"1";"2";"4";"24";"1";"1"
"202400049530";"155 694 530";"B01";"3";"50";"1";"0";"1";"15";"3";""
"202400049531";"155 694 528";"A01";"1";"7";"0";"2";"1";"1";"2";""
"202400049531";"155 694 534";"B01";"2";"7";"0";"2";"1";"13";"1";""
"202400049532";"155 694 526";"A01";"2";"33";"0";"2";"1";"15";"1";""
"202400049532";"155 694 529";"B01";"1";"10";"0";"2";"2";"1";"1";""
"202400049533";"155 694 520";"B01";"2";"10";"0";"0";"6";"2";"1";""
"202400049533";"155 694 524";"A01";"2";"7";"0";"2";"2";"2";"1";""
"202400049534";"155 694 521";"B01";"2";"1";"0";"2";"1";"1";"5";""
"202400049534";"155 694 523";"A01";"1";"7";"0";"2";"2";"13";"1";""
"202400049535";"155 694 519";"A01";"2";"7";"7";"0";"2";"1";"1";""
"202400049536";"155 694 518";"A01";"1";"7";"5";"0";"1";"14";"1";""
"202400049537";"155 694 522";"B01";"1";"7";"0";"2";"7";"1";"1";""
"202400049537";"155 694 527";"A01";"1";"33";"0";"2";"8";"3";"1";""
"202400049538";"155 694 514";"A01";"3";"31";"12";"0";"2";"1";"1";""
"202400049539";"155 694 512";"A01";"3";"7";"0";"2";"4";"13";"1";""
"202400049539";"155 694 517";"B01";"0";"7";"0";"2";"1";"1";"1";""
"202400049540";"155 694 513";"B01";"2";"50";"0";"2";"1";"3";"3";""
"202400049540";"155 694 516";"A01";"2";"7";"0";"2";"5";"3";"1";""
"202400049541";"155 694 515";"A01";"1";"33";"0";"0";"0";"1";"1";""
"202400049542";"155 694 509";"A01";"3";"7";"0";"1";"1";"15";"1";""
"202400049543";"155 694 508";"A01";"2";"7";"0";"2";"3";"17";"1";""
"202400049543";"155 694 511";"B01";"1";"7";"0";"2";"3";"1";"1";""
"202400049544";"155 694 506";"B01";"2";"7";"0";"2";"3";"11";"1";""
"202400049544";"155 694 510";"A01";"2";"31";"0";"2";"2";"3";"1";""
"202400049545";"155 694 503";"A01";"2";"10";"0";"9";"2";"1";"1";""
"202400049545";"155 694 505";"B01";"2";"1";"0";"0";"4";"1";"5";""
"202400049546";"155 694 502";"A01";"0";"2";"0";"0";"8";"2";"1";""
"202400049546";"155 694 504";"B01";"0";"7";"0";"2";"7";"17";"1";""
"202400049547";"155 694 507";"A01";"1";"7";"0";"1";"1";"1";"1";""
"202400049548";"155 694 500";"A01";"1";"33";"15";"0";"1";"1";"1";""
"202400049549";"155 694 498";"A01";"1";"7";"1";"0";"2";"13";"1";""
"202400049550";"155 694 499";"A01";"1";"33";"0";"0";"7";"1";"1";""
"202400049551";"155 694 497";"A01";"1";"43";"0";"2";"2";"16";"1";""
"202400049551";"155 694 501";"B01";"1";"31";"0";"2";"1";"1";"1";""
"202400049552";"155 694 495";"A01";"2";"7";"0";"2";"1";"0";"1";""
"202400049552";"155 694 496";"B01";"2";"7";"0";"2";"5";"2";"1";""
"202400049553";"155 694 490";"A01";"1";"10";"0";"1";"5";"4";"3";""
"202400049554";"155 694 492";"A01";"3";"1";"0";"1";"1";"1";"5";""
"202400049555";"155 694 487";"A01";"1";"7";"0";"2";"1";"13";"1";""
"202400049555";"155 694 494";"B01";"2";"7";"0";"2";"1";"1";"1";""
"202400049556";"155 694 488";"A01";"3";"7";"15";"0";"1";"0";"1";""
"202400049557";"155 694 486";"A01";"2";"7";"6";"0";"2";"14";"1";""
"202400049558";"155 694 485";"C01";"1";"7";"0";"0";"6";"1";"1";""
"202400049558";"155 694 489";"A01";"1";"7";"0";"2";"1";"2";"1";""
"202400049558";"155 694 493";"B01";"1";"7";"0";"2";"4";"2";"1";""
"202400049559";"155 694 484";"B01";"1";"10";"0";"2";"6";"2";"1";""
"202400049559";"155 694 491";"A01";"1";"31";"0";"2";"1";"26";"1";""
"202400049560";"155 694 481";"A01";"1";"7";"0";"1";"1";"1";"1";""
"202400049561";"155 694 479";"A01";"1";"7";"0";"2";"2";"1";"1";""
"202400049561";"155 694 482";"B01";"1";"50";"0";"0";"4";"1";"3";""
"202400049562";"155 694 480";"A01";"1";"43";"0";"2";"3";"2";"1";""
"202400049562";"155 694 483";"B01";"1";"7";"0";"2";"5";"2";"1";""
"202400049563";"155 694 475";"A01";"2";"1";"16";"0";"9";"14";"5";""
"202400049564";"155 694 476";"A01";"3";"50";"1";"0";"1";"0";"3";""
"202400049565";"155 694 477";"A01";"1";"7";"0";"1";"3";"16";"1";""
"202400049566";"155 694 474";"A01";"3";"2";"0";"0";"8";"1";"1";""
"202400049567";"155 694 473";"A01";"2";"7";"0";"2";"6";"1";"1";""
"202400049567";"155 694 478";"B01";"2";"2";"0";"2";"1";"1";"1";""
"202400049568";"155 694 472";"A01";"2";"7";"16";"0";"0";"0";"1";""
"202400049569";"155 694 468";"A01";"2";"7";"0";"0";"5";"23";"1";""
"202400049569";"155 694 471";"B01";"2";"2";"0";"2";"1";"2";"1";""
"202400049570";"155 694 470";"A01";"1";"7";"0";"9";"2";"1";"1";""
"202400049571";"155 694 465";"A01";"3";"7";"0";"1";"1";"20";"3";""
"202400049572";"155 694 464";"A01";"1";"10";"0";"2";"3";"9";"1";""
"202400049572";"155 694 469";"B01";"1";"33";"0";"2";"1";"1";"1";""
"202400049573";"155 694 461";"A01";"1";"99";"0";"2";"1";"19";"1";""
"202400049573";"155 694 467";"B01";"2";"7";"0";"2";"7";"1";"1";""
"202400049574";"155 694 463";"B01";"1";"32";"0";"2";"1";"21";"1";""
"202400049574";"155 694 466";"Z01";"1";"7";"0";"2";"6";"1";"1";""
"202400049575";"155 694 457";"A01";"2";"33";"0";"2";"2";"1";"1";""
"202400049575";"155 694 460";"B01";"1";"80";"0";"0";"7";"19";"3";""
"202400049576";"155 694 453";"A01";"1";"99";"0";"2";"0";"1";"1";""
"202400049576";"155 694 456";"B01";"1";"10";"0";"2";"6";"1";"1";""
"202400049576";"155 694 459";"C01";"1";"10";"0";"2";"1";"1";"1";""
"202400049577";"155 694 450";"A01";"0";"7";"0";"0";"3";"1";"1";""
"202400049578";"155 694 448";"A01";"0";"7";"0";"2";"0";"0";"0";""
"202400049578";"155 694 454";"B01";"2";"7";"0";"2";"1";"1";"1";""
"202400049579";"155 694 452";"A01";"2";"7";"0";"2";"8";"19";"0";""
"202400049579";"155 694 462";"B01";"2";"10";"0";"2";"1";"1";"1";""
"202400049580";"155 694 449";"A01";"1";"3";"0";"2";"1";"5";"3";""
"202400049580";"155 694 455";"B01";"2";"7";"0";"0";"1";"1";"1";""
"202400049581";"155 694 446";"B01";"3";"1";"0";"2";"8";"19";"5";""
"202400049581";"155 694 451";"A01";"2";"33";"0";"2";"1";"1";"1";""
"202400049582";"155 694 444";"A01";"0";"7";"0";"2";"3";"19";"1";""
"202400049582";"155 694 447";"B01";"0";"33";"0";"2";"1";"1";"1";""
"202400049583";"155 694 445";"A01";"2";"10";"0";"1";"0";"0";"1";""
"202400049584";"155 694 441";"A01";"2";"34";"0";"2";"1";"13";"1";""
"202400049584";"155 694 443";"B01";"1";"7";"0";"2";"2";"15";"1";""
"202400049585";"155 694 437";"A01";"1";"7";"0";"1";"4";"4";"1";""
"202400049586";"155 694 436";"A01";"1";"33";"0";"0";"8";"1";"1";""
"202400049587";"155 694 435";"A01";"0";"10";"0";"1";"2";"19";"1";""
"202400049588";"155 694 432";"A01";"2";"1";"0";"2";"1";"5";"5";""
"202400049588";"155 694 440";"B01";"2";"50";"0";"2";"1";"1";"3";""
"202400049589";"155 694 430";"A01";"2";"7";"6";"0";"1";"1";"1";""
"202400049590";"155 694 429";"A01";"1";"7";"13";"0";"8";"1";"1";""
"202400049591";"155 694 424";"A01";"1";"7";"0";"2";"1";"2";"1";""
"202400049591";"155 694 431";"B01";"2";"7";"0";"2";"4";"2";"1";""
"202400049591";"155 694 433";"C01";"2";"7";"0";"2";"3";"2";"1";""
"202400049592";"155 694 425";"A01";"2";"7";"4";"0";"1";"1";"1";""
"202400049593";"155 694 428";"A01";"1";"33";"0";"1";"0";"19";"0";""
"202400049594";"155 694 422";"A01";"2";"7";"0";"2";"7";"1";"1";""
"202400049594";"155 694 427";"B01";"1";"2";"0";"2";"1";"1";"1";""
"202400049595";"155 694 423";"A01";"2";"2";"0";"2";"1";"1";"1";""
"202400049595";"155 694 426";"B01";"2";"10";"0";"2";"8";"1";"1";""
"202400049596";"155 694 420";"A01";"1";"7";"6";"0";"8";"1";"1";""
"202400049597";"155 694 419";"A01";"3";"7";"0";"1";"3";"1";"1";""
"202400049598";"155 694 416";"A01";"2";"34";"0";"1";"1";"1";"1";""
"202400049599";"155 694 414";"B01";"1";"2";"0";"2";"1";"1";"1";""
"202400049599";"155 694 418";"A01";"1";"7";"0";"0";"3";"2";"2";""
"202400049600";"155 694 413";"A01";"3";"7";"2";"0";"2";"14";"1";""
"202400049601";"155 694 415";"A01";"1";"16";"2";"2";"2";"15";"1";""
"202400049601";"155 694 421";"B01";"2";"1";"2";"2";"8";"1";"5";""
"202400049602";"155 694 411";"A01";"1";"7";"0";"2";"1";"1";"1";""
"202400049602";"155 694 417";"B01";"1";"10";"0";"2";"4";"23";"1";""
"202400049603";"155 694 410";"A01";"2";"7";"0";"2";"2";"17";"1";""
"202400049603";"155 694 412";"B01";"2";"1";"0";"0";"4";"1";"5";""
"202400049604";"155 694 409";"A01";"3";"1";"0";"0";"0";"1";"5";""
"202400049605";"155 694 404";"B01";"2";"7";"0";"2";"1";"1";"1";""
"202400049605";"155 694 408";"A01";"1";"10";"0";"2";"1";"5";"1";""
"202400049606";"155 694 402";"A01";"2";"31";"0";"2";"1";"13";"1";""
"202400049606";"155 694 405";"B01";"1";"1";"0";"2";"8";"1";"5";""
"202400049607";"155 694 399";"A01";"1";"10";"0";"2";"7";"16";"1";""
"202400049607";"155 694 406";"B01";"1";"37";"0";"2";"3";"7";"1";"1"
"202400049608";"155 694 400";"A01";"3";"7";"0";"2";"3";"2";"2";""
"202400049608";"155 694 407";"B01";"3";"50";"0";"2";"7";"2";"3";""
"202400049609";"155 694 398";"B01";"1";"2";"0";"2";"7";"1";"1";""
"202400049609";"155 694 403";"A01";"1";"7";"0";"2";"3";"20";"1";""
"202400049610";"155 694 396";"A01";"2";"7";"0";"1";"2";"1";"1";""
"202400049611";"155 694 394";"A01";"1";"15";"0";"1";"8";"1";"1";""
"202400049612";"155 694 390";"A01";"2";"37";"0";"1";"2";"7";"1";"1"
"202400049613";"155 694 388";"A01";"1";"7";"17";"0";"1";"1";"1";""
"202400049614";"155 694 387";"D01";"2";"7";"0";"2";"4";"2";"1";""
"202400049614";"155 694 393";"A01";"2";"7";"0";"2";"1";"2";"1";""
"202400049614";"155 694 395";"B01";"2";"7";"0";"2";"4";"2";"1";""
"202400049614";"155 694 401";"C01";"2";"7";"0";"2";"4";"2";"1";""
"202400049615";"155 694 392";"A01";"1";"7";"0";"2";"0";"15";"1";""
"202400049615";"155 694 397";"B01";"2";"33";"0";"2";"1";"1";"1";""
"202400049616";"155 694 386";"A01";"1";"10";"13";"0";"1";"13";"1";""
"202400049617";"155 694 384";"A01";"1";"10";"0";"2";"1";"1";"1";""
"202400049617";"155 694 389";"B01";"2";"7";"0";"2";"8";"15";"1";""
"202400049618";"155 694 381";"A01";"2";"7";"3";"0";"0";"0";"1";""
"202400049619";"155 694 378";"A01";"3";"7";"13";"0";"3";"13";"2";""
"202400049620";"155 694 382";"A01";"2";"7";"2";"0";"1";"13";"1";""
"202400049621";"155 694 385";"B01";"1";"7";"0";"2";"2";"9";"1";""
"202400049621";"155 694 391";"A01";"1";"1";"0";"2";"5";"1";"5";""
"202400049622";"155 694 380";"A01";"0";"50";"0";"2";"1";"9";"3";""
"202400049622";"155 694 383";"B01";"3";"7";"0";"9";"1";"1";"1";""
"202400049623";"155 694 379";"A01";"3";"14";"0";"0";"8";"1";"1";""
"202400049624";"155 694 376";"A01";"1";"7";"0";"2";"1";"1";"1";""
"202400049624";"155 694 377";"B01";"2";"7";"0";"2";"1";"1";"1";""
"202400049625";"155 694 373";"B01";"1";"7";"0";"2";"4";"2";"1";""
"202400049625";"155 694 375";"A01";"1";"7";"0";"2";"1";"2";"1";""
"202400049626";"155 694 374";"A01";"2";"2";"0";"1";"1";"25";"1";""
"202400049627";"155 694 371";"A01";"2";"17";"3";"0";"0";"1";"1";""
"202400049628";"155 694 372";"A01";"1";"7";"4";"0";"2";"14";"1";""
"202400049629";"155 694 370";"A01";"1";"7";"4";"0";"3";"2";"1";""
"202400049630";"155 694 363";"A01";"2";"1";"0";"2";"4";"1";"5";""
"202400049630";"155 694 369";"B01";"3";"2";"0";"2";"1";"1";"3";""
"202400049631";"155 694 362";"A01";"2";"33";"0";"2";"1";"3";"1";""
"202400049631";"155 694 366";"B01";"2";"7";"0";"2";"3";"11";"1";""
"202400049632";"155 694 358";"A01";"3";"7";"8";"0";"1";"14";"1";""
"202400049633";"155 694 356";"A01";"2";"7";"0";"2";"2";"12";"1";""
"202400049633";"155 694 365";"B01";"2";"50";"0";"2";"8";"16";"3";""
"202400049634";"155 694 359";"A01";"2";"7";"0";"2";"2";"1";"1";""
"202400049634";"155 694 364";"B01";"2";"7";"0";"2";"6";"9";"1";""
"202400049635";"155 694 357";"B01";"1";"7";"0";"2";"3";"1";"1";""
"202400049635";"155 694 368";"A01";"2";"10";"0";"2";"3";"13";"1";""
"202400049636";"155 694 354";"A01";"1";"7";"0";"2";"2";"1";"1";""
"202400049636";"155 694 360";"B01";"2";"7";"0";"2";"2";"1";"1";""
"202400049637";"155 694 349";"A01";"2";"15";"0";"2";"1";"1";"1";""
"202400049637";"155 694 353";"B01";"2";"10";"0";"2";"4";"23";"1";""
"202400049637";"155 694 355";"C01";"2";"7";"0";"2";"4";"23";"1";""
"202400049637";"155 694 361";"D01";"2";"7";"0";"2";"4";"23";"1";""
"202400049637";"155 694 367";"E01";"2";"7";"0";"2";"4";"23";"1";""
"202400049638";"155 694 344";"A01";"1";"7";"0";"2";"7";"17";"1";""
"202400049638";"155 694 350";"B01";"1";"50";"0";"2";"8";"13";"3";""
"202400049639";"155 694 347";"B01";"1";"15";"6";"2";"1";"1";"1";""
"202400049639";"155 694 351";"A01";"2";"15";"9";"2";"1";"1";"1";""
"202400049640";"155 694 346";"B01";"2";"7";"0";"2";"2";"1";"2";""
"202400049640";"155 694 352";"A01";"2";"43";"0";"2";"3";"3";"1";""
"202400049641";"155 694 345";"A01";"1";"33";"0";"0";"0";"1";"1";""
"202400049642";"155 694 342";"A01";"2";"15";"0";"2";"5";"1";"1";""
"202400049642";"155 694 348";"B01";"2";"7";"0";"2";"1";"2";"1";""
"202400049643";"155 694 340";"A01";"1";"43";"0";"2";"1";"13";"1";""
"202400049643";"155 694 341";"B01";"2";"7";"0";"2";"1";"21";"1";""
"202400049644";"155 694 339";"A01";"1";"14";"0";"2";"3";"13";"1";""
"202400049644";"155 694 343";"B01";"2";"7";"0";"2";"3";"1";"1";""
"202400049645";"155 694 336";"A01";"2";"33";"0";"1";"1";"25";"1";""
"202400049646";"155 694 332";"B01";"2";"7";"0";"2";"8";"11";"1";""
"202400049646";"155 694 337";"A01";"2";"33";"0";"2";"7";"1";"1";""
"202400049647";"155 694 335";"A01";"0";"7";"13";"0";"0";"1";"1";""
"202400049648";"155 694 330";"A01";"2";"7";"0";"2";"3";"9";"0";""
"202400049648";"155 694 333";"B01";"1";"50";"0";"2";"1";"1";"3";""
"202400049649";"155 694 328";"A01";"1";"33";"0";"0";"8";"1";"1";""
"202400049650";"155 694 327";"B01";"1";"7";"0";"2";"2";"15";"1";""
"202400049650";"155 694 334";"A01";"1";"32";"0";"2";"1";"1";"1";""
"202400049651";"155 694 325";"A01";"1";"7";"0";"2";"4";"1";"1";""
"202400049651";"155 694 331";"B01";"1";"7";"0";"2";"1";"2";"1";""
"202400049651";"155 694 338";"C01";"1";"7";"0";"2";"1";"2";"1";""
"202400049652";"155 694 320";"A01";"2";"15";"0";"2";"2";"12";"1";""
"202400049652";"155 694 324";"B01";"2";"7";"0";"2";"8";"1";"2";""
"202400049653";"155 694 316";"A01";"2";"7";"0";"1";"1";"1";"1";""
"202400049654";"155 694 322";"A01";"3";"33";"0";"2";"3";"16";"1";""
"202400049654";"155 694 329";"B01";"3";"99";"0";"2";"6";"15";"1";""
"202400049655";"155 694 318";"A01";"3";"7";"1";"0";"3";"16";"0";""
"202400049656";"155 694 319";"A01";"2";"7";"0";"2";"1";"13";"1";""
"202400049656";"155 694 323";"B01";"1";"7";"0";"2";"1";"1";"1";""
"202400049656";"155 694 326";"C01";"1";"7";"0";"2";"6";"1";"1";""