"Num_Acc";"id_vehicule";"num_veh";"senc";"catv";"obs";"obsm";"choc";"manv";"motor";"occutc"
"202400049657";"155 694 317";"A01";"1";"2";"0";"0";"0";"1";"1";""
"202400049658";"155 694 315";"A01";"2";"33";"0";"2";"1";"0";"1";""
"202400049658";"155 694 321";"B01";"2";"10";"0";"0";"4";"1";"1";""
"202400049659";"155 694 313";"A01";"1";"7";"0";"2";"1";"2";"1";""
"202400049659";"155 694 314";"B01";"1";"7";"0";"2";"4";"2";"1";""
"202400049660";"155 694 304";"A01";"2";"7";"0";"2";"1";"26";"1";""
"202400049660";"155 694 310";"B01";"2";"33";"0";"2";"7";"1";"1";""
"202400049661";"155 694 306";"A01";"1";"33";"0";"2";"3";"1";"1";""
"202400049661";"155 694 312";"B01";"2";"7";"0";"2";"2";"15";"1";""
"202400049662";"155 694 303";"A01";"2";"7";"2";"0";"3";"13";"3";""
"202400049663";"155 694 302";"A01";"2";"7";"0";"2";"3";"24";"1";""
"202400049663";"155 694 308";"B01";"2";"10";"0";"2";"2";"1";"1";""
"202400049664";"155 694 301";"B01";"2";"7";"0";"2";"1";"1";"1";""
"202400049664";"155 694 307";"A01";"1";"33";"0";"2";"1";"17";"1";""
"202400049665";"155 694 299";"B01";"2";"7";"0";"2";"8";"1";"1";""
"202400049665";"155 694 311";"A01";"1";"7";"0";"2";"1";"13";"1";""
"202400049666";"155 694 300";"A01";"1";"17";"3";"0";"7";"1";"1";""
"202400049667";"155 694 305";"B01";"0";"1";"0";"0";"0";"1";"5";""
"202400049667";"155 694 309";"A01";"3";"7";"0";"2";"0";"15";"0";""
"202400049668";"155 694 297";"A01";"2";"7";"3";"0";"3";"2";"1";""
"202400049669";"155 694 296";"A01";"2";"7";"6";"0";"1";"1";"1";""
"202400049670";"155 694 290";"B01";"1";"7";"0";"2";"3";"11";"1";""
"202400049670";"155 694 294";"A01";"1";"33";"0";"2";"7";"17";"1";""
"202400049671";"155 694 292";"A01";"0";"7";"0";"0";"1";"1";"1";""
"202400049672";"155 694 291";"A01";"1";"7";"0";"2";"3";"1";"1";""
"202400049672";"155 694 295";"B01";"2";"7";"0";"2";"3";"1";"1";""
"202400049673";"155 694 289";"A01";"2";"7";"9";"1";"1";"21";"1";""
"202400049674";"155 694 288";"A01";"1";"33";"0";"2";"3";"7";"1";""
"202400049674";"155 694 293";"B01";"1";"7";"0";"2";"5";"16";"3";""
"202400049675";"155 694 282";"A01";"2";"7";"6";"2";"1";"0";"2";""
"202400049675";"155 694 285";"B01";"2";"7";"0";"2";"3";"26";"1";""
"202400049676";"155 694 279";"A01";"1";"33";"0";"2";"1";"1";"1";""
"202400049676";"155 694 284";"B01";"1";"7";"0";"2";"4";"1";"1";""
"202400049677";"155 694 283";"A01";"1";"10";"0";"2";"8";"15";"1";""
"202400049677";"155 694 286";"B01";"1";"33";"0";"2";"1";"3";"1";""
"202400049678";"155 694 281";"A01";"2";"7";"2";"0";"1";"13";"1";""
"202400049679";"155 694 277";"B01";"1";"2";"8";"2";"1";"17";"1";""
"202400049679";"155 694 280";"A01";"1";"7";"0";"2";"8";"15";"1";""
"202400049680";"155 694 276";"A01";"1";"7";"0";"2";"7";"1";"1";""
"202400049680";"155 694 278";"B01";"1";"99";"0";"2";"0";"26";"1";""
"202400049681";"155 694 275";"A01";"3";"7";"0";"1";"3";"9";"1";""
"202400049682";"155 694 271";"A01";"0";"7";"0";"2";"4";"24";"1";""
"202400049682";"155 694 274";"B01";"0";"7";"0";"0";"0";"0";"1";""
"202400049683";"155 694 269";"A01";"2";"7";"0";"1";"2";"1";"1";""
"202400049684";"155 694 262";"A01";"2";"1";"0";"2";"3";"0";"5";""
"202400049684";"155 694 266";"B01";"2";"7";"0";"9";"3";"17";"0";""
"202400049685";"155 694 264";"B01";"1";"33";"0";"2";"1";"1";"1";""
"202400049685";"155 694 272";"A01";"1";"7";"0";"2";"6";"15";"1";""
"202400049686";"155 694 263";"A01";"1";"7";"1";"1";"2";"1";"0";""
"202400049686";"155 694 270";"B01";"0";"7";"0";"2";"2";"24";"1";""
"202400049687";"155 694 260";"A01";"2";"10";"0";"2";"1";"2";"1";""
"202400049687";"155 694 265";"B01";"2";"34";"0";"2";"4";"12";"1";""
"202400049687";"155 694 268";"D01";"2";"10";"0";"2";"4";"2";"1";""
"202400049687";"155 694 273";"C01";"2";"7";"0";"2";"9";"2";"1";""
"202400049688";"155 694 254";"A01";"0";"7";"0";"2";"3";"16";"1";""
"202400049688";"155 694 259";"B01";"0";"7";"0";"2";"3";"15";"1";""
"202400049689";"155 694 257";"A01";"1";"7";"0";"2";"1";"19";"1";""
"202400049689";"155 694 267";"B01";"1";"7";"0";"2";"8";"1";"1";""
"202400049690";"155 694 255";"A01";"2";"7";"1";"0";"1";"1";"1";""
"202400049691";"155 694 248";"A01";"1";"33";"0";"2";"1";"3";"1";""
"202400049691";"155 694 252";"B01";"1";"7";"0";"2";"0";"0";"1";""
"202400049692";"155 694 250";"A01";"2";"7";"1";"0";"1";"14";"1";""
"202400049693";"155 694 253";"A01";"2";"7";"0";"2";"1";"15";"1";""
"202400049693";"155 694 258";"B01";"2";"7";"0";"2";"1";"0";"1";""
"202400049693";"155 694 261";"C01";"1";"7";"0";"2";"3";"0";"1";""
"202400049694";"155 694 251";"A01";"1";"7";"4";"0";"0";"1";"2";""
"202400049695";"155 694 249";"A01";"3";"7";"0";"2";"2";"1";"1";""
"202400049695";"155 694 256";"B01";"3";"50";"8";"2";"3";"25";"3";""
"202400049696";"155 694 246";"A01";"1";"7";"0";"2";"2";"1";"0";""
"202400049696";"155 694 247";"B01";"1";"7";"0";"2";"6";"1";"1";""
"202400049697";"155 694 244";"A01";"3";"7";"2";"0";"3";"13";"1";""
"202400049698";"155 694 241";"A01";"2";"50";"0";"0";"0";"26";"3";""
"202400049699";"155 694 237";"B01";"0";"33";"0";"2";"3";"21";"1";""
"202400049699";"155 694 242";"A01";"0";"7";"0";"2";"2";"16";"1";""
"202400049700";"155 694 239";"A01";"2";"33";"0";"0";"0";"0";"1";""
"202400049701";"155 694 235";"B01";"1";"2";"0";"2";"0";"0";" -1";""
"202400049701";"155 694 240";"A01";"2";"7";"0";"0";"3";"15";"1";""
"202400049702";"155 694 234";"A01";"2";"7";"0";"0";"2";"11";"1";""
"202400049702";"155 694 245";"B01";"1";"33";"0";"2";"1";"1";"1";""
"202400049703";"155 694 232";"A01";"2";"33";"13";"0";"2";"1";"1";""
"202400049704";"155 694 229";"B01";"2";"7";"15";"2";"3";"1";"1";""
"202400049704";"155 694 236";"A01";"2";"7";"0";"2";"2";"9";"1";""
"202400049705";"155 694 225";"A01";"2";"7";"0";"9";"2";"2";"1";""
"202400049705";"155 694 228";"B01";"2";"1";"0";"2";"4";"2";"5";""
"202400049706";"155 694 227";"A01";"0";"7";"0";"1";"1";"20";"1";""
"202400049707";"155 694 223";"D01";"1";"7";"0";"2";"4";"1";"1";""
"202400049707";"155 694 224";"E01";"1";"7";"0";"2";"1";"1";"1";""
"202400049707";"155 694 230";"A01";"1";"7";"0";"2";"2";"1";"1";""
"202400049707";"155 694 233";"B01";"1";"7";"0";"2";"8";"1";"1";""
"202400049707";"155 694 238";"F01";"1";"7";"0";"2";"1";"1";"1";""
"202400049707";"155 694 243";"C01";"1";"7";"0";"2";"2";"1";"1";""
"202400049708";"155 694 222";"A01";"3";"33";"13";"0";"7";"1";"1";""
"202400049709";"155 694 214";"A01";"1";"7";"9";"0";"1";"1";"1";""
"202400049710";"155 694 212";"B01";"1";"7";"0";"2";"7";"1";"1";""
"202400049710";"155 694 221";"A01";"1";"7";"0";"2";"1";"16";"1";""
"202400049711";"155 694 213";"A01";"2";"7";"9";"2";"1";"1";"1";""
"202400049711";"155 694 219";"B01";"1";"7";"9";"2";"8";"1";"1";""
"202400049712";"155 694 211";"A01";"2";"7";"14";"0";"1";"1";"1";""
"202400049713";"155 694 217";"B01";"2";"30";"0";"2";"1";"17";"1";""
"202400049713";"155 694 220";"A01";"2";"7";"0";"0";"6";"15";"1";""
"202400049714";"155 694 210";"A01";"2";"33";"0";"2";"9";"2";"1";""
"202400049714";"155 694 216";"B01";"2";"15";"0";"0";"3";"9";"1";""
"202400049715";"155 694 208";"A01";"2";"7";"0";"2";"4";"2";"1";""
"202400049715";"155 694 215";"B01";"2";"7";"0";"2";"4";"2";"1";""
"202400049715";"155 694 218";"C01";"2";"7";"0";"2";"1";"2";"1";""
"202400049716";"155 694 204";"B01";"2";"7";"0";"2";"5";"12";"1";""
"202400049716";"155 694 207";"A01";"2";"32";"0";"2";"1";"1";"1";""
"202400049717";"155 694 206";"A01";"2";"7";"2";"0";"1";"1";"1";""
"202400049718";"155 694 202";"A01";"3";"33";"14";"0";"1";"1";"1";""
"202400049719";"155 694 201";"A01";"0";"7";"0";"2";"1";"2";"1";""
"202400049719";"155 694 209";"B01";"0";"7";"0";"9";"4";"2";"1";""
"202400049720";"155 694 199";"A01";"1";"7";"0";"2";"8";"15";"2";""
"202400049720";"155 694 205";"B01";"1";"2";"0";"2";"7";"17";"1";""
"202400049721";"155 694 197";"A01";"2";"7";"7";"2";"1";"2";"1";""
"202400049721";"155 694 203";"B01";"2";"7";"1";"2";"8";"2";"1";""
"202400049722";"155 694 196";"A01";"2";"7";"0";"2";"8";"11";"1";""
"202400049722";"155 694 200";"B01";"2";"32";"0";"2";"7";"1";"1";""
"202400049723";"155 694 192";"A01";"2";"33";"0";"2";"3";"2";"1";""
"202400049723";"155 694 195";"B01";"2";"7";"0";"2";"5";"23";"1";""
"202400049724";"155 694 191";"A01";"1";"7";"0";"2";"8";"15";"1";""
"202400049724";"155 694 198";"B01";"1";"33";"0";"2";"1";"1";"1";""
"202400049725";"155 694 189";"A01";"2";"7";"0";"2";"8";"1";"1";""
"202400049725";"155 694 194";"B01";"1";"7";"0";"2";"8";"1";"1";""
"202400049726";"155 694 186";"A01";"2";"7";"14";"0";"1";"14";"1";""
"202400049727";"155 694 187";"A01";"3";"7";"0";"2";"2";"14";"1";""
"202400049727";"155 694 193";"B01";"3";"10";"0";"2";"6";"1";"1";""
"202400049728";"155 694 185";"A01";"3";"7";"0";"2";"3";"26";"1";""
"202400049728";"155 694 188";"B01";"3";"7";"0";"2";"3";"23";"1";""
"202400049729";"155 694 184";"A01";"2";"50";"0";"2";"1";"17";"3";""
"202400049729";"155 694 190";"B01";"0";"7";"0";"2";"1";"15";"1";""
"202400049730";"155 694 182";"A01";"1";"2";"0";"0";"0";"1";"1";""
"202400049731";"155 694 180";"A01";"2";"7";"0";"2";"1";"26";"1";""
"202400049731";"155 694 183";"B01";"2";"7";"0";"2";"5";"2";"1";""
"202400049732";"155 694 178";"A01";"2";"7";"0";"2";"1";"2";"1";""
"202400049732";"155 694 181";"B01";"2";"7";"0";"2";"4";"1";"1";""
"202400049733";"155 694 177";"A01";"1";"7";"1";"0";"1";"0";"1";""
"202400049734";"155 694 174";"A01";"1";"7";"13";"0";"0";"14";"1";""
"202400049735";"155 694 170";"A01";"2";"7";"0";"2";"2";"1";"0";""
"202400049735";"155 694 179";"B01";"0";"1";"0";"2";"6";"16";"5";""
"202400049736";"155 694 171";"A01";"1";"7";"0";"2";"1";"5";"1";""
"202400049736";"155 694 176";"B01";"2";"7";"13";"2";"1";"1";"1";""
"202400049737";"155 694 167";"C01";"1";"10";"0";"2";"7";"1";"1";""
"202400049737";"155 694 172";"A01";"1";"33";"0";"2";"2";"17";"1";""
"202400049737";"155 694 175";"B01";"1";"10";"0";"2";"6";"2";"1";""
"202400049738";"155 694 161";"B01";"2";"7";"0";"2";"4";"2";"1";""
"202400049738";"155 694 166";"A01";"2";"13";"0";"2";"1";"2";"1";""
"202400049738";"155 694 169";"C01";"2";"7";"0";"2";"4";"2";"1";""
"202400049739";"155 694 164";"A01";"1";"7";"13";"0";"2";"14";"1";""
"202400049740";"155 694 159";"A01";"1";"15";"0";"2";"3";"2";"1";""
"202400049740";"155 694 165";"B01";"1";"7";"0";"0";"4";"2";"1";""
"202400049740";"155 694 168";"C01";"1";"7";"0";"2";"1";"17";"2";""
"202400049741";"155 694 158";"A01";"2";"33";"0";"2";"1";"26";"1";""
"202400049741";"155 694 160";"B01";"1";"10";"0";"2";"2";"15";"1";""
"202400049742";"155 694 157";"B01";"2";"7";"0";"2";"2";"1";"1";""
"202400049742";"155 694 163";"A01";"1";"7";"0";"2";"2";"5";"1";""
"202400049743";"155 694 153";"A01";"1";"7";"0";"1";"2";"1";"0";""
"202400049744";"155 694 151";"A01";"2";"7";"0";"2";"2";"5";"2";""
"202400049744";"155 694 156";"B01";"1";"7";"0";"2";"2";"1";"1";""
"202400049745";"155 694 147";"A01";"1";"7";"0";"2";"1";"1";"1";""
"202400049745";"155 694 152";"B01";"1";"7";"0";"2";"6";"2";"1";""
"202400049745";"155 694 155";"D01";"1";"7";"0";"2";"0";"1";"1";""
"202400049745";"155 694 162";"C01";"1";"7";"0";"2";"8";"1";"1";""
"202400049746";"155 694 141";"A01";"1";"7";"0";"2";"1";"2";"1";""
"202400049746";"155 694 148";"B01";"1";"7";"0";"2";"4";"1";"2";""
"202400049746";"155 694 154";"C01";"1";"7";"0";"2";"3";"1";"2";""
"202400049747";"155 694 145";"A01";"0";"7";"0";"2";"6";"15";"1";""
"202400049747";"155 694 150";"B01";"0";"33";"0";"2";"1";"1";"1";""
"202400049748";"155 694 143";"A01";"2";"7";"0";"2";"3";"5";"1";""
"202400049748";"155 694 149";"B01";"1";"1";"0";"2";"4";"1";"5";""
"202400049749";"155 694 144";"A01";"2";"7";"0";"1";"2";"1";"1";""
"202400049750";"155 694 139";"B01";"2";"10";"0";"2";"4";"1";"1";""
"202400049750";"155 694 142";"A01";"2";"7";"0";"2";"1";"1";"1";""
"202400049751";"155 694 140";"A01";"1";"32";"0";"2";"1";"17";"1";""
"202400049751";"155 694 146";"B01";"1";"7";"0";"2";"6";"15";"1";""
"202400049752";"155 694 136";"A01";"1";"7";"10";"0";"4";"4";"1";""
"202400049753";"155 694 133";"B01";"3";"50";"0";"2";"3";"16";"3";""
"202400049754";"155 694 132";"B01";"1";"33";"0";"2";"8";"1";"1";""
"202400049754";"155 694 138";"A01";"1";"7";"0";"2";"7";"12";"1";""
"202400049755";"155 694 131";"A01";"1";"7";"0";"2";"8";"13";"1";""
"202400049755";"155 694 135";"B01";"1";"2";"0";"2";"7";"17";"1";""
"202400049756";"155 694 130";"A01";"2";"7";"0";"2";"1";"19";"1";""
"202400049756";"155 694 137";"B01";"1";"7";"0";"2";"7";"26";"1";""
"202400049757";"155 694 128";"A01";"2";"7";"3";"0";"0";"0";"1";""
"202400049758";"155 694 126";"A01";"2";"7";"0";"2";"1";"13";"1";""
"202400049758";"155 694 134";"B01";"1";"7";"0";"2";"1";"1";"1";""
"202400049759";"155 694 124";"B01";"2";"33";"0";"2";"2";"3";"1";""
"202400049759";"155 694 127";"A01";"2";"7";"0";"2";"8";"11";"3";""
"202400049760";"155 694 125";"B01";"2";"7";"0";"2";"6";"11";"1";""
"202400049760";"155 694 129";"A01";"2";"33";"0";"2";"1";"17";"1";""
"202400049761";"155 694 121";"A01";"3";"7";"0";"1";"1";"1";"2";""
"202400049762";"155 694 119";"B01";"1";"7";"0";"2";"3";"15";"1";""
"202400049762";"155 694 123";"A01";"1";"33";"0";"2";"1";"17";"1";""
"202400049763";"155 694 114";"A01";"1";"7";"0";"1";"1";"1";"1";""
"202400049764";"155 694 115";"A01";"2";"7";"0";"2";"3";"13";"1";""
"202400049764";"155 694 120";"B01";"1";"7";"0";"2";"1";"1";"1";""
"202400049765";"155 694 116";"A01";"1";"7";"13";"0";"1";"0";"1";""
"202400049766";"155 694 118";"A01";"2";"7";"0";"2";"4";"23";"1";""
"202400049766";"155 694 122";"B01";"2";"7";"0";"2";"1";"1";"2";""
"202400049767";"155 694 113";"A01";"2";"7";"0";"2";"2";"2";"1";""
"202400049767";"155 694 117";"B01";"2";"7";"0";"2";"8";"2";"1";""
"202400049768";"155 694 110";"A01";"1";"33";"0";"0";"8";"16";"1";""
"202400049769";"155 694 108";"A01";"1";"33";"0";"0";"0";"17";"1";""
"202400049770";"155 694 107";"A01";"1";"7";"8";"0";"2";"1";"1";""
"202400049771";"155 694 106";"A01";"2";"30";"0";"0";"1";"1";"1";""
"202400049772";"155 694 103";"A01";"1";"7";"0";"2";"2";"1";"1";""
"202400049772";"155 694 109";"B01";"2";"7";"0";"2";"2";"1";"1";""
"202400049773";"155 694 102";"A01";"1";"7";"2";"0";"3";"1";"1";""
"202400049774";"155 694 097";"A01";"2";"7";"0";"2";"1";"2";"1";""
"202400049774";"155 694 104";"B01";"2";"7";"0";"2";"4";"2";"1";""
"202400049775";"155 694 096";"B01";"2";"7";"0";"2";"6";"17";"1";""
"202400049775";"155 694 099";"A01";"1";"7";"0";"2";"3";"5";"1";""
"202400049776";"155 694 098";"B01";"2";"7";"0";"0";"1";"1";"1";""
"202400049776";"155 694 105";"A01";"1";"7";"15";"2";"4";"9";"1";""
"202400049777";"155 694 095";"B01";"1";"50";"0";"2";"8";"1";"3";""
"202400049777";"155 694 101";"A01";"1";"7";"0";"2";"1";"15";"1";""
"202400049778";"155 694 093";"A01";"3";"2";"13";"0";"1";"0";"1";""
"202400049779";"155 694 092";"A01";"2";"7";"0";"9";"7";"21";"1";""
"202400049779";"155 694 094";"B01";"2";"1";"0";"2";"8";"2";"5";""
"202400049779";"155 694 100";"C01";"2";"7";"0";"0";"0";"17";"3";""
"202400049780";"155 694 091";"A01";"2";"7";"13";"0";"9";"1";"1";""
"202400049781";"155 694 088";"A01";"2";"21";"15";"0";"1";"1";"1";""
"202400049782";"155 694 087";"A01";"1";"7";"3";"2";"3";"11";"1";""
"202400049782";"155 694 090";"B01";"1";"34";"3";"2";"1";"17";"1";""
"202400049783";"155 694 084";"A01";"3";"50";"0";"1";"1";"25";"3";""
"202400049784";"155 694 082";"C01";"1";"7";"0";"2";"6";"1";"1";""
"202400049784";"155 694 085";"Z01";"1";"7";"0";"2";"1";"0";"0";""
"202400049784";"155 694 089";"B01";"1";"32";"0";"2";"3";"3";"1";""
"202400049785";"155 694 077";"A01";"3";"7";"0";"2";"1";"1";"1";""
"202400049785";"155 694 086";"B01";"3";"7";"0";"2";"3";"1";"1";""
"202400049786";"155 694 078";"A01";"1";"33";"0";"2";"1";"17";"1";""
"202400049786";"155 694 080";"B01";"1";"7";"0";"2";"3";"15";"0";""
"202400049787";"155 694 076";"A01";"1";"7";"8";"0";"1";"26";"1";""
"202400049788";"155 694 079";"A01";"2";"7";"0";"2";"1";"2";"1";""
"202400049788";"155 694 083";"B01";"2";"7";"0";"0";"6";"2";"1";""
"202400049789";"155 694 075";"B01";"0";"7";"0";"2";"1";"1";"1";""
"202400049789";"155 694 081";"A01";"3";"7";"0";"2";"8";"19";"1";""
"202400049790";"155 694 074";"A01";"1";"10";"4";"0";"3";"11";"1";""
"202400049791";"155 694 069";"B01";"2";"7";"0";"2";"8";"1";"1";""
"202400049791";"155 694 072";"A01";"1";"99";"0";"2";"8";"13";"6";""
"202400049792";"155 694 070";"B01";"0";"1";"0";"0";"8";"26";"5";""
"202400049792";"155 694 073";"A01";"0";"7";"0";"0";"1";"26";"1";""
"202400049793";"155 694 062";"B01";"2";"33";"0";"2";"7";"1";"1";""
"202400049793";"155 694 066";"AB01";"2";"10";"0";"2";"8";"11";"1";""
"202400049794";"155 694 063";"B01";"2";"1";"0";"2";"3";"15";"5";""
"202400049794";"155 694 071";"A01";"1";"7";"0";"9";"3";"15";"2";""
"202400049795";"155 694 061";"A01";"1";"7";"0";"2";"2";"2";"1";""
"202400049795";"155 694 068";"B01";"1";"1";"0";"2";"8";"1";"5";""
"202400049796";"155 694 060";"B01";"1";"3";"0";"2";"7";"0";"1";""
"202400049796";"155 694 067";"A01";"1";"7";"0";"2";"1";"1";"1";""
"202400049797";"155 694 059";"A01";"1";"7";"0";"2";"1";"1";"1";""
"202400049797";"155 694 064";"B01";"1";"60";"0";"2";"7";"19";"5";""
"202400049798";"155 694 055";"A01";"2";"43";"0";"0";"3";"3";"1";""
"202400049799";"155 694 048";"B01";"2";"33";"0";"2";"7";"17";"1";""
"202400049799";"155 694 052";"A01";"2";"7";"0";"2";"6";"13";"1";""
"202400049800";"155 694 054";"B01";"0";"31";"0";"2";"1";"1";"1";""
"202400049800";"155 694 058";"A01";"1";"7";"0";"2";"3";"15";"1";""
"202400049801";"155 694 045";"A01";"2";"7";"0";"0";"3";"14";"1";""
"202400049802";"155 694 047";"A01";"1";"80";"0";"2";"8";"19";"3";""
"202400049802";"155 694 050";"Z01";"2";"2";"0";"2";"1";"1";"1";""
"202400049803";"155 694 043";"A01";"1";"7";"0";"2";"2";"2";"1";""
"202400049803";"155 694 056";"B01";"1";"30";"3";"2";"4";"2";"1";""
"202400049804";"155 694 044";"B01";"1";"7";"0";"2";"3";"1";"1";""
"202400049804";"155 694 049";"A01";"2";"7";"0";"2";"3";"17";"1";""
"202400049805";"155 694 051";"A01";"3";"33";"8";"0";"8";"1";"1";""
"202400049805";"155 694 057";"B01";"3";"7";"0";"2";"3";"15";"1";""
"202400049806";"155 694 042";"A01";"2";"7";"0";"2";"4";"0";"1";""
"202400049806";"155 694 046";"B01";"2";"7";"0";"2";"1";"0";"1";""
"202400049806";"155 694 053";"C01";"2";"7";"0";"2";"1";"0";"1";""
"202400049807";"155 694 036";"A01";"1";"33";"6";"0";"7";"1";"1";""
"202400049808";"155 694 035";"A01";"3";"7";"8";"2";"9";"17";"1";""
"202400049808";"155 694 040";"B01";"2";"7";"0";"2";"3";"2";"1";""
"202400049809";"155 694 031";"A01";"3";"32";"0";"2";"8";"20";"1";""
"202400049809";"155 694 039";"B01";"3";"10";"0";"2";"5";"20";"3";""
"202400049810";"155 694 032";"A01";"2";"33";"0";"2";"1";"3";"1";""
"202400049810";"155 694 038";"B01";"2";"7";"0";"2";"6";"11";"1";""
"202400049811";"155 694 028";"A01";"1";"7";"0";"2";"1";"2";"1";""
"202400049811";"155 694 033";"B01";"1";"7";"0";"2";"4";"2";"1";""
"202400049812";"155 694 027";"B01";"1";"7";"0";"2";"3";"1";"1";""
"202400049812";"155 694 034";"A01";"2";"7";"0";"2";"3";"1";"1";""
"202400049813";"155 694 026";"B01";"1";"33";"0";"2";"1";"1";"1";""
"202400049813";"155 694 030";"A01";"1";"7";"0";"2";"3";"15";"1";""
"202400049814";"155 694 025";"D01";"1";"7";"0";"2";"4";"0";"2";""
"202400049814";"155 694 029";"B01";"1";"7";"1";"2";"6";"9";"1";""
"202400049814";"155 694 037";"A01";"2";"7";"0";"2";"6";"26";"1";""
"202400049814";"155 694 041";"C01";"1";"7";"1";"0";"4";"0";"2";""
"202400049815";"155 694 019";"A01";"1";"7";"0";"2";"4";"2";"2";""
"202400049815";"155 694 023";"B01";"1";"7";"0";"2";"1";"2";"1";""
"202400049816";"155 694 015";"A01";"2";"7";"8";"0";"4";"4";"2";""
"202400049817";"155 694 012";"A01";"1";"7";"0";"0";"2";"13";"2";""
"202400049817";"155 694 024";"B01";"2";"7";"0";"0";"3";"1";"1";""
"202400049818";"155 694 016";"A01";"1";"7";"0";"2";"1";"2";"1";""
"202400049818";"155 694 022";"B01";"1";"7";"0";"2";"4";"15";"1";""
"202400049819";"155 694 010";"B01";"2";"7";"0";"2";"3";"1";"1";""
"202400049819";"155 694 014";"A01";"1";"7";"12";"2";"3";"13";"1";""
"202400049819";"155 694 021";"C01";"1";"37";"0";"2";"0";"0";"1";"1"
"202400049820";"155 694 008";"A01";"1";"7";"0";"2";"1";"2";"1";""
"202400049820";"155 694 018";"B01";"3";"2";"0";"2";"8";"1";"1";""
"202400049821";"155 694 005";"A01";"1";"10";"0";"2";"1";"14";"1";""
"202400049821";"155 694 009";"B01";"1";"38";"0";"2";"6";"1";"1";"1"
"202400049822";"155 694 004";"A01";"2";"7";"0";"2";"5";"23";"1";""
"202400049822";"155 694 006";"C01";"2";"7";"0";"2";"6";"1";"1";""
"202400049822";"155 694 011";"D01";"2";"7";"0";"2";"1";"1";"1";""
"202400049822";"155 694 017";"B01";"2";"7";"1";"0";"3";"1";"1";""
"202400049822";"155 694 020";"E01";"2";"7";"0";"2";"1";"1";"1";""
"202400049823";"155 694 001";"A01";"3";"10";"0";"1";"1";"1";"1";""
"202400049824";"155 694 007";"A01";"1";"7";"0";"2";"1";"1";"1";""
"202400049824";"155 694 013";"B01";"1";"7";"0";"0";"4";"15";"1";""
"202400049825";"155 694 000";"A01";"1";"7";"0";"2";"2";"15";"1";""
"202400049825";"155 694 002";"B01";"2";"33";"0";"2";"1";"1";"1";""
"202400049826";"155 693 996";"A01";"2";"7";"0";"2";"1";"9";"1";""
"202400049826";"155 694 003";"B01";"3";"80";"0";"2";"7";"1";"3";""
"202400049827";"155 693 997";"A01";"2";"7";"0";"2";"3";"1";"1";""
"202400049827";"155 693 999";"B01";"1";"14";"0";"2";"3";"1";"1";""
"202400049828";"155 693 992";"A01";"2";"7";"0";"0";"3";"19";"1";""
"202400049828";"155 693 998";"B01";"1";"10";"0";"2";"1";"1";"1";""
"202400049829";"155 693 990";"A01";"2";"7";"0";"2";"1";"2";"1";""
"202400049829";"155 693 995";"B01";"2";"7";"0";"2";"4";"1";"1";""
"202400049830";"155 693 991";"A01";"3";"7";"2";"0";"9";"2";"1";""
"202400049831";"155 693 989";"A01";"1";"7";"0";"2";"3";"13";"1";""
"202400049831";"155 693 993";"B01";"1";"7";"0";"2";"2";"1";"1";""
"202400049832";"155 693 988";"A01";"2";"7";"0";"0";"1";"0";"1";""
"202400049833";"155 693 987";"B01";"2";"7";"0";"2";"1";"1";"1";""
"202400049833";"155 693 994";"A01";"2";"3";"0";"2";"7";"16";"1";""
"202400049834";"155 693 985";"A01";"1";"7";"0";"0";"9";"1";"1";""
"202400049835";"155 693 980";"A01";"3";"7";"13";"0";"3";"1";"1";""
"202400049836";"155 693 977";"A01";"1";"7";"0";"2";"1";"2";"1";""
"202400049836";"155 693 982";"B01";"1";"7";"0";"2";"4";"1";"1";""
"202400049837";"155 693 978";"B01";"1";"7";"0";"2";"4";"1";"1";""
"202400049837";"155 693 984";"C01";"1";"7";"0";"2";"4";"1";"1";""
"202400049837";"155 693 986";"A01";"1";"7";"0";"2";"1";"1";"2";""
"202400049838";"155 693 979";"A01";"3";"36";"16";"0";"9";"1";"1";""
"202400049839";"155 693 974";"B01";"2";"41";"0";"2";"1";"11";"1";""
"202400049839";"155 693 981";"Z01";"1";"10";"0";"2";"3";"10";"0";""
"202400049840";"155 693 976";"A01";"1";"7";"0";"2";"1";"13";"1";""
"202400049840";"155 693 983";"B01";"2";"33";"0";"2";"1";"1";"1";""
"202400049841";"155 693 973";"B01";"2";"2";"0";"2";"1";"18";"3";""
"202400049841";"155 693 975";"A01";"2";"10";"0";"2";"7";"22";"1";""
"202400049842";"155 693 969";"A01";"1";"21";"0";"0";"0";"13";"1";""
"202400049843";"155 693 968";"B01";"2";"7";"0";"9";"3";"15";"1";""
"202400049843";"155 693 972";"A01";"1";"60";"0";"2";"1";"1";"5";""
"202400049844";"155 693 967";"A01";"1";"7";"1";"0";"3";"1";"1";""
"202400049845";"155 693 966";"A01";"2";"7";"0";"2";"4";"1";"2";""
"202400049845";"155 693 971";"B01";"2";"7";"0";"2";"1";"1";"2";""
"202400049846";"155 693 965";"A01";"3";"7";"8";"0";"1";"13";"1";""
"202400049847";"155 693 960";"B01";"1";"14";"0";"2";"6";"1";"1";""
"202400049847";"155 693 963";"A01";"1";"32";"11";"2";"1";"17";"1";""
"202400049848";"155 693 961";"B01";"2";"1";"0";"2";"5";"19";"5";""