"Num_Acc";"id_vehicule";"num_veh";"senc";"catv";"obs";"obsm";"choc";"manv";"motor";"occutc"
"202400050450";"155 692 885";"A01";"2";"10";"0";"1";"1";"16";"1";""
"202400050451";"155 692 881";"A01";"1";"7";"0";"2";"2";"2";"1";""
"202400050451";"155 692 883";"B01";"1";"7";"0";"2";"4";"2";"1";""
"202400050452";"155 692 880";"A01";"1";"7";"0";"0";"0";"0";"1";""
"202400050453";"155 692 884";"A01";"2";"7";"0";"0";"8";"13";"1";""
"202400050454";"155 692 876";"B01";"3";"7";"0";"2";"2";"15";"1";""
"202400050454";"155 692 879";"C01";"3";"33";"0";"2";"1";"1";"0";""
"202400050454";"155 692 882";"A01";"3";"7";"6";"2";"2";"1";"1";""
"202400050455";"155 692 874";"A01";"1";"7";"0";"2";"3";"13";"1";""
"202400050455";"155 692 878";"B01";"2";"7";"0";"2";"3";"1";"1";""
"202400050456";"155 692 873";"B01";"2";"99";"0";"0";"3";"19";"1";""
"202400050456";"155 692 875";"A01";"2";"2";"0";"0";"1";"1";"1";""
"202400050457";"155 692 872";"B01";"1";"2";"0";"2";"1";"1";"1";""
"202400050457";"155 692 877";"A01";"1";"7";"0";"2";"7";"1";"1";""
"202400050458";"155 692 869";"A01";"1";"7";"0";"0";"2";"17";"1";""
"202400050459";"155 692 868";"A01";"1";"17";"3";"2";"1";"13";"1";""
"202400050459";"155 692 870";"B01";"2";"7";"3";"0";"1";"1";"1";""
"202400050460";"155 692 866";"B01";"2";"7";"0";"2";"1";"1";"1";""
"202400050460";"155 692 871";"A01";"1";"7";"0";"2";"1";"14";"1";""
"202400050461";"155 692 865";"A01";"2";"50";"0";"2";"7";"1";"3";""
"202400050461";"155 692 867";"B01";"2";"7";"0";"2";"2";"1";"1";""
"202400050462";"155 692 862";"A01";"1";"7";"0";"2";"8";"9";"1";""
"202400050462";"155 692 864";"B01";"1";"14";"0";"2";"1";"2";"1";""
"202400050463";"155 692 860";"A01";"1";"7";"3";"2";"0";"1";"1";""
"202400050463";"155 692 863";"B01";"1";"7";"3";"2";"0";"1";"2";""
"202400050464";"155 692 859";"B01";"1";"10";"0";"2";"3";"1";"1";""
"202400050464";"155 692 861";"A01";"2";"7";"0";"2";"3";"13";"1";""
"202400050465";"155 692 857";"A01";"3";"33";"4";"2";"1";"1";"1";""
"202400050465";"155 692 858";"B01";"3";"7";"0";"2";"1";"1";"1";""
"202400050466";"155 692 855";"A01";"0";"7";"0";"9";"3";"9";"3";""
"202400050466";"155 692 856";"B01";"0";"1";"0";"2";"7";"1";"5";""
"202400050467";"155 692 853";"A01";"1";"1";"0";"0";"0";"1";"5";""
"202400050468";"155 692 852";"A01";"2";"15";"0";"2";"1";"1";"1";""
"202400050468";"155 692 854";"B01";"1";"7";"0";"2";"1";"13";"1";""
"202400050469";"155 692 850";"B01";"1";"7";"0";"2";"2";"1";"1";""
"202400050469";"155 692 851";"A01";"1";"35";"0";"2";"3";"0";"1";""
"202400050470";"155 692 848";"A01";"2";"7";"0";"2";"1";"2";"1";""
"202400050470";"155 692 849";"B01";"2";"33";"0";"2";"4";"23";"1";""
"202400050471";"155 692 846";"A01";"3";"7";"13";"0";"3";"14";"1";""
"202400050472";"155 692 844";"A01";"2";"7";"3";"2";"1";"2";"1";""
"202400050472";"155 692 847";"B01";"2";"7";"3";"0";"4";"2";"1";""
"202400050473";"155 692 843";"A01";"2";"7";"0";"1";"2";"1";"2";""
"202400050474";"155 692 842";"A01";"1";"7";"13";"0";"9";"14";"1";""
"202400050475";"155 692 840";"A01";"2";"7";"8";"0";"7";"1";"1";""
"202400050476";"155 692 838";"B01";"3";"7";"0";"2";"8";"15";"1";""
"202400050476";"155 692 841";"A01";"1";"7";"0";"2";"1";"1";"1";""
"202400050477";"155 692 837";"A01";"2";"7";"13";"0";"2";"1";"1";""
"202400050478";"155 692 836";"A01";"2";"7";"0";"2";"5";"9";"1";""
"202400050478";"155 692 839";"B01";"2";"80";"0";"2";"1";"1";"3";""
"202400050479";"155 692 833";"A01";"2";"21";"0";"2";"2";"15";"1";""
"202400050479";"155 692 834";"B01";"2";"30";"0";"2";"1";"1";"1";""
"202400050480";"155 692 832";"A01";"3";"7";"0";"1";"4";"4";"1";""
"202400050481";"155 692 835";"A01";"1";"33";"13";"0";"0";"16";"1";""
"202400050482";"155 692 828";"A01";"1";"7";"8";"2";"1";"1";"1";""
"202400050482";"155 692 830";"B01";"1";"7";"0";"0";"7";"0";"1";""
"202400050483";"155 692 829";"A01";"1";"10";"0";"2";"2";"19";"1";""
"202400050483";"155 692 831";"B01";"2";"7";"0";"2";"1";"1";"1";""
"202400050484";"155 692 826";"A01";"0";"7";"0";"1";"1";"1";"1";""
"202400050485";"155 692 827";"A01";"2";"7";"13";"0";"1";"1";"1";""
"202400050486";"155 692 825";"A01";"2";"7";"12";"0";"1";"1";"1";""
"202400050487";"155 692 824";"A01";"0";"7";"8";"0";"2";"15";"1";""
"202400050488";"155 692 820";"A01";"1";"7";"1";"0";"1";"26";"1";""
"202400050488";"155 692 821";"B01";"1";"7";"0";"2";"3";"26";"1";""
"202400050489";"155 692 818";"A01";"1";"7";"0";"2";"3";"16";"1";""
"202400050489";"155 692 819";"B01";"1";"43";"0";"2";"1";"1";"1";""
"202400050490";"155 692 817";"A01";"2";"7";"4";"0";"0";"9";"1";""
"202400050491";"155 692 816";"A01";"1";"7";"4";"0";"1";"1";"1";""
"202400050492";"155 692 814";"A01";"3";"7";"0";"2";"3";"1";"1";""
"202400050492";"155 692 815";"B01";"3";"33";"0";"2";"1";"1";"1";""
"202400050493";"155 692 812";"A01";"3";"50";"0";"2";"1";"26";"3";""
"202400050493";"155 692 813";"B01";"3";"37";"0";"2";"5";"1";"0";"1"
"202400050494";"155 692 811";"A01";"2";"7";"8";"0";"1";"1";"1";""
"202400050495";"155 692 810";"A01";"1";"2";"0";"0";"7";"1";"1";""
"202400050496";"155 692 809";"A01";"2";"7";"0";"1";"6";"4";"1";""
"202400050497";"155 692 808";"A01";"3";"10";"4";"0";"2";"15";"1";""
"202400050498";"155 692 807";"A01";"1";"7";"0";"1";"3";"26";"1";""
"202400050499";"155 692 805";"B01";"1";"7";"0";"2";"1";"1";"1";""
"202400050499";"155 692 806";"A01";"2";"2";"0";"2";"1";"13";"1";""
"202400050500";"155 692 803";"A01";"2";"16";"0";"2";"7";"12";"1";""
"202400050500";"155 692 804";"B01";"1";"7";"0";"2";"8";"1";"1";""
"202400050501";"155 692 802";"A01";"2";"7";"0";"1";"2";"1";"1";""
"202400050502";"155 692 800";"B01";"3";"50";"0";"0";"0";"0";"3";""
"202400050502";"155 692 801";"Z01";"3";"7";"0";"2";"4";"4";"1";""
"202400050503";"155 692 799";"A01";"1";"7";"1";"0";"2";"1";"1";""
"202400050504";"155 692 797";"A01";"2";"17";"0";"2";"1";"1";"1";""
"202400050504";"155 692 798";"B01";"2";"7";"0";"2";"4";"9";"1";""
"202400050505";"155 692 795";"B01";"1";"7";"5";"2";"3";"5";"1";""
"202400050505";"155 692 796";"A01";"2";"7";"0";"2";"3";"13";"2";""
"202400050506";"155 692 794";"A01";"3";"50";"0";"0";"3";"1";"3";""
"202400050507";"155 692 793";"A01";"3";"7";"0";"1";"0";"1";"1";""
"202400050508";"155 692 792";"A01";"1";"7";"0";"1";"3";"1";"1";""
"202400050509";"155 692 791";"A01";"0";"7";"0";"1";"4";"20";"1";""
"202400050510";"155 692 789";"B01";"1";"7";"0";"2";"4";"2";"2";""
"202400050510";"155 692 790";"A01";"1";"30";"0";"2";"1";"2";"3";""
"202400050511";"155 692 788";"A01";"1";"7";"0";"0";"0";"13";"1";""
"202400050512";"155 692 786";"B01";"2";"99";"0";"2";"3";"0";"0";""
"202400050512";"155 692 787";"A01";"1";"7";"0";"9";"2";"2";"1";""
"202400050513";"155 692 785";"A01";"0";"2";"0";"0";"7";"1";"1";""
"202400050514";"155 692 784";"A01";"2";"7";"13";"0";"1";"1";"1";""
"202400050515";"155 692 782";"A01";"2";"50";"0";"2";"1";"21";"3";""
"202400050515";"155 692 783";"B01";"3";"14";"0";"2";"4";"4";"1";""
"202400050516";"155 692 781";"A01";"2";"10";"0";"1";"2";"1";"1";""
"202400050517";"155 692 780";"A01";"2";"7";"0";"1";"1";"1";"1";""
"202400050518";"155 692 778";"Z01";"2";"13";"0";"9";"1";"1";"1";""
"202400050518";"155 692 779";"B01";"1";"1";"0";"2";"1";"1";"5";""
"202400050519";"155 692 775";"C01";"2";"10";"0";"2";"1";"1";"1";""
"202400050519";"155 692 776";"A01";"1";"7";"0";"2";"5";"5";"1";""
"202400050519";"155 692 777";"B01";"3";"7";"0";"2";"1";"5";"1";""
"202400050520";"155 692 773";"A01";"3";"30";"0";"2";"3";"2";"1";""
"202400050520";"155 692 774";"B01";"3";"10";"0";"2";"3";"15";"1";""
"202400050521";"155 692 771";"A01";"0";"7";"0";"2";"7";"16";"1";""
"202400050521";"155 692 772";"B01";"0";"7";"0";"2";"0";"0";"1";""
"202400050522";"155 692 770";"A01";"2";"7";"13";"0";"1";"1";"1";""
"202400050523";"155 692 769";"A01";"1";"7";"7";"0";"1";"15";"1";""
"202400050524";"155 692 767";"B01";"2";"7";"0";"2";"7";"0";"1";""
"202400050524";"155 692 768";"A01";"1";"7";"0";"2";"1";"1";"1";""
"202400050525";"155 692 766";"A01";"3";"7";"0";"1";"2";"1";"1";""
"202400050526";"155 692 764";"A01";"3";"50";"0";"2";"1";"19";"3";""
"202400050526";"155 692 765";"B01";"3";"7";"0";"2";"2";"1";"1";""
"202400050527";"155 692 763";"B01";"1";"2";"0";"2";"7";"1";"1";""
"202400050528";"155 692 760";"A01";"1";"7";"0";"2";"3";"1";"1";""
"202400050528";"155 692 762";"B01";"1";"7";"0";"2";"3";"23";"1";""
"202400050529";"155 692 759";"A01";"1";"15";"0";"2";"1";"1";"1";""
"202400050529";"155 692 761";"B01";"1";"7";"0";"0";"4";"1";"1";""
"202400050530";"155 692 756";"A01";"1";"7";"0";"2";"7";"21";"1";""
"202400050530";"155 692 757";"B01";"2";"7";"0";"2";"6";"23";"1";""
"202400050531";"155 692 753";"A01";"1";"7";"0";"9";"2";"15";"1";""
"202400050531";"155 692 754";"B01";"2";"1";"0";"9";"1";"2";"5";""
"202400050532";"155 692 755";"A01";"2";"7";"0";"9";"3";"16";"1";""
"202400050532";"155 692 758";"B01";"2";"50";"0";"2";"7";"1";"3";""
"202400050533";"155 692 751";"B01";"3";"1";"0";"2";"7";"26";"5";""
"202400050533";"155 692 752";"A01";"1";"7";"0";"9";"0";"0";"1";""
"202400050534";"155 692 747";"A01";"1";"40";"0";"2";"0";"15";"3";""
"202400050534";"155 692 750";"Y01";"2";"1";"0";"4";"0";"1";"5";""
"202400050535";"155 692 748";"B01";"1";"7";"0";"2";"2";"26";"1";""
"202400050535";"155 692 749";"A01";"2";"7";"15";"2";"3";"9";"1";""
"202400050536";"155 692 746";"A01";"2";"7";"6";"0";"1";"2";"1";""
"202400050537";"155 692 745";"A01";"0";"7";"0";"1";"0";"0";"1";""
"202400050538";"155 692 744";"A01";"3";"30";"0";"5";"7";"1";"1";""
"202400050539";"155 692 742";"A01";"1";"7";"0";"2";"2";"10";"1";""
"202400050539";"155 692 743";"B01";"2";"31";"0";"2";"1";"1";"1";""
"202400050540";"155 692 741";"A01";"1";"7";"0";"1";"8";"1";"1";""
"202400050541";"155 692 738";"B01";"1";"7";"0";"2";"6";"2";"1";""
"202400050541";"155 692 740";"A01";"1";"7";"9";"2";"2";"17";"1";""
"202400050542";"155 692 737";"A01";"3";"33";"0";"2";"7";"16";"1";""
"202400050542";"155 692 739";"B01";"3";"7";"0";"2";"3";"1";"1";""
"202400050543";"155 692 736";"A01";"1";"7";"3";"0";"3";"1";"1";""
"202400050544";"155 692 735";"A01";"0";"10";"0";"1";"1";"1";"0";""
"202400050545";"155 692 730";"Z01";"0";"13";"0";"1";"5";"0";"0";""
"202400050546";"155 692 731";"B01";"3";"33";"0";"2";"1";"1";"1";""
"202400050546";"155 692 732";"D01";"3";"38";"0";"2";"7";"1";"1";"1"
"202400050546";"155 692 733";"C01";"3";"10";"0";"2";"1";"1";"1";""
"202400050546";"155 692 734";"A01";"3";"7";"0";"2";"8";"11";"2";""
"202400050547";"155 692 729";"A01";"2";"7";"0";"1";"1";"1";"1";""
"202400050548";"155 692 728";"A01";"1";"1";"0";"1";"1";"17";"5";""
"202400050549";"155 692 727";"A01";"2";"7";"0";"1";"2";"0";"1";""
"202400050550";"155 692 725";"A01";"2";"7";"0";"2";"3";"20";"1";""
"202400050550";"155 692 726";"B01";"2";"32";"0";"2";"1";"1";"1";""
"202400050551";"155 692 721";"B01";"1";"7";"0";"2";"4";"2";"1";""
"202400050551";"155 692 723";"C01";"1";"7";"0";"2";"4";"2";"1";""
"202400050551";"155 692 724";"A01";"1";"10";"0";"2";"1";"26";"1";""
"202400050552";"155 692 720";"B01";"2";"1";"0";"2";"3";"19";"5";""
"202400050552";"155 692 722";"A01";"2";"7";"0";"2";"2";"1";"1";""
"202400050553";"155 692 718";"B01";"2";"7";"0";"2";"4";"2";"1";""
"202400050553";"155 692 719";"A01";"2";"7";"0";"2";"1";"2";"1";""
"202400050554";"155 692 716";"A01";"3";"7";"9";"2";"2";"1";"1";""
"202400050554";"155 692 717";"B01";"2";"7";"0";"2";"1";"1";"1";""
"202400050555";"155 692 712";"Z01";"1";"0";"0";"1";"2";"1";"0";""
"202400050556";"155 692 713";"B01";"1";"33";"0";"2";"7";"3";"1";""
"202400050556";"155 692 714";"C01";"1";"7";"0";"2";"5";"1";"1";""
"202400050556";"155 692 715";"A01";"1";"7";"0";"2";"3";"11";"1";""
"202400050557";"155 692 711";"A01";"2";"7";"4";"0";"2";"1";"1";""
"202400050558";"155 692 709";"A01";"1";"10";"0";"2";"2";"11";"1";""
"202400050558";"155 692 710";"B01";"2";"7";"0";"2";"3";"15";"1";""
"202400050559";"155 692 707";"A01";"2";"1";"0";"1";"1";"1";"5";""
"202400050560";"155 692 706";"A01";"1";"7";"0";"2";"1";"15";"1";""
"202400050560";"155 692 708";"B01";"2";"33";"0";"2";"1";"1";"1";""
"202400050561";"155 692 705";"A01";"2";"31";"12";"0";"8";"13";"1";""
"202400050562";"155 692 704";"A01";"1";"33";"0";"0";"8";"3";"1";""
"202400050563";"155 692 703";"A01";"2";"33";"0";"1";"8";"18";"1";""
"202400050564";"155 692 702";"A01";"2";"7";"2";"0";"1";"13";"1";""
"202400050565";"155 692 701";"A01";"3";"37";"0";"1";"3";"1";"1";"1"
"202400050566";"155 692 699";"A01";"3";"33";"0";"0";"0";"1";"1";""
"202400050567";"155 692 697";"A01";"2";"2";"0";"2";"2";"14";"1";""
"202400050567";"155 692 700";"B01";"2";"7";"0";"2";"3";"1";"1";""
"202400050568";"155 692 696";"A01";"1";"7";"0";"2";"1";"9";"1";""
"202400050568";"155 692 698";"B01";"1";"7";"4";"2";"7";"14";"1";""
"202400050569";"155 692 695";"A01";"1";"7";"0";"0";"1";"1";"1";""
"202400050570";"155 692 693";"B01";"3";"1";"0";"2";"7";"1";"5";""
"202400050570";"155 692 694";"A01";"1";"7";"0";"2";"1";"9";"1";""
"202400050571";"155 692 690";"B01";"0";"7";"14";"0";"1";"2";"1";""
"202400050571";"155 692 692";"A01";"3";"7";"0";"2";"4";"23";"1";""
"202400050572";"155 692 689";"A01";"0";"2";"0";"2";"3";"1";"1";""
"202400050572";"155 692 691";"B01";"3";"7";"0";"2";"1";"1";"1";""
"202400050573";"155 692 688";"A01";"3";"7";"0";"1";"2";"1";"1";""
"202400050574";"155 692 687";"A01";"0";"7";"0";"1";"3";"15";"1";""
"202400050575";"155 692 686";"A01";"3";"10";"8";"0";"0";"9";"0";""
"202400050576";"155 692 685";"A01";"3";"32";"0";"1";"0";"25";"0";""
"202400050577";"155 692 684";"A01";"2";"31";"0";"0";"0";"21";"1";""
"202400050578";"155 692 683";"A01";"1";"7";"0";"1";"3";"15";"1";""
"202400050579";"155 692 682";"A01";"3";"7";"0";"1";"5";"4";"1";""
"202400050580";"155 692 681";"A01";"2";"2";"0";"0";"0";"18";"1";""
"202400050581";"155 692 679";"A01";"1";"7";"0";"1";"2";"16";"1";""
"202400050582";"155 692 678";"B01";"1";"1";"0";"2";"7";"1";"5";""
"202400050582";"155 692 680";"A01";"3";"7";"0";"2";"1";"9";"1";""
"202400050583";"155 692 677";"A01";"1";"7";"0";"1";"2";"1";"1";""
"202400050584";"155 692 674";"B01";"2";"10";"0";"2";"4";"4";"1";""
"202400050584";"155 692 676";"A01";"2";"1";"0";"2";"1";"23";"5";""
"202400050585";"155 692 673";"B01";"1";"10";"0";"2";"8";"15";"1";""
"202400050585";"155 692 675";"A01";"1";"7";"0";"2";"2";"18";"1";""
"202400050586";"155 692 671";"A01";"1";"33";"0";"2";"8";"17";"1";""
"202400050586";"155 692 672";"B01";"1";"7";"0";"2";"3";"1";"1";""
"202400050587";"155 692 669";"A01";"2";"7";"0";"2";"2";"16";"1";""
"202400050587";"155 692 670";"B01";"2";"33";"0";"2";"3";"18";"1";""
"202400050588";"155 692 667";"A01";"1";"7";"0";"2";"3";"1";"1";""
"202400050588";"155 692 668";"B01";"1";"1";"0";"2";"5";"12";"5";""
"202400050589";"155 692 665";"A01";"2";"7";"0";"1";"1";"1";"1";""
"202400050590";"155 692 664";"B01";"1";"7";"0";"0";"0";"1";"1";""
"202400050590";"155 692 666";"A01";"2";"50";"0";"0";"0";"5";"3";""
"202400050591";"155 692 660";"A01";"2";"7";"0";"2";"1";"26";"1";""
"202400050591";"155 692 662";"B01";"2";"3";"0";"2";"4";"0";"1";""
"202400050591";"155 692 663";"C01";"2";"7";"0";"2";"4";"23";"1";""
"202400050592";"155 692 661";"A01";"2";"7";"4";"0";"1";"1";"1";""
"202400050593";"155 692 658";"B01";"1";"2";"0";"2";"3";"1";"1";""
"202400050593";"155 692 659";"A01";"2";"7";"0";"2";"2";"15";"0";""
"202400050594";"155 692 657";"A01";"1";"7";"6";"0";"2";"1";"1";""
"202400050595";"155 692 655";"B01";"3";"7";"0";"2";"1";"1";"1";""
"202400050595";"155 692 656";"A01";"3";"7";"0";"2";"5";"15";"1";""
"202400050596";"155 692 654";"A01";"1";"7";"0";"1";"2";"1";"1";""
"202400050597";"155 692 652";"A01";"0";"31";"0";"2";"7";"17";"1";""
"202400050597";"155 692 653";"Z01";"3";"37";"0";"2";"8";"1";"0";"1"
"202400050598";"155 692 649";"A01";"1";"7";"0";"2";"2";"9";"1";""
"202400050598";"155 692 651";"B01";"2";"7";"0";"2";"2";"15";"1";""
"202400050599";"155 692 648";"B01";"3";"50";"0";"2";"2";"0";"3";""
"202400050599";"155 692 650";"A01";"3";"7";"0";"9";"1";"19";"1";""
"202400050600";"155 692 645";"B01";"3";"7";"0";"2";"2";"0";"1";""
"202400050600";"155 692 646";"A01";"2";"32";"0";"2";"1";"0";"1";""
"202400050600";"155 692 647";"C01";"1";"32";"0";"2";"1";"0";"1";""
"202400050601";"155 692 644";"A01";"2";"10";"0";"1";"1";"15";"1";""
"202400050602";"155 692 642";"B01";"3";"1";"0";"2";"1";"2";"5";""
"202400050602";"155 692 643";"A01";"2";"32";"0";"2";"0";"26";"1";""
"202400050603";"155 692 641";"A01";"1";"3";"13";"0";"3";"13";"1";""
"202400050604";"155 692 639";"A01";"3";"7";"0";"2";"8";"15";"1";""
"202400050604";"155 692 640";"B01";"3";"33";"0";"2";"1";"1";"1";""
"202400050605";"155 692 636";"A01";"3";"10";"0";"2";"1";"16";"1";""
"202400050605";"155 692 638";"B01";"0";"43";"0";"2";"1";"1";"1";""
"202400050606";"155 692 634";"B01";"1";"37";"0";"2";"4";"1";"1";"2"
"202400050606";"155 692 637";"A01";"1";"10";"0";"2";"1";"2";"1";""
"202400050607";"155 692 633";"B01";"1";"7";"0";"2";"4";"1";"1";""
"202400050607";"155 692 635";"A01";"2";"7";"0";"2";"1";"2";"1";""
"202400050608";"155 692 630";"A01";"1";"7";"0";"2";"1";"0";"0";""
"202400050608";"155 692 632";"B01";"3";"7";"0";"2";"0";"0";"1";""
"202400050609";"155 692 628";"A01";"2";"32";"0";"2";"7";"17";"1";""
"202400050609";"155 692 631";"B01";"2";"7";"0";"2";"3";"15";"1";""
"202400050610";"155 692 627";"A01";"3";"2";"0";"2";"1";"1";"1";""
"202400050610";"155 692 629";"B01";"3";"32";"0";"2";"2";"19";"1";""
"202400050611";"155 692 625";"A01";"3";"10";"1";"0";"1";"11";"3";""
"202400050612";"155 692 624";"A01";"1";"10";"0";"2";"4";"4";"1";""
"202400050612";"155 692 626";"B01";"1";"1";"0";"2";"0";"0";"5";""
"202400050613";"155 692 622";"B01";"2";"7";"0";"2";"6";"1";"1";""
"202400050613";"155 692 623";"A01";"2";"7";"0";"2";"1";"1";"1";""
"202400050614";"155 692 621";"A01";"2";"50";"0";"2";"1";"17";"3";""
"202400050615";"155 692 619";"A01";"1";"7";"0";"1";"1";"1";"0";""
"202400050616";"155 692 618";"A01";"2";"7";"0";"2";"2";"5";"1";""
"202400050616";"155 692 620";"B01";"1";"7";"0";"2";"1";"26";"1";""
"202400050617";"155 692 617";"A01";"2";"37";"0";"1";"2";"1";"3";"1"
"202400050618";"155 692 615";"A01";"2";"10";"0";"1";"1";"1";"1";""
"202400050619";"155 692 614";"A01";"2";"10";"8";"0";"2";"1";"1";""
"202400050620";"155 692 613";"A01";"1";"7";"0";"2";"2";"9";"1";""
"202400050620";"155 692 616";"B01";"3";"7";"0";"2";"5";"1";"1";""
"202400050621";"155 692 609";"A01";"2";"7";"0";"2";"3";"1";"1";""
"202400050621";"155 692 612";"B01";"1";"7";"0";"2";"3";"1";"1";""
"202400050622";"155 692 608";"A01";"1";"30";"0";"2";"4";"2";"1";""
"202400050622";"155 692 611";"B01";"1";"7";"0";"2";"3";"2";"1";""
"202400050623";"155 692 607";"B01";"3";"1";"0";"2";"1";"1";"5";""
"202400050623";"155 692 610";"A01";"2";"7";"0";"2";"3";"16";"1";""
"202400050624";"155 692 602";"B01";"1";"2";"0";"2";"1";"3";"1";""
"202400050624";"155 692 603";"A01";"1";"7";"0";"2";"5";"12";"1";""
"202400050625";"155 692 601";"B01";"2";"10";"0";"2";"1";"1";"1";""
"202400050625";"155 692 606";"A01";"1";"7";"0";"2";"1";"19";"1";""
"202400050626";"155 692 598";"A01";"0";"33";"0";"2";"1";"2";"1";""
"202400050626";"155 692 600";"B01";"3";"7";"0";"2";"4";"15";"3";""
"202400050627";"155 692 597";"A01";"3";"50";"0";"1";"1";"19";"3";""
"202400050628";"155 692 596";"A01";"1";"33";"0";"2";"1";"26";"1";""
"202400050628";"155 692 599";"B01";"1";"7";"0";"2";"4";"2";"1";""
"202400050629";"155 692 595";"A01";"2";"7";"0";"0";"6";"9";"1";""
"202400050630";"155 692 594";"Z01";"2";"33";"0";"1";"0";"1";"1";""
"202400050631";"155 692 588";"C01";"1";"7";"0";"2";"6";"1";"3";""
"202400050631";"155 692 591";"D01";"1";"7";"0";"2";"1";"1";"2";""
"202400050631";"155 692 592";"A01";"1";"10";"0";"2";"3";"11";"1";""
"202400050631";"155 692 593";"B01";"1";"7";"0";"2";"2";"1";"1";""
"202400050632";"155 692 587";"B01";"0";"7";"0";"2";"4";"1";"1";""
"202400050632";"155 692 589";"Z01";"0";"7";"0";"2";"1";"1";"1";""
"202400050633";"155 692 583";"A01";"2";"10";"0";"1";"4";"4";"6";""
"202400050634";"155 692 585";"A01";"1";"33";"0";"2";"1";"2";"1";""
"202400050634";"155 692 586";"B01";"1";"7";"0";"0";"5";"2";"1";""
"202400050635";"155 692 584";"A01";"2";"33";"0";"0";"7";"0";"1";""
"202400050636";"155 692 579";"A01";"3";"13";"0";"0";"0";"15";"0";""
"202400050636";"155 692 582";"B01";"3";"2";"0";"2";"0";"1";"3";""
"202400050637";"155 692 578";"A01";"3";"2";"0";"2";"8";"10";"1";""
"202400050637";"155 692 581";"B01";"0";"2";"0";"2";"2";"1";"1";""
"202400050638";"155 692 577";"B01";"3";"10";"0";"2";"0";"0";"0";""
"202400050638";"155 692 580";"A01";"0";"7";"0";"2";"4";"1";"1";""
"202400050639";"155 692 572";"A01";"2";"7";"16";"0";"1";"15";"1";""
"202400050639";"155 692 576";"B01";"1";"7";"0";"2";"4";"0";"1";""
"202400050640";"155 692 567";"A01";"3";"7";"14";"0";"0";"19";"3";""
"202400050640";"155 692 568";"B01";"3";"33";"1";"2";"1";"1";"1";""
"202400050641";"155 692 571";"A01";"1";"50";"0";"2";"1";"1";"3";""
"202400050641";"155 692 575";"B01";"1";"80";"0";"2";"4";"1";"3";""
"202400050642";"155 692 565";"C01";"1";"7";"0";"2";"3";"1";"1";""
"202400050642";"155 692 569";"A01";"1";"7";"0";"2";"4";"1";"1";""
"202400050642";"155 692 574";"B01";"1";"7";"0";"2";"1";"1";"1";""
"202400050643";"155 692 566";"A01";"2";"7";"0";"0";"3";"1";"1";""
"202400050643";"155 692 570";"B01";"2";"7";"0";"0";"3";"1";"1";""
"202400050643";"155 692 573";"C01";"2";"7";"0";"0";"3";"1";"1";""
"202400050644";"155 692 564";"A01";"1";"7";"0";"0";"1";"0";"1";""
"202400050645";"155 692 557";"B01";"1";"32";"0";"2";"1";"0";"1";""
"202400050645";"155 692 561";"A01";"1";"7";"0";"2";"5";"0";"1";""
"202400050646";"155 692 559";"A01";"1";"7";"8";"0";"1";"14";"1";""
"202400050647";"155 692 558";"B01";"3";"7";"0";"2";"4";"1";"1";""
"202400050647";"155 692 562";"A01";"3";"30";"0";"2";"1";"1";"1";""
"202400050648";"155 692 560";"A01";"2";"1";"0";"2";"1";"21";"5";""
"202400050648";"155 692 563";"B01";"2";"13";"0";"2";"4";"2";"0";""
"202400050649";"155 692 554";"A01";"3";"7";"8";"0";"9";"14";"1";""
"202400050650";"155 692 553";"A01";"1";"7";"1";"2";"6";"0";"1";""
"202400050650";"155 692 556";"B01";"1";"7";"0";"2";"3";"0";"1";""
"202400050651";"155 692 552";"B01";"2";"7";"0";"2";"2";"13";"1";""
"202400050651";"155 692 555";"A01";"2";"7";"0";"2";"3";"15";"1";""
"202400050652";"155 692 550";"B01";"3";"50";"0";"2";"8";"19";"3";""
"202400050652";"155 692 551";"A01";"1";"7";"0";"2";"2";"1";"1";""
"202400050653";"155 692 549";"A01";"2";"37";"0";"1";"1";"0";"1";"1"
"202400050654";"155 692 544";"B01";"3";"7";"0";"2";"5";"1";"1";""
"202400050654";"155 692 547";"A01";"3";"7";"0";"2";"1";"1";"1";""
"202400050655";"155 692 545";"A01";"3";"33";"0";"1";"1";"1";"1";""
"202400050656";"155 692 546";"A01";"2";"7";"0";"1";"3";"1";"1";""
"202400050657";"155 692 542";"A01";"3";"7";"0";"1";"3";"1";"1";""
"202400050658";"155 692 543";"B01";"2";"7";"0";"2";"2";"0";"1";""
"202400050658";"155 692 548";"A01";"2";"32";"0";"2";"2";"26";"3";""
"202400050659";"155 692 541";"A01";"0";"2";"14";"0";"1";"16";"1";""
"202400050660";"155 692 537";"A01";"2";"1";"0";"2";"3";"5";"5";""
"202400050660";"155 692 540";"B01";"2";"7";"0";"9";"3";"26";"3";""
"202400050661";"155 692 536";"A01";"0";"2";"0";"0";"7";"16";"1";""
"202400050662";"155 692 534";"A01";"1";"30";"0";"2";"1";"0";"0";""
"202400050662";"155 692 539";"B01";"1";"30";"0";"0";"0";"26";"3";""
"202400050663";"155 692 533";"A01";"0";"7";"0";"2";"1";"1";"1";""
"202400050664";"155 692 535";"B01";"2";"33";"0";"2";"1";"1";"1";""
"202400050664";"155 692 538";"A01";"1";"7";"0";"2";"3";"15";"1";""