"Num_Acc";"id_vehicule";"num_veh";"senc";"catv";"obs";"obsm";"choc";"manv";"motor";"occutc"
"202400050665";"155 692 532";"A01";"1";"7";"0";"1";"3";"15";"0";""
"202400050666";"155 692 526";"A01";"1";"10";"0";"2";"1";"15";"1";""
"202400050666";"155 692 529";"B01";"2";"31";"0";"2";"8";"1";"1";""
"202400050667";"155 692 528";"A01";"2";"7";"2";"0";"2";"2";"1";""
"202400050668";"155 692 530";"A01";"3";"34";"0";"1";"1";"16";"1";""
"202400050669";"155 692 527";"B01";"2";"80";"0";"2";"8";"1";"3";""
"202400050669";"155 692 531";"A01";"2";"31";"0";"2";"5";"16";"3";""
"202400050670";"155 692 524";"A01";"2";"7";"0";"2";"3";"10";"1";""
"202400050670";"155 692 525";"B01";"2";"32";"0";"2";"2";"17";"1";""
"202400050671";"155 692 519";"A01";"2";"7";"6";"1";"2";"1";"1";""
"202400050672";"155 692 518";"B01";"1";"21";"0";"2";"0";"9";"1";""
"202400050672";"155 692 523";"A01";"1";"34";"0";"2";"0";"1";"1";""
"202400050673";"155 692 513";"A01";"1";"7";"0";"1";"1";"1";"2";""
"202400050674";"155 692 515";"A01";"1";"7";"0";"1";"1";"1";"1";""
"202400050675";"155 692 516";"A01";"3";"31";"0";"2";"2";"9";"1";""
"202400050675";"155 692 521";"B01";"3";"7";"0";"2";"3";"9";"1";""
"202400050676";"155 692 514";"A01";"3";"7";"0";"2";"3";"11";"1";""
"202400050676";"155 692 520";"B01";"3";"32";"0";"2";"1";"1";"1";""
"202400050677";"155 692 517";"A01";"1";"10";"0";"2";"3";"22";"1";""
"202400050677";"155 692 522";"B01";"1";"1";"0";"2";"2";"1";"5";""
"202400050678";"155 692 512";"A01";"2";"7";"3";"0";"3";"14";"1";""
"202400050679";"155 692 511";"A01";"1";"7";"0";"1";"1";"1";"1";""
"202400050680";"155 692 507";"Z01";"3";"7";"0";"1";"3";"15";"1";""
"202400050681";"155 692 509";"A01";"2";"1";"0";"1";"1";"1";"5";""
"202400050682";"155 692 508";"A01";"3";"7";"0";"1";"2";"1";"1";""
"202400050683";"155 692 505";"A01";"1";"7";"0";"1";"1";"1";"1";""
"202400050684";"155 692 506";"A01";"3";"7";"8";"0";"1";"1";"1";""
"202400050685";"155 692 504";"B01";"1";"50";"1";"2";"7";"1";"3";""
"202400050685";"155 692 510";"A01";"1";"32";"1";"2";"8";"9";"1";""
"202400050686";"155 692 499";"A01";"2";"32";"0";"2";"7";"17";"1";""
"202400050686";"155 692 501";"B01";"2";"7";"0";"0";"8";"13";"1";""
"202400050687";"155 692 498";"A01";"2";"7";"0";"2";"1";"9";"1";""
"202400050687";"155 692 500";"B01";"1";"2";"0";"2";"7";"1";"1";""
"202400050688";"155 692 495";"B01";"3";"7";"0";"2";"4";"23";"2";""
"202400050688";"155 692 502";"A01";"3";"7";"0";"2";"1";"2";"1";""
"202400050689";"155 692 497";"A01";"1";"7";"0";"1";"3";"1";"2";""
"202400050690";"155 692 496";"B01";"1";"7";"0";"2";"1";"1";"2";""
"202400050690";"155 692 503";"A01";"2";"43";"0";"2";"2";"1";"1";""
"202400050691";"155 692 489";"A01";"1";"50";"0";"2";"5";"19";"3";""
"202400050691";"155 692 492";"B01";"3";"7";"0";"9";"3";"1";"1";""
"202400050692";"155 692 491";"A01";"1";"7";"0";"2";"3";"0";"1";""
"202400050692";"155 692 494";"B01";"2";"7";"0";"2";"3";"0";"1";""
"202400050693";"155 692 487";"A01";"3";"7";"0";"2";"1";"15";"1";""
"202400050693";"155 692 493";"B01";"3";"1";"0";"0";"0";"0";"5";""
"202400050694";"155 692 485";"A01";"2";"7";"0";"1";"3";"15";"2";""
"202400050695";"155 692 484";"A01";"2";"7";"0";"0";"7";"15";"1";""
"202400050695";"155 692 488";"B01";"1";"33";"0";"0";"1";"1";"1";""
"202400050696";"155 692 486";"Z01";"2";"50";"0";"1";"1";"1";"3";""
"202400050697";"155 692 483";"B01";"1";"7";"0";"2";"0";"1";"1";""
"202400050697";"155 692 490";"A01";"1";"7";"0";"2";"0";"1";"1";""
"202400050698";"155 692 481";"A01";"2";"31";"1";"0";"1";"26";"1";""
"202400050699";"155 692 480";"A01";"2";"7";"0";"1";"3";"1";"1";""
"202400050700";"155 692 478";"B01";"1";"1";"0";"0";"4";"1";"5";""
"202400050700";"155 692 482";"A01";"1";"7";"0";"9";"4";"17";"1";""
"202400050701";"155 692 474";"A01";"3";"7";"13";"0";"4";"23";"1";""
"202400050702";"155 692 473";"A01";"1";"7";"2";"0";"5";"1";"1";""
"202400050703";"155 692 477";"A01";"0";"10";"0";"2";"1";"1";"3";""
"202400050703";"155 692 479";"B01";"0";"7";"0";"2";"4";"23";"1";""
"202400050704";"155 692 476";"A01";"3";"10";"0";"0";"0";"0";"0";""
"202400050705";"155 692 475";"B01";"1";"1";"0";"5";"1";"1";"5";""
"202400050706";"155 692 469";"B01";"1";"7";"0";"2";"3";"1";"1";""
"202400050706";"155 692 472";"A01";"3";"7";"0";"2";"8";"15";"1";""
"202400050707";"155 692 467";"A01";"1";"33";"16";"0";"9";"1";"1";""
"202400050708";"155 692 466";"A01";"1";"33";"0";"0";"4";"2";"1";""
"202400050708";"155 692 470";"B01";"1";"33";"0";"2";"1";"2";"1";""
"202400050709";"155 692 468";"A01";"1";"10";"0";"2";"7";"2";"1";""
"202400050709";"155 692 471";"B01";"1";"50";"0";"2";"8";"2";"3";""
"202400050710";"155 692 463";"A01";"3";"7";"9";"2";"1";"9";"1";""
"202400050710";"155 692 465";"B01";"3";"50";"9";"2";"8";"1";"3";""
"202400050711";"155 692 464";"A01";"1";"10";"0";"1";"1";"1";"1";""
"202400050712";"155 692 462";"A01";"1";"50";"1";"1";"1";"14";"3";""
"202400050713";"155 692 460";"A01";"3";"7";"0";"1";"0";"0";"0";""
"202400050714";"155 692 457";"A01";"3";"34";"0";"2";"2";"26";"1";""
"202400050714";"155 692 461";"B01";"3";"2";"0";"2";"1";"0";"0";""
"202400050715";"155 692 453";"A01";"2";"30";"0";"2";"7";"17";"1";""
"202400050715";"155 692 458";"B01";"2";"7";"0";"2";"6";"15";"1";""
"202400050716";"155 692 454";"B01";"1";"15";"0";"2";"1";"21";"1";""
"202400050716";"155 692 459";"A01";"2";"7";"10";"2";"6";"1";"1";""
"202400050717";"155 692 452";"A01";"2";"7";"0";"2";"1";"1";"1";""
"202400050717";"155 692 456";"B01";"2";"33";"0";"2";"4";"1";"1";""
"202400050718";"155 692 450";"A01";"1";"7";"0";"2";"1";"15";"1";""
"202400050718";"155 692 455";"B01";"2";"33";"0";"2";"8";"1";"1";""
"202400050719";"155 692 449";"A01";"1";"7";"0";"2";"1";"5";"1";""
"202400050719";"155 692 451";"B01";"2";"7";"0";"2";"2";"13";"1";""
"202400050720";"155 692 445";"B01";"0";"7";"0";"2";"1";"1";" -1";""
"202400050720";"155 692 448";"A01";" -1";"1";"0";"2";"1";"1";"5";""
"202400050721";"155 692 443";"A01";"3";"7";"0";"2";"3";"15";"1";""
"202400050721";"155 692 447";"B01";"3";"7";"0";"2";"8";"0";"1";""
"202400050722";"155 692 440";"B01";"2";"7";"0";"2";"2";"9";"1";""
"202400050722";"155 692 442";"A01";"1";"80";"0";"2";"1";"1";"3";""
"202400050723";"155 692 439";"A01";"2";"7";"2";"0";"1";"1";"1";""
"202400050724";"155 692 438";"A01";"2";"7";"1";"2";"6";"23";"1";""
"202400050724";"155 692 444";"B01";"2";"7";"1";"2";"1";"2";"1";""
"202400050725";"155 692 436";"A01";"3";"7";"0";"1";"1";"1";"1";""
"202400050726";"155 692 435";"B01";"1";"1";"0";"2";"1";"15";"5";""
"202400050726";"155 692 446";"A01";"3";"7";"0";"2";"2";"1";"1";""
"202400050727";"155 692 433";"A01";"2";"7";"13";"0";"2";"1";"1";""
"202400050728";"155 692 430";"A01";"1";"7";"0";"0";"3";"1";"1";""
"202400050728";"155 692 437";"B01";"2";"7";"0";"2";"1";"1";"1";""
"202400050728";"155 692 441";"C01";"1";"17";"0";"2";"1";"1";"1";""
"202400050729";"155 692 429";"A01";"1";"17";"13";"0";"2";"1";"1";""
"202400050729";"155 692 431";"B01";"1";"7";"14";"0";"1";"1";"1";""
"202400050730";"155 692 426";"A01";"3";"7";"0";"1";"0";"1";"1";""
"202400050731";"155 692 425";"A01";"1";"33";"0";"0";"0";"0";"1";""
"202400050732";"155 692 427";"A01";"2";"1";"14";"0";"1";"13";"5";""
"202400050733";"155 692 428";"B01";"1";"7";"0";"2";"1";"1";"1";""
"202400050733";"155 692 432";"A01";"3";"10";"0";"2";"7";"19";"1";""
"202400050733";"155 692 434";"C01";"3";"10";"0";"2";"1";"23";"1";""
"202400050734";"155 692 421";"A01";"1";"31";"0";"2";"2";"17";"1";""
"202400050734";"155 692 424";"B01";"1";"7";"0";"2";"6";"15";"1";""
"202400050735";"155 692 418";"B01";"1";"10";"0";"2";"5";"9";"1";""
"202400050735";"155 692 423";"A01";"1";"10";"0";"2";"3";"2";"1";""
"202400050736";"155 692 419";"A01";"1";"2";"0";"2";"3";"18";"1";""
"202400050736";"155 692 422";"B01";"1";"10";"0";"2";"2";"16";"1";""
"202400050737";"155 692 416";"B01";"1";"7";"0";"2";"2";"1";"1";""
"202400050737";"155 692 420";"A01";"1";"7";"0";"2";"3";"10";"1";""
"202400050738";"155 692 417";"A01";"2";"1";"6";"0";"2";"1";"5";""
"202400050739";"155 692 414";"A01";"0";"7";"0";"1";"6";"4";"1";""
"202400050740";"155 692 410";"B01";"3";"1";"0";"2";"3";"1";"5";""
"202400050740";"155 692 415";"A01";"3";"7";"0";"2";"1";"1";"1";""
"202400050741";"155 692 413";"A01";"1";"50";"0";"1";"1";"1";"3";""
"202400050742";"155 692 407";"A01";"0";"32";"0";"2";"1";"1";"0";""
"202400050742";"155 692 412";"B01";"0";"7";"0";"2";"7";"1";"0";""
"202400050743";"155 692 404";"B01";"1";"7";"0";"2";"3";"1";"1";""
"202400050743";"155 692 411";"A01";"2";"43";"0";"2";"3";"5";"1";""
"202400050744";"155 692 405";"A01";"1";"32";"14";"0";"8";"11";"1";""
"202400050745";"155 692 403";"B01";"1";"7";"0";"2";"8";"13";"1";""
"202400050745";"155 692 409";"A01";"1";"33";"0";"2";"1";"17";"1";""
"202400050746";"155 692 402";"A01";"3";"7";"0";"2";"1";"5";"0";""
"202400050746";"155 692 406";"B01";"3";"7";"0";"2";"1";"1";"0";""
"202400050747";"155 692 397";"B01";"3";"33";"0";"2";"3";"26";"1";""
"202400050747";"155 692 399";"A01";"3";"7";"0";"2";"2";"16";"1";""
"202400050748";"155 692 396";"BZ01";"1";"32";"0";"1";"1";"0";"1";""
"202400050749";"155 692 398";"B01";"0";"7";"0";"9";"3";"23";"1";""
"202400050749";"155 692 401";"A01";"3";"80";"0";"2";"1";"5";"3";""
"202400050750";"155 692 393";"A01";"2";"7";"13";"0";"1";"0";"1";""
"202400050751";"155 692 395";"C01";"3";"1";"0";"2";"1";"0";"5";""
"202400050751";"155 692 400";"A01";"3";"7";"0";"2";"3";"0";"1";""
"202400050751";"155 692 408";"B01";"3";"1";"0";"2";"1";"1";"5";""
"202400050752";"155 692 392";"A01";"1";"7";"0";"1";"2";"1";"1";""
"202400050753";"155 692 391";"A01";"3";"7";"0";"0";"0";"0";"1";""
"202400050754";"155 692 390";"A01";"1";"33";"0";"0";"8";"13";"1";""
"202400050755";"155 692 389";"A01";"0";"7";"0";"2";"7";"1";"1";""
"202400050755";"155 692 394";"B01";"3";"50";"0";"2";"1";"1";"3";""
"202400050756";"155 692 388";"A01";"1";"7";"0";"1";"8";"1";"1";""
"202400050757";"155 692 387";"A01";"3";"2";"0";"1";"2";"1";"1";""
"202400050758";"155 692 386";"A01";"1";"31";"0";"1";"7";"0";"0";""
"202400050759";"155 692 384";"A01";"3";"10";"0";"1";"2";"17";"1";""
"202400050760";"155 692 382";"A01";"1";"31";"0";"2";"1";"1";"0";""
"202400050760";"155 692 385";"B01";"0";"7";"0";"2";"3";"1";"0";""
"202400050761";"155 692 383";"A01";"1";"33";"13";"0";"0";"1";"1";""
"202400050762";"155 692 376";"B01";"1";"32";"0";"2";"1";"1";"1";""
"202400050762";"155 692 379";"A01";"1";"7";"0";"2";"3";"26";"2";""
"202400050763";"155 692 378";"A01";"1";"7";"0";"2";"2";"22";"1";""
"202400050763";"155 692 380";"B01";"1";"43";"1";"0";"6";"18";"1";""
"202400050764";"155 692 372";"A01";"2";"33";"0";"0";"7";"16";"1";""
"202400050765";"155 692 374";"A01";"1";"7";"0";"2";"1";"15";"1";""
"202400050765";"155 692 381";"B01";"1";"7";"0";"2";"3";"15";"1";""
"202400050766";"155 692 371";"A01";"2";"7";"0";"2";"1";"5";"2";""
"202400050766";"155 692 377";"B01";"1";"7";"0";"2";"1";"1";"1";""
"202400050767";"155 692 370";"A01";"3";"0";"0";"1";"0";"0";"0";""
"202400050768";"155 692 373";"A01";"2";"1";"0";"0";"0";"1";"5";""
"202400050769";"155 692 369";"A01";"3";"3";"1";"0";"1";"1";"1";""
"202400050770";"155 692 366";"A01";"3";"7";"16";"0";"9";"1";"1";""
"202400050771";"155 692 367";"A01";"1";"7";"1";"2";"3";"1";"1";""
"202400050771";"155 692 375";"B01";"1";"7";"0";"2";"1";"1";"1";""
"202400050772";"155 692 362";"A01";"1";"2";"8";"0";"1";"0";"1";""
"202400050773";"155 692 365";"A01";"3";"32";"0";"1";"0";"16";"1";""
"202400050774";"155 692 361";"A01";"1";"7";"0";"1";"3";"1";"1";""
"202400050775";"155 692 360";"A01";"1";"50";"1";"0";"1";"9";"3";""
"202400050776";"155 692 358";"A01";"3";"7";"0";"2";"1";"1";"0";""
"202400050776";"155 692 364";"B01";"3";"7";"0";"2";"6";"16";"1";""
"202400050777";"155 692 359";"A01";"2";"10";"0";"2";"1";"5";"1";""
"202400050777";"155 692 368";"B01";"1";"7";"0";"2";"1";"13";"1";""
"202400050778";"155 692 356";"A01";"1";"7";"2";"0";"2";"0";"1";""
"202400050779";"155 692 353";"A01";"0";"7";"10";"0";"7";"1";"1";""
"202400050780";"155 692 354";"A01";"2";"7";"13";"0";"2";"1";"1";""
"202400050781";"155 692 351";"A01";"2";"1";"0";"1";"1";"2";"5";""
"202400050782";"155 692 348";"B01";"2";"33";"0";"2";"1";"0";"1";""
"202400050782";"155 692 352";"A01";"1";"7";"0";"2";"2";"13";"1";""
"202400050783";"155 692 355";"B01";"1";"33";"0";"2";"1";"1";"1";""
"202400050783";"155 692 357";"C01";"2";"7";"0";"2";"3";"2";"1";""
"202400050783";"155 692 363";"A01";"2";"10";"0";"2";"7";"15";"1";""
"202400050784";"155 692 343";"A01";"1";"7";"13";"0";"9";"1";"1";""
"202400050785";"155 692 347";"A01";"2";"7";"0";"2";"1";"1";"1";""
"202400050785";"155 692 350";"B01";"2";"10";"0";"2";"2";"1";"1";""
"202400050786";"155 692 341";"A01";"1";"10";"0";"2";"1";"9";"1";""
"202400050786";"155 692 345";"B01";"2";"7";"0";"2";"2";"1";"1";""
"202400050787";"155 692 339";"A01";"3";"7";"0";"2";"3";"1";"3";""
"202400050787";"155 692 344";"B01";"3";"2";"0";"2";"7";"1";"1";""
"202400050788";"155 692 342";"B01";"2";"1";"0";"2";"0";"18";"5";""
"202400050788";"155 692 349";"A01";"2";"7";"0";"2";"0";"16";"1";""
"202400050789";"155 692 338";"A01";"2";"7";"13";"0";"1";"14";"1";""
"202400050790";"155 692 337";"A01";"1";"1";"0";"0";"0";"0";"5";""
"202400050791";"155 692 335";"A01";"1";"7";"0";"2";"2";"1";"1";""
"202400050791";"155 692 346";"B01";"2";"7";"0";"2";"8";"1";"1";""
"202400050792";"155 692 332";"A01";"1";"7";"14";"0";"2";"1";"1";""
"202400050793";"155 692 331";"A01";"1";"3";"0";"1";"2";"2";"0";""
"202400050794";"155 692 333";"B01";"1";"31";"0";"2";"1";"17";"1";""
"202400050794";"155 692 336";"A01";"2";"7";"0";"2";"3";"0";"2";""
"202400050795";"155 692 330";"A01";"1";"7";"1";"0";"8";"26";"1";""
"202400050796";"155 692 329";"A01";"3";"7";"0";"2";"7";"17";"1";""
"202400050796";"155 692 334";"B01";"3";"17";"0";"2";"3";"13";"1";""
"202400050797";"155 692 320";"A01";"1";"7";"0";"1";"1";"1";"1";""
"202400050798";"155 692 323";"A01";"2";"10";"0";"2";"3";"1";"1";""
"202400050798";"155 692 328";"B01";"1";"7";"0";"2";"3";"1";"1";""
"202400050799";"155 692 318";"A01";"0";"7";"12";"0";"1";"1";"0";""
"202400050799";"155 692 319";"B01";"0";"7";"0";"0";"1";"1";"0";""
"202400050800";"155 692 315";"A01";"2";"10";"0";"2";"1";"2";"1";""
"202400050800";"155 692 317";"B01";"2";"7";"0";"2";"4";"2";"1";""
"202400050801";"155 692 313";"A01";"2";"7";"4";"0";"8";"21";"1";""
"202400050802";"155 692 307";"A01";"1";"7";"0";"2";"5";"12";"1";""
"202400050802";"155 692 312";"B01";"1";"33";"0";"2";"3";"12";"1";""
"202400050803";"155 692 327";"A01";"3";"33";"11";"0";"7";"1";"1";""
"202400050804";"155 692 306";"A01";"2";"1";"0";"2";"1";"13";"5";""
"202400050804";"155 692 310";"B01";"2";"7";"0";"2";"4";"23";"1";""
"202400050805";"155 692 309";"B01";"2";"31";"0";"2";"1";"1";"1";""
"202400050805";"155 692 314";"A01";"2";"10";"0";"2";"4";"11";"1";""
"202400050806";"155 692 326";"A01";"1";"7";"0";"1";"2";"1";"1";""
"202400050807";"155 692 304";"B01";"2";"7";"0";"2";"6";"1";"1";""
"202400050807";"155 692 305";"A01";"2";"33";"0";"2";"1";"3";"1";""
"202400050808";"155 692 311";"A01";"2";"7";"0";"2";"2";"1";"1";""
"202400050808";"155 692 316";"B01";"1";"2";"0";"2";"3";"1";"1";""
"202400050809";"155 692 308";"A01";"1";"2";"0";"2";"1";"19";"1";""
"202400050809";"155 692 321";"B01";"1";"7";"0";"2";"3";"1";"1";""
"202400050810";"155 692 302";"A01";"3";"33";"0";"0";"0";"12";"1";""
"202400050811";"155 692 303";"C01";"1";"7";"0";"2";"5";"1";"0";""
"202400050811";"155 692 322";"A01";"1";"7";"0";"2";"1";"13";"1";""
"202400050811";"155 692 325";"B01";"1";"7";"0";"2";"2";"1";"1";""
"202400050812";"155 692 300";"B01";"2";"7";"0";"2";"3";"1";"1";""
"202400050812";"155 692 324";"A01";"1";"10";"13";"2";"3";"1";"1";""
"202400050813";"155 692 294";"A01";"2";"7";"0";"2";"1";"5";"1";""
"202400050813";"155 692 297";"B01";"2";"15";"0";"2";"1";"1";"1";""
"202400050814";"155 692 299";"A01";"2";"33";"14";"0";"1";"1";"1";""
"202400050815";"155 692 293";"A01";"2";"33";"5";"0";"1";"1";"1";""
"202400050816";"155 692 298";"A01";"3";"7";"4";"2";"3";"11";"1";""
"202400050816";"155 692 301";"B01";"2";"7";"0";"2";"2";"1";"1";""
"202400050817";"155 692 292";"A01";"0";"7";"13";"2";"8";"17";"1";""
"202400050817";"155 692 295";"B01";"0";"7";"13";"2";"8";"1";"2";""
"202400050817";"155 692 296";"C01";"0";"7";"13";"2";"8";"2";"1";""
"202400050818";"155 692 289";"A01";"1";"10";"0";"1";"2";"18";"1";""
"202400050819";"155 692 286";"A01";"1";"7";"0";"2";"1";"2";"1";""
"202400050819";"155 692 291";"B01";"1";"7";"0";"2";"4";"2";"2";""
"202400050820";"155 692 283";"A01";"2";"7";"6";"0";"9";"1";"1";""
"202400050821";"155 692 285";"B01";"1";"1";"0";"2";"3";"1";"5";""
"202400050821";"155 692 290";"A01";"2";"7";"0";"2";"5";"15";"1";""
"202400050822";"155 692 281";"B01";"2";"7";"0";"2";"4";"1";"1";""
"202400050822";"155 692 287";"A01";"2";"7";"0";"2";"1";"13";"1";""
"202400050823";"155 692 278";"A01";"0";"34";"0";"2";"1";"2";"1";""
"202400050823";"155 692 284";"B01";"0";"7";"0";"2";"3";"17";"1";""
"202400050824";"155 692 275";"A01";"0";"7";"0";"2";"2";"1";"1";""
"202400050824";"155 692 280";"B01";"0";"32";"0";"2";"1";"2";"1";""
"202400050825";"155 692 277";"A01";"2";"37";"0";"2";"5";"16";"1";"1"
"202400050825";"155 692 282";"B01";"2";"50";"0";"2";"8";"16";"3";""
"202400050826";"155 692 273";"B01";"1";"7";"0";"2";"8";"12";"1";""
"202400050826";"155 692 288";"A01";"1";"7";"0";"2";"7";"12";"1";""
"202400050827";"155 692 274";"A01";"2";"32";"0";"2";"1";"17";"1";""
"202400050827";"155 692 279";"B01";"2";"10";"0";"2";"3";"15";"1";""
"202400050828";"155 692 269";"Z01";"2";"32";"0";"1";"1";"1";"1";""
"202400050829";"155 692 266";"A01";"1";"7";"0";"2";"1";"1";"1";""
"202400050829";"155 692 271";"B01";"2";"33";"0";"2";"1";"13";"1";""
"202400050830";"155 692 268";"A01";"2";"7";"0";"1";"2";"15";"1";""
"202400050831";"155 692 267";"A01";"1";"10";"0";"1";"2";"16";"1";""
"202400050832";"155 692 265";"A01";"1";"7";"0";"1";"2";"1";"1";""
"202400050833";"155 692 263";"A01";"3";"7";"0";"0";"0";"0";"0";""
"202400050834";"155 692 260";"B01";"1";"7";"3";"0";"6";"23";"1";""
"202400050834";"155 692 270";"A01";"1";"7";"0";"2";"1";"19";"2";""
"202400050835";"155 692 261";"A01";"1";"7";"0";"0";"0";"1";"1";""
"202400050836";"155 692 254";"Y01";"1";"60";"1";"2";"1";"19";"5";""
"202400050836";"155 692 258";"A01";"1";"7";"1";"0";"4";"20";"1";""
"202400050837";"155 692 259";"A01";"3";"7";"0";"2";"2";"16";"2";""
"202400050837";"155 692 264";"B01";"3";"50";"0";"2";"7";"1";"3";""
"202400050838";"155 692 257";"A01";"2";"33";"0";"2";"7";"1";"1";""
"202400050838";"155 692 262";"B01";"1";"7";"0";"2";"0";"1";"1";""
"202400050839";"155 692 253";"A01";"1";"7";"0";"1";"2";"26";"1";""
"202400050840";"155 692 252";"A01";"2";"7";"12";"0";"3";"1";"1";""
"202400050841";"155 692 250";"A01";"1";"7";"0";"2";"2";"2";"1";""
"202400050841";"155 692 255";"B01";"1";"15";"0";"0";"6";"2";"1";""
"202400050842";"155 692 248";"A01";"3";"33";"12";"0";"3";"16";"1";""
"202400050843";"155 692 251";"A01";"2";"7";"0";"0";"7";"13";"1";""
"202400050843";"155 692 256";"B01";"1";"7";"0";"2";"1";"1";"1";""
"202400050844";"155 692 245";"A01";"2";"7";"0";"2";"7";"12";"1";""
"202400050844";"155 692 247";"B01";"2";"7";"0";"2";"6";"2";"1";""
"202400050844";"155 692 249";"C01";"2";"31";"0";"2";"1";"26";"1";""
"202400050845";"155 692 244";"A01";"3";"7";"0";"1";"1";"1";"1";""
"202400050846";"155 692 239";"A01";"2";"7";"2";"2";"2";"14";"1";""
"202400050847";"155 692 241";"B01";"1";"14";"0";"2";"3";"1";"1";""
"202400050847";"155 692 246";"A01";"1";"7";"0";"2";"5";"12";"1";""
"202400050848";"155 692 236";"A01";"2";"7";"0";"2";"2";"1";"1";""
"202400050848";"155 692 243";"B01";"2";"17";"0";"0";"6";"1";"1";""
"202400050849";"155 692 240";"A01";"1";"2";"6";"0";"6";"1";"1";""
"202400050850";"155 692 230";"A01";"1";"7";"0";"2";"2";"2";"0";""
"202400050850";"155 692 237";"B01";"2";"10";"0";"2";"3";"2";"1";""
"202400050851";"155 692 231";"A01";"1";"10";"0";"2";"3";"15";"1";""
"202400050851";"155 692 238";"B01";"1";"34";"0";"2";"2";"1";"1";""
"202400050852";"155 692 228";"A01";"2";"7";"0";"2";"3";"17";"1";""
"202400050852";"155 692 234";"B01";"2";"7";"0";"2";"6";"15";"1";""
"202400050853";"155 692 229";"A01";"1";"50";"0";"0";"0";"1";"3";""
"202400050854";"155 692 235";"A01";"1";"33";"0";"2";"1";"1";"1";""
"202400050854";"155 692 242";"Z01";"2";"7";"0";"2";"2";"15";"0";""
"202400050855";"155 692 226";"B01";"3";"32";"0";"2";"3";"1";"1";""
"202400050855";"155 692 233";"A01";"3";"7";"0";"2";"7";"16";"2";""
"202400050856";"155 692 224";"B01";"1";"34";"15";"2";"1";"1";"1";""
"202400050856";"155 692 232";"A01";"1";"7";"0";"2";"3";"0";"1";""
"202400050857";"155 692 223";"B01";"1";"7";"0";"2";"2";"1";"1";""
"202400050857";"155 692 227";"A01";"1";"30";"14";"0";"5";"1";"1";""
"202400050858";"155 692 222";"B01";"1";"7";"0";"2";"3";"1";"1";""
"202400050858";"155 692 225";"A01";"2";"33";"0";"2";"1";"5";"1";""
"202400050859";"155 692 218";"A01";"1";"7";"13";"0";"1";"17";"1";""
"202400050860";"155 692 217";"A01";"2";"7";"12";"0";"0";"12";"0";""
"202400050860";"155 692 220";"B01";"2";"80";"12";"2";"3";"1";"3";""
"202400050861";"155 692 214";"A01";"1";"7";"0";"9";"3";"16";"2";""
"202400050861";"155 692 219";"B01";"1";"1";"0";"2";"1";"2";"5";""
"202400050862";"155 692 209";"A01";"1";"30";"0";"2";"1";"5";"1";""
"202400050862";"155 692 216";"B01";"1";"7";"0";"2";"1";"1";"1";""
"202400050863";"155 692 210";"A01";"2";"7";"0";"2";"3";"9";"1";""
"202400050863";"155 692 221";"B01";"1";"1";"0";"2";"7";"2";"5";""
"202400050864";"155 692 205";"A01";"1";"50";"0";"1";"0";"7";"3";""
"202400050865";"155 692 204";"A01";"1";"33";"15";"0";"1";"2";"1";""
"202400050865";"155 692 208";"B01";"1";"33";"0";"0";"7";"2";"1";""
"202400050866";"155 692 211";"A01";"2";"7";"0";"0";"2";"1";"1";""
"202400050867";"155 692 202";"B01";"3";"10";"0";"2";"0";"15";"1";""
"202400050867";"155 692 206";"A01";"3";"43";"0";"2";"8";"17";"1";""
"202400050868";"155 692 203";"B01";"2";"7";"0";"9";"2";"1";"2";""
"202400050868";"155 692 215";"A01";"1";"50";"0";"2";"1";"19";"3";""
"202400050869";"155 692 199";"A01";"1";"10";"6";"0";"2";"26";"1";""
"202400050870";"155 692 198";"B01";"2";"2";"0";"2";"7";"1";"1";""
"202400050870";"155 692 201";"A01";"1";"7";"0";"2";"2";"9";"1";""
"202400050871";"155 692 190";"A01";"1";"1";"0";"2";"1";"19";"5";""
"202400050871";"155 692 194";"B01";"1";"33";"0";"2";"3";"7";"1";""
"202400050872";"155 692 191";"B01";"0";"1";"0";"2";"7";"1";"5";""
"202400050872";"155 692 200";"A01";"3";"7";"0";"9";"1";"1";"2";""
"202400050873";"155 692 186";"B01";"1";"2";"0";"2";"7";"15";"1";""
"202400050873";"155 692 196";"A01";"3";"10";"0";"2";"1";"9";"1";""
"202400050874";"155 692 188";"B01";"1";"37";"0";"2";"3";"1";"1";"10"
"202400050874";"155 692 207";"A01";"2";"7";"0";"2";"1";"1";"1";""
"202400050875";"155 692 189";"A01";"2";"17";"0";"0";"4";"23";"1";""
"202400050875";"155 692 195";"C01";"2";"7";"0";"2";"1";"1";"2";""
"202400050876";"155 692 185";"A01";"1";"10";"0";"2";"1";"9";"1";""
"202400050876";"155 692 193";"C01";"1";"7";"0";"2";"4";"1";"1";""
"202400050876";"155 692 197";"B01";"1";"7";"0";"2";"4";"1";"1";""
"202400050877";"155 692 183";"A01";"2";"1";"0";"2";"8";"16";"5";""
"202400050877";"155 692 187";"Z01";"2";"7";"0";"2";"1";"16";"0";""
"202400050878";"155 692 184";"B01";"2";"7";"0";"2";"3";"1";"1";""
"202400050878";"155 692 192";"A01";"1";"7";"0";"2";"3";"16";"1";""
"202400050879";"155 692 182";"A01";"2";"7";"2";"0";"8";"14";"1";""
"202400050880";"155 692 179";"A01";"3";"10";"0";"1";"0";"2";"0";""