"Num_Acc";"id_vehicule";"num_veh";"senc";"catv";"obs";"obsm";"choc";"manv";"motor";"occutc"
"202400051310";"155 691 469";"A01";"1";"1";"0";"0";" -1";"1";"5";""
"202400051311";"155 691 468";"A01";"3";"7";"0";"2";"3";"19";"3";""
"202400051311";"155 691 474";"B01";"3";"1";"0";"2";"1";"1";"5";""
"202400051312";"155 691 463";"A01";"1";"7";"6";"1";"5";"0";"1";""
"202400051313";"155 691 462";"A01";"2";"1";"0";"2";"1";"1";"5";""
"202400051313";"155 691 470";"Z01";"2";"0";"0";"2";"7";"16";"0";""
"202400051314";"155 691 459";"B01";"3";"1";"1";"2";"8";"1";"5";""
"202400051314";"155 691 464";"A01";"3";"7";"0";"2";"8";"22";"1";""
"202400051315";"155 691 454";"A01";"3";"7";"4";"2";"3";"2";"1";""
"202400051315";"155 691 465";"B01";"3";"33";"4";"2";"7";"1";"1";""
"202400051316";"155 691 451";"A01";"1";"32";"12";"0";"8";"17";"1";""
"202400051317";"155 691 456";"A01";"2";"7";"0";"2";"1";"9";"1";""
"202400051317";"155 691 460";"B01";"2";"1";"0";"2";"4";"1";"5";""
"202400051318";"155 691 452";"A01";"1";"7";"0";"2";"7";"15";"1";""
"202400051318";"155 691 458";"B01";"2";"30";"0";"2";"1";"1";"1";""
"202400051319";"155 691 449";"A01";"1";"7";"13";"2";"1";"2";"1";""
"202400051319";"155 691 455";"B01";"1";"7";"0";"0";"4";"2";"1";""
"202400051320";"155 691 448";"A01";"3";"2";"0";"0";"8";"1";"1";""
"202400051321";"155 691 447";"B01";"2";"80";"0";"2";"1";"1";"3";""
"202400051321";"155 691 453";"A01";"2";"7";"0";"2";"3";"20";"1";""
"202400051322";"155 691 450";"E01";"2";"2";"0";"0";"0";"21";"1";""
"202400051322";"155 691 457";"A01";"1";"7";"0";"2";"2";"17";"1";""
"202400051322";"155 691 461";"B01";"1";"7";"0";"2";"6";"1";"1";""
"202400051322";"155 691 466";"C01";"2";"2";"0";"2";"1";"0";"1";""
"202400051322";"155 691 473";"D01";"2";"2";"0";"0";"0";"21";"1";""
"202400051323";"155 691 445";"A01";"2";"7";"0";"1";"2";"1";"1";""
"202400051324";"155 691 444";"B01";"2";"7";"0";"2";"3";"15";"1";""
"202400051324";"155 691 446";"A01";"2";"30";"0";"2";"2";"17";"1";""
"202400051325";"155 691 441";"A01";"1";"7";"0";"5";"1";"1";"1";""
"202400051326";"155 691 438";"A01";"0";"7";"0";"1";"3";"15";"1";""
"202400051327";"155 691 439";"A01";"2";"3";"9";"0";"0";"1";"1";""
"202400051328";"155 691 436";"A01";"2";"2";"0";"0";"7";"1";"1";""
"202400051329";"155 691 431";"A01";"3";"7";"2";"0";"3";"0";"2";""
"202400051330";"155 691 432";"A01";"1";"7";"0";"9";"2";"14";"1";""
"202400051330";"155 691 440";"B01";"1";"60";"0";"0";"0";"0";"5";""
"202400051331";"155 691 437";"A01";"3";"7";"0";"1";"1";"1";"1";""
"202400051332";"155 691 435";"B01";"3";"33";"4";"0";"0";"0";"1";""
"202400051332";"155 691 443";"A01";"3";"99";"0";"0";"0";"0";"3";""
"202400051333";"155 691 434";"A01";"3";"7";"0";"2";"0";"1";"1";""
"202400051333";"155 691 442";"B01";"3";"50";"0";"2";"0";"0";"3";""
"202400051334";"155 691 428";"A01";"3";"7";"0";"2";"1";"1";"1";""
"202400051334";"155 691 433";"B01";"3";"7";"0";"2";"1";"1";"1";""
"202400051335";"155 691 426";"A01";"2";"33";"0";"0";"0";"13";"1";""
"202400051336";"155 691 427";"B01";"1";"33";"0";"2";"1";"1";"1";""
"202400051336";"155 691 430";"A01";"2";"7";"0";"2";"3";"16";"1";""
"202400051337";"155 691 422";"A01";"3";"34";"0";"0";"0";"13";"1";""
"202400051338";"155 691 423";"B01";"2";"7";"0";"2";"3";"1";"2";""
"202400051338";"155 691 429";"A01";"2";"7";"0";"2";"1";"0";"1";""
"202400051339";"155 691 419";"B01";"2";"7";"0";"2";"1";"1";"1";""
"202400051339";"155 691 425";"A01";"1";"7";"0";"2";"1";"13";"1";""
"202400051340";"155 691 417";"A01";"2";"31";"0";"1";"1";"1";"1";""
"202400051341";"155 691 418";"B01";"2";"33";"0";"2";"5";"1";"1";""
"202400051341";"155 691 420";"A01";"2";"7";"0";"2";"3";"9";"1";""
"202400051342";"155 691 414";"A01";"2";"7";"0";"2";"2";"1";"1";""
"202400051342";"155 691 416";"C01";"1";"7";"0";"2";"1";"15";"1";""
"202400051342";"155 691 424";"B01";"2";"7";"0";"2";"3";"1";"1";""
"202400051343";"155 691 409";"A01";"3";"10";"0";"9";"8";"24";"1";""
"202400051343";"155 691 415";"B01";"3";"1";"1";"0";"1";"1";"5";""
"202400051344";"155 691 413";"B01";"1";"50";"0";"2";"1";"21";"3";""
"202400051344";"155 691 421";"A01";"2";"7";"0";"9";"2";"2";"1";""
"202400051345";"155 691 410";"A01";"2";"10";"0";"1";"0";"0";"1";""
"202400051346";"155 691 408";"A01";"1";"2";"0";"2";"0";"13";"1";""
"202400051346";"155 691 411";"B01";"2";"7";"0";"2";"3";"13";"1";""
"202400051347";"155 691 407";"A01";"1";"7";"0";"2";"9";"14";"1";""
"202400051347";"155 691 412";"B01";"1";"10";"0";"2";"1";"13";"1";""
"202400051348";"155 691 406";"A01";"1";"7";"0";"1";"3";"1";"0";""
"202400051349";"155 691 404";"A01";"1";"7";"0";"1";"4";"20";"1";""
"202400051350";"155 691 399";"A01";"0";"7";"0";"0";"0";"0";"1";""
"202400051351";"155 691 403";"A01";"2";"7";"0";"2";"8";"22";"1";""
"202400051351";"155 691 405";"B01";"2";"1";"1";"0";"1";"1";"5";""
"202400051352";"155 691 398";"A01";"1";"31";"0";"0";"7";"0";"1";""
"202400051353";"155 691 397";"B01";"3";"1";"0";"2";"1";"1";"5";""
"202400051353";"155 691 401";"A01";"3";"10";"0";"2";"8";"1";"1";""
"202400051354";"155 691 391";"A01";"1";"7";"0";"2";"2";"1";"1";""
"202400051355";"155 691 390";"A01";"3";"7";"0";"2";"3";"16";"1";""
"202400051355";"155 691 394";"B01";"3";"7";"0";"2";"5";"1";"1";""
"202400051356";"155 691 384";"A01";"1";"32";"0";"2";"2";"17";"1";""
"202400051356";"155 691 393";"B01";"2";"7";"0";"9";"0";"0";"1";""
"202400051357";"155 691 388";"A01";"1";"7";"0";"2";"3";"1";"1";""
"202400051357";"155 691 392";"B01";"2";"7";"0";"2";"3";"13";"1";""
"202400051358";"155 691 383";"A01";"2";"7";"6";"0";"7";"14";"1";""
"202400051359";"155 691 386";"A01";"1";"7";"0";"2";"2";"2";"1";""
"202400051359";"155 691 389";"B01";"1";"1";"0";"2";"4";"2";"5";""
"202400051360";"155 691 381";"Y01";"2";"50";"0";"2";"1";"1";"3";""
"202400051360";"155 691 385";"A01";"2";"7";"0";"2";"7";"16";"0";""
"202400051361";"155 691 380";"A01";"2";"7";"6";"0";"1";"1";"1";""
"202400051362";"155 691 376";"B01";"2";"50";"0";"2";"1";"1";"3";""
"202400051362";"155 691 379";"A01";"2";"7";"0";"2";"8";"9";"1";""
"202400051363";"155 691 374";"A01";"1";"2";"6";"0";"1";"0";"1";""
"202400051364";"155 691 368";"B01";"2";"7";"0";"2";"3";"1";"1";""
"202400051364";"155 691 377";"Z01";"2";"7";"0";"2";"3";"5";"1";""
"202400051365";"155 691 370";"A01";"2";"10";"0";"2";"5";"23";"1";""
"202400051365";"155 691 373";"B01";"3";"2";"0";"2";"1";"2";"1";""
"202400051366";"155 691 369";"B01";"1";"33";"12";"0";"7";"16";"1";""
"202400051366";"155 691 371";"A01";"1";"33";"12";"0";"3";"1";"1";""
"202400051367";"155 691 366";"B01";"2";"7";"0";"2";"1";"1";"1";""
"202400051367";"155 691 375";"A01";"1";"3";"15";"2";"7";"19";"1";""
"202400051368";"155 691 367";"A01";"1";"7";"0";"2";"1";"2";"1";""
"202400051368";"155 691 372";"B01";"1";"7";"0";"0";"0";"0";"0";""
"202400051369";"155 691 365";"A01";"1";"10";"14";"0";"9";"1";"1";""
"202400051370";"155 691 361";"A01";"3";"7";"2";"0";"1";"0";"1";""
"202400051371";"155 691 364";"A01";"3";"10";"0";"1";"4";"4";"1";""
"202400051372";"155 691 362";"A01";"2";"33";"13";"0";"1";"13";"1";""
"202400051373";"155 691 358";"A01";"1";"31";"6";"0";"1";"2";"1";""
"202400051374";"155 691 360";"B01";"2";"7";"0";"2";"3";"16";"1";""
"202400051374";"155 691 363";"A01";"1";"7";"0";"2";"3";"15";"0";""
"202400051375";"155 691 357";"A01";"3";"32";"0";"0";"8";"15";"1";""
"202400051376";"155 691 356";"A01";"2";"7";"14";"0";"2";"1";"1";""
"202400051377";"155 691 353";"A01";"2";"7";"6";"2";"2";"2";"1";""
"202400051377";"155 691 359";"B01";"2";"50";"6";"2";"8";"2";"3";""
"202400051378";"155 691 351";"A01";"2";"7";"0";"2";"5";"9";"1";""
"202400051378";"155 691 355";"B01";"2";"33";"0";"2";"5";"26";"1";""
"202400051379";"155 691 350";"A01";"0";"50";"0";"1";"0";"26";"3";""
"202400051380";"155 691 348";"A01";"3";"7";"0";"1";"2";"0";"1";""
"202400051381";"155 691 346";"A01";"3";"33";"0";"2";"0";"23";"1";""
"202400051382";"155 691 345";"A01";"3";"7";"0";"2";"3";"10";"1";""
"202400051382";"155 691 352";"B01";"3";"10";"0";"2";"2";"1";"1";""
"202400051383";"155 691 349";"A01";"2";"1";"0";"2";"1";"1";"5";""
"202400051383";"155 691 354";"B01";"1";"7";"0";"2";"1";"1";"1";""
"202400051384";"155 691 342";"A01";"2";"1";"0";"2";"0";"21";"5";""
"202400051385";"155 691 340";"B01";"1";"80";"0";"2";"2";"1";"3";""
"202400051385";"155 691 344";"A01";"1";"7";"0";"2";"1";"2";"1";""
"202400051386";"155 691 341";"A01";"1";"7";"0";"2";"1";"5";"1";""
"202400051386";"155 691 347";"B01";"2";"7";"0";"2";"1";"1";"1";""
"202400051387";"155 691 332";"A01";"1";"7";"0";"2";"2";"2";"1";""
"202400051387";"155 691 338";"B01";"1";"33";"0";"0";"4";"2";"1";""
"202400051388";"155 691 336";"A01";"2";"7";"0";" -1";"0";"21";"3";""
"202400051389";"155 691 335";"B01";"1";"7";"0";"2";"4";"2";"1";""
"202400051389";"155 691 343";"A01";"1";"7";"0";"2";"1";"2";"1";""
"202400051390";"155 691 326";"A01";"2";"1";"0";"2";"1";"9";"5";""
"202400051390";"155 691 331";"B01";"2";"1";"0";"2";"1";"9";"5";""
"202400051390";"155 691 337";"C01";"1";"7";"0";"2";"1";"1";"1";""
"202400051391";"155 691 327";"A01";"2";"30";"14";"2";"4";"2";"1";""
"202400051391";"155 691 334";"B01";"2";"10";"0";"2";"4";"23";"1";""
"202400051392";"155 691 333";"B01";"2";"50";"0";"2";"2";"1";"3";""
"202400051392";"155 691 339";"A01";"2";"7";"0";"2";"3";"10";"1";""
"202400051393";"155 691 325";"B01";"1";"7";"0";"2";"1";"1";"1";""
"202400051393";"155 691 329";"A01";"1";"7";"2";"2";"7";"21";"1";""
"202400051394";"155 691 321";"A01";"1";"2";"13";"0";"0";"13";"1";""
"202400051395";"155 691 324";"A01";"3";"10";"0";"2";"1";"26";"1";""
"202400051395";"155 691 330";"B01";"3";"7";"0";"2";"4";"0";"1";""
"202400051396";"155 691 323";"B01";"3";"7";"0";"0";"0";"0";"1";""
"202400051396";"155 691 328";"A01";"3";"31";"0";"2";"1";"2";"1";""
"202400051397";"155 691 316";"A01";"3";"7";"6";"0";"2";"1";"1";""
"202400051398";"155 691 318";"A01";"1";"1";"6";"0";"1";"0";"5";""
"202400051399";"155 691 317";"B01";"1";"7";"0";"2";"6";"0";"1";""
"202400051399";"155 691 320";"A01";"2";"7";"0";"2";"1";"26";"1";""
"202400051400";"155 691 313";"A01";"1";"7";"0";"0";"6";"1";"1";""
"202400051400";"155 691 319";"B01";"2";"1";"0";"0";"9";"1";"5";""
"202400051401";"155 691 315";"A01";"2";"33";"13";"0";"1";"0";"1";""
"202400051402";"155 691 314";"A01";"2";"7";"0";"1";"3";"0";"0";""
"202400051403";"155 691 311";"U01";"2";"1";"0";"9";"4";"1";"5";""
"202400051404";"155 691 309";"A01";"2";"7";"0";"2";"1";"2";"1";""
"202400051404";"155 691 312";"B01";"2";"7";"0";"2";"4";"2";"6";""
"202400051405";"155 691 308";"A01";"2";"37";"12";"1";"2";"7";"1";"1"
"202400051406";"155 691 310";"A01";"1";"7";"0";"1";"3";"1";"1";""
"202400051407";"155 691 305";"A01";"1";"7";"0";"1";"1";"1";"1";""
"202400051408";"155 691 304";"A01";"1";"10";"0";"1";"6";"4";"1";""
"202400051409";"155 691 301";"A01";"1";"7";"17";"0";"9";"14";"1";""
"202400051410";"155 691 302";"A01";"1";"7";"0";"2";"1";"15";"1";""
"202400051410";"155 691 306";"B01";"2";"33";"0";"2";"3";"1";"1";""
"202400051411";"155 691 299";"B01";"1";"7";"0";"2";"1";"1";"1";""
"202400051411";"155 691 303";"A01";"2";"7";"0";"2";"1";"13";"1";""
"202400051412";"155 691 293";"A01";"1";"7";"13";"0";"2";"2";"1";""
"202400051413";"155 691 295";"A01";"3";"7";"0";"2";"5";"16";"1";""
"202400051413";"155 691 300";"B01";"3";"7";"0";"2";"3";"1";"1";""
"202400051414";"155 691 290";"A01";"2";"7";"4";"2";"3";"1";"1";""
"202400051414";"155 691 294";"B01";"2";"7";"0";"2";"9";"1";"1";""
"202400051415";"155 691 289";"B01";"3";"10";"0";"2";"2";"21";"1";""
"202400051415";"155 691 297";"A01";"3";"7";"0";"2";"3";"9";"1";""
"202400051416";"155 691 291";"B01";"3";"1";"0";"2";"8";"19";"5";""
"202400051416";"155 691 298";"A01";"3";"7";"0";"2";"1";"16";"1";""
"202400051417";"155 691 284";"A01";"0";"7";"0";"2";"3";"13";"1";""
"202400051417";"155 691 287";"B01";"0";"7";"0";"2";"3";"1";"1";""
"202400051418";"155 691 283";"A01";"3";"7";"0";"2";"1";"19";"1";""
"202400051418";"155 691 296";"C01";"3";"7";"0";"2";"1";"1";"1";""
"202400051418";"155 691 307";"B01";"2";"7";"0";"2";"3";"1";"1";""
"202400051419";"155 691 285";"B01";"2";"30";"0";"2";"1";"1";"1";""
"202400051419";"155 691 292";"A01";"2";"7";"0";"2";"5";"1";"1";""
"202400051420";"155 691 281";"A01";"2";"7";"13";"0";"1";"14";"1";""
"202400051421";"155 691 277";"A01";"3";"7";"0";"5";"2";"1";"1";""
"202400051421";"155 691 280";"B01";"3";"99";"0";"2";"1";"1";"6";""
"202400051421";"155 691 286";"C01";"3";"99";"0";"2";"1";"1";"6";""
"202400051422";"155 691 282";"A01";"1";"32";"0";"2";"5";"13";"1";""
"202400051422";"155 691 288";"B01";"1";"7";"0";"2";"5";"17";"1";""
"202400051423";"155 691 275";"A01";"1";"2";"13";"0";"1";"14";"1";""
"202400051424";"155 691 274";"A01";"1";"7";"0";"0";"9";"1";"1";""
"202400051425";"155 691 272";"A01";"1";"7";"1";"2";"4";"23";"1";""
"202400051425";"155 691 279";"B01";"1";"7";"0";"2";"1";"2";"1";""
"202400051426";"155 691 268";"A01";"3";"10";"0";"1";"3";"15";"1";""
"202400051427";"155 691 270";"B01";"3";"7";"0";"2";"6";"1";"1";""
"202400051427";"155 691 278";"A01";"3";"7";"0";"2";"1";"1";"1";""
"202400051428";"155 691 269";"A01";"2";"10";"0";"1";"2";"1";"1";""
"202400051429";"155 691 267";"A01";"0";"10";"0";"2";"3";"1";"1";""
"202400051429";"155 691 276";"B01";"0";"7";"0";"2";"3";"1";"1";""
"202400051430";"155 691 271";"A01";"3";"7";"0";"2";"1";"1";"1";""
"202400051430";"155 691 273";"B01";"3";"33";"0";"2";"4";"23";"1";""
"202400051431";"155 691 263";"A01";"2";"7";"9";"0";"1";"1";"1";""
"202400051432";"155 691 260";"A01";"1";"7";"2";"0";"2";"0";"1";""
"202400051433";"155 691 257";"A01";"1";"30";"0";"0";"0";"0";"1";""
"202400051434";"155 691 259";"A01";"2";"7";"0";"1";"1";"1";"1";""
"202400051435";"155 691 255";"A01";"1";"7";"0";"1";"8";"1";"1";""
"202400051436";"155 691 258";"A01";"1";"7";"0";"2";"3";"13";"1";""
"202400051436";"155 691 264";"B01";"1";"10";"0";"2";"3";"1";"1";""
"202400051437";"155 691 262";"B01";"2";"7";"0";"2";"3";"26";"1";""
"202400051437";"155 691 266";"C01";"1";"13";"0";"2";"8";"1";" -1";""
"202400051438";"155 691 254";"A01";"3";"7";"1";"1";"1";"1";"1";""
"202400051439";"155 691 253";"A01";"1";"7";"0";"2";"8";"1";"1";""
"202400051439";"155 691 256";"B01";"1";"7";"0";"2";"7";"1";"1";""
"202400051440";"155 691 252";"A01";"1";"1";"0";"0";"0";"1";"5";""
"202400051441";"155 691 251";"A01";"3";"7";"0";"2";"7";"1";"1";""
"202400051441";"155 691 261";"B01";"3";"7";"0";"2";"1";"1";"1";""
"202400051442";"155 691 250";"A01";"2";"7";"1";"9";"9";"1";"1";""
"202400051443";"155 691 248";"A01";"3";"33";"0";"0";"8";"1";"1";""
"202400051444";"155 691 249";"A01";"2";"7";"2";"0";"7";"14";"1";""
"202400051445";"155 691 247";"A01";"1";"7";"0";"1";"2";"1";"1";""
"202400051446";"155 691 242";"A01";"3";"7";"0";"1";"2";"1";"1";""
"202400051447";"155 691 238";"A01";"3";"14";"0";"1";"5";"4";"1";""
"202400051448";"155 691 241";"B01";"3";"1";"1";"0";"1";"18";"5";""
"202400051448";"155 691 245";"A01";"2";"7";"0";"0";"7";"22";"1";""
"202400051449";"155 691 237";"A01";"1";"7";"0";"2";"3";"9";"1";""
"202400051449";"155 691 246";"B01";"2";"32";"0";"2";"7";"1";"1";""
"202400051450";"155 691 233";"A01";"1";"7";"2";"0";"3";"13";"1";""
"202400051451";"155 691 234";"A01";"3";"7";"0";"2";"1";"1";"1";""
"202400051451";"155 691 244";"B01";"3";"7";"0";"0";"3";"15";"1";""
"202400051452";"155 691 232";"A01";"1";"2";"1";"0";"1";"2";"1";""
"202400051452";"155 691 239";"B01";"1";"17";"0";"0";"0";"23";"1";""
"202400051453";"155 691 228";"A01";"1";"10";"0";"2";"3";"15";"1";""
"202400051453";"155 691 231";"B01";"2";"1";"0";"2";"7";"1";"5";""
"202400051454";"155 691 230";"A01";"1";"30";"0";"2";"3";"1";"1";""
"202400051454";"155 691 236";"B01";"2";"7";"0";"2";"3";"1";"1";""
"202400051455";"155 691 221";"B01";"2";"7";"0";"2";"1";"13";"2";""
"202400051455";"155 691 227";"A01";"1";"10";"0";"2";"2";"1";"1";""
"202400051456";"155 691 223";"A01";"1";"7";"0";"1";"1";"1";"1";""
"202400051457";"155 691 219";"A01";"1";"7";"14";"2";"2";"2";"1";""
"202400051457";"155 691 226";"B01";"1";"7";"14";"2";"3";"2";"1";""
"202400051457";"155 691 229";"C01";"1";"10";"0";"2";"5";"2";"1";""
"202400051457";"155 691 235";"D01";"2";"10";"0";"2";"6";"21";"1";""
"202400051458";"155 691 216";"A01";"1";"7";"0";"1";"1";"19";"1";""
"202400051459";"155 691 218";"B01";"3";"7";"0";"2";"8";"0";"1";""
"202400051459";"155 691 225";"A01";"2";"50";"0";"2";"1";"25";"3";""
"202400051460";"155 691 213";"A01";"2";"7";"13";"2";"3";"13";"1";""
"202400051460";"155 691 220";"B01";"1";"7";"0";"2";"2";"1";"1";""
"202400051461";"155 691 215";"A01";"3";"7";"0";"2";"3";"15";"1";""
"202400051461";"155 691 222";"B01";"3";"32";"0";"2";"8";"1";"1";""
"202400051462";"155 691 211";"A01";"1";"2";"11";"0";"0";"14";"1";""
"202400051463";"155 691 206";"C01";"1";"7";"3";"2";"4";"2";"1";""
"202400051463";"155 691 210";"A01";"1";"38";"3";"2";"3";"2";"1";"1"
"202400051463";"155 691 214";"B01";"1";"7";"3";"2";"4";"2";"1";""
"202400051464";"155 691 205";"A01";"2";"33";"0";"2";"8";"19";"1";""
"202400051464";"155 691 209";"B01";"1";"7";"0";"0";"8";"1";"1";""
"202400051465";"155 691 204";"A01";"1";"20";"0";"2";"3";"1";"1";""
"202400051465";"155 691 212";"B01";"2";"1";"0";"2";"1";"1";"5";""
"202400051466";"155 691 199";"B01";"3";"99";"0";"2";"0";"0";"3";""
"202400051466";"155 691 208";"A01";"3";"10";"0";"2";"0";"16";"0";""
"202400051467";"155 691 201";"A01";"1";"7";"0";"2";"1";"1";"2";""
"202400051467";"155 691 207";"B01";"1";"7";"0";"2";"4";"1";"1";""
"202400051468";"155 691 198";"A01";"2";"7";"13";"0";"8";"1";"1";""
"202400051469";"155 691 196";"B01";"1";"10";"0";"2";"1";"1";"1";""
"202400051469";"155 691 202";"A01";"2";"7";"0";"2";"1";"13";"1";""
"202400051470";"155 691 195";"B01";"3";"7";"0";"0";"6";"2";"1";""
"202400051470";"155 691 203";"A01";"3";"33";"0";"2";"1";"2";"1";""
"202400051471";"155 691 194";"A01";"2";"7";"13";"0";"9";"1";"1";""
"202400051472";"155 691 193";"A01";"2";"33";"0";"2";"8";"0";"1";""
"202400051472";"155 691 200";"B01";"1";"7";"0";"2";"6";"1";"1";""
"202400051473";"155 691 188";"A01";"3";"7";"0";"2";"1";"16";"1";""
"202400051473";"155 691 191";"B01";"3";"1";"0";"2";"1";"1";"5";""
"202400051474";"155 691 189";"B01";"1";"7";"0";"2";"3";"2";"1";""
"202400051474";"155 691 192";"C01";"2";"7";"0";"2";"1";"1";"1";""
"202400051474";"155 691 197";"A01";"1";"7";"0";"2";"3";"17";"2";""
"202400051475";"155 691 186";"A01";"2";"33";"0";"0";"0";"0";"1";""
"202400051476";"155 691 185";"A01";"0";"7";"0";"1";"1";"1";"1";""
"202400051477";"155 691 184";"A01";"3";"7";"0";"1";"2";"1";"1";""
"202400051478";"155 691 182";"B01";"2";"33";"0";"2";"1";"1";"1";""
"202400051478";"155 691 187";"A01";"1";"7";"0";"2";"7";"15";"1";""
"202400051479";"155 691 179";"A01";"2";"7";"0";"0";"1";"1";"2";""
"202400051480";"155 691 178";"A01";"2";"7";"6";"0";"1";"1";"1";""
"202400051481";"155 691 180";"A01";"3";"7";"0";"1";"1";"1";"1";""
"202400051482";"155 691 175";"B01";"2";"7";"0";"2";"1";"1";"1";""
"202400051482";"155 691 183";"A01";"1";"7";"0";"2";"7";"15";"1";""
"202400051483";"155 691 174";"B01";"1";"33";"0";"0";"4";"17";"1";""
"202400051483";"155 691 177";"A01";"1";"33";"0";"2";"1";"17";"1";""
"202400051484";"155 691 173";"A01";"3";"50";"0";"2";"0";"0";"3";""
"202400051484";"155 691 176";"B01";"3";"7";"0";"2";"0";"16";"1";""
"202400051485";"155 691 171";"B01";"1";"7";"0";"9";"3";"1";"1";""
"202400051485";"155 691 181";"A01";"2";"50";"0";"2";"2";"1";"3";""
"202400051486";"155 691 172";"A01";"1";"3";"2";"0";"3";"21";"1";""
"202400051487";"155 691 169";"A01";"1";"7";"0";"1";"1";"1";"1";""
"202400051488";"155 691 166";"B01";"1";"7";"6";"9";"2";"1";"1";""
"202400051488";"155 691 170";"A01";"2";"7";"6";"0";"3";"0";"1";""
"202400051489";"155 691 164";"A01";"2";"7";"13";"0";"3";"1";"1";""
"202400051490";"155 691 162";"A01";"2";"7";"0";"1";"4";"4";"1";""
"202400051491";"155 691 159";"A01";"0";"7";"0";"9";"6";"19";"1";""
"202400051491";"155 691 168";"B01";"2";"1";"0";"2";"1";"1";"5";""
"202400051492";"155 691 158";"A01";"2";"10";"0";"2";"2";"15";"1";""
"202400051492";"155 691 165";"B01";"1";"50";"0";"2";"1";"1";"3";""
"202400051493";"155 691 161";"B01";"1";"2";"0";"2";"4";"2";"1";""
"202400051493";"155 691 167";"Z01";"1";"7";"0";"2";"1";"2";"0";""
"202400051494";"155 691 155";"A01";"2";"7";"3";"2";"8";"1";"1";""
"202400051494";"155 691 157";"B01";"1";"15";"3";"2";"2";"6";"1";""
"202400051495";"155 691 153";"A01";"2";"7";"0";"1";"1";"1";"1";""
"202400051496";"155 691 152";"B01";"2";"7";"0";"2";"6";"1";"1";""
"202400051496";"155 691 163";"A01";"3";"33";"0";"2";"1";"19";"1";""
"202400051497";"155 691 151";"A01";"2";"7";"0";"0";"4";"16";"1";""
"202400051497";"155 691 154";"B01";"2";"7";"0";"2";"1";"2";"1";""
"202400051498";"155 691 150";"A01";"1";"7";"0";"2";"3";"1";"1";""
"202400051498";"155 691 156";"B01";"2";"10";"7";"2";"2";"1";"1";""
"202400051499";"155 691 149";"B01";"2";"7";"0";"2";"2";"1";"1";""
"202400051499";"155 691 160";"A01";"1";"7";"0";"2";"3";"13";"2";""
"202400051500";"155 691 148";"A01";"1";"20";"2";"0";"9";"14";"1";""
"202400051501";"155 691 146";"A01";"1";"7";"2";"0";"7";"1";"1";""
"202400051502";"155 691 145";"A01";"3";"7";"0";"1";"3";"1";"1";""
"202400051503";"155 691 143";"B01";"1";"7";"0";"2";"4";"1";"1";""
"202400051503";"155 691 147";"A01";"1";"7";"0";"2";"1";"1";"1";""
"202400051504";"155 691 142";"A01";"3";"30";"0";"0";"3";"0";"1";""
"202400051505";"155 691 137";"B01";"2";"2";"13";"0";"4";"2";"3";""
"202400051505";"155 691 141";"A01";"2";"10";"0";"2";"2";"2";"1";""
"202400051506";"155 691 134";"A01";"2";"10";"0";"0";"5";"2";"1";""
"202400051506";"155 691 138";"B01";"2";"32";"0";"2";"1";"2";"1";""
"202400051507";"155 691 133";"B01";"1";"15";"0";"2";"3";"1";"1";""
"202400051507";"155 691 136";"A01";"2";"10";"0";"2";"3";"13";"1";""
"202400051508";"155 691 135";"B01";"1";"7";"0";"2";"2";"1";"1";""
"202400051508";"155 691 140";"A01";"1";"7";"0";"2";"8";"10";"1";""
"202400051509";"155 691 139";"A01";"2";"7";"0";"1";"2";"1";"1";""
"202400051510";"155 691 132";"B01";"1";"10";"0";"2";"8";"1";"3";""
"202400051510";"155 691 144";"A01";"1";"7";"0";"2";"1";"1";"1";""
"202400051511";"155 691 129";"A01";"2";"7";"0";"1";"1";"1";"1";""
"202400051512";"155 691 125";"A01";"1";"7";"2";"0";"3";"19";"1";""
"202400051513";"155 691 123";"B01";"1";"17";"0";"2";"1";"2";"1";""
"202400051513";"155 691 127";"A01";"1";"21";"0";"2";"4";"2";"1";""
"202400051514";"155 691 120";"A01";"2";"14";"0";"1";"1";"1";"1";""
"202400051515";"155 691 119";"A01";"1";"7";"0";"2";"7";"13";"1";""
"202400051515";"155 691 126";"B01";"2";"10";"0";"2";"1";"1";"1";""
"202400051516";"155 691 121";"A01";"3";"7";"6";"0";"1";"26";"1";""
"202400051517";"155 691 118";"A01";"1";"7";"6";"9";"1";"1";"1";""
"202400051518";"155 691 116";"A01";"1";"7";"0";"2";"3";"13";"1";""
"202400051518";"155 691 124";"B01";"2";"15";"0";"2";"3";"1";"1";""
"202400051518";"155 691 128";"C01";"1";"7";"0";"2";"1";"1";"1";""
"202400051518";"155 691 130";"D01";"1";"10";"0";"9";"8";"1";"1";""
"202400051519";"155 691 117";"B01";"1";"37";"0";"2";"3";"1";"1";"5"
"202400051519";"155 691 131";"A01";"2";"15";"0";"2";"2";"1";"1";""
"202400051520";"155 691 114";"B01";"3";"80";"0";"2";"8";"19";"3";""
"202400051520";"155 691 122";"A01";"3";"30";"0";"9";"8";"15";"1";""
"202400051521";"155 691 113";"A01";"2";"10";"0";"2";"2";"1";"1";""
"202400051521";"155 691 115";"B01";"2";"31";"0";"2";"8";"1";"1";""
"202400051522";"155 691 108";"A01";"1";"7";"0";"2";"4";"1";"1";""
"202400051522";"155 691 112";"B01";"1";"7";"0";"2";"1";"2";"1";""