"Num_Acc";"id_vehicule";"num_veh";"senc";"catv";"obs";"obsm";"choc";"manv";"motor";"occutc"
"202400051731";"155 690 746";"A01";"2";"7";"2";"0";"9";"1";"1";""
"202400051732";"155 690 744";"A01";"0";"7";"6";"0";"1";"1";"2";""
"202400051733";"155 690 742";"A01";"1";"7";"4";"0";"1";"1";"1";""
"202400051734";"155 690 740";"A01";"1";"7";"12";"2";"4";"20";"1";""
"202400051734";"155 690 743";"B01";"1";"2";"0";"2";"1";"1";"1";""
"202400051735";"155 690 736";"A01";"3";"33";"0";"0";"0";"0";"1";""
"202400051736";"155 690 735";"A01";"3";"1";"0";"0";"0";"23";"5";""
"202400051737";"155 690 737";"A01";"1";"7";"0";"1";"7";"1";"1";""
"202400051738";"155 690 734";"A01";"3";"7";"8";"2";"4";"23";"1";""
"202400051738";"155 690 741";"Z01";"3";"7";"0";"2";"1";"1";"1";""
"202400051739";"155 690 731";"A01";"0";"7";"9";"1";"1";"25";"3";""
"202400051740";"155 690 732";"B01";"2";"7";"0";"0";"0";"1";"1";""
"202400051740";"155 690 739";"A01";"1";"50";"0";"0";"0";"19";"3";""
"202400051741";"155 690 728";"A01";"2";"7";"0";"2";"1";"2";"1";""
"202400051741";"155 690 733";"B01";"2";"7";"0";"2";"6";"2";"1";""
"202400051742";"155 690 727";"A01";"2";"7";"0";"2";"3";"1";"2";""
"202400051742";"155 690 730";"B01";"3";"1";"0";"2";"2";"1";"5";""
"202400051743";"155 690 725";"A01";"1";"30";"8";"0";"1";"1";"1";""
"202400051744";"155 690 720";"A01";"3";"30";"0";"2";"0";"18";"1";""
"202400051744";"155 690 726";"B01";"3";"2";"0";"2";"8";"1";"1";""
"202400051745";"155 690 721";"A01";"1";"7";"14";"2";"1";"1";"1";""
"202400051745";"155 690 729";"B01";"1";"7";"0";"2";"4";"2";"1";""
"202400051746";"155 690 724";"A01";"2";"7";"0";"1";"3";"1";"1";""
"202400051747";"155 690 719";"A01";"2";"7";"13";"0";"3";"1";"1";""
"202400051748";"155 690 718";"A01";"2";"1";"0";"2";"1";"1";"5";""
"202400051748";"155 690 723";"Z01";"1";"7";"0";"2";"1";"15";"1";""
"202400051749";"155 690 714";"B01";"1";"2";"0";"2";"1";"1";"1";""
"202400051749";"155 690 722";"A01";"2";"7";"0";"2";"7";"15";"1";""
"202400051750";"155 690 713";"A01";"1";"2";"0";"0";"0";"14";"1";""
"202400051751";"155 690 708";"B01";"2";"7";"0";"2";"1";"1";"1";""
"202400051751";"155 690 715";"A01";"1";"7";"0";"2";"1";"13";"1";""
"202400051752";"155 690 705";"A01";"2";"7";"0";"2";"3";"13";"1";""
"202400051752";"155 690 709";"B01";"1";"7";"0";"0";"8";"1";"1";""
"202400051752";"155 690 712";"C01";"1";"7";"13";"0";"3";"21";"1";""
"202400051752";"155 690 717";"D01";"1";"7";"0";"2";"3";"1";"1";""
"202400051753";"155 690 706";"A01";"1";"7";"0";"2";"1";"14";"1";""
"202400051753";"155 690 710";"B01";"2";"7";"0";"2";"1";"26";"2";""
"202400051754";"155 690 700";"A01";"2";"33";"14";"0";"1";"2";"1";""
"202400051755";"155 690 704";"A01";"2";"1";"0";"0";"0";"1";"5";""
"202400051756";"155 690 702";"A01";"1";"33";"0";"2";"1";"17";"1";""
"202400051756";"155 690 711";"B01";"1";"21";"0";"2";"8";"15";"1";""
"202400051757";"155 690 701";"B01";"2";"1";"0";"2";"8";"1";"5";""
"202400051757";"155 690 707";"Z01";"2";"7";"0";"2";"7";"1";"0";""
"202400051758";"155 690 697";"A01";"1";"13";"0";"0";"4";"26";"1";""
"202400051758";"155 690 703";"B01";"2";"50";"1";"9";"1";"1";"3";""
"202400051759";"155 690 693";"A01";"2";"7";"0";"1";"3";"15";"1";""
"202400051760";"155 690 695";"A01";"2";"7";"4";"2";"1";"1";"1";""
"202400051760";"155 690 698";"B01";"2";"7";"0";"2";"4";"1";"1";""
"202400051761";"155 690 691";"A01";"0";"7";"0";"1";"1";"19";"1";""
"202400051762";"155 690 690";"A01";"3";"7";"0";"2";"1";"15";"1";""
"202400051762";"155 690 696";"B01";"1";"32";"0";"2";"1";"1";"1";""
"202400051762";"155 690 699";"C01";"2";"1";"0";"2";"1";"1";"5";""
"202400051763";"155 690 689";"A01";"2";"31";"0";"0";"1";"1";"1";""
"202400051764";"155 690 686";"A01";"1";"7";"0";"2";"0";"0";"1";""
"202400051764";"155 690 694";"B01";"2";"50";"0";"2";"8";"19";"3";""
"202400051765";"155 690 685";"A01";"2";"1";"0";"1";"7";"21";"5";""
"202400051766";"155 690 681";"D01";"1";"7";"0";"0";"0";"0";"1";""
"202400051766";"155 690 684";"A01";"1";"7";"3";"0";"1";"1";"1";""
"202400051766";"155 690 688";"B01";"1";"7";"3";"0";"1";"1";"1";""
"202400051766";"155 690 692";"C01";"1";"7";"0";"2";"4";"1";"1";""
"202400051767";"155 690 678";"A01";"2";"7";"5";"2";"1";"5";"1";""
"202400051767";"155 690 683";"B01";"1";"7";"0";"2";"1";"23";"1";""
"202400051768";"155 690 679";"A01";"2";"7";"0";"1";"3";"1";"1";""
"202400051769";"155 690 676";"A01";"1";"7";"16";"0";"9";"1";"1";""
"202400051770";"155 690 675";"B01";"3";"50";"0";"2";"7";"1";"3";""
"202400051770";"155 690 682";"A01";"2";"7";"0";"2";"3";"9";"1";""
"202400051771";"155 690 677";"A01";"2";"50";"0";"2";"3";"9";"3";""
"202400051771";"155 690 687";"B01";"1";"10";"0";"2";"2";"15";"1";""
"202400051772";"155 690 674";"A01";"1";"33";"0";"2";"1";"1";"1";""
"202400051772";"155 690 680";"B01";"2";"34";"0";"2";"7";"1";"1";""
"202400051773";"155 690 673";"A01";"1";"7";"4";"0";"8";"21";"1";""
"202400051774";"155 690 670";"A01";"1";"10";"4";"0";"2";"14";"1";""
"202400051775";"155 690 672";"A01";"1";"7";"0";"1";"2";"16";"3";""
"202400051776";"155 690 667";"B01";"1";"7";"0";"2";"6";"2";"2";""
"202400051776";"155 690 671";"A01";"1";"2";"0";"2";"1";"2";"1";""
"202400051777";"155 690 662";"B01";"2";"33";"0";"2";"1";"3";"1";""
"202400051777";"155 690 668";"A01";"2";"7";"0";"2";"6";"1";"1";""
"202400051778";"155 690 660";"B01";"2";"7";"0";"2";"4";"1";"1";""
"202400051778";"155 690 665";"A01";"2";"7";"0";"2";"1";"1";"1";""
"202400051779";"155 690 659";"A01";"1";"7";"0";"1";"2";"17";"1";""
"202400051780";"155 690 655";"B01";"2";"33";"0";"2";"3";"1";"1";""
"202400051780";"155 690 664";"A01";"1";"33";"0";"2";"3";"13";"1";""
"202400051781";"155 690 654";"A01";"1";"7";"0";"2";"4";"1";"1";""
"202400051781";"155 690 657";"C01";"1";"7";"0";"2";"1";"1";"1";""
"202400051781";"155 690 663";"Z01";"1";"7";" -1";"2";" -1";" -1";" -1";""
"202400051781";"155 690 669";"B01";"1";"7";"0";"2";"4";"1";"1";""
"202400051782";"155 690 653";"A01";"2";"33";"0";"2";"7";"3";"1";""
"202400051782";"155 690 656";"B01";"2";"7";"0";"2";"3";"11";"1";""
"202400051782";"155 690 661";"C01";"2";"7";"0";"2";"5";"1";"3";""
"202400051783";"155 690 652";"A01";"1";"7";"4";"0";"1";"16";"1";""
"202400051784";"155 690 650";"A01";"1";"7";"4";"0";"8";"26";"1";""
"202400051785";"155 690 648";"A01";"1";"33";"0";"0";"7";"0";"1";""
"202400051786";"155 690 647";"A01";"3";"10";"0";"1";"2";"9";"0";""
"202400051787";"155 690 644";"A01";"1";"7";"0";"2";"1";"1";"2";""
"202400051787";"155 690 651";"B01";"1";"15";"0";"2";"6";"1";"1";""
"202400051788";"155 690 643";"A01";"0";"30";"0";"2";"0";"0";"1";""
"202400051788";"155 690 649";"B01";"0";"50";"0";"2";"0";"0";"3";""
"202400051789";"155 690 641";"A01";"2";"2";"0";"2";"1";"17";"1";""
"202400051789";"155 690 646";"B01";"2";"7";"0";"2";"3";"0";"1";""
"202400051790";"155 690 640";"A01";"2";"7";"4";"0";"1";"11";"1";""
"202400051791";"155 690 639";"B01";"1";"33";"0";"2";"3";"1";"1";""
"202400051791";"155 690 642";"A01";"2";"7";"0";"2";"3";"15";"1";""
"202400051792";"155 690 634";"A01";"3";"7";"0";"1";"0";"16";"1";""
"202400051793";"155 690 633";"A01";"2";"7";"0";"2";"4";"1";"1";""
"202400051793";"155 690 645";"B01";"2";"7";"0";"2";"1";"1";"1";""
"202400051794";"155 690 628";"A01";"1";"7";"0";"2";"1";"1";"1";""
"202400051794";"155 690 638";"B01";"1";"15";"0";"2";"4";"1";"1";""
"202400051795";"155 690 631";"A01";"1";"7";"4";"0";"1";"15";"1";""
"202400051796";"155 690 632";"A01";"2";"7";"0";"2";"3";"13";"1";""
"202400051796";"155 690 637";"B01";"1";"7";"0";"2";"3";"1";"1";""
"202400051797";"155 690 627";"A01";"3";"37";"0";"1";"2";"1";"1";"1"
"202400051798";"155 690 630";"A01";"1";"30";"0";"2";"1";"9";"1";""
"202400051798";"155 690 636";"B01";"2";"7";"0";"2";"3";"1";"1";""
"202400051799";"155 690 623";"A01";"2";"10";"0";"2";"1";"1";"1";""
"202400051799";"155 690 626";"B01";"2";"7";"0";"2";"4";"2";"1";""
"202400051799";"155 690 635";"C01";"2";"7";"3";"2";"4";"2";"1";""
"202400051800";"155 690 621";"B01";"2";"50";"0";"2";"0";"0";"3";""
"202400051800";"155 690 629";"A01";"2";"7";"0";"9";"2";"15";"2";""
"202400051801";"155 690 618";"A01";"1";"33";"0";"2";"1";"1";"1";""
"202400051801";"155 690 624";"B01";"2";"7";"0";"2";"5";"15";"1";""
"202400051802";"155 690 625";"A01";"2";"37";"0";"1";"7";"1";"2";"1"
"202400051803";"155 690 616";"A01";"1";"10";"0";"2";"4";"2";"1";""
"202400051803";"155 690 622";"B01";"1";"33";"0";"2";"1";"2";"1";""
"202400051804";"155 690 613";"A01";"1";"7";"0";"2";"1";"1";"1";""
"202400051804";"155 690 617";"B01";"1";"7";"0";"2";"4";"0";"1";""
"202400051805";"155 690 612";"Z01";"2";"7";"0";"2";"7";"12";"1";""
"202400051805";"155 690 620";"A01";"2";"33";"0";"2";"8";"3";"1";""
"202400051806";"155 690 611";"A01";"2";"7";"0";"2";"3";"15";"2";""
"202400051806";"155 690 619";"B01";"2";"2";"0";"2";"1";"1";"1";""
"202400051807";"155 690 610";"A01";"1";"7";"0";"2";"2";"16";"1";""
"202400051807";"155 690 615";"B01";"1";"33";"0";"2";"3";"1";"1";""
"202400051808";"155 690 608";"A01";"1";"7";"0";"2";"1";"2";"1";""
"202400051808";"155 690 614";"B01";"1";"7";"1";"0";"4";"24";"1";""
"202400051809";"155 690 605";"B01";"2";"7";"0";"0";"4";"2";"1";""
"202400051809";"155 690 609";"A01";"2";"7";"0";"2";"1";"2";"1";""
"202400051810";"155 690 604";"A01";"0";"7";"0";"1";"0";"1";"1";""
"202400051811";"155 690 597";"A01";"1";"10";"0";"1";"1";"1";"1";""
"202400051812";"155 690 603";"A01";"1";"7";"0";"2";"3";"15";"1";""
"202400051812";"155 690 607";"B01";"2";"2";"0";"2";"1";"1";"1";""
"202400051813";"155 690 593";"A01";"1";"33";"0";"2";"8";"3";"1";""
"202400051813";"155 690 600";"B01";"1";"10";"0";"2";"7";"2";"1";""
"202400051814";"155 690 595";"A01";"2";"50";"0";"0";"0";"2";"3";""
"202400051815";"155 690 590";"A01";"3";"7";"0";"2";"3";"19";"1";""
"202400051815";"155 690 599";"B01";"3";"1";"0";"2";"1";"0";"5";""
"202400051816";"155 690 587";"B01";"2";"7";"0";"2";"4";"1";"2";""
"202400051816";"155 690 592";"C01";"2";"7";"0";"2";"4";"2";"1";""
"202400051816";"155 690 598";"D01";"2";"7";"0";"2";"2";"1";"1";""
"202400051816";"155 690 601";"A01";"2";"7";"0";"2";"1";"2";"2";""
"202400051817";"155 690 585";"B01";"1";"7";"0";"0";"3";"23";"1";""
"202400051817";"155 690 589";"A01";"2";"34";"0";"1";"1";"26";"1";""
"202400051818";"155 690 580";"A01";"2";"7";"0";"2";"1";"1";"1";""
"202400051818";"155 690 586";"B01";"2";"7";"0";"2";"1";"11";"1";""
"202400051818";"155 690 591";"C01";"2";"17";"0";"2";"7";"1";"1";""
"202400051818";"155 690 596";"D01";"2";"10";"0";"2";"3";"1";"1";""
"202400051819";"155 690 582";"A01";"3";"7";"0";"2";"3";"15";"0";""
"202400051819";"155 690 588";"B01";"3";"33";"0";"2";"2";"17";"1";""
"202400051820";"155 690 579";"A01";"0";"1";"16";"0";"0";"1";"5";""
"202400051821";"155 690 578";"B01";"3";"99";"0";"0";"1";"0";"3";""
"202400051821";"155 690 584";"A01";"3";"33";"0";"0";"1";"3";"1";""
"202400051822";"155 690 577";"A01";"1";"7";"0";"1";"3";"1";"1";""
"202400051823";"155 690 575";"A01";"2";"7";"0";"2";"1";"1";"1";""
"202400051823";"155 690 581";"B01";"2";"7";"3";"0";"4";"2";"1";""
"202400051824";"155 690 573";"A01";"2";"34";"4";"0";"1";"1";"1";""
"202400051825";"155 690 572";"A01";"1";"7";"4";"0";"1";"1";"1";""
"202400051826";"155 690 571";"A01";"1";"33";"0";"2";"1";"26";"1";""
"202400051826";"155 690 576";"B01";"1";"7";"0";"2";"3";"15";"1";""
"202400051827";"155 690 570";"A01";"2";"7";"6";"0";"1";"1";"1";""
"202400051828";"155 690 568";"D01";"1";"7";"0";"2";"4";"1";"1";""
"202400051828";"155 690 583";"A01";"1";"7";"0";"2";"1";"1";"1";""
"202400051828";"155 690 594";"B01";"1";"33";"0";"2";"4";"1";"1";""
"202400051828";"155 690 602";"C01";"1";"10";"0";"2";"5";"1";"1";""
"202400051829";"155 690 567";"A01";"1";"7";"0";"1";"2";"19";"2";""
"202400051830";"155 690 566";"B01";"1";"2";"0";"2";"1";"1";"1";""
"202400051830";"155 690 574";"A01";"1";"7";"0";"2";"6";"15";"2";""
"202400051831";"155 690 565";"A01";"1";"7";"9";"0";"2";"16";"1";""
"202400051832";"155 690 564";"A01";"1";"7";"4";"0";"5";"14";"1";""
"202400051833";"155 690 561";"B01";"2";"7";"2";"0";"2";"14";"1";""
"202400051833";"155 690 569";"A01";"2";"7";"2";"0";"2";"13";"1";""
"202400051834";"155 690 562";"A01";"2";"7";"3";"0";"1";"16";"1";""
"202400051835";"155 690 560";"A01";"1";"10";"0";"2";"4";"2";"1";""
"202400051835";"155 690 563";"B01";"1";"2";"0";"2";"1";"2";"1";""
"202400051836";"155 690 557";"A01";"1";"33";"16";"0";"7";"1";"1";""
"202400051837";"155 690 555";"A01";"1";"7";"2";"0";"2";"1";"1";""
"202400051838";"155 690 554";"A01";"3";"7";"0";"2";"1";"2";"1";""
"202400051838";"155 690 559";"B01";"3";"7";"0";"2";"6";"23";"1";""
"202400051839";"155 690 549";"A01";"1";"7";"6";"0";"2";"17";"1";""
"202400051840";"155 690 552";"A01";"0";"7";"0";"2";"1";"15";"0";""
"202400051840";"155 690 558";"B01";"2";"1";"0";"2";"1";"1";"5";""
"202400051841";"155 690 550";"A01";"2";"7";"0";"1";"1";"1";"1";""
"202400051842";"155 690 548";"B01";"3";"50";"0";"2";"7";"0";"3";""
"202400051842";"155 690 556";"A01";"1";"10";"0";"9";"1";"15";"1";""
"202400051843";"155 690 546";"A01";"1";"7";"0";"1";"7";"1";"1";""
"202400051844";"155 690 544";"B01";"3";"1";"0";"2";"7";"19";"5";""
"202400051844";"155 690 553";"A01";"3";"43";"0";"2";"1";"1";"1";""
"202400051845";"155 690 543";"A01";"1";"7";"0";"9";"1";"0";"1";""
"202400051845";"155 690 547";"B01";"1";"7";"0";"2";"4";"0";"1";""
"202400051845";"155 690 551";"C01";"1";"7";"0";"9";"4";"1";"3";""
"202400051846";"155 690 542";"B01";"2";"7";"0";"2";"6";"1";"1";""
"202400051846";"155 690 545";"A01";"2";"7";"0";"2";"1";"1";"1";""
"202400051847";"155 690 541";"A01";"1";"7";"0";"1";"2";"21";"2";""
"202400051848";"155 690 540";"A01";"1";"10";"9";"0";"9";"1";"1";""
"202400051849";"155 690 536";"A01";"1";"10";"0";"2";"3";"12";"1";""
"202400051849";"155 690 539";"B01";"1";"1";"0";"2";"6";"1";"5";""
"202400051850";"155 690 532";"B01";"2";"7";"0";"2";"2";"21";"1";""
"202400051850";"155 690 538";"A01";"1";"7";"0";"2";"2";"5";"1";""
"202400051851";"155 690 533";"A01";"2";"7";"0";"2";"1";"5";"1";""
"202400051851";"155 690 537";"B01";"1";"31";"0";"2";"1";"1";"1";""
"202400051852";"155 690 531";"A01";"0";"30";"3";"0";"8";"1";"1";""
"202400051853";"155 690 529";"A01";"2";"7";"0";"2";"1";"15";"1";""
"202400051853";"155 690 534";"B01";"1";"2";"0";"2";"8";"0";"3";""
"202400051854";"155 690 528";"B01";"3";"50";"0";"2";"1";"1";"3";""
"202400051854";"155 690 535";"A01";"3";"7";"0";"2";"3";"26";"1";""
"202400051855";"155 690 526";"A01";"2";"10";"13";"0";"7";"1";"1";""
"202400051856";"155 690 525";"A01";"1";"33";"0";"2";"0";"0";"1";""
"202400051856";"155 690 530";"B01";"1";"7";"0";"2";"0";"0";"1";""
"202400051857";"155 690 521";"A01";"1";"7";"0";"2";"2";"15";"1";""
"202400051857";"155 690 527";"B01";"2";"7";"0";"2";"1";"1";"1";""
"202400051858";"155 690 517";"A01";"3";"33";"0";"2";"1";"13";"1";""
"202400051858";"155 690 520";"B01";"3";"7";"0";"2";"6";"0";"1";""
"202400051859";"155 690 515";"B01";"1";"1";"0";"2";"8";"2";"5";""
"202400051859";"155 690 523";"A01";"1";"13";"0";"2";"7";"2";"1";""
"202400051860";"155 690 514";"A01";"2";"7";"17";"0";"3";"0";"1";""
"202400051861";"155 690 513";"B01";"3";"2";"0";"2";"8";"1";"1";""
"202400051861";"155 690 522";"A01";"3";"7";"0";"2";"1";"19";"1";""
"202400051862";"155 690 516";"A01";"3";"33";"0";"2";"1";"16";"1";""
"202400051862";"155 690 524";"B01";"0";"10";"0";"2";"8";"1";"1";""
"202400051863";"155 690 509";"B01";"1";"10";"0";"2";"0";"0";"1";""
"202400051863";"155 690 512";"A01";"1";"33";"0";"2";"0";"1";"1";""
"202400051864";"155 690 510";"B01";"1";"60";"0";"2";"1";"15";"5";""
"202400051864";"155 690 518";"A01";"1";"10";"0";"2";"1";"15";"1";""
"202400051865";"155 690 507";"A01";"1";"7";"0";"2";"6";"23";"1";""
"202400051865";"155 690 511";"B01";"1";"33";"0";"2";"6";"23";"1";""
"202400051865";"155 690 519";"C01";"1";"7";"0";"2";"3";"1";"1";""
"202400051866";"155 690 504";"A01";"1";"7";"0";"1";"2";"17";"1";""
"202400051867";"155 690 505";"B01";"2";"7";"0";"2";"7";"17";"1";""
"202400051867";"155 690 508";"A01";"1";"30";"0";"2";"8";"11";"1";""
"202400051868";"155 690 503";"A01";"2";"50";"0";"0";"1";"1";"3";""
"202400051869";"155 690 502";"A01";"0";"7";"0";"1";"1";"1";"1";""
"202400051870";"155 690 501";"B01";"1";"33";"0";"2";"3";"1";"1";""
"202400051870";"155 690 506";"A01";"1";"7";"0";"2";"2";"26";"1";""
"202400051871";"155 690 500";"A01";"3";"7";"0";"1";"2";"1";"1";""
"202400051872";"155 690 499";"A01";"1";"31";"0";"0";"2";"1";"3";""
"202400051873";"155 690 496";"A01";"1";"7";"0";"1";"1";"0";"1";""
"202400051874";"155 690 493";"A01";"2";"7";"8";"0";"1";"14";"2";""
"202400051875";"155 690 494";"A01";"1";"7";"0";"2";"1";"0";"1";""
"202400051875";"155 690 497";"B01";"1";"7";"0";"2";"4";"0";"1";""
"202400051876";"155 690 489";"A01";"1";"7";"0";"1";"3";"1";"1";""
"202400051877";"155 690 487";"A01";"3";"30";"0";"9";"1";"15";"1";""
"202400051877";"155 690 498";"B01";"2";"1";"0";"2";"1";"16";"5";""
"202400051878";"155 690 488";"A01";"2";"7";"0";"2";"1";"16";"0";""
"202400051878";"155 690 492";"B01";"1";"50";"0";"2";"0";"0";"3";""
"202400051879";"155 690 485";"A01";"3";"7";"0";"2";"2";"19";"1";""
"202400051879";"155 690 495";"B01";"3";"33";"0";"2";"1";"1";"1";""
"202400051880";"155 690 486";"A01";"1";"7";"0";"2";"0";"15";"1";""
"202400051880";"155 690 491";"B01";"1";"50";"0";"2";"0";"1";"3";""
"202400051881";"155 690 484";"A01";"3";"7";"6";"2";"2";"17";"1";""
"202400051881";"155 690 490";"B01";"3";"7";"0";"2";"8";"15";"1";""
"202400051882";"155 690 483";"Z01";"2";"30";"0";"1";"0";"0";"0";""
"202400051883";"155 690 482";"A01";"3";"33";"0";"0";"7";"1";"1";""
"202400051884";"155 690 480";"A01";"1";"2";"9";"0";"1";"1";"1";""
"202400051885";"155 690 475";"A01";"1";"7";"0";"2";"1";"13";"1";""
"202400051885";"155 690 481";"B01";"1";"99";"0";"2";"4";"1";"0";""
"202400051886";"155 690 473";"A01";"1";"7";"0";"2";"1";"2";"2";""
"202400051886";"155 690 479";"B01";"1";"1";"0";"2";"4";"2";"5";""
"202400051887";"155 690 471";"A01";"1";"7";"8";"0";"1";"26";"0";""
"202400051888";"155 690 470";"Z01";"3";"99";"0";"2";"2";"14";"0";""
"202400051888";"155 690 476";"A01";"1";"33";"0";"2";"5";"1";"1";""
"202400051889";"155 690 464";"A01";"1";"7";"0";"2";"1";"1";"1";""
"202400051889";"155 690 469";"B01";"2";"2";"0";"2";"1";"13";"1";""
"202400051890";"155 690 465";"A01";"1";"7";"0";"2";"1";"1";"1";""
"202400051890";"155 690 474";"B01";"1";"7";"0";"2";"4";"2";"1";""
"202400051891";"155 690 462";"A01";"3";"7";"0";"2";"1";"16";"1";""
"202400051891";"155 690 468";"B01";"3";"7";"0";"2";"1";"2";"1";""
"202400051891";"155 690 477";"C01";"3";"7";"0";"2";"0";"0";"1";""
"202400051892";"155 690 463";"C01";"1";"7";"0";"2";"4";"1";"1";""
"202400051892";"155 690 466";"A01";"1";"7";"0";"2";"1";"1";"1";""
"202400051892";"155 690 478";"B01";"1";"7";"0";"2";"4";"1";"2";""
"202400051893";"155 690 459";"Z01";"1";"7";"0";"1";"1";"2";"0";""
"202400051894";"155 690 458";"A01";"2";"7";"1";"1";"4";"20";"1";""
"202400051895";"155 690 456";"A01";"1";"7";"1";"0";"2";"14";"1";""
"202400051896";"155 690 452";"B01";"1";"31";"0";"2";"1";"0";"1";""
"202400051896";"155 690 457";"A01";"1";"32";"0";"2";"1";"25";"1";""
"202400051897";"155 690 455";"A01";"1";"30";"0";"2";"0";"0";"1";""
"202400051897";"155 690 461";"B01";"2";"32";"0";"2";"0";"0";"1";""
"202400051898";"155 690 448";"A01";"2";"7";"0";"2";"1";"13";"1";""
"202400051898";"155 690 454";"B01";"1";"7";"0";"2";"3";"1";"1";""
"202400051898";"155 690 460";"C01";"1";"7";"0";"2";"1";"1";"3";""
"202400051899";"155 690 447";"A01";"1";"7";"0";"2";"3";"1";"1";""
"202400051899";"155 690 453";"B01";"2";"7";"0";"2";"3";"1";"1";""
"202400051900";"155 690 449";"A01";"1";"7";"6";"0";"1";"15";"2";""
"202400051901";"155 690 443";"A01";"1";"7";"1";"0";"2";"2";"1";""
"202400051902";"155 690 445";"A01";"1";"33";"0";"2";"1";"2";"1";""
"202400051902";"155 690 450";"B01";"1";"7";"0";"2";"4";"2";"1";""
"202400051903";"155 690 442";"A01";"3";"7";"6";"0";"2";"1";"1";""
"202400051904";"155 690 434";"B01";"2";"7";"0";"0";"4";"2";"1";""
"202400051904";"155 690 440";"A01";"2";"33";"1";"2";"1";"2";"1";""
"202400051905";"155 690 435";"A01";"1";"33";"6";"0";"2";"2";"1";""
"202400051906";"155 690 433";"A01";"1";"10";"0";"2";"6";"13";"1";""
"202400051906";"155 690 437";"B01";"1";"33";"0";"2";"1";"3";"1";""
"202400051907";"155 690 431";"B01";"3";"7";"0";"0";"4";"16";"1";""
"202400051907";"155 690 441";"A01";"3";"10";"0";"2";"1";"2";"1";""
"202400051908";"155 690 429";"A01";"2";"7";"0";"9";"3";"1";"3";""
"202400051908";"155 690 438";"B01";"1";"50";"0";"2";"1";"1";"3";""
"202400051909";"155 690 428";"A01";"1";"7";"3";"2";"4";"1";"1";""
"202400051909";"155 690 432";"B01";"1";"7";"0";"2";"1";"1";"1";""
"202400051909";"155 690 436";"C01";"1";"7";"0";"2";"1";"1";"1";""
"202400051910";"155 690 424";"A01";"1";"7";"2";"0";"1";"1";"1";""
"202400051911";"155 690 426";"A01";"1";"7";"0";"2";"2";"15";"1";""
"202400051911";"155 690 430";"B01";"2";"7";"0";"2";"1";"1";"1";""
"202400051912";"155 690 423";"A01";"2";"38";"6";"2";"1";"13";"0";"9"
"202400051912";"155 690 446";"C01";"1";"7";"0";"2";"1";"1";"0";""
"202400051912";"155 690 451";"B01";"1";"10";"0";"2";"9";"1";"1";""
"202400051913";"155 690 427";"A01";"3";"7";"6";"0";"2";"1";"1";""
"202400051914";"155 690 421";"A01";"2";"7";"0";"2";"5";"12";"1";""
"202400051914";"155 690 425";"B01";"2";"33";"0";"2";"1";"3";"1";""
"202400051915";"155 690 418";"A01";"1";"43";"0";"2";"1";"3";"1";""
"202400051915";"155 690 422";"B01";"1";"33";"0";"2";"4";"3";"1";""
"202400051916";"155 690 416";"A01";"1";"7";"4";"0";"8";"2";"1";""
"202400051917";"155 690 414";"A01";"1";"7";"0";"1";"3";"0";"2";""
"202400051918";"155 690 412";"B01";"1";"7";"0";"2";"3";"1";"1";""
"202400051918";"155 690 420";"A01";"1";"34";"0";"2";"1";"1";"1";""
"202400051919";"155 690 417";"A01";"1";"7";"0";"2";"7";"16";"1";""
"202400051919";"155 690 419";"B01";"1";"1";"0";"2";"1";"7";"5";""
"202400051920";"155 690 411";"A01";"1";"7";"4";"1";"3";"21";"1";""
"202400051921";"155 690 409";"A01";"1";"7";"0";"2";"6";"4";"1";""
"202400051921";"155 690 413";"B01";"1";"10";"0";"2";"2";"2";"1";""
"202400051922";"155 690 406";"A01";"0";"7";"1";"2";"1";"15";"0";""
"202400051922";"155 690 415";"B01";"0";"2";"1";"2";"4";"1";"0";""
"202400051923";"155 690 405";"A01";"2";"7";"4";"2";"6";"11";"1";""
"202400051923";"155 690 410";"B01";"2";"10";"4";"2";"2";"1";"1";""
"202400051924";"155 690 404";"A01";"1";"1";"1";"0";"1";"7";"5";""
"202400051924";"155 690 408";"B01";"1";"7";"0";"2";"8";"24";"1";""
"202400051925";"155 690 401";"A01";"1";"7";"0";"1";"1";"1";"1";""
"202400051926";"155 690 398";"A01";"1";"10";"0";"2";"6";"1";"1";""
"202400051926";"155 690 400";"B01";"1";"33";"0";"9";"1";"1";"1";""
"202400051927";"155 690 399";"B01";"2";"33";"0";"2";"8";"3";"1";""
"202400051927";"155 690 402";"A01";"1";"7";"0";"2";"2";"14";"1";""
"202400051928";"155 690 395";"B01";"1";"33";"0";"2";"1";"21";"1";""
"202400051928";"155 690 403";"A01";"1";"7";"0";"2";"3";"1";"2";""
"202400051929";"155 690 391";"Z01";"2";"10";"0";"1";"1";"0";"0";""
"202400051930";"155 690 388";"B01";"1";"33";"0";"2";"7";"1";"1";""
"202400051930";"155 690 392";"A01";"1";"7";"0";"2";"8";"11";"1";""
"202400051931";"155 690 389";"B01";"0";"7";"0";"2";"3";"15";"0";""
"202400051931";"155 690 393";"A01";"0";"32";"0";"2";"2";"17";"0";""
"202400051932";"155 690 390";"B01";"3";"1";"0";"2";"1";"19";"5";""
"202400051932";"155 690 397";"A01";"1";"7";"0";"9";"2";"1";"1";""
"202400051933";"155 690 387";"A01";"2";"7";"0";"2";"1";"13";"1";""
"202400051933";"155 690 394";"B01";"1";"10";"0";"2";"1";"1";"1";""