"Num_Acc";"id_vehicule";"num_veh";"senc";"catv";"obs";"obsm";"choc";"manv";"motor";"occutc"
"202400052147";"155 690 021";"Z01";"1";"7";"0";"2";"1";"1";"1";""
"202400052147";"155 690 024";"A01";"1";"31";"0";"0";"4";"15";"1";""
"202400052148";"155 690 020";"C01";"1";"7";"0";"2";"4";"23";"1";""
"202400052148";"155 690 025";"A01";"1";"10";"0";"2";"1";"15";"1";""
"202400052148";"155 690 028";"B01";"1";"7";"0";"2";"4";"23";"1";""
"202400052149";"155 690 017";"A01";"1";"7";"9";"0";"1";"13";"1";""
"202400052150";"155 690 015";"B01";"2";"7";"3";"0";"4";"23";"1";""
"202400052150";"155 690 022";"A01";"2";"7";"1";"0";"1";"1";"3";""
"202400052151";"155 690 018";"A01";"3";"7";"1";"1";"1";"1";"1";""
"202400052152";"155 690 013";"A01";"2";"7";"0";"2";"1";"1";"1";""
"202400052152";"155 690 016";"B01";"2";"2";"0";"2";"4";"1";"1";""
"202400052153";"155 690 007";"B01";"1";"50";"0";"2";"2";"1";"3";""
"202400052153";"155 690 014";"A01";"1";"7";"0";"1";"3";"9";"1";""
"202400052154";"155 690 004";"C01";"1";"7";"0";"2";"1";"1";"1";""
"202400052154";"155 690 008";"A01";"2";"7";"0";"2";"3";"13";"1";""
"202400052154";"155 690 012";"B01";"1";"7";"6";"2";"6";"1";"1";""
"202400052155";"155 690 001";"A01";"1";"33";"3";"0";"9";"1";"1";""
"202400052156";"155 690 003";"A01";"1";"1";"0";"1";"1";"1";"5";""
"202400052157";"155 690 005";"A01";"1";"7";"0";"2";"2";"9";"1";""
"202400052157";"155 690 011";"B01";"1";"33";"0";"2";"1";"1";"1";""
"202400052158";"155 689 999";"A01";"1";"7";"8";"2";"8";"9";"1";""
"202400052158";"155 690 010";"B01";"1";"15";"0";"2";"1";"1";"1";""
"202400052159";"155 689 998";"B01";"1";"7";"0";"2";"4";"23";"1";""
"202400052159";"155 690 000";"C01";"1";"10";"0";"2";"4";"23";"1";""
"202400052159";"155 690 006";"A01";"1";"7";"0";"2";"4";"2";"1";""
"202400052160";"155 689 996";"A01";"2";"2";"0";"0";"0";"0";"1";""
"202400052161";"155 689 995";"A01";"1";"7";"0";"2";"2";"10";"1";""
"202400052161";"155 689 997";"B01";"1";"2";"0";"2";"1";"2";"1";""
"202400052162";"155 689 990";"A01";"1";"1";"0";"9";"1";"11";"5";""
"202400052162";"155 689 993";"B01";"1";"50";"0";"9";"1";"1";"3";""
"202400052163";"155 689 986";"A01";"1";"7";"0";"2";"1";"1";"1";""
"202400052163";"155 689 994";"B01";"3";"7";"0";"2";"3";"1";"1";""
"202400052164";"155 689 984";"A01";"2";"7";"0";"0";"6";"9";"1";""
"202400052164";"155 689 991";"B01";"2";"7";"0";"2";"1";"1";"1";""
"202400052165";"155 689 982";"A01";"1";"33";"0";"2";"1";"2";"1";""
"202400052165";"155 689 987";"B01";"1";"7";"0";"2";"6";"2";"2";""
"202400052166";"155 689 985";"A01";"2";"7";"0";"2";"2";"15";"1";""
"202400052166";"155 689 989";"B01";"1";"2";"0";"2";"1";"1";"1";""
"202400052167";"155 689 981";"A01";"2";"33";"0";"2";"1";"26";"1";""
"202400052168";"155 689 980";"A01";"1";"7";"0";"2";"1";"1";"1";""
"202400052168";"155 689 983";"B01";"2";"7";"0";"2";"1";"15";"1";""
"202400052169";"155 689 979";"A01";"2";"50";"14";"0";"1";"2";"3";""
"202400052170";"155 689 976";"A01";"1";"30";"0";"9";"7";"26";"1";""
"202400052171";"155 689 977";"A01";"0";"7";"13";"0";"1";"1";"1";""
"202400052172";"155 689 972";"A01";"3";"7";"10";"0";"1";"15";"1";""
"202400052173";"155 689 971";"A01";"3";"30";"0";"2";"1";"13";"1";""
"202400052173";"155 689 975";"B01";"3";"7";"0";"2";"1";"1";"1";""
"202400052174";"155 689 970";"A01";"1";"7";"13";"0";"3";"1";"1";""
"202400052175";"155 689 969";"A01";"3";"7";"0";"2";"7";"16";"1";""
"202400052175";"155 689 973";"B01";"3";"37";"0";"2";"2";"1";"1";"2"
"202400052176";"155 689 967";"A01";"1";"1";"0";"0";"1";"1";"5";""
"202400052177";"155 689 964";"Z01";"2";"7";"0";"0";"0";"0";"0";""
"202400052177";"155 689 968";"B01";"1";"1";"0";"0";"0";"0";"5";""
"202400052178";"155 689 965";"A01";"2";"7";"0";"2";"1";"1";"6";""
"202400052178";"155 689 974";"B01";"1";"7";"0";"2";"3";"13";"1";""
"202400052178";"155 689 978";"C01";"2";"7";"0";"2";"1";"1";"2";""
"202400052179";"155 689 963";"C01";"1";"1";"0";"2";"1";"1";"5";""
"202400052179";"155 689 966";"A01";"1";"7";"0";"2";"1";"16";"2";""
"202400052180";"155 689 960";"A01";"2";"33";"15";"0";"1";"1";"1";""
"202400052181";"155 689 956";"A01";"3";"7";"1";"0";"0";"14";"1";""
"202400052182";"155 689 953";"A01";"1";"7";"2";"0";"1";"1";"1";""
"202400052183";"155 689 957";"A01";"1";"7";"0";"0";"0";"0";"1";""
"202400052183";"155 689 962";"B01";"2";"32";"0";"2";"1";"1";"1";""
"202400052184";"155 689 955";"A01";"2";"7";"0";"2";"3";"13";"1";""
"202400052184";"155 689 959";"B01";"2";"34";"0";"2";"1";"1";"1";""
"202400052185";"155 689 951";"A01";"3";"7";"15";"0";"2";"14";"1";""
"202400052186";"155 689 947";"A01";"1";"2";"0";"2";"8";"3";"1";""
"202400052186";"155 689 949";"B01";"1";"7";"0";"2";"8";"0";"1";""
"202400052187";"155 689 946";"C01";"3";"7";"0";"2";"4";"23";"1";""
"202400052187";"155 689 948";"D01";"3";"7";"0";"2";"7";"23";"1";""
"202400052187";"155 689 950";"E01";"3";"7";"0";"2";"7";"23";"1";""
"202400052187";"155 689 958";"A01";"3";"7";"0";"2";"1";"1";"1";""
"202400052187";"155 689 961";"B01";"3";"10";"0";"2";"1";"12";"1";""
"202400052188";"155 689 952";"A01";"1";"1";"0";"2";"3";"19";"5";""
"202400052188";"155 689 954";"B01";"1";"7";"0";"2";"2";"1";"2";""
"202400052189";"155 689 945";"A01";"1";"7";"2";"0";"0";"0";"1";""
"202400052190";"155 689 942";"A01";"1";"7";"13";"0";"2";"1";"1";""
"202400052191";"155 689 943";"A01";"1";"30";"14";"0";"1";"1";"1";""
"202400052192";"155 689 941";"B01";"2";"34";"0";"2";"1";"1";"1";""
"202400052192";"155 689 944";"A01";"1";"7";"0";"2";"2";"19";"1";""
"202400052193";"155 689 940";"A01";"1";"33";"8";"1";"1";"1";"1";""
"202400052194";"155 689 935";"A01";"2";"7";"0";"2";"3";"1";"3";""
"202400052194";"155 689 938";"B01";"1";"2";"0";"2";"5";"16";"1";""
"202400052195";"155 689 933";"A01";"1";"7";"6";"0";"1";"15";"1";""
"202400052196";"155 689 934";"A01";"2";"7";"0";"2";"2";"15";"1";""
"202400052196";"155 689 939";"B01";"1";"7";"0";"2";"2";"1";"1";""
"202400052197";"155 689 930";"A01";"1";"1";"0";"1";"1";"26";"5";""
"202400052198";"155 689 932";"B01";"3";"33";"0";"2";"3";"1";"1";""
"202400052198";"155 689 937";"A01";"2";"1";"0";"2";"2";"1";"0";""
"202400052199";"155 689 931";"A01";"2";"7";"15";"0";"3";"1";"1";""
"202400052200";"155 689 929";"A01";"2";"7";"0";"1";"2";"1";"1";""
"202400052201";"155 689 927";"B01";"1";"7";"0";"2";"1";"1";"3";""
"202400052201";"155 689 936";"A01";"1";"7";"8";"2";"8";"1";"1";""
"202400052202";"155 689 926";"A01";"1";"30";"0";"1";"1";"1";"1";""
"202400052203";"155 689 923";"A01";"2";"7";"0";"2";"1";"15";"1";""
"202400052203";"155 689 928";"B01";"1";"33";"0";"2";"0";"1";"1";""
"202400052204";"155 689 922";"B01";"1";"33";"0";"2";"2";"17";"1";""
"202400052204";"155 689 924";"A01";"1";"7";"0";"2";"3";"15";"1";""
"202400052205";"155 689 920";"A01";"2";"7";"0";"2";"1";"2";"1";""
"202400052206";"155 689 919";"A01";"2";"10";"0";"1";"5";"1";"1";""
"202400052207";"155 689 921";"A01";"1";"33";"0";"2";"1";"17";"1";""
"202400052207";"155 689 925";"B01";"1";"7";"0";"2";"1";"1";"1";""
"202400052208";"155 689 916";"A01";"2";"7";"0";"2";"3";"15";"1";""
"202400052208";"155 689 918";"B01";"2";"32";"0";"2";"1";"1";"1";""
"202400052209";"155 689 915";"A01";"2";"32";"12";"0";"1";"1";"1";""
"202400052210";"155 689 911";"A01";"2";"7";"0";"2";"6";"14";"2";""
"202400052210";"155 689 914";"B01";"2";"17";"0";"2";"2";"1";"1";""
"202400052211";"155 689 909";"A01";"1";"7";"0";"0";"8";"0";"1";""
"202400052211";"155 689 912";"B01";"1";"7";"0";"0";"8";"0";"1";""
"202400052212";"155 689 910";"A01";"2";"30";"0";"2";"0";"3";"1";""
"202400052213";"155 689 908";"B01";"2";"33";"0";"2";"1";"19";"1";""
"202400052213";"155 689 917";"A01";"2";"7";"0";"2";"5";"12";"1";""
"202400052214";"155 689 902";"A01";"3";"7";"16";"0";"9";"13";"1";""
"202400052215";"155 689 905";"A01";"1";"33";"0";"0";"1";"2";"1";""
"202400052216";"155 689 904";"B01";"3";"7";"0";"2";"8";"1";"1";""
"202400052216";"155 689 906";"A01";"3";"50";"0";"2";"1";"1";"3";""
"202400052217";"155 689 900";"B01";"3";"7";"0";"2";"3";"1";"1";""
"202400052217";"155 689 907";"A01";"3";"33";"0";"2";"2";"1";"1";""
"202400052218";"155 689 901";"A01";"2";"7";"3";"0";"1";"1";"1";""
"202400052219";"155 689 899";"A01";"3";"7";"0";"9";"3";"1";"1";""
"202400052219";"155 689 903";"B01";"3";"80";"0";"2";"7";"16";"2";""
"202400052220";"155 689 896";"A01";"1";"30";"0";"2";"3";"0";"1";""
"202400052220";"155 689 898";"B01";"2";"7";"0";"2";"1";"0";"1";""
"202400052221";"155 689 892";"A01";"3";"7";"0";"1";"5";"20";"1";""
"202400052222";"155 689 894";"A01";"2";"80";"0";"1";"1";"21";"3";""
"202400052223";"155 689 890";"A01";"1";"10";"0";"2";"7";"12";"1";""
"202400052223";"155 689 893";"B01";"1";"32";"0";"2";"8";"3";"1";""
"202400052224";"155 689 889";"A01";"2";"7";"16";"2";"1";"17";"1";""
"202400052224";"155 689 895";"B01";"1";"7";"16";"2";"1";"16";"1";""
"202400052224";"155 689 897";"C01";"2";"7";"0";"2";"6";"1";"1";""
"202400052225";"155 689 888";"A01";"3";"50";"14";"0";"1";"1";"3";""
"202400052226";"155 689 887";"A01";"2";"7";"0";"2";"8";"19";"1";""
"202400052226";"155 689 891";"B01";"2";"33";"0";"2";"1";"1";"1";""
"202400052227";"155 689 883";"A01";"1";"7";"0";"2";"1";"2";"1";""
"202400052227";"155 689 886";"B01";"1";"7";"0";"2";"4";"23";"1";""
"202400052228";"155 689 882";"A01";"1";"10";"12";"1";"8";"23";"1";""
"202400052229";"155 689 879";"A01";"2";"7";"0";"2";"1";"15";"3";""
"202400052229";"155 689 885";"B01";"1";"1";"0";"2";"4";"16";"5";""
"202400052230";"155 689 878";"A01";"3";"31";"0";"0";"0";"1";"1";""
"202400052231";"155 689 871";"A01";"1";"7";"0";"2";"2";"16";"1";""
"202400052231";"155 689 874";"B01";"1";"1";"0";"2";"1";"7";"5";""
"202400052232";"155 689 868";"B01";"1";"50";"0";"2";"7";"19";"3";""
"202400052232";"155 689 873";"A01";"1";"10";"0";"2";"1";"1";"1";""
"202400052233";"155 689 869";"A01";"2";"80";"2";"0";"1";"17";"3";""
"202400052234";"155 689 864";"A01";"2";"7";"0";"2";"1";"2";"1";""
"202400052234";"155 689 870";"B01";"2";"7";"0";"2";"9";"2";"1";""
"202400052234";"155 689 876";"C01";"2";"7";"0";"2";"9";"2";"2";""
"202400052234";"155 689 880";"D01";"2";"7";"0";"2";"9";"2";"2";""
"202400052234";"155 689 884";"E01";"2";"7";"0";"2";"4";"2";"1";""
"202400052235";"155 689 867";"A01";"1";"7";"0";"2";"7";"16";"1";""
"202400052235";"155 689 872";"B01";"2";"7";"0";"2";"1";"1";"1";""
"202400052236";"155 689 865";"A01";"1";"7";"12";"1";"2";"5";"2";""
"202400052237";"155 689 862";"A01";"3";"7";"0";"2";"2";"1";"1";""
"202400052237";"155 689 866";"B01";"3";"10";"0";"2";"3";"26";"1";""
"202400052238";"155 689 860";"A01";"2";"7";"0";"2";"3";"15";"1";""
"202400052238";"155 689 863";"B01";"2";"33";"0";"2";"2";"17";"1";""
"202400052239";"155 689 856";"A01";"3";"7";"0";"2";"1";"1";"1";""
"202400052239";"155 689 861";"B01";"3";"33";"0";"2";"4";"1";"1";""
"202400052240";"155 689 858";"A01";"2";"1";"0";"1";"0";"1";"5";""
"202400052241";"155 689 854";"A01";"2";"10";"1";"0";"2";"1";"1";""
"202400052241";"155 689 859";"B01";"2";"7";"3";"2";"6";"23";"1";""
"202400052242";"155 689 853";"A01";"2";"7";"0";"2";"3";"13";"0";""
"202400052242";"155 689 855";"B01";"1";"2";"0";"2";"3";"1";"0";""
"202400052243";"155 689 852";"A01";"2";"7";"0";"0";"0";"1";"1";""
"202400052244";"155 689 850";"A01";"1";"7";"0";"2";"8";"10";"1";""
"202400052244";"155 689 857";"B01";"2";"1";"0";"2";"1";"1";"5";""
"202400052245";"155 689 848";"B01";"1";"7";"0";"2";"4";"0";"1";""
"202400052245";"155 689 851";"A01";"1";"7";"0";"2";"1";"1";"1";""
"202400052246";"155 689 846";"A01";"1";"7";"3";"0";"1";"1";"1";""
"202400052247";"155 689 845";"A01";"1";"7";"4";"0";"1";"14";"1";""
"202400052248";"155 689 844";"A01";"1";"10";"0";"2";"4";"4";"1";""
"202400052248";"155 689 847";"B01";"1";"7";"0";"2";"2";"1";"2";""
"202400052249";"155 689 843";"A01";"2";"33";"0";"0";"8";"13";"1";""
"202400052250";"155 689 841";"A01";"1";"10";"0";"2";"1";"1";"3";""
"202400052250";"155 689 849";"B01";"1";"7";"0";"2";"5";"1";"1";""
"202400052251";"155 689 840";"A01";"1";"7";"0";"2";"2";"15";"1";""
"202400052251";"155 689 842";"B01";"2";"7";"0";"2";"3";"1";"1";""
"202400052252";"155 689 834";"A01";"2";"7";"0";"2";"2";"12";"1";""
"202400052252";"155 689 837";"B01";"2";"7";"0";"2";"3";"1";"1";""
"202400052253";"155 689 831";"A01";"2";"7";"0";"2";"2";"1";"1";""
"202400052253";"155 689 839";"B01";"1";"1";"0";"2";"8";"1";"5";""
"202400052254";"155 689 833";"B01";"1";"32";"0";"2";"1";"1";"1";""
"202400052254";"155 689 836";"A01";"2";"7";"0";"2";"1";"1";"1";""
"202400052255";"155 689 832";"A01";"1";"10";"0";"1";"1";"1";"1";""
"202400052256";"155 689 830";"A01";"1";"7";"0";"2";"3";"0";"1";""
"202400052256";"155 689 835";"B01";"2";"7";"0";"2";"1";"0";"1";""
"202400052257";"155 689 829";"A01";"2";"7";"0";"2";"3";"19";"1";""
"202400052257";"155 689 838";"B01";"1";"17";"0";"2";"6";"21";"1";""
"202400052258";"155 689 828";"A01";"0";"7";"0";"1";"1";"0";"1";""
"202400052259";"155 689 827";"A01";"2";"7";"4";"0";"1";"1";"1";""
"202400052260";"155 689 825";"A01";"2";"33";"12";"0";"1";"17";"1";""
"202400052261";"155 689 822";"A01";"1";"7";"0";"2";"1";"15";"1";""
"202400052261";"155 689 826";"B01";"2";"1";"0";"2";"1";"1";"5";""
"202400052262";"155 689 821";"A01";"1";"30";"0";"2";"3";"15";"1";""
"202400052262";"155 689 824";"B01";"1";"10";"0";"2";"2";"1";"1";""
"202400052263";"155 689 817";"A01";"2";"17";"0";"2";"1";"1";"1";""
"202400052263";"155 689 820";"B01";"2";"7";"0";"0";"4";"1";"1";""
"202400052264";"155 689 816";"A01";"1";"10";"8";"0";"1";"1";"1";""
"202400052265";"155 689 815";"A01";"1";"7";"0";"0";"4";"23";"1";""
"202400052265";"155 689 819";"B01";"1";"7";"0";"2";"1";"20";"1";""
"202400052265";"155 689 823";"C01";"1";"7";"0";"2";"1";"1";"1";""
"202400052266";"155 689 813";"A01";"3";"10";"0";"2";"2";"17";"0";""
"202400052267";"155 689 812";"A01";"1";"7";"1";"0";"3";"1";"1";""
"202400052268";"155 689 809";"B01";"3";"80";"0";"2";"0";"0";"3";""
"202400052268";"155 689 814";"A01";"1";"7";"0";"2";"7";"15";"1";""
"202400052269";"155 689 808";"A01";"1";"7";"0";"2";"0";"9";"1";""
"202400052269";"155 689 811";"B01";"3";"7";"0";"2";"6";"1";"1";""
"202400052270";"155 689 807";"A01";"1";"7";"0";"2";"1";"17";"1";""
"202400052270";"155 689 810";"B01";"2";"7";"0";"2";"1";"1";"1";""
"202400052271";"155 689 806";"A01";"2";"7";"0";"2";"8";"19";"3";""
"202400052271";"155 689 818";"B01";"1";"7";"0";"2";"2";"1";"1";""
"202400052272";"155 689 805";"A01";"3";"2";"13";"0";"1";"1";"1";""
"202400052273";"155 689 804";"A01";"2";"7";"0";"1";"3";"1";"1";""
"202400052274";"155 689 802";"A01";"1";"10";"0";"2";"1";"1";"1";""
"202400052275";"155 689 798";"B01";"1";"33";"0";"9";"1";"0";"1";""
"202400052275";"155 689 801";"A01";"1";"7";"0";"2";"1";"0";"1";""
"202400052276";"155 689 799";"A01";"2";"7";"0";"2";"1";"26";"1";""
"202400052276";"155 689 803";"B01";"1";"7";"0";"2";"7";"1";"2";""
"202400052277";"155 689 797";"B01";"0";"1";"0";"2";"3";"15";"5";""
"202400052277";"155 689 800";"A01";"0";"7";"0";"2";"1";"1";"1";""
"202400052278";"155 689 794";"A01";"3";"7";"0";"0";"3";"2";"1";""
"202400052278";"155 689 796";"B01";"0";"7";"0";"0";"1";"1";"1";""
"202400052279";"155 689 793";"B01";"1";"33";"0";"2";"1";"21";"1";""
"202400052279";"155 689 795";"A01";"1";"7";"0";"2";"4";"1";"1";""
"202400052280";"155 689 792";"A01";"2";"7";"0";"1";"1";"15";"1";""
"202400052281";"155 689 791";"A01";"1";"7";"14";"9";"2";"2";"1";""
"202400052282";"155 689 787";"A01";"1";"7";"0";"9";"3";"21";"1";""
"202400052282";"155 689 790";"B01";"2";"7";"0";"2";"3";"1";"1";""
"202400052283";"155 689 789";"A01";"2";"7";"0";"1";"6";"20";"1";""
"202400052284";"155 689 785";"A01";"1";"7";"0";"2";"1";"2";"2";""
"202400052284";"155 689 788";"B01";"2";"7";"0";"0";"4";"14";"1";""
"202400052285";"155 689 784";"A01";"3";"3";"0";"1";"6";"4";"3";""
"202400052286";"155 689 783";"A01";"3";"36";"13";"0";"3";"0";"1";""
"202400052287";"155 689 781";"A01";"2";"7";"4";"0";"3";"0";"1";""
"202400052288";"155 689 782";"B01";"3";"33";"8";"2";"7";"17";"1";""
"202400052288";"155 689 786";"A01";"3";"7";"0";"2";"3";"15";"1";""
"202400052289";"155 689 774";"B01";"1";"7";"6";"2";"9";"0";"1";""
"202400052289";"155 689 777";"C01";"1";"7";"0";"2";"9";"2";"1";""
"202400052289";"155 689 779";"A01";"1";"7";"6";"2";"9";"12";"1";""
"202400052290";"155 689 773";"A01";"1";"33";"0";"2";"1";"1";"1";""
"202400052290";"155 689 780";"B01";"2";"7";"0";"2";"5";"15";"1";""
"202400052291";"155 689 772";"B01";"1";"33";"0";"2";"1";"1";"1";""
"202400052291";"155 689 775";"A01";"1";"7";"0";"2";"3";"15";"1";""
"202400052292";"155 689 770";"A01";"1";"7";"0";"2";"3";"9";"1";""
"202400052292";"155 689 776";"B01";"3";"3";"0";"2";"7";"1";"1";""
"202400052293";"155 689 768";"A01";"1";"7";"0";"2";"8";"9";"0";""
"202400052293";"155 689 771";"B01";"1";"2";"0";"2";"7";"26";"1";""
"202400052294";"155 689 765";"Z01";"1";"30";"0";"1";"1";"0";"1";""
"202400052295";"155 689 766";"B01";"3";"2";"0";"2";"1";"3";"1";""
"202400052295";"155 689 769";"A01";"3";"7";"0";"2";"3";"11";"1";""
"202400052296";"155 689 764";"A01";"1";"7";"0";"1";"1";"1";"1";""
"202400052297";"155 689 763";"A01";"1";"2";"0";"2";"1";"15";"1";""
"202400052297";"155 689 767";"B01";"2";"7";"0";"2";"8";"1";"1";""
"202400052298";"155 689 761";"A01";"2";"7";"2";"0";"9";"1";"1";""
"202400052299";"155 689 756";"B01";"2";"31";"0";"2";"7";"16";"1";""
"202400052299";"155 689 760";"A01";"2";"7";"0";"2";"8";"16";"1";""
"202400052300";"155 689 757";"A01";"2";"50";"0";"2";"1";"1";"3";""
"202400052300";"155 689 762";"B01";"1";"7";"0";"2";"1";"15";"1";""
"202400052301";"155 689 753";"A01";"1";"30";"0";"0";"1";"26";"1";""
"202400052302";"155 689 752";"A01";"1";"7";"0";"1";"3";"21";"1";""
"202400052303";"155 689 751";"A01";"1";"7";"0";"2";"4";"2";"1";""
"202400052303";"155 689 755";"B01";"1";"7";"0";"2";"4";"2";"1";""
"202400052303";"155 689 758";"C01";"1";"7";"0";"2";"1";"2";"1";""
"202400052304";"155 689 754";"B01";"1";"10";"0";"9";"8";"13";"1";""
"202400052304";"155 689 759";"A01";"1";"34";"15";"2";"7";"17";"1";""
"202400052305";"155 689 748";"A01";"1";"33";"0";"0";"1";"13";"1";""
"202400052306";"155 689 745";"A01";"2";"7";"0";"2";"1";"1";"1";""
"202400052306";"155 689 747";"B01";"1";"7";"0";"2";"3";"1";"1";""
"202400052307";"155 689 743";"A01";"2";"17";"0";"2";"8";"11";"1";""
"202400052307";"155 689 746";"B01";"2";"7";"0";"2";"7";"21";"2";""
"202400052307";"155 689 749";"C01";"2";"7";"0";"2";"7";"1";"1";""
"202400052308";"155 689 744";"A01";"3";"7";"0";"1";"2";"15";"1";""
"202400052309";"155 689 740";"A01";"2";"7";"15";"0";"1";"14";"0";""
"202400052310";"155 689 732";"A01";"1";"10";"0";"2";"2";"2";"1";""
"202400052310";"155 689 738";"B01";"1";"10";"0";"2";"6";"0";"1";""
"202400052310";"155 689 742";"C01";"2";"7";"0";"2";"8";"1";"1";""
"202400052311";"155 689 733";"A01";"1";"7";"0";"2";"7";"9";"1";""
"202400052311";"155 689 737";"B01";"1";"14";"0";"2";"1";"1";"1";""
"202400052312";"155 689 735";"A01";"2";"7";"0";"1";"2";"1";"1";""
"202400052313";"155 689 731";"A01";"2";"30";"0";"2";"1";"1";"3";""
"202400052313";"155 689 736";"B01";"2";"7";"0";"2";"3";"1";"1";""
"202400052314";"155 689 729";"B01";"2";"7";"0";"2";"1";"1";"1";""
"202400052314";"155 689 734";"A01";"2";"7";"0";"0";"8";"9";"1";""
"202400052315";"155 689 728";"B01";"3";"2";"0";"2";"1";"0";"1";""
"202400052315";"155 689 730";"A01";"0";"7";"0";"2";"1";"10";"1";""
"202400052316";"155 689 727";"A01";"3";"33";"12";"0";"1";"26";"1";""
"202400052317";"155 689 724";"A01";"0";"33";"0";"0";"2";"1";"1";""
"202400052318";"155 689 721";"A01";"2";"7";"0";"1";"2";"1";"1";""
"202400052319";"155 689 722";"A01";"2";"7";"13";"0";"1";"1";"1";""
"202400052320";"155 689 719";"A01";"2";"7";"2";"0";"1";"14";"1";""
"202400052321";"155 689 720";"C01";"1";"7";"0";"2";"8";"1";"1";""
"202400052321";"155 689 723";"A01";"1";"7";"0";"2";"5";"15";"1";""
"202400052321";"155 689 726";"B01";"2";"33";"0";"2";"8";"1";"1";""
"202400052322";"155 689 718";"B01";"1";"7";"0";"2";"3";"1";"1";""
"202400052322";"155 689 725";"A01";"1";"7";"0";"2";"5";"1";"1";""
"202400052323";"155 689 715";"A01";"1";"1";"0";"2";"1";"1";"5";""
"202400052323";"155 689 717";"B01";"1";"7";"0";"2";"4";"23";"1";""
"202400052324";"155 689 710";"A01";"2";"33";"0";"0";"8";"1";"1";""
"202400052325";"155 689 712";"B01";"3";"7";"0";"9";"3";"15";"1";""
"202400052325";"155 689 716";"A01";"3";"34";"0";"2";"1";"3";"1";""
"202400052326";"155 689 714";"A01";"2";"7";"2";"0";"2";"1";"1";""
"202400052327";"155 689 711";"A01";"1";"7";"0";"1";"3";"15";"1";""
"202400052328";"155 689 708";"B01";"1";"7";"15";"2";"8";"15";"1";""
"202400052328";"155 689 713";"A01";"1";"7";"0";"2";"2";"17";"1";""
"202400052329";"155 689 705";"B01";"2";"33";"0";"2";"1";"13";"1";""
"202400052329";"155 689 709";"A01";"2";"7";"0";"2";"8";"15";"2";""
"202400052330";"155 689 706";"A01";"3";"31";"15";"0";"0";"1";"1";""
"202400052331";"155 689 704";"A01";"2";"1";"0";"0";"0";"2";"5";""
"202400052332";"155 689 702";"A01";"2";"7";"0";"2";"1";"15";"2";""
"202400052332";"155 689 707";"B01";"2";"1";"0";"2";"8";"1";"5";""
"202400052333";"155 689 700";"A01";"1";"7";"0";"2";"1";"15";"1";""
"202400052333";"155 689 703";"B01";"2";"7";"0";"2";"1";"19";"1";""
"202400052334";"155 689 699";"A01";"3";"50";"0";"1";"1";"25";"3";""
"202400052335";"155 689 696";"A01";"2";"7";"2";"0";"1";"15";"1";""
"202400052336";"155 689 694";"B01";"2";"7";"0";"2";"7";"9";"1";""
"202400052336";"155 689 701";"A01";"2";"7";"0";"2";"1";"9";"2";""
"202400052337";"155 689 693";"B01";"1";"7";"0";"2";"3";"2";"1";""
"202400052337";"155 689 697";"A01";"1";"2";"0";"2";"5";"2";"1";""
"202400052338";"155 689 695";"B01";"3";"7";"0";"2";"3";"0";"1";""
"202400052338";"155 689 698";"A01";"3";"1";"0";"2";"7";"5";"5";""
"202400052339";"155 689 690";"A01";"1";"7";"0";"2";"1";"1";"1";""
"202400052339";"155 689 691";"B01";"1";"7";"0";"2";"2";"15";"1";""
"202400052340";"155 689 689";"Z01";"1";"7";"0";"2";"3";"15";"1";""
"202400052340";"155 689 692";"B01";"1";"33";"0";"2";"1";"1";"1";""
"202400052341";"155 689 680";"B01";"1";"30";"0";"2";"1";"9";"1";""
"202400052341";"155 689 685";"A01";"2";"7";"0";"2";"3";"9";"1";""
"202400052342";"155 689 682";"A01";"3";"1";"0";"2";"2";"13";"5";""
"202400052342";"155 689 686";"B01";"3";"7";"0";"2";"2";"1";"1";""
"202400052343";"155 689 679";"B01";"2";"7";"0";"2";"9";"1";"1";""
"202400052343";"155 689 684";"C01";"2";"7";"13";"0";"1";"1";"1";""
"202400052343";"155 689 688";"A01";"1";"3";"0";"2";"2";"1";"1";""
"202400052344";"155 689 678";"A01";"2";"99";"0";"2";"8";"1";"1";""
"202400052344";"155 689 683";"B01";"2";"33";"0";"2";"1";"1";"1";""
"202400052345";"155 689 675";"A01";"1";"7";"0";"2";"3";"9";"0";""
"202400052345";"155 689 677";"B01";"1";"1";"0";"2";"1";"0";"5";""
"202400052346";"155 689 671";"A01";"0";"7";"0";"2";"3";"19";"1";""
"202400052346";"155 689 676";"B01";"1";"34";"0";"2";"1";"1";"1";""
"202400052347";"155 689 668";"A01";"1";"7";"0";"1";"2";"15";"1";""
"202400052348";"155 689 667";"A01";"1";"7";"1";"0";"1";"26";"1";""
"202400052348";"155 689 670";"C01";"1";"13";"0";"0";"4";"26";"0";""
"202400052348";"155 689 673";"B01";"1";"7";"14";"0";"1";"26";"1";""
"202400052349";"155 689 665";"A01";"3";"32";"0";"2";"1";"2";"1";""
"202400052349";"155 689 672";"B01";"3";"7";"0";"0";"5";"15";"1";""
"202400052350";"155 689 663";"A01";"0";"7";"7";"0";"2";"14";"1";""
"202400052351";"155 689 662";"A01";"3";"7";"0";"2";"3";"15";"1";""
"202400052351";"155 689 666";"B01";"3";"33";"0";"2";"2";"1";"1";""
"202400052352";"155 689 661";"D01";"1";"7";"0";"2";"4";"2";"1";""