"Num_Acc";"id_vehicule";"num_veh";"senc";"catv";"obs";"obsm";"choc";"manv";"motor";"occutc"
"202400052352";"155 689 664";"A01";"1";"7";"0";"2";"1";"2";"1";""
"202400052352";"155 689 669";"B01";"1";"7";"0";"2";"4";"2";"1";""
"202400052352";"155 689 674";"C01";"1";"7";"0";"2";"6";"2";"1";""
"202400052353";"155 689 659";"A01";"3";"50";"0";"2";"2";"25";"3";""
"202400052353";"155 689 660";"B01";"3";"7";"0";"2";"2";"9";"1";""
"202400052354";"155 689 657";"A01";"3";"7";"2";"0";"7";"13";"1";""
"202400052355";"155 689 656";"A01";"2";"7";"8";"0";"8";"13";"1";""
"202400052356";"155 689 658";"A01";"3";"7";"6";"0";"1";"14";"1";""
"202400052357";"155 689 653";"A01";"1";"7";"0";"2";"1";"0";"1";""
"202400052357";"155 689 654";"B01";"1";"7";"0";"2";"4";"23";"1";""
"202400052358";"155 689 646";"A01";"2";"33";"15";"2";"1";"13";"1";""
"202400052358";"155 689 651";"B01";"1";"7";"0";"2";"2";"1";"1";""
"202400052359";"155 689 647";"A01";"1";"7";"0";"2";"7";"15";"1";""
"202400052359";"155 689 652";"B01";"2";"30";"0";"2";"1";"1";"1";""
"202400052360";"155 689 650";"B01";"1";"7";"0";"2";"1";"1";"1";""
"202400052360";"155 689 655";"A01";"1";"7";"0";"2";"8";"15";"1";""
"202400052361";"155 689 643";"C01";"2";"7";"0";"2";"4";"2";"1";""
"202400052361";"155 689 645";"A01";"2";"7";"0";"2";"1";"2";"1";""
"202400052361";"155 689 649";"B01";"2";"7";"0";"2";"4";"2";"1";""
"202400052362";"155 689 644";"A01";"2";"50";"9";"0";"0";"0";"3";""
"202400052363";"155 689 641";"A01";"0";"10";"1";"0";"2";"1";"0";""
"202400052364";"155 689 640";"A01";"3";"30";"0";"2";"1";"15";"1";""
"202400052364";"155 689 648";"B01";"3";"7";"0";"2";"8";"1";"3";""
"202400052365";"155 689 639";"A01";"2";"32";"0";"2";"8";"1";"1";""
"202400052365";"155 689 642";"Z01";"2";"32";"0";"2";"7";"12";"0";""
"202400052366";"155 689 637";"A01";"1";"7";"8";"0";"1";"13";"1";""
"202400052367";"155 689 636";"A01";"0";"7";"5";"2";"9";"1";"3";""
"202400052368";"155 689 635";"B01";"1";"7";"1";"2";"3";"1";"1";""
"202400052368";"155 689 638";"A01";"1";"7";"0";"2";"1";"1";"1";""
"202400052369";"155 689 632";"A01";"0";"7";"2";"0";"3";"15";"1";""
"202400052370";"155 689 629";"A01";"2";"14";"0";"2";"2";"12";"1";""
"202400052370";"155 689 633";"B01";"2";"7";"0";"2";"8";"1";"1";""
"202400052371";"155 689 630";"A01";"1";"30";"14";"0";"1";"6";"1";""
"202400052372";"155 689 627";"A01";"2";"7";"0";"2";"1";"1";"1";""
"202400052372";"155 689 631";"B01";"1";"7";"0";"2";"3";"1";"2";""
"202400052373";"155 689 628";"A01";"2";"7";"0";"2";"2";"16";"2";""
"202400052373";"155 689 634";"B01";"2";"1";"0";"2";"8";"16";"5";""
"202400052374";"155 689 623";"A01";"3";"7";"0";"1";"4";"4";"1";""
"202400052375";"155 689 625";"A01";"0";"7";"2";"0";"1";"0";"1";""
"202400052376";"155 689 622";"A01";"2";"7";"0";"2";"5";"12";"1";""
"202400052376";"155 689 624";"B01";"2";"43";"0";"2";"1";"3";"1";""
"202400052377";"155 689 621";"A01";"2";"7";"0";"2";"3";"9";"2";""
"202400052377";"155 689 626";"B01";"1";"33";"0";"2";"1";"1";"1";""
"202400052378";"155 689 616";"B01";"0";"7";"0";"2";"1";"1";"1";""
"202400052378";"155 689 620";"Z01";"0";"7";"0";"2";"1";"13";"1";""
"202400052379";"155 689 613";"A01";"1";"33";"0";"2";"1";"16";"1";""
"202400052379";"155 689 617";"B01";"1";"7";"0";"2";"4";"1";"1";""
"202400052380";"155 689 610";"A01";"2";"10";"0";"2";"4";"2";"1";""
"202400052380";"155 689 611";"B01";"2";"7";"0";"2";"9";"2";"1";""
"202400052380";"155 689 615";"C01";"2";"7";"0";"2";"1";"2";"1";""
"202400052381";"155 689 607";"B01";"2";"33";"0";"2";"8";"15";"1";""
"202400052381";"155 689 609";"A01";"3";"3";"0";"2";"3";"15";"1";""
"202400052382";"155 689 605";"A01";"3";"7";"0";"2";"1";"13";"1";""
"202400052382";"155 689 608";"B01";"3";"31";"0";"2";"1";"0";"1";""
"202400052383";"155 689 604";"A01";"1";"7";"4";"2";"7";"11";"1";""
"202400052383";"155 689 606";"B01";"1";"10";"4";"2";"8";"1";"1";""
"202400052384";"155 689 601";"A01";"3";"7";"0";"2";"2";"0";"1";""
"202400052384";"155 689 603";"B01";"3";"3";"0";"2";"1";"13";"1";""
"202400052385";"155 689 600";"A01";"1";"7";"4";"0";"0";"16";"1";""
"202400052386";"155 689 599";"A01";"2";"10";"0";"2";"1";"15";"1";""
"202400052386";"155 689 602";"B01";"1";"33";"0";"2";"1";"1";"1";""
"202400052387";"155 689 598";"A01";"1";"33";"4";"2";"0";"1";"1";""
"202400052388";"155 689 597";"A01";"1";"7";"1";"0";"3";"13";"1";""
"202400052389";"155 689 595";"B01";"0";"10";"0";"0";"0";"0";"1";""
"202400052389";"155 689 596";"A01";"1";"10";"0";"2";"3";"1";"1";""
"202400052390";"155 689 594";"A01";"1";"7";"4";"0";"1";"26";"1";""
"202400052391";"155 689 619";"A01";"3";"3";"0";"2";"4";"0";"1";""
"202400052392";"155 689 614";"B01";"2";"7";"0";"0";"3";"1";"1";""
"202400052392";"155 689 618";"A01";"1";"2";"0";"2";"1";"13";"1";""
"202400052393";"155 689 593";"A01";"1";"7";"1";"0";"8";"13";"1";""
"202400052394";"155 689 592";"A01";"1";"32";"0";"2";"1";"2";"1";""
"202400052394";"155 689 612";"B01";"1";"7";"0";"2";"4";"2";"2";""
"202400052395";"155 689 587";"A01";"1";"7";"0";"2";"7";"1";"1";""
"202400052395";"155 689 591";"B01";"1";"7";"0";"2";"8";"2";"1";""
"202400052396";"155 689 588";"A01";"2";"10";"0";"2";"2";"15";"1";""
"202400052396";"155 689 590";"B01";"1";"32";"0";"2";"1";"1";"0";""
"202400052397";"155 689 585";"A01";"2";"7";"0";"2";"3";"1";"1";""
"202400052397";"155 689 589";"B01";"1";"34";"0";"2";"1";"13";"1";""
"202400052398";"155 689 584";"A01";"3";"7";"0";"1";"3";"1";"1";""
"202400052399";"155 689 581";"A01";"1";"7";"0";"2";"1";"2";"1";""
"202400052399";"155 689 582";"B01";"1";"10";"0";"2";"4";"2";"1";""
"202400052399";"155 689 586";"C01";"1";"0";"0";"2";"4";"2";"0";""
"202400052400";"155 689 579";"A01";"3";"10";"0";"2";"1";"1";"1";""
"202400052400";"155 689 583";"B01";"3";"7";"0";"2";"6";"15";"1";""
"202400052401";"155 689 578";"A01";"1";"7";"2";"0";"1";"14";"1";""
"202400052402";"155 689 574";"B01";"1";"50";"0";"2";"8";"1";"3";""
"202400052402";"155 689 580";"A01";"3";"37";"0";"2";"1";"9";"1";"1"
"202400052403";"155 689 571";"B01";"2";"50";"0";"2";"5";"1";"3";""
"202400052403";"155 689 575";"Z01";"1";"7";"0";"2";"2";"5";"1";""
"202400052404";"155 689 569";"B01";"2";"7";"0";"2";"1";"19";"1";""
"202400052404";"155 689 577";"A01";"1";"33";"0";"2";"8";"1";"1";""
"202400052405";"155 689 567";"B01";"3";"7";"0";"2";"1";"1";"1";""
"202400052405";"155 689 572";"A01";"3";"10";"0";"2";"1";"5";"3";""
"202400052406";"155 689 564";"A01";"2";"7";"0";"2";"1";"1";"1";""
"202400052406";"155 689 566";"B01";"0";"7";"0";"0";"0";"0";"1";""
"202400052407";"155 689 565";"B01";"2";"50";"0";"2";"1";"2";"3";""
"202400052407";"155 689 568";"A01";"2";"7";"0";"2";"2";"16";"2";""
"202400052408";"155 689 563";"A01";"2";"10";"0";"2";"1";"2";"1";""
"202400052408";"155 689 570";"B01";"2";"7";"0";"2";"4";"1";"1";""
"202400052409";"155 689 559";"A01";"3";"7";"13";"0";"2";"2";"1";""
"202400052410";"155 689 557";"A01";"2";"7";"0";"2";"2";"1";"1";""
"202400052410";"155 689 562";"B01";"2";"7";"0";"2";"6";"18";"1";""
"202400052411";"155 689 556";"B01";"2";"2";"0";"2";"3";"1";"1";""
"202400052411";"155 689 560";"A01";"1";"7";"0";"2";"7";"13";"1";""
"202400052412";"155 689 555";"A01";"2";"7";"0";"0";"0";"9";"1";""
"202400052412";"155 689 561";"B01";"1";"33";"0";"0";"0";"1";"1";""
"202400052413";"155 689 554";"A01";"1";"7";"0";"2";"1";"1";"1";""
"202400052413";"155 689 558";"B01";"1";"7";"0";"0";"4";"1";"1";""
"202400052414";"155 689 552";"A01";"3";"7";"0";"1";"5";"4";"1";""
"202400052415";"155 689 548";"B01";"2";"31";"0";"2";"1";"23";"1";""
"202400052415";"155 689 551";"A01";"2";"7";"0";"2";"1";"1";"1";""
"202400052416";"155 689 547";"A01";"2";"7";"0";"2";"4";"1";"1";""
"202400052416";"155 689 549";"B01";"1";"7";"0";"2";"1";"1";"1";""
"202400052417";"155 689 546";"B01";"1";"31";"0";"2";"2";"17";"1";""
"202400052417";"155 689 553";"A01";"1";"7";"0";"2";"3";"15";"1";""
"202400052418";"155 689 543";"B01";"2";"7";"0";"2";"5";"1";"1";""
"202400052418";"155 689 544";"A01";"2";"7";"0";"2";"2";"16";"1";""
"202400052419";"155 689 542";"A01";"3";"7";"0";"0";"0";"1";"1";""
"202400052419";"155 689 545";"B01";"3";"7";"14";"0";"3";"1";"1";""
"202400052419";"155 689 550";"C01";"3";"33";"14";"0";"3";"1";"1";""
"202400052420";"155 689 537";"A01";"1";"7";"0";"2";"1";"13";"1";""
"202400052420";"155 689 540";"B01";"2";"10";"0";"2";"1";"1";"1";""
"202400052421";"155 689 536";"A01";"2";"33";"14";"0";"7";"1";"1";""
"202400052422";"155 689 534";"A01";"3";"7";"0";"2";"2";"9";"1";""
"202400052422";"155 689 539";"B01";" -1";"1";"0";"2";"1";" -1";"5";""
"202400052422";"155 689 541";"C01";" -1";"1";"0";"2";"1";" -1";"5";""
"202400052423";"155 689 535";"B01";"1";"7";"0";"9";"7";"17";"1";""
"202400052423";"155 689 538";"A01";"1";"50";"0";"2";"8";"13";"3";""
"202400052424";"155 689 533";"A01";"2";"10";"0";"1";"4";"4";"1";""
"202400052425";"155 689 531";"A01";"2";"7";"0";"0";"0";"0";"1";""
"202400052426";"155 689 530";"A01";"3";"7";"0";"2";"2";"2";"1";""
"202400052426";"155 689 532";"B01";"3";"10";"0";"2";"4";"0";"1";""
"202400052427";"155 689 527";"A01";"0";"7";"9";"2";"7";"1";"1";""
"202400052427";"155 689 529";"B01";"0";"7";"0";"2";"1";"1";"1";""
"202400052428";"155 689 525";"B01";"1";"50";"0";"0";"1";"0";"3";""
"202400052428";"155 689 528";"A01";"2";"7";"0";"0";"0";"0";"1";""
"202400052429";"155 689 522";"B01";"1";"1";"0";"2";"0";"0";"5";""
"202400052429";"155 689 523";"A01";"1";"7";"0";"0";"7";"1";"1";""
"202400052429";"155 689 526";"C01";"1";"1";"0";"0";"0";"0";"5";""
"202400052430";"155 689 521";"B01";"0";"7";"0";"2";"6";"15";"1";""
"202400052430";"155 689 524";"A01";"3";"2";"0";"2";"1";"1";"1";""
"202400052431";"155 689 518";"A01";"1";"1";"0";"2";"1";"1";"5";""
"202400052431";"155 689 520";"B01";"2";"7";"0";"2";"1";"1";"1";""
"202400052432";"155 689 515";"A01";"3";"7";"0";"2";"1";"15";"1";""
"202400052432";"155 689 519";"B01";"3";"50";"0";"2";"1";"1";"3";""
"202400052433";"155 689 517";"A01";"0";"80";"0";"0";"1";"1";"3";""
"202400052434";"155 689 514";"B01";"1";"0";"0";"2";"4";"1";" -1";""
"202400052434";"155 689 516";"A01";"1";"33";"0";"2";"1";"3";"1";""
"202400052435";"155 689 513";"A01";"0";"7";"13";"0";"9";"1";"1";""
"202400052436";"155 689 512";"A01";"1";"10";"0";"1";"1";"0";"1";""
"202400052437";"155 689 511";"A01";"1";"7";"8";"0";"1";"13";"1";""
"202400052438";"155 689 509";"B01";"1";"33";"0";"2";"8";"15";"1";""
"202400052438";"155 689 510";"A01";"1";"31";"0";"2";"1";"26";"1";""
"202400052439";"155 689 507";"A01";"2";"7";"0";"1";"2";"15";"1";""
"202400052440";"155 689 505";"A01";"2";"33";"0";"2";"1";"2";"1";""
"202400052440";"155 689 508";"B01";"2";"7";"0";"2";"4";"2";"1";""
"202400052441";"155 689 504";"A01";"2";"80";"0";"0";"1";"1";"3";""
"202400052442";"155 689 501";"A01";"1";"10";"0";"2";"0";"11";"1";""
"202400052442";"155 689 503";"B01";"1";"33";"0";"2";"1";"1";"1";""
"202400052443";"155 689 502";"B01";"0";"7";"0";"2";"7";"15";"1";""
"202400052443";"155 689 506";"A01";"0";"7";"0";"2";"2";"13";"1";""
"202400052444";"155 689 500";"A01";"2";"10";"0";"1";"1";"1";"1";""
"202400052445";"155 689 499";"A01";"1";"1";"0";"1";"1";"5";"5";""
"202400052446";"155 689 496";"A01";"2";"7";"0";"2";"3";"26";"1";""
"202400052446";"155 689 497";"B01";"2";"2";"0";"2";"3";"1";"1";""
"202400052447";"155 689 493";"A01";"3";"7";"0";"2";"1";"1";"1";""
"202400052447";"155 689 494";"B01";"0";"1";"0";"2";"0";"19";"5";""
"202400052447";"155 689 495";"C01";"0";"7";"0";"9";"0";"23";"1";""
"202400052448";"155 689 491";"B01";"1";"7";"0";"2";"8";"1";"2";""
"202400052448";"155 689 492";"A01";"1";"7";"0";"2";"1";"0";"1";""
"202400052449";"155 689 486";"A01";"3";"33";"0";"2";"9";"3";"1";""
"202400052449";"155 689 487";"B01";"3";"7";"0";"2";"3";"1";"1";""
"202400052449";"155 689 488";"C01";"3";"10";"0";"2";"6";"2";"1";""
"202400052449";"155 689 489";"D01";"3";"7";"0";"2";"8";"2";"1";""
"202400052450";"155 689 485";"A01";"2";"7";"0";"1";"2";"1";"1";""
"202400052451";"155 689 482";"A01";"3";"32";"0";"2";"2";"1";"1";""
"202400052451";"155 689 483";"B01";"3";"7";"0";"2";"3";"20";"1";""
"202400052452";"155 689 479";"A01";"2";"7";"0";"1";"3";"15";"1";""
"202400052453";"155 689 478";"A01";"1";"7";"0";"2";"1";"16";"1";""
"202400052453";"155 689 480";"B01";"2";"50";"0";"2";"4";"15";"3";""
"202400052454";"155 689 481";"A01";"1";"7";"4";"0";"2";"1";"1";""
"202400052455";"155 689 477";"A01";"2";"7";"0";"1";"3";"16";"1";""
"202400052456";"155 689 475";"A01";"1";"7";"0";"1";"2";"1";"1";""
"202400052457";"155 689 476";"A01";"3";"10";"1";"1";"1";"1";"0";""
"202400052458";"155 689 474";"A01";"1";"7";"3";"0";"0";"16";"1";""
"202400052459";"155 689 473";"A01";"3";"37";"0";"1";"0";"0";"1";"1"
"202400052460";"155 689 471";"A01";"1";"32";"0";"0";"1";"1";"1";""
"202400052461";"155 689 470";"B01";"1";"7";"0";"2";"3";"1";"1";""
"202400052461";"155 689 472";"A01";"2";"7";"0";"2";"3";"13";"1";""
"202400052462";"155 689 467";"A01";"0";"32";"0";"2";"1";"15";"1";""
"202400052462";"155 689 469";"B01";"0";"34";"0";"2";"1";"1";"1";""
"202400052463";"155 689 466";"B01";"1";"7";"0";"2";"8";"2";"1";""
"202400052463";"155 689 468";"A01";"1";"17";"0";"2";"7";"12";"1";""
"202400052464";"155 689 459";"A01";"2";"10";"0";"2";"2";"1";"1";""
"202400052464";"155 689 461";"B01";"1";"17";"0";"0";"4";"11";"1";""
"202400052465";"155 689 460";"A01";"0";"7";"0";"2";"1";"0";"1";""
"202400052465";"155 689 462";"B01";"0";"60";"0";"2";"0";"0";"5";""
"202400052466";"155 689 464";"A01";"2";"7";"0";"2";"3";"13";"1";""
"202400052466";"155 689 465";"B01";"2";"7";"0";"2";"5";"1";"3";""
"202400052467";"155 689 458";"A01";"3";"1";"0";"9";"8";"5";"5";""
"202400052467";"155 689 463";"B01";"3";"7";"0";"0";"1";"9";"1";""
"202400052468";"155 689 453";"A01";"1";"7";"0";"2";"1";"1";"1";""
"202400052468";"155 689 457";"B01";"1";"7";"0";"2";"4";"1";"1";""
"202400052469";"155 689 449";"A01";"1";"7";"3";"0";"2";"1";"1";""
"202400052470";"155 689 448";"A01";"2";"7";"0";"2";"4";"15";"1";""
"202400052470";"155 689 452";"B01";"2";"7";"0";"2";"3";"2";"1";""
"202400052470";"155 689 454";"C01";"1";"7";"0";"2";"0";"1";"1";""
"202400052470";"155 689 456";"D01";"1";"7";"0";"2";"3";"0";"1";""
"202400052471";"155 689 450";"B01";"0";"7";"0";"2";"1";"1";"1";""
"202400052471";"155 689 455";"A01";"0";"7";"0";"2";"1";"15";"1";""
"202400052472";"155 689 446";"A01";"1";"7";"4";"0";"1";"1";"1";""
"202400052473";"155 689 445";"A01";"3";"7";"0";"2";"1";"2";"1";""
"202400052473";"155 689 447";"B01";"3";"2";"0";"0";"4";"23";"1";""
"202400052473";"155 689 451";"C01";"3";"7";"0";"0";"4";"23";"1";""
"202400052474";"155 689 442";"A01";"2";"40";"0";"1";"1";"1";"3";""
"202400052475";"155 689 440";"B01";"1";"7";"0";"2";"8";"9";"1";""
"202400052475";"155 689 443";"A01";"1";"7";"0";"2";"1";"19";"1";""
"202400052476";"155 689 439";"A01";"1";"10";"5";"0";"4";"23";"1";""
"202400052476";"155 689 441";"C01";"1";"7";"0";"2";"1";"1";"1";""
"202400052476";"155 689 444";"B01";"1";"7";"0";"2";"2";"1";"1";""
"202400052477";"155 689 438";"A01";"0";"7";"0";"1";"1";"19";"1";""
"202400052478";"155 689 433";"A01";"1";"1";"1";"2";"1";"1";"5";""
"202400052479";"155 689 432";"B01";"1";"7";"0";"2";"4";"2";"1";""
"202400052479";"155 689 435";"A01";"1";"7";"0";"2";"1";"2";"1";""
"202400052480";"155 689 434";"A01";"3";"7";"0";"2";"5";"15";"1";""
"202400052480";"155 689 436";"B01";"3";"34";"0";"2";"1";"1";"1";""
"202400052481";"155 689 431";"A01";"2";"7";"0";"2";"1";"1";"1";""
"202400052481";"155 689 437";"B01";"2";"50";"0";"2";"7";"19";"3";""
"202400052482";"155 689 430";"A01";"1";"7";"16";"0";"2";"0";"1";""
"202400052483";"155 689 429";"A01";"0";"33";"4";"2";"3";"6";"1";""
"202400052484";"155 689 426";"A01";"2";"7";"0";"2";"3";"16";"1";""
"202400052484";"155 689 427";"B01";"1";"7";"0";"2";"1";"1";"1";""
"202400052485";"155 689 425";"A01";"3";"7";"0";"2";"3";"15";"1";""
"202400052485";"155 689 428";"B01";"3";"50";"0";"2";"2";"1";"3";""
"202400052486";"155 689 423";"Z01";"1";"7";"9";"1";"2";"25";"1";""
"202400052487";"155 689 422";"A01";"1";"7";"6";"0";"1";"6";"1";""
"202400052488";"155 689 421";"B01";"2";"1";"0";"2";"3";"1";"5";""
"202400052488";"155 689 424";"A01";"1";"7";"0";"2";"3";"0";"1";""
"202400052489";"155 689 420";"A01";"2";"7";"13";"0";"1";"2";"1";""
"202400052490";"155 689 415";"Z01";"3";"7";"0";"2";"7";"5";"1";""
"202400052490";"155 689 418";"A01";"3";"1";"0";"2";"7";"1";"5";""
"202400052491";"155 689 416";"A01";"1";"33";"13";"0";"7";"1";"1";""
"202400052492";"155 689 417";"B01";"2";"33";"0";"2";"1";"1";"1";""
"202400052492";"155 689 419";"A01";"2";"7";"0";"2";"8";"15";"1";""
"202400052493";"155 689 409";"A01";"3";"1";"0";"0";"8";"1";"5";""
"202400052494";"155 689 408";"A01";"1";"33";"0";"2";"8";"1";"1";""
"202400052494";"155 689 410";"B01";"2";"15";"0";"2";"6";"1";"1";""
"202400052494";"155 689 413";"C01";"2";"13";"0";"2";"1";"1";"1";""
"202400052495";"155 689 406";"A01";"2";"7";"9";"2";"1";"13";"1";""
"202400052495";"155 689 412";"B01";"2";"2";"0";"2";"1";"2";"1";""
"202400052495";"155 689 414";"C01";"1";"7";"0";"2";"8";"2";"1";""
"202400052496";"155 689 407";"A01";"1";"7";"0";"2";"2";"24";"1";""
"202400052496";"155 689 411";"B01";"1";"1";"1";"0";"2";"1";"5";""
"202400052497";"155 689 403";"A01";"1";"33";"0";"2";"7";"1";"1";""
"202400052497";"155 689 405";"B01";"1";"50";"0";"2";"1";"19";"3";""
"202400052498";"155 689 402";"A01";"1";"7";"3";"0";"5";"1";"1";""
"202400052499";"155 689 397";"B01";"1";"7";"0";"2";"4";"1";"1";""
"202400052499";"155 689 400";"A01";"1";"7";"0";"2";"1";"2";"1";""
"202400052500";"155 689 398";"B01";"2";"1";"0";"2";"2";"1";"5";""
"202400052500";"155 689 399";"A01";"1";"30";"0";"2";"3";"15";"3";""
"202400052501";"155 689 396";"A01";"1";"7";"2";"0";"3";"13";"1";""
"202400052502";"155 689 395";"A01";"2";"7";"1";"1";"2";"1";"1";""
"202400052503";"155 689 394";"A01";"1";"33";"0";"1";"1";"1";"1";""
"202400052504";"155 689 390";"A01";"1";"7";"2";"0";"2";"14";"3";""
"202400052505";"155 689 389";"A01";"1";"7";"0";"2";"3";"23";"1";""
"202400052505";"155 689 391";"B01";"1";"10";"0";"2";"1";"1";"1";""
"202400052506";"155 689 387";"A01";"1";"7";"0";"2";"2";"1";"1";""
"202400052506";"155 689 392";"B01";"3";"80";"0";"2";"2";"1";"3";""
"202400052507";"155 689 388";"B01";"3";"34";"0";"0";"7";"17";"1";""
"202400052507";"155 689 393";"A01";"3";"10";"0";"0";"3";"15";"1";""
"202400052508";"155 689 386";"A01";"2";"7";"0";"1";"1";"2";"1";""
"202400052509";"155 689 380";"B01";"1";"33";"0";"2";"1";"1";"1";""
"202400052509";"155 689 383";"A01";"2";"7";"0";"2";"2";"15";"1";""
"202400052510";"155 689 382";"B01";"3";"30";"0";"0";"1";"1";"1";""
"202400052510";"155 689 385";"A01";"3";"10";"0";"0";"1";"15";"1";""
"202400052511";"155 689 379";"A01";"1";"7";"0";"2";"3";"1";"1";""
"202400052511";"155 689 381";"B01";"1";"7";"0";"2";"8";"15";"1";""
"202400052512";"155 689 378";"A01";"1";"31";"0";"0";"0";"26";"1";""
"202400052513";"155 689 377";"A01";"1";"30";"12";"0";"1";"1";"1";""
"202400052514";"155 689 376";"A01";"1";"10";"0";"2";"1";"1";"1";""
"202400052514";"155 689 384";"B01";"1";"7";"0";"2";"4";"1";"1";""
"202400052515";"155 689 375";"A01";"3";"7";"0";"1";"0";"10";"2";""
"202400052516";"155 689 373";"A01";"2";"7";"2";"0";"1";"1";"1";""
"202400052517";"155 689 371";"A01";"1";"7";"0";"2";"1";"15";"1";""
"202400052517";"155 689 374";"B01";"2";"31";"0";"2";"1";"1";"1";""
"202400052518";"155 689 370";"A01";"1";"7";"0";"2";"2";"15";"1";""
"202400052518";"155 689 372";"B01";"2";"7";"0";"2";"3";"1";"1";""
"202400052519";"155 689 369";"A01";"3";"7";"13";"0";"2";"1";"1";""
"202400052520";"155 689 368";"A01";"2";"50";"0";"0";"1";"1";"3";""
"202400052521";"155 689 365";"A01";"3";"7";"0";"2";"2";"9";"1";""
"202400052521";"155 689 367";"B01";"3";"80";"0";"2";"1";"1";"3";""
"202400052522";"155 689 364";"B01";"2";"7";"0";"2";"1";"1";"1";""
"202400052522";"155 689 366";"A01";"1";"7";"0";"2";"2";"15";"1";""
"202400052523";"155 689 361";"A01";"2";"37";"0";"1";"4";"4";"1";"1"
"202400052524";"155 689 363";"A01";"3";"80";"12";"0";"3";"6";"3";""
"202400052525";"155 689 362";"A01";"2";"43";"12";"1";"8";"16";"1";""
"202400052526";"155 689 357";"A01";"2";"34";"0";"2";"1";"1";"1";""
"202400052526";"155 689 359";"B01";"0";"50";"0";"2";"7";"19";"3";""
"202400052527";"155 689 356";"A01";"3";"7";"0";"1";"1";"1";"0";""
"202400052528";"155 689 358";"A01";"1";"80";"0";"2";"3";"1";"3";""
"202400052528";"155 689 360";"B01";"1";"10";"0";"2";"5";"1";"1";""
"202400052529";"155 689 354";"A01";"1";"7";"0";"1";"3";"15";"1";""
"202400052530";"155 689 350";"A01";"1";"2";"0";"2";"8";"19";"1";""
"202400052530";"155 689 355";"B01";"2";"7";"0";"2";"3";"1";"1";""
"202400052531";"155 689 351";"A01";"2";"14";"0";"2";"8";"13";"1";""
"202400052531";"155 689 353";"B01";"2";"7";"0";"2";"7";"1";"2";""
"202400052532";"155 689 349";"A01";"1";"7";"0";"1";"1";"1";"1";""
"202400052533";"155 689 345";"A01";"3";"50";"0";"2";"1";"0";"3";""
"202400052533";"155 689 348";"B01";"0";"10";"0";"2";"3";"1";"0";""
"202400052534";"155 689 346";"A01";"2";"1";"0";"2";"3";"19";"5";""
"202400052534";"155 689 352";"B01";"1";"7";"0";"2";"2";"1";"2";""
"202400052535";"155 689 343";"A01";"3";"7";"0";"1";"2";"1";"1";""
"202400052536";"155 689 344";"A01";"2";"33";"0";"6";"1";"1";"1";""
"202400052537";"155 689 342";"B01";"1";"7";"0";"2";"2";"15";"1";""
"202400052537";"155 689 347";"A01";"1";"7";"0";"2";"6";"26";"1";""
"202400052538";"155 689 341";"A01";"1";"7";"0";"1";"1";"1";"1";""
"202400052539";"155 689 338";"A01";"3";"7";"8";"0";"1";"26";"1";""
"202400052540";"155 689 339";"A01";"1";"7";"2";"0";"2";"14";"0";""
"202400052541";"155 689 337";"A01";"0";"7";"0";"2";"2";"0";"1";""
"202400052541";"155 689 340";"B01";"0";"7";"0";"2";"3";"26";"1";""
"202400052542";"155 689 336";"A01";"1";"7";"2";"0";"3";"13";"1";""
"202400052543";"155 689 332";"B01";"3";"10";"0";"2";"3";"1";"1";""
"202400052543";"155 689 334";"A01";"3";"10";"0";"2";"3";"1";"1";""
"202400052544";"155 689 327";"A01";"1";"7";"3";"2";"1";"12";"1";""
"202400052544";"155 689 331";"B01";"1";"7";"3";"2";"4";"23";"1";""
"202400052545";"155 689 326";"A01";"3";"7";"0";"2";"3";"16";"1";""
"202400052545";"155 689 330";"B01";"3";"2";"0";"2";"7";"16";"1";""
"202400052546";"155 689 320";"A01";"3";"7";"0";"2";"1";"19";"1";""
"202400052546";"155 689 323";"B01";"1";"7";"0";"2";"3";"1";"1";""
"202400052547";"155 689 319";"D01";"1";"7";"0";"2";"4";"0";"2";""
"202400052547";"155 689 322";"A01";"1";"7";"0";"2";"1";"0";"1";""
"202400052547";"155 689 324";"C01";"1";"7";"0";"2";"6";"0";"1";""
"202400052547";"155 689 328";"B01";"1";"7";"6";"2";"4";"1";"1";""
"202400052548";"155 689 317";"A01";"2";"30";"14";"0";"3";"1";"1";""
"202400052549";"155 689 318";"A01";"2";"7";"0";"2";"1";"9";"1";""
"202400052549";"155 689 321";"B01";"2";"7";"0";"2";"3";"1";"1";""
"202400052550";"155 689 316";"D01";"2";"7";"0";"2";"4";"15";"1";""
"202400052550";"155 689 329";"C01";"2";"7";"0";"2";"4";"1";"1";""
"202400052550";"155 689 333";"A01";"2";"7";"0";"2";"3";"13";"1";""
"202400052550";"155 689 335";"B01";"1";"7";"0";"2";"3";"1";"1";""
"202400052551";"155 689 315";"A01";"3";"50";"0";"2";"1";"1";"3";""
"202400052551";"155 689 325";"B01";"3";"7";"0";"2";"7";"1";"1";""
"202400052552";"155 689 314";"A01";"3";"7";"0";"1";"3";"15";"1";""
"202400052553";"155 689 312";"A01";"1";"7";"2";"0";"0";"13";"1";""
"202400052554";"155 689 307";"B01";"1";"7";"0";"2";"1";"1";"1";""
"202400052554";"155 689 309";"A01";"2";"7";"0";"2";"1";"1";"1";""
"202400052555";"155 689 308";"B01";"1";"7";"0";"2";"1";"20";"1";""