"Num_Acc";"id_vehicule";"num_veh";"senc";"catv";"obs";"obsm";"choc";"manv";"motor";"occutc"
"202400052555";"155 689 313";"A01";"2";"33";"0";"2";"1";"1";"1";""
"202400052556";"155 689 306";"B01";"1";"7";"0";"2";"7";"0";"1";""
"202400052556";"155 689 310";"A01";"1";"33";"0";"2";"8";"0";"1";""
"202400052557";"155 689 304";"A01";"1";"7";"0";"2";"3";"15";"1";""
"202400052557";"155 689 311";"B01";"1";"2";"0";"2";"2";"17";"1";""
"202400052558";"155 689 302";"B01";"1";"7";"0";"2";"3";"1";"1";""
"202400052558";"155 689 305";"A01";"1";"7";"0";"2";"2";"1";"1";""
"202400052559";"155 689 303";"A01";"2";"21";"0";"1";"1";"15";"1";""
"202400052560";"155 689 296";"B01";"2";"1";"0";"2";"7";"1";"5";""
"202400052560";"155 689 300";"A01";"2";"7";"0";"9";"1";"16";"1";""
"202400052561";"155 689 298";"B01";"0";"7";"0";"2";"4";"1";"0";""
"202400052561";"155 689 301";"A01";"0";"7";"0";"2";"1";"1";"1";""
"202400052562";"155 689 295";"A01";"1";"7";"0";"1";"4";"20";"1";""
"202400052563";"155 689 297";"B01";"1";"2";"0";"2";"8";"19";"1";""
"202400052563";"155 689 299";"A01";"0";"7";"0";"2";"1";"26";"1";""
"202400052564";"155 689 290";"A01";"0";"50";"0";"1";"1";"1";"3";""
"202400052565";"155 689 289";"A01";"1";"7";"0";"2";"3";"13";"1";""
"202400052565";"155 689 291";"B01";"2";"7";"0";"2";"3";"1";"1";""
"202400052565";"155 689 293";"C01";"2";"7";"8";"2";"3";"1";"1";""
"202400052566";"155 689 288";"A01";"3";"7";"14";"0";"1";"0";"1";""
"202400052567";"155 689 294";"A01";"1";"3";"0";"1";"1";"16";"1";""
"202400052568";"155 689 292";"A01";"1";"7";"0";"0";"2";"14";"2";""
"202400052569";"155 689 286";"B01";"2";"7";"0";"2";"1";"1";"1";""
"202400052569";"155 689 287";"A01";"1";"7";"0";"2";"1";"1";"1";""
"202400052570";"155 689 284";"A01";"3";"7";"0";"1";"1";"0";"1";""
"202400052571";"155 689 285";"A01";"2";"37";"0";"0";"0";"26";"2";"1"
"202400052572";"155 689 283";"A01";"0";"10";"8";"0";"1";"5";"1";""
"202400052573";"155 689 277";"A01";"2";"7";"0";"1";"1";"1";"1";""
"202400052574";"155 689 278";"A01";"0";"7";"0";"2";"1";"2";"1";""
"202400052574";"155 689 281";"B01";"0";"7";"0";"0";"4";"2";"1";""
"202400052575";"155 689 280";"B01";"1";"37";"0";"2";"6";"1";"1";"1"
"202400052575";"155 689 282";"A01";"1";"50";"0";"2";"2";"1";"3";""
"202400052576";"155 689 275";"A01";"1";"7";"0";"0";"8";"5";"1";""
"202400052576";"155 689 279";"B01";"2";"33";"0";"0";"6";"17";"1";""
"202400052577";"155 689 274";"A01";"1";"7";"8";"0";"1";"14";"1";""
"202400052578";"155 689 269";"A01";"2";"33";"8";"0";"0";"1";"1";""
"202400052579";"155 689 266";"A01";"1";"7";"0";"2";"2";"15";"1";""
"202400052579";"155 689 270";"B01";"1";"0";"0";"2";"1";"0";"1";""
"202400052580";"155 689 272";"A01";"1";"7";"0";"2";"1";"11";"1";""
"202400052580";"155 689 276";"B01";"1";"7";"0";"2";"1";"1";"1";""
"202400052581";"155 689 267";"A01";"1";"7";"0";"2";"1";"1";"1";""
"202400052581";"155 689 273";"B01";"2";"7";"0";"2";"3";"16";"1";""
"202400052582";"155 689 268";"B01";"2";"7";"0";"2";"3";"0";"1";""
"202400052582";"155 689 271";"A01";"1";"31";"0";"2";"1";"26";"1";""
"202400052583";"155 689 264";"A01";"1";"33";"13";"6";"4";"1";"1";""
"202400052584";"155 689 262";"A01";"1";"7";"0";"2";"3";"13";"1";""
"202400052584";"155 689 265";"B01";"2";"33";"0";"2";"8";"1";"1";""
"202400052585";"155 689 257";"B01";"1";"33";"0";"2";"1";"1";"1";""
"202400052585";"155 689 260";"A01";"2";"7";"0";"2";"1";"15";"1";""
"202400052586";"155 689 259";"A01";"2";"7";"0";"2";"8";"15";"1";""
"202400052586";"155 689 263";"B01";"2";"33";"0";"2";"1";"5";"1";""
"202400052587";"155 689 254";"A01";"3";"7";"0";"2";"3";"1";"1";""
"202400052587";"155 689 258";"B01";"3";"7";"0";"2";"3";"1";"0";""
"202400052588";"155 689 253";"A01";"3";"7";"0";"0";"1";"0";"1";""
"202400052589";"155 689 256";"A01";"1";"32";"0";"2";"1";"17";"1";""
"202400052589";"155 689 261";"B01";"1";"7";"0";"2";"6";"15";"1";""
"202400052590";"155 689 252";"B01";"2";"7";"0";"9";"1";"0";"1";""
"202400052590";"155 689 255";"A01";"1";"1";"0";"2";"1";"26";"5";""
"202400052591";"155 689 247";"A01";"1";"7";"0";"1";"2";"1";"3";""
"202400052592";"155 689 248";"A01";"2";"7";"13";"0";"1";"21";"1";""
"202400052593";"155 689 246";"B01";"1";"14";"0";"2";"2";"16";"0";""
"202400052593";"155 689 251";"A01";"1";"33";"8";"0";"2";"18";"1";""
"202400052594";"155 689 245";"A01";"2";"7";"0";"2";"8";"17";"1";""
"202400052594";"155 689 249";"B01";"2";"7";"13";"2";"7";"0";"1";""
"202400052595";"155 689 243";"A01";"2";"7";"0";"1";"2";"15";"1";""
"202400052596";"155 689 242";"B01";"1";"2";"0";"2";"9";"1";"1";""
"202400052596";"155 689 250";"A01";"2";"7";"0";"2";"8";"1";"1";""
"202400052597";"155 689 241";"A01";"2";"1";"0";"9";"1";"0";"5";""
"202400052597";"155 689 244";"B01";"1";"1";"0";"9";"1";"0";"5";""
"202400052598";"155 689 239";"A01";"2";"32";"0";"1";"1";"18";"1";""
"202400052599";"155 689 240";"A01";"1";"7";"6";"0";"1";"15";"2";""
"202400052600";"155 689 238";"A01";"2";"7";"0";"0";"1";"1";"1";""
"202400052601";"155 689 236";"A01";"1";"7";"0";"1";"1";"1";"1";""
"202400052602";"155 689 234";"B01";"0";"10";"0";"2";"3";"15";"0";""
"202400052602";"155 689 237";"A01";"2";"13";"0";"2";"1";"1";"0";""
"202400052603";"155 689 233";"A01";"1";"33";"8";"0";"2";"26";"3";""
"202400052604";"155 689 229";"A01";"1";"10";"0";"1";"3";"1";"1";""
"202400052605";"155 689 225";"B01";"1";"1";"0";"2";"7";"1";"5";""
"202400052605";"155 689 232";"A01";"1";"7";"0";"2";"3";"1";"1";""
"202400052606";"155 689 219";"A01";"2";"1";"0";"1";"2";"1";"5";""
"202400052607";"155 689 218";"A01";"2";"7";"2";"0";"3";"13";"1";""
"202400052608";"155 689 220";"A01";"0";"37";"0";"0";"7";"1";"2";"5"
"202400052609";"155 689 223";"A01";"1";"33";"0";"2";"1";"1";"1";""
"202400052609";"155 689 230";"B01";"1";"7";"0";"2";"3";"9";"1";""
"202400052610";"155 689 215";"A01";"3";"7";"0";"2";"2";"19";"1";""
"202400052610";"155 689 221";"B01";"2";"50";"0";"2";"1";"1";"3";""
"202400052611";"155 689 217";"A01";"0";"7";"0";"2";"1";"2";"1";""
"202400052611";"155 689 228";"B01";"2";"7";"0";"0";"8";"10";"1";""
"202400052612";"155 689 212";"A01";"2";"7";"0";"2";"3";"1";"1";""
"202400052612";"155 689 214";"B01";"1";"2";"0";"0";"8";"15";"1";""
"202400052613";"155 689 209";"A01";"2";"17";"4";"0";"8";"16";"1";""
"202400052614";"155 689 208";"A01";"3";"1";"0";"2";"1";"0";"5";""
"202400052614";"155 689 213";"B01";"3";"37";"0";"2";"7";"1";"1";"1"
"202400052615";"155 689 206";"A01";"2";"7";"8";"0";"8";"1";"1";""
"202400052616";"155 689 205";"B01";"3";"7";"0";"2";"3";"1";"2";""
"202400052616";"155 689 211";"A01";"1";"50";"0";"2";"1";"1";"3";""
"202400052617";"155 689 202";"B01";"1";"1";"1";"0";"1";"1";"5";""
"202400052617";"155 689 207";"A01";"1";"10";"0";"2";"8";"24";"1";""
"202400052618";"155 689 201";"A01";"1";"7";"2";"0";"7";"1";"1";""
"202400052619";"155 689 199";"A01";"1";"7";"0";"1";"2";"16";"1";""
"202400052620";"155 689 198";"A01";"1";"7";"0";"2";"1";"0";"1";""
"202400052620";"155 689 203";"B01";"1";"7";"0";"2";"1";"2";"1";""
"202400052620";"155 689 210";"C01";"1";"7";"0";"2";"4";"2";"1";""
"202400052620";"155 689 216";"D01";"1";"7";"0";"2";"1";"0";"1";""
"202400052620";"155 689 222";"E01";"1";"7";"0";"2";"4";"2";"1";""
"202400052620";"155 689 224";"F01";"1";"7";"0";"2";"3";"2";"1";""
"202400052620";"155 689 227";"G01";"1";"7";"0";"2";"2";"12";"1";""
"202400052620";"155 689 231";"H01";"1";"7";"0";"2";"4";"2";"1";""
"202400052620";"155 689 235";"I01";"1";"7";"0";"2";"4";"2";"1";""
"202400052621";"155 689 197";"A01";"3";"10";"0";"1";"2";"1";"1";""
"202400052622";"155 689 200";"B01";"2";"7";"0";"2";"3";"1";"1";""
"202400052622";"155 689 204";"A01";"1";"2";"0";"2";"1";"13";"1";""
"202400052623";"155 689 196";"A01";"3";"33";"4";"0";"2";"17";"1";""
"202400052624";"155 689 194";"A01";"3";"32";"0";"0";"9";"1";"1";""
"202400052625";"155 689 191";"A01";"2";"33";"1";"0";"1";"2";"1";""
"202400052625";"155 689 195";"B01";"1";"10";"0";"2";"0";"10";"1";""
"202400052626";"155 689 190";"A01";"1";"10";"0";"1";"1";"15";"1";""
"202400052627";"155 689 189";"A01";"1";"32";"0";"2";"1";"2";"1";""
"202400052627";"155 689 193";"B01";"1";"7";"0";"2";"4";"0";"1";""
"202400052628";"155 689 185";"A01";"2";"30";"0";"1";"8";"1";"1";""
"202400052629";"155 689 184";"B01";"1";"33";"0";"2";"1";"1";"1";""
"202400052629";"155 689 187";"A01";"2";"7";"0";"2";"2";"15";"1";""
"202400052630";"155 689 186";"A01";"3";"1";"0";"2";"1";"1";"5";""
"202400052630";"155 689 192";"B01";"3";"14";"0";"9";"5";"16";"1";""
"202400052631";"155 689 176";"A01";"1";"7";"1";"0";"1";"1";"1";""
"202400052632";"155 689 180";"A01";"2";"7";"0";"2";"3";"15";"1";""
"202400052632";"155 689 183";"B01";"1";"33";"0";"2";"1";"1";"1";""
"202400052632";"155 689 188";"C01";"1";"34";"0";"2";"1";"1";"1";""
"202400052633";"155 689 178";"A01";"2";"7";"0";"1";"1";"2";"0";""
"202400052634";"155 689 179";"B01";"1";"31";"0";"2";"1";"1";"1";""
"202400052634";"155 689 182";"A01";"2";"7";"0";"2";"2";"15";"1";""
"202400052635";"155 689 175";"B01";"3";"7";"0";"2";"4";"1";"1";""
"202400052635";"155 689 181";"A01";"3";"10";"0";"2";"1";"1";"3";""
"202400052636";"155 689 174";"A01";"1";"3";"3";"0";"8";"13";"1";""
"202400052637";"155 689 170";"B01";"1";"7";"0";"2";"1";"15";"1";""
"202400052637";"155 689 177";"A01";"2";"7";"0";"2";"1";"1";"1";""
"202400052638";"155 689 169";"A01";"2";"1";"0";"0";"0";"1";"5";""
"202400052639";"155 689 167";"A01";"3";"7";"0";"2";"6";"15";"1";""
"202400052639";"155 689 173";"B01";"3";"33";"0";"2";"1";"1";"1";""
"202400052640";"155 689 165";"A01";"1";"34";"0";"2";"1";"1";"1";""
"202400052640";"155 689 171";"B01";"1";"7";"0";"2";"8";"23";"1";""
"202400052641";"155 689 168";"A01";"1";"10";"0";"2";"1";"1";"1";""
"202400052641";"155 689 172";"B01";"1";"10";"0";"0";"4";"1";"1";""
"202400052642";"155 689 166";"A01";"2";"7";"0";"0";"1";"12";"1";""
"202400052643";"155 689 164";"A01";"1";"7";"2";"0";"1";"17";"1";""
"202400052644";"155 689 158";"A01";"1";"7";"6";"0";"1";"1";"1";""
"202400052645";"155 689 161";"A01";"1";"30";"1";"0";"3";"7";"1";""
"202400052645";"155 689 163";"B01";"1";"7";"0";"2";"4";"23";"2";""
"202400052646";"155 689 160";"A01";"2";"7";"0";"2";"2";"1";"1";""
"202400052646";"155 689 162";"B01";"1";"7";"0";"2";"3";"1";"1";""
"202400052647";"155 689 155";"A01";"2";"7";"0";"2";"1";"11";"1";""
"202400052647";"155 689 157";"B01";"1";"7";"0";"2";"3";"1";"1";""
"202400052648";"155 689 152";"A01";"3";"10";"9";"1";"0";"15";"0";""
"202400052649";"155 689 153";"A01";"3";"7";"0";"1";"3";"15";"2";""
"202400052650";"155 689 151";"A01";"1";"21";"0";"0";"6";"1";"1";""
"202400052651";"155 689 147";"A01";"3";"2";"0";"0";"0";"1";"1";""
"202400052652";"155 689 144";"C01";"2";"17";"0";"2";"1";"1";"1";""
"202400052652";"155 689 150";"A01";"1";"7";"16";"2";"1";"13";"1";""
"202400052652";"155 689 156";"B01";"2";"38";"0";"2";"8";"1";"1";"1"
"202400052653";"155 689 149";"B01";"2";"7";"0";"2";"1";"1";"1";""
"202400052653";"155 689 154";"C01";"2";"7";"0";"2";"1";"1";"1";""
"202400052653";"155 689 159";"A01";"2";"7";"0";"2";"4";"11";"1";""
"202400052654";"155 689 141";"A01";"3";"7";"0";"1";"1";"9";"1";""
"202400052655";"155 689 143";"B01";"3";"33";"0";"2";"2";"1";"1";""
"202400052655";"155 689 148";"A01";"3";"7";"0";"2";"3";"15";"1";""
"202400052656";"155 689 140";"A01";"3";"7";"0";"1";"1";"1";"3";""
"202400052657";"155 689 136";"A01";"1";"10";"2";"0";"7";"1";"1";""
"202400052658";"155 689 134";"B01";"2";"17";"0";"0";"4";"2";"1";""
"202400052658";"155 689 139";"A01";"2";"10";"0";"2";"1";"2";"1";""
"202400052659";"155 689 130";"A01";"3";"7";"0";"1";"1";"1";"1";""
"202400052660";"155 689 127";"A01";"1";"50";"0";"0";"1";"1";"3";""
"202400052661";"155 689 128";"A01";"1";"7";"0";"1";"7";"1";"1";""
"202400052662";"155 689 126";"A01";"1";"7";"8";"0";"3";"1";"1";""
"202400052663";"155 689 135";"A01";"2";"7";"0";"1";"2";"1";"1";""
"202400052664";"155 689 129";"A01";"1";"7";"0";"2";"3";"15";"0";""
"202400052664";"155 689 132";"B01";"1";"7";"0";"0";"0";"0";"0";""
"202400052665";"155 689 119";"A01";"3";"7";"1";"0";"1";"14";"2";""
"202400052666";"155 689 122";"B01";"1";"2";"0";"2";"1";"26";"3";""
"202400052666";"155 689 131";"A01";"1";"31";"0";"2";"2";"1";"1";""
"202400052667";"155 689 120";"A01";"1";"33";"4";"0";"7";"14";"1";""
"202400052668";"155 689 118";"A01";"1";"33";"0";"2";"8";"13";"1";""
"202400052668";"155 689 123";"B01";"2";"7";"0";"2";"6";"1";"1";""
"202400052669";"155 689 121";"B01";"2";"31";"0";"2";"4";"1";"1";""
"202400052669";"155 689 125";"A01";"1";"7";"0";"2";"1";"15";"1";""
"202400052670";"155 689 116";"A01";"1";"80";"6";"0";"9";"26";"3";""
"202400052671";"155 689 113";"Z01";"0";"7";"0";"2";"1";"13";"1";""
"202400052671";"155 689 114";"A01";"0";"2";"0";"2";"1";"1";"1";""
"202400052672";"155 689 124";"A01";"3";"37";"0";"2";"2";"1";"1";"4"
"202400052672";"155 689 133";"B01";"3";"10";"0";"2";"3";"10";"1";""
"202400052673";"155 689 117";"A01";"0";"7";"7";"0";"1";"0";"1";""
"202400052674";"155 689 115";"A01";"2";"7";"10";"0";"2";"1";"2";""
"202400052675";"155 689 112";"A01";"1";"7";"3";"0";"2";"1";"1";""
"202400052676";"155 689 109";"A01";"3";"7";"13";"0";"8";"13";"1";""
"202400052677";"155 689 108";"A01";"1";"1";"12";"0";"0";"21";"5";""
"202400052678";"155 689 106";"Z01";"3";"7";"0";"1";"0";"2";"0";""
"202400052679";"155 689 107";"A01";"2";"7";"2";"0";"1";"0";"1";""
"202400052680";"155 689 103";"B01";"3";"1";"0";"2";"2";"1";"5";""
"202400052680";"155 689 111";"A01";"3";"7";"0";"2";"3";"9";"1";""
"202400052681";"155 689 105";"A01";"3";"7";"9";"1";"2";"14";"1";""
"202400052682";"155 689 102";"A01";"2";"7";"6";"0";"3";"1";"1";""
"202400052683";"155 689 098";"A01";"1";"33";"0";"0";"7";"1";"1";""
"202400052684";"155 689 100";"A01";"1";"33";"0";"6";"2";"1";"1";""
"202400052685";"155 689 097";"B01";"1";"7";"0";"2";"2";"15";"1";""
"202400052685";"155 689 110";"A01";"2";"33";"0";"2";"1";"1";"1";""
"202400052686";"155 689 096";"Z01";"3";"7";"0";"1";"4";"20";"6";""
"202400052687";"155 689 094";"B01";"3";"1";"0";"2";"1";"19";"5";""
"202400052687";"155 689 099";"A01";"3";"7";"8";"2";"3";"15";"1";""
"202400052688";"155 689 095";"A01";"1";"7";"0";"2";"1";"2";"1";""
"202400052688";"155 689 101";"B01";"1";"7";"0";"2";"4";"2";"1";""
"202400052688";"155 689 104";"C01";"1";"10";"0";"2";"4";"1";"1";""
"202400052689";"155 689 090";"A01";"2";"7";"10";"0";"1";"1";"1";""
"202400052690";"155 689 089";"A01";"0";"7";"0";"2";"3";"0";"0";""
"202400052690";"155 689 091";"B01";"2";"7";"0";"2";"3";"0";"0";""
"202400052691";"155 689 088";"B01";"0";"7";"0";"2";"1";"2";"1";""
"202400052691";"155 689 092";"A01";"0";"7";"0";"0";"4";"1";"1";""
"202400052692";"155 689 087";"Z01";"3";"7";"0";"1";"2";"0";"1";""
"202400052693";"155 689 085";"A01";"2";"30";"0";"0";"1";"0";"1";""
"202400052694";"155 689 080";"A01";"1";"7";"0";"2";"3";"9";"1";""
"202400052694";"155 689 084";"B01";"2";"2";"0";"2";"1";"1";"1";""
"202400052695";"155 689 082";"B01";"1";"30";"0";"2";"8";"2";"1";""
"202400052695";"155 689 093";"A01";"1";"10";"0";"2";"1";"15";"1";""
"202400052696";"155 689 079";"B01";"2";"2";"0";"2";"1";"1";"1";""
"202400052696";"155 689 086";"A01";"1";"7";"0";"2";"1";"1";"2";""
"202400052697";"155 689 076";"A01";"2";"7";"0";"9";"2";"16";"1";""
"202400052697";"155 689 083";"B01";"1";"50";"0";"2";"2";"0";"3";""
"202400052698";"155 689 070";"A01";"3";"10";"0";"1";"0";"0";"0";""
"202400052699";"155 689 065";"A01";"1";"7";"0";"2";"2";"12";"1";""
"202400052699";"155 689 073";"B01";"1";"7";"0";"2";"3";"1";"1";""
"202400052700";"155 689 071";"A01";"2";"7";"13";"0";"7";"1";"1";""
"202400052701";"155 689 067";"B01";"3";"3";"0";"2";"4";"2";"1";""
"202400052701";"155 689 074";"A01";"3";"10";"0";"2";"1";"2";"1";""
"202400052702";"155 689 066";"A01";"2";"7";"0";"1";"2";"1";"1";""
"202400052703";"155 689 064";"A01";"2";"7";"0";"0";"4";"2";"1";""
"202400052703";"155 689 077";"B01";"2";"10";"0";"2";"1";"2";"1";""
"202400052704";"155 689 062";"B01";"1";"7";"0";"2";"1";"15";"1";""
"202400052704";"155 689 068";"A01";"2";"7";"0";"2";"1";"1";"1";""
"202400052705";"155 689 055";"B01";"2";"7";"0";"2";"3";"1";"1";""
"202400052705";"155 689 060";"A01";"1";"7";"0";"2";"1";"15";"1";""
"202400052706";"155 689 054";"B01";"0";"10";"0";"2";"3";"23";"1";""
"202400052706";"155 689 072";"A01";"1";"36";"0";"2";"1";"1";"1";""
"202400052707";"155 689 053";"F01";"1";"7";"0";"2";"4";"2";"1";""
"202400052707";"155 689 058";"A01";"1";"7";"0";"2";"1";"2";"1";""
"202400052707";"155 689 063";"C01";"1";"7";"0";"2";"1";"2";"1";""
"202400052707";"155 689 069";"D01";"1";"7";"0";"2";"4";"1";"3";""
"202400052707";"155 689 075";"E01";"1";"7";"0";"2";"1";"2";"3";""
"202400052707";"155 689 078";"B01";"1";"7";"0";"2";"4";"1";"2";""
"202400052707";"155 689 081";"G01";"1";"7";"0";"2";"1";"2";"2";""
"202400052708";"155 689 052";"B01";"2";"7";"0";"2";"3";"11";"2";""
"202400052708";"155 689 059";"A01";"2";"30";"0";"2";"8";"17";"1";""
"202400052709";"155 689 057";"B01";"2";"43";"0";"2";"1";"3";"1";""
"202400052709";"155 689 061";"A01";"2";"7";"0";"2";"5";"14";"1";""
"202400052710";"155 689 051";"A01";"1";"33";"2";"0";"3";"26";"1";""
"202400052711";"155 689 049";"A01";"2";"10";"0";"1";"0";"1";"1";""
"202400052712";"155 689 048";"A01";"0";"30";"0";"2";"1";"1";"1";""
"202400052712";"155 689 056";"B01";"0";"7";"0";"2";"6";"9";"1";""
"202400052713";"155 689 047";"Z01";"3";"10";"0";"2";"3";"2";"0";""
"202400052713";"155 689 050";"B01";"3";"43";"0";"2";"7";"1";"1";""
"202400052714";"155 689 045";"A01";"1";"32";"8";"0";"1";"1";"1";""
"202400052715";"155 689 046";"A01";"3";"7";"0";"1";"3";"1";"1";""
"202400052716";"155 689 040";"A01";"2";"7";"0";"1";"8";"19";"0";""
"202400052717";"155 689 039";"A01";"1";"7";"13";"0";"1";"13";"1";""
"202400052718";"155 689 038";"A01";"1";"7";"0";"2";"2";"2";"1";""
"202400052718";"155 689 044";"B01";"1";"7";"0";"2";"4";"1";"1";""
"202400052719";"155 689 037";"A01";"3";"30";"1";"0";"1";"1";"1";""
"202400052719";"155 689 043";"B01";"3";"7";"0";"2";"4";"23";"1";""
"202400052720";"155 689 033";"A01";"1";"7";"0";"1";"1";"17";"3";""
"202400052721";"155 689 032";"A01";"1";"33";"0";"0";"0";"13";"1";""
"202400052722";"155 689 036";"B01";"1";"31";"0";"2";"3";"1";"1";""
"202400052722";"155 689 041";"A01";"1";"7";"0";"2";"2";"12";"1";""
"202400052723";"155 689 029";"A01";"1";"30";"10";"0";"1";"15";"3";""
"202400052723";"155 689 031";"B01";"2";"7";"10";"0";"3";"1";"1";""
"202400052724";"155 689 027";"A01";"1";"33";"8";"0";"2";"1";"1";""
"202400052725";"155 689 026";"A01";"2";"7";"3";"0";"1";"0";"1";""
"202400052726";"155 689 034";"B01";"2";"7";"0";"2";"1";"1";"1";""
"202400052726";"155 689 042";"A01";"1";"7";"3";"2";"9";"15";"1";""
"202400052727";"155 689 024";"B01";"1";"99";"0";"2";"7";"1";"0";""
"202400052727";"155 689 030";"A01";"1";"7";"0";"2";"1";"1";"1";""
"202400052728";"155 689 022";"A01";"1";"7";"7";"0";"1";"1";"1";""
"202400052729";"155 689 012";"A01";"1";"33";"0";"2";"3";"13";"1";""
"202400052729";"155 689 019";"B01";"2";"7";"0";"9";"3";"1";"1";""
"202400052730";"155 689 015";"A01";"1";"7";"0";"2";"2";"1";"1";""
"202400052730";"155 689 020";"Y01";"1";"1";"0";"2";"3";"19";"5";""
"202400052731";"155 689 016";"B01";"2";"2";"0";"2";"1";"1";"1";""
"202400052731";"155 689 021";"A01";"1";"7";"0";"2";"3";"13";"1";""
"202400052732";"155 689 014";"A01";"2";"32";"0";"2";"1";"2";"1";""
"202400052732";"155 689 023";"B01";"2";"7";"0";"0";"5";"2";"1";""
"202400052733";"155 689 010";"B01";"1";"7";"0";"2";"6";"1";"1";""
"202400052733";"155 689 017";"A01";"1";"10";"0";"2";"2";"14";"1";""
"202400052734";"155 689 009";"A01";"1";"7";"0";"2";"3";"15";"1";""
"202400052734";"155 689 011";"B01";"2";"7";"0";"2";"3";"1";"1";""
"202400052735";"155 689 018";"A01";"1";"10";"0";"2";"1";"19";"1";""
"202400052735";"155 689 025";"B01";"0";"10";"0";"2";"8";"1";"1";""
"202400052736";"155 689 003";"A01";"1";"10";"0";"2";"3";"13";"1";""
"202400052736";"155 689 007";"B01";"2";"10";"0";"2";"3";"1";"1";""
"202400052737";"155 689 006";"B01";"1";"31";"0";"2";"2";"3";"1";""
"202400052737";"155 689 013";"A01";"1";"7";"0";"2";"6";"1";"1";""
"202400052738";"155 689 000";"A01";"1";"33";"0";"2";"1";"17";"1";""
"202400052738";"155 689 005";"B01";"1";"10";"0";"2";"3";"15";"1";""
"202400052739";"155 689 001";"A01";"1";"7";"0";"1";"1";"1";"1";""
"202400052740";"155 688 996";"B01";"1";"7";"0";"2";"4";"2";"1";""
"202400052740";"155 689 004";"A01";"1";"7";"0";"2";"1";"2";"1";""
"202400052741";"155 688 998";"A01";"1";"30";"0";"2";"1";"26";"1";""
"202400052741";"155 689 008";"B01";"1";"7";"0";"0";"0";"0";"1";""
"202400052742";"155 688 992";"A01";"1";"10";"0";"2";"3";"11";"1";""
"202400052742";"155 688 995";"B01";"1";"32";"0";"2";"2";"2";"1";""
"202400052743";"155 688 991";"B01";"1";"7";"0";"2";"6";"1";"1";""
"202400052743";"155 689 002";"A01";"1";"15";"0";"2";"2";"12";"1";""
"202400052744";"155 688 987";"A01";"2";"7";"0";"2";"1";"1";"1";""
"202400052744";"155 688 990";"B01";"1";"10";"0";"2";"1";"1";"1";""
"202400052745";"155 688 988";"A01";"2";"7";"0";"2";"1";"26";"1";""
"202400052745";"155 688 994";"B01";"2";"34";"0";"2";"4";"1";"1";""
"202400052745";"155 688 999";"C01";"2";"33";"0";"2";"1";"1";"1";""
"202400052746";"155 688 985";"A01";"3";"33";"0";"0";"7";"14";"1";""
"202400052747";"155 688 979";"A01";"3";"7";"0";"2";"1";"0";"0";""
"202400052747";"155 688 984";"B01";"3";"43";"0";"2";"1";"0";"0";""
"202400052748";"155 688 983";"Y01";"1";"1";"9";"2";"8";"13";"5";""
"202400052748";"155 688 986";"A01";"0";"7";"0";"2";"8";"14";"1";""
"202400052749";"155 688 978";"B01";"0";"7";"0";"2";"2";"1";"1";""
"202400052749";"155 688 993";"A01";"1";"10";"0";"2";"7";"15";"1";""
"202400052749";"155 688 997";"C01";"1";"10";"0";"2";"1";"23";"1";""
"202400052750";"155 688 976";"A01";"2";"7";"0";"2";"8";"11";"1";""
"202400052750";"155 688 982";"B01";"2";"33";"0";"2";"1";"1";"1";""
"202400052751";"155 688 980";"B01";"1";"33";"0";"2";"1";"17";"1";""
"202400052751";"155 688 989";"A01";"1";"21";"0";"2";"6";"15";"1";""
"202400052752";"155 688 973";"B01";"2";"2";"0";"0";"1";"1";"1";""
"202400052752";"155 688 981";"A01";"1";"7";"0";"0";"3";"1";"2";""
"202400052753";"155 688 974";"A01";"2";"7";"0";"2";"1";"13";"1";""
"202400052753";"155 688 977";"B01";"1";"7";"0";"2";"1";"1";"1";""
"202400052754";"155 688 971";"A01";"2";"33";"0";"0";"1";"20";"1";""
"202400052755";"155 688 969";"A01";"0";"50";"0";"1";"1";"21";"3";""
"202400052756";"155 688 967";"A01";"3";"7";"0";"2";"3";"9";"1";""
"202400052756";"155 688 975";"B01";"2";"30";"0";"2";"1";"1";"1";""
"202400052757";"155 688 970";"A01";"3";"7";"0";"2";"7";"16";"1";""
"202400052757";"155 688 972";"B01";"3";"34";"0";"2";"8";"18";"1";""
"202400052758";"155 688 963";"A01";"1";"7";"5";"0";"1";"1";"1";""
"202400052759";"155 688 964";"A01";"2";"33";"0";"0";"1";"1";"1";""
"202400052760";"155 688 961";"A01";"2";"33";"0";"2";"1";"3";"1";""
"202400052760";"155 688 965";"B01";"2";"10";"0";"2";"4";"12";"1";""
"202400052761";"155 688 962";"B01";"1";"50";"0";"2";"8";"1";"3";""
"202400052761";"155 688 968";"A01";"1";"7";"0";"2";"2";"14";"2";""
"202400052762";"155 688 958";"A01";"1";"7";"2";"0";"2";"14";"1";""
"202400052763";"155 688 956";"A01";"2";"7";"8";"0";"2";"1";"1";""
"202400052764";"155 688 960";"A01";"2";"10";"0";"1";"1";"17";"1";""
"202400052765";"155 688 959";"A01";"3";"50";"12";"0";"1";"14";"3";""
"202400052766";"155 688 957";"B01";"1";"7";"0";"2";"5";"1";"1";""
"202400052766";"155 688 966";"A01";"1";"7";"0";"2";"3";"9";"1";""
"202400052767";"155 688 954";"A01";"1";"7";"2";"0";"0";"13";"1";""