"Num_Acc";"id_vehicule";"num_veh";"senc";"catv";"obs";"obsm";"choc";"manv";"motor";"occutc"
"202400052768";"155 688 955";"A01";"3";"40";"0";"1";"1";"1";"3";""
"202400052769";"155 688 950";"A01";"1";"33";"13";"0";"7";"1";"1";""
"202400052770";"155 688 947";"A01";"1";"30";"0";"0";"8";"1";"1";""
"202400052771";"155 688 945";"A01";"2";"7";"0";"2";"1";"2";"1";""
"202400052771";"155 688 952";"B01";"2";"7";"0";"2";"4";"2";"1";""
"202400052772";"155 688 948";"A01";"2";"7";"1";"0";"2";"14";"1";""
"202400052773";"155 688 943";"A01";"3";"7";"0";"2";"3";"15";"1";""
"202400052773";"155 688 949";"B01";"3";"43";"0";"2";"1";"1";"1";""
"202400052774";"155 688 942";"B01";"3";"2";"0";"2";"8";"19";"1";""
"202400052774";"155 688 951";"A01";"2";"7";"0";"2";"2";"1";"1";""
"202400052775";"155 688 940";"A01";"2";"7";"0";"2";"1";"2";"1";""
"202400052775";"155 688 946";"B01";"2";"7";"0";"2";"4";"2";"1";""
"202400052775";"155 688 953";"C01";"2";"7";"0";"2";"4";"2";"1";""
"202400052776";"155 688 941";"A01";"1";"33";"0";"2";"8";"13";"1";""
"202400052776";"155 688 944";"B01";"2";"7";"0";"2";"1";"1";"3";""
"202400052777";"155 688 931";"A01";"0";"32";"0";"2";"1";"5";"1";""
"202400052777";"155 688 937";"B01";"0";"7";"0";"2";"1";"1";"1";""
"202400052778";"155 688 930";"A01";"1";"10";"0";"2";"6";"17";"1";""
"202400052778";"155 688 936";"B01";"1";"33";"0";"2";"1";"17";"1";""
"202400052779";"155 688 934";"A01";"1";"7";"0";"2";"2";"15";"1";""
"202400052779";"155 688 938";"B01";"1";"7";"0";"2";"1";"1";"1";""
"202400052780";"155 688 933";"A01";"2";"37";"0";"0";"1";"15";"2";"1"
"202400052780";"155 688 939";"B01";"1";"32";"0";"0";"0";"1";"1";""
"202400052781";"155 688 926";"A01";"2";"7";"0";"9";"2";"16";"1";""
"202400052781";"155 688 932";"B01";"2";"1";"0";"2";"1";"1";"5";""
"202400052782";"155 688 924";"B01";"1";"7";"0";"2";"3";"1";"1";""
"202400052782";"155 688 935";"A01";"2";"7";"0";"2";"2";"12";"1";""
"202400052783";"155 688 923";"A01";"1";"1";"0";"2";"3";"15";"5";""
"202400052783";"155 688 929";"B01";"1";"32";"0";"2";"1";"1";"1";""
"202400052784";"155 688 922";"A01";"2";"7";"0";"2";"1";"13";"2";""
"202400052784";"155 688 925";"B01";"1";"15";"0";"2";"8";"1";"1";""
"202400052785";"155 688 921";"A01";"3";"7";"0";"2";"1";"19";"1";""
"202400052785";"155 688 928";"B01";"1";"31";"0";"2";"7";"1";"1";""
"202400052786";"155 688 919";"A01";"2";"7";"0";"2";"7";"15";"1";""
"202400052786";"155 688 927";"B01";"1";"7";"0";"2";"2";"1";"1";""
"202400052787";"155 688 918";"A01";"2";"36";"6";"0";"3";"26";"1";""
"202400052788";"155 688 916";"B01";"1";"50";"0";"2";"8";"0";"3";""
"202400052788";"155 688 920";"A01";"2";"7";"0";"2";"2";"0";"1";""
"202400052789";"155 688 911";"A01";"3";"31";"0";"0";"9";"1";"1";""
"202400052790";"155 688 913";"A01";"1";"30";"12";"0";"2";"1";"1";""
"202400052791";"155 688 912";"A01";"3";"33";"0";"2";"5";"17";"1";""
"202400052791";"155 688 915";"B01";"3";"7";"0";"2";"3";"15";"1";""
"202400052792";"155 688 909";"A01";"2";"10";"0";"1";"3";"15";"1";""
"202400052793";"155 688 908";"C01";"1";"7";"0";"2";"1";"1";"1";""
"202400052793";"155 688 914";"A01";"1";"7";"0";"2";"1";"13";"1";""
"202400052793";"155 688 917";"B01";"1";"7";"0";"2";"3";"1";"1";""
"202400052794";"155 688 910";"A01";"2";"37";"0";"1";"7";"1";"2";"1"
"202400052795";"155 688 907";"A01";"1";"7";"0";"1";"1";"1";"1";""
"202400052796";"155 688 905";"A01";"1";"7";"0";"1";"1";"15";"3";""
"202400052797";"155 688 902";"B01";"2";"7";"8";"0";"1";"10";"1";""
"202400052797";"155 688 903";"A01";"1";"7";"9";"0";"8";"1";"1";""
"202400052798";"155 688 901";"A01";"3";"7";"0";"1";"1";"2";"1";""
"202400052799";"155 688 898";"A01";"0";"7";"15";"1";"0";"26";"1";""
"202400052800";"155 688 895";"A01";"3";"7";"0";"2";"1";"15";"1";""
"202400052800";"155 688 904";"B01";"3";"2";"0";"2";"1";"1";"1";""
"202400052801";"155 688 897";"A01";"1";"50";"0";"1";"1";"25";"3";""
"202400052802";"155 688 891";"A01";"1";"50";"0";"1";"1";"1";"3";""
"202400052803";"155 688 893";"A01";"2";"31";"0";"0";"8";"15";"1";""
"202400052803";"155 688 899";"B01";"2";"33";"0";"0";"3";"1";"1";""
"202400052804";"155 688 892";"B01";"1";"10";"0";"2";"4";"2";"1";""
"202400052804";"155 688 900";"A01";"1";"7";"0";"2";"1";"1";"2";""
"202400052805";"155 688 890";"A01";"1";"7";"0";"2";"3";"15";"2";""
"202400052805";"155 688 896";"B01";"2";"33";"0";"2";"1";"1";"1";""
"202400052806";"155 688 884";"A01";"2";"80";"0";"2";"8";"16";"3";""
"202400052806";"155 688 888";"B01";"1";"7";"0";"2";"2";"1";"1";""
"202400052807";"155 688 889";"A01";"1";"7";"0";"2";"1";"16";"1";""
"202400052807";"155 688 894";"B01";"2";"1";"0";"2";"1";"1";"5";""
"202400052808";"155 688 882";"A01";"1";"7";"0";"2";"4";"1";"1";""
"202400052808";"155 688 886";"B01";"1";"43";"0";"2";"1";"1";"1";""
"202400052809";"155 688 879";"A01";"2";"50";"0";"2";"7";"1";"3";""
"202400052809";"155 688 887";"B01";"1";"7";"0";"2";"1";"9";"1";""
"202400052810";"155 688 880";"A01";"2";"7";"0";"2";"2";"15";"1";""
"202400052810";"155 688 883";"B01";"1";"33";"0";"2";"1";"1";"1";""
"202400052811";"155 688 878";"A01";"3";"7";"0";"0";"5";"20";"1";""
"202400052812";"155 688 875";"A01";"1";"7";"0";"1";"1";"1";"1";""
"202400052813";"155 688 877";"A01";"2";"7";"14";"0";"1";"0";"1";""
"202400052813";"155 688 885";"B01";"3";"1";"0";"2";"7";"23";"5";""
"202400052814";"155 688 876";"A01";"1";"7";"0";"1";"2";"1";"1";""
"202400052815";"155 688 871";"A01";"2";"32";"0";"1";"1";"26";"1";""
"202400052816";"155 688 869";"A01";"2";"1";"0";"2";"1";"1";"5";""
"202400052816";"155 688 873";"B01";"3";"10";"0";"2";"2";"1";"1";""
"202400052817";"155 688 868";"A01";"3";"1";"0";"0";"0";"1";"5";""
"202400052818";"155 688 874";"B01";"2";"50";"0";"2";"1";"1";"3";""
"202400052818";"155 688 881";"A01";"1";"1";"0";"2";"1";"17";"5";""
"202400052819";"155 688 865";"A01";"3";"10";"0";"2";"3";"15";"1";""
"202400052819";"155 688 870";"B01";"3";"33";"0";"2";"1";"1";"1";""
"202400052820";"155 688 866";"A01";"2";"7";"0";"2";"4";"2";"1";""
"202400052820";"155 688 872";"B01";"2";"7";"0";"2";"1";"2";"1";""
"202400052821";"155 688 864";"B01";"2";"7";"0";"2";"5";"2";"1";""
"202400052821";"155 688 867";"A01";"2";"1";"0";"2";"8";"2";"5";""
"202400052822";"155 688 856";"A01";"2";"7";"8";"0";"1";"14";"1";""
"202400052823";"155 688 855";"A01";"1";"7";"0";"2";"7";"20";"1";""
"202400052823";"155 688 860";"B01";"1";"1";"0";"2";"1";"1";"5";""
"202400052824";"155 688 859";"A01";"3";"80";"12";"0";"1";"14";"3";""
"202400052825";"155 688 857";"A01";"1";"30";"0";"2";"1";"5";"1";""
"202400052825";"155 688 862";"B01";"1";"7";"0";"2";"2";"20";"2";""
"202400052826";"155 688 851";"A01";"1";"10";"0";"1";"1";"15";"1";""
"202400052827";"155 688 849";"A01";"2";"33";"0";"2";"1";"26";"1";""
"202400052827";"155 688 854";"B01";"2";"33";"0";"2";"4";"1";"1";""
"202400052828";"155 688 848";"B01";"2";"33";"0";"2";"1";"1";"1";""
"202400052828";"155 688 858";"A01";"1";"7";"0";"2";"2";"15";"1";""
"202400052829";"155 688 846";"A01";"1";"7";"0";"2";"5";"1";"1";""
"202400052829";"155 688 863";"B01";"1";"37";"0";"2";"2";"1";"1";"1"
"202400052830";"155 688 843";"A01";"1";"7";"0";"0";"9";"1";"1";""
"202400052831";"155 688 844";"C01";"2";"7";"0";"2";"4";"1";"1";""
"202400052831";"155 688 847";"D01";"2";"7";"0";"2";"4";"2";"2";""
"202400052831";"155 688 853";"A01";"2";"10";"0";"2";"1";"2";"1";""
"202400052831";"155 688 861";"B01";"2";"7";"0";"2";"4";"2";"1";""
"202400052832";"155 688 839";"A01";"2";"33";"0";"1";"1";"7";"1";""
"202400052833";"155 688 840";"A01";"1";"7";"0";"2";"3";"1";"1";""
"202400052833";"155 688 850";"B01";"2";"7";"0";"0";"1";"15";"1";""
"202400052833";"155 688 852";"C01";"2";"7";"0";"0";"6";"1";"1";""
"202400052834";"155 688 836";"B01";"1";"7";"0";"2";"1";"1";"1";""
"202400052834";"155 688 845";"A01";"1";"7";"0";"2";"7";"1";"1";""
"202400052835";"155 688 835";"A01";"1";"7";"0";"1";"1";"1";"2";""
"202400052836";"155 688 838";"A01";"3";"7";"0";"1";"2";"15";"1";""
"202400052837";"155 688 832";"A01";"1";"7";"0";"2";"2";"1";"1";""
"202400052837";"155 688 841";"B01";"2";"1";"0";"2";"1";"15";"5";""
"202400052838";"155 688 837";"A01";"1";"10";"0";"2";"6";"20";"1";""
"202400052838";"155 688 842";"B01";"1";"33";"0";"2";"0";"17";"1";""
"202400052839";"155 688 829";"B01";"2";"10";"0";"2";"1";"1";"1";""
"202400052839";"155 688 833";"A01";"2";"7";"0";"2";"5";"1";"2";""
"202400052840";"155 688 830";"A01";"2";"7";"9";"2";"2";"26";"1";""
"202400052840";"155 688 834";"B01";"1";"7";"9";"2";"8";"2";"1";""
"202400052841";"155 688 827";"A01";"2";"7";"8";"2";"1";"0";"1";""
"202400052842";"155 688 828";"A01";"3";"21";"0";"2";"2";"1";"1";""
"202400052842";"155 688 831";"B01";"3";"33";"0";"2";"6";"23";"1";""
"202400052843";"155 688 826";"A01";"2";"7";"2";"0";"1";"1";"1";""
"202400052844";"155 688 825";"A01";"2";"7";"0";"1";"2";"1";"1";""
"202400052845";"155 688 819";"B01";"2";"7";"0";"2";"6";"1";"1";""
"202400052845";"155 688 824";"A01";"2";"32";"0";"2";"5";"18";"1";""
"202400052846";"155 688 815";"A01";"2";"7";"0";"2";"6";"1";"1";""
"202400052846";"155 688 822";"Z01";"2";"15";"0";"2";"1";"12";"0";""
"202400052847";"155 688 821";"A01";"2";"7";"0";"1";"1";"1";"1";""
"202400052848";"155 688 814";"A01";"3";"7";"0";"1";"1";"26";"1";""
"202400052849";"155 688 813";"A01";"1";"7";"8";"0";"9";"1";"1";""
"202400052850";"155 688 811";"A01";"1";"7";"0";"2";"1";"1";"1";""
"202400052850";"155 688 817";"B01";"1";"7";"0";"2";"4";"23";"1";""
"202400052850";"155 688 823";"C01";"1";"7";"0";"2";"4";"23";"1";""
"202400052851";"155 688 808";"A01";"0";"7";"0";"2";"3";"19";"1";""
"202400052851";"155 688 816";"B01";"0";"1";"0";"2";"1";"1";"5";""
"202400052852";"155 688 812";"B01";"2";"7";"0";"2";"1";"15";"1";""
"202400052852";"155 688 818";"A01";"1";"32";"0";"2";"8";"7";"3";""
"202400052853";"155 688 807";"A01";"3";"7";"0";"2";"3";"1";"1";""
"202400052853";"155 688 809";"B01";"3";"1";"0";"2";"1";"14";"5";""
"202400052854";"155 688 804";"A01";"3";"7";"0";"1";"2";"1";"1";""
"202400052855";"155 688 801";"A01";"2";"15";"0";"2";"2";"12";"1";""
"202400052855";"155 688 806";"B01";"2";"7";"0";"2";"6";"0";"1";""
"202400052856";"155 688 803";"A01";"1";"10";"1";"0";"1";"20";"1";""
"202400052857";"155 688 800";"A01";"2";"10";"5";"0";"2";"1";"1";""
"202400052858";"155 688 802";"A01";"1";"33";"0";"0";"8";"2";"1";""
"202400052859";"155 688 796";"B01";"2";"7";"8";"2";"1";"1";"1";""
"202400052859";"155 688 799";"A01";"1";"7";"0";"2";"1";"1";"1";""
"202400052860";"155 688 793";"A01";"1";"10";"0";"2";"2";"5";"1";""
"202400052860";"155 688 798";"B01";"2";"3";"0";"2";"1";"1";"1";""
"202400052861";"155 688 791";"A01";"2";"7";"0";"2";"1";"1";"1";""
"202400052861";"155 688 795";"B01";"2";"7";"0";"2";"1";"11";"1";""
"202400052862";"155 688 788";"A01";"2";"7";"0";"1";"3";"15";"0";""
"202400052863";"155 688 790";"A01";"2";"7";"3";"0";"8";"26";"1";""
"202400052864";"155 688 794";"A01";"1";"34";"0";"2";"1";"17";"1";""
"202400052864";"155 688 805";"B01";"1";"7";"0";"2";"8";"15";"1";""
"202400052865";"155 688 792";"B01";"3";"7";"0";"2";"6";"16";"1";""
"202400052865";"155 688 797";"A01";"3";"7";"0";"2";"1";"2";"2";""
"202400052866";"155 688 787";"A01";"2";"7";"4";"0";"3";"0";"1";""
"202400052867";"155 688 786";"A01";"1";"7";"16";"0";"1";"1";"1";""
"202400052868";"155 688 782";"A01";"1";"7";"0";"2";"0";"1";"2";""
"202400052868";"155 688 789";"B01";"1";"7";"0";"2";"0";"0";"1";""
"202400052869";"155 688 778";"A01";"3";"7";"8";"0";"8";"4";"1";""
"202400052870";"155 688 775";"A01";"1";"33";"0";"2";"1";"2";"1";""
"202400052870";"155 688 781";"B01";"1";"7";"1";"0";"4";"1";"1";""
"202400052871";"155 688 776";"B01";"2";"33";"0";"2";"2";"17";"1";""
"202400052871";"155 688 784";"A01";"2";"7";"0";"2";"3";"10";"1";""
"202400052872";"155 688 774";"A01";"0";"7";"2";"0";"1";"0";"1";""
"202400052873";"155 688 771";"A01";"1";"33";"0";"2";"1";"2";"1";""
"202400052873";"155 688 779";"B01";"1";"7";"0";"2";"4";"2";"1";""
"202400052874";"155 688 769";"A01";"1";"33";"7";"0";"2";"1";"1";""
"202400052875";"155 688 770";"A01";"2";"13";"0";"2";"2";"12";"1";""
"202400052875";"155 688 777";"B01";"2";"7";"0";"2";"3";"1";"1";""
"202400052876";"155 688 768";"D01";"1";"7";"0";"2";"4";"2";"1";""
"202400052876";"155 688 772";"A01";"1";"7";"0";"2";"1";"2";"1";""
"202400052876";"155 688 780";"B01";"1";"7";"0";"2";"4";"2";"1";""
"202400052876";"155 688 785";"C01";"1";"7";"0";"2";"4";"2";"1";""
"202400052877";"155 688 764";"A01";"3";"7";"2";"0";"9";"1";"1";""
"202400052878";"155 688 765";"A01";"3";"30";"0";"1";"1";"0";"3";""
"202400052879";"155 688 762";"A01";"1";"33";"0";"2";"2";"3";"1";""
"202400052879";"155 688 766";"B01";"1";"7";"0";"2";"3";"11";"1";""
"202400052880";"155 688 759";"A01";"2";"7";"0";"1";"2";"1";"2";""
"202400052881";"155 688 761";"A01";"2";"7";"0";"1";"3";"1";"1";""
"202400052882";"155 688 757";"A01";"1";"31";"0";"2";"1";"1";"1";""
"202400052882";"155 688 763";"B01";"1";"7";"0";"2";"4";"1";"1";""
"202400052883";"155 688 755";"A01";"1";"7";"0";"2";"7";"12";"1";""
"202400052883";"155 688 760";"B01";"1";"33";"0";"2";"8";"2";"1";""
"202400052884";"155 688 753";"A01";"2";"7";"3";"0";"3";"1";"1";""
"202400052884";"155 688 758";"B01";"2";"7";"0";"2";"2";"2";"1";""
"202400052885";"155 688 754";"A01";"3";"7";"0";"1";"0";"0";"0";""
"202400052886";"155 688 752";"A01";"1";"7";"0";"1";"0";"14";"1";""
"202400052887";"155 688 751";"A01";"1";"7";"9";"0";"1";"1";"1";""
"202400052888";"155 688 748";"A01";"2";"7";"0";"2";"3";"9";"1";""
"202400052888";"155 688 756";"B01";"2";"7";"0";"2";"2";"0";"1";""
"202400052889";"155 688 747";"A01";"1";"7";"3";"0";"1";"0";"1";""
"202400052890";"155 688 744";"A01";"3";"37";"0";"2";"6";"24";"0";"1"
"202400052890";"155 688 750";"B01";"3";"10";"0";"2";"2";"1";"1";""
"202400052891";"155 688 743";"A01";"1";"7";"0";"1";"3";"17";"1";""
"202400052892";"155 688 742";"B01";"2";"7";"0";"2";"4";"4";"1";""
"202400052892";"155 688 746";"A01";"2";"7";"0";"2";"1";"1";"0";""
"202400052893";"155 688 741";"A01";"1";"30";"0";"2";"2";"3";"1";""
"202400052893";"155 688 745";"B01";"1";"7";"0";"2";"6";"1";"1";""
"202400052894";"155 688 740";"A01";"2";"7";"0";"2";"1";"13";"1";""
"202400052894";"155 688 749";"B01";"2";"10";"8";"2";"1";"1";"1";""
"202400052895";"155 688 735";"A01";"1";"10";"3";"2";"1";"0";"1";""
"202400052895";"155 688 738";"B01";"1";"7";"3";"2";"1";"0";"1";""
"202400052896";"155 688 736";"A01";"3";"7";"0";"1";"1";"1";"2";""
"202400052897";"155 688 734";"B01";"2";"2";"0";"2";"1";"0";"1";""
"202400052897";"155 688 739";"A01";"1";"10";"0";"2";"2";"0";"1";""
"202400052898";"155 688 732";"B01";"2";"7";"0";"2";"4";"2";"1";""
"202400052898";"155 688 737";"A01";"2";"7";"0";"2";"1";"2";"1";""
"202400052899";"155 688 728";"A01";"1";"7";"12";"0";"9";"1";"1";""
"202400052900";"155 688 731";"A01";"3";"14";"0";"1";"4";"26";"1";""
"202400052901";"155 688 729";"A01";"2";"33";"16";"0";"1";"14";"1";""
"202400052902";"155 688 726";"B01";"1";"7";"0";"2";"7";"12";"2";""
"202400052902";"155 688 730";"A01";"1";"30";"0";"2";"3";"3";"3";""
"202400052903";"155 688 725";"A01";"3";"7";"0";"2";"2";"15";"1";""
"202400052903";"155 688 727";"B01";"3";"37";"0";"2";"2";"1";"6";"5"
"202400052904";"155 688 723";"A01";"2";"7";"0";"2";"3";"19";"1";""
"202400052904";"155 688 733";"B01";"3";"7";"0";"2";"0";"0";"2";""
"202400052905";"155 688 721";"A01";"2";"7";"0";"2";"3";"19";"1";""
"202400052905";"155 688 724";"B01";"1";"2";"0";"2";"1";"1";"1";""
"202400052906";"155 688 718";"B01";"2";"7";"0";"2";"6";"11";"1";""
"202400052906";"155 688 722";"A01";"2";"43";"0";"2";"1";"2";"1";""
"202400052907";"155 688 716";"A01";"3";"7";"9";"0";"3";"15";"0";""
"202400052908";"155 688 720";"A01";"3";"7";"0";"1";"3";"15";"1";""
"202400052909";"155 688 715";"A01";"1";"7";"0";"2";"3";"15";"3";""
"202400052909";"155 688 719";"B01";"1";"2";"0";"2";"1";"1";"1";""
"202400052910";"155 688 713";"A01";"2";"1";"0";"2";"4";"2";"5";""
"202400052910";"155 688 717";"B01";"2";"7";"0";"2";"1";"2";"1";""
"202400052911";"155 688 712";"A01";"2";"30";"0";"0";"7";"1";"1";""
"202400052912";"155 688 709";"B01";"1";"7";"0";"2";"1";"1";"1";""
"202400052912";"155 688 714";"A01";"2";"7";"0";"2";"7";"1";"1";""
"202400052913";"155 688 711";"A01";"1";"7";"0";"1";"1";"1";"2";""
"202400052914";"155 688 706";"B01";"2";"7";"0";"2";"3";"0";"1";""
"202400052914";"155 688 707";"A01";"2";"7";"0";"2";"0";"0";"1";""
"202400052915";"155 688 702";"A01";"1";"32";"0";"0";"1";"0";"1";""
"202400052915";"155 688 710";"B01";"1";"7";"0";"0";"3";"0";"1";""
"202400052916";"155 688 700";"A01";"1";"7";"0";"2";"1";"2";"1";""
"202400052916";"155 688 708";"B01";"1";"7";"0";"2";"4";"2";"1";""
"202400052917";"155 688 698";"B01";"1";"7";"0";"2";"8";"17";"1";""
"202400052917";"155 688 703";"A01";"2";"7";"0";"2";"1";"1";"1";""
"202400052918";"155 688 696";"B01";"3";"1";"0";"2";"7";"1";"5";""
"202400052918";"155 688 704";"A01";"3";"10";"0";"2";"1";"9";"3";""
"202400052919";"155 688 694";"A01";"1";"7";"0";"2";"2";"15";"1";""
"202400052919";"155 688 705";"B01";"2";"50";"0";"2";"1";"1";"3";""
"202400052920";"155 688 692";"B01";"2";"7";"0";"2";"1";"1";"1";""
"202400052920";"155 688 701";"A01";"2";"2";"0";"2";"3";"9";"1";""
"202400052921";"155 688 688";"A01";"1";"7";"4";"0";"2";"0";"1";""
"202400052922";"155 688 691";"B01";"1";"7";"0";"2";"2";"1";"3";""
"202400052922";"155 688 695";"A01";"1";"1";"0";"2";"3";"3";"5";""
"202400052923";"155 688 687";"A01";"2";"7";"0";"2";"7";"14";"1";""
"202400052923";"155 688 693";"C01";"2";"7";"0";"2";"1";"2";"1";""
"202400052923";"155 688 699";"B01";"2";"10";"0";"2";"6";"1";"1";""
"202400052924";"155 688 685";"A01";"3";"1";"0";"0";"0";"0";"5";""
"202400052925";"155 688 684";"A01";"1";"32";"0";"2";"1";"3";"1";""
"202400052925";"155 688 686";"B01";"1";"7";"0";"2";"5";"12";"1";""
"202400052926";"155 688 681";"A01";"3";"7";"0";"2";"4";"23";"1";""
"202400052926";"155 688 689";"B01";"3";"7";"14";"2";"1";"2";"1";""
"202400052927";"155 688 682";"A01";"1";"7";"13";"0";"1";"0";"1";""
"202400052928";"155 688 679";"A01";"0";"7";"3";"0";"1";"6";"1";""
"202400052929";"155 688 678";"A01";"3";"7";"0";"2";"2";"15";"1";""
"202400052929";"155 688 683";"B01";"3";"2";"0";"2";"1";"1";"1";""
"202400052930";"155 688 675";"A01";"2";"33";"4";"0";"1";"13";"1";""
"202400052931";"155 688 673";"A01";"1";"7";"3";"0";"1";"1";"1";""
"202400052932";"155 688 671";"A01";"2";"7";"0";"2";"3";"5";"1";""
"202400052932";"155 688 676";"B01";"1";"2";"0";"2";"3";"1";"1";""
"202400052933";"155 688 672";"A01";"1";"7";"0";"2";"1";"17";"1";""
"202400052933";"155 688 677";"B01";"2";"7";"0";"2";"1";"1";"1";""
"202400052934";"155 688 674";"A01";"1";"50";"1";"0";"7";"1";"3";""
"202400052934";"155 688 680";"B01";"3";"7";"0";"2";"0";"22";"1";""
"202400052935";"155 688 669";"A01";"2";"2";"0";"0";"9";"16";"1";""
"202400052936";"155 688 668";"A01";"3";"2";"14";"0";"1";"1";"1";""
"202400052937";"155 688 666";"A01";"2";"33";"0";"1";"1";"1";"1";""
"202400052938";"155 688 664";"A01";"3";"7";"0";"2";"1";"1";"1";""
"202400052938";"155 688 667";"B01";"3";"7";"0";"2";"7";"15";"2";""
"202400052939";"155 688 665";"B01";"1";"1";"0";"0";"1";"0";"5";""
"202400052939";"155 688 670";"A01";"1";"37";"0";"2";"1";"16";"3";"3"
"202400052940";"155 688 663";"A01";"0";"2";"0";"0";"0";"0";"1";""
"202400052941";"155 688 658";"A01";"2";"7";"16";"0";"1";"1";"1";""
"202400052942";"155 688 656";"A01";"2";"7";"0";"2";"8";"11";"1";""
"202400052942";"155 688 661";"B01";"2";"34";"0";"2";"1";"3";"1";""
"202400052943";"155 688 652";"A01";"3";"13";"0";"0";"6";"15";"0";""
"202400052944";"155 688 654";"A01";"2";"7";"0";"2";"1";"2";"1";""
"202400052944";"155 688 657";"B01";"2";"7";"0";"2";"4";"2";"1";""
"202400052944";"155 688 662";"C01";"2";"10";"0";"2";"4";"1";"1";""
"202400052945";"155 688 653";"A01";"1";"7";"0";"1";"3";"15";"1";""
"202400052946";"155 688 655";"A01";"1";"33";"0";"2";"1";"15";"1";""
"202400052946";"155 688 660";"B01";"1";"7";"0";"2";"7";"1";"1";""
"202400052947";"155 688 650";"A01";"1";"7";"0";"1";"2";"1";"1";""
"202400052948";"155 688 649";"A01";"1";"33";"0";"1";"1";"1";"1";""
"202400052949";"155 688 645";"A01";"2";"10";"10";"2";"3";"17";"1";""
"202400052949";"155 688 648";"B01";"1";"10";"3";"2";"3";"15";"1";""
"202400052950";"155 688 647";"A01";"3";"10";"0";"2";"3";"11";"1";""
"202400052950";"155 688 651";"B01";"3";"33";"0";"2";"7";"2";"1";""
"202400052951";"155 688 644";"A01";"1";"7";"6";"0";"1";"21";"1";""
"202400052952";"155 688 642";"A01";"1";"7";"0";"9";"5";"2";"1";""
"202400052952";"155 688 646";"B01";"0";"1";"0";"2";"1";"0";"5";""
"202400052953";"155 688 641";"A01";"1";"10";"0";"1";"2";"1";"1";""
"202400052954";"155 688 639";"B01";"2";"32";"0";"2";"8";"0";"1";""
"202400052954";"155 688 643";"A01";"2";"7";"1";"0";"1";"13";"1";""
"202400052955";"155 688 638";"A01";"0";"7";"0";"1";"0";"0";"0";""
"202400052956";"155 688 637";"A01";"1";"2";"1";"0";"1";"1";"1";""
"202400052957";"155 688 636";"A01";"1";"7";"0";"1";"3";"1";"1";""
"202400052958";"155 688 634";"A01";"1";"7";"0";"2";"3";"20";"1";""
"202400052958";"155 688 640";"B01";"1";"50";"0";"2";"1";"2";"3";""
"202400052959";"155 688 633";"A01";"1";"33";"13";"0";"1";"12";"1";""
"202400052960";"155 688 630";"A01";"3";"7";"8";"0";"1";"15";"1";""
"202400052961";"155 688 629";"A01";"1";"7";"0";"1";"1";"1";"1";""
"202400052962";"155 688 628";"B01";"2";"33";"0";"0";"8";"15";"1";""
"202400052962";"155 688 631";"A01";"2";"7";"0";"0";"1";"1";"1";""
"202400052963";"155 688 627";"B01";"2";"7";"0";"2";"6";"1";"1";""
"202400052963";"155 688 632";"A01";"1";"2";"0";"2";"1";"1";"1";""
"202400052964";"155 688 622";"A01";"2";"7";"0";"2";"1";"1";"1";""
"202400052964";"155 688 635";"B01";"2";"7";"3";"2";"4";"1";"1";""
"202400052965";"155 688 619";"B01";"2";"7";"0";"2";"2";"1";"1";""
"202400052965";"155 688 623";"A01";"1";"7";"0";"2";"2";"17";"1";""
"202400052966";"155 688 620";"A01";"1";"7";"0";"2";"2";"1";"1";""
"202400052966";"155 688 625";"B01";"1";"7";"0";"2";"1";"1";"1";""
"202400052967";"155 688 618";"B01";"1";"10";"0";"2";"2";"1";"1";""
"202400052967";"155 688 626";"A01";"3";"7";"13";"2";"5";"19";"1";""
"202400052968";"155 688 614";"A01";"1";"7";"2";"0";"7";"1";"1";""
"202400052969";"155 688 613";"A01";"0";"7";"0";"2";"3";"15";"1";""
"202400052969";"155 688 624";"B01";"0";"7";"0";"2";"7";"1";"0";""
"202400052970";"155 688 609";"B01";"1";"30";"0";"2";"1";"1";"1";""
"202400052970";"155 688 615";"A01";"3";"7";"0";"2";"6";"26";"1";""
"202400052971";"155 688 607";"A01";"1";"10";"0";"2";"7";"12";"1";""
"202400052971";"155 688 611";"C01";"1";"10";"0";"2";"4";"2";"1";""
"202400052971";"155 688 616";"D01";"1";"33";"0";"2";"1";"2";"1";""
"202400052971";"155 688 621";"B01";"1";"7";"0";"2";"8";"1";"1";""
"202400052972";"155 688 606";"B01";"0";"7";"0";"9";"2";"1";"1";""
"202400052972";"155 688 617";"A01";"0";"1";"0";"2";"8";"1";"5";""
"202400052973";"155 688 605";"A01";"1";"7";"0";"2";"1";"15";"2";""
"202400052973";"155 688 610";"B01";"2";"1";"0";"2";"1";"1";"5";""
"202400052974";"155 688 603";"A01";"3";"2";"0";"2";"1";"13";"1";""
"202400052974";"155 688 612";"B01";"1";"7";"0";"2";"3";"1";"1";""
"202400052975";"155 688 600";"A01";"1";"7";"0";"1";"2";"1";"1";""
"202400052976";"155 688 599";"A01";"3";"7";"0";"1";"3";"2";"1";""
"202400052977";"155 688 601";"A01";"3";"1";"0";"0";"0";"1";"5";""
"202400052978";"155 688 597";"A01";"1";"7";"0";"2";"4";"1";"1";""
"202400052978";"155 688 602";"B01";"1";"7";"0";"2";"4";"10";"1";""
"202400052978";"155 688 608";"C01";"1";"7";"0";"2";"1";"1";"1";""