"Num_Acc";"id_vehicule";"num_veh";"senc";"catv";"obs";"obsm";"choc";"manv";"motor";"occutc"
"202400052979";"155 688 595";"C01";"2";"7";"0";"2";"3";"23";"1";""
"202400052979";"155 688 598";"A01";"1";"10";"0";"2";"5";"19";"1";""
"202400052979";"155 688 604";"B01";"1";"17";"0";"2";"1";"1";"1";""
"202400052980";"155 688 594";"A01";"2";"7";"0";"1";"1";"1";"1";""
"202400052981";"155 688 593";"A01";"3";"10";"0";"1";"2";"1";"1";""
"202400052982";"155 688 591";"A01";"2";"7";"6";"1";"1";"26";"2";""
"202400052983";"155 688 590";"A01";"2";"7";"0";"2";"2";"0";"0";""
"202400052983";"155 688 596";"B01";"3";"7";"0";"2";"3";"2";"1";""
"202400052984";"155 688 587";"A01";"3";"7";"17";"0";"2";"0";"1";""
"202400052985";"155 688 585";"A01";"1";"33";"0";"2";"0";"2";"1";""
"202400052985";"155 688 589";"B01";"1";"7";"0";"0";"5";"26";"2";""
"202400052986";"155 688 584";"A01";"2";"33";"8";"0";"0";"14";"1";""
"202400052987";"155 688 583";"A01";"1";"30";"0";"2";"1";"2";"3";""
"202400052987";"155 688 592";"B01";"2";"7";"0";"0";"4";"26";"2";""
"202400052988";"155 688 582";"A01";"2";"7";"0";"2";"3";"0";"1";""
"202400052988";"155 688 588";"B01";"2";"34";"0";"2";"3";"0";"1";""
"202400052989";"155 688 581";"A01";"2";"7";"0";"2";"2";"1";"1";""
"202400052989";"155 688 586";"B01";"1";"10";"0";"2";"1";"1";"1";""
"202400052990";"155 688 580";"A01";"2";"7";"13";"0";"1";"1";"1";""
"202400052991";"155 688 579";"A01";"1";"7";"0";"1";"0";"15";"1";""
"202400052992";"155 688 573";"A01";"1";"10";"0";"2";"1";"2";"1";""
"202400052992";"155 688 578";"B01";"1";"14";"0";"2";"4";"2";"1";""
"202400052993";"155 688 568";"C01";"1";"40";"0";"2";"2";"1";"3";""
"202400052993";"155 688 574";"A01";"1";"7";"0";"4";"8";"1";"1";""
"202400052994";"155 688 564";"C01";"1";"33";"0";"2";"1";"3";"1";""
"202400052994";"155 688 571";"B01";"1";"7";"0";"2";"5";"1";"1";""
"202400052994";"155 688 575";"A01";"1";"7";"0";"2";"3";"1";"2";""
"202400052995";"155 688 566";"A01";"1";"7";"0";"1";"3";"1";"1";""
"202400052996";"155 688 570";"A01";"2";"1";"0";"1";"2";"0";"5";""
"202400052997";"155 688 563";"A01";"1";"10";"0";"2";"3";"2";"1";""
"202400052997";"155 688 572";"C01";"1";"7";"0";"2";"4";"15";"1";""
"202400052997";"155 688 576";"B01";"2";"7";"0";"2";"1";"1";"1";""
"202400052998";"155 688 562";"B01";"1";"1";"0";"2";"2";"26";"5";""
"202400052998";"155 688 567";"A01";"2";"7";"0";"0";"8";"1";"1";""
"202400052999";"155 688 560";"B01";"2";"80";"0";"2";"4";"1";"3";""
"202400052999";"155 688 569";"A01";"1";"7";"0";"2";"3";"16";"1";""
"202400053000";"155 688 561";"A01";"1";"7";"1";"1";"1";"1";"3";""
"202400053001";"155 688 551";"A01";"1";"7";"0";"2";"1";"1";"1";""
"202400053001";"155 688 555";"B01";"1";"7";"0";"2";"4";"1";"1";""
"202400053002";"155 688 554";"B01";"1";"1";"0";"2";"0";"1";"5";""
"202400053002";"155 688 557";"A01";"1";"7";"0";"2";"0";"26";"1";""
"202400053003";"155 688 553";"B01";"1";"7";"0";"2";"7";"2";"1";""
"202400053003";"155 688 558";"A01";"1";"10";"0";"2";"1";"1";"1";""
"202400053004";"155 688 549";"A01";"3";"2";"0";"0";"0";"0";"1";""
"202400053005";"155 688 550";"A01";"2";"7";"0";"1";"1";"1";"1";""
"202400053006";"155 688 544";"B01";"1";"50";"0";"2";"4";"2";"3";""
"202400053006";"155 688 548";"A01";"1";"7";"0";"9";"2";"2";"1";""
"202400053007";"155 688 542";"B01";"3";"1";"0";"2";"3";"1";"5";""
"202400053007";"155 688 547";"A01";"3";"7";"0";"2";"2";"1";"1";""
"202400053008";"155 688 537";"B01";"1";"13";"0";"2";"3";"0";"1";""
"202400053008";"155 688 545";"A01";"2";"13";"0";"2";"3";"1";"1";""
"202400053009";"155 688 534";"A01";"3";"7";"0";"2";"7";"1";"1";""
"202400053009";"155 688 543";"B01";"3";"37";"0";"2";"1";"9";"2";"1"
"202400053010";"155 688 539";"D01";"2";"10";"0";"2";"4";"23";"1";""
"202400053010";"155 688 546";"B01";"2";"7";"0";"0";"4";"23";"1";""
"202400053010";"155 688 552";"A01";"2";"13";"0";"2";"1";"2";"1";""
"202400053010";"155 688 556";"C01";"2";"7";"0";"0";"0";"0";"1";""
"202400053011";"155 688 533";"A01";"1";"33";"0";"2";"0";"0";"1";""
"202400053011";"155 688 540";"B01";"1";"7";"0";"2";"0";"26";"1";""
"202400053012";"155 688 529";"A01";"0";"32";"9";"0";"0";"0";"3";""
"202400053013";"155 688 530";"A01";"1";"2";"0";"2";"7";"14";"1";""
"202400053013";"155 688 535";"B01";"1";"33";"0";"2";"8";"2";"1";""
"202400053014";"155 688 520";"B01";"2";"7";"0";"2";"4";"1";"1";""
"202400053014";"155 688 528";"D01";"2";"7";"0";"2";"2";"1";"1";""
"202400053014";"155 688 531";"A01";"2";"7";"0";"2";"1";"1";"1";""
"202400053014";"155 688 538";"C01";"2";"7";"0";"2";"4";"1";"1";""
"202400053015";"155 688 525";"B01";"1";"33";"0";"2";"8";"1";"1";""
"202400053015";"155 688 532";"A01";"2";"7";"0";"2";"2";"1";"1";""
"202400053016";"155 688 521";"A01";"3";"7";"0";"2";"3";"1";"1";""
"202400053016";"155 688 527";"B01";"3";"7";"0";"2";"3";"1";"1";""
"202400053017";"155 688 518";"A01";"1";"7";"0";"2";"3";"13";"1";""
"202400053017";"155 688 526";"B01";"2";"17";"0";"2";"8";"1";"1";""
"202400053018";"155 688 519";"A01";"1";"7";"2";"0";"3";"1";"1";""
"202400053019";"155 688 516";"A01";"1";"2";"0";"2";"0";"13";"1";""
"202400053019";"155 688 524";"B01";"1";"7";"0";"2";"0";"1";"1";""
"202400053020";"155 688 517";"A01";"1";"7";"0";"2";"1";"2";"1";""
"202400053020";"155 688 522";"B01";"1";"7";"0";"2";"4";"2";"1";""
"202400053021";"155 688 514";"B01";"0";"7";"0";"2";"3";"9";"1";""
"202400053021";"155 688 523";"A01";"3";"31";"0";"2";"2";"2";"1";""
"202400053022";"155 688 512";"A01";"2";"7";"0";"2";"1";"13";"1";""
"202400053022";"155 688 515";"B01";"1";"7";"0";"2";"1";"1";"1";""
"202400053023";"155 688 511";"A01";"1";"31";"0";"0";"0";"1";"1";""
"202400053024";"155 688 509";"B01";"1";"1";"0";"2";"4";"26";"5";""
"202400053024";"155 688 513";"A01";"1";"7";"0";"9";"1";"9";"2";""
"202400053025";"155 688 506";"A01";"1";"7";"0";"0";"3";"17";"1";""
"202400053026";"155 688 507";"Z01";"3";"0";"0";"1";"3";"26";"0";""
"202400053027";"155 688 504";"A01";"1";"1";"0";"1";"1";"1";"5";""
"202400053028";"155 688 502";"B01";"1";"7";"0";"2";"4";"1";"1";""
"202400053028";"155 688 505";"A01";"1";"7";"0";"2";"1";"1";"1";""
"202400053028";"155 688 510";"C01";"1";"7";"0";"2";"4";"0";"1";""
"202400053029";"155 688 499";"A01";"2";"7";"0";"1";"1";"1";"1";""
"202400053030";"155 688 498";"A01";"0";"7";"0";"1";"2";"16";"2";""
"202400053031";"155 688 503";"A01";"2";"7";"1";"2";"2";"1";"1";""
"202400053031";"155 688 508";"B01";"2";"7";"0";"2";"6";"24";"1";""
"202400053032";"155 688 497";"A01";"2";"7";"7";"0";"1";"1";"1";""
"202400053033";"155 688 496";"B01";"1";"7";"0";"2";"2";"2";"1";""
"202400053033";"155 688 500";"A01";"1";"1";"0";"0";"4";"2";"5";""
"202400053034";"155 688 494";"B01";"2";"7";"0";"2";"1";"9";"0";""
"202400053034";"155 688 501";"A01";"2";"7";"3";"0";"4";"1";"1";""
"202400053035";"155 688 493";"A01";"2";"17";"0";"0";"5";"26";"6";""
"202400053035";"155 688 495";"B01";"2";"7";"0";"2";"1";"1";"1";""
"202400053036";"155 688 492";"A01";"1";"80";"0";"1";"1";"1";"3";""
"202400053037";"155 688 487";"A01";"2";"33";"0";"0";"4";"1";"1";""
"202400053037";"155 688 490";"B01";"2";"10";"0";"2";"1";"0";"1";""
"202400053038";"155 688 483";"B01";"2";"32";"0";"2";"5";"1";"1";""
"202400053038";"155 688 489";"A01";"2";"10";"0";"2";"8";"15";"1";""
"202400053039";"155 688 482";"B01";"0";"7";"0";"2";"6";"1";"1";""
"202400053039";"155 688 491";"A01";"0";"1";"0";"2";"1";"1";"5";""
"202400053040";"155 688 479";"A01";"3";"7";"0";"9";"3";"15";"1";""
"202400053040";"155 688 488";"B01";"3";"1";"0";"2";"1";"1";"5";""
"202400053041";"155 688 480";"A01";"3";"7";"0";"2";"8";"16";"1";""
"202400053041";"155 688 486";"B01";"3";"50";"0";"2";"1";"5";"3";""
"202400053042";"155 688 478";"A01";"3";"7";"0";"2";"3";"5";"2";""
"202400053042";"155 688 481";"B01";"3";"7";"0";"2";"1";"1";"1";""
"202400053043";"155 688 477";"B01";"1";"7";"0";"0";"2";"15";"1";""
"202400053043";"155 688 485";"A01";"1";"7";"0";"2";"3";"1";"1";""
"202400053044";"155 688 476";"A01";"2";"7";"4";"0";"1";"9";"1";""
"202400053045";"155 688 472";"A01";"1";"1";"0";"0";"1";"21";"5";""
"202400053046";"155 688 470";"A01";"1";"7";"0";"2";"9";"16";"1";""
"202400053046";"155 688 475";"B01";"2";"7";"0";"2";"1";"1";"1";""
"202400053047";"155 688 474";"A01";"3";"36";"6";"0";"1";"1";"1";""
"202400053048";"155 688 468";"A01";"1";"33";"0";"6";"0";"1";"1";""
"202400053049";"155 688 466";"A01";"1";"7";"0";"0";"0";"1";"1";""
"202400053050";"155 688 469";"A01";"2";"7";"0";"2";"1";"2";"1";""
"202400053050";"155 688 473";"B01";"2";"7";"0";"2";"4";"2";"1";""
"202400053051";"155 688 467";"A01";"1";"7";"0";"2";"1";"2";"1";""
"202400053051";"155 688 471";"B01";"1";"7";"0";"2";"4";"2";"1";""
"202400053052";"155 688 463";"A01";"2";"7";"0";"1";"4";"4";"1";""
"202400053053";"155 688 460";"A01";"2";"7";"0";"2";"9";"13";"1";""
"202400053053";"155 688 464";"B01";"2";"7";"0";"2";"8";"1";"1";""
"202400053054";"155 688 456";"A01";"1";"7";"0";"0";"1";"1";"1";""
"202400053055";"155 688 453";"B01";"2";"1";"0";"0";"4";"2";"5";""
"202400053055";"155 688 459";"A01";"2";"7";"0";"2";"2";"2";"1";""
"202400053056";"155 688 458";"B01";"2";"7";"0";"2";"3";"15";"1";""
"202400053056";"155 688 465";"A01";"1";"33";"0";"2";"1";"1";"1";""
"202400053057";"155 688 451";"A01";"2";"7";"0";"2";"1";"13";"1";""
"202400053057";"155 688 457";"B01";"1";"7";"0";"2";"1";"1";"1";""
"202400053058";"155 688 455";"B01";"1";"31";"0";"2";"4";"1";"1";""
"202400053058";"155 688 462";"A01";"3";"10";"0";"2";"1";"1";"3";""
"202400053059";"155 688 448";"A01";"1";"7";"0";"2";"3";"13";"1";""
"202400053059";"155 688 450";"B01";"2";"7";"0";"2";"6";"1";"1";""
"202400053059";"155 688 461";"C01";"2";"7";"4";"2";"1";"1";"1";""
"202400053060";"155 688 446";"B01";"0";"7";"0";"2";"3";"15";"1";""
"202400053060";"155 688 454";"A01";"0";"7";"0";"2";"2";"1";"1";""
"202400053061";"155 688 445";"A01";"1";"33";"0";"2";"1";"1";"1";""
"202400053061";"155 688 449";"B01";"2";"7";"0";"2";"7";"19";"1";""
"202400053062";"155 688 444";"A01";"3";"7";"0";"2";"3";"1";"1";""
"202400053062";"155 688 452";"B01";"0";"1";"0";"2";"7";"1";"5";""
"202400053063";"155 688 443";"B01";"2";"7";"0";"2";"4";"2";"2";""
"202400053063";"155 688 447";"A01";"2";"33";"0";"2";"1";"2";"1";""
"202400053064";"155 688 442";"A01";"2";"7";"8";"0";"8";"13";"1";""
"202400053065";"155 688 437";"A01";"2";"7";"13";"0";"7";"14";"0";""
"202400053066";"155 688 440";"A01";"2";"7";"0";"1";"1";"1";"1";""
"202400053067";"155 688 435";"A01";"3";"7";"1";"0";"9";"1";"1";""
"202400053068";"155 688 434";"A01";"2";"7";"0";"2";"3";"13";"1";""
"202400053068";"155 688 439";"B01";"1";"7";"0";"2";"3";"1";"1";""
"202400053069";"155 688 433";"B01";"2";"7";"0";"0";"1";"1";"1";""
"202400053069";"155 688 438";"A01";"1";"7";"3";"2";"1";"13";"1";""
"202400053070";"155 688 432";"A01";"1";"7";"4";"0";"1";"1";"1";""
"202400053071";"155 688 431";"A01";"3";"50";"0";"2";"8";"1";"3";""
"202400053071";"155 688 436";"B01";"3";"7";"0";"2";"2";"1";"1";""
"202400053072";"155 688 429";"B01";"2";"2";"0";"2";"2";"1";"1";""
"202400053072";"155 688 441";"A01";"2";"10";"0";"2";"3";"13";"1";""
"202400053073";"155 688 427";"A01";"2";"33";"0";"2";"3";"3";"1";""
"202400053073";"155 688 430";"B01";"2";"7";"0";"2";"5";"12";"1";""
"202400053074";"155 688 423";"A01";"2";"7";"0";"2";"3";"15";"1";""
"202400053074";"155 688 428";"B01";"1";"33";"0";"2";"8";"1";"1";""
"202400053075";"155 688 416";"B01";"1";"31";"0";"2";"1";"5";"6";""
"202400053075";"155 688 422";"A01";"2";"7";"0";"2";"1";"0";"1";""
"202400053076";"155 688 419";"A01";"3";"7";"0";"2";"3";"15";"1";""
"202400053076";"155 688 425";"B01";"3";"7";"0";"2";"8";"26";"1";""
"202400053077";"155 688 408";"A01";"1";"7";"0";"2";"1";"9";"1";""
"202400053077";"155 688 420";"B01";"1";"1";"0";"2";"8";"1";"5";""
"202400053078";"155 688 409";"A01";"3";"7";"0";"2";"2";"2";"3";""
"202400053078";"155 688 417";"B01";"3";"2";"0";"2";"4";"2";"3";""
"202400053079";"155 688 407";"A01";"2";"7";"0";"2";"2";"9";"1";""
"202400053079";"155 688 415";"B01";"1";"10";"0";"2";"3";"23";"1";""
"202400053079";"155 688 426";"C01";"2";"7";"0";"2";"1";"1";"1";""
"202400053080";"155 688 414";"B01";"1";"7";"0";"2";"0";"0";"0";""
"202400053080";"155 688 424";"A01";"1";"7";"0";"2";"2";"1";"1";""
"202400053081";"155 688 404";"A01";"2";"7";"0";"2";"1";"1";"1";""
"202400053081";"155 688 411";"B01";"1";"7";"0";"2";"3";"1";"1";""
"202400053081";"155 688 421";"C01";"1";"7";"0";"2";"1";"1";"1";""
"202400053082";"155 688 406";"A01";"1";"7";"0";"2";"3";"15";"1";""
"202400053082";"155 688 410";"B01";"2";"80";"0";"2";"3";"1";"3";""
"202400053083";"155 688 403";"D01";"1";"7";"0";"9";"3";"1";"1";""
"202400053083";"155 688 405";"A01";"1";"7";"3";"2";"8";"1";"3";""
"202400053083";"155 688 413";"B01";"1";"7";"4";"2";"7";"1";"2";""
"202400053083";"155 688 418";"C01";"1";"10";"0";"2";"6";"1";"1";""
"202400053084";"155 688 401";"B01";"2";"7";"0";"2";"6";"11";"1";""
"202400053084";"155 688 412";"A01";"2";"33";"0";"2";"1";"3";"1";""
"202400053085";"155 688 400";"A01";"3";"7";"6";"0";"3";"13";"1";""
"202400053086";"155 688 398";"A01";"1";"7";"2";"0";"1";"14";"1";""
"202400053087";"155 688 396";"A01";"2";"10";"0";"2";"1";"1";"1";""
"202400053087";"155 688 402";"B01";"2";"2";"0";"2";"5";"23";"1";""
"202400053088";"155 688 395";"A01";"3";"3";"0";"1";"1";"1";"3";""
"202400053089";"155 688 392";"A01";"0";"7";"13";"0";"1";"1";"1";""
"202400053090";"155 688 390";"A01";"1";"7";"0";"2";"1";"1";"1";""
"202400053090";"155 688 397";"B01";"1";"7";"0";"2";"8";"1";"1";""
"202400053091";"155 688 394";"A01";"1";"7";"1";"0";"3";"22";"1";""
"202400053091";"155 688 399";"B01";"1";"1";"1";"0";"2";"2";"5";""
"202400053092";"155 688 386";"A01";"1";"7";"0";"1";"1";"1";"3";""
"202400053093";"155 688 385";"B01";"0";"33";"0";"2";"4";"1";"1";""
"202400053093";"155 688 391";"A01";"0";"7";"0";"2";"2";"17";"1";""
"202400053094";"155 688 384";"A01";"0";"7";"6";"0";"2";"1";"1";""
"202400053095";"155 688 381";"A01";"1";"7";"0";"2";"1";"1";"1";""
"202400053095";"155 688 393";"B01";"0";"7";"0";"2";"8";"1";"1";""
"202400053096";"155 688 382";"A01";"2";"7";"0";"2";"1";"5";"1";""
"202400053096";"155 688 388";"B01";"1";"1";"0";"2";"8";"19";"0";""
"202400053097";"155 688 380";"A01";"1";"7";"0";"2";"3";"15";"1";""
"202400053097";"155 688 387";"B01";"1";"7";"0";"2";"2";"17";"1";""
"202400053098";"155 688 377";"C01";"1";"7";"0";"2";"4";"2";"2";""
"202400053098";"155 688 383";"B01";"1";"7";"0";"2";"4";"2";"1";""
"202400053098";"155 688 389";"A01";"1";"7";"0";"2";"1";"2";"1";""
"202400053099";"155 688 374";"B01";"2";"7";"0";"2";"3";"1";"1";""
"202400053099";"155 688 379";"A01";"1";"13";"0";"2";"6";"1";"1";""
"202400053100";"155 688 376";"A01";"1";"7";"0";"2";"2";"2";"2";""
"202400053101";"155 688 373";"A01";"1";"7";"2";"0";"1";"1";"1";""
"202400053102";"155 688 372";"A01";"1";"33";"0";"2";"2";"17";"1";""
"202400053102";"155 688 375";"B01";"1";"99";"0";"2";"3";"15";"1";""
"202400053103";"155 688 369";"A01";"1";"1";"0";"2";"1";"2";"5";""
"202400053103";"155 688 378";"B01";"2";"7";"0";"9";"3";"0";"1";""
"202400053104";"155 688 370";"A01";"1";"31";"3";"0";"0";"1";"1";""
"202400053105";"155 688 367";"A01";"0";"7";"2";"0";"3";"1";"1";""
"202400053106";"155 688 365";"A01";"2";"43";"13";"0";"0";"13";"1";""
"202400053107";"155 688 364";"A01";"1";"7";"0";"2";"2";"9";"1";""
"202400053107";"155 688 371";"B01";"1";"30";"0";"2";"8";"26";"1";""
"202400053108";"155 688 362";"B01";"1";"33";"0";"2";"2";"1";"1";""
"202400053108";"155 688 366";"A01";"1";"7";"0";"2";"3";"11";"1";""
"202400053109";"155 688 361";"A01";"1";"7";"6";"0";"2";"15";"1";""
"202400053110";"155 688 363";"B01";"1";"32";"0";"2";"5";"0";"1";""
"202400053110";"155 688 368";"A01";"1";"10";"0";"2";"3";"0";"0";""
"202400053111";"155 688 360";"A01";"2";"1";"0";"1";"1";"1";"5";""
"202400053112";"155 688 353";"A01";"2";"31";"0";"2";"1";"2";"1";""
"202400053112";"155 688 356";"B01";"2";"31";"0";"0";"8";"15";"1";""
"202400053113";"155 688 354";"A01";"1";"33";"0";"2";"8";"1";"1";""
"202400053113";"155 688 357";"B01";"1";"33";"0";"2";"7";"1";"1";""
"202400053113";"155 688 359";"C01";"2";"7";"0";"2";"3";"1";"1";""
"202400053114";"155 688 351";"B01";"1";"7";"0";"2";"2";"15";"1";""
"202400053114";"155 688 358";"A01";"1";"7";"9";"2";"1";"9";"1";""
"202400053115";"155 688 349";"Z01";"3";"0";"0";"1";"2";"1";"0";""
"202400053116";"155 688 346";"A01";"2";"7";"0";"2";"7";"13";"1";""
"202400053116";"155 688 355";"B01";"1";"15";"0";"2";"1";"1";"1";""
"202400053117";"155 688 345";"A01";"1";"7";"0";"2";"7";"17";"1";""
"202400053117";"155 688 352";"B01";"1";"10";"3";"2";"8";"1";"1";""
"202400053118";"155 688 344";"A01";"1";"33";"0";"2";"1";"3";"1";""
"202400053118";"155 688 350";"B01";"1";"7";"0";"2";"5";"1";"1";""
"202400053119";"155 688 340";"A01";"1";"34";"0";"0";"0";"0";"1";""
"202400053120";"155 688 338";"A01";"1";"7";"0";"1";"3";"1";"1";""
"202400053121";"155 688 341";"A01";"2";"7";"0";"2";"1";"9";"1";""
"202400053121";"155 688 348";"B01";"1";"7";"0";"2";"1";"1";"1";""
"202400053122";"155 688 335";"A01";"0";"7";"0";"2";"1";"1";"1";""
"202400053122";"155 688 339";"B01";"0";"17";"0";"0";"6";"9";"1";""
"202400053123";"155 688 334";"A01";"2";"1";"0";"0";"1";"1";"5";""
"202400053124";"155 688 337";"A01";"1";"31";"8";"2";"1";"9";"1";""
"202400053124";"155 688 343";"B01";"2";"7";"8";"2";"7";"15";"0";""
"202400053125";"155 688 330";"A01";"1";"7";"0";"2";"5";"1";"1";""
"202400053125";"155 688 333";"B01";"1";"33";"0";"2";"1";"1";"1";""
"202400053126";"155 688 328";"D01";"2";"7";"0";"2";"3";"1";"1";""
"202400053126";"155 688 336";"B01";"2";"31";"0";"2";"7";"3";"1";""
"202400053126";"155 688 342";"C01";"2";"7";"0";"2";"5";"1";"3";""
"202400053126";"155 688 347";"A01";"2";"10";"0";"2";"6";"13";"1";""
"202400053127";"155 688 327";"A01";"1";"2";"14";"9";"1";"1";"1";""
"202400053128";"155 688 326";"B01";"3";"7";"0";"2";"3";"2";"1";""
"202400053128";"155 688 332";"A01";"3";"7";"0";"2";"3";"2";"3";""
"202400053129";"155 688 323";"A01";"1";"7";"0";"2";"3";"1";"1";""
"202400053129";"155 688 331";"Z01";"1";"7";"0";"2";"1";"15";"1";""
"202400053130";"155 688 322";"A01";"3";"36";"6";"0";"3";"1";"1";""
"202400053131";"155 688 320";"A01";"2";"33";"0";"0";"3";"1";"1";""
"202400053132";"155 688 319";"A01";"1";"2";"0";"2";"1";"2";"1";""
"202400053132";"155 688 324";"B01";"1";"2";"0";"2";"4";"2";"1";""
"202400053133";"155 688 315";"A01";"2";"7";"2";"0";"0";"1";"1";""
"202400053134";"155 688 314";"A01";"2";"7";"0";"2";"1";"9";"1";""
"202400053134";"155 688 325";"B01";"2";"7";"0";"2";"5";"23";"1";""
"202400053134";"155 688 329";"C01";"2";"2";"0";"2";"2";"1";"1";""
"202400053135";"155 688 317";"A01";"1";"37";"0";"2";"1";"2";"1";"1"
"202400053135";"155 688 321";"B01";"1";"7";"0";"2";"4";"1";"1";""
"202400053136";"155 688 313";"A01";"1";"7";"0";"1";"2";"1";"1";""
"202400053137";"155 688 312";"B01";"2";"10";"0";"2";"2";"17";"0";""
"202400053137";"155 688 318";"A01";"2";"2";"0";"0";"4";"1";"1";""
"202400053138";"155 688 311";"A01";"1";"32";"0";"2";"1";"1";"1";""
"202400053138";"155 688 316";"B01";"1";"7";"0";"2";"6";"15";"1";""
"202400053139";"155 688 309";"A01";"3";"7";"4";"0";"0";"0";"0";""
"202400053140";"155 688 307";"A01";"2";"33";"0";"2";"0";"13";"1";""
"202400053140";"155 688 310";"B01";"1";"30";"0";"2";"3";"1";"1";""
"202400053141";"155 688 304";"A01";"1";"7";"0";"2";"1";"1";"1";""
"202400053141";"155 688 308";"B01";"1";"50";"0";"2";"7";"1";"3";""
"202400053142";"155 688 301";"A01";"3";"38";"0";"1";"3";"1";"1";"1"
"202400053143";"155 688 300";"A01";"2";"7";"0";"2";"4";"2";"1";""
"202400053143";"155 688 306";"B01";"2";"7";"0";"2";"4";"2";"1";""
"202400053144";"155 688 299";"B01";"1";"7";"0";"2";"4";"0";"0";""
"202400053144";"155 688 305";"A01";"1";"10";"0";"2";"1";"0";"0";""
"202400053145";"155 688 298";"A01";"3";"7";"0";"2";"2";"13";"1";""
"202400053145";"155 688 303";"B01";"3";"7";"0";"2";"2";"1";"1";""
"202400053146";"155 688 297";"A01";"1";"7";"0";"1";"1";"1";"1";""
"202400053147";"155 688 296";"B01";"2";"7";"0";"2";"3";"1";"1";""
"202400053147";"155 688 302";"A01";"1";"33";"0";"2";"1";"13";"1";""
"202400053148";"155 688 294";"A01";"2";"7";"0";"1";"2";"1";"1";""
"202400053149";"155 688 291";"A01";"1";"43";"0";"2";"1";"0";"1";""
"202400053149";"155 688 295";"B01";"2";"10";"0";"2";"2";"11";"1";""
"202400053150";"155 688 287";"A01";"2";"7";"0";"2";"7";"2";"1";""
"202400053150";"155 688 292";"B01";"2";"2";"0";"2";"7";"1";"1";""
"202400053151";"155 688 284";"A01";"1";"7";"6";"0";"1";"1";"1";""
"202400053152";"155 688 289";"A01";"1";"7";"0";"1";"2";"16";"1";""
"202400053153";"155 688 280";"B01";"1";"33";"0";"2";"7";"17";"1";""
"202400053153";"155 688 285";"A01";"1";"7";"0";"2";"8";"15";"3";""
"202400053154";"155 688 281";"A01";"1";"7";"14";"0";"7";"1";"1";""
"202400053155";"155 688 279";"B01";"2";"7";"0";"2";"4";"1";"1";""
"202400053155";"155 688 290";"C01";"2";"7";"0";"2";"4";"1";"1";""
"202400053155";"155 688 293";"A01";"2";"7";"0";"2";"1";"1";"1";""
"202400053156";"155 688 276";"A01";"3";"7";"0";"2";"3";"15";"1";""
"202400053156";"155 688 283";"B01";"3";"7";"0";"2";"3";"7";"1";""
"202400053157";"155 688 275";"A01";"2";"33";"0";"2";"2";"3";"1";""
"202400053157";"155 688 282";"B01";"2";"7";"0";"2";"6";"11";"1";""
"202400053158";"155 688 272";"A01";"1";"7";"0";"1";"7";"1";"1";""
"202400053159";"155 688 273";"A01";"2";"7";"13";"0";"2";"1";"1";""
"202400053160";"155 688 271";"A01";"1";"7";"0";"2";"3";"26";"2";""
"202400053160";"155 688 277";"B01";"3";"60";"0";"2";"2";"19";"5";""
"202400053161";"155 688 274";"B01";"2";"7";"0";"2";"4";"1";"1";""
"202400053161";"155 688 278";"C01";"2";"7";"12";"0";"4";"23";"1";""
"202400053161";"155 688 288";"A01";"2";"7";"0";"2";"1";"1";"1";""
"202400053162";"155 688 265";"A01";"1";"1";"0";"0";"8";"1";"5";""
"202400053162";"155 688 270";"B01";"2";"7";"0";"2";"2";"1";"1";""
"202400053163";"155 688 266";"A01";"3";"7";"0";"2";"1";"0";"1";""
"202400053163";"155 688 269";"B01";"3";"1";"0";"2";"4";"0";"5";""
"202400053164";"155 688 268";"A01";"1";"7";"2";"0";"1";"14";"1";""
"202400053165";"155 688 264";"A01";"0";"7";"0";"1";"2";"9";"1";""
"202400053166";"155 688 263";"B01";"1";"7";"0";"2";"4";"1";"2";""
"202400053166";"155 688 267";"A01";"1";"7";"0";"2";"1";"2";"1";""
"202400053167";"155 688 260";"A01";"2";"7";"0";"1";"3";"1";"1";""
"202400053168";"155 688 258";"A01";"1";"7";"2";"0";"1";"13";"1";""
"202400053169";"155 688 256";"A01";"1";"7";"0";"2";"2";"1";"1";""
"202400053169";"155 688 262";"B01";"1";"14";"0";"2";"3";"19";"1";""
"202400053170";"155 688 257";"A01";"2";"7";"0";"0";"5";"15";"1";""
"202400053170";"155 688 261";"B01";"2";"2";"0";"2";"1";"0";"1";""
"202400053171";"155 688 254";"A01";"3";"7";"13";"0";"9";"2";"1";""
"202400053172";"155 688 251";"A01";"1";"7";"0";"2";"1";"19";"1";""
"202400053172";"155 688 259";"B01";"1";"7";"0";"2";"6";"9";"1";""
"202400053173";"155 688 250";"A01";"3";"7";"0";"2";"6";"13";"1";""
"202400053173";"155 688 252";"B01";"3";"31";"0";"2";"1";"17";"1";""
"202400053174";"155 688 248";"A01";"2";"33";"0";"2";"8";"17";"1";""
"202400053174";"155 688 253";"B01";"1";"7";"0";"2";"8";"1";"1";""
"202400053175";"155 688 249";"A01";"0";"7";"0";"1";"2";"26";"1";""
"202400053175";"155 688 255";"Y01";"1";"7";" -1";"0";" -1";"26";" -1";""
"202400053176";"155 688 243";"A01";"3";"7";"0";"2";"1";"2";"1";""
"202400053176";"155 688 247";"B01";"3";"7";"0";"2";"4";"2";"1";""
"202400053177";"155 688 242";"A01";"1";"7";"13";"0";"9";"26";"1";""
"202400053178";"155 688 240";"A01";"2";"7";"0";"2";"2";"1";"1";""