"Num_Acc";"id_vehicule";"num_veh";"senc";"catv";"obs";"obsm";"choc";"manv";"motor";"occutc"
"202400053178";"155 688 246";"B01";"3";"1";"0";"2";"8";"19";"5";""
"202400053179";"155 688 241";"A01";"2";"7";"0";"2";"1";"1";"1";""
"202400053179";"155 688 245";"B01";"1";"1";"0";"2";"4";"16";"5";""
"202400053180";"155 688 237";"A01";"2";"7";"0";"2";"6";"2";"1";""
"202400053180";"155 688 244";"B01";"2";"13";"0";"2";"2";"1";"3";""
"202400053181";"155 688 236";"A01";"1";"7";"0";"2";"3";"15";"1";""
"202400053181";"155 688 239";"B01";"2";"31";"0";"2";"8";"1";"1";""
"202400053182";"155 688 232";"A01";"3";"7";"0";"2";"2";"13";"1";""
"202400053182";"155 688 235";"B01";"3";"1";"0";"2";"1";"1";"5";""
"202400053183";"155 688 233";"A01";"1";"7";"0";"2";"2";"1";"1";""
"202400053183";"155 688 238";"B01";"1";"33";"0";"0";"4";"23";"1";""
"202400053184";"155 688 230";"A01";"2";"14";"0";"2";"2";"17";"1";""
"202400053184";"155 688 234";"B01";"2";"7";"8";"2";"8";"15";"1";""
"202400053185";"155 688 227";"A01";"1";"50";"8";"0";"0";"1";"3";""
"202400053186";"155 688 226";"A01";"3";"7";"0";"2";"2";"9";"1";""
"202400053186";"155 688 229";"B01";"3";"50";"0";"2";"1";"26";"3";""
"202400053187";"155 688 225";"A01";"2";"7";"0";"2";"3";"2";"1";""
"202400053187";"155 688 231";"B01";"2";"7";"0";"2";"5";"2";"1";""
"202400053188";"155 688 224";"A01";"1";"33";"0";"0";"0";"3";"1";""
"202400053189";"155 688 223";"A01";"0";"7";"5";"9";"2";"2";"1";""
"202400053189";"155 688 228";"B01";"3";"1";"0";"2";"4";"23";"5";""
"202400053190";"155 688 221";"A01";"1";"10";"0";"1";"2";"2";"0";""
"202400053191";"155 688 220";"A01";"1";"7";"0";"2";"6";"13";"1";""
"202400053191";"155 688 222";"B01";"1";"30";"0";"2";"2";"11";"1";""
"202400053192";"155 688 215";"A01";"1";"7";"0";"1";"1";"1";"1";""
"202400053193";"155 688 214";"A01";"1";"80";"0";"2";"1";"21";"3";""
"202400053193";"155 688 219";"B01";"1";"7";"0";"2";"6";"16";"2";""
"202400053194";"155 688 211";"A01";"1";"7";"0";"2";"1";"2";"1";""
"202400053194";"155 688 216";"B01";"1";"7";"0";"2";"4";"2";"1";""
"202400053195";"155 688 209";"A01";"1";"7";"0";"0";"3";"9";"1";""
"202400053195";"155 688 217";"B01";"1";"14";"0";"2";"1";"1";"1";""
"202400053196";"155 688 203";"A01";"1";"7";"0";"2";"0";"1";"1";""
"202400053196";"155 688 206";"B01";"1";"1";"0";"2";"0";"1";"5";""
"202400053197";"155 688 202";"B01";"1";"7";"8";"2";"7";"1";"1";""
"202400053197";"155 688 210";"A01";"0";"7";"0";"2";"1";"9";"1";""
"202400053198";"155 688 201";"A01";"3";"30";"16";"0";"0";"26";"1";""
"202400053199";"155 688 198";"A01";"1";"10";"0";"1";"3";"9";"2";""
"202400053200";"155 688 199";"D01";"2";"7";"0";"2";"6";"23";"1";""
"202400053200";"155 688 205";"C01";"2";"7";"0";"2";"2";"21";"1";""
"202400053200";"155 688 207";"A01";"2";"7";"4";"2";"3";"13";"1";""
"202400053200";"155 688 212";"B01";"2";"7";"0";"2";"1";"2";"1";""
"202400053201";"155 688 197";"B01";"1";"10";"0";"2";"2";"1";"1";""
"202400053201";"155 688 208";"A01";"1";"7";"0";"2";"3";"1";"1";""
"202400053202";"155 688 196";"A01";"1";"7";"0";"2";"5";"4";"1";""
"202400053202";"155 688 200";"B01";"2";"7";"0";"2";"3";"1";"1";""
"202400053203";"155 688 195";"A01";"3";"2";"0";"2";"8";"1";"1";""
"202400053203";"155 688 204";"B01";"3";"7";"0";"2";"1";"1";"1";""
"202400053204";"155 688 189";"A01";"1";"7";"0";"2";"3";"16";"1";""
"202400053204";"155 688 194";"B01";"1";"7";"0";"2";"1";"2";"3";""
"202400053205";"155 688 187";"A01";"0";"10";"15";"0";"2";"2";"1";""
"202400053206";"155 688 185";"A01";"3";"33";"1";"0";"1";"2";"1";""
"202400053206";"155 688 190";"B01";"3";"7";"0";"2";"3";"20";"1";""
"202400053207";"155 688 183";"B01";"1";"7";"0";"2";"4";"1";"3";""
"202400053207";"155 688 192";"A01";"1";"7";"0";"2";"1";"1";"1";""
"202400053208";"155 688 182";"A01";"1";"33";"0";"0";"0";"1";"1";""
"202400053209";"155 688 186";"A01";"1";"7";"0";"2";"1";"13";"1";""
"202400053209";"155 688 191";"B01";"2";"15";"0";"2";"1";"1";"1";""
"202400053210";"155 688 184";"A01";"1";"30";"0";"2";"1";"1";"1";""
"202400053210";"155 688 193";"B01";"2";"7";"0";"2";"1";"15";"1";""
"202400053211";"155 688 181";"B01";"1";"7";"0";"2";"4";"2";"1";""
"202400053211";"155 688 188";"A01";"1";"7";"0";"2";"1";"2";"1";""
"202400053212";"155 688 180";"A01";"2";"7";"0";"1";"2";"1";"1";""
"202400053213";"155 688 179";"A01";"2";"38";"13";"0";"3";"1";"1";"50"
"202400053214";"155 688 178";"A01";"0";"31";"0";"0";"0";"1";"1";""
"202400053215";"155 688 173";"A01";"2";"7";"0";"1";"3";"1";"1";""
"202400053216";"155 688 172";"A01";"1";"7";"7";"0";"2";"1";"1";""
"202400053217";"155 688 169";"A01";"1";"33";"16";"0";"1";"3";"1";""
"202400053217";"155 688 174";"B01";"1";"7";"0";"0";"0";"11";"1";""
"202400053218";"155 688 175";"A01";"3";"33";"12";"0";"1";"13";"1";""
"202400053219";"155 688 170";"A01";"1";"7";"0";"2";"3";"19";"1";""
"202400053219";"155 688 176";"B01";"2";"31";"0";"2";"1";"1";"1";""
"202400053220";"155 688 168";"A01";"1";"33";"0";"2";"1";"1";"1";""
"202400053220";"155 688 171";"B01";"2";"7";"0";"2";"2";"15";"1";""
"202400053221";"155 688 167";"B01";"2";"7";"0";"2";"3";"1";"1";""
"202400053221";"155 688 177";"A01";"2";"7";"0";"2";"7";"1";"1";""
"202400053222";"155 688 166";"A01";"3";"32";"9";"0";"7";"15";"1";""
"202400053223";"155 688 160";"B01";"1";"7";"0";"2";"5";"15";"1";""
"202400053223";"155 688 165";"A01";"1";"43";"0";"2";"5";"1";"1";""
"202400053224";"155 688 164";"A01";"0";"7";"0";"1";"1";"16";"0";""
"202400053225";"155 688 157";"A01";"2";"7";"0";"1";"2";"1";"1";""
"202400053226";"155 688 158";"B01";"0";"7";"0";"2";"5";"10";"0";""
"202400053226";"155 688 162";"A01";"0";"7";"0";"2";"1";"1";"1";""
"202400053227";"155 688 154";"A01";"1";"7";"0";"1";"1";"1";"2";""
"202400053228";"155 688 156";"B01";"2";"10";"0";"2";"4";"1";"1";""
"202400053228";"155 688 161";"A01";"2";"43";"0";"2";"1";"1";"1";""
"202400053229";"155 688 152";"A01";"1";"7";"0";"2";"1";"2";"2";""
"202400053229";"155 688 155";"B01";"1";"10";"0";"2";"4";"1";"1";""
"202400053230";"155 688 159";"A01";"2";"7";"0";"9";"3";"26";"0";""
"202400053230";"155 688 163";"B01";"1";"2";"0";"2";"1";"1";"0";""
"202400053231";"155 688 151";"A01";"1";"33";"0";"1";"0";"17";"1";""
"202400053232";"155 688 150";"A01";"3";"7";"0";"2";"3";"15";"1";""
"202400053232";"155 688 153";"B01";"3";"2";"0";"2";"1";"5";"1";""
"202400053233";"155 688 145";"A01";"0";"33";"14";"0";"1";"1";"1";""
"202400053234";"155 688 142";"B01";"1";"50";"0";"2";"1";"1";"3";""
"202400053234";"155 688 147";"A01";"1";"7";"0";"2";"2";"16";"1";""
"202400053235";"155 688 139";"A01";"0";"7";"0";"2";"1";"1";"1";""
"202400053235";"155 688 144";"B01";"0";"7";"0";"2";"4";"1";"1";""
"202400053235";"155 688 148";"C01";"0";"7";"0";"2";"4";"1";"1";""
"202400053236";"155 688 141";"A01";"1";"7";"4";"0";"2";"1";"1";""
"202400053237";"155 688 137";"A01";"1";"7";"0";"0";"2";"2";"1";""
"202400053237";"155 688 146";"B01";"1";"1";"0";"2";"4";"2";"5";""
"202400053238";"155 688 131";"A01";"2";"7";"0";"2";"3";"15";"1";""
"202400053238";"155 688 149";"B01";"1";"7";"0";"0";"3";"1";"1";""
"202400053239";"155 688 134";"A01";"2";"7";"0";"2";"2";"12";"1";""
"202400053239";"155 688 140";"B01";"2";"7";"0";"2";"3";"1";"1";""
"202400053239";"155 688 143";"C01";"2";"33";"0";"2";"1";"1";"1";""
"202400053240";"155 688 132";"A01";"2";"7";"0";"2";"1";"15";"1";""
"202400053240";"155 688 136";"B01";"2";"1";"0";"2";"4";"0";"5";""
"202400053241";"155 688 129";"A01";"1";"7";"0";"2";"1";"5";"1";""
"202400053241";"155 688 138";"B01";"2";"10";"0";"2";"1";"0";"1";""
"202400053242";"155 688 127";"A01";"2";"7";"0";"2";"1";"2";"1";""
"202400053242";"155 688 130";"B01";"2";"7";"0";"2";"4";"2";"1";""
"202400053242";"155 688 135";"D01";"2";"7";"0";"1";"1";"2";"1";""
"202400053243";"155 688 124";"A01";"2";"7";"0";"2";"1";"9";"3";""
"202400053243";"155 688 128";"B01";"2";"7";"0";"2";"4";"1";"2";""
"202400053244";"155 688 117";"A01";"1";"10";"0";"1";"6";"15";"1";""
"202400053245";"155 688 115";"C01";"1";"7";"0";"2";"0";"0";"0";""
"202400053245";"155 688 122";"A01";"2";"10";"0";"2";"1";"19";"6";""
"202400053245";"155 688 126";"B01";"2";"7";"0";"2";"0";"0";"0";""
"202400053246";"155 688 114";"A01";"2";"10";"0";"2";"7";"12";"1";""
"202400053246";"155 688 121";"B01";"2";"31";"0";"2";"8";"3";"0";""
"202400053247";"155 688 120";"A01";"1";"7";"6";"0";"1";"1";"1";""
"202400053248";"155 688 111";"A01";"0";"7";"0";"2";"1";"1";"1";""
"202400053248";"155 688 118";"B01";"0";"34";"0";"2";"5";"1";"1";""
"202400053249";"155 688 106";"A01";"1";"33";"0";"2";"1";"17";"1";""
"202400053249";"155 688 112";"B01";"1";"7";"0";"2";"1";"1";"1";""
"202400053249";"155 688 119";"C01";"1";"7";"0";"2";"6";"1";"1";""
"202400053249";"155 688 123";"D01";"1";"7";"0";"2";"5";"0";"3";""
"202400053250";"155 688 107";"B01";"2";"32";"0";"2";"4";"0";"0";""
"202400053250";"155 688 113";"A01";"2";"7";"0";"2";"1";"1";"1";""
"202400053251";"155 688 110";"B01";"1";"10";"0";"2";"1";"1";"1";""
"202400053251";"155 688 116";"A01";"2";"7";"0";"2";"2";"15";"0";""
"202400053252";"155 688 105";"A01";"1";"7";"8";"0";"1";"17";"1";""
"202400053253";"155 688 102";"B01";"1";"80";"0";"2";"7";"1";"5";""
"202400053253";"155 688 109";"A01";"1";"7";"0";"2";"1";"9";"3";""
"202400053254";"155 688 104";"A01";"2";"7";"3";"0";"0";"0";"1";""
"202400053255";"155 688 101";"A01";"2";"7";"2";"0";"3";"13";"1";""
"202400053256";"155 688 099";"B01";"3";"1";"0";"2";"0";"1";"6";""
"202400053256";"155 688 108";"A01";"3";"7";"0";"2";"3";"15";"1";""
"202400053257";"155 688 098";"B01";"1";"1";"0";"2";"1";"1";"5";""
"202400053257";"155 688 103";"A01";"1";"7";"0";"2";"3";"15";"1";""
"202400053258";"155 688 097";"A01";"3";"7";"0";"1";"4";"0";"3";""
"202400053259";"155 688 091";"B01";"1";"7";"0";"2";"6";"1";"2";""
"202400053259";"155 688 096";"A01";"1";"7";"0";"2";"1";"21";"1";""
"202400053260";"155 688 092";"A01";"1";"32";"0";"2";"1";"1";"1";""
"202400053260";"155 688 100";"B01";"1";"10";"0";"2";"2";"1";"3";""
"202400053261";"155 688 089";"A01";"2";"33";"14";"0";"0";"1";"1";""
"202400053262";"155 688 088";"B01";"1";"7";"0";"2";"6";"11";"1";""
"202400053262";"155 688 093";"A01";"1";"33";"0";"2";"1";"3";"1";""
"202400053263";"155 688 087";"A01";"1";"7";"0";"2";"1";"13";"1";""
"202400053263";"155 688 095";"B01";"2";"7";"0";"2";"1";"1";"1";""
"202400053264";"155 688 085";"A01";"3";"1";"0";"2";"1";"26";"5";""
"202400053265";"155 688 082";"A01";"2";"7";"0";"0";"4";"26";"2";""
"202400053265";"155 688 086";"B01";"2";"7";"0";"2";"1";"0";"1";""
"202400053265";"155 688 094";"C01";"2";"7";"0";"0";"0";"0";"1";""
"202400053266";"155 688 083";"A01";"1";"7";"3";"0";"0";"26";"1";""
"202400053267";"155 688 081";"Z01";"3";"7";"0";"1";"1";"1";"1";""
"202400053268";"155 688 080";"A01";"3";"7";"0";"2";"3";"15";"1";""
"202400053268";"155 688 090";"B01";"2";"7";"0";"2";"2";"0";"1";""
"202400053269";"155 688 078";"A01";"1";"10";"0";"1";"1";"15";"1";""
"202400053270";"155 688 077";"B01";"2";"1";"0";"2";"1";"1";"5";""
"202400053270";"155 688 084";"A01";"2";"10";"0";"2";"7";"16";"1";""
"202400053271";"155 688 075";"A01";"1";"7";"0";"2";"3";"0";"1";""
"202400053271";"155 688 079";"B01";"2";"7";"0";"2";"3";"21";"1";""
"202400053272";"155 688 072";"A01";"2";"7";"0";"2";"1";"2";"1";""
"202400053272";"155 688 076";"B01";"2";"10";"0";"2";"4";"2";"1";""
"202400053273";"155 688 074";"A01";"0";"7";"10";"0";"1";"13";"1";""
"202400053274";"155 688 069";"A01";"1";"7";"0";"1";"1";"2";"2";""
"202400053275";"155 688 070";"A01";"1";"1";"0";"2";"3";"17";"5";""
"202400053275";"155 688 073";"B01";"1";"7";"0";"2";"8";"20";"1";""
"202400053276";"155 688 068";"A01";"1";"7";"1";"0";"1";"1";"3";""
"202400053277";"155 688 067";"A01";"2";"7";"13";"0";"1";"1";"1";""
"202400053278";"155 688 060";"B01";"1";"7";"0";"2";"1";"19";"1";""
"202400053278";"155 688 065";"A01";"1";"33";"0";"2";"9";"0";"1";""
"202400053279";"155 688 059";"A01";"1";"7";"6";"0";"8";"1";"1";""
"202400053280";"155 688 054";"A01";"3";"7";"14";"0";"1";"26";"1";""
"202400053281";"155 688 055";"A01";"2";"10";"0";"2";"3";"2";"1";""
"202400053281";"155 688 062";"B01";"2";"7";"0";"2";"5";"2";"1";""
"202400053282";"155 688 057";"A01";"1";"7";"0";"2";"3";"19";"1";""
"202400053282";"155 688 063";"B01";"1";"7";"0";"2";"2";"1";"1";""
"202400053282";"155 688 071";"C01";"2";"7";"0";"2";"1";"1";"1";""
"202400053283";"155 688 061";"A01";"2";"33";"0";"2";"1";"1";"1";""
"202400053283";"155 688 066";"B01";"2";"30";"0";"2";"8";"1";"3";""
"202400053284";"155 688 053";"A01";"1";"7";"2";"0";"9";"1";"2";""
"202400053285";"155 688 058";"B01";"2";"1";"0";"2";"1";"1";"5";""
"202400053285";"155 688 064";"A01";"2";"10";"0";"9";"6";"10";"1";""
"202400053286";"155 688 049";"A01";"3";"7";"8";"0";"1";"1";"1";""
"202400053287";"155 688 051";"B01";"2";"2";"0";"2";"8";"19";"1";""
"202400053287";"155 688 056";"A01";"1";"7";"0";"2";"2";"1";"1";""
"202400053288";"155 688 047";"A01";"3";"7";"0";"0";"5";"16";"3";""
"202400053288";"155 688 052";"B01";"3";"7";"0";"0";"5";"26";"1";""
"202400053289";"155 688 042";"A01";"2";"30";"0";"2";"4";"1";"1";""
"202400053289";"155 688 048";"B01";"2";"0";"0";"2";"1";"1";"0";""
"202400053290";"155 688 040";"B01";"1";"7";"0";"2";"1";"1";"1";""
"202400053290";"155 688 046";"A01";"2";"7";"0";"2";"1";"15";"1";""
"202400053291";"155 688 036";"B01";"2";"7";"0";"2";"1";"1";"1";""
"202400053291";"155 688 044";"A01";"1";"7";"0";"2";"1";"13";"2";""
"202400053292";"155 688 035";"B01";"2";"31";"0";"2";"2";"17";"1";""
"202400053292";"155 688 039";"A01";"2";"7";"0";"2";"8";"15";"1";""
"202400053293";"155 688 032";"A01";"1";"15";"2";"0";"1";"1";"1";""
"202400053294";"155 688 034";"B01";"3";"7";"0";"2";"3";"1";"1";""
"202400053294";"155 688 043";"A01";"0";"7";"0";"2";"2";"26";"1";""
"202400053295";"155 688 030";"A01";"3";"37";"0";"1";"1";"1";"6";"1"
"202400053296";"155 688 031";"B01";"1";"7";"0";"2";"4";"2";"1";""
"202400053296";"155 688 038";"C01";"1";"10";"0";"2";"3";"11";"1";""
"202400053296";"155 688 041";"D01";"1";"10";"0";"2";"8";"2";"1";""
"202400053296";"155 688 050";"A01";"1";"7";"0";"2";"1";"2";"2";""
"202400053297";"155 688 027";"A01";"2";"7";"0";"9";"2";"1";"1";""
"202400053297";"155 688 033";"B01";"2";"1";"0";"2";"4";"1";"5";""
"202400053298";"155 688 025";"A01";"2";"7";"0";"2";"1";"2";"1";""
"202400053298";"155 688 029";"B01";"2";"10";"0";"2";"4";"2";"1";""
"202400053298";"155 688 037";"C01";"2";"7";"0";"2";"4";"2";"1";""
"202400053299";"155 688 024";"A01";"2";"7";"1";"0";"1";"2";"2";""
"202400053299";"155 688 028";"B01";"2";"7";"1";"0";"6";"24";"1";""
"202400053300";"155 688 023";"A01";"1";"7";"2";"0";"5";"0";"1";""
"202400053301";"155 688 022";"A01";"1";"7";"0";"2";"1";"13";"1";""
"202400053301";"155 688 026";"B01";"2";"7";"0";"2";"1";"1";"1";""
"202400053302";"155 688 020";"A01";"1";"7";"4";"0";"2";"1";"1";""
"202400053303";"155 688 017";"A01";"1";"37";"0";"1";"2";"16";"2";"1"
"202400053304";"155 688 019";"A01";"2";"30";"12";"0";"1";"13";"1";""
"202400053305";"155 688 013";"A01";"2";"1";"0";"2";"1";"25";"5";""
"202400053305";"155 688 018";"B01";"1";"7";"0";"2";"6";"4";"1";""
"202400053306";"155 688 012";"A01";"2";"7";"0";"2";"1";"2";"0";""
"202400053306";"155 688 016";"B01";"2";"1";"0";"2";"4";"2";"5";""
"202400053307";"155 688 011";"A01";"2";"7";"0";"0";"9";"1";"1";""
"202400053308";"155 688 007";"A01";"1";"7";"0";"2";"5";"15";"1";""
"202400053308";"155 688 015";"B01";"1";"7";"0";"2";"5";"2";"1";""
"202400053308";"155 688 021";"C01";"1";"7";"0";"2";"2";"2";"1";""
"202400053309";"155 688 009";"A01";"1";"7";"0";"1";"8";"15";"2";""
"202400053310";"155 688 005";"A01";"2";"17";"0";"2";"4";"2";"1";""
"202400053310";"155 688 008";"B01";"2";"17";"0";"2";"1";"2";"1";""
"202400053311";"155 688 006";"A01";"1";"7";"0";"2";"2";"20";"1";""
"202400053311";"155 688 010";"B01";"1";"7";"0";"2";"4";"1";"1";""
"202400053312";"155 688 004";"B01";"2";"30";"0";"2";"1";"1";"1";""
"202400053312";"155 688 014";"A01";"3";"7";"0";"2";"2";"1";"1";""
"202400053313";"155 688 001";"A01";"1";"7";"0";"0";"9";"0";"1";""
"202400053314";"155 688 000";"A01";"1";"33";"13";"0";"0";"17";"1";""
"202400053315";"155 687 998";"A01";"2";"80";"0";"1";"1";"2";"3";""
"202400053316";"155 687 999";"A01";"0";"30";"0";"0";"0";"1";"1";""
"202400053317";"155 687 995";"B01";"2";"7";"0";"2";"1";"1";"1";""
"202400053317";"155 688 002";"A01";"1";"7";"0";"2";"1";"13";"1";""
"202400053318";"155 687 993";"A01";"3";"30";"0";"0";"7";"1";"1";""
"202400053319";"155 687 994";"B01";"2";"33";"0";"2";"0";"0";"1";""
"202400053319";"155 688 003";"A01";"2";"7";"0";"2";"2";"12";"1";""
"202400053320";"155 687 991";"A01";"1";"7";"0";"2";"2";"15";"1";""
"202400053320";"155 687 997";"B01";"2";"7";"0";"2";"1";"1";"1";""
"202400053321";"155 687 992";"A01";"1";"7";"0";"2";"1";"17";"1";""
"202400053321";"155 687 996";"B01";"2";"7";"0";"2";"1";"1";"1";""
"202400053322";"155 687 990";"A01";"1";"33";"0";"0";"8";"2";"1";""
"202400053323";"155 687 986";"B01";"1";"7";"8";"2";"4";"15";"1";""
"202400053323";"155 687 989";"A01";"1";"7";"0";"2";"1";"1";"1";""
"202400053324";"155 687 983";"B01";"3";"7";"0";"2";"0";"1";"2";""
"202400053324";"155 687 987";"A01";"3";"1";"0";"2";"1";"9";"5";""
"202400053325";"155 687 980";"A01";"2";"7";"0";"2";"2";"1";"1";""
"202400053325";"155 687 988";"B01";"1";"7";"0";"2";"1";"9";"1";""
"202400053326";"155 687 979";"A01";"1";"2";"0";"2";"3";"18";"3";""
"202400053326";"155 687 985";"B01";"1";"7";"0";"2";"5";"1";"2";""
"202400053327";"155 687 977";"A01";"3";"2";"0";"1";"1";"13";"1";""
"202400053328";"155 687 974";"A01";"3";"33";"0";"0";"0";"26";"1";""
"202400053329";"155 687 976";"B01";"0";"1";"0";"2";"1";"1";"5";""
"202400053329";"155 687 984";"A01";"0";"7";"0";"9";"5";"26";"1";""
"202400053330";"155 687 975";"A01";"2";"7";"0";"2";"1";"19";"1";""
"202400053330";"155 687 981";"B01";"1";"1";"0";"2";"7";"1";"5";""
"202400053331";"155 687 972";"B01";"2";"50";"0";"2";"1";"1";"3";""
"202400053331";"155 687 978";"A01";"1";"80";"0";"2";"1";"1";"3";""
"202400053332";"155 687 973";"A01";"0";"50";"0";"2";"7";"19";"3";""
"202400053332";"155 687 982";"B01";"0";"7";"0";"2";"1";"1";"1";""
"202400053333";"155 687 970";"A01";"0";"1";"0";"0";"0";"1";"5";""
"202400053334";"155 687 969";"B01";"2";"32";"0";"2";"3";"26";"1";""
"202400053334";"155 687 971";"A01";"1";"7";"0";"2";"2";"1";"0";""
"202400053335";"155 687 968";"A01";"1";"33";"0";"0";"1";"26";"1";""
"202400053336";"155 687 966";"A01";"1";"7";"13";"0";"0";"12";"1";""
"202400053337";"155 687 965";"A01";"3";"2";"12";"0";"8";"17";"1";""
"202400053338";"155 687 962";"A01";"1";"7";"16";"0";"1";"16";"1";""
"202400053339";"155 687 963";"A01";"1";"33";"0";"0";"8";"0";"1";""
"202400053340";"155 687 961";"A01";"2";"7";"0";"1";"2";"1";"1";""
"202400053341";"155 687 960";"A01";"3";"7";"6";"0";"1";"14";"1";""
"202400053342";"155 687 959";"A01";"2";"32";"0";"2";"1";"5";"1";""
"202400053342";"155 687 967";"B01";"1";"21";"0";"2";"1";"0";"1";""
"202400053343";"155 687 958";"A01";"1";"7";"0";"2";"3";"16";"1";""
"202400053343";"155 687 964";"B01";"1";"50";"0";"2";"1";"1";"3";""
"202400053344";"155 687 955";"A01";"1";"7";"2";"0";"0";"0";"1";""
"202400053345";"155 687 954";"A01";"3";"10";"1";"2";"3";"20";"1";""
"202400053345";"155 687 957";"B01";"3";"7";"0";"0";"0";"0";"1";""
"202400053346";"155 687 950";"A01";"3";"50";"1";"0";"9";"1";"3";""
"202400053347";"155 687 948";"A01";"2";"1";"0";"0";"9";"0";"5";""
"202400053348";"155 687 951";"B01";"1";"7";"13";"2";"2";"13";"1";""
"202400053348";"155 687 956";"A01";"2";"10";"0";"2";"8";"1";"1";""
"202400053349";"155 687 946";"A01";"2";"7";"0";"2";"3";"15";"1";""
"202400053349";"155 687 953";"B01";"1";"1";"0";"2";"1";"1";"5";""
"202400053350";"155 687 952";"A01";"1";"7";"12";"0";"2";"26";"1";""
"202400053351";"155 687 943";"A01";"3";"36";"2";"0";"9";"0";"1";""
"202400053352";"155 687 941";"A01";"3";"1";"0";"2";"1";"1";"5";""
"202400053352";"155 687 947";"B01";"3";"7";"0";"2";"4";"1";"1";""
"202400053353";"155 687 939";"A01";"3";"30";"0";"2";"1";"13";"1";""
"202400053353";"155 687 945";"B01";"3";"7";"0";"2";"1";"1";"1";""
"202400053354";"155 687 938";"A01";"1";"33";"0";"6";"1";"1";"1";""
"202400053355";"155 687 940";"A01";"1";"7";"0";"2";"1";"1";"1";""
"202400053355";"155 687 944";"B01";"1";"7";"0";"2";"4";"23";"1";""
"202400053355";"155 687 949";"C01";"1";"7";"0";"2";"4";"23";"1";""
"202400053356";"155 687 933";"A01";"2";"7";"0";"2";"1";"5";"1";""
"202400053356";"155 687 937";"B01";"1";"20";"0";"2";"3";"1";"1";""
"202400053357";"155 687 932";"A01";"3";"7";"9";"0";"0";"13";"1";""
"202400053358";"155 687 929";"A01";"1";"7";"0";"1";"1";"1";"1";""
"202400053359";"155 687 928";"A01";"1";"7";"13";"0";"1";"1";"1";""
"202400053360";"155 687 931";"A01";"2";"50";"0";"2";"7";"13";"3";""
"202400053360";"155 687 935";"B01";"2";"7";"0";"2";"3";"15";"1";""
"202400053361";"155 687 926";"B01";"1";"30";"0";"2";"1";"1";"1";""
"202400053361";"155 687 934";"A01";"1";"10";"0";"2";"1";"15";"1";""
"202400053362";"155 687 927";"A01";"2";"7";"0";"2";"7";"1";"0";""
"202400053362";"155 687 936";"B01";"2";"7";"0";"2";"3";"1";"1";""
"202400053363";"155 687 930";"Z01";"3";"0";"0";"1";"0";"0";"6";""
"202400053364";"155 687 924";"A01";"1";"7";"0";"2";"8";"13";"1";""
"202400053364";"155 687 925";"B01";"1";"30";"0";"2";"5";"1";"1";""
"202400053365";"155 687 923";"A01";"1";"7";"2";"0";"1";"26";"1";""
"202400053366";"155 687 918";"A01";"3";"7";"2";"0";"1";"0";"1";""
"202400053367";"155 687 917";"A01";"1";"7";"0";"2";"1";"13";"1";""
"202400053367";"155 687 922";"B01";"2";"7";"0";"2";"3";"1";"1";""
"202400053368";"155 687 916";"A01";"0";"0";"0";"1";"1";"26";"0";""
"202400053369";"155 687 915";"A01";"0";"7";"0";"0";"1";"21";"1";""
"202400053370";"155 687 913";"B01";"1";"33";"0";"2";"3";"1";"1";""
"202400053370";"155 687 920";"A01";"2";"7";"0";"9";"1";"15";"2";""
"202400053371";"155 687 912";"B01";"2";"7";"0";"2";"1";"1";"1";""
"202400053371";"155 687 921";"A01";"3";"7";"0";"2";"3";"19";"1";""
"202400053372";"155 687 911";"A01";"2";"7";"14";"0";"2";"1";"1";""
"202400053373";"155 687 909";"A01";"3";"31";"0";"2";"7";"0";"1";""
"202400053373";"155 687 914";"B01";"3";"7";"0";"2";"1";"9";"1";""
"202400053374";"155 687 910";"B01";"0";"7";"0";"2";"7";"1";"2";""
"202400053374";"155 687 919";"A01";"0";"7";"0";"2";"1";"15";"1";""
"202400053375";"155 687 905";"A01";"3";"7";"0";"0";"0";"1";"0";""
"202400053376";"155 687 902";"A01";"2";"7";"0";"2";"1";"2";"2";""
"202400053376";"155 687 906";"B01";"2";"15";"0";"0";"4";"2";"1";""
"202400053377";"155 687 903";"A01";"3";"7";"0";"1";"1";"20";"1";""
"202400053378";"155 687 901";"A01";"3";"7";"0";"1";"1";"15";"1";""
"202400053379";"155 687 900";"A01";"0";"7";"0";"0";"4";"2";"1";""
"202400053379";"155 687 904";"B01";"0";"7";"0";"2";"1";"2";"2";""
"202400053379";"155 687 908";"C01";"3";"7";"0";"2";"1";"2";"1";""
"202400053380";"155 687 899";"A01";"2";"7";"0";"1";"1";"1";"1";""
"202400053381";"155 687 897";"B01";"1";"7";"15";"0";"5";"23";"1";""
"202400053381";"155 687 907";"A01";"1";"10";"0";"2";"3";"2";"1";""
"202400053382";"155 687 895";"A01";"3";"1";"0";"0";"1";"1";"5";""
"202400053383";"155 687 893";"A01";"1";"7";"0";"2";"1";"1";"1";""
"202400053383";"155 687 898";"B01";"2";"7";"0";"2";"3";"1";"1";""
"202400053384";"155 687 892";"A01";"2";"7";"8";"0";"0";"0";"1";""
"202400053385";"155 687 889";"A01";"2";"7";"0";"2";"7";"15";"1";""
"202400053385";"155 687 896";"B01";"1";"3";"0";"2";"1";"1";"1";""
"202400053386";"155 687 886";"A01";"3";"7";"0";"1";"1";"1";"1";""